model,training_percentage,training_samples,repeat,source_row_index,actual_f1,predicted_f1,error_f1,actual_f2,predicted_f2,error_f2,actual_f3,predicted_f3,error_f3,actual_f4,predicted_f4,error_f4,actual_peak_displacement,predicted_peak_displacement,error_peak_displacement,actual_rms_displacement,predicted_rms_displacement,error_rms_displacement
physics_guided_NN,75,2625,3,0,6.186700893706153,5.8351727,0.35152824050791054,24.74680357482461,23.175106,1.5716975262406265,55.680308043355375,52.737915,2.9423930042928745,98.98721429929844,91.8174,7.169816228009381,0.0035537163708347,0.0048414622,-0.0012877458725136601,0.0018668367173623,0.002253901,-0.00038706426321457287
physics_guided_NN,75,2625,3,1,9.903250120774487,9.554373,0.34887733329890125,39.61300048309796,38.568394,1.0446067758225723,89.12925108697041,85.2898,3.839448535700882,158.45200193239182,152.00455,6.447454813251198,0.0061209173382417,0.008981077,-0.0028601596622570714,0.0029278196685243,0.0041479296,-0.0012201099365722785
physics_guided_NN,75,2625,3,2,4.639680631888204,4.4188857,0.22079492403297962,18.558722527552817,17.873865,0.6848573999893404,41.75712568699384,40.74687,1.0102575534489162,74.23489011021127,70.06015,4.174739963726893,0.0053186435933173,0.00497489,0.0003437535586715045,0.002820590054376,0.0020896203,0.0007309697193484243
physics_guided_NN,75,2625,3,3,6.806357768124741,6.8079023,-0.0015445679958645542,27.225431072498964,26.484583,0.7408481714979871,61.25721991312268,60.32774,0.9294801975465106,108.90172428999584,105.4631,3.4386276713434967,0.0066459270300925,0.009827779,-0.0031818516445696133,0.0033518613871852,0.004530462,-0.001178600583531515
physics_guided_NN,75,2625,3,4,15.868402634520177,15.472319,0.39608398522818433,63.47361053808071,62.42589,1.04771866186001,142.8156237106816,139.83945,2.9761766891972172,253.8944421523228,250.22166,3.6727777236118584,0.0002914181937687,0.0025295462,-0.0022381279590316214,0.000185351405424,0.0013038133,-0.0011184618983967889
physics_guided_NN,75,2625,3,5,12.643611494404144,12.555732,0.08787972102767938,50.57444597761658,51.063755,-0.48930905778381373,113.79250344963732,112.93801,0.8544922802037291,202.2977839104663,204.08963,-1.7918462164868174,0.0012559713638756,0.0013775023,-0.00012153097601648932,0.0006072123145144,0.0008632691,-0.0002560567733440981
physics_guided_NN,75,2625,3,6,9.45972756115158,9.283542,0.1761858817692552,37.83891024460632,37.36867,0.47023882736998956,85.13754805036422,84.62212,0.5154243321024978,151.35564097842527,149.12064,2.2350049920971458,0.0052110600853599,0.0075178477,-0.002306787612821968,0.0024767616399103,0.0031210554,-0.0006442937898910447
physics_guided_NN,75,2625,3,7,7.027557013460982,7.015723,0.011833785006392539,28.11022805384393,28.256355,-0.14612723180060172,63.24801312114885,63.44174,-0.19372500751325816,112.44091221537572,112.91926,-0.47834590230006313,0.0003562779189139,0.00074086006,-0.00038458214606574263,0.0001601930054747,-6.8716145e-05,0.00022890915007139218
physics_guided_NN,75,2625,3,8,5.496248478891723,4.8788724,0.6173760843299556,21.984993915566893,19.604399,2.3805951881499006,49.46623631002551,44.2485,5.217735486050898,87.93997566226757,78.323746,9.616229934728509,0.0052667846196957,0.0035296567,0.0017371279412575135,0.0027349370426037,0.0016785067,0.0010564303152733132
physics_guided_NN,75,2625,3,9,8.258353189123369,8.400021,-0.14166741024186535,33.03341275649348,33.667538,-0.6341249327155012,74.32517870211032,75.04554,-0.7203611538467101,132.1336510259739,135.4506,-3.316956273830783,0.0008322962233817,0.0016894875,-0.0008571912627646904,0.00035169445793,0.00071334525,-0.00036165078752818566
physics_guided_NN,75,2625,3,10,1.929974717044784,1.6906908,0.23928396120066786,7.719898868179136,6.4658117,1.254087138747984,17.369772453403055,14.68073,2.689042587375223,30.879595472716545,24.423992,6.455603315734123,0.0234900632577201,0.026138214,-0.002648151136730087,0.0119642960333229,0.0131033305,-0.0011390344745515896
physics_guided_NN,75,2625,3,11,4.927304670559308,4.8037744,0.12353031371726697,19.709218682237232,19.339386,0.36983269590910695,44.34574203503377,43.275703,1.0700386048579915,78.83687472894893,77.39268,1.4441974218200215,0.0003189917155481,0.00046451567,-0.00014552395768137083,0.0001180333771677,-6.72788e-07,0.00011870616518677378
physics_guided_NN,75,2625,3,12,15.472698554740608,15.480317,-0.007618561043083005,61.89079421896243,62.533577,-0.6427827463696048,139.25428699266547,139.30827,-0.05398632276421722,247.5631768758497,249.38142,-1.8182470743456065,0.0006305740513392,-0.00015171812,0.0007822921739910005,0.0002503300297083,-0.0003448398,0.0005951698207771073
physics_guided_NN,75,2625,3,13,3.240174949311588,3.280042,-0.03986698374810427,12.960699797246352,12.9068575,0.05384230670680168,29.16157454380429,30.169474,-1.0078991042670005,51.84279918898541,51.779316,0.06348324049908172,0.0216719214517747,0.023159413,-0.0014874912153805646,0.0102374025954442,0.011777389,-0.0015399862678213139
physics_guided_NN,75,2625,3,14,7.256315136126632,7.4041457,-0.14783058149421802,29.02526054450653,29.17062,-0.14535942009307945,65.30683622513969,65.306755,8.11592217218049e-05,116.10104217802612,115.82129,0.2797531155261197,0.0032415115549485,0.0030456427,0.00019586880647342502,0.0012703612274022,0.00075559376,0.0005147674646691577
physics_guided_NN,75,2625,3,15,4.442000092457506,3.9736116,0.46838849921104586,17.768000369830023,16.138134,1.6298663671444764,39.97800083211755,35.935856,4.042144966639036,71.0720014793201,64.04551,7.026492140941187,0.0026040336139117,0.0038897265,-0.001285692860969472,0.001408026651636,0.0018035431,-0.0003955164177638932
physics_guided_NN,75,2625,3,16,12.033025442877864,12.206932,-0.1739066249932293,48.13210177151145,49.1396,-1.0074970749240961,108.29722898590076,109.12897,-0.8317382992554911,192.5284070860458,192.27245,0.2559614073348655,0.0001476335873221,0.0006330539,-0.0004854203017103533,4.904790280904922e-05,0.00012068157,-7.163366948900443e-05
physics_guided_NN,75,2625,3,17,3.7933805119604735,3.9071677,-0.11378716115048837,15.173522047841894,15.347947,-0.17442507282460973,34.14042460764426,35.967503,-1.8270779863498774,60.69408819136758,61.238194,-0.5441053205953139,0.0039353939566326,0.0036632149,0.0002721791017365315,0.0016935033868195,0.0007892536,0.0009042497635947052
physics_guided_NN,75,2625,3,18,2.4501347258980446,2.5058262,-0.055691508919460286,9.800538903592178,9.671529,0.12901008736903385,22.051212533082406,23.275095,-1.2238824528795078,39.20215561436871,37.992626,1.2095294241831667,0.0191874611705435,0.020206556,-0.001019094553600483,0.011834558380617,0.011190437,0.0006441216001642717
physics_guided_NN,75,2625,3,19,3.251164306111213,3.074529,0.17663537353980185,13.004657224444854,11.755734,1.248922780780303,29.26047875500092,28.629053,0.6314256391561948,52.018628897779415,51.922413,0.09621602546496177,0.0430041175307428,0.04075479,0.002249326181570206,0.0236641386342238,0.021689443,0.0019746957165192175
physics_guided_NN,75,2625,3,20,4.237986580249869,3.9987957,0.23919083249291084,16.951946320999475,15.476596,1.4753504423984012,38.141879222248825,36.2417,1.900180003498825,67.8077852839979,63.673046,4.134739171937355,0.0047768707120056,0.004723071,5.37995913262217e-05,0.0019492283195955,0.0014904436,0.0004587847239104351
physics_guided_NN,75,2625,3,21,40.64406666890176,39.900154,0.7439125551322263,162.57626667560703,159.37213,3.2041353279507803,365.7966000201158,359.10004,6.696563399022068,650.3050667024281,635.4676,14.837476370396871,1.5505257108330758e-05,0.0012248209,-0.0012093155942400097,9.130186019217458e-06,-0.00036628582,0.0003754160076749826
physics_guided_NN,75,2625,3,22,2.902183163048412,2.9347365,-0.03255332720122173,11.608732652193648,11.598666,0.01006646109257403,26.119648467435702,25.715391,0.40425730837808516,46.43493060877459,45.64773,0.7871988277687336,0.0097184221669327,0.012143563,-0.0024251403809298303,0.0050084951975183,0.006311889,-0.0013033936090035923
physics_guided_NN,75,2625,3,23,5.142201232783284,5.0227046,0.11949663149544243,20.568804931133137,20.535442,0.03336257883821503,46.27981109504956,46.11886,0.16095275764721606,82.27521972453255,82.06322,0.21200256144661012,0.0011226691117699,0.00085672777,0.0002659413426371964,0.0005077374228269,8.345428e-05,0.00042428314214266354
physics_guided_NN,75,2625,3,24,2.1600466311698385,1.9860518,0.17399483330301724,8.640186524679354,7.8818064,0.7583801510831627,19.440419680528542,18.740026,0.7003932065295189,34.560746098717416,30.367031,4.193715001305307,0.0278291828382865,0.028707534,-0.000878351236496825,0.0158586446318918,0.014650973,0.0012076720718436976
physics_guided_NN,75,2625,3,25,15.039436223097557,14.836403,0.20303333003115043,60.15774489239022,59.27417,0.8835749705152196,135.35492600787802,133.00792,2.3470066963545833,240.63097956956088,237.58627,3.0447063762015034,3.13657136574224e-05,0.00032150876,-0.0002901430499334052,1.738559044836718e-05,5.5617184e-06,1.1823872094947617e-05
physics_guided_NN,75,2625,3,26,12.689187530339115,12.483472,0.205715659916752,50.75675012135647,50.407063,0.3496875908388901,114.20268777305203,112.40511,1.7975745528371903,203.02700048542587,200.48764,2.539360104566498,0.0009588654445881,0.0015595014,-0.0006006359528353462,0.0004114017392586,0.00076477195,-0.00035337020744727777
physics_guided_NN,75,2625,3,27,8.035770564195651,7.3803,0.6554705191822237,32.143082256782606,30.101322,2.04176008271034,72.32193507776086,67.132164,5.189771076296012,128.57232902713042,120.65881,7.913515550567922,0.0005528791614672,0.0010557378,-0.0005028586794758385,0.0002125299899266,5.9872025e-05,0.00015265796462282457
physics_guided_NN,75,2625,3,28,30.800036447357083,30.355436,0.44460012228384116,123.20014578942832,121.53274,1.6674080574947254,277.2003280262137,272.13098,5.069346580901197,492.8005831577133,483.00018,9.800400052244527,5.210402567520608e-05,-0.0005439781,0.0005960821491351711,1.614234783510892e-05,-0.00038975934,0.00040590168932276994
physics_guided_NN,75,2625,3,29,6.95030101364309,6.9627934,-0.012492336576636731,27.80120405457236,27.336031,0.4651730944893515,62.55270912278782,61.99757,0.5551390849460205,111.20481621828944,110.776924,0.42789208498865605,0.0016745240663364,0.0022876905,-0.0006131664614007406,0.000820124024276,0.0007083436,0.00011178044670478678
physics_guided_NN,75,2625,3,30,14.6619414403532,14.559532,0.10240927482585604,58.6477657614128,57.732132,0.9156338034049867,131.95747296317882,130.77621,1.181258363569441,234.5910630456512,232.46538,2.125685238034009,0.0003207644041915,0.0010737682,-0.0007530038417960941,0.0001060963068559,0.00045052994,-0.00034443363706290926
physics_guided_NN,75,2625,3,31,3.749525168065405,3.393607,0.3559182668965817,14.99810067226162,13.6935835,1.3045171837972642,33.74572651258865,31.921946,1.8237809406892325,59.992402689046486,58.18716,1.8052421971031265,0.0610179422162491,0.061235186,-0.0002172434963268119,0.0331257359560026,0.032991845,0.00013389079527986736
physics_guided_NN,75,2625,3,32,2.068929461665606,2.1896055,-0.12067601280643991,8.275717846662424,8.30833,-0.03261173555193153,18.620365154990456,20.761755,-2.141389834633568,33.102871386649696,33.45342,-0.3505473450397574,0.0161139002143161,0.015166757,0.000947143517317027,0.0089729294159271,0.0077652032,0.001207726167217659
physics_guided_NN,75,2625,3,33,11.856180485244336,12.082514,-0.22633332395976602,47.42472194097735,48.71096,-1.2862384472062445,106.70562436719904,108.69391,-1.9882843242072141,189.6988877639094,192.23196,-2.533076347418728,0.0002760859269495,5.5206856e-05,0.0002208790710449562,0.0001023009876367,-0.00020098119,0.00030328217457237813
physics_guided_NN,75,2625,3,34,7.749130820433567,7.673152,0.07597885052389941,30.99652328173427,30.252466,0.744057079952043,69.74217738390212,68.65042,1.091756241323992,123.98609312693708,120.26851,3.7175842158042656,0.0008412893334205,0.0012059308,-0.00036464150214691473,0.0004622929601314,0.0004775234,-1.5230437290064322e-05
physics_guided_NN,75,2625,3,35,6.635803980157069,6.3306136,0.3051903670284073,26.54321592062828,25.016283,1.5269328853499609,59.722235821413626,57.480503,2.241732739138236,106.17286368251312,101.61576,4.557102879290468,0.0010605453856659,0.0013836337,-0.00032308831639617035,0.0005151382196758,0.0004697543,4.5383915171777955e-05
physics_guided_NN,75,2625,3,36,10.61488749918763,10.008735,0.6061527961236646,42.45954999675052,40.60815,1.8513995145727833,95.53398749268868,90.18165,5.3523392382941495,169.83819998700207,162.27269,7.565510167666133,0.0002930875378121,0.0003411038,-4.801625274863724e-05,0.0001548547260525,4.012589e-05,0.00011472883480636559
physics_guided_NN,75,2625,3,37,3.2355863041003987,3.3939965,-0.15841017302667648,12.942345216401597,13.379119,-0.43677370297096196,29.120276736903588,31.278875,-2.158598614048561,51.76938086560638,52.282665,-0.5132843870791675,0.0150253291618152,0.016324475,-0.0012991462457852022,0.0074359097671304,0.007466199,-3.0289109369729603e-05
physics_guided_NN,75,2625,3,38,13.904540915174742,14.077357,-0.17281637700055086,55.61816366069897,55.699272,-0.08110849506275031,125.14086823657269,125.29866,-0.1577920417476264,222.47265464279587,222.87161,-0.39895790603225123,0.0009457456538146,0.0005562575,0.00038948815862365177,0.0005292154861014,-2.2053859e-05,0.0005512693447304786
physics_guided_NN,75,2625,3,39,10.343716525408988,9.939261,0.40445508894658566,41.37486610163595,40.085484,1.2893825506105614,93.09344872868093,89.66556,3.427890867352801,165.4994644065438,160.15388,5.345579518848496,0.0001568621964532,0.00080759864,-0.0006507364442233878,6.356414461408556e-05,0.00040239826,-0.0003388341173260212
physics_guided_NN,75,2625,3,40,6.429676602503863,6.1804214,0.2492552501173888,25.718706410015454,24.937416,0.7812903333552974,57.86708942253479,55.363132,2.5039569457281488,102.8748256400618,101.23893,1.6358958915266442,0.0001118182888483,0.0003620646,-0.0002502463132380205,5.621150812716693e-05,-1.6096887e-05,7.230839473836129e-05
physics_guided_NN,75,2625,3,41,2.479684200489037,2.3636773,0.11600693722914945,9.918736801956149,9.357135,0.5616019829253869,22.317157804401337,21.602392,0.7147656077460631,39.674947207824594,36.22028,3.4546675142210788,0.0290887915426202,0.027813112,0.0012756791794009403,0.0131539099371442,0.013815285,-0.0006613747695079653
physics_guided_NN,75,2625,3,42,11.698263912526665,11.518966,0.17929819139629366,46.79305565010665,46.52555,0.26750480782149566,105.28437521273996,104.244545,1.0398302298298034,187.1722226004266,186.96815,0.20406769320004514,0.0005724970021776,-0.00028316313,0.00085566013036548,0.0003085021973515,-0.00037455317,0.0006830553695021267
physics_guided_NN,75,2625,3,43,11.179834604337966,11.091398,0.08843636520222375,44.71933841735186,44.66116,0.05817890197099729,100.6185114390417,99.05098,1.5675318247838845,178.87735366940746,178.55304,0.3243141186262051,0.000422215415964,0.00080706313,-0.00038484771423218393,0.0001402285004203,0.00027487995,-0.00013465144478894985
physics_guided_NN,75,2625,3,44,17.368906728179066,17.556822,-0.18791509494105085,69.47562691271627,69.71864,-0.24301627576029716,156.3201605536116,158.26799,-1.947829558693087,277.90250765086506,281.5815,-3.6790048003068136,0.00020018114613,0.0007966081,-0.0005964269568435505,6.875846152524547e-05,-2.3460073e-07,6.89930622587518e-05
physics_guided_NN,75,2625,3,45,2.9830500021364865,3.052992,-0.06994210334752227,11.932200008545946,11.632318,0.29988246551616093,26.84745001922838,26.759207,0.08824324737779321,47.72880003418378,48.616543,-0.8877427819783321,0.0115029720158564,0.011622056,-0.00011908434915672284,0.005130794793116,0.004848477,0.00028231782813563627
physics_guided_NN,75,2625,3,46,4.720890989769187,4.558763,0.1621279625780252,18.88356395907675,18.36198,0.5215835208443274,42.48801890792269,41.12485,1.363167681116046,75.534255836307,72.97687,2.557388160525747,0.005784865705416,0.0077974014,-0.002012535693004334,0.002787491657286,0.0028885938,-0.00010110216543166668
physics_guided_NN,75,2625,3,47,5.062766237591458,5.0896864,-0.026920156146334584,20.25106495036584,20.527636,-0.27657062397497967,45.564896138323135,46.143795,-0.5788988751045991,81.00425980146333,82.24069,-1.2364323372085408,0.0017031670636135,0.0020822221,-0.0003790550777119737,0.0006777865621889,0.00071777764,-3.9991080232524364e-05
physics_guided_NN,75,2625,3,48,2.055085973228175,1.3778474,0.677238540137965,8.2203438929127,6.426154,1.7941897562549851,18.495773759053574,15.642293,2.853480782674179,32.8813755716508,27.716953,5.164422294062909,0.0967923034095716,0.10300661,-0.006214305374627166,0.0451798347561757,0.052432638,-0.00725280290551978
physics_guided_NN,75,2625,3,49,2.477903044160504,2.2129076,0.2649954914413879,9.911612176642016,9.365428,0.546184205755786,22.30112739744453,20.742643,1.5584840411212895,39.64644870656806,36.321926,3.3245225896246993,0.019232999656255,0.018984402,0.00024859805768226786,0.0104579709025528,0.010046758,0.0004112131448890735
physics_guided_NN,75,2625,3,50,5.955595748421161,5.6114154,0.34418036222121007,23.822382993684645,22.557684,1.2646990489824965,53.60036173579046,51.79853,1.8018311571771761,95.28953197473858,91.90478,3.384754447883111,0.0047688682137197,0.003957266,0.0008116022257274131,0.0023862163284903,0.0013801683,0.001006048077728374
physics_guided_NN,75,2625,3,51,5.581267560649692,5.454896,0.12637158744412602,22.32507024259877,21.741337,0.5837334200890041,50.231408045847225,49.7367,0.4947098952124591,89.30028097039506,87.853134,1.4471468151216271,0.0043352635247097,0.0040918747,0.0002433888283953651,0.0025104112520067,0.0020336309,0.00047678040035050145
physics_guided_NN,75,2625,3,52,5.211641771009218,5.16808,0.04356191795135711,20.84656708403688,21.00948,-0.16291243866819727,46.90477593908296,46.90453,0.0002463675497565987,83.3862683361475,82.10589,1.2803799694482763,0.0001961528363204,0.00067881396,-0.00048266112175449755,7.552146715998147e-05,-0.00020159586,0.0002771173269949058
physics_guided_NN,75,2625,3,53,13.334704767371436,13.066198,0.2685064183724126,53.338819069485744,53.06719,0.2716308065462911,120.01234290634292,118.60946,1.402883983003079,213.35527627794292,211.939,1.4162809166147952,0.001803498916345,0.0014828871,0.0003206118391997216,0.0007689441868172,0.000488123,0.00028082117434339324
physics_guided_NN,75,2625,3,54,1.589547070487722,1.1792324,0.4103147115552268,6.358188281950889,5.126216,1.2319723471974706,14.3059236343895,12.161283,2.144641095021825,25.432753127803554,20.041683,5.39106993078207,0.0131680829387649,0.027361542,-0.014193459047700554,0.0071448756216065,0.0146110095,-0.007466133886764853
physics_guided_NN,75,2625,3,55,1.983695920341253,2.0793226,-0.09562665618157418,7.934783681365012,7.979766,-0.04498221066379671,17.85326328307128,18.610228,-0.7569643017675887,31.739134725460048,34.027027,-2.2878924046669056,0.0396939400346792,0.04210536,-0.002411421784588072,0.0202349661746362,0.022438632,-0.002203666149701758
physics_guided_NN,75,2625,3,56,1.8669041184563684,2.053303,-0.18639888485478884,7.4676164738254736,7.4432173,0.024399196298618087,16.802137066107317,18.734175,-1.9320376622862376,29.87046589530189,31.551647,-1.6811812909774062,0.1432891717733956,0.14440085,-0.0011116781649970486,0.0704967901410945,0.07031987,0.00017692151688414315
physics_guided_NN,75,2625,3,57,10.477116954109777,10.173137,0.30398024298917115,41.90846781643911,40.957733,0.9507346621422315,94.294052586988,91.44234,2.8517155508551895,167.63387126575643,163.59444,4.039434620248613,0.0003953383278564,0.00019046749,0.000204870841465556,0.0001590627483103,-0.0001403926,0.0002994553481705062
physics_guided_NN,75,2625,3,58,20.375535995200487,19.741047,0.6344890896829085,81.50214398080195,78.58739,2.914756895841009,183.3798239568044,177.92091,5.458910260515324,326.0085759232078,315.3711,10.637482173207786,0.0001199136320624,3.6634887e-05,8.32787452795508e-05,4.486649217868252e-05,0.00017637349,-0.00013150699865220085
physics_guided_NN,75,2625,3,59,12.367229006475965,12.48416,-0.11693141680284391,49.46891602590386,49.675087,-0.20617094919379753,111.30506105828368,112.310295,-1.0052340466967848,197.87566410361543,195.01869,2.8569720870138724,0.0028914706760657,0.0039607366,-0.0010692658855008912,0.0014562367542712,0.0019084407,-0.00045220397067535843
physics_guided_NN,75,2625,3,60,7.259922346915204,7.1354485,0.12447389110465679,29.03968938766081,28.77065,0.26903852401335016,65.33930112223683,63.805904,1.5333967338090986,116.15875755064326,114.487686,1.671071393416696,0.0011848402323287,0.0013708913,-0.00018605111426748134,0.0004181500411686,0.00024776682,0.00017038322441284326
physics_guided_NN,75,2625,3,61,6.850769784298405,6.3691115,0.48165824636505583,27.40307913719362,25.215292,2.187787160264911,61.65692805868566,56.425125,5.231802936615345,109.61231654877449,100.43192,9.18039363617683,0.0016477141880633,0.0035282685,-0.0018805543540774223,0.0007949413008481,0.0017557567,-0.0009608153744176295
physics_guided_NN,75,2625,3,62,4.657415212883389,4.127299,0.5301163809436922,18.62966085153356,16.689478,1.9401829310013348,41.91673691595052,38.412415,3.5043223651692728,74.51864340613423,66.02968,8.488965061407669,0.0047152524028116,0.0058829733,-0.0011677209142452946,0.0026370878862338,0.0024978644,0.00013922346477674786
physics_guided_NN,75,2625,3,63,11.818697172734336,11.463146,0.35555096301753863,47.27478869093734,45.792606,1.4821823371775764,106.36827455460902,103.78153,2.58674226701136,189.09915476374937,181.94623,7.152926736405618,0.0012286155864118,0.002694896,-0.0014662803702534775,0.0005710328990964,0.0014431606,-0.0008721276823060806
physics_guided_NN,75,2625,3,64,27.1208251382587,27.080841,0.03998407380557367,108.4833005530348,108.24406,0.23924385137463844,244.0874262443283,242.81151,1.2759180656173612,433.9332022121392,431.3024,2.6308035304985538,5.843066045779509e-05,-0.000729736,0.0007881666593602649,1.875016104149639e-05,-0.00052902324,0.0005477733976365906
physics_guided_NN,75,2625,3,65,2.172957221959886,2.1208236,0.0521336002100079,8.691828887839543,7.6689405,1.0228883437111254,19.55661499763897,20.435926,-0.8793114397389594,34.76731555135817,36.804943,-2.0376275333586236,0.1538547663382672,0.17259611,-0.018741345555386674,0.0861287455147516,0.08689031,-0.0007615645343054117
physics_guided_NN,75,2625,3,66,25.87578184662529,26.036442,-0.16065995635322494,103.50312738650116,103.80579,-0.3026663757058685,232.88203661962768,234.60057,-1.7185340590832539,414.0125095460047,413.1973,0.8152134034265828,0.0001667538071048,-0.0003182293,0.0004849830928721019,0.0001010433902521,-0.0002329628,0.00033400619440007365
physics_guided_NN,75,2625,3,67,3.667297020034559,3.587907,0.07938994415260092,14.669188080138236,14.349668,0.31952053100493494,33.00567318031103,32.519928,0.48574520179540315,58.67675232055294,58.425068,0.25168441894161475,0.0074214051378621,0.00680533,0.0006160750886155504,0.003210293721881,0.0021906972,0.0010195964821691195
physics_guided_NN,75,2625,3,68,20.57037898451195,20.837107,-0.26672772019996316,82.2815159380478,82.50989,-0.22837175726469638,185.1334108606076,186.76402,-1.6306119665408403,329.1260637521912,330.63425,-1.5081830739806605,5.814601795745109e-05,0.0009411028,-0.000882956782467691,3.134523541650482e-05,0.00025764256,-0.00022629732592047445
physics_guided_NN,75,2625,3,69,34.419582676328304,33.90419,0.5153926128517412,137.6783307053132,135.58427,2.094056413320999,309.7762440869548,304.0137,5.762541694376694,550.7133228212529,540.2425,10.47083014547161,0.0001190137196533,-0.0013047924,0.0014238060763306533,5.4978306269072936e-05,-0.0007090814,0.0007640597241500253
physics_guided_NN,75,2625,3,70,4.3020525558207865,3.9929564,0.30909615590318396,17.208210223283146,16.222204,0.9860060149091225,38.71847300238708,36.313007,2.4054656476507503,68.83284089313258,63.553417,5.279423687322037,0.0047141106264979,0.0054315054,-0.0007173947592883948,0.0022291488338951,0.0018827816,0.00034636721003241614
physics_guided_NN,75,2625,3,71,5.752035346796996,5.2236795,0.5283558042554919,23.008141387187983,21.4568,1.5513409263725535,51.76831812117297,48.76663,3.001689855792108,92.03256554875192,85.07109,6.961474850509731,0.0008137665189468,0.0014442828,-0.0006305163061580923,0.000363609865282,0.0002061069,0.00015750296993394285
physics_guided_NN,75,2625,3,72,16.70143981705965,16.607857,0.0935830665713695,66.8057592682386,65.98583,0.8199270538831342,150.31295835353689,149.71014,0.6028143105681352,267.2230370729544,264.01044,3.212600061235662,5.580284776677952e-05,-0.00013473266,0.00019053550930274294,2.413154160776149e-05,-0.00020900267,0.00023313420987860275
physics_guided_NN,75,2625,3,73,5.639718874505925,5.337043,0.30267606597320995,22.5588754980237,21.05124,1.5076345770031914,50.75746987055332,47.833393,2.924076773629494,90.2355019920948,85.942474,4.293027626860422,0.0008791162619948,0.0022010622,-0.00132194589948062,0.0005327910716519,0.00078538724,-0.0002525961659043787
physics_guided_NN,75,2625,3,74,7.446400447365925,7.333214,0.11318664121358157,29.7856017894637,29.328903,0.4566985912215138,67.01760402629333,66.71757,0.3000365824456708,119.1424071578548,120.53098,-1.388575813336601,0.0009541743468264,0.0012508569,-0.00029668255841789086,0.000412933087482,0.00068517786,-0.00027224477236822785
physics_guided_NN,75,2625,3,75,20.1760592825747,20.054705,0.12135461643700296,80.7042371302988,80.159325,0.5449124843026993,181.58453354317228,180.01834,1.5661924787191595,322.8169485211952,322.5787,0.23824368721079736,0.0001001592821741,0.0005123531,-0.00041219380420432535,5.970719205522564e-05,-7.61644e-05,0.0001358715889424051
physics_guided_NN,75,2625,3,76,27.417405294709244,26.929752,0.4876529448557285,109.66962117883698,109.62902,0.04060048791900783,246.75664765238324,243.81128,2.9453683555082364,438.6784847153479,432.2473,6.431170262222906,0.0003291094769453,0.002532666,-0.0022035566064799836,0.0002166121354843,0.0010517478,-0.0008351356867184421
physics_guided_NN,75,2625,3,77,17.03555819645127,16.87648,0.15907809391220695,68.14223278580508,67.94269,0.1995447975238278,153.32002376806142,152.61488,0.7051403452098555,272.5689311432203,270.5262,2.0427165436109362,1.266702312552735e-05,-0.0005698065,0.0005824735155473034,4.32661613079639e-06,-0.0005674538,0.000571780413106111
physics_guided_NN,75,2625,3,78,6.013086916228769,6.004692,0.008394838592050036,24.052347664915075,24.263927,-0.21157979480172173,54.11778224605892,53.361862,0.7559200634417351,96.2093906596603,96.53479,-0.32539937940219943,0.0005599797286812,0.0005600261,-4.6363307929821185e-08,0.0002510507078286,3.671632e-05,0.00021433438852813284
physics_guided_NN,75,2625,3,79,33.30028073763222,33.014023,0.28625791048378346,133.20112295052888,132.41885,0.7822691907632588,299.70252663869,298.66888,1.033642361346267,532.8044918021155,531.898,0.9064815482092854,1.8905406619291864e-06,0.00018857364,-0.00018668310127343423,5.77192666891846e-07,-0.00041891905,0.0004194962439657635
physics_guided_NN,75,2625,3,80,4.314873250443108,4.113643,0.20123008104003226,17.25949300177243,17.077702,0.18179143316891455,38.83385925398796,36.95216,1.881699372396163,69.03797200708972,66.32773,2.7102437356053457,0.0172083368683871,0.020742781,-0.0035344445918980873,0.0089268269409629,0.010388128,-0.0014613015184906826
physics_guided_NN,75,2625,3,81,11.34400957947625,10.953877,0.39013213044060535,45.376038317905,44.09656,1.279476886020234,102.09608621528623,98.66205,3.4340378754424847,181.50415327162,176.47247,5.031680127088748,0.0007430520357057,0.00083536835,-9.231631583948483e-05,0.0004322360034374,0.00021584527,0.0002163907335878761
physics_guided_NN,75,2625,3,82,21.07199065573772,20.666212,0.40577857382854177,84.28796262295087,82.13392,2.1540438607438404,189.64791590163944,185.15901,4.488904060819124,337.1518504918035,328.63278,8.519068509381611,1.4490111019139813e-05,-0.00031176404,0.0003262541554734611,4.612300241468938e-06,-0.0003091245,0.0003137368018963472
physics_guided_NN,75,2625,3,83,4.639768105722026,4.317055,0.32271288034971146,18.559072422888104,17.148315,1.4107569932006037,41.75791295149824,38.482758,3.2751553831388662,74.23628969155241,68.00717,6.22911806069304,0.0022022878431454,0.003374456,-0.0011721681191847028,0.0010397313464146,0.00077168096,0.0002680503831889373
physics_guided_NN,75,2625,3,84,3.827676379590789,3.631379,0.19629749050692658,15.310705518363156,14.267539,1.0431664940101282,34.449087416317106,30.649466,3.7996218554040198,61.24282207345263,53.81194,7.430882833950676,0.0021957925127719,0.003611274,-0.001415481550815289,0.0008719442600143,0.0012380715,-0.00036612721609502593
physics_guided_NN,75,2625,3,85,19.56569306416669,19.540583,0.02511040730633951,78.26277225666679,78.16419,0.09858005695976146,176.09123757750027,176.976,-0.8847603473044217,313.0510890266672,312.19583,0.8552577278391027,0.0005941636064131,0.0004448899,0.00014927369379850108,0.0003216608842338,-0.00014105291,0.0004627137917994086
physics_guided_NN,75,2625,3,86,3.848098298505328,3.810497,0.037601252988360034,15.392393194021311,15.10913,0.28326328832062764,34.63288468654795,33.458115,1.1747700625245159,61.56957277608525,60.125942,1.4436305458606427,0.0085035487688843,0.009292397,-0.0007888479478892103,0.0041949602234061,0.0043282527,-0.00013329252424881463
physics_guided_NN,75,2625,3,87,14.718219828164498,14.440922,0.27729804471723263,58.87287931265799,58.625896,0.24698285880057114,132.46397845348048,131.40205,1.0619246204726664,235.491517250632,232.04434,3.4471752096163755,8.196989801032394e-05,0.00058484444,-0.0005028745436084464,2.8646142559281982e-05,6.6481625e-05,-3.783548269451832e-05
physics_guided_NN,75,2625,3,88,35.87543514909105,35.305927,0.5695078724797185,143.5017405963642,141.39241,2.109330318043874,322.8789163418195,319.42758,3.4513345547101153,574.0069623854567,564.7862,9.220768537800495,2.438996549996655e-06,-7.714852e-05,7.958751763619772e-05,1.5712289499159052e-06,-0.00040062415,0.0004021953795930411
physics_guided_NN,75,2625,3,89,7.806175997646319,8.013759,-0.207582661716474,31.22470399058528,31.902153,-0.6774490245514393,70.25558397881687,72.250565,-1.99498059637844,124.8988159623411,128.25835,-3.359530595276084,0.0018273986377395,0.0015608523,0.000266546356921574,0.0007474811340773,0.00038843867,0.00035904246620810463
physics_guided_NN,75,2625,3,90,9.94724223695917,10.009557,-0.06231453336553727,39.78896894783668,40.441517,-0.6525479283840241,89.52518013263253,89.21963,0.3055527522614341,159.15587579134672,160.63483,-1.4789508688095339,0.0006846827282828,0.00096197793,-0.0002772952019910607,0.0002607038125071,8.721636e-05,0.00017348745428270434
physics_guided_NN,75,2625,3,91,10.904725327467013,10.66146,0.24326540467648528,43.61890130986805,42.50461,1.1142931555711755,98.14252794720312,96.537254,1.605273613707027,174.4756052394722,171.23265,3.2429544826362644,0.0011521675383448,0.001046867,0.00010530054492497386,0.0003790625867089,0.00020111687,0.00017794571771563258
physics_guided_NN,75,2625,3,92,21.738414214986754,21.373234,0.3651804198207387,86.95365685994702,85.552185,1.4014718013532672,195.6457279348808,192.73517,2.910559477849546,347.81462743978807,338.9033,8.911337644866194,0.0002526875472806,4.6098987e-05,0.0002065885604945083,0.0001123275482402,-0.0001909378,0.0003032653525312248
physics_guided_NN,75,2625,3,93,5.822220809987998,6.023527,-0.201306335397744,23.288883239952,23.308245,-0.019361465248195486,52.39998728989199,53.53621,-1.1362218165533235,93.15553295980796,91.522995,1.6325379646907692,0.0015557462703617,0.0014854785,7.026778815255401e-05,0.0010735191178243,0.00077924354,0.00029427558246211596
physics_guided_NN,75,2625,3,94,4.94223023647492,4.8582377,0.08399249309723444,19.76892094589968,20.389227,-0.6203059675524685,44.48007212827428,43.311584,1.16848765561803,79.07568378359872,78.976166,0.09951801211434486,0.0087039317321548,0.01046602,-0.0017620878908267482,0.0053228865153176,0.0053873984,-6.45118989961932e-05
physics_guided_NN,75,2625,3,95,12.648392782706413,12.582023,0.06637011577526053,50.59357113082565,50.561497,0.03207439620651087,113.83553504435773,113.41037,0.4251651713108515,202.3742845233026,203.26408,-0.8897993390020815,0.0006500678503681,0.000494671,0.0001553968543913241,0.0003157301838122,9.785532e-05,0.00021787486215668443
physics_guided_NN,75,2625,3,96,4.579576803432119,4.6303363,-0.0507594812053318,18.31830721372848,19.106688,-0.7883803320478862,41.21619123088907,42.611897,-1.3957052840035047,73.2732288549139,75.60238,-2.329149990300948,0.0025718652512607,0.0026842016,-0.00011233632828026776,0.0010011515132756,0.00063276605,0.0003683854611263638
physics_guided_NN,75,2625,3,97,4.566478297700056,4.1958814,0.3705969309703194,18.265913190800223,17.166561,1.0993520640912386,41.0983046793005,37.71871,3.3795928262731536,73.06365276320089,68.47598,4.587670097185267,0.0008949605186491,0.0012898286,-0.00039486804539126284,0.0005043102697453,0.00052723696,-2.2926690151681725e-05
physics_guided_NN,75,2625,3,98,3.603615425363611,3.5150106,0.08860483004195574,14.414461701454444,13.679126,0.7353359156268073,32.4325388282725,32.137306,0.2952326148935924,57.657846805817776,55.573353,2.084493992097073,0.0141006641781369,0.016171336,-0.0020706719958743305,0.0064541414037406,0.0070634247,-0.0006092832766414133
physics_guided_NN,75,2625,3,99,9.549235872401892,9.368941,0.18029456533402133,38.19694348960757,37.28841,0.9085333028399916,85.94312285161703,84.22727,1.7158508179256273,152.78777395843028,149.68227,3.1055077230787163,0.0028869724739037,0.0033421959,-0.0004552234057642974,0.001775079987879,0.0015714691,0.00020361086254110116
physics_guided_NN,75,2625,3,100,25.57762706444893,25.642483,-0.06485569311942996,102.3105082577957,102.772095,-0.46158646876679654,230.1986435800404,231.07042,-0.8717757314830408,409.2420330311828,409.0107,0.23132136126093883,3.5998959313194545e-05,0.00041920776,-0.0003832088019838079,1.1402659725646796e-05,0.00026342398,-0.0002520213193239017
physics_guided_NN,75,2625,3,101,2.388208922163364,2.4513032,-0.06309432147372096,9.552835688653456,9.22495,0.32788585192249897,21.49388029947028,22.641722,-1.1478414259935867,38.211342754613824,36.2608,1.9505433466548396,0.0108901971227379,0.009337272,0.0015529255590291183,0.0057073771149211,0.0046474226,0.001059954533010013
physics_guided_NN,75,2625,3,102,5.340761816954979,5.47452,-0.13375838949643715,21.363047267819915,21.769255,-0.4062074166283267,48.06685635259481,48.710503,-0.6436462719169072,85.45218907127966,87.56169,-2.1095022129000256,0.0011231480443581,0.0014604101,-0.0003372620281101213,0.0004146033315373,0.00049553404,-8.093070942783988e-05
physics_guided_NN,75,2625,3,103,20.878560341391864,21.026918,-0.14835806986301847,83.51424136556746,83.74354,-0.22929653726457389,187.9070430725268,189.32396,-1.4169162780591478,334.05696546226983,335.05383,-0.9968675455426705,0.0002042901783706,0.00044474323,-0.00024045305093849692,9.979472523016213e-05,0.00010301485,-3.2201234887232073e-06
physics_guided_NN,75,2625,3,104,5.800029701834299,5.8613276,-0.06129794632854324,23.200118807337194,23.029716,0.17040231563797548,52.200267316508686,53.006676,-0.8064084037061576,92.80047522934878,91.861244,0.9392310276886207,0.0003867827748253,0.0012110056,-0.0008242228374511944,0.0001981109306169,0.00031956247,-0.00012145154341596399
physics_guided_NN,75,2625,3,105,9.509567869166998,9.467816,0.041751516322760196,38.038271476668,38.11967,-0.08139939125192086,85.58611082250299,86.62796,-1.041849382575137,152.15308590667198,151.21465,0.9384405209297881,0.0094807206821437,0.009494339,-1.3618433773981975e-05,0.0060305708981753,0.0051614945,0.0008690764158666734
physics_guided_NN,75,2625,3,106,6.191534467721945,6.0012994,0.19023508646584109,24.76613787088778,24.119947,0.6461904374160987,55.72381020949751,53.448986,2.2748241560307108,99.06455148355111,96.272125,2.7924262394104886,0.0004841523727612,0.0008006631,-0.00031651070870222634,0.0002687269975853,0.00019342228,7.530471570350568e-05
physics_guided_NN,75,2625,3,107,11.42073821769062,11.041044,0.3796939824611272,45.68295287076248,44.565117,1.1178359884382587,102.7866439592156,100.21341,2.5732345353874706,182.7318114830499,176.95778,5.774032552385847,0.0005902473671949,0.001059262,-0.0004690145983704834,0.0002477729422742,0.0006755368,-0.0004277638662836084
physics_guided_NN,75,2625,3,108,4.91188894622407,4.8366127,0.0752762448080544,19.64755578489628,19.773226,-0.12566999940547774,44.20700051601664,44.315506,-0.10850546542867079,78.59022313958512,78.36992,0.2203043163429328,0.0006978634337747,0.0008354126,-0.00013754915559277905,0.0002692036260709,0.00017718351,9.202011743074482e-05
physics_guided_NN,75,2625,3,109,14.861769498872436,14.618564,0.24320584683386137,59.44707799548974,58.42474,1.022338157843258,133.75592548985193,132.89261,0.8633168472738078,237.78831198195897,234.98338,2.804928803248032,0.0002913726527934,0.00030845162,-1.707896830131859e-05,9.880204819574744e-05,1.9816775e-05,7.89852736846197e-05
physics_guided_NN,75,2625,3,110,22.46412910495373,22.602697,-0.1385682674827926,89.85651641981495,90.488365,-0.631848753524892,202.1771619445836,204.30305,-2.1258928649867244,359.4260656792598,363.87033,-4.444265131287068,0.0001583390564113,0.00028551734,-0.00012717828062222512,8.89868852583374e-05,8.042166e-05,8.565223707692612e-06
physics_guided_NN,75,2625,3,111,4.825329761379336,5.0352197,-0.20988990796270546,19.301319045517342,19.421263,-0.11994369557152496,43.42796785241403,45.19698,-1.76901167029105,77.20527618206938,78.41219,-1.2069171162704606,0.0057705266597027,0.005082613,0.0006879138024801432,0.0028125966633712,0.0021077232,0.0007048735129688926
physics_guided_NN,75,2625,3,112,10.428010877008289,9.858226,0.5697850545595582,41.71204350803316,39.297234,2.414809926490193,93.8520978930746,89.0446,4.807496452644912,166.84817403213262,158.49014,8.358031209866994,0.0029918967576849,0.0033661611,-0.00037426438013439013,0.0015877821710157,0.0018693205,-0.0002815383491841354
physics_guided_NN,75,2625,3,113,1.7771309449366817,1.256149,0.5209818913630733,7.108523779746727,4.521144,2.5873798664776837,15.994178504430137,11.516942,4.4772364801991795,28.434095118986907,19.39355,9.040544246184172,0.0360242692880304,0.033160005,0.0028642645232350994,0.0203045007841629,0.017658524,0.002645976568941496
physics_guided_NN,75,2625,3,114,12.289019590632158,12.019415,0.26960468889875955,49.15607836252863,48.345573,0.8105049372356632,110.60117631568944,108.11025,2.4909239353183494,196.62431345011453,194.31584,2.3084717753098403,9.754662266965013e-05,-1.6947828e-05,0.00011449445071371726,4.886034234012437e-05,-0.00012679808,0.00017565842657866847
physics_guided_NN,75,2625,3,115,4.308078214917012,4.353073,-0.04499490520017524,17.23231285966805,17.017351,0.21496170915535373,38.77270393425311,38.857807,-0.08510322517071955,68.9292514386722,66.66137,2.2678821149417274,0.0035557236533978,0.0043690545,-0.0008133308019123062,0.001711271758825,0.0014822938,0.0002289779341597515
physics_guided_NN,75,2625,3,116,5.439125605408498,5.313788,0.12533766824419157,21.756502421634,21.230179,0.5263235886261874,48.952130448676485,48.230267,0.7218638776315629,87.02600968653597,85.29199,1.7340174990359714,0.0010248442978199,0.0016007897,-0.0005759454233039741,0.0004185072753014,0.0005586663,-0.00014015902752113028
physics_guided_NN,75,2625,3,117,8.937083971553351,8.760911,0.17617298369934709,35.748335886213404,35.385685,0.36265091917238834,80.43375574398017,78.03636,2.397394049644234,142.99334354485362,142.25526,0.7380792626270534,0.0006666903682739,0.000498407,0.00016828337178905416,0.0003392612795958,4.3376906e-05,0.0002958843740723266
physics_guided_NN,75,2625,3,118,1.42848315165017,1.3680522,0.06043090746376856,5.713932606600681,4.631301,1.0826316803921845,12.85634836485153,13.409337,-0.5529886789106762,22.85573042640272,20.036068,2.8196624637562344,0.0145479856855555,0.011827099,0.0027208865485473105,0.0070821030301843,0.0052126735,0.0018694295784328291
physics_guided_NN,75,2625,3,119,6.677879061803077,6.9201365,-0.24225738991811419,26.71151624721231,27.907148,-1.1956321139937458,60.10091155622769,61.82096,-1.720049442307463,106.84606498884924,111.05952,-4.213451917889046,0.0016497518985362,0.0017084753,-5.872339226145086e-05,0.0006505421426135,0.00049985864,0.0001506835052731332
physics_guided_NN,75,2625,3,120,5.497448918746255,5.5760665,-0.0786175752417817,21.98979567498501,21.813982,0.17581366509731566,49.47704026871629,50.029778,-0.5527372581391816,87.95918269994007,84.67926,3.2799224460338223,0.0025465563815759,0.0021863692,0.00036018723069890105,0.0014255835410219,0.00087358046,0.000552003082447903
physics_guided_NN,75,2625,3,121,15.033435433741772,14.966014,0.06742152535554169,60.13374173496709,60.659767,-0.5260254159118176,135.30091890367595,135.7195,-0.4185787769881131,240.53496693986835,242.06487,-1.529898172436333,0.0001944794301099,-0.00088253064,0.0010770100732489345,8.52648176757975e-05,-0.0008285901,0.00091385494531527
physics_guided_NN,75,2625,3,122,22.80786756985916,22.850403,-0.04253526217209114,91.23147027943664,91.303604,-0.07213384653992705,205.27080812873243,205.74995,-0.4791460949003863,364.92588111774654,365.4924,-0.5665200053003332,2.954715334064149e-05,-0.00021287808,0.0002424252294674405,1.3857814611923316e-05,-0.00019537975,0.00020923756192257664
physics_guided_NN,75,2625,3,123,1.8325058136135792,1.6929009,0.13960491754119153,7.330023254454317,6.8203497,0.5096735611559771,16.49255232252221,16.748846,-0.25629373155493695,29.320093017817268,26.982693,2.3374002993114082,0.0094966624512623,0.0085066985,0.000989963917369668,0.0053058602792893,0.0040471116,0.0012587486712012834
physics_guided_NN,75,2625,3,124,6.618000068936514,6.329725,0.28827528027074223,26.47200027574605,25.477768,0.9942323314101138,59.56200062042864,56.688705,2.8732951760927037,105.88800110298422,102.34151,3.546494144976407,0.0014063008426342,0.002235435,-0.0008291341067638409,0.0005962611359141,0.00075219583,-0.00015593469640545765
physics_guided_NN,75,2625,3,125,4.366536082362725,4.1793985,0.1871375456805957,17.4661443294509,16.327766,1.1383779109938672,39.298824741264525,37.50436,1.7944645422899157,69.8645773178036,65.11262,4.751959825127813,0.0058880616620181,0.0068021044,-0.0009140427514912688,0.0026836214050987,0.002967932,-0.000284310623597241
physics_guided_NN,75,2625,3,126,2.67115610967517,2.4355838,0.2355722797954094,10.68462443870068,9.54404,1.1405847124433564,24.04040498707653,23.094938,0.9454667088782891,42.73849775480272,39.72624,3.0122595040703004,0.0087413439507307,0.00811627,0.0006250735352457942,0.0048618842001809,0.0043669753,0.0004949089225186228
physics_guided_NN,75,2625,3,127,4.711270387854971,4.480252,0.23101859876195352,18.845081551419884,17.442192,1.4028894737831656,42.40143349069474,40.774364,1.6270690192591957,75.38032620567954,70.08334,5.296982699820163,0.0031103591169908,0.0030902685,2.0090650369162556e-05,0.0018734929579194,0.0013975486,0.00047594436526999986
physics_guided_NN,75,2625,3,128,24.04386606193053,23.908726,0.13514032340513893,96.1754642477221,95.6909,0.4845615377611665,216.39479455737475,215.06746,1.3273354509294393,384.7018569908884,382.65366,2.048200985029041,5.390962245978184e-05,-0.00032988386,0.00038379347892582186,1.6653896933989982e-05,-9.145951e-05,0.00010811340446407946
physics_guided_NN,75,2625,3,129,12.41606617647059,12.037595,0.3784713812435392,49.66426470588236,48.297024,1.3672409326890005,111.7445955882353,108.812386,2.932210029153268,198.65705882352944,193.96156,4.695495713177877,0.0009677155655496,0.0019897637,-0.0010220481301970604,0.0005306516101594,0.0012912188,-0.00076056718565422
physics_guided_NN,75,2625,3,130,2.1324182057935803,1.9507868,0.18163137679882935,8.529672823174321,7.3040133,1.2256595709160205,19.191763852142223,19.722548,-0.5307836789857063,34.118691292697285,37.039036,-2.9203445044218554,0.1399415584847196,0.13534999,0.004591569547341662,0.0807647465710334,0.06823651,0.01252823909565727
physics_guided_NN,75,2625,3,131,13.111650819042408,13.172251,-0.06059992863825592,52.44660327616963,52.566776,-0.12017299946513305,118.00485737138168,120.506615,-2.5017573136769187,209.78641310467853,213.41525,-3.6288395808683447,0.0005224422012416,0.0015148366,-0.0009923943624871498,0.0001944206251694,0.0007987161,-0.0006042954682441318
physics_guided_NN,75,2625,3,132,3.0906422179031225,3.079643,0.010999206809982898,12.36256887161249,12.153638,0.2089309855651269,27.815779961128108,26.670126,1.1456539998243969,49.45027548644996,46.434025,3.016250675658945,0.0122814366683881,0.010099272,0.00218216442470953,0.005540147182967,0.0037545045,0.00178564269232326
physics_guided_NN,75,2625,3,133,14.026593036231542,14.069348,-0.04275529903457098,56.10637214492617,56.359074,-0.2527014939898464,126.23933732608388,126.36496,-0.12562239071299075,224.42548857970468,222.26344,2.1620455865406143,7.501022966497949e-06,-0.0006087926,0.0006162936096842526,2.464121109239653e-06,-0.0007283123,0.0007307764188334271
physics_guided_NN,75,2625,3,134,8.24463773501718,8.337562,-0.0929238723436594,32.97855094006872,33.733932,-0.7553815550484657,74.20173961515462,75.58068,-1.3789412320133465,131.9142037602749,135.49236,-3.5781515864048004,0.0006111043165311,0.00065426895,-4.316463508980664e-05,0.0002543370434921,1.598345e-05,0.00023835359269808957
physics_guided_NN,75,2625,3,135,27.82904718475065,27.741877,0.08717058257779797,111.31618873900258,111.26744,0.04874794310414643,250.46142466275572,250.52318,-0.06175343783021958,445.2647549560104,445.1321,0.13264436030726756,0.0001197568222336,-0.0006115456,0.0007313023984819179,5.5659446316274334e-05,-0.00020419658,0.00025985602444081237
physics_guided_NN,75,2625,3,136,4.898991040150561,4.342128,0.5568632401627678,19.595964160602243,17.740192,1.8557717472721649,44.09091936135505,38.559498,5.531421528103095,78.38385664240897,70.14277,8.24108778254569,0.0089140784551873,0.0075671547,0.001346923745937565,0.005290892962084,0.0037942363,0.0014966566205926587
physics_guided_NN,75,2625,3,137,4.566342687557527,4.466926,0.09941658968765399,18.265370750230108,17.765646,0.4997247693951472,41.09708418801775,40.80029,0.2967950339650187,73.06148300092043,70.18595,2.8755317680102763,0.0025472347813401,0.0024670432,8.019154916737246e-05,0.0013051014989528,0.00094488624,0.0003602152587759435
physics_guided_NN,75,2625,3,138,7.404395539731026,7.263199,0.14119668719196365,29.617582158924105,29.067066,0.5505159662971515,66.63955985757923,65.303665,1.3358946964464167,118.47032863569642,116.188705,2.281623191360481,0.0007798959699697,0.0010027642,-0.00022286824292921004,0.0003743876798453,0.00024391603,0.00013047164910493463
physics_guided_NN,75,2625,3,139,2.5613469639474733,2.417485,0.14386196524447037,10.245387855789891,8.552615,1.6927726900794422,23.05212267552726,21.314741,1.7373815408837068,40.98155142315957,35.766186,5.215365662661526,0.0889863865616995,0.07058108,0.018405308032341583,0.0432868700469643,0.03658548,0.0067013900722175945
physics_guided_NN,75,2625,3,140,9.680229981866049,9.64449,0.03573973986165413,38.72091992746419,38.01215,0.7087701166731719,87.12206983679442,85.34152,1.7805476199975487,154.88367970985675,149.87817,5.00550588173175,0.0018134004518107,0.0021401653,-0.0003267648548170505,0.0009666398149844,0.0010282228,-6.158303181419877e-05
physics_guided_NN,75,2625,3,141,3.049184367930736,2.871527,0.17765741137250846,12.196737471722944,11.48389,0.7128478919499948,27.442659311376627,27.036085,0.40657418259244693,48.786949886891776,45.859577,2.927372707936698,0.0073772398086829,0.0061502047,0.0012270351203722768,0.0040681650111863,0.0029198888,0.0011482761888244727
physics_guided_NN,75,2625,3,142,13.08631862231328,12.703208,0.383110652647753,52.34527448925312,50.34377,2.0015054157667933,117.77686760081954,114.87817,2.898701402089074,209.38109795701249,202.23111,7.149988337871861,0.0001830420819045,0.0009856465,-0.0008026044220729775,0.000112907994169,0.0004114216,-0.0002985136193659125
physics_guided_NN,75,2625,3,143,8.92731951436687,8.828146,0.09917353353190883,35.70927805746748,35.15138,0.5578994258756822,80.34587562930184,78.914764,1.431111225004969,142.83711222986992,140.0687,2.7684171615105413,0.0007052229711243,0.0012272791,-0.000522056106159738,0.0003475707251902,0.0006394045,-0.00029183379427089533
physics_guided_NN,75,2625,3,144,4.044983529092328,3.8845747,0.16040887737418874,16.17993411636931,15.866275,0.3136592826901108,36.40485176183096,35.86018,0.5446718607079148,64.71973646547724,63.506374,1.2133621063463806,0.0006149247278255,0.00084869604,-0.0002337713154237196,0.000360343215153,0.00049126695,-0.00013092373860589538
physics_guided_NN,75,2625,3,145,9.066507260458769,9.007325,0.05918208803445246,36.26602904183508,35.748753,0.517276447840942,81.59856534412891,81.053505,0.5450604002812582,145.0641161673403,145.60106,-0.5369427926206356,3.819729896766109e-05,-3.998502e-05,7.818232039842729e-05,1.3156376015703372e-05,-0.00020374954,0.000216905919304426
physics_guided_NN,75,2625,3,146,13.42726998780054,13.519728,-0.09245771910863887,53.70907995120216,54.438763,-0.7296827135927586,120.8454298902049,124.01169,-3.1662583422169774,214.83631980480865,215.43484,-0.5985251658944719,0.0001249730461307,0.00030762135,-0.00018264830088874888,4.70001011013226e-05,0.00045932885,-0.0004123287456718101
physics_guided_NN,75,2625,3,147,6.663668098842473,6.1044593,0.5592088131063893,26.654672395369893,24.495655,2.15901733555544,59.973012889582265,54.40317,5.569841350275624,106.61868958147956,98.35264,8.266051336850651,0.0005821285697384,0.0009920484,-0.00040991984561698433,0.0002259798641331,-9.684255e-05,0.00032282241614446693
physics_guided_NN,75,2625,3,148,3.391487628496284,3.5129387,-0.12145110937297865,13.565950513985136,13.116273,0.4496775876545698,30.52338865646656,32.418133,-1.8947441255158601,54.26380205594055,53.999607,0.2641949697589112,0.0033447445083038,0.003993574,-0.0006488295559211586,0.0016333122197866,0.0016988964,-6.558418550048697e-05
physics_guided_NN,75,2625,3,149,4.954479545156899,4.278765,0.6757143435882957,19.8179181806276,17.818872,1.999045728845374,44.5903159064121,40.445904,4.144412128335929,79.27167272251039,70.88038,8.391293999365857,0.0009654001765272,0.0018387263,-0.0008733261642658732,0.00047476928586,0.00032534622,0.00014942306580813025
physics_guided_NN,75,2625,3,150,6.011367773815236,5.674288,0.337079977794728,24.045471095260943,23.317663,0.7278079025119197,54.10230996433713,51.634083,2.468227170147678,96.18188438104376,92.67762,3.5042644469617272,0.0032401851609279,0.0031584967,8.168846815121995e-05,0.0016135898205019,0.0014697794,0.0001438104101024035
physics_guided_NN,75,2625,3,151,4.602912515609323,4.4242415,0.17867097279316102,18.411650062437293,17.794863,0.6167873152449097,41.426212640483904,40.14851,1.2777026612358569,73.64660024974917,68.93128,4.715318206292139,0.0036565600972338,0.0017254826,0.0019310774592398087,0.0013548253582353,-0.00015066323,0.0015054885834483657
physics_guided_NN,75,2625,3,152,7.471445561391796,7.1950755,0.27637004945942323,29.885782245567185,28.577347,1.3084354438093726,67.24301005252617,64.786026,2.456984051549611,119.54312898226874,112.5704,6.972732558928897,0.002408051176181,0.0017999153,0.0006081358410398776,0.0009512165040181,0.00017466521,0.000776551291619705
physics_guided_NN,75,2625,3,153,4.298680966941013,4.32593,-0.027249151619778367,17.19472386776405,16.891989,0.30273511349158966,38.68812870246912,38.775593,-0.08746410148595629,68.7788954710562,68.05575,0.7231474852163586,0.0145250890891151,0.01789868,-0.0033735915531320996,0.008266752623768,0.009351718,-0.001084965615718218
physics_guided_NN,75,2625,3,154,9.961519696258648,10.063143,-0.10162308023060973,39.84607878503459,40.513298,-0.6672192496333764,89.65367726632783,90.67711,-1.0234314983206048,159.38431514013837,162.8524,-3.468086593260068,0.0005343290450003,0.00022890783,0.0003054212193422021,0.0003047122490164,-9.6587835e-05,0.0004013000843036096
physics_guided_NN,75,2625,3,155,3.802494141193,3.438111,0.3643830743747629,15.209976564772,14.329438,0.8805383552383095,34.222447270737,31.534311,2.6881359761813357,60.839906259088,58.4398,2.4001059966368317,0.002337667315171,0.0018835258,0.0004541415645711983,0.000915370152851,0.00024861083,0.000666759325011998
physics_guided_NN,75,2625,3,156,1.8090587522250845,1.6147172,0.1943415071231558,7.236235008900337,5.8957586,1.3404763800551223,16.28152877002576,16.698233,-0.41670388073107745,28.94494003560135,32.000095,-3.055155331830292,0.12657816747043,0.117221214,0.009356953593228912,0.0627941426076313,0.05925964,0.0035345044173618334
physics_guided_NN,75,2625,3,157,15.865744505275009,15.683252,0.18249217068028223,63.46297802110004,62.268238,1.1947399534730891,142.7917005474751,140.98611,1.8055860455219772,253.8519120844001,251.20328,2.6486344965094872,3.720885576926503e-05,-0.00028896806,0.0003261769175647232,1.4232428834007023e-05,-0.00014364431,0.0001578767414634832
physics_guided_NN,75,2625,3,158,8.256042300482644,7.9252496,0.33079272391404047,33.024169201930576,32.26055,0.7636177492938572,74.30438070434381,71.82795,2.4764311804180323,132.0966768077223,127.35115,4.745526295026991,0.0052435352965902,0.004917441,0.0003260943606208473,0.0032711917881521,0.0021675124,0.0011036793582739845
physics_guided_NN,75,2625,3,159,12.151822997528502,11.853644,0.29817862649578686,48.60729199011401,47.47298,1.1343114908464287,109.36640697775653,106.923134,2.4432731276588697,194.42916796045603,187.54509,6.88407823877634,0.0001662571033781,0.0003184326,-0.00015217550174877266,6.547810727220494e-05,-2.1258975e-05,8.673708208384923e-05
physics_guided_NN,75,2625,3,160,23.54995484428793,23.551273,-0.0013185016593340038,94.19981937715174,93.33597,0.8638513595736157,211.94959359859132,211.34537,0.6042261669506956,376.79927750860696,375.18472,1.6145546082163378,3.177768661307464e-05,-2.881055e-05,6.0588235951306436e-05,1.107390869344593e-05,5.474789e-05,-4.367397980479515e-05
physics_guided_NN,75,2625,3,161,13.519309641027354,13.389911,0.12939894309034194,54.077238564109415,53.559742,0.5174965902324615,121.6737867692462,120.221695,1.4520918229571436,216.3089542564377,212.27959,4.0293674644454995,0.000249639490009,0.00051915174,-0.00026951225116411833,8.066250989349991e-05,8.948087e-05,-8.81835917107329e-06
physics_guided_NN,75,2625,3,162,8.145403208820799,8.172562,-0.027158436687013676,32.581612835283195,32.47383,0.1077816585253828,73.30862887938719,73.66018,-0.3515502587964079,130.32645134113278,130.4687,-0.14225288250003132,0.001292656229479,0.0011003449,0.0001923112968408912,0.0006162321584601,0.00036216443,0.00025406773023531294
physics_guided_NN,75,2625,3,163,2.8729771356231284,2.8834183,-0.010441185986368673,11.491908542492514,11.398852,0.09305619416487687,25.85679422060816,25.104322,0.7524717871364786,45.96763416997005,44.085842,1.8817920374016879,0.0060776574636114,0.0060013263,7.633120811108372e-05,0.0029435441384797,0.0020307263,0.0009128178491030836
physics_guided_NN,75,2625,3,164,13.053786585878662,12.733948,0.3198388319724117,52.21514634351465,50.866436,1.348710338875975,117.48407927290796,113.72595,3.7581271244704624,208.8605853740586,203.88539,4.975194138707025,0.0002198132185227,0.00020206152,1.7751697400467928e-05,0.0001222256881609,-0.000116666684,0.00023889237249553202
physics_guided_NN,75,2625,3,165,6.914075788258415,6.6033335,0.310742315052849,27.65630315303365,26.81724,0.8390633916811119,62.22668209432573,58.894474,3.332208064784716,110.62521261213465,103.208786,7.416426601392459,0.0145908582400218,0.010729115,0.003861742783679102,0.0077070339814973,0.005698127,0.0020089067750823624
physics_guided_NN,75,2625,3,166,4.6890501256039725,4.925727,-0.23667676495999235,18.75620050241589,19.422718,-0.6665175456798131,42.20145113043576,44.410915,-2.2094642443201025,75.02480200966356,74.762886,0.2619159623002787,0.0072142869950008,0.008756544,-0.001542257445983926,0.0034188463387068,0.0033438245,7.502180868644397e-05
physics_guided_NN,75,2625,3,167,3.661748803522384,3.5370104,0.12473837223271111,14.646995214089538,14.00962,0.6373755012599478,32.95573923170146,31.898626,1.057112904186809,58.58798085635815,57.079296,1.5086847442976037,0.0112397627006563,0.009941251,0.0012985116835030376,0.0058662779062314,0.005303515,0.0005627627848906486
physics_guided_NN,75,2625,3,168,5.548107903853351,5.379469,0.1686389860066715,22.192431615413405,20.703606,1.488825963557936,49.932971134680166,46.834423,3.098548069494619,88.76972646165362,81.60413,7.1655928556965875,0.00315308902062,0.005779813,-0.0026267240231531742,0.0015546236145767,0.0023670394,-0.000812415829348323
physics_guided_NN,75,2625,3,169,7.337626590906152,7.0208592,0.31676734942055607,29.350506363624607,27.559755,1.7907510383072243,66.03863931815538,63.61324,2.4254000298252976,117.40202545449844,111.25937,6.1426565580140675,0.0018343693741747,0.0023932587,-0.0005588893613628289,0.0010001784220899,0.0008895913,0.00011058713147440091
physics_guided_NN,75,2625,3,170,3.783466432271873,3.7214491,0.06201729553786439,15.133865729087493,14.475398,0.6584676654278248,34.05119789044686,33.258755,0.7924431602222484,60.53546291634997,59.266903,1.2685599927659865,0.0175748592387951,0.01988418,-0.0023093210387908833,0.0083559726236618,0.009952745,-0.0015967727767073666
physics_guided_NN,75,2625,3,171,4.192578830995087,3.8328383,0.3597405341048283,16.77031532398035,15.719043,1.0512725459652117,37.733209478955786,35.795414,1.93779550800852,67.0812612959214,62.184002,4.897259373313972,0.0034219534842407,0.0039711585,-0.0005492050425971256,0.0014748418718889,0.0010432043,0.000431637537324393
physics_guided_NN,75,2625,3,172,15.907873605759288,15.546641,0.36123225596680797,63.63149442303715,62.346786,1.2847079240137091,143.1708624518336,139.31462,3.856241480153926,254.5259776921486,248.44301,6.082969269297024,0.0002674286185471,-5.3761145e-05,0.00032118976350157836,0.000147685965158,-0.00048801108,0.0006356970442998702
physics_guided_NN,75,2625,3,173,7.529287417626925,7.626095,-0.09680740048830927,30.1171496705077,30.477093,-0.35994307241222145,67.76358675864232,68.022385,-0.25879788491236866,120.4685986820308,122.8709,-2.402304333105917,4.960285739719004e-05,3.7368303e-05,1.2234554086831144e-05,2.936096086046404e-05,-0.00039503296,0.0004243939164268852
physics_guided_NN,75,2625,3,174,11.221000949597205,10.91971,0.3012907902954467,44.88400379838882,43.422718,1.461285750293115,100.98900854637483,97.66619,3.3228174453006147,179.53601519355527,173.09215,6.443867366406835,8.307858923906641e-05,0.00048157145,-0.00039849285996062503,2.8701196128320285e-05,-8.237585e-05,0.00011107704892689768
physics_guided_NN,75,2625,3,175,4.371037361473001,4.419135,-0.048097732215963696,17.484149445892005,17.922266,-0.43811656057772197,39.33933625325701,40.28156,-0.9422227372215062,69.93659778356802,71.86967,-1.9330692696546379,0.001474688627582,0.001775504,-0.00030081534589458865,0.0006816434680877,0.00041255596,0.0002690875036569059
physics_guided_NN,75,2625,3,176,2.026161249496456,1.8423121,0.18384915194701756,8.104644997985824,7.221881,0.8827640852050624,18.235451245468106,16.530836,1.704615140121426,32.4185799919433,27.981144,4.437436040527281,0.0291277236262833,0.038270533,-0.009142809458586084,0.012815315670536,0.018952815,-0.006137499191596072
physics_guided_NN,75,2625,3,177,4.836701571213908,5.0290027,-0.1923010952594808,19.34680628485563,20.329311,-0.9825050859939779,43.53031414092517,46.656372,-3.126057929387329,77.38722513942253,81.765205,-4.377980243878255,0.0018642519732965,0.001766573,9.767891764918637e-05,0.0008726443580653,0.00033406084,0.0005385835198521095
physics_guided_NN,75,2625,3,178,3.693784680630692,3.5914686,0.10231610801411506,14.775138722522769,14.181142,0.5939968691902493,33.24406212567623,32.320637,0.9234253764086517,59.10055489009107,57.74114,1.359416431839115,0.0045680871379539,0.0044152397,0.00015284746484603776,0.0020591419029182,0.0014830447,0.0005760971994271677
physics_guided_NN,75,2625,3,179,39.81207665030063,39.26129,0.5507851463943823,159.24830660120253,156.17615,3.072159140265029,358.3086898527057,353.2788,5.029881258955697,636.9932264048101,625.81104,11.182191248560116,1.279363630514613e-05,0.0015544797,-0.0015416860697959735,3.815542145283997e-06,-0.00016682773,0.0001706432676246633
physics_guided_NN,75,2625,3,180,12.43003756035442,12.379696,0.05034166802043494,49.72015024141768,49.543068,0.177082309288771,111.8703380431898,111.43589,0.43444784543589776,198.8806009656707,196.17947,2.701127088717584,0.0003894848210113,0.0003172219,7.226293523142748e-05,0.0001567755462108,-5.666111e-05,0.00021343665503964824
physics_guided_NN,75,2625,3,181,7.248853975187079,7.0660295,0.18282442654205955,28.99541590074832,28.092985,0.9024307475500777,65.23968577668371,63.108208,2.1314780740469956,115.98166360299328,114.28196,1.6997040693018732,0.0006171102551573,0.00042214143,0.00019496882775025886,0.0003305792214,-0.00024262015,0.0005731993749854489
physics_guided_NN,75,2625,3,182,3.619498467870675,3.4214556,0.19804284615131484,14.4779938714827,13.784408,0.6935862558210797,32.575486210836075,31.508764,1.066721943868302,57.9119754859308,54.085964,3.8260112830499438,0.0070144320593859,0.0056825248,0.0013319073000634951,0.0039648740421015,0.0030106811,0.0009541929102468471
physics_guided_NN,75,2625,3,183,1.9798873455519888,2.2687113,-0.288823982954481,7.919549382207957,7.622813,0.2967361574154763,17.818986109967906,21.904654,-4.08566743922643,31.678197528831827,34.69501,-3.0168136100841885,0.0941693071010605,0.09543831,-0.0012690019127830354,0.0449022569114365,0.048654974,-0.003752716595490993
physics_guided_NN,75,2625,3,184,5.996641481246384,5.98852,0.008121335830124643,23.986565924985538,23.641796,0.34476981292499076,53.96977333121747,54.008316,-0.03854270882159483,95.94626369994216,96.16688,-0.2206140466398665,0.0038583919474686,0.003627526,0.00023086583929308405,0.0019486829404366,0.0015321268,0.00041655614027947033
physics_guided_NN,75,2625,3,185,13.490853166421708,13.215335,0.27551827414875874,53.96341266568683,53.110523,0.8528894418098787,121.4176784977954,118.84827,2.569411896232893,215.85365066274733,211.16968,4.683972928372327,0.0001522279969539,0.00096190063,-0.0008096726335462676,0.0001032532258526,0.0002809773,-0.0001777240882526574
physics_guided_NN,75,2625,3,186,2.222323046961649,2.541662,-0.3193389308062953,8.889292187846598,11.312339,-2.4230466411939293,20.000907422654844,23.177378,-3.17647027815082,35.55716875138639,45.37373,-9.816560954424155,0.0661146114947023,0.065585814,0.0005287970782937579,0.0346657305884439,0.03440924,0.0002564907002526734
physics_guided_NN,75,2625,3,187,6.834854351201392,6.367515,0.46733926407370685,27.33941740480557,26.674387,0.6650304266561555,61.51368916081253,57.309814,4.2038747076875325,109.35766961922228,103.98521,5.372463015218372,0.0294407228688673,0.028272573,0.0011681499640420895,0.0162392659874282,0.014742767,0.0014964985491356976
physics_guided_NN,75,2625,3,188,5.508561721758829,5.3948393,0.11372243495462975,22.03424688703532,21.849882,0.18436476118082723,49.57705549582946,48.895145,0.6819100795696968,88.13698754814126,86.67801,1.4589785149381385,0.0001195430414754,0.0003526587,-0.0002331156682685915,4.625905679853948e-05,-0.000159847,0.00020610605391988847
physics_guided_NN,75,2625,3,189,4.218381743038337,3.9111307,0.3072510763055485,16.873526972153346,16.238596,0.6349310096289322,37.96543568734502,35.34734,2.618096057218068,67.49410788861339,66.3607,1.1334053739649477,0.0164462909818377,0.019047212,-0.002600920873812248,0.0087446224236235,0.009831692,-0.0010870696684971478
physics_guided_NN,75,2625,3,190,6.070715567521796,5.8276343,0.24308123295758666,24.282862270087183,23.802223,0.4806390645207763,54.63644010769616,51.39638,3.2400587295223318,97.13144908034872,92.171425,4.96002421462606,0.0089544369942032,0.009083811,-0.0001293741995014048,0.0051754306945191,0.004146212,0.0010292189139113998
physics_guided_NN,75,2625,3,191,17.113728212773086,17.273092,-0.15936405712437463,68.45491285109235,70.07866,-1.6237462065248423,154.0235539149578,155.70293,-1.6793727207843858,273.8196514043694,276.17416,-2.354512413989994,0.0001759606813494,-1.5278898e-05,0.0001912395793397562,8.680755994717004e-05,-0.0001590549,0.0002458624672188086
physics_guided_NN,75,2625,3,192,16.765377557509378,16.457067,0.30831006788535475,67.06151023003751,65.70544,1.356073523494544,150.88839801758442,147.40207,3.4863289257875465,268.24604092015005,264.81842,3.427620509993801,0.0002322117757241,0.00041466477,-0.00018245299405392814,9.308705975010233e-05,0.0004128016,-0.00031971454100974663
physics_guided_NN,75,2625,3,193,7.972670060499945,7.797834,0.17483614097479894,31.89068024199978,31.190163,0.7005175833083754,71.75403054449951,69.699486,2.0545447656909204,127.56272096799913,123.186295,4.376426412335064,0.0010528434173093,0.0020088404,-0.0009559970243944963,0.0003687911527509,0.00068886427,-0.00032007311468029953
physics_guided_NN,75,2625,3,194,5.14007728651632,4.7869043,0.35317295149434713,20.56030914606528,18.77915,1.7811591369100057,46.26069557864688,43.060482,3.2002135535003973,82.24123658426112,74.28249,7.958742992952523,0.004602596349982,0.0050564995,-0.0004539031535709141,0.0017724866497323,0.001661965,0.00011052160831094625
physics_guided_NN,75,2625,3,195,4.374222196008239,3.8572786,0.5169436105742786,17.496888784032954,15.97552,1.5213686500607864,39.36799976407415,34.881657,4.486343117345633,69.98755513613182,64.095,5.892553915428692,0.0170992227250879,0.02103168,-0.003932456860488157,0.0076033468275715,0.009913473,-0.0023101265624712822
physics_guided_NN,75,2625,3,196,19.46692364231172,18.554163,0.9127606631857432,77.86769456924688,74.72631,3.1413838392664104,175.20231278080547,167.89499,7.307323767133596,311.4707782769875,300.2533,11.217482378550017,0.000132578219273,-0.00021706297,0.00034964119338883363,4.328241240399081e-05,-0.00032676235,0.0003700447666382243
physics_guided_NN,75,2625,3,197,17.058624699770295,16.685585,0.3730396777976388,68.23449879908118,67.01558,1.2189195754483677,153.52762229793265,149.82732,3.7003060137529644,272.9379951963247,265.9454,6.992591143590346,0.0001679906112009,-0.00010629519,0.0002742858035822671,5.574806046646049e-05,-0.0001111472,0.00016689526156263388
physics_guided_NN,75,2625,3,198,5.327162086150201,5.0752454,0.2519167057485898,21.308648344600805,20.427778,0.8808701005822499,47.94445877535181,45.29247,2.651989750693609,85.23459337840322,81.90601,3.328579889633687,0.0016698855709417,0.0025178366,-0.0008479510631279811,0.0007282481236476,0.0006475778,8.067031727167922e-05
physics_guided_NN,75,2625,3,199,9.437546265301124,9.444096,-0.006549346271141232,37.75018506120449,37.935596,-0.18541140485996266,84.93791638771012,84.21401,0.723904241714024,151.00074024481796,149.44434,1.5564043073179619,0.0005756730315145,0.0022406932,-0.00166502016513982,0.0003322665445334,0.0007215779,-0.00038931135965374286
physics_guided_NN,75,2625,3,200,22.61961912258584,22.212908,0.4067113314481432,90.47847649034335,88.87215,1.6063298838980415,203.57657210327253,201.19241,2.3841587731944003,361.9139059613735,352.2114,9.702510697701598,0.0001141156187301,0.00012814804,-1.4032417580349236e-05,6.600799078174634e-05,-0.0005226106,0.0005886186057893257
physics_guided_NN,75,2625,3,201,13.668170793570228,13.745284,-0.07711328693514297,54.67268317428091,55.17296,-0.500275199742525,123.01353714213204,123.08316,-0.06962325825858784,218.69073269712365,216.37683,2.31390164243615,0.0001222692364372,0.0006383089,-0.0005160396402225211,4.007678039428388e-05,9.755464e-06,3.0321316487370812e-05
physics_guided_NN,75,2625,3,202,11.35580565790681,11.103862,0.2519438491299546,45.42322263162724,44.50164,0.9215823118030215,102.20225092116132,99.26492,2.9373278254581976,181.69289052650896,178.2915,3.401386620258961,0.0005892622234714,0.0013260398,-0.0007367775592538745,0.0003103831629464,0.0006828081,-0.00037242494661271876
physics_guided_NN,75,2625,3,203,6.099337131658988,6.0833163,0.01602080551763052,24.39734852663595,24.11633,0.2810193335207174,54.894034184930895,54.59055,0.3034847159367544,97.5893941065438,97.39571,0.19368030039146333,0.0008351021352413,0.0011621261,-0.0003270239430290757,0.0004688958253512,0.0003835476,8.534823081324152e-05
physics_guided_NN,75,2625,3,204,3.654229721327012,3.3236005,0.3306291907026222,14.61691888530805,12.850474,1.7664445277030687,32.88806749194311,29.500303,3.3877642235104943,58.4676755412322,53.056545,5.411130283663837,0.051691310956815,0.04415504,0.007536272063592191,0.026566094994101,0.023118582,0.0034475133712620273
physics_guided_NN,75,2625,3,205,7.525671855633088,7.074762,0.4509099881098946,30.10268742253235,28.629084,1.4736037891095002,67.73104670069779,64.94351,2.7875347378071638,120.4107496901294,114.32708,6.083669917180188,0.0004529241974654,0.001085997,-0.0006330727795881827,0.0001743365785258,0.00033257934,-0.00015824275830182087
physics_guided_NN,75,2625,3,206,8.631411966777332,8.510844,0.12056773612547644,34.52564786710933,34.074116,0.4515321139354995,77.68270770099598,75.8776,1.8051060774608203,138.1025914684373,135.65022,2.452368690116998,0.0001689727022992,0.00044121585,-0.0002722431427585408,6.25208944075939e-05,9.067682e-06,5.345321222203437e-05
physics_guided_NN,75,2625,3,207,5.043821261829542,4.886059,0.1577624544564955,20.17528504731817,18.7981,1.377185529495904,45.39439135646588,44.464165,0.9302266225791627,80.70114018927268,76.101845,4.599295401675022,0.0009724139404781,0.0018623675,-0.0008899535582102998,0.0004515290792255,0.00039653908,5.4990000432942894e-05
physics_guided_NN,75,2625,3,208,23.292217264160296,23.057392,0.23482514379896813,93.1688690566412,92.82981,0.33905796044979297,209.62995537744268,208.43663,1.1933251284192465,372.6754762265648,369.6219,3.053589019533547,2.659360101201349e-05,-0.00049556704,0.0005221606457208913,1.5124534713654686e-05,-0.0003414982,0.0003566227403847416
physics_guided_NN,75,2625,3,209,5.350518837492076,5.4694877,-0.11896882959166444,21.402075349968303,21.239923,0.16215187279545162,48.15466953742869,49.587864,-1.4331943846904522,85.60830139987321,83.481804,2.126497505830244,0.0025677197588472,0.0023933137,0.0001744060752777686,0.0015007865704566,0.00091333536,0.0005874512108012793
physics_guided_NN,75,2625,3,210,6.07800615537599,6.0459757,0.032030470256360744,24.31202462150396,23.689579,0.622445611494193,54.70205539838391,55.330395,-0.6283393464891347,97.24809848601583,95.83754,1.410558813164272,0.0017510013597737,0.0023199962,-0.0005689948854317023,0.0009906774567312,0.0011785143,-0.00018783687205404056
physics_guided_NN,75,2625,3,211,28.743999303092217,28.415241,0.3287580616371386,114.97599721236888,114.554886,0.42111134811106865,258.69599372783,256.70795,1.9880469504862504,459.90398884947547,454.54984,5.354153644397343,2.374378387206449e-05,0.00073567725,-0.000711933470979843,7.698980896502559e-06,0.0002403011,-0.00023260212127049285
physics_guided_NN,75,2625,3,212,26.146974126092235,26.098482,0.04849199413422767,104.58789650436894,103.93514,0.6527539872790982,235.3227671348301,233.71268,1.6100901328769623,418.35158601747577,414.96576,3.3858267401320177,8.424729520175523e-05,-0.00071828166,0.0008025289577590294,2.614202680166244e-05,-0.0007164547,0.0007425967255058455
physics_guided_NN,75,2625,3,213,4.530610226306957,4.213236,0.31737437120441836,18.12244090522783,16.893757,1.2286840387727516,40.77549203676262,38.938965,1.8365271930126212,72.48976362091132,68.68508,3.804682138977725,0.0049127912106859,0.0043744403,0.0005383509169267922,0.0025183498720954,0.0019226312,0.0005957187014947471
physics_guided_NN,75,2625,3,214,5.242396247518047,5.218038,0.02435816539524449,20.96958499007219,22.003939,-1.034353684854569,47.18156622766243,47.128513,0.053052891480788844,83.87833996028876,87.546196,-3.667856023597963,0.0698451016483708,0.06897408,0.0008710239468021908,0.0398113174750342,0.03485143,0.004959885628415546
physics_guided_NN,75,2625,3,215,10.814507831856025,10.753881,0.060626377388251385,43.2580313274241,43.066788,0.1912436076975368,97.33057048670422,97.44977,-0.11919757970203193,173.0321253096964,173.56874,-0.5366155350301653,0.0005311337135578,0.0014897942,-0.0009586605174621141,0.0001835374468323,0.00062499463,-0.00044145718409305734
physics_guided_NN,75,2625,3,216,2.154736485165542,2.0798986,0.07483788935560565,8.618945940662169,7.602517,1.016428812671446,19.39262836648988,18.638319,0.7543093509869507,34.475783762648675,31.816952,2.6588320109396903,0.021262256864581,0.019752149,0.0015101083257531046,0.009969927364687,0.009116933,0.0008529946149387693
physics_guided_NN,75,2625,3,217,12.237226870029446,12.3903055,-0.15307864907455837,48.94890748011778,49.38721,-0.4383033658294835,110.13504183026502,111.08919,-0.9541457918052885,195.7956299204712,196.60628,-0.8106475453490987,0.0002909343505048,0.00062878424,-0.00033784989018432863,0.0001496760149094,0.00026548453,-0.00011580851533648525
physics_guided_NN,75,2625,3,218,19.78464324541212,20.10744,-0.3227977030742082,79.13857298164847,80.36044,-1.2218701335859095,178.06178920870903,181.50497,-3.4431851565253453,316.55429192659386,321.9342,-5.379912174968638,1.275368573239916e-05,-0.00037995176,0.0003927054438097673,4.492689823982283e-06,-0.00023104055,0.0002355332441779496
physics_guided_NN,75,2625,3,219,13.309044120368792,12.859946,0.449097869453265,53.23617648147517,51.32979,1.906388273467357,119.78139708331916,115.29196,4.489435413397288,212.94470592590068,204.36983,8.574878655392865,4.830784369470663e-05,-4.8099e-06,5.3117743714315535e-05,2.6325065316621536e-05,-0.00030713752,0.00033346259025855766
physics_guided_NN,75,2625,3,220,11.307875009931962,11.259954,0.0479205574173136,45.23150003972785,44.988094,0.2434057098938638,101.77087508938769,101.10763,0.663247220735343,180.9260001589114,178.3845,2.541493933325455,0.0007136289475482,0.0010608913,-0.00034726236686147326,0.0003676631191477,0.00017657396,0.00019108916113263065
physics_guided_NN,75,2625,3,221,9.478256013457584,9.171552,0.3067043090508452,37.913024053830334,37.149437,0.7635871031467403,85.30430412111826,83.0209,2.2834072094971702,151.65209621532134,148.43935,3.2127499018447736,0.0012844141265474,0.0010591558,0.00022525833175552267,0.0005032768036723,0.00024053696,0.00026273984406328325
physics_guided_NN,75,2625,3,222,13.894999628761749,13.543568,0.35143197129104564,55.579998515047,52.65329,2.926708720125127,125.05499665885574,121.31922,3.735775162273711,222.319994060188,214.48305,7.836946574836446,0.0012969932116305,0.0032531964,-0.0019562031545008055,0.0004428263265568,0.0012952284,-0.0008524020457711834
physics_guided_NN,75,2625,3,223,14.447331930863438,14.248834,0.19849827455240288,57.78932772345375,57.51578,0.2735463208658615,130.02598737777095,128.86191,1.1640794187865708,231.157310893815,227.37965,3.777656963150946,0.0021759700251027,0.0020855526,9.041747425040129e-05,0.0009541786954678,0.00050455995,0.0004496187417707742
physics_guided_NN,75,2625,3,224,8.981182992244404,9.218954,-0.23777109405930652,35.92473196897762,36.471584,-0.5468523510907417,80.83064693019965,82.45985,-1.6291995663823826,143.69892787591047,144.11734,-0.4184122119801543,0.0011296896718485,0.0013159927,-0.00018630300294182286,0.0006860938387613,0.00040049953,0.0002855943107201906
physics_guided_NN,75,2625,3,225,7.7161672104415935,7.669763,0.04640412221527512,30.86466884176637,30.775043,0.08962535421754225,69.44550489397436,69.24905,0.19645856829076536,123.4586753670655,123.958565,-0.49988939123528553,0.0013026966684824,0.00096424477,0.0003384518990619252,0.0004599777536131,-1.352923e-05,0.0004735069838860795
physics_guided_NN,75,2625,3,226,4.095482743334061,4.089444,0.006038582872634812,16.381930973336242,15.958175,0.4237562678308713,36.85934469000655,37.076126,-0.21678140862626094,65.52772389334497,64.07435,1.4533754436379382,0.0056955867479256,0.0074327923,-0.0017372055878230727,0.0033825872859603,0.0032119232,0.0001706641095375848
physics_guided_NN,75,2625,3,227,10.231510924923084,9.912352,0.3191593166467168,40.926043699692336,39.59572,1.3303253159032735,92.0835983243078,90.111145,1.9724533047765505,163.70417479876934,158.26825,5.435925287050594,0.0031694054962731,0.0024491148,0.0007202906893230077,0.0016588547677655,0.0011213018,0.0005375529817227501
physics_guided_NN,75,2625,3,228,3.184881272352736,3.1431239,0.04175740722517274,12.73952508941094,12.325648,0.41387678161064656,28.663931451174616,28.569853,0.09407862219512353,50.958100357643765,50.089245,0.8688555151144683,0.0008603869216376,0.00022939444,0.0006309924799342655,0.00043526885331,-0.00044669295,0.0008819618064290545
physics_guided_NN,75,2625,3,229,3.8755034178268417,3.850869,0.024634477473448158,15.502013671307369,15.384383,0.11763046970824753,34.879530760441575,35.329723,-0.45019259771272147,62.00805468522947,63.696712,-1.688657808667017,0.0376220106117254,0.03450555,0.003116460793448038,0.0197032850933418,0.019046629,0.0006566562456235617
physics_guided_NN,75,2625,3,230,13.096187721050416,12.818597,0.27759088114563113,52.38475088420167,51.37571,1.009041350510266,117.86568948945376,115.03417,2.8315174313482885,209.53900353680663,204.49722,5.041780636416007,0.0003686013558441,0.00061216945,-0.00024356809011388852,0.0001383982818233,0.00024832864,-0.00010993035527559353
physics_guided_NN,75,2625,3,231,15.49589578357424,15.063688,0.43220750537599706,61.98358313429696,59.801216,2.1823670088086757,139.46306205216817,135.94136,3.5217015785353567,247.93433253718783,238.20471,9.729620623125328,0.0001286864347713,0.00044914932,-0.00032046288163830276,5.178375834028999e-05,0.00015413607,-0.00010235231054585596
physics_guided_NN,75,2625,3,232,14.21872832320477,14.103679,0.11504961989666462,56.87491329281908,55.83237,1.0425425347624397,127.96855490884292,125.406685,2.561870033354637,227.49965317127632,224.82896,2.670688937877884,0.0007436961941599,0.0013564051,-0.0006127088954494249,0.0002563180051828,0.0004580597,-0.00020174168175177544
physics_guided_NN,75,2625,3,233,6.365380475719864,6.6024175,-0.23703699330479377,25.461521902879458,26.072119,-0.6105968562758157,57.288424281478775,58.79201,-1.5035869795075527,101.84608761151785,103.25386,-1.4077728621149674,0.0024841150245227,0.002448706,3.5409068182864004e-05,0.000903770183122,0.00094608276,-4.231257373259374e-05
physics_guided_NN,75,2625,3,234,8.901793449846561,8.824279,0.07751461836462781,35.607173799386246,35.190765,0.4164084185268706,80.11614104861906,78.80317,1.312971798130775,142.42869519754498,141.06865,1.360045905552795,0.00046763572442,0.0008870484,-0.00041941264811317237,0.0001891601681181,0.00015131276,3.7847403616900866e-05
physics_guided_NN,75,2625,3,235,3.0916709686905595,3.0974429,-0.005771896681144639,12.366683874762238,12.065352,0.30133143488186676,27.82503871821504,27.737165,0.0878732671652358,49.46673549904895,50.18688,-0.7201427052967517,0.0159311102514571,0.018360611,-0.0024295007998639297,0.0078598300226219,0.009636469,-0.0017766391627304246
physics_guided_NN,75,2625,3,236,2.2236122759748773,2.1251338,0.09847852315200134,8.89444910389951,8.369931,0.5245178828912085,20.01251048377389,18.836508,1.17600268653268,35.57779641559804,31.819126,3.7586702864476464,0.0235524198564675,0.024170067,-0.0006176473048541409,0.011216628490543,0.011803795,-0.0005871661616805874
physics_guided_NN,75,2625,3,237,8.44635258790726,7.6413126,0.8050399887251309,33.78541035162904,31.207247,2.5781635712335316,76.01717329116535,69.85802,6.159156323391912,135.14164140651616,124.41939,10.722253589133345,0.0004594601478973,0.00095672806,-0.0004972679170234533,0.0001758827418416,3.707651e-05,0.00013880623353540033
physics_guided_NN,75,2625,3,238,5.162931939493839,5.128643,0.03428890360516679,20.651727757975355,20.579542,0.07218559794117496,46.46638745544455,45.911068,0.5553194927980627,82.60691103190142,81.751816,0.8550952360029811,0.0005143995454245,0.00034231125,0.00017208829514577374,0.0002841226847598,0.00013731475,0.00014680793138571518
physics_guided_NN,75,2625,3,239,3.860819877299951,3.6680915,0.19272834173171383,15.443279509199805,14.673474,0.7698051973711912,34.74737889569956,34.066467,0.680911610543312,61.77311803679921,58.792553,2.980565088801164,0.0091644046176434,0.009240303,-7.589857091899396e-05,0.0048632619555952,0.004638819,0.00022444293162841075
physics_guided_NN,75,2625,3,240,25.906732600360822,25.50477,0.4019623214301582,103.6269304014433,102.441734,1.1851960874784595,233.16059340324745,230.06131,3.0992835887943215,414.5077216057732,408.84595,5.661774340148213,1.841717626413301e-05,-0.00035005817,0.00036847534234149353,5.6238899918926426e-06,-0.00013470362,0.00014032750590506024
physics_guided_NN,75,2625,3,241,3.311690133209241,3.2535508,0.05813936531068142,13.246760532836966,13.45086,-0.2040994906615694,29.80521119888318,28.427828,1.3773833638001705,52.98704213134786,51.837627,1.1494147204591911,0.0439182921568043,0.038330767,0.005587524853099088,0.025475870964637,0.019300977,0.006174894196500975
physics_guided_NN,75,2625,3,242,1.7554429941860044,1.5437467,0.21169628436239596,7.021771976744017,5.9098387,1.1119333002913807,15.798986947674042,15.374112,0.4248748184626159,28.08708790697607,24.80334,3.2837469951108353,0.0134955252942232,0.011301743,0.0021937824275878766,0.0063758596227622,0.005208402,0.001167457681999203
physics_guided_NN,75,2625,3,243,4.334239396506373,4.3467875,-0.012548056191381107,17.33695758602549,17.080643,0.2563148858301787,39.00815456855736,38.723774,0.2843806122585306,69.34783034410196,68.03672,1.3111100682230585,0.0046504906813592,0.004610289,4.0201793143181466e-05,0.0024048445911112,0.0020781676,0.0003266769626143148
physics_guided_NN,75,2625,3,244,2.831194021659799,2.8707168,-0.0395227885666416,11.324776086639195,11.923657,-0.598881330658168,25.48074619493819,26.52545,-1.0447035578694255,45.29910434655678,47.44784,-2.148737297730328,0.0016579272123121,0.0012328936,0.0004250336568869925,0.0007943360217938,6.974568e-05,0.0007245903437466161
physics_guided_NN,75,2625,3,245,4.158860795694611,4.068914,0.08994685907962108,16.635443182778445,16.2775,0.3579430301905546,37.42974716125151,37.237408,0.1923394769253406,66.54177273111378,64.97711,1.564660914707531,0.0013990833619159,-0.00024401219,0.0016430955517120944,0.0006251215055102,-0.0010846796,0.001709801126781989
physics_guided_NN,75,2625,3,246,4.81036473360478,4.6545815,0.15578318682133308,19.24145893441912,19.011063,0.23039631234880886,43.29328260244303,41.947105,1.3461771947281846,76.96583573767649,75.54719,1.4186479325007042,0.0015661768503117,0.0018985494,-0.0003323725304005111,0.0007907790158013,0.0007192575,7.152150180881158e-05
physics_guided_NN,75,2625,3,247,2.2574082006840026,2.496404,-0.23899573188740852,9.02963280273601,9.665748,-0.6361148397810794,20.316673806156025,23.902994,-3.586320349727764,36.11853121094404,39.34361,-3.22507764525713,0.0055781559777944,0.0069218324,-0.0013436764719398113,0.0031235568110924,0.003780334,-0.0006567772126663692
physics_guided_NN,75,2625,3,248,7.846664457009283,7.514781,0.3318834587793029,31.386657828037134,30.371744,1.0149136721533445,70.61998011308356,67.323425,3.2965548201148067,125.54663131214852,117.72573,7.820900416152426,0.0090756905137689,0.019735474,-0.01065978362568308,0.0046720260466103,0.010447983,-0.00577595665206867
physics_guided_NN,75,2625,3,249,28.380762567846283,27.870962,0.5098004249019468,113.52305027138512,112.05242,1.4706287015608979,255.42686311061647,251.3989,4.027967846944591,454.0922010855405,447.8942,6.198005528899898,4.805989300067394e-06,3.0697705e-05,-2.5891716069608136e-05,1.5777557169770771e-06,-0.00019650525,0.00019808300635905322
physics_guided_NN,75,2625,3,250,6.825494010946028,6.2269835,0.5985104637353347,27.301976043784112,24.78702,2.5149563141698543,61.429446098514255,56.245983,5.183462974734958,109.20790417513643,101.09203,8.115870788905966,0.0002377529422988,-4.290332e-05,0.0002806562630171238,9.985320277419948e-05,-4.0899173e-05,0.0001407523755196117
physics_guided_NN,75,2625,3,251,3.952458295443556,3.820924,0.13153425178816036,15.809833181774223,15.755422,0.054411543285453945,35.57212465899201,34.895237,0.6768876899978693,63.2393327270969,64.32586,-1.0865263427273177,0.0012538005827487,0.0016376696,-0.00038386904666865983,0.0005612408893033,0.00026251012,0.00029873077053009294
physics_guided_NN,75,2625,3,252,9.792727195423833,9.938393,-0.1456654437363234,39.17090878169533,39.71507,-0.5441600354433405,88.13454475881449,88.36446,-0.22991904733785873,156.6836351267813,158.96072,-2.2770887501718278,0.0001710836195905,-0.00037844022,0.0005495238411292673,9.995541500483102e-05,-0.00048799478,0.0005879501960016454
physics_guided_NN,75,2625,3,253,3.4345803368084304,3.2795513,0.15502906918452908,13.738321347233722,13.026765,0.7115564775437804,30.91122303127588,28.197287,2.71393642544092,54.95328538893489,48.54247,6.410816364276684,0.0026611976873825,0.0028642616,-0.00020306393608947532,0.0010771851087734,0.0007067601,0.00037042501240967677
physics_guided_NN,75,2625,3,254,4.052307745554791,3.8991687,0.15313901577268663,16.209230982219164,15.701772,0.5074592460741449,36.47076970999312,34.741173,1.7295969194657772,64.83692392887666,61.926083,2.9108413177926735,0.0093625321958848,0.007754661,0.0016078710530587192,0.0038074841465917,0.0027266534,0.0010808307886239657
physics_guided_NN,75,2625,3,255,3.027187167030083,3.0565093,-0.02932208933283187,12.108748668120333,11.530684,0.5780641969899616,27.24468450327075,28.583406,-1.338721945093507,48.43499467248133,47.67564,0.7593545662801588,0.0055681303165251,0.0063537476,-0.0007856172487741729,0.0025755250879823,0.002603537,-2.8011849403497286e-05
physics_guided_NN,75,2625,3,256,3.980147406033314,4.011857,-0.03170962674256472,15.92058962413326,16.290071,-0.3694818632934975,35.82132665429983,36.234344,-0.4130178281220438,63.68235849653304,64.352905,-0.6705467769044589,0.0057564682460349,0.005209932,0.0005465361422818098,0.0031730371800023,0.0025197158,0.0006533213698076885
physics_guided_NN,75,2625,3,257,16.73289790026411,16.687746,0.045151852290477024,66.93159160105644,67.86437,-0.9327806523615294,150.59608110237698,151.31905,-0.7229649181308275,267.72636640422576,263.55948,4.166887644460132,0.0002332219427874,0.0007894388,-0.0005562168390067606,9.261965698601845e-05,2.486105e-05,6.775860658012963e-05
physics_guided_NN,75,2625,3,258,5.36858180945762,5.2350907,0.13349107688315698,21.47432723783048,21.145573,0.32875457547696385,48.317236285118575,46.820168,1.497068743614669,85.89730895132192,85.51059,0.3867193517125429,0.0004469846464748,0.00059451343,-0.00014752878611362825,0.0002364886319732,9.389813e-05,0.0001425904999372256
physics_guided_NN,75,2625,3,259,9.44935743069088,8.985344,0.46401349758541066,37.79742972276352,36.26455,1.532880467392424,85.0442168762179,81.90982,3.1343963195772773,151.18971889105407,144.10374,7.085974384218133,0.0013726151480967,0.0023701927,-0.0009975775212353274,0.000520055893374,0.0011323408,-0.0006122848591456672
physics_guided_NN,75,2625,3,260,36.69037991599079,36.242573,0.44780713156696095,146.76151966396316,144.94421,1.8173057967756563,330.21341924391714,327.35107,2.8623450251671443,587.0460786558526,577.21234,9.833737347258875,8.439579992652557e-06,-0.00013311868,0.00014155825950680733,2.556230061778608e-06,-0.0005830581,0.0005856143367747755
physics_guided_NN,75,2625,3,261,8.777435505594772,8.383382,0.3940536620278774,35.10974202237909,33.175915,1.9338272579747908,78.99691955035294,75.05592,3.9409960884388795,140.43896808951635,133.30658,7.132388499672601,0.0006362908549372,0.0016738361,-0.0010375452896814901,0.0003463602748743,0.000615687,-0.00026932671824035024
physics_guided_NN,75,2625,3,262,6.689441324651211,6.628733,0.06070816653963895,26.757765298604845,26.462103,0.29566240859019643,60.2049719218609,59.606262,0.5987097148296527,107.03106119441938,105.445625,1.5854358892435982,0.0011259458063312,0.00081370113,0.00031224467448444436,0.0004455371934598,9.270301e-05,0.0003528341811177009
physics_guided_NN,75,2625,3,263,13.137181551136976,13.012882,0.12429931847096043,52.548726204547904,52.85864,-0.30991255887983016,118.2346339602328,117.74344,0.4911952395296737,210.1949048181916,209.52873,0.666172518386901,0.0003282486929789,0.00023517237,9.307632602265114e-05,0.0001391048912676,-0.00029862058,0.0004377254712646776
physics_guided_NN,75,2625,3,264,30.61536480815044,30.832579,-0.2172138509071786,122.46145923260175,124.1455,-1.6840409505037144,275.5382832733539,280.28757,-4.749283865317977,489.845836930407,498.88168,-9.035846419202358,3.097522702963724e-06,0.00048266342,-0.00047956590221546433,2.0917751936444143e-06,-6.335545e-05,6.54472270508499e-05
physics_guided_NN,75,2625,3,265,2.90160137349155,2.6321561,0.2694452398398166,11.6064054939662,10.471944,1.1344616386805555,26.114412361423955,23.684546,2.429866844456182,46.4256219758648,42.069813,4.355809201206597,0.0643182230866209,0.060651038,0.003667185244585605,0.0322949355780003,0.03152241,0.0007725237249252698
physics_guided_NN,75,2625,3,266,8.297198007439883,8.132496,0.1647021273129301,33.18879202975953,31.941732,1.247059623143322,74.67478206695897,72.810745,1.864036827701156,132.75516811903813,127.45383,5.301341214741257,0.0024584463830797,0.002139384,0.0003190624560920519,0.0012379774599722,0.0009238821,0.00031409533782064637
physics_guided_NN,75,2625,3,267,8.70126624102165,8.303197,0.3980693339781922,34.8050649640866,33.14765,1.6574132917233158,78.31139616919484,74.57838,3.733019399175305,139.2202598563464,132.07938,7.140883635643263,0.0019369601165026,0.002226484,-0.00028952389163081137,0.0009498812070567,0.0008641946,8.568661738967776e-05
physics_guided_NN,75,2625,3,268,4.792720021340485,4.620661,0.17205923948013346,19.17088008536194,19.3167,-0.14581989632751302,43.134480192064366,42.13541,0.9990698832264755,76.68352034144776,74.88965,1.7938719039477604,0.0012232172921167,0.0018648122,-0.0006415949283300655,0.0004758705536272,0.00040491516,7.095539242919492e-05
physics_guided_NN,75,2625,3,269,2.702378198376767,3.0275595,-0.32518132043731995,10.809512793507068,11.59471,-0.7851975565295533,24.321403785390903,27.645231,-3.3238274615573395,43.23805117402827,46.74281,-3.5047581216260255,0.0020694942609407,0.0028419415,-0.0007724472857080409,0.0009212032511435,0.000561705,0.00035949827559064306
physics_guided_NN,75,2625,3,270,9.319334939519518,9.083587,0.23574824670945915,37.27733975807807,36.701427,0.5759122983612741,83.87401445567566,82.57869,1.2953248804803508,149.10935903231228,146.72128,2.388076073327909,0.0009879169614187,0.0015381625,-0.000550245507513869,0.0003680971261737,0.00048237186,-0.00011427473657121248
physics_guided_NN,75,2625,3,271,4.881242485620905,4.6906133,0.19062921581499648,19.52496994248362,18.474646,1.0503243278595953,43.93118237058814,40.953087,2.9780955175607957,78.09987976993447,74.83433,3.2655520721805686,0.0128269563999773,0.01925204,-0.0064250830921529795,0.0059999465093674,0.008910455,-0.00291050830029828
physics_guided_NN,75,2625,3,272,14.292671947859512,13.938989,0.35368326225160196,57.17068779143805,56.14376,1.0269271102857047,128.6340475307356,125.996864,2.6371832118879297,228.6827511657522,225.3416,3.3411526550100064,0.0019166611088369,0.0018738628,4.279829561002141e-05,0.0007635987457393,0.0007997545,-3.6155772344927985e-05
physics_guided_NN,75,2625,3,273,7.045485155741367,6.730957,0.3145281244913667,28.181940622965467,27.235073,0.9468675333658574,63.40936640167231,61.51402,1.8953473892211363,112.72776249186188,107.96652,4.761240275065006,0.0069333251484901,0.009480951,-0.002547626205417485,0.0034854932360715,0.004686595,-0.0012011017046504886
physics_guided_NN,75,2625,3,274,4.407115703618412,4.0873017,0.3198139725087925,17.628462814473647,17.107975,0.520487808370131,39.6640413325657,37.5526,2.111440471969999,70.51385125789459,66.30175,4.212101074789118,0.0077605530017186,0.008800131,-0.001039578267080705,0.0045699095600456,0.004402099,0.0001678103828042744
physics_guided_NN,75,2625,3,275,37.214319500872,36.519604,0.6947157716239545,148.85727800348798,146.63618,2.2210933111051645,334.928875507848,328.27673,6.652142109410477,595.4291120139519,582.56854,12.860569533483158,4.551579734047782e-05,-0.00018529044,0.0002308062361620171,1.4270137376649677e-05,-0.0006512058,0.0006654759108419851
physics_guided_NN,75,2625,3,276,13.273485211988923,13.353721,-0.08023545298910406,53.0939408479557,53.249783,-0.15584171430015914,119.46136690790031,121.43319,-1.9718224841895307,212.3757633918228,209.18173,3.194031214088426,0.0034976892428968,0.0050674025,-0.0015697132540371372,0.0019835584359255,0.0029386643,-0.000955105849540575
physics_guided_NN,75,2625,3,277,3.74602773446589,4.1706057,-0.4245779250189732,14.98411093786356,16.18473,-1.2006195919215958,33.714249610193015,35.783855,-2.069605828039407,59.93644375145424,61.268528,-1.332084233164899,0.0091952397875411,0.011443596,-0.0022483565457242054,0.0046842532596189,0.0054300493,-0.0007457960033219833
physics_guided_NN,75,2625,3,278,12.70223693371022,12.582419,0.1198175382634421,50.808947734840885,50.925907,-0.11695940016888073,114.320132403392,113.33307,0.9870635557357446,203.2357909393636,202.5587,0.6770903778401589,0.001679330857394,0.0018696057,-0.00019027488034431138,0.0006904056772013,0.0008081099,-0.00011770420136109083
physics_guided_NN,75,2625,3,279,2.353569305420612,2.3975365,-0.04396721076896304,9.414277221682443,10.290521,-0.8762434463473419,21.182123748785504,21.07607,0.1060529632630427,37.65710888672978,39.492573,-1.8354638976940478,0.0336812896818581,0.035736974,-0.0020556846468982315,0.0198131262093373,0.018874887,0.0009382388323136044
physics_guided_NN,75,2625,3,280,15.950585933670816,16.15303,-0.20244446183699694,63.80234373468327,65.0276,-1.2252594147307931,143.55527340303735,145.95071,-2.395440708290778,255.20937493873308,259.8543,-4.644934143298173,0.0006476521125168,0.00056991255,7.77395657368396e-05,0.0002960091752008,2.2384198e-05,0.00027362497718210106
physics_guided_NN,75,2625,3,281,16.470581763807967,16.350817,0.11976503712339692,65.88232705523187,65.45299,0.42933938433343144,148.23523587427172,146.86415,1.3710848732951604,263.5293082209275,262.06573,1.4635733576462258,0.0002146165988067,-1.7600685e-05,0.00023221728397557258,0.0001189184716223,-0.00012699087,0.0002459093396337895
physics_guided_NN,75,2625,3,282,16.345825809393947,16.781534,-0.43570838555234204,65.38330323757579,67.45677,-2.0734686130101494,147.11243228454552,150.2227,-3.110269741821668,261.53321295030315,267.2209,-5.687673280165598,0.0001094458387728,0.0006507574,-0.0005413115610805189,3.5893563928417205e-05,-0.00042251815,0.00045841171131689036
physics_guided_NN,75,2625,3,283,3.28954259845544,3.096966,0.19257657024193886,13.15817039382176,12.323188,0.8349825657577945,29.605883386098963,28.658808,0.9470756315823614,52.63268157528704,50.500996,2.1316859393007093,0.0320310694199761,0.034807716,-0.002776646144990104,0.0173829911004699,0.018809976,-0.001426984955748247
physics_guided_NN,75,2625,3,284,7.2984879994898435,7.298584,-9.598488515649706e-05,29.19395199795937,29.059752,0.13420048733925327,65.6863919954086,65.66294,0.023451016404692382,116.7758079918375,118.23792,-1.4621146766195352,0.0008456361622578,0.0014819786,-0.0006363424097159411,0.0004792154817527,0.00062466424,-0.00014544876248931253
physics_guided_NN,75,2625,3,285,9.511313477953488,9.350685,0.16062835832458155,38.04525391181395,38.10799,-0.0627363530786269,85.6018213015814,85.85675,-0.2549291866998544,152.1810156472558,150.75499,1.4260260232323674,0.0086822494139865,0.0100276265,-0.0013453771153494748,0.0048897124716222,0.005061918,-0.00017220546666982684
physics_guided_NN,75,2625,3,286,2.44650227695198,2.6814,-0.23489778370170633,9.78600910780792,10.013488,-0.22747870804901282,22.018520492567824,23.680387,-1.6618670043804187,39.14403643123168,41.627575,-2.483538489422614,0.0590871401965537,0.059703477,-0.0006163365304551194,0.0294644072985578,0.03132258,-0.001858172532327132
physics_guided_NN,75,2625,3,287,3.1564528777367995,3.163862,-0.0074091122381760854,12.625811510947198,12.594926,0.030885630515069096,28.4080758996312,28.572096,-0.16401997134047974,50.50324604378879,48.258022,2.2452237354391826,0.0051615459508528,0.00480693,0.0003546157515873201,0.0021126505918158,0.0014463131,0.0006663374834982461
physics_guided_NN,75,2625,3,288,5.872865552500903,5.7420692,0.13079630811613718,23.49146221000361,22.790764,0.7006983550231425,52.85578997250813,51.59103,1.2647598516585177,93.96584884001444,91.76902,2.1968287594480387,0.0020969147092439,0.0014315442,0.000665370514314598,0.0011344728085061,0.0005980114,0.000536461386535077
physics_guided_NN,75,2625,3,289,6.899066805394647,6.9239993,-0.024932504145147583,27.59626722157859,27.482567,0.11370038808249561,62.09160124855183,61.853935,0.23766600685261352,110.38506888631436,110.75219,-0.3671207499161113,0.0057944792830336,0.010561878,-0.004767398578585396,0.0027517948385201,0.0048622517,-0.0021104568530001143
physics_guided_NN,75,2625,3,290,3.057340019729543,3.0234716,0.03386842587273131,12.229360078918171,11.969008,0.26035163317842525,27.516060177565887,27.94433,-0.4282700378882147,48.917440315672685,47.561817,1.3556231464832322,0.0098294118997986,0.010611008,-0.0007815960215990861,0.0047039950770803,0.00439435,0.00030964496932106306
physics_guided_NN,75,2625,3,291,3.746862926135832,3.468334,0.2785289665563644,14.987451704543329,13.47067,1.5167819581444029,33.72176633522249,31.873137,1.8486298148367482,59.94980681817332,56.207172,3.7426344243744936,0.0321559775290597,0.03530231,-0.0031463336529623936,0.0174537840527734,0.017922165,-0.0004683808195153037
physics_guided_NN,75,2625,3,292,8.343765300853464,8.12711,0.21665577326557361,33.37506120341386,31.952543,1.4225179447468648,75.09388770768119,74.02772,1.0661701173491593,133.50024481365543,129.60643,3.8938147599444903,0.0023396229938415,0.0012565552,0.0010830677914244243,0.0011108897732691,0.00029462608,0.000816263694002209
physics_guided_NN,75,2625,3,293,6.912158087400874,6.527983,0.3841748987717235,27.648632349603496,25.558395,2.090236963861308,62.20942278660787,59.288193,2.9212300375844293,110.59452939841398,103.583336,7.011193521949139,0.0017664513295426,0.003208086,-0.0014416345650420557,0.0010284829600375,0.0014393589,-0.00041087596261540015
physics_guided_NN,75,2625,3,294,4.809114876478157,4.61361,0.19550508567615488,19.236459505912627,18.017653,1.2188069943159476,43.28203388830342,41.158504,2.1235294022194324,76.94583802365051,71.949425,4.9964132799981655,0.0042279139598742,0.005004655,-0.0007767411442563066,0.0022359855189291,0.0019667025,0.0002692829999444246
physics_guided_NN,75,2625,3,295,13.659789750679543,13.554255,0.10553521881919181,54.63915900271818,54.39349,0.24566916507169623,122.93810775611594,121.47775,1.460355070569065,218.55663601087272,213.97496,4.581675683724285,0.0001424359458407,0.00046666796,-0.0003242320138587072,4.659443460052538e-05,-0.00015499853,0.00020159296639842619
physics_guided_NN,75,2625,3,296,2.1332323455195263,2.132181,0.0010514163355663797,8.532929382078105,7.9942274,0.5387019727153124,19.19909110967573,18.879866,0.31922546331342616,34.13171752831242,32.65848,1.4732359304120308,0.0098364897009382,0.014193976,-0.004357486597036386,0.0044436721080761,0.006398656,-0.0019549838317711307
physics_guided_NN,75,2625,3,297,3.3799221720017094,3.35973,0.020192166737427186,13.519688688006838,13.467324,0.052364431109864995,30.41929954801539,31.772799,-1.3534989901926195,54.07875475202735,53.22954,0.8492129734628975,0.0082954048157966,0.007954606,0.0003407989607488969,0.0037508425372899,0.0034811404,0.00026970217705373205
physics_guided_NN,75,2625,3,298,5.026545090163434,4.994784,0.03176121183701763,20.10618036065373,19.557474,0.548706224301192,45.2389058114709,44.618748,0.6201581002892596,80.42472144261494,80.26432,0.16040106907978213,0.001243399244433,0.002770829,-0.001527429770047114,0.000624505923883,0.0009849934,-0.0003604874901390285
physics_guided_NN,75,2625,3,299,1.8195624528940275,1.4309576,0.3886048971231535,7.278249811576109,6.4339323,0.844317507193785,16.37606207604625,13.850247,2.5258146929285736,29.11299924630444,21.849316,7.263683602993893,0.2723226777781321,0.21596988,0.05635280232322948,0.1255070194837914,0.105329156,0.020177863561855358
physics_guided_NN,75,2625,3,300,1.6465677845908904,1.4779851,0.16858264092939135,6.5862711383635615,6.5366735,0.04959759252615914,14.819110061318012,16.092794,-1.2736843570169487,26.34508455345425,26.540646,-0.1955610459109849,0.0053661383744736,0.005995412,-0.000629273517016621,0.003018044824529,0.0036015322,-0.0005834873720970673
physics_guided_NN,75,2625,3,301,16.74379218263693,16.691528,0.05226386232443048,66.97516873054772,66.731514,0.24365475349694066,150.6941296437324,150.10081,0.5933148243964581,267.9006749221909,267.96786,-0.06719006804348737,0.0001430912625076,0.0010004899,-0.000857398660664099,4.563881016347726e-05,-5.186084e-05,9.749964961211366e-05
physics_guided_NN,75,2625,3,302,7.957546968299408,7.980245,-0.022698145073394294,31.83018787319764,32.317463,-0.48727504794493726,71.61792271469469,71.95353,-0.3356066432154705,127.32075149279054,129.25995,-1.939197237678215,0.0006230565533653,0.0014767166,-0.0008536600460618636,0.0003392071044096,0.0003924161,-5.320900934513439e-05
physics_guided_NN,75,2625,3,303,6.405124527019185,6.262288,0.1428364334522909,25.62049810807674,23.935135,1.6853632203814293,57.646120743172666,56.52754,1.1185824436121194,102.48199243230697,97.88416,4.597829529474936,0.004755179215217,0.006214443,-0.0014592639133390135,0.0023638548705741,0.0024515742,-8.771932646490805e-05
physics_guided_NN,75,2625,3,304,3.425345728870783,3.4545085,-0.029162814143743443,13.701382915483132,13.665807,0.035576145158424666,30.828111559837044,30.087694,0.7404173917462238,54.80553166193253,52.39873,2.4068004302430737,0.0034986044855366,0.0034841225,1.4482030416513181e-05,0.0014357858731673,0.000900474,0.0005353118454367754
physics_guided_NN,75,2625,3,305,2.917398062455377,2.888964,0.028434124695977392,11.669592249821507,11.735816,-0.06622375207058262,26.256582562098394,26.772772,-0.5161892732287541,46.67836899928603,45.46358,1.2147879140809508,0.0084142428281328,0.007682397,0.0007318457978388593,0.0047443954097332,0.0040041003,0.00074029507210865
physics_guided_NN,75,2625,3,306,5.754397997767394,5.754778,-0.00037991055780128846,23.017591991069576,23.165714,-0.14812227284643953,51.78958197990654,50.67381,1.1157729283928717,92.0703679642783,91.39342,0.6769506058798669,0.0014149885573399,0.0025175503,-0.001102561695038087,0.0005086532034373,0.0009587734,-0.0004501202204802916
physics_guided_NN,75,2625,3,307,10.072462620194765,9.900691,0.1717715877850967,40.28985048077905,39.72428,0.5655691697438954,90.65216358175287,89.03155,1.6206160353661545,161.1594019231162,160.17775,0.981652289327144,0.0002550996273166,2.8921377e-06,0.0002522074896441389,8.746424448895865e-05,0.0001551412,-6.767695428584106e-05
physics_guided_NN,75,2625,3,308,3.4834861818181566,3.2445982,0.23888803156486071,13.933944727272626,13.265254,0.6686907065817085,31.35137563636341,29.665762,1.685613688731575,55.735778909090506,53.128628,2.6071511319908964,0.002491632809419,0.0026700827,-0.00017844991989079744,0.0010508586143555,0.0007370451,0.000313813537679787
physics_guided_NN,75,2625,3,309,7.393707864071475,7.2656465,0.1280614063993557,29.5748314562859,29.017199,0.5576328936638291,66.54337077664327,65.292854,1.2505164675612406,118.2993258251436,116.07011,2.2292193187959413,0.0015032148082635,0.00072977407,0.0007734407415507928,0.0005255338881616,-0.00018448374,0.0007100176270105396
physics_guided_NN,75,2625,3,310,5.040647502336177,5.2659993,-0.22535181483301248,20.162590009344708,20.512682,-0.3500919517148624,45.3658275210256,45.793888,-0.42806057101541484,80.65036003737883,80.75928,-0.10891730637116837,0.0071872319646521,0.00867128,-0.0014840480319814296,0.0036463863795841,0.0039465944,-0.00030020804868695523
physics_guided_NN,75,2625,3,311,4.900127945157423,4.6211367,0.2789912798131846,19.60051178062969,18.74525,0.8552610787253947,44.101151506416805,40.419262,3.6818895740437583,78.40204712251877,74.21,4.19204803804611,0.0134666170299488,0.014789358,-0.0013227407514614167,0.0073882484051204,0.007673848,-0.0002855995495998588
physics_guided_NN,75,2625,3,312,9.575764391639913,9.582473,-0.006708409568583207,38.30305756655965,38.03408,0.2689770611885578,86.18187952475922,85.03882,1.1430611653842249,153.2122302662386,153.67395,-0.4617199290738938,0.000124076545307,0.000106620515,1.7456030308787547e-05,4.177622430828251e-05,-0.00053138647,0.0005731626919364635
physics_guided_NN,75,2625,3,313,27.362856253186045,27.033342,0.32951389173585,109.45142501274418,108.06663,1.384797510302775,246.2657062786745,243.74966,2.516041972033861,437.8057000509767,434.67606,3.1296441427736,3.5870094095143644e-05,-0.0014249842,0.0014608542856394977,1.6739638684653904e-05,-0.0004996563,0.0005163959461956855
physics_guided_NN,75,2625,3,314,4.69416689200374,4.5470076,0.1471593312737598,18.77666756801496,18.861431,-0.08476355381121081,42.24750202803367,41.78557,0.46193379072898466,75.10667027205984,72.631386,2.475284468837188,0.0047924994317345,0.0051412284,-0.00034872900568920593,0.0024654522493191,0.002487693,-2.2240732639289273e-05
physics_guided_NN,75,2625,3,315,6.178756250881438,6.0813475,0.09740878536630149,24.71502500352576,24.288904,0.42612081346228337,55.60880625793294,54.988564,0.620242720335284,98.860100014103,96.888504,1.9715959857826846,0.0114587731610162,0.013067455,-0.0016086818699615254,0.0051586488457611,0.0067633493,-0.001604700441450795
physics_guided_NN,75,2625,3,316,10.537861182235591,9.874782,0.6630795736540485,42.151444728942366,39.734146,2.417298610778303,94.84075064012032,88.97284,5.867911284651569,168.60577891576946,158.05768,10.548100693113213,0.0004307148077118,0.00072287576,-0.0002921609526907304,0.0001462191742387,0.00017298743,-2.676826054152516e-05
physics_guided_NN,75,2625,3,317,12.939376374550164,12.843934,0.09544231540709802,51.75750549820065,51.40034,0.35716446426510373,116.45438737095148,115.78715,0.6672398489788236,207.0300219928026,203.50969,3.520332661747915,4.9357942611402576e-05,0.00032180073,-0.00027244279060656694,1.6303306754413276e-05,-0.00014279541,0.00015909871885712746
physics_guided_NN,75,2625,3,318,2.172886514468425,2.2885978,-0.11571130772090621,8.6915460578737,8.474832,0.21671447675797673,19.555978630215822,21.01261,-1.4566308515957012,34.7661842314948,36.37105,-1.6048675568352806,0.0189091823516967,0.024256637,-0.005347454968225748,0.0089090327873262,0.012347334,-0.0034383012772170474
physics_guided_NN,75,2625,3,319,8.448452699514577,8.10411,0.34434293541545635,33.79381079805831,32.34982,1.4439916147087004,76.0360742956312,72.40222,3.6338526159436952,135.17524319223324,131.42274,3.7524984412566766,0.0012260455321675,0.002000276,-0.0007742304671401324,0.0005903631740103,0.0005898437,5.19451018654647e-07
physics_guided_NN,75,2625,3,320,3.427925651107885,3.175062,0.25286370996103447,13.711702604431542,13.125949,0.5857536984867178,30.851330859970968,27.878805,2.972525699448507,54.84681041772617,49.72459,5.122220116212496,0.024766817102743,0.023994023,0.000772794122410627,0.0127022602853013,0.012320108,0.00038215250490436156
physics_guided_NN,75,2625,3,321,29.097526462261825,28.652822,0.44470396775498955,116.3901058490473,115.38172,1.0083843524652707,261.87773816035644,259.37695,2.5007850353564436,465.5604233961892,459.9884,5.572020075876708,8.511144075118383e-06,0.00040909267,-0.00040058152273898535,2.725751783619145e-06,-1.7792825e-05,2.051857680318828e-05
physics_guided_NN,75,2625,3,322,7.593919151651635,7.3678026,0.22611653171755286,30.37567660660654,29.821692,0.5539850935450161,68.34527236486471,67.145874,1.1993983414272122,121.50270642642616,118.68888,2.813825506016002,0.0001911250209663,0.0005638664,-0.0003727413796592567,8.624322031994738e-05,-0.00016891668,0.00025515990233418917
physics_guided_NN,75,2625,3,323,8.599959126471477,8.327022,0.272937527655559,34.39983650588591,33.398563,1.0012731208761423,77.39963213824329,74.36025,3.0393797578721973,137.59934602354363,135.5604,2.0389517364342566,0.0008660307616892,0.0015080766,-0.0006420457971317033,0.0004284060834188,0.00039375652,3.464956364855029e-05
physics_guided_NN,75,2625,3,324,6.929553255474268,6.7817874,0.1477658599969729,27.71821302189707,27.58108,0.1371335388648447,62.36597929926842,61.798813,0.5671664330574799,110.87285208758829,109.60908,1.2637746339750038,0.0012047397312182,0.0018108812,-0.0006061414615777323,0.0004367115094644,0.00062847405,-0.0001917625425997208
physics_guided_NN,75,2625,3,325,6.426156437982037,6.2383137,0.18784276305527925,25.70462575192815,24.432117,1.2725082897699451,57.83540794183834,55.61572,2.2196891002856063,102.8185030077126,97.87343,4.9450746629860305,0.0064396615284435,0.0049732914,0.0014663701089970317,0.0036335959839936,0.0023047274,0.0013288685395683748
physics_guided_NN,75,2625,3,326,8.42516544590078,8.263191,0.16197422275624795,33.70066178360312,33.10461,0.5960513404878824,75.82648901310701,74.711205,1.1152844842984138,134.80264713441247,132.6325,2.1701398101937173,0.0007848245484217,0.0013236244,-0.0005387998492063093,0.0004344438365734,0.00030774725,0.00012669658638339527
physics_guided_NN,75,2625,3,327,4.412935087080895,4.172212,0.24072296321004583,17.65174034832358,16.74852,0.9032204508626442,39.71641578372805,38.46509,1.251324078405787,70.60696139329433,66.91106,3.6959048747396395,0.0101735870547631,0.010807218,-0.0006336309753320005,0.0047730152429422,0.0045600887,0.00021292650414310443
physics_guided_NN,75,2625,3,328,7.5170823389073185,7.1382675,0.3788148218174747,30.06832935562928,28.6616,1.406729242714242,67.65374105016586,64.820496,2.8332454446971127,120.2733174225171,113.41843,6.854890908845221,0.0001234324607741,0.0006247963,-0.0005013638566505252,5.293154619055565e-05,0.00019840649,-0.00014547494127993706
physics_guided_NN,75,2625,3,329,4.07272597176347,3.9344027,0.13832326752457824,16.29090388705388,15.382167,0.9087370245660864,36.65453374587123,35.77287,0.8816646357638049,65.16361554821552,63.801403,1.3622125025612206,0.0043887952069441,0.004632965,-0.00024416998897994376,0.0022654600870637,0.0025486837,-0.00028322358049175144
physics_guided_NN,75,2625,3,330,4.869981394099291,4.608385,0.2615963080397208,19.479925576397164,18.783585,0.6963409816706019,43.82983254689363,42.003452,1.8263802458682363,77.91970230558866,73.90546,4.0142457626199075,0.0037529335838289,0.0037805096,-2.7575994235183934e-05,0.0020964863951937,0.002171107,-7.462070699178766e-05
physics_guided_NN,75,2625,3,331,2.740416792064702,2.9226916,-0.18227479156872084,10.961667168258808,11.488021,-0.526353728652813,24.66375112858232,27.12237,-2.458618637653032,43.84666867303523,46.176456,-2.3297877783807834,0.0027541455695849,0.003114095,-0.0003599493881244124,0.0011736569136816,0.0011668488,6.808098635349095e-06
physics_guided_NN,75,2625,3,332,4.689752631874905,4.514872,0.1748805577477075,18.75901052749962,17.94695,0.8120596150240331,42.20777368687415,41.419888,0.7878861441495388,75.03604210999848,76.01897,-0.9829245648062113,0.0002595489832989,0.001115139,-0.0008555900084369756,0.0001464727695583,0.00055517454,-0.00040870177210135315
physics_guided_NN,75,2625,3,333,8.291061477848935,8.12194,0.16912181873028231,33.16424591139574,33.287693,-0.123447112285902,74.61955330064042,74.112915,0.506638261577919,132.65698364558295,132.41011,0.24687317195014202,0.0012329691118306,0.0010399687,0.0001930004247209507,0.0004500177181865,5.3675376e-06,0.00044465018058988776
physics_guided_NN,75,2625,3,334,3.914186503897979,3.4743927,0.43979385138638216,15.656746015591915,14.605748,1.0509978390172083,35.227678535081814,32.675777,2.55190109977908,62.62698406236766,57.90389,4.723095359975083,0.0009288848416438,0.0015657324,-0.0006368475694651111,0.0004453038831807,7.542069e-05,0.00036988319102509667
physics_guided_NN,75,2625,3,335,25.1328188831624,25.452549,-0.3197300975504902,100.53127553264956,101.86883,-1.3375522871746597,226.19536994846155,229.04039,-2.8450200661868905,402.1251021305983,404.25168,-2.126576336198582,0.0001903026817388,0.00026546037,-7.515769232780615e-05,0.0001077115960306,0.00016298084,-5.526924334666915e-05
physics_guided_NN,75,2625,3,336,6.472741479369782,6.1752286,0.2975128836361396,25.89096591747913,24.450043,1.4409231928697537,58.25467331432804,55.9755,2.279175114865147,103.56386366991651,99.089745,4.474119102045421,0.0021580220898634,0.0011630639,0.0009949581697603865,0.0012516940494875,0.00044144908,0.000810244966332479
physics_guided_NN,75,2625,3,337,2.19318210332456,2.1118557,0.08132635800900845,8.772728413298237,8.219865,0.5528635680223584,19.738638929921034,18.291784,1.4468546434220109,35.09091365319295,31.512249,3.578664660273027,0.0044848797070244,0.004994272,-0.0005093920817217188,0.0022966476773838,0.0021296726,0.00016697511654295474
physics_guided_NN,75,2625,3,338,3.760549761403825,3.8469903,-0.08644058550474432,15.0421990456153,15.301475,-0.25927552561272726,33.84494785263442,34.38838,-0.5434302906761275,60.1687961824612,60.38271,-0.2139133207126278,0.0104211646201969,0.010429413,-8.248437666813144e-06,0.0049680812583918,0.005248408,-0.00028032657488637897
physics_guided_NN,75,2625,3,339,2.1208016388357214,2.0509121,0.06988949703579461,8.483206555342885,8.836999,-0.3537923841712747,19.087214749521493,20.845243,-1.758028704457999,33.93282622137154,35.375538,-1.4427116509429112,0.0041512323247282,0.004343062,-0.00019182984884696247,0.0022118948623552,0.002056742,0.0001551527753486312
physics_guided_NN,75,2625,3,340,11.216034534800285,11.278506,-0.06247174419141466,44.86413813920113,45.476112,-0.6119742265215251,100.94431081320252,101.68846,-0.7441504905084173,179.45655255680452,179.73572,-0.27916521663297544,0.0002783640115919,0.00069152046,-0.0004131564460297638,0.0001038740526446,9.912448e-05,4.749571150527174e-06
physics_guided_NN,75,2625,3,341,9.523504006513493,9.461007,0.06249688828839517,38.09401602605397,38.268578,-0.17456154962962245,85.71153605862143,85.749695,-0.038158765597316346,152.37606410421589,153.51274,-1.1366769846513023,0.0003770117774633,0.00083236577,-0.0004553539901013245,0.0001433844429987,0.00018480615,-4.142170808403925e-05
physics_guided_NN,75,2625,3,342,7.993521538074312,7.797151,0.19637044935971204,31.974086152297247,30.756914,1.2171720135033013,71.9416938426688,70.28763,1.6540656688406727,127.896344609189,121.15227,6.744077153134313,0.0020092433294752,0.0014353407,0.0005739025980704784,0.0009171361231079,0.00041331523,0.0005038208979481506
physics_guided_NN,75,2625,3,343,7.185916582313517,7.2964396,-0.1105230653610434,28.74366632925407,28.350594,0.39307276235953736,64.67324924082166,65.21552,-0.5422735252916198,114.97466531701627,112.708595,2.266070041137368,0.000724750190758,0.002669767,-0.0019450168201990026,0.0003352589269806,0.00047908616,-0.00014382722972106912
physics_guided_NN,75,2625,3,344,5.949236483628002,5.733033,0.2162033033911852,23.796945934512006,22.16659,1.63035619757353,53.54312835265202,52.02458,1.518550258169597,95.18778373804804,88.40845,6.77933647242304,0.0013048736344554,0.0013326438,-2.7770156646473015e-05,0.0005244939810539,0.00033265734,0.0001918366459606551
physics_guided_NN,75,2625,3,345,4.286441707300471,4.348729,-0.06228742630548645,17.145766829201882,16.958706,0.18706092710227296,38.57797536570424,38.579376,-0.0014008549988844265,68.58306731680753,67.671326,0.9117416332137793,0.0028437688609027,0.0023127492,0.0005310197023116678,0.0011295705838431,0.00041429428,0.0007152763058267861
physics_guided_NN,75,2625,3,346,8.163261684614895,8.002172,0.16108921452212144,32.65304673845958,32.39356,0.2594882362623139,73.46935516153405,71.48819,1.9811654642684289,130.61218695383832,129.05602,1.5561719391898805,0.0006425122506983,0.0015395776,-0.0008970653628863972,0.0003663341015629,0.00044441674,-7.808264097613327e-05
physics_guided_NN,75,2625,3,347,12.883432675947349,12.557774,0.32565908585945813,51.53373070378939,50.946075,0.5876552643362629,115.95089408352612,113.38491,2.565983500030029,206.13492281515755,202.13084,4.004078698946614,0.0003697011528619,0.0003006248,6.907636668424991e-05,0.0001240212290362,-0.00017548297,0.0002995042008627683
physics_guided_NN,75,2625,3,348,4.100810975148651,3.9631598,0.13765117557284512,16.403243900594603,15.662633,0.7406109583948961,36.90729877633785,35.62944,1.277858468720666,65.61297560237841,60.32089,5.292087083091303,0.0051249133027013,0.006344371,-0.001219457706916744,0.0023572391470778,0.002295255,6.198418455898892e-05
physics_guided_NN,75,2625,3,349,2.419211174485898,2.2127793,0.20643189096233838,9.676844697943592,8.698926,0.9779187259587285,21.77290057037308,21.025976,0.746924389342805,38.70737879177437,35.38484,3.3225406875263204,0.0054717198955274,0.006476911,-0.0010051908893131834,0.0025762914917015,0.0023870997,0.00018919182518054673
physics_guided_NN,75,2625,3,350,10.701749523630667,10.824169,-0.12241963530487965,42.80699809452268,42.90255,-0.09555164912966063,96.31574571267602,97.30367,-0.9879270778513245,171.2279923780907,171.8977,-0.669712700034296,0.0003357821321661,0.0012449635,-0.000909181363826024,0.0001657417502941,0.0004600704,-0.00029432866207907023
physics_guided_NN,75,2625,3,351,5.433973803652028,5.0767317,0.35724212182829795,21.73589521460812,20.266806,1.4690895658044099,48.905764232868265,45.59945,3.306315075153421,86.94358085843245,80.730354,6.2132265493504235,0.0066122651851279,0.0056677437,0.0009445214463872174,0.0023796932777824,0.0016913213,0.0006883720174865916
physics_guided_NN,75,2625,3,352,2.136630823486991,1.8501108,0.28652005421514026,8.546523293947963,6.616088,1.9304353804347798,19.229677411382923,17.349371,1.8803064549620245,34.186093175791854,27.837315,6.348778570078963,0.0158240593542591,0.013138114,0.0026859458108678715,0.0072251565747535,0.006386163,0.0008389933959221611
physics_guided_NN,75,2625,3,353,10.22038488143885,10.225033,-0.004647924957634331,40.8815395257554,41.55921,-0.6776722052016311,91.98346393294966,92.444824,-0.46136028580033894,163.5261581030216,166.02094,-2.4947769555721493,0.0005267987235059,0.00076031726,-0.00023351853270260918,0.0001789723380297,8.178372e-05,9.718861721368007e-05
physics_guided_NN,75,2625,3,354,1.9188923441770207,1.9902017,-0.07130936747764238,7.675569376708085,6.959401,0.7161682460318151,17.27003109759319,18.200262,-0.9302309721089586,30.70227750683234,29.457829,1.2444489851038227,0.0641427245157604,0.07291265,-0.008769923804437654,0.0363574218060066,0.03652309,-0.00016566700682146135
physics_guided_NN,75,2625,3,355,12.472953922845315,12.272023,0.2009307218565457,49.89181569138127,49.670654,0.22116139450626804,112.25658530560786,110.06405,2.192536538518013,199.56726276552507,198.19667,1.3705922332985097,0.0006398875407585,0.0001166774,0.0005232101389383024,0.0003565750539497,-0.00010899305,0.00046556810593078777
physics_guided_NN,75,2625,3,356,23.06371404912152,22.93385,0.12986471440472158,92.25485619648607,91.731125,0.5237313185563863,207.57342644209368,206.94197,0.6314556168983643,369.0194247859443,369.76117,-0.7417446476494547,0.0002587365177103,0.00031846427,-5.9727752384109583e-05,0.0001278170349477,7.856111e-05,4.925592307049328e-05
physics_guided_NN,75,2625,3,357,5.191202419256093,4.763449,0.42775322720897346,20.76480967702437,18.569132,2.1956778258280814,46.72082177330484,42.881172,3.83964959312906,83.05923870809748,73.903244,9.155994689542794,0.0029997506386853,0.0035270597,-0.0005273090467535712,0.0012198964747667,0.0011190869,0.00010080960663702934
physics_guided_NN,75,2625,3,358,3.14052122039465,3.2094548,-0.06893355446191718,12.5620848815786,12.622598,-0.06051281281837184,28.26469098355185,29.645395,-1.3807042953788127,50.2483395263144,50.35747,-0.10913193975004987,0.0018825751160689,0.0019171465,-3.4571379474520334e-05,0.0009466412469067,0.00051519193,0.0004314493146978639
physics_guided_NN,75,2625,3,359,1.6540475738506275,1.7298148,-0.07576719398689691,6.616190295402511,6.1693563,0.4468339492721398,14.886428164655651,15.351979,-0.4655510910206182,26.464761181610044,24.217358,2.2474035461119968,0.0461993728288602,0.04831633,-0.00211695688877591,0.0243109014885833,0.02425396,5.6940789740299314e-05
physics_guided_NN,75,2625,3,360,2.7895649287222253,2.6989286,0.09063633413299188,11.1582597148889,10.454635,0.7036250484460282,25.106084358500027,24.513464,0.5926203845010036,44.6330388595556,43.175495,1.4575437118505192,0.0087248079923793,0.013990775,-0.005265966758330234,0.0038664131840396,0.0067108944,-0.0028444812218022275
physics_guided_NN,75,2625,3,361,8.146968797944385,8.1776705,-0.030701680876415338,32.58787519177754,32.266594,0.321281258672073,73.32271918149948,73.20066,0.1220584759330734,130.35150076711017,127.7035,2.648001926778136,0.0011731766291016,0.0023112167,-0.0011380400381929023,0.0005947282754285,0.0008869971,-0.0002922688161554076
physics_guided_NN,75,2625,3,362,13.72963166740321,13.523783,0.20584893730067044,54.91852666961284,54.470085,0.44844152556986927,123.5666850066289,122.89346,0.6732218718632765,219.67410667845127,216.80377,2.870334705795017,0.000537533282369,0.0008854488,-0.00034791554364227027,0.0002435671379168,0.0002891769,-4.5609772966015715e-05
physics_guided_NN,75,2625,3,363,22.97014234412599,22.618397,0.351745585092786,91.88056937650396,90.28316,1.597412027871144,206.7312810971339,203.32832,3.402957732876075,367.5222775060158,358.96564,8.556640298984576,3.608331315385241e-05,-0.000897036,0.000933119305392523,1.276374887125046e-05,-0.0005051008,0.0005178645681534842
physics_guided_NN,75,2625,3,364,33.94399390623123,33.69361,0.25038276121169645,135.7759756249249,134.86351,0.9124654930889733,305.495945156081,303.41394,2.0820047263935066,543.1039024996996,539.1852,3.918721835637143,0.0001051702643172,-0.0016472406,0.0017524108630032394,4.906070200792836e-05,-0.00092389516,0.0009729558626755266
physics_guided_NN,75,2625,3,365,11.574694418145098,11.183138,0.39155652446834033,46.29877767258039,45.006874,1.2919035881077363,104.17224976330589,100.61854,3.553711860473854,185.1951106903216,179.2512,5.943905245985661,0.001246911715037,0.0015770368,-0.00033012508948259377,0.000582441557453,0.00070394285,-0.0001215012881225114
physics_guided_NN,75,2625,3,366,11.111649989126107,10.878049,0.23360109233655635,44.44659995650443,43.413315,1.033285137168491,100.00484990213496,98.3735,1.6313528928576204,177.7863998260177,173.46637,4.320030197111464,0.0030103932686571,0.0045711533,-0.0015607600479897142,0.0018462842544907,0.0026249485,-0.0007786642545467948
physics_guided_NN,75,2625,3,367,5.112735297639341,4.93901,0.17372515435931213,20.45094119055737,19.593582,0.8573590372370568,46.01461767875407,45.052303,0.9623143645450867,81.80376476222946,78.22964,3.574127616233369,0.0041105317156919,0.0040283646,8.216716536960534e-05,0.0017673698049026,0.00077472103,0.0009926487719627488
physics_guided_NN,75,2625,3,368,3.534246373168988,3.5129797,0.02126662730411999,14.136985492675953,14.039983,0.09700269696062058,31.808217358520896,31.241983,0.5662339448246065,56.54794197070381,52.688267,3.85967521655342,0.011593305426342,0.012466179,-0.000872873780625354,0.0056135265043575,0.005322931,0.00029059563564245213
physics_guided_NN,75,2625,3,369,4.658699263837465,4.3123946,0.346304644849428,18.63479705534986,17.503376,1.1314210482697824,41.92829337453718,38.588715,3.3395787749278085,74.53918822139944,70.31202,4.227168873254911,0.005238960458891,0.0067180996,-0.0014791391240493402,0.0023920016429377,0.0030056012,-0.0006135995899337133
physics_guided_NN,75,2625,3,370,11.583148866195224,11.578601,0.004547982711336829,46.332595464780894,45.969276,0.36331903655823794,104.248339795757,103.913704,0.33463587729997357,185.3303818591236,180.23352,5.096861351311105,0.0029823553508093,0.0031979564,-0.0002156010137925506,0.0016667297371465,0.0016665821,1.476640614898623e-07
physics_guided_NN,75,2625,3,371,2.6455149580159483,2.5030138,0.14250110875752542,10.582059832063791,9.5304575,1.051602335420725,23.809634622143538,23.160902,0.6487325988281079,42.32823932825517,38.78023,3.548007852425094,0.0170143613615865,0.015775366,0.0012389956066245315,0.0093805202821647,0.008718832,0.000661687886193878
physics_guided_NN,75,2625,3,372,9.749012535703995,9.146936,0.6020761190780188,38.99605014281598,36.86616,2.1298887963804347,87.74111282133596,82.7581,4.983010404343773,155.98420057126393,145.98848,9.995720957006114,9.141732939538696e-06,-0.00012724902,0.00013639075192717944,3.243150471924133e-06,-0.0002688178,0.0002720609424200191
physics_guided_NN,75,2625,3,373,4.939297936506591,4.74361,0.1956880312636713,19.757191746026365,18.997519,0.7596732065976539,44.45368142855933,42.827957,1.6257242752390155,79.02876698410546,74.3973,4.631466263890616,0.002114203923569,0.0020344644,7.973953820852083e-05,0.0007737493998735,0.00043384344,0.0003399059625240762
physics_guided_NN,75,2625,3,374,7.018500883352095,6.8644295,0.15407140947514186,28.07400353340838,27.712715,0.3612883844825987,63.16650795016885,61.688705,1.477802505832912,112.29601413363352,109.767586,2.5284283792389886,0.0131405287505453,0.016737567,-0.003597038510316097,0.0066336897636095,0.008540526,-0.0019068362688383148
physics_guided_NN,75,2625,3,375,22.260983640669348,22.472279,-0.21129495430135492,89.04393456267739,89.83834,-0.7944061965999509,200.34885276602407,202.03058,-1.6817258472571837,356.1757382507096,360.45212,-4.276379669212247,0.00058135320887,8.949629e-05,0.0004918569220512424,0.0003167682552121,-3.898088e-05,0.00035574913628444796
physics_guided_NN,75,2625,3,376,12.6267080345084,12.504205,0.12250328444736525,50.5068321380336,50.426186,0.08064653012344536,113.6403723105756,112.91894,0.7214346274701313,202.0273285521344,198.78261,3.244720519907844,5.963062597727358e-05,6.383602e-05,-4.2053956043911015e-06,1.9912099545971687e-05,8.4414474e-05,-6.45023747126933e-05
physics_guided_NN,75,2625,3,377,7.544442164024071,7.51421,0.030231939872459535,30.177768656096283,29.570473,0.6072959388111272,67.89997947621664,67.182915,0.7170647423299243,120.71107462438512,116.90849,3.802581582392932,0.0009993773425788,0.0015344656,-0.0005350882413938328,0.0005338276039891,0.000531966,1.8616208888645475e-06
physics_guided_NN,75,2625,3,378,2.22174795745561,2.3875453,-0.16579738975813507,8.88699182982244,9.028569,-0.14157739167414185,19.99573161710049,20.587957,-0.5922257651016594,35.54796731928976,35.600277,-0.05230962773172365,0.0117537590207847,0.013843938,-0.002090178756198085,0.0057968016391225,0.0061828936,-0.0003860920058958396
physics_guided_NN,75,2625,3,379,6.8806313221121975,7.005799,-0.12516749456871068,27.52252528844879,27.737265,-0.21473934472992084,61.925681899009774,63.278027,-1.3523446818007727,110.09010115379516,113.79538,-3.7052784848767146,0.002477923105611,0.003659432,-0.0011815089498176242,0.0011302277153225,0.0012156222,-8.539446295636349e-05
physics_guided_NN,75,2625,3,380,1.950991301639846,1.3872774,0.563713936909011,7.803965206559384,5.6780996,2.1258655742962,17.558921714758615,13.8385515,3.720370193457345,31.21586082623753,25.39433,5.821531755192609,0.2652438052430529,0.20941718,0.055826626016177605,0.1328213469111404,0.10375784,0.0290635035359344
physics_guided_NN,75,2625,3,381,12.472014774530264,12.211583,0.2604316370180566,49.888059098121055,47.659897,2.228162247535117,112.24813297077236,109.373375,2.8747580318075165,199.55223639248425,191.04823,8.504003360257684,0.0017475911916761,0.0023787953,-0.0006312041042776505,0.0006429509236189,0.0010408094,-0.0003978585149449833
physics_guided_NN,75,2625,3,382,6.07435702558408,5.9622593,0.11209773298154069,24.29742810233632,23.74771,0.5497188280443268,54.66921323025672,53.269184,1.400029117707895,97.18971240934528,94.93639,2.2533186715523073,0.000575566861573,0.0015838308,-0.0010082639411284136,0.0002174043030753,0.0006160332,-0.00039862890920646353
physics_guided_NN,75,2625,3,383,8.952744941107538,8.908648,0.0440974038760924,35.81097976443015,35.160545,0.6504344153090571,80.57470446996784,79.9435,0.6312077658662787,143.2439190577206,140.85959,2.3843304346737284,0.0012894528978122,0.0013118846,-2.2431713101493927e-05,0.0006647072140355,0.00059116667,7.354054732661337e-05
physics_guided_NN,75,2625,3,384,3.321862933128952,3.3736875,-0.0518245725930937,13.287451732515809,13.054757,0.23269461429071114,29.89676639816057,31.36114,-1.4643728993247827,53.14980693006324,52.487293,0.6625136866550392,0.0091345300601452,0.010430742,-0.001296211995032489,0.0046316663256239,0.0052426034,-0.0006109370397079884
physics_guided_NN,75,2625,3,385,7.663507105849908,7.407403,0.2561041136013724,30.65402842339964,29.633154,1.0208745079943675,68.97156395264918,67.49469,1.476874011242927,122.61611369359854,118.37446,4.241655380610254,0.0028689954720368,0.0027771094,9.188608377476643e-05,0.0016843627789936,0.0012924563,0.0003919064883089597
physics_guided_NN,75,2625,3,386,23.18838305931266,22.852612,0.33577151756461276,92.75353223725064,90.65349,2.100044078070951,208.695447533814,205.65326,3.04218825647024,371.01412894900255,362.55978,8.45434501345568,4.97774073308724e-05,0.00068253087,-0.0006327534591393155,2.83063006833003e-05,4.012915e-05,-1.182285019184527e-05
physics_guided_NN,75,2625,3,387,4.391115487818064,3.9858825,0.4052329671424051,17.564461951272257,16.053917,1.5105450201199133,39.52003939036258,36.20373,3.3163078534973423,70.25784780508903,65.60131,4.6565370751085595,0.0011849056479953,0.0018631535,-0.0006782478869460753,0.0006144092041771,0.0007763136,-0.00016190439036534371
physics_guided_NN,75,2625,3,388,3.348609665301315,2.9738276,0.3747820648221891,13.39443866120526,12.608106,0.7863330017203971,30.13748698771184,27.65275,2.4847369724530495,53.57775464482104,50.14973,3.4280239624479947,0.0017514331099489,0.0015437756,0.00020765755985912345,0.0007556508890755,0.00035654832,0.0003991025688062879
physics_guided_NN,75,2625,3,389,4.003939030150839,3.8221524,0.18178665397591232,16.015756120603356,15.431731,0.5840248965432977,36.03545127135756,34.647297,1.3881543658399806,64.06302448241343,62.2105,1.852525672598972,0.0047906325620542,0.004716538,7.409466923574866e-05,0.0020189047888626,0.0012978647,0.0007210400751565238
physics_guided_NN,75,2625,3,390,4.172321394699771,4.0188355,0.15348585011358917,16.689285578799083,15.995273,0.694012942385509,37.550892552297945,36.48372,1.0671736802276328,66.75714231519633,65.0696,1.6875393488877393,0.0185906884095657,0.021001581,-0.002410892693043936,0.0093384558077723,0.010645686,-0.001307229909691194
physics_guided_NN,75,2625,3,391,3.2311092512039945,2.7906206,0.4404886857895658,12.924437004815978,11.642644,1.281793076288146,29.079983260835952,27.079782,2.0002007748740382,51.69774801926391,44.846874,6.850873782203365,0.0018812001668996,0.0018499991,3.120109766338109e-05,0.0008302833059693,0.00052046974,0.00030981356873011805
physics_guided_NN,75,2625,3,392,17.061946746455813,17.170141,-0.10819447363696,68.24778698582325,69.61854,-1.3707509170087775,153.55752071810232,154.39668,-0.839162021155488,272.991147943293,274.7519,-1.760744146550735,0.0005843964567078,0.002136902,-0.0015525054956184977,0.0002862804951791,0.0009203615,-0.0006340809948097634
physics_guided_NN,75,2625,3,393,11.390821846645991,11.222398,0.1684240423857375,45.56328738658397,45.363327,0.1999603602167852,102.51739661981394,101.03816,1.4792343883686243,182.2531495463359,181.94266,0.3104920756327658,0.0003079587942317,-0.000105131505,0.00041309029905608503,0.0002106635431538,-0.00032309015,0.0005337536924763246
physics_guided_NN,75,2625,3,394,11.877593698904665,11.362464,0.515129747793825,47.51037479561866,46.09699,1.4133861176401439,106.898343290142,103.19479,3.7035495889701195,190.04149918247464,180.87065,9.17084793735745,7.433700839591353e-05,0.00024637757,-0.00017204056611682148,2.8138746357786715e-05,2.7711363e-05,4.2738321228722465e-07
physics_guided_NN,75,2625,3,395,15.9045775084573,15.730329,0.17424894858181084,63.6183100338292,63.07698,0.541329443008884,143.1411975761157,140.94644,2.194755925725076,254.4732401353168,252.30914,2.164097068910536,8.304473068819628e-05,-0.000104507984,0.00018755271504887627,4.759184450739252e-05,-0.00046243324,0.0005100250804600232
physics_guided_NN,75,2625,3,396,5.705486860312443,5.0845637,0.6209231281652263,22.82194744124977,20.932419,1.8895286180075814,51.34938174281199,46.065033,5.2843487838276175,91.28778976499908,83.21643,8.071359100936576,0.0129033103232296,0.013587159,-0.0006838487814156517,0.0074198264456097,0.007124795,0.0002950313328508253
physics_guided_NN,75,2625,3,397,14.021322337124378,13.974461,0.046861735317737185,56.08528934849751,55.484306,0.6009830130482925,126.1919010341194,126.01688,0.17502481341627174,224.34115739399004,222.3427,1.9984602504353575,0.0020194303772175,0.0019746898,4.474060300227846e-05,0.0010477655170096,0.0008426014,0.000205164106896325
physics_guided_NN,75,2625,3,398,2.5416947678303097,2.2043707,0.337324030754504,10.16677907132124,9.11905,1.047729045381299,22.87525291047279,20.743162,2.1320907553214212,40.66711628528496,37.654743,3.012373090704884,0.0173237832254538,0.017608231,-0.00028444770809321965,0.007294745375962,0.008270315,-0.0009755695186546036
physics_guided_NN,75,2625,3,399,10.087561187101244,9.827898,0.2596631615885485,40.350244748404975,39.84136,0.5088865635905222,90.7880506839112,88.78453,2.003520044262757,161.4009789936199,159.81561,1.5853662006511513,0.0006188251757838,0.0005746595,4.41656778410245e-05,0.0002694587426852,-0.00020629066,0.00047574939961876096
physics_guided_NN,75,2625,3,400,3.5251992913509334,3.5681746,-0.04297530925026294,14.100797165403732,13.862302,0.23849533892668084,31.7267936221584,32.44868,-0.7218872555271467,56.40318866161493,54.671856,1.7313327351012546,0.0118676329446304,0.012024996,-0.00015736292625783375,0.005678566432419,0.005607086,7.148066428559838e-05
physics_guided_NN,75,2625,3,401,5.131653706318986,4.650359,0.48129455257142784,20.526614825275946,18.47911,2.047504107502508,46.18488335687088,42.413563,3.771320582212674,82.10645930110378,72.581184,9.525274913896752,0.0028215365585674,0.0034493078,-0.0006277711960684107,0.0015179839195243,0.0014961903,2.179359789257029e-05
physics_guided_NN,75,2625,3,402,6.7239933116782,6.470783,0.2532100780356217,26.8959732467128,25.356575,1.539398234505768,60.5159398051038,58.562702,1.95323762614872,107.5838929868512,101.39486,6.189033672886353,0.0021453345610188,0.0018052676,0.00034006691504136254,0.0009250958530255,0.00023013083,0.0006949650262039492
physics_guided_NN,75,2625,3,403,7.443883455816558,7.2523665,0.1915169130003962,29.77553382326624,29.176645,0.5988885443355763,66.99495110234903,65.819595,1.175355765434972,119.10213529306492,117.77917,1.32296811777195,0.0006688984808327,0.000117552845,0.0005513456357923637,0.0002307007610794,-0.00020600707,0.00043670783028899055
physics_guided_NN,75,2625,3,404,13.24383405236694,12.951895,0.29193929223510473,52.97533620946776,51.392487,1.5828496372021377,119.19450647130245,115.42958,3.764925782825884,211.90134483787105,206.33656,5.564781727519488,0.0012496031265076,0.0024550245,-0.001205421387839715,0.0006006001288903,0.0011387119,-0.0005381118013623117
physics_guided_NN,75,2625,3,405,15.0739806231415,15.026761,0.04721956814882411,60.295922492566,60.65931,-0.3633868946410317,135.6658256082735,134.99669,0.6691367655000704,241.183689970264,242.7524,-1.5687056596188143,0.0005756027839364,0.00022961377,0.0003459890157667436,0.0002927287939649,-8.933004e-05,0.00038205883242813115
physics_guided_NN,75,2625,3,406,5.541332666019742,5.5650387,-0.023706015010531267,22.16533066407897,21.344372,0.8209588684246718,49.87199399417768,50.503937,-0.6319427734004464,88.66132265631587,84.75647,3.9048529297533747,0.0042377742035613,0.0059551406,-0.0017173663684799728,0.0019930162853602,0.0024033564,-0.00041034008236195355
physics_guided_NN,75,2625,3,407,7.813126362029707,7.7190185,0.09410790270963876,31.25250544811883,30.704966,0.5475398566881644,70.31813725826737,68.72698,1.5911551415681515,125.01002179247531,121.29403,3.71599255663547,0.0006352701833627,0.00094953686,-0.00031426667429815985,0.0003478241656446,0.00021180612,0.0001360180418011834
physics_guided_NN,75,2625,3,408,17.040054383733615,16.994316,0.04573828265939639,68.16021753493446,68.26891,-0.10869573410850819,153.36048945360253,153.47572,-0.1152338129990369,272.64087013973784,272.83762,-0.19674582705903276,0.0001559688580704,0.00036642366,-0.00021045479932640826,5.6649850911800906e-05,-0.00011378145,0.00017043129791027416
physics_guided_NN,75,2625,3,409,21.027723915675555,20.615772,0.41195166836110175,84.11089566270222,82.742905,1.367990999616282,189.24951524108,185.44012,3.8093907293612403,336.4435826508089,331.6281,4.815469857840128,0.0002019222767886,0.0006321859,-0.00043026361960431166,7.920678583010414e-05,0.00047848103,-0.00039927424402870856
physics_guided_NN,75,2625,3,410,4.013049917661316,3.5870302,0.4260197453132939,16.052199670645262,14.598531,1.4536689012971173,36.11744925895184,32.586536,3.5309128514811334,64.20879868258105,59.008907,5.199891364465813,0.0079939804653201,0.008085619,-9.163826158906097e-05,0.004300733039607,0.0038592753,0.0004414577861173866
physics_guided_NN,75,2625,3,411,29.25139495170068,29.100876,0.1505190972084911,117.00557980680271,115.750175,1.2554043307284957,263.2625545653061,261.42242,1.840130248899868,468.0223192272109,461.50934,6.5129808483046645,2.1605208344533897e-05,-0.000512966,0.000534571221392378,1.511103039440526e-05,-0.0004102,0.0004253110397497268
physics_guided_NN,75,2625,3,412,6.231982721210787,6.251488,-0.019505487559965395,24.927930884843143,25.204178,-0.2762469716021698,56.08784449089708,55.531918,0.5559269188755991,99.71172353937258,99.3481,0.3636247844897724,0.0004838403459334,0.00120578,-0.000721939615376927,0.0001708146381893,0.00033840103,-0.00016758639605224222
physics_guided_NN,75,2625,3,413,20.30416014568943,20.34045,-0.036290141175804536,81.21664058275772,80.63651,0.5801278264100631,182.7374413112049,183.50334,-0.7659003635997976,324.8665623310309,321.78998,3.0765843036871274,0.0001555644141844,0.00035961662,-0.00020405220651454372,5.183607571379122e-05,-7.727733e-05,0.0001291134030776362
physics_guided_NN,75,2625,3,414,3.991235087045202,3.7423666,0.24886853469229653,15.964940348180804,15.017428,0.9475119500484794,35.92111578340681,34.194447,1.7266692196861086,63.85976139272322,61.14561,2.71415058339705,0.0106668275453801,0.013071077,-0.002404249399090305,0.0041595206675923,0.0057648355,-0.0016053148465359083
physics_guided_NN,75,2625,3,415,3.762099285859775,3.418811,0.3432882030198092,15.0483971434391,14.099338,0.949059565619276,33.858893572737976,31.820417,2.0384761685631716,60.1935885737564,57.249928,2.9436610530044476,0.0243707623426507,0.02727323,-0.002902467911999416,0.0123444705483083,0.014817723,-0.0024732525247569814
physics_guided_NN,75,2625,3,416,6.396507538299827,6.3696837,0.026823795776633297,25.586030153199307,25.380358,0.2056724108897363,57.56856784469844,57.366684,0.20188388473750507,102.34412061279724,102.745705,-0.40158403808166554,0.001023794217149,0.00239491,-0.0013711157533133223,0.0004344804456207,0.00064903044,-0.00021454999114097726
physics_guided_NN,75,2625,3,417,24.908560761138546,25.412468,-0.5039071954044232,99.63424304455418,101.60053,-1.966289487184099,224.1770468502469,229.07104,-4.89399807162809,398.53697217821673,406.0718,-7.534835683111396,2.7152195966694383e-05,-0.00051656,0.0005437121828299797,1.5638908897241834e-05,-0.00025354643,0.00026918533892807947
physics_guided_NN,75,2625,3,418,3.622819326203278,3.3525603,0.2702590444497379,14.491277304813112,12.9593725,1.5319047843663345,32.605373935829505,31.102808,1.5025659371722782,57.96510921925245,50.80312,7.161989559828619,0.0032581506491461,0.0029097865,0.00034836411558177103,0.0019707628195269,0.000959264,0.0010114988214431297
physics_guided_NN,75,2625,3,419,5.823496162508097,5.8273683,-0.0038720969218344337,23.29398465003239,23.232948,0.06103634680973258,52.41146546257288,51.969814,0.44165116203576815,93.17593860012956,92.82476,0.35117816311783656,0.0003374277845345,0.00029021586,4.721192511203978e-05,0.0001762236527486,-2.9913523e-05,0.00020613717541550228
physics_guided_NN,75,2625,3,420,13.442647356529804,13.1706,0.27204741909083907,53.770589426119216,52.92044,0.8501487522910907,120.98382620876824,118.26336,2.7204671389440165,215.0823577044769,210.4043,4.678060829476891,0.000173101544734,-0.0004787595,0.0006518610400426228,9.474766856658512e-05,-0.0008346633,0.0009294109507151251
physics_guided_NN,75,2625,3,421,13.20282695903578,12.955768,0.2470593275050188,52.81130783614312,52.43295,0.3783587699810127,118.82544263132203,116.89732,1.928119022923596,211.2452313445725,208.31372,2.9315106414474883,0.0004074747434155,0.00056067895,-0.00015320420569843522,0.0001945881127969,-1.2160186e-05,0.00020674829888519473
physics_guided_NN,75,2625,3,422,12.4082680968916,12.158611,0.24965679928417828,49.6330723875664,48.97352,0.6595540159843694,111.6744128720244,110.598694,1.075719024368155,198.5322895502656,196.79317,1.73912243600779,5.550270640361247e-05,0.0004908959,-0.00043539317351695955,2.9073950366307377e-05,0.0003472323,-0.00031815835018902613
physics_guided_NN,75,2625,3,423,15.657620587848484,15.623385,0.03423515846615999,62.63048235139394,63.071106,-0.4406236056373132,140.91858529063637,141.32368,-0.40509940174644044,250.5219294055757,250.54977,-0.027844764346184547,0.0004056509514723,0.00071923615,-0.00031358520030863314,0.0001948710923974,0.0001542264,4.0644685221516354e-05
physics_guided_NN,75,2625,3,424,30.369378416441368,30.14025,0.22912916412203188,121.47751366576549,120.64307,0.8344472595154855,273.3244057479723,270.34094,2.983463365159821,485.9100546630619,482.20337,3.706685522436885,0.0001736481748859,-0.0012871065,0.0014607547158713055,8.197315548142494e-05,-0.000662167,0.0007441401299886972
physics_guided_NN,75,2625,3,425,18.40985773802792,17.89125,0.5186071276763577,73.63943095211167,71.68214,1.9572944164671355,165.68871964225127,161.12183,4.566893470376272,294.55772380844667,287.44733,7.110397148290417,0.0012131926510766,0.002151947,-0.0009387543517813234,0.0007046677832091,0.0008079064,-0.00010323860137073735
physics_guided_NN,75,2625,3,426,7.962514534245007,7.661245,0.30126966501282926,31.850058136980028,30.482708,1.367350159685106,71.66263080820507,68.91864,2.7439906714863156,127.40023254792013,119.50194,7.898294681709189,0.0021292008821284,0.0023428318,-0.0002136309269452864,0.0008820786195463,0.0005146068,0.0003674717907449661
physics_guided_NN,75,2625,3,427,4.93945710779292,4.8698783,0.06957881570918012,19.75782843117168,19.446106,0.3117224741404314,44.45511397013629,45.43013,-0.975016034746524,79.03131372468673,77.01352,2.0177944375773507,0.0040634340343154,0.004075257,-1.182307330007109e-05,0.0017823490318078,0.0008098165,0.0009725325046274263
physics_guided_NN,75,2625,3,428,5.406593487330929,4.960058,0.44653527505065593,21.62637394932372,20.410124,1.2162501242504788,48.65934138597837,44.093685,4.565656235831888,86.50549579729487,83.52259,2.9829051600878387,0.0452556505234549,0.045100633,0.00015501746848320397,0.0249833880349037,0.024223458,0.000759930013024504
physics_guided_NN,75,2625,3,429,5.032734798598193,4.8870974,0.1456374398945801,20.130939194392774,20.764994,-0.6340544732097655,45.29461318738374,43.75333,1.5412829566708481,80.5237567775711,82.35477,-1.8310100681320307,0.0527325291980679,0.05124182,0.0014907103825981607,0.0280424458243544,0.026546344,0.0014961016633207695
physics_guided_NN,75,2625,3,430,2.2921031718585905,2.3435924,-0.051489233460623396,9.168412687434362,9.743655,-0.5752425173385873,20.628928546727312,22.441572,-1.8126436426037422,36.67365074973745,39.305973,-2.632322303241068,0.000827930204897,0.005125729,-0.004297798696578668,0.0004397163492773,0.0025982233,-0.002158506927159029
physics_guided_NN,75,2625,3,431,8.012834254898625,7.786341,0.2264930645604899,32.0513370195945,31.517618,0.5337188402732096,72.11550829408762,70.27223,1.843276238423556,128.205348078378,125.60616,2.599185053475651,8.43507535088772e-05,-0.00021054139,0.00029489214129596597,3.136059652294892e-05,-0.00051284896,0.0005442095539646961
physics_guided_NN,75,2625,3,432,4.87041750536382,4.7633357,0.1070818005603531,19.48167002145528,18.555058,0.926612495820514,43.833757548274384,42.96594,0.86781898015915,77.92668008582112,73.55009,4.376593110723462,0.0022401708723474,0.0015338705,0.0007063004034999465,0.0011450869957384,0.00055124017,0.0005938468262952099
physics_guided_NN,75,2625,3,433,7.615479703964523,7.3086853,0.3067944012301478,30.46191881585809,28.919506,1.5424127428600443,68.5393173356807,64.97668,3.562640394762738,121.84767526343236,114.77446,7.073215424565177,0.0049301660602497,0.005866661,-0.0009364951419128043,0.0029673878912868,0.0028514331,0.00011595477061886574
physics_guided_NN,75,2625,3,434,7.830061576607795,7.528706,0.3013555028468087,31.32024630643118,30.417627,0.9026189718364535,70.47055418947016,67.13947,3.3310812280443827,125.28098522572472,120.30462,4.976366390275501,0.0003260114475939,0.0013573462,-0.0010313347434770738,0.0001169534807633,0.00041022114,-0.00029326765797293313
physics_guided_NN,75,2625,3,435,10.577914324117138,10.3981695,0.17974480660004843,42.31165729646855,40.702614,1.6090434659021469,95.20122891705424,93.99077,1.21046048443705,169.2466291858742,162.96155,6.2850813343117125,0.0028044481142366,0.00583486,-0.003030411681631797,0.0015324955834848,0.0031403517,-0.0016078561515706466
physics_guided_NN,75,2625,3,436,13.967727128471353,13.688853,0.2788738646163722,55.87090851388541,55.443047,0.42786194406119193,125.70954415624216,123.03494,2.674601529289035,223.4836340555416,222.06448,1.419150412963461,0.0005507475492208,0.00047237417,7.837337610672374e-05,0.0002665142823246,-0.00013875673,0.00040527101408249414
physics_guided_NN,75,2625,3,437,16.080892427224747,15.822027,0.2588652208038482,64.32356970889899,62.956734,1.3668360052857054,144.7280318450227,141.78716,2.9408766936555253,257.29427883559595,254.03035,3.263929104150634,5.1585769511530256e-05,-0.00010580904,0.00015739481150894806,1.866593633812685e-05,-5.4985194e-05,7.365113019395452e-05
physics_guided_NN,75,2625,3,438,10.205851138918396,10.081582,0.12426906952142325,40.823404555673584,40.29546,0.5279448083591305,91.85266025026556,90.221664,1.6309958215546203,163.2936182226943,162.58545,0.708169003944306,0.0008900654564501,0.0010933176,-0.0002032521817012476,0.0004301743748636,0.00031592124,0.00011425313926683887
physics_guided_NN,75,2625,3,439,2.579492868283253,2.5473692,0.03212362656877543,10.317971473133012,10.658973,-0.34100126704032796,23.21543581454928,23.468565,-0.25312917263333645,41.27188589253205,41.88558,-0.6136922629855306,0.0042785846806067,0.0057627046,-0.0014841199674707883,0.0029207484083382,0.0035281326,-0.0006073841607066284
physics_guided_NN,75,2625,3,440,15.295850253234365,14.820103,0.47574756158397413,61.18340101293745,58.827106,2.356294537107374,137.66265227910927,134.24112,3.421532894343642,244.7336040517498,232.25763,12.475974657218558,6.571178458610668e-05,-0.00044359834,0.0005093101274126966,2.358489638227267e-05,-0.00038352693,0.0004071118272006069
physics_guided_NN,75,2625,3,441,7.594309143157296,7.7156897,-0.12138051596135657,30.377236572629183,30.885098,-0.5078609310329263,68.34878228841566,69.5921,-1.2433197623655872,121.50894629051672,124.16276,-2.653811583018438,0.0010797519905775,0.0010312296,4.852236884675507e-05,0.0003824792851575,8.233087e-05,0.0003001484123288935
physics_guided_NN,75,2625,3,442,6.898629995739067,6.306583,0.5920470680352095,27.594519982956268,25.240139,2.354380975387908,62.0876699616516,56.37663,5.711041085919177,110.37807993182508,98.51128,11.866803686707897,0.0008214035569459,0.0020858361,-0.001264432581630369,0.0004513707610513,0.0008938025,-0.0004424317374159666
physics_guided_NN,75,2625,3,443,7.777813007403506,7.273664,0.5041490097533599,31.111252029614025,29.198278,1.912973602490002,70.00031706663157,65.30071,4.699604481182348,124.4450081184561,117.6225,6.822510559862351,0.0002737979672987,0.00041468572,-0.00014088775723725697,9.723717577735458e-05,-0.0001465058,0.00024374297701733682
physics_guided_NN,75,2625,3,444,2.2007365036084017,2.1760447,0.024691801078494446,8.802946014433607,9.169942,-0.36699588772703784,19.806628532475614,20.640959,-0.8343302535351285,35.21178405773443,36.278416,-1.0666316221972139,0.0727254122373275,0.067433916,0.005291496205013194,0.0324434627858249,0.03408302,-0.0016395571562203143
physics_guided_NN,75,2625,3,445,1.5685480449592062,1.348726,0.21982201079477748,6.274192179836825,5.428794,0.8453982726712974,14.116932404632855,13.272878,0.844054711456586,25.0967687193473,24.703197,0.39357124009925215,0.0425297231493675,0.044650164,-0.0021204403521335805,0.0267211607510996,0.023865446,0.002855714302773489
physics_guided_NN,75,2625,3,446,6.279253966662661,6.085686,0.19356775984503383,25.117015866650643,24.611769,0.5052471441164634,56.51328569996395,55.58525,0.928034845471764,100.46806346660256,98.671585,1.7964783835947458,0.0014386584783782,0.0007726433,0.0006660151678946548,0.0005717533138448,-0.00017151693,0.0007432702484873682
physics_guided_NN,75,2625,3,447,11.667032511335082,11.265711,0.4013216806466051,46.66813004534033,45.226078,1.442052011893061,105.00329260201572,101.18944,3.8138547358047816,186.6725201813613,181.75325,4.919270059290994,3.284845874449921e-05,0.00022657812,-0.00019372966349319803,1.11500591916143e-05,0.0001643238,-0.00015317374733825036
physics_guided_NN,75,2625,3,448,5.106397401966825,5.00276,0.10363746849514488,20.4255896078673,19.7351,0.6904898153868295,45.95757661770143,44.20611,1.7514685244397086,81.7023584314692,78.22248,3.479877657543412,0.0052983523610702,0.006108811,-0.0008104587640890637,0.0028186679489898,0.002945252,-0.00012658404670781763
physics_guided_NN,75,2625,3,449,7.833954736792751,7.4600596,0.3738950940010026,31.335818947171003,30.265602,1.0702168353545964,70.50559263113476,67.23607,3.269523905548823,125.343275788684,120.97678,4.36649203624259,0.0007715231481899,0.0016845762,-0.0009130530083592557,0.000286712801252,0.0004033687,-0.00011665589881085605
physics_guided_NN,75,2625,3,450,9.536844296526269,8.84046,0.6963844729178703,38.14737718610508,36.338978,1.808399372384379,85.83159866873642,81.32196,4.509638219517669,152.5895087444203,144.42833,8.161179276646862,0.0052137357944636,0.0061630397,-0.0009493039159090867,0.0031964129327083,0.0036814022,-0.000484989255086147
physics_guided_NN,75,2625,3,451,29.347593248471984,29.017689,0.329904497251281,117.39037299388794,116.15864,1.2317349933996553,264.1283392362479,262.59973,1.5286077909353821,469.56149197555175,465.91833,3.6431570146142462,1.9941814951186552e-05,-0.00014890087,0.00016884268681477524,1.0716534372491029e-05,3.2949585e-05,-2.2233050774943815e-05
physics_guided_NN,75,2625,3,452,7.024433946896661,6.9502926,0.07414135961638735,28.097735787586643,27.597517,0.5002187740368385,63.21990552206995,62.6191,0.6008068587398725,112.39094315034656,112.67906,-0.28811873930187915,0.0006015883217477,0.0019763443,-0.0013747559470213258,0.0002761832250864,0.0006359824,-0.0003597991495742708
physics_guided_NN,75,2625,3,453,9.42359914975412,9.566591,-0.1429921130632632,37.694396599016486,38.03102,-0.33662451914757696,84.8123923477871,85.302376,-0.48998344566993524,150.77758639606594,151.41898,-0.6413894340121828,0.0002970198177279,0.00072675006,-0.0004297302445850308,0.0001501162824136,0.00035546333,-0.0002053470470561851
physics_guided_NN,75,2625,3,454,1.3550370193236496,1.1683033,0.18673376805717012,5.420148077294599,4.9147596,0.5053884413693064,12.195333173912848,11.47244,0.7228934079826725,21.6805923091784,21.293697,0.3868949520006666,0.0863990689536571,0.07480938,0.01158968907799715,0.0410992394309355,0.03810646,0.0029927793066812716
physics_guided_NN,75,2625,3,455,5.821228998938319,5.342008,0.47922088507723526,23.28491599575328,21.263597,2.02131850734996,52.39106099044488,48.769974,3.621087235562065,93.13966398301312,87.3789,5.760765362407653,0.0032302407516443,0.0042072036,-0.0009769628787136809,0.001322795934052,0.0017338108,-0.00041101482323484674
physics_guided_NN,75,2625,3,456,9.625133837918709,9.797913,-0.17277875973754142,38.500535351674834,38.508965,-0.008429186899384433,86.62620454126838,86.63881,-0.012604662833183511,154.00214140669934,154.98311,-0.9809671138084752,0.0004583349412275,0.0011257221,-0.0006673871345850187,0.0001570040989499,0.00014803777,8.966330282336211e-06
physics_guided_NN,75,2625,3,457,4.735142021518095,4.7401333,-0.004991264004366336,18.94056808607238,19.20755,-0.2669819627557466,42.61627819366286,43.35259,-0.7363104599015955,75.76227234428951,77.44458,-1.6823077338354864,0.0007423741963538,0.0005483701,0.00019400407204727028,0.0004112411618153,0.0002569946,0.00015424656815960945
physics_guided_NN,75,2625,3,458,12.048392902965476,11.678047,0.37034572278969513,48.1935716118619,47.167873,1.025698229293539,108.43553612668929,104.71226,3.7232787414353794,192.7742864474476,188.1334,4.640878854674156,0.0007814990602717,0.00034657159,0.0004349274748753953,0.0003719255023311,-6.4740794e-05,0.000436666296518046
physics_guided_NN,75,2625,3,459,21.13947754683293,20.402723,0.7367542344549989,84.55791018733171,82.23994,2.317973358718433,190.2552979214964,185.37238,4.882922433215157,338.23164074932686,326.80212,11.429516725889357,0.0001067076321749,-0.00027364874,0.0003803563689405082,6.163865240561377e-05,-0.0007554119,0.0008170505744059623
physics_guided_NN,75,2625,3,460,4.8769701280652855,4.7666993,0.11027081394785387,19.507880512261146,19.332886,0.1749947700736456,43.892731152587565,42.749702,1.143028698974284,78.03152204904457,75.97123,2.060292495821912,0.0001906628125155,0.0009181406,-0.0007274777641712101,7.088385859241336e-05,0.00017539793,-0.00010451407184156031
physics_guided_NN,75,2625,3,461,2.592798600128094,2.7103903,-0.11759172923286787,10.371194400512376,10.350484,0.020710506164231646,23.33518740115285,24.973375,-1.6381879192817195,41.48477760204951,42.460598,-0.9758203898938476,0.0090755145328503,0.009050506,2.500836573651917e-05,0.0038401099670633,0.0038629947,-2.288475595868403e-05
physics_guided_NN,75,2625,3,462,5.047077164491515,5.215384,-0.1683068420087288,20.18830865796606,20.647076,-0.45876699511011054,45.423694480423634,47.07058,-1.6468850483849593,80.75323463186425,83.27868,-2.5254442621787234,0.0135994968639527,0.019212991,-0.005613494135269102,0.0065182318301061,0.009406209,-0.002887977161898294
physics_guided_NN,75,2625,3,463,4.555845678326203,4.023877,0.5319685344663396,18.22338271330481,16.621828,1.6015546340811788,41.00261110493583,37.11739,3.8852214259807525,72.89353085321925,64.336586,8.55694485468409,0.0012804621025684,0.0032204795,-0.0019400173671779513,0.0005698445171372,0.001292806,-0.0007229614851742085
physics_guided_NN,75,2625,3,464,5.0040551643863145,4.6275373,0.37651791386751565,20.01622065754525,18.933012,1.0832086488782586,45.03649647947683,42.128056,2.9084409069670656,80.06488263018103,74.65762,5.407259339165407,0.0032740799087478,0.0037304796,-0.00045639971909987136,0.001792921318311,0.0017993347,-6.413337204849582e-06
physics_guided_NN,75,2625,3,465,17.331254318865753,16.879095,0.4521592413511044,69.32501727546301,67.717964,1.6070531030997302,155.98128886979177,152.39265,3.588634450846456,277.30006910185205,272.35788,4.942189463180171,0.0002682890698234,-0.00040625044,0.00067453951476276,0.0001486359574875,-0.0005468115,0.0006954474552577499
physics_guided_NN,75,2625,3,466,23.66891828777028,23.742043,-0.07312425373362785,94.67567315108111,94.403465,0.27220788008501984,213.02026458993248,213.99008,-0.9698171971768943,378.70269260432445,380.19934,-1.4966482159880456,3.470749587365628e-05,-0.0013736329,0.001408340423298862,1.730134464464268e-05,-0.0006324876,0.0006497889313440688
physics_guided_NN,75,2625,3,467,8.501309975549521,7.948764,0.552546128198447,34.005239902198085,31.96214,2.043100772559413,76.5117897799457,71.05601,5.455782394691795,136.02095960879234,128.1057,7.915261976956401,0.0011451639476688,0.0013428376,-0.00019767363467352661,0.0005537797495862,0.00046497825,8.88015000754498e-05
physics_guided_NN,75,2625,3,468,11.469806764163344,10.761135,0.708671662844985,45.87922705665337,43.229065,2.65016211524712,103.22826087747008,94.93719,8.291073682645859,183.51690822661348,172.61256,10.904344139699418,0.0004717387290034,0.000758158,-0.0002864192558158632,0.0002600780237704,4.7863785e-05,0.00021221423891307288
physics_guided_NN,75,2625,3,469,3.846689483651373,3.749533,0.09715654564783316,15.386757934605493,15.442874,-0.056116020167456426,34.620205352862364,34.30063,0.31957669075298867,61.54703173842197,59.34344,2.203590728900487,0.0187798117190261,0.019609677,-0.00082986495498227,0.0100230414065008,0.010052246,-2.9204635095135892e-05
physics_guided_NN,75,2625,3,470,2.589188253216009,2.586949,0.002239143184881165,10.356753012864038,10.308049,0.048703810898706124,23.302694278944088,23.63148,-0.328784984361576,41.42701205145615,43.427128,-2.000115786678613,0.0023732021398305,0.008326008,-0.005952805844748109,0.0013896212446625,0.0041352026,-0.0027455813717906707
physics_guided_NN,75,2625,3,471,5.15406776380301,5.111962,0.04210592221975773,20.61627105521204,20.494991,0.12127975272180436,46.38660987422709,46.473938,-0.0873281140541593,82.46508422084815,82.41694,0.04814543910987368,0.002279303530853,0.0031643584,-0.0008850549062083099,0.0010623916237312,0.001286717,-0.0002243253915873726
physics_guided_NN,75,2625,3,472,6.533364890638045,6.3144636,0.21890127522056435,26.13345956255218,25.038767,1.0946927015902652,58.8002840157424,56.543232,2.257052051631071,104.53383825020872,101.47001,3.063829400111061,0.000526063695466,0.0010554296,-0.0005293658777048407,0.0002858742152763,0.00016342741,0.00012244680672450275
physics_guided_NN,75,2625,3,473,12.793028341790706,12.597475,0.19555328991082277,51.17211336716282,50.748867,0.42324633225071295,115.13725507611636,114.249084,0.8881706034601109,204.6884534686513,200.42432,4.264137062401289,0.0001420508456987,0.0009869084,-0.0008448576003673815,4.691146235487304e-05,0.00043742833,-0.00039051686841488936
physics_guided_NN,75,2625,3,474,9.757580841633295,9.267254,0.49032696590087355,39.03032336653319,37.45932,1.5710032981738138,87.81822757469968,83.98927,3.828954503410614,156.12129346613276,148.83157,7.28971997980463,0.0002016789333795,0.00055015547,-0.00034847653630256764,8.415177550027412e-05,4.2756878e-05,4.139489798085098e-05
physics_guided_NN,75,2625,3,475,9.3116812821914,9.041051,0.2706303712416922,37.2467251287656,36.37575,0.8709736334042688,83.8051315397226,80.52604,3.2790924161874386,148.9869005150624,145.89688,3.0900194115467627,0.0018770066558112,0.002303366,-0.0004263594278405812,0.0007147755018495,0.0007980858,-8.33103190116608e-05
physics_guided_NN,75,2625,3,476,4.871440727523472,4.762948,0.10849269132962469,19.48576291009389,18.67578,0.8099835674425222,43.84296654771125,43.127537,0.7154297740296087,77.94305164037556,76.18041,1.7626393478950888,0.0077700990431565,0.0046133953,0.0031567037284928514,0.0043934870187507,0.0017880577,0.0026054292826295823
physics_guided_NN,75,2625,3,477,4.600168998009698,4.3969646,0.20320444799138748,18.400675992038792,17.275053,1.1256229677468,41.40152098208728,39.99561,1.4059116986400113,73.60270396815517,68.92226,4.680447498428606,0.0021523140169207,0.0025379458,-0.0003856317341800787,0.0014421525489619,0.001232748,0.00020940451268907615
physics_guided_NN,75,2625,3,478,2.7365041701286192,2.7825,-0.04599585848161025,10.946016680514475,10.874116,0.07190073660578378,24.628537531157576,26.016699,-1.3881613061226972,43.78406672205791,43.829357,-0.045290425158889036,0.0058070149575364,0.005471882,0.0003351330128502257,0.002608548026528,0.0018014935,0.0008070545652841916
physics_guided_NN,75,2625,3,479,13.867832764128174,13.816299,0.051533325651611506,55.471331056512696,55.025925,0.4454063738955085,124.81049487715356,124.82403,-0.013533137983159804,221.8853242260508,219.16249,2.72283338132425,0.0002829612411815,-0.000356624,0.0006395852314098996,0.0001309241807784,-0.00036748024,0.0004984044236361095
physics_guided_NN,75,2625,3,480,9.365056110978236,9.215133,0.14992339766036444,37.46022444391295,37.103683,0.35654097223326175,84.28550499880416,83.92698,0.3585259338627509,149.8408977756518,147.08664,2.754258371354922,0.0010476305274464,0.00017713886,0.0008704916640821655,0.000452907289197,6.1931416e-05,0.0003909758732121273
physics_guided_NN,75,2625,3,481,4.672145588555732,4.981981,-0.3098352120729304,18.688582354222927,19.767633,-1.0790510838874248,42.04931029700159,45.257484,-3.2081741390335665,74.75432941689171,80.65416,-5.89983012900673,0.0011512595625123,0.0014696888,-0.00031842927676681526,0.0005579646993235,0.0004166496,0.00014131510651598357
physics_guided_NN,75,2625,3,482,18.04491169621069,17.834806,0.21010525394994772,72.17964678484276,70.646515,1.5331318922646346,162.4042052658962,160.82858,1.57562250222432,288.71858713937104,283.68036,5.038228252652289,7.961404994813343e-05,0.0006886976,-0.0006090835689498709,2.536399801157736e-05,0.0002225948,-0.00019723079936682857
physics_guided_NN,75,2625,3,483,11.858555658889498,11.725439,0.13311658723422504,47.434222635558,46.95474,0.4794840186146416,106.72700093000547,104.69904,2.0279576560796926,189.736890542232,186.8973,2.8395974514116915,5.065161545413394e-05,0.00061926147,-0.0005686098519095515,2.827322056235568e-05,0.0002458341,-0.0002175608690204303
physics_guided_NN,75,2625,3,484,4.274572875131773,3.9957979,0.27877500258843835,17.098291500527093,16.162516,0.9357758602683042,38.47115587618596,35.70578,2.7653758468890857,68.39316600210837,63.931377,4.461788591219701,0.0010266419836355,0.0009388504,8.779158685706559e-05,0.0003917176447685,0.00014678933,0.00024492831401220827
physics_guided_NN,75,2625,3,485,18.642704432997824,18.100554,0.5421509204245822,74.5708177319913,71.567314,3.003503584042079,167.7843398969804,163.13823,4.646110526863225,298.2832709279652,287.51074,10.77252874046519,2.2776345948410984e-05,-0.0004185411,0.0004413174549049715,7.212722337110209e-06,-0.00032011178,0.00032732450206601456
physics_guided_NN,75,2625,3,486,5.983063624841268,5.7121005,0.27096311901241066,23.932254499365072,23.052803,0.8794514598142911,53.847572623571416,53.223877,0.6236956704464163,95.72901799746028,93.2007,2.5283191449212126,0.0011293563503629,0.0021344284,-0.0010050720092052191,0.0005113188035499,0.00043130046,8.001834249046378e-05
physics_guided_NN,75,2625,3,487,7.455756711300488,7.0844874,0.3712692730985836,29.82302684520195,28.48357,1.3394567463249984,67.10181040170438,63.859924,3.241886085298134,119.2921073808078,112.1516,7.1405036820773375,0.0001616645695494,0.0006008972,-0.00043923261362673006,6.92276303175298e-05,0.00021656192,-0.00014733429225316071
physics_guided_NN,75,2625,3,488,15.963023585895812,15.856458,0.10656587562969833,63.852094343583246,64.12888,-0.2767890182331598,143.66721227306232,143.96347,-0.2962581859220563,255.40837737433296,255.31473,0.09364959112983229,0.000527439014806,0.0008164988,-0.0002890598100549007,0.0002567121024683,0.00013158735,0.0001251247500974567
physics_guided_NN,75,2625,3,489,9.050123738456378,8.878538,0.17158560674251078,36.20049495382551,35.59443,0.6060659377122306,81.45111364610742,79.45331,1.9978055406386659,144.80197981530205,141.19318,3.6088035457707974,0.000190123235559,0.0005335053,-0.0003433820491340921,8.167704772703131e-05,-5.940921e-05,0.00014108625664292616
physics_guided_NN,75,2625,3,490,6.024240923737268,6.159987,-0.13574604907157006,24.09696369494907,24.684809,-0.5878450361300303,54.21816831363542,54.94024,-0.7220706390013021,96.38785477979629,97.26774,-0.879883562488871,0.0002251900884384,0.00079484977,-0.0005696596775142766,8.111090485903164e-05,0.00012654494,-4.543403426219979e-05
physics_guided_NN,75,2625,3,491,3.065720658779973,2.9094465,0.15627418088995837,12.262882635119892,11.563603,0.69927923393581,27.59148592901976,25.048285,2.5432013983801127,49.05153054047957,45.450268,3.6012627487315214,0.0095350828270864,0.0087176105,0.0008174723263334738,0.0042832921269601,0.0029200925,0.0013631995777850757
physics_guided_NN,75,2625,3,492,7.968024073862097,7.715848,0.2521761048069209,31.872096295448387,30.976042,0.8960545016251444,71.71221666475887,70.10298,1.6092350973760574,127.48838518179356,123.81798,3.670407276520123,0.0033646581469745,0.003139848,0.00022481025743192017,0.0016706080945524,0.0011874106,0.0004831975397037887
physics_guided_NN,75,2625,3,493,10.107433286483412,9.815199,0.29223438816798186,40.429733145933646,39.190914,1.2388189918809118,90.9668995783507,88.43742,2.5294758722960182,161.71893258373458,159.1099,2.60903878490646,0.0012127582198013,0.0012426599,-2.9901649802512725e-05,0.0006490456458574,0.00032276343,0.00032628221613558263
physics_guided_NN,75,2625,3,494,16.997503871649254,16.570929,0.4265752980408557,67.99001548659702,66.386086,1.6039299763431103,152.9775348448433,149.17473,3.8028064512886033,271.96006194638807,266.3675,5.592569270606816,0.0005272895416928,-0.00026238066,0.0007896702066281355,0.0002607974185064,-0.00047333437,0.0007341317851949048
physics_guided_NN,75,2625,3,495,7.73184203994365,7.361199,0.37064313781352265,30.9273681597746,29.795143,1.1322250323331922,69.58657835949286,66.472786,3.1137924097858303,123.7094726390984,118.41785,5.291625959410894,0.0001029039879054,0.0005381144,-0.0004352104122094641,5.7616094548844535e-05,3.6732288e-06,5.394286577347518e-05
physics_guided_NN,75,2625,3,496,8.2774721584624,8.080818,0.19665398219286878,33.1098886338496,32.39606,0.7138276902460845,74.4972494261616,72.2469,2.2503469603412896,132.4395545353984,129.24817,3.1913855900859005,0.0004807379311623,0.0007025962,-0.00022185828017797838,0.0001686017289916,-0.00015326674,0.0003218684664620033
physics_guided_NN,75,2625,3,497,5.704889133459517,5.6405497,0.06433947373051296,22.819556533838067,22.709436,0.11012011721209092,51.34400220113565,51.495724,-0.15172152322958254,91.27822613535228,90.11903,1.1591923218757216,0.0025300261310039,0.0024722004,5.7825700074239095e-05,0.0012861460798805,0.001213563,7.258305581411134e-05
physics_guided_NN,75,2625,3,498,10.773340529433431,10.492353,0.28098709010237677,43.09336211773373,42.177486,0.9158756980559986,96.9600647649009,93.46553,3.4945343693930937,172.37344847093493,167.75937,4.614079574450557,0.000697826499233,0.0015286998,-0.0008308732666801884,0.0002714411497357,0.000826022,-0.0005545808559042702
physics_guided_NN,75,2625,3,499,8.851418923480306,8.546571,0.3048481455872398,35.405675693921225,34.436066,0.9696100200930999,79.66277031132276,76.72307,2.939702074018072,141.6227027756849,137.81502,3.8076850754895872,0.0003208457310582,-6.183618e-05,0.00038268191203386066,0.0001443250593749,-0.00032011038,0.00046443544211994246
physics_guided_NN,75,2625,3,500,6.536964629818418,6.1618795,0.375085090328672,26.147858519273672,24.627634,1.5202244708117583,58.83268166836576,55.934505,2.898176205719274,104.59143407709468,100.07495,4.516482905219675,0.000349084565059,0.0007489975,-0.00039991293091634535,0.0001856378518482,0.0001486741,3.6963757031530174e-05
physics_guided_NN,75,2625,3,501,37.123406383208525,36.57704,0.546364757231963,148.4936255328341,147.21437,1.2792548052950394,334.11065744887674,329.99832,4.1123359156736115,593.9745021313364,583.4077,10.566787287586408,5.2788917078620174e-05,0.0034819408,-0.0034291519149104296,2.751713052672088e-05,0.00027307178,-0.000245554651903913
physics_guided_NN,75,2625,3,502,11.468765948749056,11.329071,0.13969490382718064,45.87506379499622,45.757183,0.11788072004505068,103.2188935387415,102.041176,1.177717696456341,183.5002551799849,182.44083,1.0594287639692652,1.1167985842777043e-05,-0.0011759048,0.0011870727487739451,6.312840898354442e-06,-0.00069228315,0.0006985959935009675
physics_guided_NN,75,2625,3,503,7.746600842449795,7.593689,0.1529118776060452,30.98640336979918,30.728752,0.257651233568712,69.71940758204816,68.58786,1.131547474626288,123.94561347919672,121.9525,1.9931140895482855,0.0004651016052427,0.0010334317,-0.0005683301287157231,0.0001686797427585,0.00021138051,-4.27007666683173e-05
physics_guided_NN,75,2625,3,504,5.813857737183127,5.515052,0.29880589544728675,23.255430948732503,22.079895,1.1755359292012528,52.32471963464815,49.76059,2.5641300350387723,93.02172379493004,88.25342,4.76830582618004,0.0006383992138725,0.0010845185,-0.0004461192885938806,0.0003789683646119,0.00022572101,0.00015324735018115357
physics_guided_NN,75,2625,3,505,7.558766223228334,7.323074,0.23569235924517962,30.235064892913336,29.229534,1.0055307437434138,68.028896009055,64.75069,3.278209363547191,120.94025957165334,117.47926,3.46099626598928,0.0008979711003423,0.0011615994,-0.00026362831501213066,0.0003111290301485,7.772874e-05,0.00023340028782235588
physics_guided_NN,75,2625,3,506,2.052027990911536,1.9405019,0.11152606258206843,8.208111963646141,7.7398024,0.4683096031114733,18.46825191820382,18.298277,0.16997501695870199,32.832447854584565,30.44868,2.383766976899018,0.0088355464550535,0.014629743,-0.005794196606906244,0.0043816524740428,0.007826263,-0.003444610610964868
physics_guided_NN,75,2625,3,507,5.4491535196174725,4.986642,0.46251163576737486,21.79661407846989,19.66959,2.1270240821319994,49.042381676557255,45.59293,3.4494518364693647,87.18645631387956,79.938446,7.248010268957685,0.0050243116478958,0.0056802444,-0.0006559327681026584,0.0021513013277229,0.0024271784,-0.0002758771073046993
physics_guided_NN,75,2625,3,508,11.824797694684513,11.729586,0.09521204710150499,47.29919077873805,47.689976,-0.3907849597873394,106.42317925216062,106.398384,0.024795157922341104,189.1967631149522,189.83815,-0.6413869094618576,0.0002660740552655,-0.00057241326,0.0008384873195736248,0.0001125498461792,-0.0005958349,0.0007083847672933468
physics_guided_NN,75,2625,3,509,38.47489175071352,37.292534,1.1823578762017988,153.89956700285407,148.37595,5.523620957932195,346.2740257564217,333.90198,12.372048217359179,615.5982680114163,592.3796,23.21869037469753,7.688122123916642e-05,-0.00091012014,0.0009870013643286098,2.353435482123847e-05,-0.0008740354,0.0008975697644729351
physics_guided_NN,75,2625,3,510,20.16198609182005,19.626362,0.5356242448962227,80.6479443672802,79.87846,0.7694806221630159,181.45787482638048,177.21402,4.2438550509898505,322.5917774691208,318.3742,4.217570926152064,0.0006472006502847,0.00068559864,-3.8397992746271275e-05,0.0003365394546811,-0.00010478068,0.000441320134657202
physics_guided_NN,75,2625,3,511,7.596354706749549,7.2894316,0.30692313478910016,30.3854188269982,29.498543,0.8868760413536698,68.36719236074595,65.74672,2.6204730003943837,121.5416753079928,115.53337,6.008304336313117,5.844647627194301e-05,0.00017686086,-0.00011841438730376884,2.0830772031916287e-05,-0.0002895439,0.0003103746822167914
physics_guided_NN,75,2625,3,512,38.507649234573634,37.429634,1.0780151403353528,154.03059693829454,150.0372,3.9933960105601614,346.5688431111627,337.9655,8.603327974443971,616.1223877531781,597.52374,18.598645077396895,6.012825594429279e-06,-0.0013601194,0.0013661322624619644,3.468645947141803e-06,-0.0007560103,0.0007594789427016808
physics_guided_NN,75,2625,3,513,10.211456714067603,9.795962,0.41549438038840414,40.84582685627042,39.180332,1.66549467243253,91.90311042660844,87.81099,4.092121046725623,163.38330742508168,157.5533,5.83000847488637,0.0001312163511134,0.00015321458,-2.1998232292824856e-05,6.639760246715507e-05,-8.7323504e-05,0.0001537211064433772
physics_guided_NN,75,2625,3,514,11.395279411136956,11.491577,-0.09629773730054403,45.581117644547824,46.63062,-1.0495014045244417,102.5575147002326,104.218285,-1.6607699067009918,182.3244705781913,184.3596,-2.035133303644642,0.000265773124682,0.0012564332,-0.000990660074477801,0.0001109324342722,0.00033194813,-0.0002210156986804752
physics_guided_NN,75,2625,3,515,8.237774894631448,8.371917,-0.13414187630361063,32.95109957852579,33.81009,-0.8589895328023331,74.13997405168303,76.077934,-1.9379602134536924,131.80439831410317,135.61938,-3.8149864515218326,0.000633001030152,0.00084499916,-0.00021199812813728347,0.0002769351117803,-2.142219e-05,0.00029835730087314564
physics_guided_NN,75,2625,3,516,16.60656170031878,16.10112,0.5054417052015943,66.42624680127513,64.38184,2.044403234380596,149.45905530286902,145.27351,4.185541508923706,265.7049872051005,257.7389,7.966095603538008,2.397565110033093e-05,-0.0008018623,0.0008258379267938966,1.4565290955339462e-05,-0.0006358101,0.0006503753709397064
physics_guided_NN,75,2625,3,517,4.516676120078229,4.2788253,0.2378508370276915,18.066704480312914,17.373505,0.6931998416410394,40.65008508070406,39.60683,1.0432544837802311,72.26681792125166,68.93671,3.3301113782829077,0.0046846364608687,0.006369944,-0.0016853077353257105,0.0020754051349244,0.0026451657,-0.0005697605245628475
physics_guided_NN,75,2625,3,518,9.519263440096095,9.610623,-0.09135991958408063,38.07705376038438,38.1295,-0.05244758238905689,85.67337096086484,85.92112,-0.2477487290765623,152.30821504153752,153.31503,-1.0068179174468526,0.0007035759723228,0.00076296873,-5.9392759255639496e-05,0.0003398238100473,2.4668965e-05,0.00031515484492242564
physics_guided_NN,75,2625,3,519,16.594036884946302,16.610487,-0.016450099306627664,66.37614753978521,66.42256,-0.046414105722604404,149.3463319645167,149.73315,-0.38682233235829244,265.50459015914083,267.79318,-2.2885922139060426,0.0003716415850141,-0.00041485214,0.0007864937252526086,0.0001866722447355,-0.0006598275,0.0008464997369353382
physics_guided_NN,75,2625,3,520,8.737211694320672,8.660885,0.07632683714293798,34.94884677728269,35.170864,-0.22201732794191997,78.63490524888606,78.25495,0.37995377183527523,139.79538710913076,140.91628,-1.120887915283305,0.0002015693380491,-0.0004167809,0.0006183502473396372,7.898039191072972e-05,-0.000732493,0.000811473396672366
physics_guided_NN,75,2625,3,521,4.1256851748156125,3.6772354,0.44844980990167205,16.50274069926245,15.578141,0.924599486799071,37.13116657334052,34.002136,3.129030342871772,66.0109627970498,62.037052,3.973910642508784,0.0009816144450834,0.0015219514,-0.0005403369574541246,0.0004582025484459,7.43208e-05,0.0003838817482509176
physics_guided_NN,75,2625,3,522,7.658164783935409,7.3836536,0.2745111431883389,30.63265913574164,29.238962,1.3936969622797264,68.92348305541869,65.62483,3.298650902098373,122.53063654296656,116.80097,5.729664558103281,0.0001531046516276,0.00057865767,-0.0004255530141279997,9.404109461986997e-05,3.893021e-06,9.014807348951769e-05
physics_guided_NN,75,2625,3,523,13.969370536831208,13.681699,0.28767173769790766,55.877482147324834,54.577763,1.2997195435650681,125.72433483148087,123.110756,2.613578911070718,223.5099285892993,218.06711,5.442820435002432,9.59059207991423e-05,0.0007295091,-0.0006336031846410869,5.154257423933925e-05,0.0002184099,-0.00016686732515003202
physics_guided_NN,75,2625,3,524,12.141775795501944,11.941634,0.2001416173403232,48.56710318200778,47.514935,1.0521686422128553,109.27598215951753,107.39342,1.8825648011190879,194.2684127280311,190.52829,3.740122933109234,0.0004865880755576,0.0010030315,-0.0005164434269202248,0.000232475000082,0.00047238366,-0.00023990866088080515
physics_guided_NN,75,2625,3,525,2.550028780916782,2.5570352,-0.007006426831630996,10.200115123667128,9.684691,0.5154236945289448,22.950259028251043,23.773954,-0.8236953632284489,40.80046049466851,40.524784,0.2756764065337478,0.0098959616075469,0.010972684,-0.0010767226417349833,0.0047377004384824,0.0046433383,9.436217172228891e-05
physics_guided_NN,75,2625,3,526,11.540201565621164,11.408597,0.13160457312848806,46.160806262484655,45.549294,0.6115127444182491,103.86181409059049,101.92699,1.9348273962545477,184.64322504993865,181.9467,2.6965240001339623,0.0001705391264895,0.00053162215,-0.0003610830239577196,9.286674920912932e-05,4.018177e-05,5.268497860851798e-05
physics_guided_NN,75,2625,3,527,9.459397345605629,9.270886,0.18851092440201533,37.83758938242251,37.056324,0.7812653772955542,85.13457611045064,84.11517,1.019402770606888,151.35035752969003,147.17331,4.177048203518154,0.0031057405270782,0.0027340925,0.00037164799721508103,0.0013018344636597,0.00086072914,0.000441105325292822
physics_guided_NN,75,2625,3,528,2.4668943649042228,2.4273117,0.03958270604496983,9.867577459616893,9.513875,0.3537024519874983,22.20204928413801,23.15618,-0.9541301439625762,39.47030983846757,37.394604,2.0757061092195244,0.0126737241546779,0.011313641,0.0013600827108292898,0.0057742592397636,0.0050067212,0.000767537996501309
physics_guided_NN,75,2625,3,529,6.881763774309415,6.742505,0.13925870076205182,27.52705509723766,26.617727,0.9093278175745745,61.93587396878475,60.028378,1.9074964358257631,110.10822038895064,105.810814,4.297406485142048,0.0075987050439174,0.0061021904,0.0014965146909410778,0.0044965519507555,0.0033412466,0.0011553053216216795
physics_guided_NN,75,2625,3,530,3.615736370530539,3.8766835,-0.26094710305649693,14.462945482122157,14.964034,-0.5010885983832143,32.54162733477486,33.300877,-0.759249282656782,57.85178192848863,57.79817,0.05361374611558034,0.0031428726682898,0.002937497,0.00020537556284036182,0.0012340591756954,0.0006608254,0.0005732337713568614
physics_guided_NN,75,2625,3,531,7.169670764613766,7.0738587,0.09581202666820943,28.678683058455064,28.515211,0.16347195310838458,64.5270368815239,64.073875,0.4531614542778044,114.71473223382026,114.11893,0.5958052318671321,0.0004201411645381,0.0007968065,-0.00037666531014384364,0.0002042139354975,0.00033768415,-0.00013347021319223194
physics_guided_NN,75,2625,3,532,9.053769032736689,8.803001,0.2507676289280951,36.21507613094676,35.145008,1.0700680437885595,81.4839212946302,79.19095,2.292972808302082,144.86030452378702,141.4758,3.384504963240147,0.0015403369009138,0.0008196113,0.0007207255960085344,0.000916081516075,0.00047519626,0.0004408852609368561
physics_guided_NN,75,2625,3,533,5.317715562221599,5.2897906,0.02792493188102263,21.270862248886395,20.52124,0.7496220145113952,47.85944005999439,48.232845,-0.3734052464020934,85.08344899554558,82.613365,2.470083822205737,0.0031645573634797,0.0040119146,-0.000847357236207161,0.0017035607961663,0.0017991819,-9.562112244731265e-05
physics_guided_NN,75,2625,3,534,5.964191982230467,5.922915,0.04127700038842619,23.85676792892187,23.887074,-0.03030558792383431,53.677727840074205,53.662415,0.015313289292954835,95.42707171568748,96.96887,-1.5418003546250247,0.000112928137489,0.00074803125,-0.0006351031113151818,5.05227186256896e-05,-3.670892e-05,8.723163827726312e-05
physics_guided_NN,75,2625,3,535,5.57921110070059,5.6269712,-0.04776014411142171,22.31684440280236,22.24765,0.06919425631798504,50.21289990630532,50.372303,-0.15940310272788594,89.26737761120944,87.48426,1.783117052127409,0.0007397578116747,0.00055449543,0.0001852623787949242,0.0004069847478263,0.00023504472,0.00017194003027043436
physics_guided_NN,75,2625,3,536,5.980561924235108,5.8809457,0.09961624170947303,23.92224769694043,22.953045,0.9692028055830093,53.82505731811597,54.15219,-0.3271338439934084,95.68899078776172,91.86793,3.8210632364921935,0.0011721436464134,-0.0015437977,0.0027159413154143235,0.0005231398582874,-0.0013457452,0.0018688850297076762
physics_guided_NN,75,2625,3,537,4.445327612947614,4.109372,0.33595547397056347,17.781310451790457,16.699549,1.0817617304769804,40.00794851652853,37.700016,2.3079324948000135,71.12524180716183,66.01572,5.109525254427453,0.0021559424395956,0.0014830463,0.0006728961062900623,0.0011027786523083,0.0006944145,0.00040836416799367955
physics_guided_NN,75,2625,3,538,1.6551186929301422,1.4469001,0.20821856361190494,6.620474771720569,5.6900473,0.9304275076214479,14.89606823637128,14.165601,0.7304674596989162,26.48189908688228,22.270672,4.211227242399858,0.0230164260534935,0.026200514,-0.0031840882332630147,0.0116591744921663,0.013891733,-0.0022325587593457503
physics_guided_NN,75,2625,3,539,16.99136160921159,16.558725,0.4326362521559268,67.96544643684636,66.34009,1.6253585462213636,152.92225448290432,149.42056,3.5016917387636965,271.86178574738545,266.02234,5.839446880197954,0.0003622750700869,4.737164e-05,0.00031490343100259625,0.0001817700796606,-0.00024621226,0.00042798234441634075
physics_guided_NN,75,2625,3,540,6.694916618188316,6.6955585,-0.0006419297853170747,26.779666472753263,26.929369,-0.14970250002505736,60.25424956369485,60.174545,0.07970427560891125,107.11866589101304,107.96389,-0.8452241846705562,0.0031711077184482,0.0027203248,0.00045078293020562156,0.0017394723823967,0.0013858044,0.00035366800024384457
physics_guided_NN,75,2625,3,541,7.978451738790416,7.864799,0.11365271611585559,31.913806955161665,31.586561,0.32724575215873486,71.80606564911375,71.93494,-0.1288708743237521,127.65522782064666,126.83572,0.8195115730880644,0.004854120570109,0.0032941224,0.0015599981647587916,0.0025081882478915,0.001473395,0.0010347932104267025
physics_guided_NN,75,2625,3,542,7.834230773128736,7.7373896,0.09684120861457579,31.336923092514944,30.622732,0.7141909300393579,70.50807695815864,69.49416,1.0139134449750458,125.34769237005978,124.40543,0.9422587152746189,0.0006470204361362,0.00082256406,-0.00017554362699188399,0.0003350930743246,4.7309182e-05,0.0002877838920604564
physics_guided_NN,75,2625,3,543,4.5540857316377,4.3516636,0.2024221421601613,18.2163429265508,17.322346,0.8939971929082233,40.9867715847393,39.887894,1.098877907981489,72.8653717062032,71.0767,1.7886734029805496,0.0072082890586085,0.00798315,-0.0007748609020285929,0.0028057521070871,0.0030127626,-0.00020701053072181902
physics_guided_NN,75,2625,3,544,5.674429562320764,5.8601894,-0.18575987554544682,22.697718249283056,22.753366,-0.05564822105385758,51.06986606088688,51.79416,-0.7242928746599944,90.79087299713224,91.24389,-0.4530158578482286,0.0077256804218856,0.010688399,-0.0029627185428174833,0.0037896862736146,0.005135676,-0.0013459896186192484
physics_guided_NN,75,2625,3,545,9.00914107418707,8.87658,0.13256083584478517,36.03656429674828,35.751476,0.28508800890648445,81.08226966768363,79.03804,2.0442295065508205,144.14625718699313,142.7029,1.4433610688290628,0.0012092522581677,0.001552734,-0.00034348168376730284,0.0004631762803111,0.00039238724,7.078903755617868e-05
physics_guided_NN,75,2625,3,546,12.945907244131933,12.399935,0.5459724754551747,51.78362897652773,50.15106,1.6325707795062456,116.5131651971874,112.091736,4.421429357343655,207.1345159061109,201.81886,5.315652991071829,7.577755760771052e-05,0.0011635296,-0.0010877520237826106,4.647823319119343e-05,0.00067263946,-0.0006261612308369862
physics_guided_NN,75,2625,3,547,3.328114398640752,3.1929257,0.13518870703613795,13.312457594563009,12.021621,1.2908368441357627,29.95302958776677,28.114656,1.8383731394025133,53.24983037825204,49.098904,4.150926722246183,0.0145152561550858,0.013161258,0.0013539983143928038,0.0071917821741861,0.006144224,0.0010475579737883704
physics_guided_NN,75,2625,3,548,6.430340719273352,6.015435,0.414905500462317,25.72136287709341,23.691751,2.0296113969908696,57.87306647346017,55.24608,2.626987982249233,102.88545150837363,96.58843,6.297019196361916,0.0027566815595487,0.002395412,0.0003612696062186599,0.0013443577526149,0.0010085733,0.000335784415156826
physics_guided_NN,75,2625,3,549,6.964034988096503,7.0873194,-0.12328438598796954,27.85613995238601,27.606096,0.2500436846858136,62.67631489286854,62.91791,-0.241596636672476,111.42455980954404,108.48166,2.9429008739971607,0.01046885872535,0.008044419,0.0024244398464966788,0.0050902681435385,0.0038857018,0.0012045663791635285
physics_guided_NN,75,2625,3,550,1.641896009204116,1.6231563,0.01873970007630832,6.567584036816464,6.1144285,0.453155516613827,14.777064082837043,15.181241,-0.4041769526243826,26.27033614726585,24.700832,1.569503780322492,0.0452212868032776,0.042797793,0.0024234941003643123,0.0246420056599265,0.021883346,0.0027586595195418263
physics_guided_NN,75,2625,3,551,4.048919453589192,3.9710329,0.07788659569429424,16.195677814356767,15.458934,0.7367439840955363,36.440275082302726,36.30671,0.1335657927519449,64.78271125742707,62.031216,2.751495589702458,0.0077216486002886,0.00837317,-0.000651521559468537,0.003949007532353,0.0035644388,0.00038456874972064934
physics_guided_NN,75,2625,3,552,1.69896481582231,1.7234399,-0.024475116047196765,6.79585926328924,6.7330027,0.06285660063054888,15.290683342400792,16.975607,-1.6849235759341692,27.18343705315696,28.85822,-1.6747820935715545,0.0668823166447299,0.07418525,-0.007302935544906325,0.0347879305254752,0.037019663,-0.0022317320335572405
physics_guided_NN,75,2625,3,553,8.091053394511503,8.045909,0.0451444665940226,32.36421357804601,31.767588,0.5966259163028482,72.81948055060353,72.7553,0.06417812140431067,129.45685431218405,127.20906,2.2477936432387366,0.0016864639550526,0.0015946779,9.178603832463985e-05,0.0008848199635591,0.0006650473,0.00021977264115918577
physics_guided_NN,75,2625,3,554,8.337849791369003,8.508373,-0.17052346912904426,33.35139916547601,33.87792,-0.5265190779321927,75.04064812232103,75.903595,-0.8629468483820943,133.40559666190404,134.79369,-1.3880892511818956,0.0011711922657764,0.0014548128,-0.0002836205580183822,0.0004474379094637,0.00034902044,9.841746956510479e-05
physics_guided_NN,75,2625,3,555,6.711276834660852,6.588365,0.12291175668844012,26.84510733864341,25.82291,1.0221970298055183,60.40149151194768,59.583572,0.81791912425237,107.38042935457364,103.662674,3.717755404378323,0.0019897118994155,0.0007365909,0.0012531210171178946,0.0009987672428167,0.00013766097,0.0008611062702755018
physics_guided_NN,75,2625,3,556,2.1152573676832973,1.847471,0.2677863689192592,8.46102947073319,7.282237,1.1787924178157088,19.03731630914968,17.632933,1.4043836461858135,33.84411788293276,32.73319,1.1109292537823663,0.051363959467393,0.052883044,-0.001519084417838018,0.0308228699724276,0.028928569,0.0018943013857204843
physics_guided_NN,75,2625,3,557,3.878351466906913,3.8586037,0.01974775101030657,15.51340586762765,15.233268,0.28013808350899794,34.90516320216222,34.23196,0.6732029055313618,62.0536234705106,59.89668,2.1569445459500542,0.0032448316949401,0.003214147,3.068475303984663e-05,0.0013528260717418,0.00070618035,0.0006466457236807748
physics_guided_NN,75,2625,3,558,6.00180327182794,5.917319,0.08448445087457124,24.00721308731176,23.197199,0.81001421951391,54.01622944645146,51.85225,2.163980300943649,96.02885234924705,88.59522,7.433629876102515,0.0032521694556644,0.0036102147,-0.00035804522849416367,0.0012029070114032,0.001097964,0.00010494300492709576
physics_guided_NN,75,2625,3,559,30.44393015945268,30.304695,0.13923503005814908,121.7757206378107,121.73747,0.0382481036310196,273.9953714350741,273.7274,0.2679849604647302,487.1028825512428,485.3854,1.7174760571022034,1.233214566272879e-05,-0.0019313145,0.0019436466187031307,4.708995279241084e-06,-0.0006612636,0.0006659725868891363
physics_guided_NN,75,2625,3,560,4.169786512702347,3.8272417,0.34254485353791786,16.679146050809386,15.979667,0.6994793409094839,37.52807861432113,35.315742,2.2123361216453503,66.71658420323755,64.13892,2.577660558218014,0.0287800943518493,0.03031282,-0.0015327250545408913,0.01667497227356,0.01606842,0.0006065528319792284
physics_guided_NN,75,2625,3,561,4.689550370699779,4.6157804,0.0737700171536364,18.75820148279912,18.994452,-0.23625004002802896,42.20595333629802,41.942024,0.263929105340992,75.03280593119646,75.53732,-0.5045170668504113,0.0009428241548873,0.0005083284,0.00043449577901507545,0.0004116133219919,-0.0002155522,0.0006271655162687247
physics_guided_NN,75,2625,3,562,12.299671747422249,12.223024,0.07664737913611575,49.198686989688994,48.960377,0.2383102501870411,110.69704572680024,110.21974,0.4773039055111781,196.794747958756,195.87213,0.9226166110997553,0.0015396157364993,0.001757014,-0.00021739822424216037,0.0007513836384517,0.00079645275,-4.506910827487248e-05
physics_guided_NN,75,2625,3,563,23.728149501989176,23.237148,0.49100121707706634,94.9125980079567,94.08141,0.8311847389137341,213.55334551790256,208.51791,5.035431699543182,379.6503920318268,373.3003,6.3500990630768115,0.0017793299792269,0.0025989101,-0.0008195801476082079,0.0010616834875302,0.0011691392,-0.00010745568255767402
physics_guided_NN,75,2625,3,564,16.075670695426826,16.115202,-0.03953125464641616,64.3026827817073,65.16894,-0.8662549013981646,144.68103625884146,145.17783,-0.49678966889291587,257.2107311268292,258.60513,-1.3944019298114085,0.0001338815679993,0.00073119806,-0.0005973164909299943,4.553117845959576e-05,-0.00013722843,0.00018275960987254591
physics_guided_NN,75,2625,3,565,6.872145138108219,6.912424,-0.04027894941619525,27.488580552432875,27.766342,-0.27776161065306226,61.84930624297398,63.22348,-1.3741739816353942,109.9543222097315,111.76507,-1.8107458444677178,0.0017171075655582,0.001282697,0.0004344106041329551,0.0006134650789418,0.00023114038,0.0003823246984493661
physics_guided_NN,75,2625,3,566,13.697276776233696,13.540947,0.1563298157844777,54.78910710493478,54.57529,0.21381642500313802,123.27549098610324,122.57519,0.7003033029977672,219.15642841973911,217.54578,1.6106520525516146,0.0006797051109233,0.0005488102,0.00013089493670026444,0.0004295262992644,-0.000109682696,0.0005392089956119905
physics_guided_NN,75,2625,3,567,5.359517553966195,5.1708193,0.18869827143445672,21.43807021586478,20.716938,0.7211321970659519,48.23565798569576,46.029266,2.2063916282738845,85.75228086345912,81.89629,3.8559872233224013,0.0004521219025847,0.0017237052,-0.0012715833062756378,0.0001777737090027,0.0006200498,-0.0004422760647127365
physics_guided_NN,75,2625,3,568,1.4483506050395227,1.0464761,0.40187447932235965,5.793402420158091,3.7669709,2.0264315472790626,13.035155445355706,11.180356,1.854799419659905,23.173609680632364,16.08955,7.084059662321817,0.009147537929804,0.011111651,-0.001964112686126557,0.0047017824258236,0.0051824744,-0.0004806919601233889
physics_guided_NN,75,2625,3,569,6.36154406679816,6.274674,0.0868701280469395,25.44617626719264,25.260355,0.18582127146510174,57.25389660118345,57.175514,0.07838237999204267,101.78470506877056,101.24617,0.5385350248252507,0.0023801532957313,0.0032808483,-0.0009006949689629139,0.0010345501866013,0.0012587836,-0.0002242334379061869
physics_guided_NN,75,2625,3,570,10.12347574386519,9.862251,0.26122446212690953,40.49390297546076,39.32677,1.16713219299006,91.11128169478673,89.31417,1.7971108573843821,161.97561190184305,157.23544,4.7401687866086775,0.0015625324948718,0.0007158168,0.0008467156939235675,0.0008007763834067,0.0002765249,0.0005242514897000355
physics_guided_NN,75,2625,3,571,7.752086959363663,8.021597,-0.2695099492056725,31.008347837454654,32.045204,-1.0368563251430025,69.76878263427298,72.22444,-2.455658894047332,124.0333913498186,128.47815,-4.444758064243899,0.000709979928578,0.00044053458,0.0002694453459835904,0.00025387002429,-2.3133261e-05,0.0002770032857830579
physics_guided_NN,75,2625,3,572,4.985360398839296,4.8525743,0.1327860503895888,19.941441595357183,19.104961,0.8364802000935114,44.86824358955367,44.6879,0.1803430463407807,79.76576638142873,76.57093,3.194835900471702,0.0037205840434205,0.0039086286,-0.0001880445544350678,0.001868213687736,0.0016109435,0.0002572702222423805
physics_guided_NN,75,2625,3,573,9.527125882380249,9.586461,-0.05933518481945832,38.108503529521,38.53897,-0.43046741774462305,85.74413294142224,85.71402,0.030113166031611627,152.43401411808398,154.0015,-1.5674812432441456,0.0005730253851191,0.00027331794,0.0002997074424904631,0.0002884761355592,-8.109808e-05,0.00036957421378540497
physics_guided_NN,75,2625,3,574,34.553400283402674,34.696796,-0.14339613383365446,138.2136011336107,140.39598,-2.182379701350243,310.9806025506241,314.2439,-3.2632939337509015,552.8544045344428,553.85016,-0.9957541569634714,1.6742735984999097e-06,-0.0005405127,0.0005421869457583207,5.288688107036667e-07,-0.00078431645,0.0007848453182368182
physics_guided_NN,75,2625,3,575,7.0233569327298895,6.8740053,0.1493516150419012,28.09342773091956,27.337185,0.7562428249137021,63.210212394569005,61.776875,1.4333378523326772,112.37371092367825,108.89692,3.4767916731899646,0.0020796280878563,0.002446793,-0.00036716493191527597,0.0010588304905731,0.001188689,-0.00012985853733981484
physics_guided_NN,75,2625,3,576,13.49606438032764,13.345748,0.15031643263476901,53.98425752131056,53.557957,0.4263008257539198,121.46457942294876,119.54766,1.9169185953120405,215.93703008524224,214.4462,1.4908325754766167,0.0003048425813766,8.175374e-05,0.00022308884478190814,0.0001569517813417,-0.00019590222,0.0003528540006167126
physics_guided_NN,75,2625,3,577,1.8564341224853305,1.5809238,0.2755103267852572,7.425736489941322,6.178218,1.2475186020629039,16.707907102367976,15.347417,1.360490224621394,29.702945959765287,25.592983,4.109962713915678,0.0459055224335483,0.051279917,-0.005374394925803813,0.0209432920822026,0.026173558,-0.005230266003954244
physics_guided_NN,75,2625,3,578,2.4975767778021187,2.480273,0.017303769455561113,9.990307111208477,9.587049,0.4032585806298634,22.47819100021907,23.308832,-0.8306411683600317,39.9612284448339,39.658688,0.3025408532811653,0.00822991013197,0.009529987,-0.0013000772181362402,0.0037323099098699,0.004144277,-0.0004119670480890367
physics_guided_NN,75,2625,3,579,16.539000031070547,15.707964,0.8310360875891014,66.15600012428219,63.3959,2.7600993979638275,148.85100027963497,141.64804,7.202959508150599,264.62400049712875,253.71684,10.90715784576156,0.0001570167338365,-0.00045709786,0.0006141145973821413,8.396408678671484e-05,-0.00049857784,0.0005825419227563417
physics_guided_NN,75,2625,3,580,2.128170833272856,2.2437952,-0.11562432320602589,8.512683333091424,9.465161,-0.9524779904559395,19.15353749945571,21.621923,-2.4683859471995646,34.050733332365695,39.38744,-5.336706395417508,0.0120904165358701,0.019474285,-0.00738386818753097,0.0070706817304676,0.010500675,-0.0034299933368379647
physics_guided_NN,75,2625,3,581,12.17077724408992,11.788615,0.38216201734431365,48.68310897635968,47.09032,1.5927883892014734,109.53699519680926,106.315,3.221992755403008,194.7324359054387,190.04079,4.6916491622746435,0.0001616800612916,0.00017085197,-9.171909032692772e-06,7.852164078703322e-05,-0.00011249715,0.00019101879395511172
physics_guided_NN,75,2625,3,582,5.4505685841636895,5.7526174,-0.30204877499768745,21.80227433665476,22.823019,-1.0207446910551994,49.05511725747321,51.98067,-2.9255536714818646,87.20909734661903,91.779915,-4.570817509337999,0.00328521030838,0.0031380109,0.00014719945261584952,0.0016049914942361,0.00091290113,0.0006920903637311938
physics_guided_NN,75,2625,3,583,26.67622754860419,26.488913,0.18731496620672772,106.70491019441675,106.14014,0.5647734756667546,240.08604793743768,238.84798,1.2380712528673712,426.819640777667,424.474,2.3456417542295185,7.914309213854606e-05,-0.0003998057,0.000478948784861567,2.472465679163253e-05,2.948367e-05,-4.759013213360215e-06
physics_guided_NN,75,2625,3,584,13.549778269986197,13.694357,-0.1445786483487641,54.19911307994478,55.321735,-1.122622302135298,121.94800442987578,124.22157,-2.273568446100782,216.79645231977912,218.1193,-1.322840893111504,0.0001085191313336,-3.700572e-05,0.00014552485184817128,4.065335910671977e-05,-0.00048795986,0.0005286132155069861
physics_guided_NN,75,2625,3,585,6.604588979554742,6.301095,0.30349397070464423,26.418355918218968,25.528568,0.8897876503967019,59.44130081599268,57.364147,2.0771536297133864,105.67342367287588,101.803345,3.8700789463133844,0.0005645443785187,0.0011759357,-0.000611391350888074,0.0002284012909732,0.00020791552,2.048576718523959e-05
physics_guided_NN,75,2625,3,586,5.416172876012137,5.2790084,0.13716448749284993,21.664691504048548,21.367899,0.2967925630085091,48.74555588410923,48.95571,-0.21015548063686396,86.65876601619419,84.275314,2.383451685139505,0.005169393147522,0.0051875585,-1.8165328359814707e-05,0.0024191604525835,0.0021139972,0.0003051632148266515
physics_guided_NN,75,2625,3,587,4.477485625660652,4.111661,0.3658246683242261,17.909942502642608,16.6517,1.2582434364804982,40.29737063094587,37.126083,3.171287256922433,71.63977001057043,67.52032,4.1194529329337115,0.0066510961375192,0.008172249,-0.0015211532839581182,0.0033424301028246,0.0040709814,-0.0007285513028508113
physics_guided_NN,75,2625,3,588,34.698184689110526,34.114952,0.5832326017081826,138.7927387564421,136.7857,2.0070331900358553,312.2836622019948,306.5175,5.766175629729162,555.1709550257684,547.0528,8.118159615612171,5.83731373086809e-05,0.0015676481,-0.0015092750043362141,2.6826697242979133e-05,-0.0003220494,0.000348876093588371
physics_guided_NN,75,2625,3,589,28.49264475552102,28.895706,-0.40306142123679223,113.97057902208408,115.222755,-1.2521764100448252,256.4338027996892,261.3472,-4.913395686638921,455.8823160883363,461.03116,-5.148842358929301,1.0566135803226142e-05,-0.00198723,0.001997796168485645,5.895844310104878e-06,-0.0009635327,0.0009694285594146252
physics_guided_NN,75,2625,3,590,11.90980934739788,11.441469,0.4683401548929975,47.63923738959152,46.37362,1.2656183100016776,107.18828412658092,103.10928,4.0790006793153,190.55694955836609,182.0163,8.540653171647335,0.0057234491396555,0.004477207,0.0012462420564004475,0.0032909052372724,0.002061848,0.0012290571742505016
physics_guided_NN,75,2625,3,591,8.000472556710196,7.9290047,0.07146788752074329,32.001890226840786,31.963902,0.03798870706539503,72.00425301039176,71.66983,0.3344226881261392,128.00756090736314,126.39822,1.6093446598045489,0.000874064107268,0.0013115228,-0.00043745868482545584,0.0003408139368077,0.00028522205,5.559188723798893e-05
physics_guided_NN,75,2625,3,592,15.288837851303732,15.139969,0.1488689792334199,61.15535140521493,61.003315,0.1520364332911015,137.5995406617336,135.83334,1.766197155874238,244.6214056208597,243.0091,1.61231138257844,0.0001421702250394,0.0001111351,3.1035123860739025e-05,7.620768391996814e-05,-5.247365e-05,0.00012868133362270152
physics_guided_NN,75,2625,3,593,21.13636478930044,20.801758,0.3346069768004405,84.54545915720176,84.27638,0.26907671091269947,190.227283103704,187.09998,3.1273075177664964,338.18183662880705,334.52362,3.658216023338298,0.0005502402095093,0.0019298381,-0.0013795978844196926,0.0002377520944321,0.0008891042,-0.0006513521144768751
physics_guided_NN,75,2625,3,594,15.76693750830694,15.489741,0.2771961829285221,63.06775003322776,61.890926,1.176823672143776,141.90243757476247,139.17342,2.7290214370671606,252.27100013291104,247.23553,5.035465464942291,0.0006043833184623,0.0007374747,-0.00013309138895861532,0.0002997533109775,0.00011326638,0.00018648692901853477
physics_guided_NN,75,2625,3,595,6.864901543003248,6.5215616,0.3433399203836194,27.459606172013,26.300436,1.1591701521155393,61.78411388702924,59.42274,2.3613729507499457,109.83842468805196,104.1615,5.676925664614458,0.0006943385963468,0.0009242021,-0.00022986349331679493,0.000272916315901,0.0002301562,4.276011053929102e-05
physics_guided_NN,75,2625,3,596,2.6116570275003883,2.5708506,0.04080641676735608,10.446628110001551,9.474109,0.9725194140176647,23.50491324750349,23.261248,0.24366561261579633,41.78651244000621,39.651577,2.1349354441566035,0.0170165050798208,0.017721342,-0.0007048368430584186,0.0071475443854976,0.008157163,-0.001009618541593522
physics_guided_NN,75,2625,3,597,12.154760611215757,11.81245,0.3423102022802098,48.61904244486303,47.29586,1.323182154335683,109.39284550094185,106.43914,2.953705181117627,194.4761697794521,187.40678,7.069385721834919,0.0001166573402714,0.00034687613,-0.000230218787606804,3.987617676121781e-05,0.00024486458,-0.00020498840602139345
physics_guided_NN,75,2625,3,598,2.35059653341914,2.227968,0.12262855589533617,9.40238613367656,8.903897,0.49848884821513373,21.155368800772266,20.26312,0.8922481495271484,37.60954453470624,35.47981,2.129735727333191,0.0459524064168384,0.04907527,-0.003122861792142162,0.0252962444285374,0.0253894,-9.315495095440704e-05
physics_guided_NN,75,2625,3,599,5.617212418489019,5.3866816,0.2305308617873587,22.468849673956075,21.047754,1.421095386236349,50.55491176640117,49.121407,1.4335052112253877,89.8753986958243,84.25175,5.623651564476646,0.0028338457052998,0.0018387678,0.0009950779206521565,0.0013990617168725,0.00069504126,0.0007040204524651633
physics_guided_NN,75,2625,3,600,7.09254511445024,6.8695655,0.22297962754228084,28.37018045780096,27.381952,0.9882281720343578,63.83290603005217,62.108345,1.7245609983138905,113.48072183120384,109.54585,3.9348691700710248,0.0022943129150665,0.0033198218,-0.001025508871068935,0.0010343863981899,0.0013671006,-0.00033271423269695265
physics_guided_NN,75,2625,3,601,9.78927589389658,9.472463,0.3168132397828103,39.15710357558632,37.879364,1.2777395619144443,88.10348304506923,86.109924,1.9935587286629755,156.62841430234528,153.23721,3.391201167579652,0.0007124828426246,0.00057866186,0.00013382098591741454,0.000382420999332,0.00014771274,0.00023470826224297698
physics_guided_NN,75,2625,3,602,6.362749009224957,6.6688023,-0.3060532521275823,25.450996036899827,26.32038,-0.8693832203023213,57.26474108302462,60.103817,-2.839075903059367,101.80398414759932,105.53211,-3.7281279739827085,0.0007349185487175,0.0018078581,-0.0010729395710012304,0.0002913044816152,0.0006429936,-0.0003516891222178197
physics_guided_NN,75,2625,3,603,15.498490406629491,15.735586,-0.23709575975234465,61.99396162651797,62.03884,-0.04487962104062149,139.48641365966543,140.58075,-1.0943358520533195,247.9758465060719,247.63992,0.33592341036876405,0.0001793387691547,0.0006997431,-0.0005204043354782438,0.0001090993858915,0.00017098858,-6.188919781295669e-05
physics_guided_NN,75,2625,3,604,21.199336268021213,21.423033,-0.22369649259890423,84.79734507208485,86.0184,-1.2210570275245232,190.79402641219093,192.31409,-1.5200605018715692,339.1893802883394,343.64047,-4.451092123769968,4.61723563287987e-05,9.525483e-06,3.664687361863885e-05,1.871842600853603e-05,7.97085e-05,-6.099007528059695e-05
physics_guided_NN,75,2625,3,605,1.7621372684560792,1.6242425,0.13789472428188487,7.048549073824317,6.1892385,0.8593105255455082,15.859235416104712,15.408086,0.4511495930456295,28.194196295297267,26.695835,1.4983611817718767,0.0604082119985348,0.062859975,-0.002451762803005575,0.0303357724565455,0.031638358,-0.0013025853317788563
physics_guided_NN,75,2625,3,606,2.1929501137921115,2.2159379,-0.022987739067385604,8.771800455168446,8.4344,0.3374008503710826,19.736551024129003,20.160398,-0.423847459147364,35.08720182067378,32.718075,2.369127022089799,0.0411045634797124,0.046393823,-0.005289259398886768,0.0214934233558796,0.024259467,-0.002766043322024528
physics_guided_NN,75,2625,3,607,3.696186480962634,3.7212121,-0.0250256677037477,14.784745923850537,14.578937,0.20580934700727482,33.26567832866371,33.222485,0.0431937400406639,59.13898369540215,60.025143,-0.8861589742755811,0.0309155169964484,0.030934438,-1.8921112949488172e-05,0.0158140868883782,0.016770028,-0.0009559406894988458
physics_guided_NN,75,2625,3,608,19.01869613914811,19.52476,-0.5060631534544306,76.07478455659243,77.40879,-1.3340060317864726,171.16826525233296,176.17567,-5.0074091861436045,304.29913822636973,309.57645,-5.27730830683339,0.000110915758696,0.0006295689,-0.0005186531212622422,6.113392213999391e-05,-8.2774925e-05,0.00014390884666179405
physics_guided_NN,75,2625,3,609,10.05306698971414,9.710846,0.34222104244851437,40.212267958856565,39.28052,0.931746566034299,90.47760290742728,87.7759,2.701701112993689,160.84907183542626,157.49265,3.3564265717543833,0.0002091508381211,0.00019500815,1.4142688517718236e-05,7.272606980302852e-05,1.0398542e-05,6.232752765834347e-05
physics_guided_NN,75,2625,3,610,8.475244179593128,8.2034025,0.2718416603670537,33.90097671837251,32.526848,1.374128879017043,76.27719761633814,73.187515,3.08968235754908,135.60390687349005,130.65048,4.953424695755672,0.0002088280455074,0.000939832,-0.0007310039652646792,0.0001024393820815,0.00015414561,-5.170623286103576e-05
physics_guided_NN,75,2625,3,611,8.375622487777678,8.034718,0.3409049279632246,33.50248995111071,32.213776,1.2887143163450858,75.3806023899991,73.694916,1.6856866185147226,134.00995980444284,128.5557,5.454265224364718,0.0003294298451521,0.00061033614,-0.00028090629231775793,0.0001413028334386,0.00041348542,-0.0002721825909216604
physics_guided_NN,75,2625,3,612,4.232825910570765,3.9660633,0.26676264953866013,16.93130364228306,16.366238,0.5650660019021991,38.09543319513688,35.7418,2.353634794257971,67.72521456913223,63.248043,4.4771715088295,0.0021552985611128,0.002536329,-0.0003810304139984463,0.0011919845850876,0.0013115959,-0.00011961131582796311
physics_guided_NN,75,2625,3,613,2.584159058928916,2.6346858,-0.05052669584708491,10.336636235715664,10.061431,0.27520530462435566,23.257431530360243,24.34826,-1.0908293491563583,41.34654494286266,39.371273,1.9752719020911726,0.0016069605226823,0.0036222725,-0.0020153119948498103,0.0007829541140688,0.0009782017,-0.0001952476300778451
physics_guided_NN,75,2625,3,614,14.274381044790012,13.600196,0.6741851600854218,57.09752417916005,54.34724,2.750283731162,128.46942940311013,121.88258,6.586845784946064,228.3900967166402,216.8807,11.509389929530812,0.0008800070994667,0.0012193265,-0.0003393194143526965,0.0004470628075007,0.0003647691,8.229370286535705e-05
physics_guided_NN,75,2625,3,615,4.913793455405847,4.8667684,0.04702509526790788,19.65517382162339,19.931395,-0.27622075540297786,44.22414109865263,44.08885,0.13529298463895856,78.62069528649356,78.42301,0.19768350670840107,0.0004682081639075,0.0011821863,-0.0007139781369588058,0.0002492424095958,-5.4206375e-05,0.00030344878494860546
physics_guided_NN,75,2625,3,616,3.863432838065908,3.953272,-0.08983926619739746,15.453731352263633,15.278995,0.1747367920219336,34.77089554259317,35.865242,-1.0943464618013579,61.81492540905453,60.24719,1.5677368409392969,0.0020507677230754,0.0018619507,0.00018881699123914075,0.0010340448212808,0.00035728663,0.0006767581950405614
physics_guided_NN,75,2625,3,617,17.51697822512977,17.837423,-0.32044509945519195,70.06791290051908,71.00503,-0.9371148704770178,157.65280402616796,160.38208,-2.7292760519570436,280.2716516020763,281.04407,-0.7724157807361962,3.980656474743464e-05,0.00013182769,-9.202112705532036e-05,1.3087508041205186e-05,-0.00038997727,0.0004030647790113262
physics_guided_NN,75,2625,3,618,8.298270203898571,8.237962,0.06030843479456749,33.193080815594286,33.200928,-0.007846918780714418,74.68443183508714,75.33547,-0.6510402718464547,132.77232326237714,132.52753,0.24479640690839233,0.0041491113549129,0.0037706834,0.0003784279285029401,0.0020808227684124,0.001750996,0.00032982678131746133
physics_guided_NN,75,2625,3,619,14.37726907483595,13.620877,0.7563918089057751,57.5090762993438,55.138306,2.3707706352813034,129.39542167352357,123.19913,6.196294476257947,230.0363051973752,221.04935,8.986958273547089,0.0002022981043054,0.0007082945,-0.0005059964042076632,0.000101409513863,0.00017070057,-6.929105833525686e-05
physics_guided_NN,75,2625,3,620,26.02972392909168,25.644018,0.3857057558739072,104.1188957163667,102.652176,1.4667198130463817,234.26751536182505,230.81056,3.456953228035985,416.4755828654668,412.14456,4.331021097888652,6.089125792279704e-05,-0.0005334877,0.0005943789639022933,1.9500658281493504e-05,-2.340707e-05,4.29077286114884e-05
physics_guided_NN,75,2625,3,621,5.182720431259041,4.6946125,0.4881079282072829,20.730881725036163,18.240088,2.4907942158808893,46.64448388133137,41.93341,4.711073236800118,82.92352690014465,71.99075,10.932773726316526,0.0012562470414028,0.0007525081,0.0005037389249824417,0.0004694705770626,-0.0004410063,0.0009104768745410523
physics_guided_NN,75,2625,3,622,21.90072520771264,20.986425,0.9142998079323661,87.60290083085056,84.37672,3.226184217081027,197.10652686941376,189.84065,7.265874403593443,350.41160332340223,339.3529,11.058698049964732,0.0001427783976786,0.00035080445,-0.00020802604881933208,4.431260169404941e-05,7.963586e-05,-3.532325643426357e-05
physics_guided_NN,75,2625,3,623,5.566863139867586,5.515277,0.05158623099307391,22.267452559470343,22.076466,0.1909869527808894,50.10176825880827,50.054813,0.04695487379850505,89.06981023788137,88.18695,0.8828595542876201,0.0022796039345103,0.0015782503,0.0007013536166759825,0.0011699530671123,0.0006807345,0.0004892185472655625
physics_guided_NN,75,2625,3,624,25.124582588166028,25.123873,0.0007098312080202618,100.49833035266413,100.615456,-0.11712527477727974,226.12124329349425,226.3748,-0.25355834224794194,401.9933214106565,403.0004,-1.007075317859119,0.0002116130971312,0.00016823961,4.337348662870365e-05,9.42670106243322e-05,0.000109461,-1.5193987294754172e-05
physics_guided_NN,75,2625,3,625,7.815482447706329,7.619842,0.19564039524661236,31.26192979082532,30.861618,0.4003117488331327,70.33934202935697,68.98199,1.3573550298452517,125.04771916330128,125.914215,-0.8664959245893442,0.0001640542338996,-0.00038453387,0.0005485880990440764,8.013038698422108e-05,-0.0004135984,0.0004937287924143145
physics_guided_NN,75,2625,3,626,6.881997965291877,6.4902225,0.3917755112208319,27.527991861167507,26.348282,1.1797100008159447,61.9379816876269,58.84252,3.095460020146433,110.11196744467004,105.01093,5.101034522306762,0.0001573093810094,1.3118525e-05,0.00014419085580637364,5.586908623458982e-05,-7.158369e-05,0.00012745277303852304
physics_guided_NN,75,2625,3,627,10.533647717262616,10.415967,0.11768072965275245,42.13459086905046,42.32142,-0.18682789315656834,94.80282945536356,94.21127,0.5915562620041896,168.53836347620185,167.30608,1.2322874263971642,0.0004947319317319,0.0007895175,-0.00029478554681981566,0.0001841599015565,0.00013309656,5.1063340953492336e-05
physics_guided_NN,75,2625,3,628,2.8672944865656835,2.438237,0.4290575347376806,11.469177946262734,9.578532,1.8906457273296287,25.80565037909115,20.929968,4.875682498842128,45.87671178505094,36.200916,9.675795494767733,0.0095578279695151,0.010246374,-0.0006885457435014102,0.0048708410996247,0.0034700946,0.0014007464579541152
physics_guided_NN,75,2625,3,629,8.192876656355208,7.984192,0.20868476182395845,32.771506625420834,32.25743,0.5140755951473963,73.73588990719689,72.25255,1.4833416894234546,131.08602650168334,128.61037,2.4756596803942728,0.0011064599518362,0.0020072223,-0.0009007623168942019,0.000417532126353,0.0007178931,-0.00030036100006767673
physics_guided_NN,75,2625,3,630,3.6626206598043183,3.6836693,-0.021048668885256916,14.650482639217271,15.114869,-0.46438647851954507,32.963585938238865,34.56864,-1.6050557243587917,58.60193055686909,57.78036,0.8215693813319831,0.0015509126601031,0.001364001,0.00018691170357521122,0.0007042411265603,8.1968356e-05,0.0006222727710438625
physics_guided_NN,75,2625,3,631,3.6156948522430192,3.5517313,0.0639635042052995,14.462779408972075,14.456498,0.0062812629149462396,32.541253670187174,32.599083,-0.05782927659016934,57.85111763588831,55.717243,2.1338744413082296,0.0011457380728704,0.00045453236,0.0006912057119795197,0.0006656865392855,0.00027206689,0.0003936196539128762
physics_guided_NN,75,2625,3,632,3.178134187154344,3.2896168,-0.1114826360420671,12.712536748617376,14.585704,-1.8731671011751043,28.603207684389098,29.426218,-0.8230103484478164,50.85014699446951,56.619366,-5.76921869766916,0.0563825542148672,0.05109204,0.00529051442113742,0.02854838595282,0.026431525,0.0021168608267204125
physics_guided_NN,75,2625,3,633,4.467488055743761,3.99523,0.472258096255846,17.869952222975044,17.079548,0.7904043408949661,40.207392501693846,35.81628,4.391112136703612,71.47980889190018,66.90625,4.573558891900177,0.0174239169501222,0.016566802,0.0008571151338971489,0.0092993935345821,0.008683573,0.0006158200799636464
physics_guided_NN,75,2625,3,634,9.192614958204388,9.183532,0.009083197034954082,36.77045983281755,36.76266,0.00779885259294133,82.7335346238395,82.390945,0.3425891892691908,147.0818393312702,145.3291,1.7527377687702028,0.000255568717009,0.00023920546,1.6363257643378778e-05,0.000143165567791,-0.00019705613,0.0003402216957359612
physics_guided_NN,75,2625,3,635,16.129761688759118,16.358871,-0.22910977120181997,64.51904675503647,65.00123,-0.4821815774830611,145.16785519883206,146.60663,-1.4387732191366922,258.0761870201459,261.6651,-3.5889130775103695,0.0002407331780976,3.32334e-06,0.00023740983807309194,7.783098547888727e-05,-0.00045950702,0.0005373380059020761
physics_guided_NN,75,2625,3,636,23.865177235575445,23.891397,-0.026220240620844493,95.46070894230178,95.34775,0.11296113956740328,214.786595120179,214.44498,0.3416183135383619,381.8428357692071,381.95166,-0.10882438704288688,8.425668579248755e-05,-0.00057196344,0.0006562201212970731,2.5867086226292407e-05,-0.0004628011,0.0004886681945958962
physics_guided_NN,75,2625,3,637,2.0343216301602407,2.1573403,-0.12301865800199074,8.137286520640963,7.986331,0.1509555346180136,18.308894671442168,19.365477,-1.056581936834199,32.54914608256385,32.644863,-0.09571704609825815,0.0426043886797278,0.050509408,-0.007905019436612835,0.0210395943162012,0.024648853,-0.0036092583301496617
physics_guided_NN,75,2625,3,638,4.720633632170582,4.824761,-0.10412728167829499,18.882534528682328,19.971846,-1.0893110981487268,42.48570268953524,43.091576,-0.6058729330233561,75.53013811472931,79.45516,-3.9250239336105324,0.0298015066342412,0.028725646,0.0010758601980267526,0.0150528016340909,0.015374153,-0.0003213512870492933
physics_guided_NN,75,2625,3,639,1.5183265889827338,1.1891334,0.32919318329730896,6.073306355930935,4.9439116,1.1293948035017358,13.664939300844605,12.785237,0.8797019885277102,24.29322542372374,19.712048,4.581177846819443,0.0020291467781887,0.0074264817,-0.005397334915794378,0.0011257707070395,0.0038915942,-0.0027658235352650638
physics_guided_NN,75,2625,3,640,8.12194056711412,8.193862,-0.07192139425062649,32.48776226845648,32.58579,-0.09802645835016222,73.09746510402708,73.32886,-0.23139231784792003,129.9510490738259,128.07536,1.8756859146462261,0.000517197572938,0.0011777038,-0.0006605062723766815,0.000268858800282,0.00044978232,-0.00018092352444003674
physics_guided_NN,75,2625,3,641,2.4128960423994736,2.3591778,0.05371821456439063,9.651584169597896,8.831775,0.8198094579890096,21.716064381595263,22.18308,-0.46701629162251024,38.60633667839158,38.989025,-0.38268843757521864,0.0867504660468966,0.08126917,0.00548129868325295,0.0448129175148035,0.040785264,0.0040276532909894885
physics_guided_NN,75,2625,3,642,11.15321599271592,10.938566,0.21464978483017738,44.612863970863685,44.49451,0.11835332022891976,100.3789439344433,99.468994,0.9099497938182992,178.45145588345474,179.7797,-1.3282377200608835,0.0003411249764322,0.00073114544,-0.00039002046277162856,0.0001687008470671,0.0004147802,-0.00024607934850251955
physics_guided_NN,75,2625,3,643,5.13495165490518,4.435694,0.6992574372232951,20.53980661962072,17.66085,2.878956094718376,46.21456489414661,39.822453,6.392112348980596,82.15922647848288,70.23755,11.921677650357879,0.0036905627747553,0.004045414,-0.00035485103227919255,0.0015533924164542,0.0012806124,0.0002727799877815882
physics_guided_NN,75,2625,3,644,6.081408260952425,6.202326,-0.12091755997042686,24.3256330438097,24.611254,-0.2856206945936215,54.73267434857182,54.834923,-0.10224844195552407,97.3025321752388,99.06596,-1.7634315698783922,0.0014189368684623,0.0020257859,-0.0006068489874866249,0.000722385353239,0.0007764251,-5.403976718175397e-05
physics_guided_NN,75,2625,3,645,12.933711094847313,12.25658,0.6771307420641097,51.73484437938925,49.51387,2.220974140131439,116.40339985362584,110.19733,6.206073193469592,206.939377517557,197.79073,9.148651809549193,6.751284386107974e-05,-6.1008697e-05,0.00012852154109121576,3.34150835811097e-05,-0.00026508272,0.0002984978063437093
physics_guided_NN,75,2625,3,646,7.50022014315233,7.342315,0.15790494616136286,30.00088057260932,29.48253,0.5183499787372483,67.50198128837097,66.952225,0.549756556925658,120.00352229043727,119.64569,0.3578313724685245,0.0008920367728977,0.0013221687,-0.00043013196754618536,0.0003994151953752,4.994366e-05,0.00034947153437811285
physics_guided_NN,75,2625,3,647,14.063130911971449,13.556695,0.5064359275354136,56.25252364788579,54.354645,1.8978788724951627,126.56817820774302,121.44761,5.120569259989111,225.01009459154315,217.01299,7.9971093620509635,5.089733540762051e-05,0.00027499525,-0.00022409791917789892,3.016577804491623e-05,-4.2345982e-05,7.25117604099936e-05
physics_guided_NN,75,2625,3,648,10.195426598502614,10.363249,-0.16782222657062817,40.781706394010456,40.72048,0.0612245214518623,91.75883938652352,92.60389,-0.8450500788085122,163.12682557604182,164.89467,-1.7678430030597383,0.0009687820744101,0.0022866288,-0.001317846745591979,0.0004007899267047,0.0007292355,-0.000328445544521575
physics_guided_NN,75,2625,3,649,5.82540094927879,5.8628407,-0.03743970318703038,23.30160379711516,23.562925,-0.26132154162995747,52.42860854350912,52.301685,0.1269232102571678,93.20641518846064,93.18966,0.016756069808295138,0.0003048100246069,0.0007813479,-0.00047653789232028864,0.0001095481952996,0.00017971647,-7.016827791286565e-05
physics_guided_NN,75,2625,3,650,9.069476242050948,9.168559,-0.09908283235090742,36.27790496820379,36.970634,-0.6927294922454266,81.62528617845855,82.26787,-0.6425818635336356,145.11161987281517,147.48856,-2.3769360353879563,0.0006318373001868,0.00093026826,-0.0002984309590665529,0.0002191042221406,0.00013004252,8.906170109040012e-05
physics_guided_NN,75,2625,3,651,7.3236403581884835,7.7556033,-0.43196295525756145,29.29456143275393,31.18545,-1.8908881674657962,65.91276322369634,70.32456,-4.411798849057561,117.17824573101574,124.95939,-7.781143001894421,0.0131132897151626,0.0127956625,0.00031762720774778166,0.007922502191362,0.007132553,0.0007899491615565787
physics_guided_NN,75,2625,3,652,28.019534299667487,27.753561,0.2659732797700265,112.07813719866996,110.7064,1.3717391884160577,252.17580869700743,249.9272,2.2486083796246135,448.3125487946798,442.83325,5.479296841554799,4.203858666850339e-05,-0.00081788754,0.0008599261299034775,1.539817402109558e-05,-0.00015840578,0.0001738039494582271
physics_guided_NN,75,2625,3,653,2.9054598943859173,2.7827022,0.12275768682060972,11.62183957754367,10.401008,1.2208319252609545,26.14913904947326,25.796606,0.35253298563048574,46.48735831017468,41.810513,4.676845767450068,0.0250886815022804,0.02463633,0.0004523514192678185,0.013471137952556,0.0135546485,-8.351054365457466e-05
physics_guided_NN,75,2625,3,654,30.48198540490122,30.441057,0.04092819970102468,121.92794161960488,122.06522,-0.13728207424277628,274.337868644111,273.88837,0.4495019448922335,487.7117664784195,486.85843,0.8533375233413949,8.091626026923095e-05,0.0001705004,-8.958413578314448e-05,2.4467510465911685e-05,-0.00025282233,0.0002772898371949858
physics_guided_NN,75,2625,3,655,4.180535591678468,3.9914854,0.189050234393922,16.72214236671387,16.132748,0.5893947165673872,37.62482032510621,35.55705,2.0677715274987847,66.88856946685549,63.446705,3.441864602353533,0.0079138788314133,0.0100949155,-0.0021810366852612183,0.0036088217671149,0.0042704786,-0.0006616568502850308
physics_guided_NN,75,2625,3,656,2.8459250778091865,2.1272318,0.7186932414902167,11.383700311236746,9.332881,2.050819337420828,25.61332570028268,21.181395,4.431931123256312,45.53480124494698,36.119152,9.415649175855187,0.0019146453996605,0.0027912268,-0.0008765814418488422,0.0009957859482007,0.0008106233,0.0001851626628400656
physics_guided_NN,75,2625,3,657,12.093585365846211,12.09172,0.0018657384658400389,48.374341463384845,48.313835,0.06050631934187578,108.84226829261593,108.54824,0.2940276309948331,193.49736585353932,190.62924,2.8681239101799463,0.0038242167486573,0.0024761115,0.0013481052285755414,0.0023377799655489,0.0009777568,0.0013600231607622773
physics_guided_NN,75,2625,3,658,5.548507226573595,4.983932,0.564575208293566,22.19402890629438,20.907684,1.2863445801225062,49.93656503916236,45.985703,3.950862524513923,88.77611562517752,83.16462,5.6114961793767435,0.0128673469630126,0.015909167,-0.003041820043599224,0.0078307672790011,0.008676114,-0.0008453462817946834
physics_guided_NN,75,2625,3,659,4.48583635922169,4.0987153,0.3871210538933205,17.94334543688676,16.641537,1.3018087242402743,40.37252723299521,37.3713,3.0012274893428668,71.77338174754703,64.3276,7.445783175769691,0.0069216773298782,0.008578995,-0.0016573179128366823,0.0037892077264352,0.004088838,-0.0002996303926246012
physics_guided_NN,75,2625,3,660,19.621653356334555,19.581223,0.040430822154867485,78.48661342533822,78.12314,0.36347499760384494,176.594880207011,176.69684,-0.10195817189526224,313.9464537013529,314.778,-0.8315614353658702,0.0006094743697761,0.0005510663,5.84080666160584e-05,0.0003082410345756,-3.24253e-05,0.0003406663360452296
physics_guided_NN,75,2625,3,661,6.356261662806186,6.3011346,0.05512707647195736,25.425046651224743,25.414997,0.010049550394665374,57.20635496525567,57.42197,-0.21561540217597042,101.70018660489896,102.56822,-0.8680354409994777,0.0015769146076875,0.0019233701,-0.0003464554509607883,0.0007382169631515,0.00021227667,0.000525940288577259
physics_guided_NN,75,2625,3,662,9.857927498260612,9.902892,-0.04496461447132205,39.431709993042446,39.48264,-0.05092931970169445,88.7213474843455,87.98105,0.7402989003611253,157.72683997216978,157.68372,0.04312415185728469,0.000403901003362,0.00022949176,0.00017440923844961822,0.0002000883671649,-0.00021500039,0.00041508875281626493
physics_guided_NN,75,2625,3,663,10.800688119338824,10.866114,-0.06542554338090234,43.2027524773553,43.876793,-0.6740404303595469,97.2061930740494,97.35391,-0.1477192794662301,172.8110099094212,173.19048,-0.37946555444599994,7.665670772349662e-05,-0.0005343613,0.0006110179942779822,4.299743147576528e-05,-0.000654071,0.0006970684188419052
physics_guided_NN,75,2625,3,664,3.2067406290331624,3.113631,0.09310961897762038,12.82696251613265,11.840222,0.9867401574290362,28.860665661298462,28.269049,0.5916169705025638,51.3078500645306,48.55206,2.7557908909466136,0.0114886187626553,0.012957718,-0.001469099460678058,0.0052722269864213,0.005437366,-0.00016513921232704995
physics_guided_NN,75,2625,3,665,7.685009490931439,7.2492323,0.4357771987561456,30.74003796372576,29.034466,1.7055721739308396,69.16508541838296,65.48619,3.6788946224845205,122.96015185490305,116.15831,6.801841918379608,0.003111794005907,0.0028768727,0.0002349213434521564,0.0015346654815641,0.0012278663,0.00030679920539676683
physics_guided_NN,75,2625,3,666,6.649839545484384,6.423026,0.2268134605844816,26.599358181937536,25.775116,0.8242422151406608,59.848555909359455,57.468933,2.3796228038907046,106.39743272775014,104.07814,2.3192924689610805,0.00027288273706,0.00060867605,-0.00033579331792060583,0.0001484048775096,2.4829153e-05,0.00012357572490189175
physics_guided_NN,75,2625,3,667,20.259055166403225,20.047935,0.2111196805633817,81.03622066561289,80.05371,0.9825097281128876,182.33149649762905,180.65346,1.6780388560274844,324.14488266245155,322.94272,1.2021641565921755,0.000183847683228,-9.222803e-05,0.0002760757137810876,9.874013242733613e-05,-0.00028977115,0.00038851128532041743
physics_guided_NN,75,2625,3,668,10.384970764530848,10.235063,0.14990816534871954,41.539883058123394,41.066,0.47388116603355,93.46473688077764,91.557785,1.9069518465979485,166.15953223249358,163.95547,2.20405737897795,0.0005096330805458,9.281412e-05,0.00041681895705497466,0.0002793734957889,-0.00043455596,0.0007139294531155656
physics_guided_NN,75,2625,3,669,14.402921392831113,14.34835,0.05457182160308527,57.61168557132445,57.609264,0.002421197545153575,129.62629253548002,128.94392,0.6823685852847063,230.4467422852978,230.0247,0.4220383058056143,2.6297937067925755e-06,-0.00030777426,0.00031040405225146115,1.544166300548219e-06,-0.0003005065,0.00030205067451122215
physics_guided_NN,75,2625,3,670,3.089397072641674,2.9682686,0.12112843975288001,12.357588290566696,11.327165,1.030423640603317,27.80457365377507,26.132494,1.6720796809967489,49.43035316226678,44.490917,4.9394359564562365,0.0225861083222681,0.029145101,-0.006558992763037112,0.0100065258674201,0.014495777,-0.00448925109879408
physics_guided_NN,75,2625,3,671,13.31308824583294,12.961376,0.3517120556473934,53.25235298333176,52.150326,1.1020272081852767,119.81779421249648,116.00344,3.8143533555628863,213.00941193332704,209.2603,3.7491122507098567,0.0001383215476269,0.00021329094,-7.496939543875822e-05,7.491211420131411e-05,2.3957435e-05,5.095467952344596e-05
physics_guided_NN,75,2625,3,672,10.136288125091276,10.175725,-0.03943685812405562,40.54515250036511,41.17161,-0.6264592855235591,91.22659312582152,91.59033,-0.36373890542847676,162.18061000146042,163.6285,-1.44788426123489,0.0098680508769629,0.014178502,-0.004310451496434451,0.0059322766478901,0.0069769183,-0.001044641669487467
physics_guided_NN,75,2625,3,673,4.272450622437737,3.897514,0.37493651759459734,17.089802489750948,15.244039,1.8457639079028034,38.452055601939634,35.439823,3.012232451304868,68.35920995900379,61.94205,6.417159025165901,0.0016459335209227,0.0011536618,0.000492271767871717,0.0009319653823905,0.00039517376,0.0005367916224923292
physics_guided_NN,75,2625,3,674,4.825251641624267,4.8698344,-0.04458278144091832,19.30100656649707,19.213717,0.0872900595390611,43.4272647746184,42.814053,0.6132121928312912,77.20402626598828,74.68623,2.517792745480463,0.004396511333887,0.004420538,-2.402663334784977e-05,0.0016986784554819,0.0012114503,0.00048722813667602654
physics_guided_NN,75,2625,3,675,2.489602111522406,2.4623568,0.027245305721014468,9.958408446089624,9.618152,0.34025678135573756,22.406419003701657,22.981356,-0.5749366634126005,39.8336337843585,38.777317,1.0563167372393565,0.0227942097159621,0.021565204,0.001229005229711224,0.0129807074536298,0.0113796815,0.0016010259260152062
physics_guided_NN,75,2625,3,676,12.932085005531812,13.05863,-0.12654498409221127,51.72834002212725,51.469505,0.25883471206865494,116.3887650497863,117.81156,-1.4227965346863556,206.913360088509,205.43045,1.4829096490558697,0.0029802844366943,0.002712131,0.00026815342446318826,0.001514562584493,0.0014299148,8.464773840798794e-05
physics_guided_NN,75,2625,3,677,3.94144034173452,3.8158429,0.12559747483693684,15.76576136693808,15.33726,0.4285011206612239,35.47296307561068,34.52679,0.9461724567141943,63.06304546775232,62.14458,0.9184646266878644,0.0118297788424747,0.01083079,0.000998989038016082,0.0061717146840856,0.0057969172,0.00037479743556832496
physics_guided_NN,75,2625,3,678,3.295962389168515,3.439389,-0.14342660123370665,13.18384955667406,13.661355,-0.47750546194166255,29.66366150251664,30.771692,-1.1080307734843373,52.73539822669624,56.335857,-3.6004591646611814,0.0045119465684546,0.008815917,-0.004303970617984437,0.0026653304964548,0.0044309357,-0.0017656052216643444
physics_guided_NN,75,2625,3,679,12.715693045087615,12.454385,0.2613082413156427,50.86277218035046,49.369923,1.4928495424110082,114.44123740578854,112.94915,1.4920873203393228,203.45108872140185,195.29752,8.15357285226122,0.0015762091114907,0.003720684,-0.002144474865517166,0.0008996610844266,0.0017403687,-0.0008407075807694015
physics_guided_NN,75,2625,3,680,7.111449407938019,6.8550463,0.2564031356601868,28.445797631752075,27.591145,0.8546530699844972,64.00304467144217,61.298126,2.7049184507390436,113.7831905270083,108.97594,4.807253637359864,0.0006080399770383,0.0025186827,-0.0019106427635904193,0.0002172950605688,0.0009836856,-0.0007663905437278246
physics_guided_NN,75,2625,3,681,2.3262943217981635,2.2523777,0.07391657330878365,9.305177287192654,8.908881,0.3962960997536893,20.93664889618347,21.239164,-0.3025154562335217,37.22070914877062,36.40475,0.8159583247960072,0.0532272487559678,0.05660934,-0.0033820912561057168,0.0253911774587157,0.02845384,-0.003062662484097218
physics_guided_NN,75,2625,3,682,6.703332993137632,6.4067783,0.29655465756634314,26.81333197255053,26.100859,0.7124732841960366,60.329996938238686,58.040943,2.289053792486733,107.25332789020212,103.7106,3.54272608356149,0.0028042050807864,0.002501917,0.00030228800914590837,0.0016058745768471,0.00092470844,0.0006811661387412188
physics_guided_NN,75,2625,3,683,3.4167048552873016,3.0064542,0.4102506259324432,13.666819421149206,12.459657,1.20716270575614,30.75034369758572,28.404882,2.3454612665554464,54.667277684596826,49.223324,5.443953862575341,0.0409495839954854,0.05613154,-0.015181957733487988,0.022333718135023,0.02861087,-0.006277152107095837
physics_guided_NN,75,2625,3,684,27.63327114374906,27.403967,0.22930424006253602,110.53308457499624,110.031845,0.5012394822228003,248.6994402937416,246.3948,2.3046343855384634,442.13233829998495,440.00977,2.1225726749849514,7.354604022319072e-05,-0.00039765713,0.00047120317176657374,2.9946699326518685e-05,-0.0001837452,0.00021369189937378816
physics_guided_NN,75,2625,3,685,28.812030067706008,28.628325,0.18370555903901575,115.24812027082405,114.520035,0.7280854807849835,259.3082706093541,258.81708,0.49119297263536055,460.9924810832961,461.2011,-0.20862975654762295,2.523627297373658e-05,-0.0017873637,0.0018125999409461225,1.3056983533431842e-05,-0.00070255704,0.0007156140211179155
physics_guided_NN,75,2625,3,686,8.64887141254869,8.537595,0.11127661732163929,34.59548565019476,34.157444,0.43804164995061967,77.83984271293822,76.504005,1.335837280809315,138.38194260077904,137.53575,0.8461912580056037,0.000815304589808,0.0012690698,-0.0004537652597054712,0.0003279359671119,0.00011854442,0.00020939154729194523
physics_guided_NN,75,2625,3,687,22.79618739416724,22.201815,0.594372742677983,91.18474957666896,88.59045,2.5943031045009946,205.1656865475052,200.12827,5.037421166645828,364.7389983066759,353.58252,11.15647877542591,2.695011396215442e-05,0.0004059988,-0.0003790486992590767,1.363979494265097e-05,9.715427e-05,-8.351447364482281e-05
physics_guided_NN,75,2625,3,688,2.324084041233112,1.9177248,0.406359193439533,9.296336164932448,7.535552,1.7607841400911397,20.916756371098007,16.077848,4.838907936649765,37.18534465972979,28.758404,8.426940881653621,0.0182342589116,0.021304319,-0.003070059769759291,0.0093112983554116,0.009641956,-0.00033065725122778493
physics_guided_NN,75,2625,3,689,2.4808285055534465,2.1233337,0.3574948130027873,9.923314022213786,9.006656,0.9166583291595867,22.32745654998102,20.632154,1.695302085259339,39.69325608885514,36.219265,3.473991104724277,0.0985140488485558,0.12267682,-0.024162770714356185,0.0443862936954511,0.060306083,-0.015919789715527217
physics_guided_NN,75,2625,3,690,3.855013621688679,3.4516695,0.4033441671140938,15.420054486754715,15.448514,-0.028459497925460653,34.69512259519811,32.730534,1.9645889953445916,61.68021794701886,62.925846,-1.2456281528346551,0.0959053116717678,0.09990479,-0.003999478848900229,0.0510369381099283,0.05126256,-0.00022562312192327821
physics_guided_NN,75,2625,3,691,17.94961704808851,17.818985,0.1306320627369466,71.79846819235404,70.90177,0.8966966469438802,161.54655343279657,160.83911,0.7074421046715713,287.19387276941615,285.71683,1.4770453768380207,0.0003485282831036,0.00013422864,0.0002142996417034863,0.0001684275066225,-0.00020412999,0.00037255749518295305
physics_guided_NN,75,2625,3,692,5.634114891015761,5.523212,0.1109029349915911,22.536459564063044,22.091297,0.44516241440484094,50.70703401914186,49.59788,1.1091527020031862,90.14583825625218,89.98213,0.16370629824436378,0.0033260561291004,0.003468691,-0.00014263477661959545,0.001721058476955,0.0016465579,7.450053771615364e-05
physics_guided_NN,75,2625,3,693,8.298360489473515,8.343059,-0.04469809664709068,33.19344195789406,33.24082,-0.04737988048484709,74.68524440526163,74.276054,0.409190022937409,132.77376783157624,132.9614,-0.18762743209563837,2.2866394499188017e-05,-0.00042070364,0.00044357003447400564,1.1330540445061387e-05,-0.00047414834,0.00048547888306378016
physics_guided_NN,75,2625,3,694,5.792866871996669,5.4931593,0.29970757786825075,23.171467487986675,22.511866,0.6596018721419483,52.13580184797003,49.863644,2.2721582017297948,92.6858699519467,90.81355,1.872317095501387,0.0003201137451497,-0.00060334714,0.0009234608887736779,0.0001137790247182,-0.0005957213,0.0007095003244782436
physics_guided_NN,75,2625,3,695,19.13495466765149,19.357979,-0.22302415314929291,76.53981867060597,77.23716,-0.6973410583979387,172.21459200886343,174.57733,-2.362739534105316,306.15927468242387,310.71643,-4.55715598163863,0.0002944669230491,0.0003713415,-7.68745832029653e-05,0.0001476533684983,-4.0936193e-05,0.00018858956131605317
physics_guided_NN,75,2625,3,696,40.39555485052529,40.151035,0.24451954168740286,161.58221940210117,160.07333,1.508885661866799,363.5599936547276,362.50595,1.0540427269932025,646.3288776084047,641.4971,4.831807295904696,9.441400375201815e-05,0.0010137175,-0.0009193034939469445,4.579064833803763e-05,-0.00018080315,0.0002265938003720968
physics_guided_NN,75,2625,3,697,4.392348619938861,4.0999665,0.29238209390736714,17.569394479755445,16.678272,0.891122232440992,39.53113757944976,37.12805,2.403085821637262,70.27757791902178,66.8091,3.468480628982718,0.0004764442167707,7.30617e-05,0.0004033825137648944,0.0001797047693971,-0.00012883163,0.000308536396477317
physics_guided_NN,75,2625,3,698,4.2503758006177925,3.8067276,0.44364815283642045,17.00150320247117,15.735475,1.2660286159843537,38.253382205560136,35.313,2.9403824802183394,68.00601280988468,61.21284,6.7931717759491335,0.0008327195242109,0.0019352938,-0.0011025742573601903,0.0003721672345139,0.00067250396,-0.0003003367220796731
physics_guided_NN,75,2625,3,699,8.264012232904452,8.046604,0.21740807641031168,33.05604893161781,32.417904,0.6381450314713248,74.37611009614007,72.73314,1.6429710580541297,132.22419572647124,128.35751,3.866682298736862,0.0002509588682984,0.0007966351,-0.0005456762430298144,8.868421414837076e-05,3.593401e-05,5.275020581058061e-05
physics_guided_NN,75,2625,3,700,8.07605471198222,7.7779226,0.2981320816721613,32.30421884792888,31.330143,0.974075873075364,72.68449240783998,70.633896,2.0505965338165453,129.21687539171552,124.853,4.363878565543644,0.0021613745269,0.002466512,-0.0003051373857439095,0.0011161830707037,0.0013278486,-0.00021166557329212144
physics_guided_NN,75,2625,3,701,14.2229337089186,14.113698,0.10923570324233012,56.8917348356744,57.312412,-0.42067742628849203,128.0064033802674,128.3484,-0.3420005503966763,227.5669393426976,228.70753,-1.1405954473414681,0.0004428414806659,0.0009308145,-0.00048797299927746485,0.0001552675495042,0.0002964347,-0.00014116715820259413
physics_guided_NN,75,2625,3,702,6.929263104376097,6.9868736,-0.05761052233288755,27.717052417504387,27.554245,0.1628074223871998,62.36336793938487,62.713844,-0.3504763599315339,110.86820967001756,109.20028,1.6679304341777197,0.002632910235679,0.0037319658,-0.001099055550167114,0.0012153333447168,0.0012556353,-4.030194382719909e-05
physics_guided_NN,75,2625,3,703,16.97659418086485,17.058037,-0.08144262333436814,67.9063767234594,67.091446,0.81493080060784,152.78934762778366,153.69054,-0.901188871239782,271.6255068938376,270.57062,1.0548892180563598,0.0001349380679212,0.00068337884,-0.0005484407677531754,5.308821386626992e-05,0.00026234062,-0.00020925240419835713
physics_guided_NN,75,2625,3,704,6.831497759354942,6.551076,0.28042182399117266,27.32599103741977,25.829285,1.4967063694510188,61.48347983419448,58.29206,3.191418982143702,109.30396414967908,103.51195,5.7920165178431375,0.0071918077761791,0.01179244,-0.004600632191214775,0.0031726863596985,0.005591245,-0.0024185585427632674
physics_guided_NN,75,2625,3,705,2.85935397342903,2.8620427,-0.0026886920525375224,11.43741589371612,10.906865,0.5305507737820374,25.73418576086128,25.467157,0.2670283969696783,45.74966357486448,43.225277,2.5243866278429934,0.0085457363139333,0.009805606,-0.0012598694328723684,0.0041410458204205,0.0043613333,-0.00022028750508475657
physics_guided_NN,75,2625,3,706,2.4877669875267743,2.3695996,0.11816740676200377,9.951067950107095,9.691428,0.259639765597818,22.38990288774097,21.805578,0.5843246559294464,39.80427180042839,35.53049,4.273780925184248,0.0018842706390763,0.0016989865,0.00018528412833011907,0.0011450870024938,0.0011402156,4.871451944471689e-06
physics_guided_NN,75,2625,3,707,2.451173278605219,2.19744,0.2537333696238959,9.804693114420877,8.396249,1.408444296977029,22.06055950744697,20.62702,1.4335396252448227,39.21877245768351,35.233074,3.9856982694510847,0.1549682266181138,0.13415778,0.02081044978553323,0.0712397021824571,0.06570169,0.005538008886024598
physics_guided_NN,75,2625,3,708,1.8701541496723308,1.8111427,0.05901146664315604,7.480616598689323,7.731534,-0.2509174055221024,16.831387347050978,16.48332,0.3480671108449229,29.922466394757294,31.290241,-1.3677748466977846,0.0489463112801202,0.05989674,-0.010950429782282528,0.0250917709334481,0.031905655,-0.006813883884371496
physics_guided_NN,75,2625,3,709,13.36517271273798,13.604441,-0.23926797634893404,53.46069085095192,54.226204,-0.7655130675051112,120.2865544146418,121.98468,-1.6981257611394511,213.84276340380768,216.44777,-2.605005761231382,0.0002961795766746,0.00045429208,-0.00015811250299202945,0.0001659880138245,-0.000119430384,0.0002854183978993034
physics_guided_NN,75,2625,3,710,2.8675305533945794,2.7168067,0.15072390323283624,11.470122213578318,10.167245,1.30287730238447,25.807774980551216,25.297186,0.5105890827240671,45.88048885431327,42.737003,3.143485527897255,0.030246708697937,0.02929037,0.000956338054798115,0.0168075716938603,0.015649175,0.0011583964224684308
physics_guided_NN,75,2625,3,711,5.169604339436905,5.0854163,0.08418802245082091,20.67841735774762,20.628561,0.04985633785015864,46.52643905493215,45.130363,1.3960755905766788,82.71366943099048,81.57884,1.1348272679045408,0.0009109147341291,0.0013061649,-0.0003952501591925929,0.0004792415002242,0.00048052738,-1.2858781616865555e-06
physics_guided_NN,75,2625,3,712,2.9445639806828345,2.731053,0.2135108667454566,11.778255922731338,10.849702,0.9285540413226467,26.50107582614552,25.42652,1.0745564322246217,47.11302369092535,42.147923,4.965101175056212,0.0090562749712983,0.0083160205,0.000740254490009867,0.0060744726513251,0.00448958,0.0015848924820049933
physics_guided_NN,75,2625,3,713,2.348835347275052,2.463268,-0.11443269433566572,9.395341389100208,9.241315,0.15402650109971994,21.13951812547547,22.749914,-1.6103960438360545,37.58136555640083,37.862316,-0.280950575190964,0.0126314760013717,0.010968195,0.0016632807268994639,0.0053633691619596,0.004705439,0.0006579303059241291
physics_guided_NN,75,2625,3,714,3.06977565574086,3.0192301,0.05054552840626547,12.27910262296344,12.407058,-0.1279551391825553,27.62798090166774,27.64316,-0.015178964665267358,49.11641049185376,48.11099,1.0054218749104038,0.0061619161821298,0.003809595,0.0023523211672298308,0.0036184813168752,0.0022501794,0.0013683019013064905
physics_guided_NN,75,2625,3,715,4.988652898520612,5.1120176,-0.12336473301014994,19.954611594082447,20.640306,-0.6856948786958732,44.89787608668552,46.011223,-1.1133467526699476,79.81844637632979,83.022934,-3.204487583631149,0.0019618759175075,0.0014078914,0.0005539845220057077,0.0007326411208186,0.00026862425,0.00046401686934304236
physics_guided_NN,75,2625,3,716,3.17511829308196,3.6106946,-0.43557635375336723,12.70047317232784,14.96107,-2.260596888402141,28.57606463773764,32.61943,-4.0433659042545465,50.80189268931136,58.365757,-7.563864299214032,0.0027367120014591,0.0020745108,0.0006622012110514422,0.0016983443826759,0.0013789841,0.00031936030856759734
physics_guided_NN,75,2625,3,717,5.785582401500091,5.5347934,0.2507890245774833,23.142329606000363,22.291887,0.8504423226751676,52.07024161350081,50.02886,2.041383428686359,92.56931842400144,87.69252,4.876798282399875,0.0002742914990352,0.0010634194,-0.000789127890503267,0.0001159216327758,0.00017873276,-6.281113096722805e-05
physics_guided_NN,75,2625,3,718,3.8670430047944016,4.1319346,-0.2648916379973465,15.468172019177606,16.655115,-1.1869431083858704,34.80338704314961,36.825485,-2.022098186342575,61.872688076710425,67.910835,-6.038147189402856,0.009454606510343,0.008848049,0.0006065577637571536,0.0036640627351547,0.0037127053,-4.864260135643492e-05
physics_guided_NN,75,2625,3,719,37.46793028688852,36.87639,0.5915417370838298,149.87172114755407,146.54114,3.3305834522415694,337.2113725819966,330.15872,7.0526506581684885,599.4868845902163,586.9816,12.505256172247528,0.000118825692371,-0.00021629789,0.000335123584991787,5.959415156976146e-05,-0.0007457639,0.000805358037358381
physics_guided_NN,75,2625,3,720,4.6799548980400605,4.8035555,-0.1236005905463653,18.71981959216024,19.683992,-0.9641727937040194,42.11959408236054,43.518253,-1.398659244055473,74.87927836864097,78.378235,-3.4989564946402822,0.0020432057793048,0.0015659867,0.0004772191171330191,0.0008199053378851,0.0001039315,0.0007159738349221494
physics_guided_NN,75,2625,3,721,6.3140088512631936,6.06953,0.24447884103980488,25.25603540505277,23.483334,1.7727018174062863,56.82607966136874,53.909775,2.9163048810953,101.0241416202111,94.16242,6.861719440035316,0.0012380003656837,0.0011164051,0.00012159524090763472,0.0006181596136896,0.00033089667,0.0002872629439236656
physics_guided_NN,75,2625,3,722,6.962408835301998,6.6984625,0.2639463490349083,27.849635341208,26.191072,1.658562877218742,62.66167951771798,60.205055,2.456624280901572,111.39854136483196,104.01475,7.38379374520305,0.0026281286738265,0.0023954096,0.00023271904880289677,0.0009297598434335,0.00022420622,0.0007055536251703656
physics_guided_NN,75,2625,3,723,22.82328998045657,22.371878,0.4514123101684824,91.29315992182627,89.30369,1.989471872509867,205.4096098241092,202.14868,3.2609281834841966,365.1726396873052,354.58673,10.585908730273957,0.0001444960139757,0.00031364374,-0.00016914773047249987,8.01241515667132e-05,-0.0003146016,0.00039472576128290505
physics_guided_NN,75,2625,3,724,4.719518620313517,4.735956,-0.016437571703084686,18.878074481254068,18.486551,0.39152319646402844,42.47566758282164,42.112385,0.3632827866790649,75.51229792501627,73.994934,1.51736384298502,0.002887839066605,0.0031601274,-0.00027228837199983185,0.0012213367887312,0.00042826994,0.0007930668513295627
physics_guided_NN,75,2625,3,725,16.32848496436736,16.024416,0.30406899451872604,65.31393985746944,64.62296,0.6909769058092792,146.95636467930626,144.51741,2.438954400985949,261.25575942987774,260.1835,1.0722572326121167,0.0013477888086776,0.0025717518,-0.0012239630205591458,0.0008858269544482,0.0008124915,7.333543600288701e-05
physics_guided_NN,75,2625,3,726,19.795511033793485,19.580183,0.21532800461868007,79.18204413517394,77.32318,1.858862982830189,178.15959930414138,175.2653,2.894294738711693,316.72817654069576,310.87527,5.852901882492631,0.000184434989813,-0.0006521028,0.0008365378015406729,0.0001185555623363,-0.0006694965,0.0007880520455057961
physics_guided_NN,75,2625,3,727,2.4344568642220232,2.527766,-0.09330912508156564,9.737827456888091,10.73453,-0.9967029920254831,21.910111777998207,23.98496,-2.0748487780320666,38.95130982755237,42.32384,-3.3725312674183314,0.0033726576939966,0.0041144346,-0.0007417768947039329,0.0018438815273234,0.002650045,-0.0008061635639629017
physics_guided_NN,75,2625,3,728,7.776034232672879,7.762744,0.01329028278274258,31.10413693069152,31.197624,-0.093487275851448,69.9843080940559,69.15905,0.825258106262936,124.41654772276608,123.04782,1.368726677844208,0.0011360476795986,0.0021074824,-0.0009714347239181693,0.000635778640247,0.0006910701,-5.5291464702176326e-05
physics_guided_NN,75,2625,3,729,15.088662328999805,15.1761465,-0.08748417826337906,60.35464931599922,60.847424,-0.49277423746757876,135.79796096099827,137.26286,-1.46490219818142,241.41859726399687,242.72983,-1.3112306168625025,0.0001975135823886,-0.00045833652,0.0006558501049584799,0.0001183990386086,-0.00039365646,0.0005120554994097394
physics_guided_NN,75,2625,3,730,22.200328241148654,21.757034,0.4432939393908413,88.80131296459462,86.14487,2.65644602123524,199.8029541703379,194.48877,5.314184639087898,355.20525185837846,346.01456,9.190694973612835,1.0200858923463462e-05,-0.00012467252,0.0001348733740084305,3.175237763357828e-06,-0.00020582174,0.00020899697378059991
physics_guided_NN,75,2625,3,731,11.826310812541507,11.134276,0.6920344224658237,47.30524325016604,45.173714,2.131529566084012,106.4367973128736,100.4311,6.005698374885313,189.2209730006641,181.42361,7.797358498710963,0.0001878495524759,0.0006567551,-0.0004689055647579426,9.1178685943781e-05,0.00025828168,-0.00016710299551002815
physics_guided_NN,75,2625,3,732,4.258804167384981,4.106551,0.15225299703585993,17.035216669539924,16.812452,0.2227643532557444,38.32923750646482,37.375813,0.9534249759472431,68.1408666781597,67.703674,0.43719236175344633,0.0005938625076527,0.0009702718,-0.0003764093158093989,0.0002652633967712,0.00029815626,-3.2892860714770855e-05
physics_guided_NN,75,2625,3,733,10.450616472858064,10.471148,-0.02053106437338137,41.802465891432256,42.237907,-0.435441518235713,94.05554825572258,96.036514,-1.9809660265039781,167.20986356572902,167.13066,0.0792025549868356,0.000102046485343,4.286264e-05,5.918384450369708e-05,4.25207167296738e-05,0.00015432978,-0.00011180906725199217
physics_guided_NN,75,2625,3,734,10.26519806986247,10.180408,0.08479054575358269,41.06079227944988,40.218018,0.8427747013248776,92.38678262876223,92.121155,0.26562784360598357,164.2431691177995,160.48462,3.7585499771745106,0.0031203248098543,0.0043721036,-0.0012517787955650971,0.0017496207120821,0.0020395783,-0.00028995756553559294
physics_guided_NN,75,2625,3,735,20.500990725635813,20.656025,-0.15503420722551553,82.00396290254325,81.92691,0.07705250215262538,184.5089165307224,185.9324,-1.423487033730737,328.015851610173,328.66373,-0.6478751964676235,7.024558829213636e-05,-0.00055840897,0.0006286545550457682,3.3618747071328135e-05,-0.00032549296,0.00035911170863636076
physics_guided_NN,75,2625,3,736,8.216473521237178,8.015694,0.2007798566863972,32.865894084948714,31.775269,1.0906255302612138,73.94826169113462,71.83128,2.116978121798681,131.46357633979486,125.52822,5.935355209423761,0.0001856042743032,0.0006070546,-0.0004214503480750003,9.106865172602254e-05,-5.3692147e-06,9.643786643086485e-05
physics_guided_NN,75,2625,3,737,5.475905731902349,5.6227264,-0.14682070852733808,21.9036229276094,22.361532,-0.4579092836943097,49.28315158712115,50.66101,-1.3778591550663535,87.61449171043759,89.42046,-1.805971851574128,0.0035056360035557,0.0033615967,0.0001440392776746002,0.0013185890230823,0.0013068238,1.1765219039066568e-05
physics_guided_NN,75,2625,3,738,11.802040268467303,11.591784,0.21025674490773305,47.20816107386921,46.370525,0.8376357137617916,106.21836241620572,103.510284,2.7080779923775964,188.83264429547685,185.46631,3.366335701726854,0.0001676842908172,0.00014491743,2.2766860228224447e-05,8.347402069280407e-05,-0.0002787904,0.0003622644147698816
physics_guided_NN,75,2625,3,739,1.7680090257619416,1.8931677,-0.12515870838417653,7.072036103047767,7.551364,-0.4793278419595568,15.912081231857474,17.791792,-1.8797106840360804,28.288144412191063,31.613117,-3.3249728058265156,0.0635576442395264,0.048476055,0.015081588975053434,0.0347494063100534,0.025279935,0.009469470860691602
physics_guided_NN,75,2625,3,740,23.533263201206267,23.570791,-0.03752804330056847,94.13305280482508,93.43428,0.6987724093172716,211.79936881085644,210.95416,0.8452062132001856,376.5322112193003,374.5542,1.9780120005502795,9.225500066163006e-05,-0.0012353027,0.0013275576547566242,3.0184355324552822e-05,-0.0007360921,0.0007662764561757906
physics_guided_NN,75,2625,3,741,4.258611667534818,4.1845145,0.07409714498232756,17.03444667013927,17.177317,-0.1428699955101429,38.327505007813365,38.665993,-0.3384877290030417,68.13778668055708,68.30638,-0.16859454502885285,0.0034791735963405,0.0030470141,0.0004321594753743038,0.0020158030500474,0.0016276404,0.00038816260060543046
physics_guided_NN,75,2625,3,742,5.890543392121846,5.832938,0.057605197846943845,23.562173568487385,23.042738,0.5194356076719551,53.01489052909663,52.060738,0.9541529192333513,94.24869427394954,91.2361,3.0125950307854765,0.0061128368749427,0.009213385,-0.003100548297245582,0.0029370319829915,0.0044848765,-0.001547844541665511
physics_guided_NN,75,2625,3,743,8.70935843963217,8.558206,0.15115283507894794,34.83743375852868,34.527428,0.31000608518883865,78.38422595668953,76.882576,1.5016499679200024,139.34973503411473,137.07568,2.2740514403647296,0.0007306837680434,0.001102419,-0.0003717352199683774,0.0002777775624755,0.0001169649,0.00016081266574209305
physics_guided_NN,75,2625,3,744,3.58729335434284,3.156803,0.4304904616579033,14.349173417371356,12.825038,1.5241354611335627,32.285640189085555,28.985037,3.300603339109969,57.39669366948543,48.16756,9.229133092092852,0.003203852546207,0.0031861123,1.7740276447821696e-05,0.0012557185145897,0.00085484737,0.00040087114394280593
physics_guided_NN,75,2625,3,745,4.3731194850572335,4.4217534,-0.048633921467424734,17.492477940228934,18.355051,-0.8625731004204802,39.35807536551511,41.176453,-1.8183772712036372,69.96991176091574,73.55161,-3.5817010930881708,6.922992682248785e-05,-3.1004574e-06,7.233038425639005e-05,2.926704403553005e-05,-0.0004003117,0.0004295787359548717
physics_guided_NN,75,2625,3,746,18.39583685980177,18.505142,-0.10930535211229397,73.58334743920707,73.81538,-0.23202884253120715,165.56253173821594,166.44853,-0.8860003662762495,294.3333897568283,297.4146,-3.0812220595779536,0.0001625122758177,0.00033141804,-0.00016890575996703628,7.825476855509e-05,6.0385417e-05,1.786935168205777e-05
physics_guided_NN,75,2625,3,747,6.667520132070138,6.264814,0.4027062320762411,26.67008052828055,25.079006,1.591074333212191,60.00768118863123,57.100353,2.9073279476644345,106.6803221131222,100.16029,6.520028534020639,0.0007787565873301,0.0015059555,-0.0007271988843271165,0.000351187700825,0.00045810043,-0.00010691273147221485
physics_guided_NN,75,2625,3,748,23.62487300992673,22.852999,0.7718742764062227,94.49949203970694,91.80736,2.692134251620999,212.6238570893406,206.22057,6.403291293442152,377.99796815882775,368.25748,9.74049135218712,7.434995514011049e-05,-0.00016354313,0.00023789308052180372,2.398574146526293e-05,-1.4541811e-05,3.852755220749309e-05
physics_guided_NN,75,2625,3,749,20.297072309396807,20.661005,-0.3639327107447947,81.18828923758723,82.74664,-1.5583538288190226,182.6736507845713,186.07468,-3.4010257291005814,324.7531569503489,330.89038,-6.1372239090260905,2.315686944939018e-05,0.0003701182,-0.0003469613446009177,1.4379707688878902e-05,0.00013145324,-0.00011707353423121976
