model,training_percentage,training_samples,repeat,source_row_index,actual_f1,predicted_f1,error_f1,actual_f2,predicted_f2,error_f2,actual_f3,predicted_f3,error_f3,actual_f4,predicted_f4,error_f4,actual_peak_displacement,predicted_peak_displacement,error_peak_displacement,actual_rms_displacement,predicted_rms_displacement,error_rms_displacement
physics_guided_NN,50,1750,2,0,6.186700893706153,6.170602,0.01609904891855507,24.74680357482461,24.384884,0.36191969420937653,55.680308043355375,54.184013,1.4962946766561558,98.98721429929844,98.12672,0.8604976855289124,0.0035537163708347,0.003918839,-0.0003651227820676648,0.0018668367173623,0.0020229067,-0.0001560699548472013
physics_guided_NN,50,1750,2,1,9.903250120774487,10.066012,-0.16276226173283703,39.61300048309796,39.929745,-0.3167442373610214,89.12925108697041,89.97106,-0.8418106195725557,158.45200193239182,159.83536,-1.3833557336238016,0.0061209173382417,0.0069301347,-0.0008092173865839204,0.0029278196685243,0.0036603487,-0.0007325290411483894
physics_guided_NN,50,1750,2,2,4.639680631888204,4.7378078,-0.09812711881370006,18.558722527552817,18.9173,-0.3585767430770659,41.75712568699384,42.630844,-0.8737184292170994,74.23489011021127,76.054,-1.8191107442809198,0.0053186435933173,0.0054418077,-0.00012316408278939105,0.002820590054376,0.002844155,-2.356501320195832e-05
physics_guided_NN,50,1750,2,3,6.806357768124741,7.17447,-0.3681121796902005,27.225431072498964,28.74172,-1.5162891270859973,61.25721991312268,64.46263,-3.205411312463255,108.90172428999584,114.45893,-5.557206679242441,0.0066459270300925,0.00903172,-0.0023857934293687122,0.0033518613871852,0.0040949667,-0.0007431053000768583
physics_guided_NN,50,1750,2,4,15.868402634520177,16.089582,-0.22117980871712817,63.47361053808071,64.26208,-0.7884667934622556,142.8156237106816,145.07607,-2.2604413527949703,253.8944421523228,256.94846,-3.054013658224079,0.0002914181937687,0.00032938077,-3.796257388406489e-05,0.000185351405424,-0.00015697714,0.0003423285465835866
physics_guided_NN,50,1750,2,5,12.643611494404144,13.13488,-0.4912685715138245,50.57444597761658,52.47126,-1.8968140931842044,113.79250344963732,118.418335,-4.625831511300177,202.2977839104663,209.03009,-6.732306421564942,0.0012559713638756,0.001187736,6.823531178716058e-05,0.0006072123145144,0.00062680367,-1.9591352304487025e-05
physics_guided_NN,50,1750,2,6,9.45972756115158,9.566246,-0.10651847156326433,37.83891024460632,38.015697,-0.17678723464172919,85.13754805036422,85.63238,-0.49482957414750217,151.35564097842527,151.9731,-0.6174577764575417,0.0052110600853599,0.0051005078,0.00011055233052739352,0.0024767616399103,0.0024375212,3.924040203030863e-05
physics_guided_NN,50,1750,2,7,7.027557013460982,6.9820466,0.04551040930448824,28.11022805384393,27.732462,0.37776612452264047,63.24801312114885,63.101402,0.14661083843400746,112.44091221537572,111.38298,1.0579318686960306,0.0003562779189139,0.00016182837,0.00019444954756697182,0.0001601930054747,5.4404678e-05,0.00010578832753509876
physics_guided_NN,50,1750,2,8,5.496248478891723,5.837532,-0.34128356456530806,21.984993915566893,23.420488,-1.4354944419770526,49.46623631002551,53.053226,-3.586990160921758,87.93997566226757,93.462296,-5.5223198699589915,0.0052667846196957,0.003938626,0.001328158587373055,0.0027349370426037,0.002209989,0.0005249481542505905
physics_guided_NN,50,1750,2,9,8.258353189123369,8.212645,0.04570861209700183,33.03341275649348,32.45463,0.5787809510735613,74.32517870211032,73.47845,0.8467317416611024,132.1336510259739,131.17451,0.9591362554660918,0.0008322962233817,0.0011317673,-0.00029947106726264765,0.00035169445793,0.00037751006,-2.5815605187369994e-05
physics_guided_NN,50,1750,2,10,1.929974717044784,2.2423465,-0.31237180814747667,7.719898868179136,8.621917,-0.9020179027559223,17.369772453403055,19.800173,-2.430400352383078,30.879595472716545,35.277752,-4.398156449890877,0.0234900632577201,0.024167009,-0.000676945440266502,0.0119642960333229,0.011876398,8.789826715001336e-05
physics_guided_NN,50,1750,2,11,4.927304670559308,4.9003177,0.026987001644513064,19.709218682237232,19.361599,0.34761971373137257,44.34574203503377,44.958214,-0.612471771118571,78.83687472894893,78.67087,0.16600680902705278,0.0003189917155481,0.00033100825,-1.201653830380545e-05,0.0001180333771677,8.017484e-05,3.785853792720116e-05
physics_guided_NN,50,1750,2,12,15.472698554740608,15.881063,-0.40836490656310254,61.89079421896243,63.5254,-1.6346040354321048,139.25428699266547,142.06622,-2.8119361518657797,247.5631768758497,253.77127,-6.208093876103419,0.0006305740513392,0.0004632421,0.0001673319617305158,0.0002503300297083,0.00032491735,-7.458731629795932e-05
physics_guided_NN,50,1750,2,13,3.240174949311588,3.5504134,-0.3102384208208582,12.960699797246352,14.023763,-1.063062905695542,29.16157454380429,30.62494,-1.4633663283880942,51.84279918898541,55.702625,-3.8598260856727933,0.0216719214517747,0.0193204,0.0023515210200224963,0.0102374025954442,0.009665709,0.0005716936065392475
physics_guided_NN,50,1750,2,14,7.256315136126632,7.3474503,-0.09113512022102466,29.02526054450653,29.261011,-0.23575057915069664,65.30683622513969,64.91432,0.39251432572562805,116.10104217802612,117.33544,-1.234399411329349,0.0032415115549485,0.0021189037,0.0011226078770379335,0.0012703612274022,0.0010153778,0.0002549834143833415
physics_guided_NN,50,1750,2,15,4.442000092457506,4.505656,-0.06365567307594144,17.768000369830023,17.895851,-0.12785076542388296,39.97800083211755,39.43776,0.540241432703489,71.0720014793201,72.04998,-0.9779786842541256,0.0026040336139117,0.0026502055,-4.617189768807905e-05,0.001408026651636,0.0013989309,9.095743455226832e-06
physics_guided_NN,50,1750,2,16,12.033025442877864,12.240138,-0.2071126110161785,48.13210177151145,48.974934,-0.8428318527561274,108.29722898590076,110.43925,-2.1420181454468974,192.5284070860458,197.36859,-4.840184222547947,0.0001476335873221,3.904006e-06,0.00014372958131473972,4.904790280904922e-05,4.1406907e-05,7.640995551425248e-06
physics_guided_NN,50,1750,2,17,3.7933805119604735,3.9872339,-0.1938533652215333,15.173522047841894,15.614877,-0.4413546992894535,34.14042460764426,35.441486,-1.301061750998315,60.69408819136758,63.245174,-2.5510862165914077,0.0039353939566326,0.0040343152,-9.892127928019974e-05,0.0016935033868195,0.0016734655,2.0037908585507054e-05
physics_guided_NN,50,1750,2,18,2.4501347258980446,2.2544,0.19573471102072526,9.800538903592178,9.26122,0.5393189252596589,22.051212533082406,20.959658,1.0915548640150234,39.20215561436871,38.03725,1.1649050955698854,0.0191874611705435,0.020647043,-0.001459582191716366,0.011834558380617,0.011490994,0.00034356424756178984
physics_guided_NN,50,1750,2,19,3.251164306111213,3.3377693,-0.08660496383202432,13.004657224444854,12.862927,0.14172978761624044,29.26047875500092,28.764841,0.49563767528900726,52.018628897779415,51.93413,0.08449727546496177,0.0430041175307428,0.050304215,-0.007300097870668258,0.0236641386342238,0.026635643,-0.002971504460554261
physics_guided_NN,50,1750,2,20,4.237986580249869,4.22709,0.010896698352896195,16.951946320999475,16.963839,-0.011892256271032409,38.141879222248825,38.271996,-0.13011632218476876,67.8077852839979,67.83985,-0.032066095396629635,0.0047768707120056,0.0051994505,-0.0004225798218314798,0.0019492283195955,0.0019266473,2.2581053222461627e-05
physics_guided_NN,50,1750,2,21,40.64406666890176,40.627686,0.016381122026757566,162.57626667560703,161.59853,0.9777406746304678,365.7966000201158,364.03107,1.765533125584568,650.3050667024281,649.00226,1.302808401646871,1.5505257108330758e-05,-0.0013430339,0.0013585391156832576,9.130186019217458e-06,-0.00056794606,0.0005770762451828773
physics_guided_NN,50,1750,2,22,2.902183163048412,2.9035323,-0.0013491035684092267,11.608732652193648,11.720588,-0.1118550782140666,26.119648467435702,25.654894,0.46475459231363203,46.43493060877459,46.73316,-0.29822750279767263,0.0097184221669327,0.0116653005,-0.0019468782991875436,0.0050084951975183,0.00669717,-0.001688674773202706
physics_guided_NN,50,1750,2,23,5.142201232783284,5.1387153,0.0034859656018877416,20.568804931133137,20.716974,-0.14816932728971466,46.27981109504956,45.236862,1.0429489124323723,82.27521972453255,81.732086,0.5431335428919226,0.0011226691117699,0.00056539,0.0005572791256199332,0.0005077374228269,0.00042629996,8.143746550121793e-05
physics_guided_NN,50,1750,2,24,2.1600466311698385,2.2211964,-0.061149781870322606,8.640186524679354,8.925719,-0.2855327364900795,19.440419680528542,19.417673,0.02274656956662824,34.560746098717416,35.64622,-1.0854750621712554,0.0278291828382865,0.023978287,0.0038508954841748287,0.0158586446318918,0.013222845,0.002635799360662057
physics_guided_NN,50,1750,2,25,15.039436223097557,14.866307,0.17312896449159965,60.15774489239022,59.630478,0.5272669871167821,135.35492600787802,134.18892,1.1660069404952083,240.63097956956088,237.91557,2.715406449443691,3.13657136574224e-05,-1.8627431e-06,3.322845680470747e-05,1.738559044836718e-05,-0.00010052875,0.00011791433903793502
physics_guided_NN,50,1750,2,26,12.689187530339115,12.568564,0.12062311536108794,50.75675012135647,50.47078,0.28597070241115574,114.20268777305203,113.36105,0.841634306255159,203.02700048542587,200.9666,2.0604019746836855,0.0009588654445881,0.001141304,-0.00018243858922031017,0.0004114017392586,0.0007933339,-0.000381932182788568
physics_guided_NN,50,1750,2,27,8.035770564195651,8.174842,-0.13907131660268846,32.143082256782606,32.573307,-0.43022478057091007,72.32193507776086,73.087685,-0.7657495535868009,128.57232902713042,131.29347,-2.7211432629086403,0.0005528791614672,0.00021295379,0.0003399253717254678,0.0002125299899266,0.00010829054,0.00010423945348103449
physics_guided_NN,50,1750,2,28,30.800036447357083,30.847204,-0.04716776101694009,123.20014578942832,123.42567,-0.22552101965371207,277.2003280262137,278.2173,-1.0169571300363032,492.8005831577133,492.47522,0.3253634311507767,5.210402567520608e-05,-0.0007677056,0.0008198096384911226,1.614234783510892e-05,-0.0003432193,0.00035936163762408525
physics_guided_NN,50,1750,2,29,6.95030101364309,7.125768,-0.1754671710187754,27.80120405457236,28.460697,-0.6594931194999063,62.55270912278782,63.661987,-1.1092781818996826,111.20481621828944,114.09693,-2.892115239230094,0.0016745240663364,0.0017817629,-0.00010723886050289198,0.000820124024276,0.000975438,-0.0001553139619228127
physics_guided_NN,50,1750,2,30,14.6619414403532,14.4990225,0.1629189565275162,58.6477657614128,58.14917,0.4985958395377992,131.95747296317882,130.74626,1.2112113664991284,234.5910630456512,231.79536,2.795698665768384,0.0003207644041915,0.0002801869,4.057749191378659e-05,0.0001060963068559,2.1562984e-05,8.453332252625169e-05
physics_guided_NN,50,1750,2,31,3.749525168065405,4.0084653,-0.25894012200417516,14.99810067226162,16.122316,-1.1242156882120131,33.74572651258865,35.506317,-1.7605906260832285,59.992402689046486,61.64317,-1.650766714029686,0.0610179422162491,0.061716396,-0.0006984541453403312,0.0331257359560026,0.033833995,-0.0007082595054613283
physics_guided_NN,50,1750,2,32,2.068929461665606,1.9955189,0.07341053885981985,8.275717846662424,8.587445,-0.31172741243181434,18.620365154990456,18.436007,0.18435860896994782,33.102871386649696,34.986126,-1.8832545593952261,0.0161139002143161,0.015728714,0.0003851862697617711,0.0089729294159271,0.008890026,8.290316693560992e-05
physics_guided_NN,50,1750,2,33,11.856180485244336,11.862929,-0.006748858932910551,47.42472194097735,47.53617,-0.11144901849530697,106.70562436719904,106.7109,-0.0052749858283078765,189.6988877639094,189.9904,-0.2915144577702904,0.0002760859269495,1.7548347e-05,0.0002585375795627356,0.0001023009876367,1.2627644e-05,8.967334400906153e-05
physics_guided_NN,50,1750,2,34,7.749130820433567,7.878638,-0.12950697024636426,30.99652328173427,31.648432,-0.651908496219832,69.74217738390212,70.53686,-0.7946802210783517,123.98609312693708,126.60221,-2.616117871598078,0.0008412893334205,0.00027504322,0.0005662461157223879,0.0004622929601314,0.00060651224,-0.0001442192832624086
physics_guided_NN,50,1750,2,35,6.635803980157069,6.808085,-0.17228098459512786,26.54321592062828,27.322353,-0.7791374424088282,59.722235821413626,61.14152,-1.4192856324437955,106.17286368251312,108.7769,-2.604037562604063,0.0010605453856659,0.00068203395,0.0003785114379969304,0.0005151382196758,0.0003346378,0.00018050042712763523
physics_guided_NN,50,1750,2,36,10.61488749918763,10.446093,0.1687948935968091,42.45954999675052,41.616535,0.8430148099829395,95.53398749268868,93.97743,1.5565552417121182,169.83819998700207,167.54617,2.2920268912989457,0.0002930875378121,0.000283481,9.606537587971645e-06,0.0001548547260525,0.00011477138,4.008334864082902e-05
physics_guided_NN,50,1750,2,37,3.2355863041003987,3.397576,-0.16198978957330734,12.942345216401597,13.440267,-0.4979213927902979,29.120276736903588,29.744204,-0.6239268306012953,51.76938086560638,54.650738,-2.8813568968447925,0.0150253291618152,0.014259125,0.0007662040557785375,0.0074359097671304,0.0067680744,0.0006678354148361935
physics_guided_NN,50,1750,2,38,13.904540915174742,14.237207,-0.33266649754498445,55.61816366069897,57.31313,-1.6949657643498597,125.14086823657269,128.30856,-3.167694995849189,222.47265464279587,227.02669,-4.554032979274439,0.0009457456538146,-5.1126914e-05,0.0009968725674186938,0.0005292154861014,0.0003748551,0.00015436039081361506
physics_guided_NN,50,1750,2,39,10.343716525408988,10.478808,-0.1350918776061487,41.37486610163595,42.04121,-0.6663440729245949,93.09344872868093,94.84319,-1.749744325518293,165.4994644065438,168.09438,-2.5949112038077544,0.0001568621964532,0.00016153966,-4.6774648955973835e-06,6.356414461408556e-05,0.0002879648,-0.0002244006499378681
physics_guided_NN,50,1750,2,40,6.429676602503863,6.5660076,-0.13633101163187877,25.718706410015454,26.292852,-0.5741459917179448,57.86708942253479,58.723583,-0.8564937989007575,102.8748256400618,104.063034,-1.188208417555387,0.0001118182888483,-0.00021354399,0.0003253622751678643,5.621150812716693e-05,1.7637925e-05,3.857358278823555e-05
physics_guided_NN,50,1750,2,41,2.479684200489037,2.52363,-0.04394570330429781,9.918736801956149,9.108516,0.8102210625152306,22.317157804401337,22.27199,0.04516798201364125,39.674947207824594,38.118313,1.556634372131235,0.0290887915426202,0.030449355,-0.0013605634784989162,0.0131539099371442,0.015183834,-0.002029924421905598
physics_guided_NN,50,1750,2,42,11.698263912526665,11.662717,0.03554704698711397,46.79305565010665,46.769886,0.023169633260948785,105.28437521273996,105.77819,-0.49381540005300906,187.1722226004266,186.62355,0.5486721853875451,0.0005724970021776,-0.00025809146,0.000830588460995544,0.0003085021973515,-0.00022802681,0.0005365290064059268
physics_guided_NN,50,1750,2,43,11.179834604337966,11.356931,-0.17709612838908484,44.71933841735186,45.310013,-0.5906744000309558,100.6185114390417,102.36344,-1.7449300282434592,178.87735366940746,182.41174,-3.534389494655045,0.000422215415964,0.00037847777,4.3737650483943583e-05,0.0001402285004203,1.4550592e-05,0.00012567790850672423
physics_guided_NN,50,1750,2,44,17.368906728179066,17.567472,-0.19856572970667585,69.47562691271627,70.440704,-0.9650774329868597,156.3201605536116,158.30647,-1.986312224708712,277.90250765086506,280.7064,-2.8038827299943136,0.00020018114613,-9.8686294e-05,0.00029886744035271623,6.875846152524547e-05,-6.413266e-05,0.0001328911238988404
physics_guided_NN,50,1750,2,45,2.9830500021364865,3.3957493,-0.41269932838414336,11.932200008545946,13.255675,-1.3234753073109875,26.84745001922838,29.80718,-2.959730385434707,47.72880003418378,52.830624,-5.101823592525207,0.0115029720158564,0.012144276,-0.0006413039250982855,0.005130794793116,0.005286731,-0.00015593603278503138
physics_guided_NN,50,1750,2,46,4.720890989769187,4.654573,0.0663180260545877,18.88356395907675,18.613012,0.2705516452339758,42.48801890792269,41.816338,0.6716813224734679,75.534255836307,74.625465,0.9087904432405907,0.005784865705416,0.005708771,7.60948789570691e-05,0.002787491657286,0.0027548478,3.264390535564392e-05
physics_guided_NN,50,1750,2,47,5.062766237591458,5.1682982,-0.10553200688485997,20.25106495036584,20.711515,-0.46045047626990154,45.564896138323135,46.092316,-0.5274195355049898,81.00425980146333,82.44649,-1.4422276252944783,0.0017031670636135,0.0017157973,-1.26302852657776e-05,0.0006777865621889,0.0007145799,-3.6793325964921205e-05
physics_guided_NN,50,1750,2,48,2.055085973228175,2.1326892,-0.0776032643664295,8.2203438929127,8.32166,-0.10131614889638207,18.495773759053574,18.418367,0.07740637318931576,32.8813755716508,33.63447,-0.753096321659747,0.0967923034095716,0.055719167,0.041073136415476746,0.0451798347561757,0.029863406,0.015316428783456508
physics_guided_NN,50,1750,2,49,2.477903044160504,2.6320393,-0.15413626438746952,9.911612176642016,10.970132,-1.0585196974424562,22.30112739744453,23.867563,-1.5664358502361324,39.64644870656806,42.71361,-3.0671628962151445,0.019232999656255,0.016929952,0.0023030472285101335,0.0104579709025528,0.009908868,0.000549102902641492
physics_guided_NN,50,1750,2,50,5.955595748421161,5.6996613,0.25593449353834874,23.822382993684645,22.953524,0.8688593578203871,53.60036173579046,51.119915,2.4804467272455355,95.28953197473858,91.13712,4.152408866828424,0.0047688682137197,0.004035352,0.000733516415781353,0.0023862163284903,0.0020658616,0.0003203547308330964
physics_guided_NN,50,1750,2,51,5.581267560649692,5.5710125,0.01025506370145024,22.32507024259877,22.238836,0.08623395414662127,50.231408045847225,50.580696,-0.3492880601098065,89.30028097039506,88.57167,0.7286104381685021,0.0043352635247097,0.004601126,-0.00026586254635596433,0.0025104112520067,0.0022522286,0.00025818269394319287
physics_guided_NN,50,1750,2,52,5.211641771009218,5.3114386,-0.0997967894766214,20.84656708403688,21.08128,-0.23471267060179102,46.90477593908296,48.344337,-1.4395615242959465,83.3862683361475,84.65012,-1.2638552600439112,0.0001961528363204,0.0002575539,-6.140107474900805e-05,7.552146715998147e-05,3.9756565e-06,7.154581070526816e-05
physics_guided_NN,50,1750,2,53,13.334704767371436,13.270846,0.06385840048911184,53.338819069485744,52.934185,0.4046340414095724,120.01234290634292,118.75747,1.254873729096829,213.35527627794292,212.36935,0.9859220298960452,0.001803498916345,0.0011818007,0.000621698183024585,0.0007689441868172,0.0005608744,0.00020806977637791732
physics_guided_NN,50,1750,2,54,1.589547070487722,1.6757114,-0.08616432286860132,6.358188281950889,7.5614157,-1.2032273903513575,14.3059236343895,14.023867,0.28205698094711806,25.432753127803554,26.439678,-1.0069250643351175,0.0131680829387649,0.015232465,-0.0020643822911635933,0.0071448756216065,0.008631224,-0.001486348191092818
physics_guided_NN,50,1750,2,55,1.983695920341253,2.1093132,-0.12561732924675972,7.934783681365012,8.262771,-0.3279869714059842,17.85326328307128,18.192026,-0.33876285523438554,31.739134725460048,32.478306,-0.7391710911903431,0.0396939400346792,0.039409507,0.0002844329686677721,0.0202349661746362,0.022372082,-0.002137115701164885
physics_guided_NN,50,1750,2,56,1.8669041184563684,2.034476,-0.16757192333745485,7.4676164738254736,7.6898966,-0.22228010973165535,16.802137066107317,18.714075,-1.9119380223936595,29.87046589530189,32.908436,-3.0379699262313125,0.1432891717733956,0.15342556,-0.010136387628116555,0.0704967901410945,0.0730524,-0.0025556087193600585
physics_guided_NN,50,1750,2,57,10.477116954109777,10.663116,-0.18599950096834839,41.90846781643911,42.45839,-0.549921465787456,94.294052586988,95.787766,-1.4937129159416855,167.63387126575643,169.79361,-2.159738353384199,0.0003953383278564,0.00039653006,-1.191728748715557e-06,0.0001590627483103,8.838328e-05,7.067946472778398e-05
physics_guided_NN,50,1750,2,58,20.375535995200487,20.253832,0.12170413179716633,81.50214398080195,81.409096,0.0930482166417903,183.3798239568044,182.45782,0.9219992497731369,326.0085759232078,324.8707,1.1378789017234112,0.0001199136320624,-0.00038453107,0.0005044447032391524,4.486649217868252e-05,-9.596201e-05,0.00014082850052362338
physics_guided_NN,50,1750,2,59,12.367229006475965,12.777529,-0.41029975634141813,49.46891602590386,51.14788,-1.67896452829536,111.30506105828368,114.62607,-3.321007056950691,197.87566410361543,204.36528,-6.489616047751753,0.0028914706760657,0.0030352725,-0.0001438017955410313,0.0014562367542712,0.0015452866,-8.904986669589009e-05
physics_guided_NN,50,1750,2,60,7.259922346915204,7.5446277,-0.284705319558185,29.03968938766081,30.04352,-1.0038305860940717,65.33930112223683,68.439125,-3.0998239387983233,116.15875755064326,121.06109,-4.90233101136846,0.0011848402323287,0.0011716922,1.3148074233161437e-05,0.0004181500411686,0.00036829952,4.9850525483533415e-05
physics_guided_NN,50,1750,2,61,6.850769784298405,6.918605,-0.06783506647063753,27.40307913719362,27.982058,-0.578978434217511,61.65692805868566,62.10304,-0.44611072915613903,109.61231654877449,110.962715,-1.3503986001512942,0.0016477141880633,0.0018838918,-0.00023617757230832547,0.0007949413008481,0.0012536476,-0.00045870631249102613
physics_guided_NN,50,1750,2,62,4.657415212883389,4.544996,0.11241942812386796,18.62966085153356,18.454113,0.17554784494176445,41.91673691595052,40.32211,1.5946276935384134,74.51864340613423,72.13292,2.3857240946107936,0.0047152524028116,0.0030620182,0.001653234209507061,0.0026370878862338,0.0018776115,0.0007594763832287723
physics_guided_NN,50,1750,2,63,11.818697172734336,11.619819,0.19887848529537067,47.27478869093734,46.31609,0.9586990608103889,106.36827455460902,103.889534,2.478740558026985,189.09915476374937,185.83055,3.2686036162884307,0.0012286155864118,0.00093017274,0.00029844284593000606,0.0005710328990964,0.0004897244,8.130850655937245e-05
physics_guided_NN,50,1750,2,64,27.1208251382587,27.151358,-0.030532512498137265,108.4833005530348,108.72851,-0.24520744257067406,244.0874262443283,243.95493,0.1325007072189237,433.9332022121392,433.98358,-0.050379330829571245,5.843066045779509e-05,-0.00056728965,0.0006257203118293337,1.875016104149639e-05,-0.00036481945,0.0003835696153035295
physics_guided_NN,50,1750,2,65,2.172957221959886,2.2960336,-0.12307639887446475,8.691828887839543,10.429166,-1.7373369523093825,19.55661499763897,20.541231,-0.9846161577565375,34.76731555135817,37.373264,-2.6059487613859673,0.1538547663382672,0.14738174,0.006473028510012496,0.0861287455147516,0.0757742,0.010354545254112404
physics_guided_NN,50,1750,2,66,25.87578184662529,26.022816,-0.14703385772041244,103.50312738650116,104.11849,-0.615364739963681,232.88203661962768,234.3724,-1.4903693862316914,414.0125095460047,416.34872,-2.3362148192296672,0.0001667538071048,-0.00018150416,0.0003482579685511553,0.0001010433902521,-0.00019394925,0.0002949926406400592
physics_guided_NN,50,1750,2,67,3.667297020034559,3.9787452,-0.3114482020571159,14.669188080138236,15.912528,-1.2433399578866666,33.00567318031103,35.184425,-2.178752173692878,58.67675232055294,63.371212,-4.6944596850622915,0.0074214051378621,0.0075580054,-0.00013660025841461237,0.003210293721881,0.0028921063,0.0003181874160731713
physics_guided_NN,50,1750,2,68,20.57037898451195,20.641026,-0.07064655870093972,82.2815159380478,82.60735,-0.32583727240141513,185.1334108606076,185.44473,-0.3113218054080278,329.1260637521912,329.85013,-0.7240644216369105,5.814601795745109e-05,0.00015121502,-9.30690013291591e-05,3.134523541650482e-05,-4.249734e-05,7.384257588985123e-05
physics_guided_NN,50,1750,2,69,34.419582676328304,34.697586,-0.2780033832420088,137.6783307053132,138.89761,-1.2192828200774386,309.7762440869548,311.8327,-2.0564585497639314,550.7133228212529,555.23535,-4.522028741247141,0.0001190137196533,-0.0010895912,0.0012086049033529674,5.4978306269072936e-05,-0.0004987637,0.0005537419992999965
physics_guided_NN,50,1750,2,70,4.3020525558207865,4.431151,-0.1290983574177389,17.208210223283146,17.719427,-0.5112168854815025,38.71847300238708,39.79729,-1.0788177996148747,68.83284089313258,71.47836,-2.645522143976791,0.0047141106264979,0.005568357,-0.0008542465580314044,0.0022291488338951,0.0026686895,-0.0004395406368430726
physics_guided_NN,50,1750,2,71,5.752035346796996,5.7617874,-0.009752067753785454,23.008141387187983,22.910446,0.09769522019579568,51.76831812117297,51.305653,0.46266550276476437,92.03256554875192,92.73819,-0.7056241485137065,0.0008137665189468,0.0009399316,-0.0001261650851331022,0.000363609865282,0.00039076208,-2.7152219580217304e-05
physics_guided_NN,50,1750,2,72,16.70143981705965,16.736494,-0.03505424727140394,66.8057592682386,67.41514,-0.6093789763903033,150.31295835353689,150.75919,-0.44622743747873983,267.2230370729544,268.2513,-1.028275182904963,5.580284776677952e-05,0.00016773901,-0.00011193616229994579,2.413154160776149e-05,0.000105982486,-8.185094466726322e-05
physics_guided_NN,50,1750,2,73,5.639718874505925,5.868135,-0.22841610092742481,22.5588754980237,23.414383,-0.8555074365466133,50.75746987055332,52.12529,-1.3678200464388652,90.2355019920948,92.40917,-2.173670066010672,0.0008791162619948,0.00045113722,0.0004279790375496805,0.0005327910716519,0.0004906308,4.216026941912792e-05
physics_guided_NN,50,1750,2,74,7.446400447365925,7.853739,-0.40733833742411374,29.7856017894637,31.288528,-1.5029266529191112,67.01760402629333,70.470894,-3.4532898335699542,119.1424071578548,124.8268,-5.684390327496757,0.0009541743468264,0.000875553,7.862134703936737e-05,0.000412933087482,0.00034107742,7.185566499165653e-05
physics_guided_NN,50,1750,2,75,20.1760592825747,20.286713,-0.11065336390967673,80.7042371302988,81.54734,-0.8431032627676132,181.58453354317228,182.62566,-1.041122584757403,322.8169485211952,324.60342,-1.7864755510704526,0.0001001592821741,-8.0131555e-05,0.00018029083674275207,5.970719205522564e-05,-0.000106903884,0.00016661107649868008
physics_guided_NN,50,1750,2,76,27.417405294709244,27.371515,0.04589002066139258,109.66962117883698,109.70385,-0.03422861364349217,246.75664765238324,247.58371,-0.8270620644136386,438.6784847153479,438.72375,-0.04527016746459367,0.0003291094769453,0.0003397585,-1.0649018156405198e-05,0.0002166121354843,0.0002609853,-4.4373175403617876e-05
physics_guided_NN,50,1750,2,77,17.03555819645127,16.958471,0.07708689823349602,68.14223278580508,68.19663,-0.05439959944882844,153.32002376806142,152.0494,1.2706310678661055,272.5689311432203,271.08282,1.4861064361890612,1.266702312552735e-05,-0.00019263207,0.00020529909235467568,4.32661613079639e-06,3.5474615e-05,-3.1147999157170634e-05
physics_guided_NN,50,1750,2,78,6.013086916228769,6.1488953,-0.13580834744310621,24.052347664915075,24.242943,-0.1905951451435186,54.11778224605892,54.218758,-0.10097538333560863,96.2093906596603,97.87505,-1.6656627461014182,0.0005599797286812,0.000865925,-0.0003059452583294578,0.0002510507078286,0.00047265794,-0.00022160722763242942
physics_guided_NN,50,1750,2,79,33.30028073763222,33.573345,-0.2730644466939509,133.20112295052888,134.26245,-1.0613282213461162,299.70252663869,300.1892,-0.4866823456849829,532.8044918021155,538.01843,-5.213940815071965,1.8905406619291864e-06,-0.0012166282,0.001218518780152021,5.77192666891846e-07,3.8540064e-05,-3.796287087542203e-05
physics_guided_NN,50,1750,2,80,4.314873250443108,4.307632,0.007241280991204135,17.25949300177243,17.137821,0.12167180426266455,38.83385925398796,38.560062,0.2737968455406943,69.03797200708972,68.19395,0.8440251687108145,0.0172083368683871,0.020553373,-0.0033450359319630897,0.0089268269409629,0.0115547,-0.002627873381486307
physics_guided_NN,50,1750,2,81,11.34400957947625,11.60782,-0.2638099777136915,45.376038317905,46.123074,-0.7470352599758598,102.09608621528623,104.2274,-2.1313155181122028,181.50415327162,185.517,-4.012845019395627,0.0007430520357057,0.00080953015,-6.647810978297939e-05,0.0004322360034374,0.00047364514,-4.140913395272181e-05
physics_guided_NN,50,1750,2,82,21.07199065573772,21.125998,-0.054006887597239484,84.28796262295087,84.2207,0.0672594979508716,189.64791590163944,189.47488,0.17303186843631124,337.1518504918035,337.76038,-0.6085254847590136,1.4490111019139813e-05,-0.00014222843,0.00015671853684881115,4.612300241468938e-06,-1.4425647e-05,1.9037947591904548e-05
physics_guided_NN,50,1750,2,83,4.639768105722026,4.7679706,-0.12820245625917526,18.559072422888104,18.547632,0.011440205480877097,41.75791295149824,41.882744,-0.12483088395097752,74.23628969155241,75.71167,-1.4753802303225854,0.0022022878431454,0.0023805448,-0.00017825694226476568,0.0010397313464146,0.00085160957,0.00018812177690601768
physics_guided_NN,50,1750,2,84,3.827676379590789,3.9807012,-0.15302482852383514,15.310705518363156,16.162252,-0.8515469077843054,34.449087416317106,35.2316,-0.7825142987707849,61.24282207345263,62.865635,-1.6228128447602614,0.0021957925127719,0.0025345301,-0.0003387376127864765,0.0008719442600143,0.0011209805,-0.0002490362197402076
physics_guided_NN,50,1750,2,85,19.56569306416669,19.784883,-0.21919043497881674,78.26277225666679,79.029976,-0.7672036344464885,176.09123757750027,177.55518,-1.4639382037497342,313.0510890266672,315.7458,-2.6946995475515223,0.0005941636064131,-0.00013259622,0.0007267598285148107,0.0003216608842338,-4.9092036e-05,0.0003707529198579986
physics_guided_NN,50,1750,2,86,3.848098298505328,3.974219,-0.12612078528068293,15.392393194021311,15.917405,-0.5250119344576927,34.63288468654795,36.708664,-2.075779253881734,61.56957277608525,63.872623,-2.3030506675182636,0.0085035487688843,0.008623105,-0.00011955577360952055,0.0041949602234061,0.0045879567,-0.0003929964807932139
physics_guided_NN,50,1750,2,87,14.718219828164498,14.709745,0.008474421060006065,58.87287931265799,58.968643,-0.09576387581856949,132.46397845348048,132.47134,-0.007365540660146053,235.491517250632,235.55699,-0.06547432651643703,8.196989801032394e-05,0.00018813823,-0.00010616833606949151,2.8646142559281982e-05,2.3140412e-05,5.5057306188787e-06
physics_guided_NN,50,1750,2,88,35.87543514909105,35.951015,-0.07558032332106279,143.5017405963642,143.97731,-0.47556958429987617,322.8789163418195,322.72192,0.1569925136944903,574.0069623854567,574.297,-0.2900346848557547,2.438996549996655e-06,-0.001032326,0.0010347650177817075,1.5712289499159052e-06,-0.00032494814,0.00032651936680879845
physics_guided_NN,50,1750,2,89,7.806175997646319,7.6345844,0.17159157076643616,31.22470399058528,30.455574,0.7691299549407482,70.25558397881687,69.5436,0.7119819890707788,124.8988159623411,123.01662,1.8821991410520411,0.0018273986377395,0.0025321776,-0.0007047789669953977,0.0007474811340773,0.0009770213,-0.00022954015870601998
physics_guided_NN,50,1750,2,90,9.94724223695917,9.941705,0.005537486898134603,39.78896894783668,39.807434,-0.018465134194570965,89.52518013263253,89.65953,-0.13435050701590967,159.15587579134672,159.15224,0.0036388528701536416,0.0006846827282828,0.00085534656,-0.00017066383126408788,0.0002607038125071,0.00013689285,0.0001238109628112312
physics_guided_NN,50,1750,2,91,10.904725327467013,11.167906,-0.26318048002810457,43.61890130986805,44.225628,-0.6067265893018714,98.14252794720312,98.976974,-0.8344465401015668,174.4756052394722,178.41911,-3.9435079197074856,0.0011521675383448,0.0012696226,-0.00011745505111670552,0.0003790625867089,0.00040669632,-2.763372891305719e-05
physics_guided_NN,50,1750,2,92,21.738414214986754,21.679249,0.05916540517230118,86.95365685994702,86.75527,0.19838494832592346,195.6457279348808,195.23938,0.40634805206829583,347.81462743978807,347.12262,0.6920078108818188,0.0002526875472806,-0.00016907054,0.00042175808669455133,0.0001123275482402,8.0454935e-05,3.187261373538555e-05
physics_guided_NN,50,1750,2,93,5.822220809987998,6.2325726,-0.410351745553994,23.288883239952,24.583656,-1.2947730710831564,52.39998728989199,55.052807,-2.652819564356058,93.15553295980796,99.34091,-6.185378905426418,0.0015557462703617,0.0016859326,-0.00013018635751738312,0.0010735191178243,0.0009805261,9.299302536205836e-05
physics_guided_NN,50,1750,2,94,4.94223023647492,5.1639156,-0.22168539768035345,19.76892094589968,20.034094,-0.2651729109118435,44.48007212827428,44.86976,-0.38968647768275133,79.07568378359872,81.41481,-2.3391263970653426,0.0087039317321548,0.006689718,0.0020142137390145795,0.0053228865153176,0.0034589993,0.0018638871851396968
physics_guided_NN,50,1750,2,95,12.648392782706413,12.882728,-0.23433484027942697,50.59357113082565,51.599113,-1.0055423335298173,113.83553504435773,116.20143,-2.365896230056336,202.3742845233026,206.03932,-3.6650373761114565,0.0006500678503681,3.8605085e-05,0.000611462765230567,0.0003157301838122,1.809404e-05,0.0002976361432423507
physics_guided_NN,50,1750,2,96,4.579576803432119,4.782922,-0.2033449876445408,18.31830721372848,19.055449,-0.7371413183760112,41.21619123088907,42.407215,-1.1910238875191297,73.2732288549139,77.396324,-4.123095302800948,0.0025718652512607,0.002339134,0.00023273125846952434,0.0010011515132756,0.0010861015,-8.495000473698324e-05
physics_guided_NN,50,1750,2,97,4.566478297700056,4.815929,-0.24945063830458292,18.265913190800223,19.020193,-0.7542799091753629,41.0983046793005,42.915524,-1.817218849752237,73.06365276320089,76.37794,-3.314284553693639,0.0008949605186491,0.0004735453,0.0004214152073974448,0.0005043102697453,0.00072538626,-0.0002210759870724283
physics_guided_NN,50,1750,2,98,3.603615425363611,3.8231194,-0.21950397656815168,14.414461701454444,14.9085245,-0.49406281179018485,32.4325388282725,34.53114,-2.098600545506798,57.657846805817776,60.616398,-2.9585510518482394,0.0141006641781369,0.015482405,-0.0013817410224637242,0.0064541414037406,0.0069168922,-0.00046275084539656314
physics_guided_NN,50,1750,2,99,9.549235872401892,9.12407,0.4251657048603885,38.19694348960757,36.44331,1.7536337056720228,85.94312285161703,81.679596,4.263526904351409,152.78777395843028,146.10786,6.679909578547466,0.0028869724739037,0.0047229584,-0.00183598595674415,0.001775079987879,0.0024129816,-0.0006379015986518047
physics_guided_NN,50,1750,2,100,25.57762706444893,25.60784,-0.03021251990165652,102.3105082577957,102.06619,0.24431563084257846,230.1986435800404,229.26904,0.9296006112903967,409.2420330311828,408.09955,1.1424846913390638,3.5998959313194545e-05,-4.5138975e-05,8.113793442379804e-05,1.1402659725646796e-05,-5.874892e-05,7.01515791260333e-05
physics_guided_NN,50,1750,2,101,2.388208922163364,2.4861047,-0.09789580462801784,9.552835688653456,10.3008375,-0.748001828131212,21.49388029947028,22.157389,-0.6635083876635086,38.211342754613824,39.809696,-1.5983534428959416,0.0108901971227379,0.011074326,-0.00018412887836979225,0.0057073771149211,0.006387751,-0.0006803739688999583
physics_guided_NN,50,1750,2,102,5.340761816954979,5.5063424,-0.1655805940862809,21.363047267819915,22.10812,-0.7450726967796939,48.06685635259481,50.622753,-2.5558967907157353,85.45218907127966,88.57436,-3.122174637216432,0.0011231480443581,0.0008979816,0.00022516646866789004,0.0004146033315373,0.00043710796,-2.2504624266794684e-05
physics_guided_NN,50,1750,2,103,20.878560341391864,21.213495,-0.3349349131247372,83.51424136556746,85.11468,-1.6004360636317614,187.9070430725268,190.8708,-2.9637607604810228,334.05696546226983,338.80685,-4.7498887857770455,0.0002042901783706,4.9401024e-06,0.00019935007599898,9.979472523016213e-05,-4.8598667e-05,0.00014839339272045818
physics_guided_NN,50,1750,2,104,5.800029701834299,5.809814,-0.00978427445354324,23.200118807337194,23.29485,-0.0947305884147589,52.200267316508686,52.4358,-0.23553132851084513,92.80047522934878,93.515785,-0.7153099879363793,0.0003867827748253,0.0021096203,-0.0017228374796614992,0.0001981109306169,0.00094656093,-0.0007484500021720979
physics_guided_NN,50,1750,2,105,9.509567869166998,9.202441,0.30712665365186176,38.038271476668,36.76234,1.2759309310137041,85.58611082250299,82.46568,3.1204278391045506,152.15308590667198,146.06262,6.090463836359476,0.0094807206821437,0.01140414,-0.0019234192389254445,0.0060305708981753,0.006079398,-4.8827197432457954e-05
physics_guided_NN,50,1750,2,106,6.191534467721945,6.173437,0.018097349191671164,24.76613787088778,24.413944,0.3521936265030128,55.72381020949751,55.762714,-0.0389041764888205,99.06455148355111,97.98438,1.0801688541565824,0.0004841523727612,0.0007995054,-0.0003153530165343184,0.0002687269975853,0.0004759306,-0.0002072036054029282
physics_guided_NN,50,1750,2,107,11.42073821769062,11.66477,-0.24403190865215407,45.68295287076248,46.62812,-0.9451675516008038,102.7866439592156,105.27766,-2.4910125959601856,182.7318114830499,187.62059,-4.888778726911028,0.0005902473671949,0.0005280719,6.217547660977555e-05,0.0002477729422742,0.0003073009,-5.952797157192022e-05
physics_guided_NN,50,1750,2,108,4.91188894622407,5.0914893,-0.17960036880888897,19.64755578489628,20.08302,-0.4354634716955168,44.20700051601664,46.26376,-2.0567590970204677,78.59022313958512,81.97847,-3.388246709047692,0.0006978634337747,0.0015486212,-0.0008507577876708008,0.0002692036260709,0.00038608522,-0.00011688158965224201
physics_guided_NN,50,1750,2,109,14.861769498872436,15.221056,-0.3592864856246347,59.44707799548974,60.64193,-1.1948516309751014,133.75592548985193,136.57399,-2.8180643783121297,237.78831198195897,243.06433,-5.2760190727285305,0.0002913726527934,0.00034460417,-5.3231513664029543e-05,9.880204819574744e-05,-0.00013304494,0.0002318469931554401
physics_guided_NN,50,1750,2,110,22.46412910495373,22.776024,-0.3118947597923629,89.85651641981495,90.98845,-1.1319326768647358,202.1771619445836,204.8307,-2.6535417907679744,359.4260656792598,364.5935,-5.167440180115193,0.0001583390564113,-0.00023294856,0.00039128761423426505,8.89868852583374e-05,-0.00018448794,0.0002734748296107779
physics_guided_NN,50,1750,2,111,4.825329761379336,4.734696,0.09063384997186485,19.301319045517342,19.005169,0.29615013072242036,43.42796785241403,43.077747,0.3502205074433249,77.20527618206938,76.129616,1.075660398377977,0.0057705266597027,0.0063095344,-0.0005390077633505644,0.0028125966633712,0.0032250674,-0.00041247073420835065
physics_guided_NN,50,1750,2,112,10.428010877008289,10.490696,-0.06268507636085197,41.71204350803316,41.76627,-0.05422617580472888,93.8520978930746,93.83363,0.01846447022303721,166.84817403213262,166.98358,-0.13540751083613145,0.0029918967576849,0.0025454396,0.000446457119487478,0.0015877821710157,0.0012950528,0.00029272935299303154
physics_guided_NN,50,1750,2,113,1.7771309449366817,1.684087,0.09304390689652053,7.108523779746727,6.4895144,0.6190094288556134,15.994178504430137,14.848955,1.1452233500111912,28.434095118986907,26.192081,2.242013667570891,0.0360242692880304,0.032888416,0.0031358530871541668,0.0203045007841629,0.018298455,0.0020060462014717083
physics_guided_NN,50,1750,2,114,12.289019590632158,12.260284,0.028735166804032986,49.15607836252863,48.92885,0.22723009592706944,110.60117631568944,109.83078,0.7703962863925682,196.62431345011453,196.5821,0.04220590616921527,9.754662266965013e-05,-6.387951e-05,0.00016142613264997477,4.886034234012437e-05,6.859664e-05,-1.973629465275484e-05
physics_guided_NN,50,1750,2,115,4.308078214917012,4.4411488,-0.13307054301755805,17.23231285966805,17.513655,-0.28134184919425564,38.77270393425311,39.882496,-1.1097919458738446,68.9292514386722,70.88511,-1.95585750908171,0.0035557236533978,0.0042680367,-0.0007123130362114891,0.001711271758825,0.0019105009,-0.00019922916807192984
physics_guided_NN,50,1750,2,116,5.439125605408498,5.3313355,0.10779006082231657,21.756502421634,21.459892,0.2966101486847812,48.952130448676485,47.73407,1.2180606244577348,87.02600968653597,84.83704,2.18896592432894,0.0010248442978199,0.0010138414,1.1002934218513503e-05,0.0004185072753014,0.00032196761,9.653966071959154e-05
physics_guided_NN,50,1750,2,117,8.937083971553351,9.362703,-0.4256193518109068,35.748335886213404,37.059826,-1.311490011003393,80.43375574398017,83.64262,-3.208860527992485,142.99334354485362,148.82878,-5.835437583076072,0.0006666903682739,0.000796358,-0.00012966761638070535,0.0003392612795958,0.00054995465,-0.00021069337365611616
physics_guided_NN,50,1750,2,118,1.42848315165017,1.3794482,0.04903497621987207,5.713932606600681,5.5090075,0.20492515268222355,12.85634836485153,12.068651,0.7876971655107106,22.85573042640272,22.605839,0.24989165076795317,0.0145479856855555,0.013636539,0.0009114469266815611,0.0070821030301843,0.0066410666,0.00044103639701941703
physics_guided_NN,50,1750,2,119,6.677879061803077,6.7340975,-0.05621841897084856,26.71151624721231,26.842264,-0.13074792820273018,60.10091155622769,61.319202,-1.21829086686801,106.84606498884924,107.26329,-0.41722541642420197,0.0016497518985362,0.0018239076,-0.00017415570311087904,0.0006505421426135,0.00044195782,0.00020858432450209527
physics_guided_NN,50,1750,2,120,5.497448918746255,5.621619,-0.12417030580208444,21.98979567498501,22.274086,-0.2842903235501453,49.47704026871629,50.227394,-0.7503538352876191,87.95918269994007,89.28862,-1.3294372951771152,0.0025465563815759,0.0026660468,-0.00011949046135680116,0.0014255835410219,0.0015084544,-8.28709019336535e-05
physics_guided_NN,50,1750,2,121,15.033435433741772,15.189641,-0.15620556509855987,60.13374173496709,60.927696,-0.7939544930602551,135.30091890367595,136.72183,-1.4209133717146756,240.53496693986835,243.85696,-3.3219971714597705,0.0001944794301099,0.00014910883,4.537059682578273e-05,8.52648176757975e-05,8.410898e-05,1.1558390494792264e-06
physics_guided_NN,50,1750,2,122,22.80786756985916,22.974243,-0.16637559420334114,91.23147027943664,92.383514,-1.1520441248602395,205.27080812873243,208.55241,-3.2816058116972613,364.92588111774654,367.896,-2.970114976003458,2.954715334064149e-05,-0.0005087495,0.000538296661639575,1.3857814611923316e-05,-0.0005364846,0.0005503424002212103
physics_guided_NN,50,1750,2,123,1.8325058136135792,1.790973,0.041532865539238406,7.330023254454317,7.1871824,0.1428408280016802,16.49255232252221,16.166712,0.3258405152712349,29.320093017817268,28.608204,0.7118891298778145,0.0094966624512623,0.007820294,0.0016763682126353426,0.0053058602792893,0.00413011,0.0011757501346741266
physics_guided_NN,50,1750,2,124,6.618000068936514,6.51374,0.10426000622289067,26.47200027574605,25.727163,0.7448369609267154,59.56200062042864,58.109222,1.4527782083192662,105.88800110298422,104.40276,1.4852377362850007,0.0014063008426342,0.0021459288,-0.0007396279537465584,0.0005962611359141,0.00091279024,-0.000316529108996766
physics_guided_NN,50,1750,2,125,4.366536082362725,4.3333635,0.03317254934270508,17.4661443294509,17.013763,0.45238090171652345,39.298824741264525,39.40333,-0.1045070153272718,69.8645773178036,69.265366,0.5992117172176563,0.0058880616620181,0.0069756703,-0.0010876086831094825,0.0026836214050987,0.003031484,-0.0003478626791051393
physics_guided_NN,50,1750,2,126,2.67115610967517,2.695649,-0.024492798939942162,10.68462443870068,11.142133,-0.4575083203935577,24.04040498707653,24.262682,-0.22227697398303903,42.73849775480272,43.264713,-0.5262155325507933,0.0087413439507307,0.006311915,0.0024294290671767176,0.0048618842001809,0.003950372,0.0009115123275472044
physics_guided_NN,50,1750,2,127,4.711270387854971,5.035725,-0.32445472887476523,18.845081551419884,20.157425,-1.312343375337928,42.40143349069474,44.3647,-1.96326682668807,75.38032620567954,79.77399,-4.393660610726712,0.0031103591169908,0.0025740922,0.0005362668741240454,0.0018734929579194,0.001818285,5.52079834859184e-05
physics_guided_NN,50,1750,2,128,24.04386606193053,24.234783,-0.19091711067689232,96.1754642477221,96.56836,-0.392895127277896,216.39479455737475,217.26434,-0.8695487043439982,384.7018569908884,387.45184,-2.749986270830334,5.390962245978184e-05,-0.00026505077,0.00031896038921653993,1.6653896933989982e-05,-0.00015846214,0.00017511603193880098
physics_guided_NN,50,1750,2,129,12.41606617647059,12.549988,-0.13392161649816003,49.66426470588236,49.971157,-0.3068923680922495,111.7445955882353,112.71095,-0.9663571705537635,198.65705882352944,200.54306,-1.8860014792049355,0.0009677155655496,0.00070971565,0.00025799991699533445,0.0005306516101594,0.00035089566,0.00017975595225681656
physics_guided_NN,50,1750,2,130,2.1324182057935803,2.2270072,-0.09458894485644409,8.529672823174321,10.309464,-1.7797916314765576,19.191763852142223,19.683054,-0.4912901181946907,34.118691292697285,37.289074,-3.1703826513945117,0.1399415584847196,0.117470294,0.02247126424758275,0.0807647465710334,0.062121008,0.018643738979547422
physics_guided_NN,50,1750,2,131,13.111650819042408,13.020645,0.09100567744084564,52.44660327616963,51.93454,0.5120634812477576,118.00485737138168,116.77074,1.2341206770457376,209.78641310467853,208.2859,1.5005091740144678,0.0005224422012416,0.00053417904,-1.173683712656548e-05,0.0001944206251694,0.00014527382,4.9146803624566517e-05
physics_guided_NN,50,1750,2,132,3.0906422179031225,3.3595035,-0.2688612897110132,12.36256887161249,13.382693,-1.020124419097959,27.815779961128108,30.81901,-3.0032298197556813,49.45027548644996,52.994625,-3.5443496051027736,0.0122814366683881,0.01104691,0.0012345269412319376,0.005540147182967,0.0048168283,0.0007233188873785063
physics_guided_NN,50,1750,2,133,14.026593036231542,13.849741,0.17685205417587824,56.10637214492617,55.461304,0.6450684339886692,126.23933732608388,125.637344,0.6019929657323217,224.42548857970468,222.61078,1.8147097711109268,7.501022966497949e-06,-0.000364401,0.0003719020223542241,2.464121109239653e-06,-0.00021684116,0.0002193052803812473
physics_guided_NN,50,1750,2,134,8.24463773501718,8.41351,-0.16887258755362033,32.97855094006872,33.60141,-0.6228589720406532,74.20173961515462,75.42476,-1.2230192959781903,131.9142037602749,134.46587,-2.5516623285923004,0.0006111043165311,0.00035747924,0.00025362508114089874,0.0002543370434921,0.00034454613,-9.020908992739881e-05
physics_guided_NN,50,1750,2,135,27.82904718475065,27.849264,-0.020216960146811402,111.31618873900258,111.49837,-0.18217857056772857,250.46142466275572,250.852,-0.3905803421270946,445.2647549560104,445.61697,-0.35221892094273244,0.0001197568222336,-0.00036821337,0.00048797019058051465,5.5659446316274334e-05,-0.00021212308,0.00026778252542527994
physics_guided_NN,50,1750,2,136,4.898991040150561,5.098808,-0.1998167715864998,19.595964160602243,20.57189,-0.9759257167170929,44.09091936135505,45.9252,-1.8342820546605765,78.38385664240897,82.28793,-3.904076707200403,0.0089140784551873,0.010613402,-0.0016993238965497225,0.005290892962084,0.0055479747,-0.00025708176223855714
physics_guided_NN,50,1750,2,137,4.566342687557527,4.65646,-0.09011712079208234,18.265370750230108,18.690716,-0.42534503956481373,41.09708418801775,41.68371,-0.5866240029002157,73.06148300092043,74.42801,-1.3665260322826924,0.0025472347813401,0.0027514617,-0.00020422691453959776,0.0013051014989528,0.0016023637,-0.00029726215732217435
physics_guided_NN,50,1750,2,138,7.404395539731026,7.6083617,-0.2039661813077922,29.617582158924105,30.64773,-1.030147714733122,66.63955985757923,68.226814,-1.587254412440302,118.47032863569642,121.75258,-3.282250099655144,0.0007798959699697,0.0003321235,0.0004477724573346925,0.0003743876798453,0.0004349659,-6.0578234037179056e-05
physics_guided_NN,50,1750,2,139,2.5613469639474733,2.6498802,-0.08853320687467026,10.245387855789891,9.019582,1.2258060610511219,23.05212267552726,23.078085,-0.025962270151449474,40.98155142315957,40.98183,-0.0002791737642553471,0.0889863865616995,0.07770696,0.011279423737831695,0.0432868700469643,0.035525214,0.007761656119933735
physics_guided_NN,50,1750,2,140,9.680229981866049,9.650783,0.029447396722005692,38.72091992746419,38.641033,0.07988675485676566,87.12206983679442,86.36321,0.758857251345205,154.88367970985675,154.54185,0.34182485145831265,0.0018134004518107,0.0017016268,0.00011177364156548402,0.0009666398149844,0.0011987874,-0.0002321475436050704
physics_guided_NN,50,1750,2,141,3.049184367930736,2.9060552,0.14312915590986197,12.196737471722944,11.763841,0.4328967963689401,27.442659311376627,26.742586,0.7000731755123688,48.786949886891776,48.252155,0.5347945829366978,0.0073772398086829,0.006588416,0.0007888236346287542,0.0040681650111863,0.0035525502,0.0005156147940495589
physics_guided_NN,50,1750,2,142,13.08631862231328,13.398266,-0.3119472163097665,52.34527448925312,53.463505,-1.1182303020066442,117.77686760081954,121.646835,-3.8699677263288947,209.38109795701249,214.3908,-5.009694889667202,0.0001830420819045,0.00013736532,4.567676062499658e-05,0.000112907994169,-6.974388e-05,0.00018265187505465318
physics_guided_NN,50,1750,2,143,8.92731951436687,9.040832,-0.11351205149006383,35.70927805746748,36.22112,-0.511840869534474,80.34587562930184,81.35427,-1.0083953057567498,142.83711222986992,145.45345,-2.616333204700396,0.0007052229711243,0.00071475736,-9.534392187646352e-06,0.0003475707251902,0.00050005765,-0.00015248692414282999
physics_guided_NN,50,1750,2,144,4.044983529092328,4.2644987,-0.21951518153999583,16.17993411636931,17.061974,-0.8820394554080337,36.40485176183096,37.760326,-1.3554746236670852,64.71973646547724,67.021255,-2.3015190276868225,0.0006149247278255,0.0004960707,0.00011885401222673801,0.000360343215153,0.0003640946,-3.7513791076776762e-06
physics_guided_NN,50,1750,2,145,9.066507260458769,9.340093,-0.27358539853781316,36.26602904183508,37.27313,-1.0070994676864018,81.59856534412891,83.85156,-2.2529971558710855,145.0641161673403,150.28056,-5.216447187151886,3.819729896766109e-05,0.00013991715,-0.00010171984616628874,1.3156376015703372e-05,1.1196434e-05,1.9599423546052455e-06
physics_guided_NN,50,1750,2,146,13.42726998780054,13.883304,-0.4560336544724084,53.70907995120216,55.654278,-1.9451978503115086,120.8454298902049,125.12116,-4.275732524345884,214.83631980480865,223.04926,-8.212935566285097,0.0001249730461307,-0.0008306183,0.0009555913615070413,4.70001011013226e-05,-0.0002519101,0.00029891019736856084
physics_guided_NN,50,1750,2,147,6.663668098842473,6.7773027,-0.11363464316192129,26.654672395369893,27.326052,-0.6713793166662398,59.973012889582265,60.973785,-1.0007725108083605,106.61868958147956,109.39435,-2.7756585630516923,0.0005821285697384,0.0006575057,-7.537713528292175e-05,0.0002259798641331,0.000529385,-0.0003034051330745714
physics_guided_NN,50,1750,2,148,3.391487628496284,3.6036828,-0.21219512792766615,13.565950513985136,14.5655775,-0.9996269930339068,30.52338865646656,32.396397,-1.8730079804963289,54.26380205594055,57.80968,-3.5458788827801513,0.0033447445083038,0.0035454493,-0.00020070483986278512,0.0016333122197866,0.0012998014,0.00033351082078661096
physics_guided_NN,50,1750,2,149,4.954479545156899,4.92424,0.030239432852211756,19.8179181806276,19.500822,0.3170961133668584,44.5903159064121,43.134,1.456317035562492,79.27167272251039,79.79187,-0.5201973946771119,0.0009654001765272,0.0009744525,-9.052295764686784e-06,0.00047476928586,0.000438209,3.656027394206618e-05
physics_guided_NN,50,1750,2,150,6.011367773815236,6.134246,-0.1228780986823228,24.045471095260943,24.407515,-0.3620434768826115,54.10230996433713,53.930305,0.17200448338009977,96.18188438104376,97.17044,-0.9885562927843665,0.0032401851609279,0.0027090656,0.0005311195969511353,0.0016135898205019,0.0013346059,0.000278983965565956
physics_guided_NN,50,1750,2,151,4.602912515609323,4.5936832,0.009229272811471567,18.411650062437293,18.464176,-0.052526115541223106,41.426212640483904,42.018955,-0.5927425902289869,73.64660024974917,72.313484,1.3331160578546388,0.0036565600972338,0.0037599206,-0.0001033604998426159,0.0013548253582353,0.001189245,0.00016558033074533978
physics_guided_NN,50,1750,2,152,7.471445561391796,7.6841407,-0.2126951208286627,29.885782245567185,30.699522,-0.8137397728654321,67.24301005252617,68.183975,-0.9409651672003889,119.54312898226874,122.03226,-2.4891280978093846,0.002408051176181,0.0019723861,0.0004356650283540899,0.0009512165040181,0.0007244179,0.00022679858984732816
physics_guided_NN,50,1750,2,153,4.298680966941013,4.459105,-0.16042404786001274,17.19472386776405,17.285656,-0.09093210757774628,38.68812870246912,40.0395,-1.351372487716425,68.7788954710562,72.71644,-3.937542822400829,0.0145250890891151,0.01591903,-0.0013939406235619015,0.008266752623768,0.006480508,0.0017862446054829634
physics_guided_NN,50,1750,2,154,9.961519696258648,10.326936,-0.3654160718687933,39.84607878503459,41.563614,-1.7175351065669702,89.65367726632783,93.301216,-3.6475388591604485,159.38431514013837,165.61143,-6.227119796385068,0.0005343290450003,-0.00029109194,0.0008254209879271688,0.0003047122490164,7.458714e-05,0.00023012511239295038
physics_guided_NN,50,1750,2,155,3.802494141193,3.911054,-0.10855975475731716,15.209976564772,15.619319,-0.4093423973251671,34.222447270737,35.38372,-1.161273127212219,60.839906259088,62.465115,-1.6252083344178558,0.002337667315171,0.0023575323,-1.9864955081704775e-05,0.000915370152851,0.001049234,-0.0001338637968922113
physics_guided_NN,50,1750,2,156,1.8090587522250845,1.9098694,-0.10081068022425632,7.236235008900337,8.63099,-1.3947550194810105,16.28152877002576,17.77823,-1.4967018970884993,28.94494003560135,31.59135,-2.6464105198185734,0.12657816747043,0.13623942,-0.00966125687744751,0.0627941426076313,0.06957236,-0.006778216715870283
physics_guided_NN,50,1750,2,157,15.865744505275009,16.267857,-0.40211209262538183,63.46297802110004,65.4164,-1.9534190736265202,142.7917005474751,146.83461,-4.04290943787646,253.8519120844001,260.86673,-7.014817651928013,3.720885576926503e-05,-0.0004014588,0.0004386676460622284,1.4232428834007023e-05,-0.00017787742,0.0001921098455518269
physics_guided_NN,50,1750,2,158,8.256042300482644,7.9146094,0.341432868262185,33.024169201930576,31.71574,1.308428998073154,74.30438070434381,70.27003,4.034353543699282,132.0966768077223,127.02657,5.07010362656996,0.0052435352965902,0.0071924203,-0.001948885010956654,0.0032711917881521,0.003881889,-0.0006106971416023955
physics_guided_NN,50,1750,2,159,12.151822997528502,12.207072,-0.05524926046710377,48.60729199011401,48.897686,-0.29039401452466507,109.36640697775653,109.74826,-0.381853520290349,194.42916796045603,195.10443,-0.6752631918877228,0.0001662571033781,-3.377358e-05,0.0002000306834493835,6.547810727220494e-05,-2.3300687e-05,8.877879400693345e-05
physics_guided_NN,50,1750,2,160,23.54995484428793,23.715303,-0.1653485767325762,94.19981937715174,94.76957,-0.5697500198209156,211.94959359859132,212.14597,-0.19637197758055436,376.79927750860696,378.68536,-1.8860862609242872,3.177768661307464e-05,-0.00011484381,0.00014662149618279482,1.107390869344593e-05,0.0001331643,-0.00012209039107494979
physics_guided_NN,50,1750,2,161,13.519309641027354,13.955784,-0.43647420296678696,54.077238564109415,55.85279,-1.7755522684101166,121.6737867692462,125.26195,-3.5881608625897314,216.3089542564377,223.05405,-6.745092374421688,0.000249639490009,0.00013741282,0.00011222667127819123,8.066250989349991e-05,-1.6500402e-05,9.716291201902985e-05
physics_guided_NN,50,1750,2,162,8.145403208820799,8.141387,0.00401622304199023,32.581612835283195,32.846027,-0.26441453898438283,73.30862887938719,73.0521,0.2565277441332796,130.32645134113278,129.87741,0.4490404524609062,0.001292656229479,0.0009463754,0.00034628080450533325,0.0006162321584601,0.0007408404,-0.00012460823233015382
physics_guided_NN,50,1750,2,163,2.8729771356231284,3.1259916,-0.253014447247355,11.491908542492514,12.657992,-1.1660838204835606,25.85679422060816,28.439646,-2.582851546603756,45.96763416997005,50.91647,-4.948835404004562,0.0060776574636114,0.0058162073,0.0002614501962674024,0.0029435441384797,0.0026480905,0.00029545366044687275
physics_guided_NN,50,1750,2,164,13.053786585878662,13.075459,-0.021671940732666428,52.21514634351465,52.377537,-0.16239043016699384,117.48407927290796,118.7259,-1.2418194697678189,208.8605853740586,209.14565,-0.28505976754297535,0.0002198132185227,0.00022037224,-5.590211871317669e-07,0.0001222256881609,-8.59135e-05,0.00020813919158702715
physics_guided_NN,50,1750,2,165,6.914075788258415,7.1696744,-0.2555986082564772,27.65630315303365,29.242498,-1.5861952447934975,62.22668209432573,64.469864,-2.243181797275831,110.62521261213465,115.98339,-5.358178195970822,0.0145908582400218,0.011606699,0.002984159384264086,0.0077070339814973,0.006282746,0.0014242881209802754
physics_guided_NN,50,1750,2,166,4.6890501256039725,4.651782,0.03726808977633578,18.75620050241589,18.781618,-0.025417615870242827,42.20145113043576,42.10828,0.09317094855099128,75.02480200966356,75.133484,-0.10868187705519006,0.0072142869950008,0.009783877,-0.002569590064816514,0.0034188463387068,0.0047313655,-0.0013125191408221038
physics_guided_NN,50,1750,2,167,3.661748803522384,3.7557538,-0.09400495204707404,14.646995214089538,14.8218355,-0.17484030379376314,32.95573923170146,32.728313,0.2274257856565356,58.58798085635815,58.95815,-0.37016809994067756,0.0112397627006563,0.008817302,0.00242246063754881,0.0058662779062314,0.0048729484,0.0009933295092804401
physics_guided_NN,50,1750,2,168,5.548107903853351,5.6667275,-0.11861963902384609,22.192431615413405,22.428963,-0.23653109210612655,49.932971134680166,50.815598,-0.8826263994995216,88.76972646165362,91.82706,-3.057330423112006,0.00315308902062,0.003583693,-0.0004306039249199513,0.0015546236145767,0.0018179476,-0.00026332398825412717
physics_guided_NN,50,1750,2,169,7.337626590906152,7.2632427,0.07438386934853458,29.350506363624607,29.083002,0.2675042731705055,66.03863931815538,64.96171,1.0769312493077194,117.40202545449844,115.84381,1.5582144193421925,0.0018343693741747,0.0018363403,-1.9709181822082263e-06,0.0010001784220899,0.0010667302,-6.655181920132503e-05
physics_guided_NN,50,1750,2,170,3.783466432271873,3.9236653,-0.14019885283860045,15.133865729087493,15.333751,-0.19988499570498774,34.05119789044686,35.654785,-1.6035872658031423,60.53546291634997,62.052044,-1.516580998444951,0.0175748592387951,0.018119661,-0.0005448018986665623,0.0083559726236618,0.0087285265,-0.00037255390898819317
physics_guided_NN,50,1750,2,171,4.192578830995087,4.3260493,-0.1334704968552547,16.77031532398035,17.179567,-0.4092520130557844,37.733209478955786,38.028088,-0.2948781370110112,67.0812612959214,70.06823,-2.986968379371575,0.0034219534842407,0.002712857,0.0007090965060626759,0.0014748418718889,0.0012976673,0.00017717459856864235
physics_guided_NN,50,1750,2,172,15.907873605759288,15.93598,-0.02810623738036,63.63149442303715,63.76034,-0.12884722124996273,143.1708624518336,143.26588,-0.0950219475804488,254.5259776921486,254.87979,-0.3538135676170384,0.0002674286185471,-0.0002889485,0.0005563771225684912,0.000147685965158,2.424403e-05,0.00012344193596667738
physics_guided_NN,50,1750,2,173,7.529287417626925,7.880587,-0.3512996833557409,30.1171496705077,31.324331,-1.2071816130616355,67.76358675864232,70.3559,-2.5923168668459624,120.4685986820308,126.27267,-5.804068249121542,4.960285739719004e-05,-4.2729644e-05,9.23325010072633e-05,2.936096086046404e-05,-3.6331985e-05,6.569294588985598e-05
physics_guided_NN,50,1750,2,174,11.221000949597205,11.356731,-0.13573046519771736,44.88400379838882,45.32039,-0.43638499555649446,100.98900854637483,102.84557,-1.8565648789181353,179.53601519355527,180.62122,-1.0852006267572278,8.307858923906641e-05,4.2674965e-05,4.040362445046375e-05,2.8701196128320285e-05,-1.5854996e-05,4.4556191709641704e-05
physics_guided_NN,50,1750,2,175,4.371037361473001,4.4230323,-0.051994922309957836,17.484149445892005,17.416576,0.06757306039395772,39.33933625325701,39.877003,-0.5376664628074437,69.93659778356802,70.48784,-0.5512409615491691,0.001474688627582,0.0017263837,-0.00025169506500293177,0.0006816434680877,0.00055102963,0.00013061383575403392
physics_guided_NN,50,1750,2,176,2.026161249496456,2.1548622,-0.12870091595459376,8.104644997985824,6.9865294,1.1181156477050624,18.235451245468106,18.279764,-0.044312929946933366,32.4185799919433,30.006458,2.4121217094725935,0.0291277236262833,0.030599024,-0.001471300520511972,0.012815315670536,0.014775834,-0.001960518375768225
physics_guided_NN,50,1750,2,177,4.836701571213908,4.921182,-0.08448058439522299,19.34680628485563,19.728855,-0.38204884820100915,43.53031414092517,44.14686,-0.6165440744068604,77.38722513942253,79.326965,-1.939740192608724,0.0018642519732965,0.0018240985,4.01534505216248e-05,0.0008726443580653,0.00080033886,7.230549327316162e-05
physics_guided_NN,50,1750,2,178,3.693784680630692,3.7080414,-0.014256748888961113,14.775138722522769,14.503621,0.2715176211433743,33.24406212567623,34.19952,-0.9554579854077545,59.10055489009107,58.43114,0.6694139904328651,0.0045680871379539,0.005534106,-0.0009660187962487708,0.0020591419029182,0.002172708,-0.0001135661427730519
physics_guided_NN,50,1750,2,179,39.81207665030063,39.92557,-0.11349479134975837,159.24830660120253,160.02841,-0.780105264031846,358.3086898527057,359.42114,-1.1124527254193026,636.9932264048101,638.67566,-1.682432774877384,1.279363630514613e-05,-0.0011003368,0.0011131304198707269,3.815542145283997e-06,-0.00022042675,0.00022424229332956123
physics_guided_NN,50,1750,2,180,12.43003756035442,12.3532,0.07683760155314978,49.72015024141768,49.63202,0.08813119844892725,111.8703380431898,110.91366,0.9566799010999603,198.8806009656707,197.59628,1.284318006686334,0.0003894848210113,-0.00044503025,0.0008345150722963613,0.0001567755462108,-5.9710044e-05,0.0002164855905081897
physics_guided_NN,50,1750,2,181,7.248853975187079,7.3729672,-0.124113268007501,28.99541590074832,29.652966,-0.657549644905977,65.23968577668371,66.01722,-0.7775337667733169,115.98166360299328,117.98662,-2.004954438998908,0.0006171102551573,0.0007942793,-0.0001771690175107636,0.0003305792214,0.0006988168,-0.00036823756651716694
physics_guided_NN,50,1750,2,182,3.619498467870675,3.7397892,-0.12029077964214219,14.4779938714827,15.141873,-0.663879488197475,32.575486210836075,34.18537,-1.6098851880897058,57.9119754859308,59.758442,-1.846466439118025,0.0070144320593859,0.0070151296,-6.974919055657836e-07,0.0039648740421015,0.0039965273,-3.165324600756369e-05
physics_guided_NN,50,1750,2,183,1.9798873455519888,2.1424038,-0.162516495466688,7.919549382207957,8.419293,-0.4997440214175315,17.818986109967906,17.865473,-0.0464866836111959,31.678197528831827,31.506557,0.17164006423221778,0.0941693071010605,0.088807926,0.005361381519128433,0.0449022569114365,0.046669204,-0.0017669468766055713
physics_guided_NN,50,1750,2,184,5.996641481246384,5.813854,0.18278726371708753,23.986565924985538,23.16417,0.8223966134621001,53.96977333121747,52.778374,1.191399612955749,95.94626369994216,92.77156,3.1747030309968522,0.0038583919474686,0.004687663,-0.0008292712202464724,0.0019486829404366,0.002234738,-0.00028605514684498464
physics_guided_NN,50,1750,2,185,13.490853166421708,13.755515,-0.2646619321500694,53.96341266568683,55.077774,-1.1143613821647307,121.4176784977954,123.90024,-2.482559539313982,215.85365066274733,220.15273,-4.299074556979235,0.0001522279969539,-0.0005919781,0.0007442060784559203,0.0001032532258526,-0.00012604862,0.00022930184280113753
physics_guided_NN,50,1750,2,186,2.222323046961649,2.4259322,-0.20360912199892223,8.889292187846598,9.751042,-0.861750178181234,20.000907422654844,21.506968,-1.5060601219008198,35.55716875138639,38.769527,-3.2123586839163423,0.0661146114947023,0.05332884,0.012785773295325237,0.0346657305884439,0.02970498,0.004960750036247394
physics_guided_NN,50,1750,2,187,6.834854351201392,6.941952,-0.10709787734475018,27.33941740480557,27.995722,-0.656304412211032,61.51368916081253,63.314865,-1.801175951492155,109.35766961922228,109.59802,-0.24035284171522164,0.0294407228688673,0.03182445,-0.0023837280710264225,0.0162392659874282,0.01744395,-0.001204683369246947
physics_guided_NN,50,1750,2,188,5.508561721758829,5.8064356,-0.2978738632631437,22.03424688703532,23.11435,-1.0801024781990556,49.57705549582946,52.167583,-2.5905279697467094,88.13698754814126,93.66915,-5.53216375801108,0.0001195430414754,-0.0003515371,0.0004710801478012499,4.625905679853948e-05,-0.00018465279,0.00023091184524668697
physics_guided_NN,50,1750,2,189,4.218381743038337,4.429538,-0.21115603009398765,16.873526972153346,17.692495,-0.8189683739159896,37.96543568734502,39.68274,-1.7173035704674788,67.49410788861339,71.450134,-3.956026388730365,0.0164462909818377,0.017796453,-0.0013501621066842572,0.0087446224236235,0.009908928,-0.001164305180932584
physics_guided_NN,50,1750,2,190,6.070715567521796,6.1391025,-0.06838689143206178,24.282862270087183,24.806112,-0.5232500193415284,54.63644010769616,55.790997,-1.154556443817512,97.13144908034872,99.99809,-2.8666435710184714,0.0089544369942032,0.009756374,-0.0008019371786631441,0.0051754306945191,0.0051710154,4.415301530179966e-06
physics_guided_NN,50,1750,2,191,17.113728212773086,17.607826,-0.49409802013706994,68.45491285109235,70.17907,-1.7241566679506235,154.0235539149578,159.4208,-5.397252969807823,273.8196514043694,281.1149,-7.295247277271244,0.0001759606813494,0.0003779022,-0.00020194152677954403,8.680755994717004e-05,-0.00011062056,0.0001974281199552712
physics_guided_NN,50,1750,2,192,16.765377557509378,16.837523,-0.072144949204489,67.06151023003751,67.584435,-0.522924279239831,150.88839801758442,151.19556,-0.3071586230405785,268.24604092015005,269.7974,-1.551352878678074,0.0002322117757241,-0.00014427547,0.00037648724857277613,9.308705975010233e-05,8.2067054e-05,1.1020005868628486e-05
physics_guided_NN,50,1750,2,193,7.972670060499945,7.9898925,-0.017222422257622938,31.89068024199978,31.795889,0.09479134124294575,71.75403054449951,71.89624,-0.14220968987548588,127.56272096799913,128.48126,-0.9185412390321233,0.0010528434173093,0.00062248285,0.0004303605633676807,0.0003687911527509,0.0003079533,6.083784744126164e-05
physics_guided_NN,50,1750,2,194,5.14007728651632,5.1886263,-0.048549002851355993,20.56030914606528,20.298576,0.2617327910848104,46.26069557864688,46.34345,-0.08275306026913398,82.24123658426112,82.345245,-0.1040087770670084,0.004602596349982,0.0051172264,-0.0005146300420487164,0.0017724866497323,0.0018542741,-8.178742295204757e-05
physics_guided_NN,50,1750,2,195,4.374222196008239,4.655116,-0.2808938852295544,17.496888784032954,18.461033,-0.9641440833986863,39.36799976407415,41.154285,-1.786285666834054,69.98755513613182,74.086395,-4.098840127540058,0.0170992227250879,0.020072063,-0.0029728407060558605,0.0076033468275715,0.010250513,-0.0026471666142891762
physics_guided_NN,50,1750,2,196,19.46692364231172,19.497858,-0.030934405173631774,77.86769456924688,78.152504,-0.2848093980382771,175.20231278080547,175.81035,-0.6080357299367165,311.4707782769875,312.71597,-1.2451946234031084,0.000132578219273,-0.00087155367,0.00100413188709399,4.328241240399081e-05,-0.00038579098,0.00042907338840121525
physics_guided_NN,50,1750,2,197,17.058624699770295,16.738003,0.3206219226706857,68.23449879908118,67.18792,1.0465791823819615,153.52762229793265,149.759,3.768619612385777,272.9379951963247,268.08313,4.854865313512221,0.0001679906112009,-0.0005433342,0.0007113247833081793,5.574806046646049e-05,-9.355594e-05,0.00014930399693988225
physics_guided_NN,50,1750,2,198,5.327162086150201,5.344768,-0.017605961182562524,21.308648344600805,21.570215,-0.26156688061892197,47.94445877535181,49.14141,-1.1969520522849066,85.23459337840322,86.38037,-1.1457777153467816,0.0016698855709417,0.0012803738,0.00038951179367883353,0.0007282481236476,0.0006028002,0.00012544789920556504
physics_guided_NN,50,1750,2,199,9.437546265301124,9.421749,0.015797150310890018,37.75018506120449,37.357628,0.3925571925521467,84.93791638771012,84.10549,0.832424749526524,151.00074024481796,150.21799,0.7827531842710869,0.0005756730315145,0.0006598792,-8.420614908822936e-05,0.0003322665445334,0.00046239523,-0.00013012868181665416
physics_guided_NN,50,1750,2,200,22.61961912258584,22.707792,-0.08817315951865368,90.47847649034335,90.9281,-0.44962409559414596,203.57657210327253,203.93835,-0.3617823889149747,361.9139059613735,361.74866,0.16524873481097302,0.0001141156187301,-0.00031244577,0.0004265613913090398,6.600799078174634e-05,-0.00014148226,0.00020749025260616792
physics_guided_NN,50,1750,2,201,13.668170793570228,14.5472145,-0.8790437144864125,54.67268317428091,58.454098,-3.781414573521822,123.01353714213204,130.66115,-7.647610929157025,218.69073269712365,233.31473,-14.623995086079475,0.0001222692364372,0.00048500896,-0.00036273972438539715,4.007678039428388e-05,7.757156e-05,-3.749477941952105e-05
physics_guided_NN,50,1750,2,202,11.35580565790681,11.259617,0.09618880610016944,45.42322263162724,44.85488,0.5683413450061465,102.20225092116132,100.482155,1.7200960749699163,181.69289052650896,180.00891,1.683979393696461,0.0005892622234714,-0.00022116453,0.0008104267567577555,0.0003103831629464,4.330145e-05,0.0002670817127413645
physics_guided_NN,50,1750,2,203,6.099337131658988,6.1250916,-0.025754421075387057,24.39734852663595,24.346796,0.05055249086935021,54.894034184930895,56.134163,-1.2401287179011362,97.5893941065438,98.44576,-0.8563685277335367,0.0008351021352413,0.0011633126,-0.0003282104479891358,0.0004688958253512,0.0006730804,-0.00020418456170839914
physics_guided_NN,50,1750,2,204,3.654229721327012,3.888749,-0.23451916287403796,14.61691888530805,14.154056,0.46286328991009995,32.88806749194311,33.107777,-0.2197091499025916,58.4676755412322,60.968502,-2.5008265034455377,0.051691310956815,0.049533777,0.002157534017899747,0.026566094994101,0.022296205,0.004269889831098987
physics_guided_NN,50,1750,2,205,7.525671855633088,7.902759,-0.377087219531707,30.10268742253235,31.292238,-1.189550812941281,67.73104670069779,70.40761,-2.6765613315287737,120.4107496901294,125.687645,-5.276895268366687,0.0004529241974654,0.00082808395,-0.000375159756354769,0.0001743365785258,0.0003626408,-0.00018830422119590293
physics_guided_NN,50,1750,2,206,8.631411966777332,8.623816,0.007596430278308475,34.52564786710933,34.220192,0.3054559115429214,77.68270770099598,77.34866,0.33404437091785155,138.1025914684373,136.43172,1.670874549491998,0.0001689727022992,0.00013616904,3.280366486679018e-05,6.25208944075939e-05,-7.301888e-05,0.00013553977112688243
physics_guided_NN,50,1750,2,207,5.043821261829542,5.1235495,-0.07972819953520371,20.17528504731817,20.171352,0.003932660843560143,45.39439135646588,44.834076,0.5603154287315064,80.70114018927268,80.781586,-0.08044550408669693,0.0009724139404781,0.0017539425,-0.0007815285184122785,0.0004515290792255,0.0006675062,-0.00021597710939438185
physics_guided_NN,50,1750,2,208,23.292217264160296,23.506756,-0.21453856469712562,93.1688690566412,94.11488,-0.9460143662103633,209.62995537744268,210.61374,-0.983783636229191,372.6754762265648,376.2197,-3.544219818357078,2.659360101201349e-05,-0.00058784115,0.0006144347476375919,1.5124534713654686e-05,-0.000177266,0.0001923905381612395
physics_guided_NN,50,1750,2,209,5.350518837492076,5.4962316,-0.1457127184466449,21.402075349968303,21.882101,-0.48002570899165775,48.15466953742869,49.153008,-0.9983379698955304,85.60830139987321,87.579765,-1.971463919951006,0.0025677197588472,0.0026844814,-0.00011676168312743998,0.0015007865704566,0.0014443774,5.640921611038425e-05
physics_guided_NN,50,1750,2,210,6.07800615537599,6.0905275,-0.012521379108873631,24.31202462150396,23.99541,0.3166137023145055,54.70205539838391,53.52363,1.178427163520631,97.24809848601583,96.6186,0.6294995480275531,0.0017510013597737,0.001430632,0.0003203693953062342,0.0009906774567312,0.0010704884,-7.981090397924198e-05
physics_guided_NN,50,1750,2,211,28.743999303092217,28.46197,0.2820299274818652,114.97599721236888,113.62386,1.3521339921540374,258.69599372783,254.60103,4.094965285447188,459.90398884947547,455.02988,4.874112140491093,2.374378387206449e-05,-0.00035669105,0.00038043482932583644,7.698980896502559e-06,-0.00011118308,0.00011888205973967147
physics_guided_NN,50,1750,2,212,26.146974126092235,26.098333,0.04864076732758704,104.58789650436894,104.51705,0.07084480759159817,235.3227671348301,235.02504,0.29772746197852484,418.35158601747577,417.75626,0.5953299139601427,8.424729520175523e-05,-0.00073492306,0.000819170353391207,2.614202680166244e-05,-0.00042889538,0.0004550374055198151
physics_guided_NN,50,1750,2,213,4.530610226306957,4.474877,0.05573334566120547,18.12244090522783,17.93832,0.1841207453157203,40.77549203676262,40.45724,0.31825097841301186,72.48976362091132,71.692375,0.79738843780585,0.0049127912106859,0.005914086,-0.0010012947996211738,0.0025183498720954,0.003048988,-0.0005306381870676937
physics_guided_NN,50,1750,2,214,5.242396247518047,5.316333,-0.0739365695595895,20.96958499007219,21.78286,-0.8132748121739048,47.18156622766243,48.9587,-1.7771320450426487,83.87833996028876,87.10428,-3.2259386041643694,0.0698451016483708,0.056735758,0.013109343910018972,0.0398113174750342,0.030727645,0.00908367209274908
physics_guided_NN,50,1750,2,215,10.814507831856025,10.7656975,0.04881035260797795,43.2580313274241,43.19303,0.06500001638894304,97.33057048670422,97.16612,0.16444805018078057,173.0321253096964,171.33936,1.6927698409463972,0.0005311337135578,0.0006141466,-8.301287201843623e-05,0.0001835374468323,0.00024755494,-6.401749403773171e-05
physics_guided_NN,50,1750,2,216,2.154736485165542,2.4146802,-0.25994375737291,8.618945940662169,9.764939,-1.1459933675043352,19.39262836648988,21.944689,-2.55206043050719,34.475783762648675,38.796307,-4.320522847458747,0.021262256864581,0.017804727,0.0034575299063061594,0.009969927364687,0.00846177,0.0015081576944389677
physics_guided_NN,50,1750,2,217,12.237226870029446,12.045458,0.19176903006362522,48.94890748011778,48.200493,0.7484146212310634,110.13504183026502,108.39357,1.7414718839759615,195.7956299204712,192.94618,2.8494476694946513,0.0002909343505048,-0.00035921027,0.0006501446235229068,0.0001496760149094,6.331813e-05,8.635788143879767e-05
physics_guided_NN,50,1750,2,218,19.78464324541212,20.085457,-0.3008136027324113,79.13857298164847,80.19444,-1.055869767374972,178.06178920870903,180.42921,-2.367425268830033,316.55429192659386,320.90894,-4.354643620281138,1.275368573239916e-05,-0.00050067215,0.0005134258333416926,4.492689823982283e-06,-0.0003783432,0.00038283587919200673
physics_guided_NN,50,1750,2,219,13.309044120368792,13.324381,-0.0153367542649967,53.23617648147517,53.227993,0.008183470000560078,119.78139708331916,120.51557,-0.734174510919118,212.94470592590068,213.49535,-0.5506401434352597,4.830784369470663e-05,0.0002844859,-0.00023617805358743183,2.6325065316621536e-05,0.00020482515,-0.00017850008278620584
physics_guided_NN,50,1750,2,220,11.307875009931962,11.264742,0.04313311234895423,45.23150003972785,45.030758,0.2007421356751138,101.77087508938769,101.61632,0.15455734036424928,180.9260001589114,179.62315,1.3028464723879551,0.0007136289475482,0.0007685231,-5.489413365758532e-05,0.0003676631191477,0.00044481814,-7.715502342099255e-05
physics_guided_NN,50,1750,2,221,9.478256013457584,9.58553,-0.10727426760931102,37.913024053830334,38.403633,-0.4906090638454472,85.30430412111826,85.956375,-0.6520710009520485,151.65209621532134,152.90167,-1.249576147959914,0.0012844141265474,0.0005129286,0.0007714855410255231,0.0005032768036723,9.735099e-05,0.00040592581501881157
physics_guided_NN,50,1750,2,222,13.894999628761749,13.843881,0.05111897538040111,55.579998515047,55.251423,0.32857563296692405,125.05499665885574,124.90808,0.14691560416824245,222.319994060188,220.5191,1.8008900562817587,0.0012969932116305,0.00089470844,0.0004022847691287762,0.0004428263265568,0.00028949496,0.0001533313690147531
physics_guided_NN,50,1750,2,223,14.447331930863438,14.57798,-0.13064811064046822,57.78932772345375,58.322357,-0.5330294542806229,130.02598737777095,130.62321,-0.5972273439087417,231.157310893815,233.40054,-2.2432323190756165,0.0021759700251027,0.0015746582,0.0006013118184386742,0.0009541786954678,0.0009507563,3.4223873108029995e-06
physics_guided_NN,50,1750,2,224,8.981182992244404,9.2211275,-0.23994451782639636,35.92473196897762,36.687164,-0.7624323376630073,80.83064693019965,82.53582,-1.7051730771245701,143.69892787591047,146.98454,-3.285614970769217,0.0011296896718485,0.0015283845,-0.0003986948413731812,0.0006860938387613,0.00092232,-0.00023622616439431888
physics_guided_NN,50,1750,2,225,7.7161672104415935,7.64829,0.06787705312347825,30.86466884176637,30.670786,0.19388293783570631,69.44550489397436,68.34388,1.1016251942673279,123.4586753670655,122.96898,0.4896964852295582,0.0013026966684824,0.000677253,0.0006254436652502189,0.0004599777536131,0.00022835385,0.00023162390481583085
physics_guided_NN,50,1750,2,226,4.095482743334061,4.063019,0.032463944505935594,16.381930973336242,16.52402,-0.14208826799676544,36.85934469000655,37.391457,-0.5321119139973547,65.52772389334497,65.71535,-0.187623396694093,0.0056955867479256,0.006861606,-0.0011660193992146647,0.0033825872859603,0.0036835636,-0.00030097626869918584
physics_guided_NN,50,1750,2,227,10.231510924923084,10.006516,0.2249944683190801,40.926043699692336,39.668266,1.2577774033056173,92.0835983243078,89.21495,2.868647762784363,163.70417479876934,159.07835,4.625820916933407,0.0031694054962731,0.0037236786,-0.000554273148473442,0.0016588547677655,0.0019405996,-0.0002817448749284964
physics_guided_NN,50,1750,2,228,3.184881272352736,3.1583345,0.026546778715651254,12.73952508941094,12.808911,-0.06938623413642375,28.663931451174616,28.446405,0.21752604040801415,50.958100357643765,50.320652,0.6374483495871246,0.0008603869216376,0.003027035,-0.0021666480017966576,0.00043526885331,0.0018158829,-0.0013806140073729046
physics_guided_NN,50,1750,2,229,3.8755034178268417,3.9970458,-0.12154233755951083,15.502013671307369,15.554797,-0.052783501239018094,34.879530760441575,35.587738,-0.7082072766677996,62.00805468522947,62.20312,-0.19506650007326698,0.0376220106117254,0.03633599,0.001286020778847284,0.0197032850933418,0.019996505,-0.0002932201373234064
physics_guided_NN,50,1750,2,230,13.096187721050416,13.219214,-0.12302671834167356,52.38475088420167,53.012882,-0.6281313484643434,117.86568948945376,118.598045,-0.7323558596673365,209.53900353680663,210.9592,-1.4201944612402428,0.0003686013558441,0.0003195013,4.9100058062856065e-05,0.0001383982818233,6.216283e-05,7.623545400650816e-05
physics_guided_NN,50,1750,2,231,15.49589578357424,15.577012,-0.08111627849851466,61.98358313429696,62.783493,-0.7999099076952305,139.46306205216817,140.69443,-1.2313654380662058,247.93433253718783,249.47241,-1.538079572187172,0.0001286864347713,-0.0001268807,0.00025556713023259554,5.178375834028999e-05,-6.9264715e-05,0.00012104847376130353
physics_guided_NN,50,1750,2,232,14.21872832320477,14.278115,-0.059386949317202564,56.87491329281908,56.906822,-0.03190891177076338,127.96855490884292,128.25797,-0.2894101790477066,227.49965317127632,227.37729,0.12236435291694647,0.0007436961941599,0.0005220695,0.0002216266775681723,0.0002563180051828,0.00014551713,0.00011080087561534822
physics_guided_NN,50,1750,2,233,6.365380475719864,6.646011,-0.28063039998203987,25.461521902879458,26.30125,-0.8397285548842142,57.288424281478775,59.718887,-2.430463047622787,101.84608761151785,106.71597,-4.86988528887278,0.0024841150245227,0.0024414659,4.2649169877924734e-05,0.000903770183122,0.0010311849,-0.00012741473512516328
physics_guided_NN,50,1750,2,234,8.901793449846561,9.079719,-0.17792513993615344,35.607173799386246,36.380917,-0.7737427960727388,80.11614104861906,80.77683,-0.6606915319473501,142.42869519754498,144.47375,-2.0450596852675176,0.00046763572442,-0.00038314852,0.0008507842472347358,0.0001891601681181,-2.4785913e-05,0.00021394608152869654
physics_guided_NN,50,1750,2,235,3.0916709686905595,3.1447484,-0.05307748063500206,12.366683874762238,12.502784,-0.136099900567352,27.82503871821504,28.586092,-0.7610532770242173,49.46673549904895,49.911648,-0.444912297581908,0.0159311102514571,0.015979594,-4.8483368247146524e-05,0.0078598300226219,0.008136292,-0.000276461965572088
physics_guided_NN,50,1750,2,236,2.2236122759748773,2.438557,-0.2149446335862799,8.89444910389951,9.1648035,-0.2703544010443384,20.01251048377389,21.286684,-1.2741735524809918,35.57779641559804,36.85626,-1.2784619767359473,0.0235524198564675,0.019740487,0.003811933338918938,0.011216628490543,0.009910368,0.0013062601299639858
physics_guided_NN,50,1750,2,237,8.44635258790726,8.860748,-0.41439570310836515,33.78541035162904,35.20499,-1.4195800353338512,76.01717329116535,79.40161,-3.3844380369596507,135.14164140651616,141.96039,-6.8187467770775925,0.0004594601478973,0.00077142415,-0.0003119640031284125,0.0001758827418416,0.000260515,-8.463225114613705e-05
physics_guided_NN,50,1750,2,238,5.162931939493839,5.0855556,0.07737638605755937,20.651727757975355,20.407644,0.2440834861247687,46.46638745544455,45.842907,0.6234805035402502,82.60691103190142,81.36436,1.2425540372725123,0.0005143995454245,0.00030621784,0.0002081817015249966,0.0002841226847598,0.0003058441,-2.1721407748977965e-05
physics_guided_NN,50,1750,2,239,3.860819877299951,3.7525156,0.10830432287185054,15.443279509199805,15.152295,0.29098439658994124,34.74737889569956,34.67313,0.07424886029917133,61.77311803679921,61.012775,0.7603426156566329,0.0091644046176434,0.008655124,0.0005092802737117243,0.0048632619555952,0.0048242062,3.905572257060282e-05
physics_guided_NN,50,1750,2,240,25.906732600360822,25.478432,0.428300898700666,103.6269304014433,101.405045,2.2218858457792408,233.16059340324745,227.13982,6.020777119067759,414.5077216057732,407.1159,7.391815844054463,1.841717626413301e-05,-0.00051888137,0.0005372985428523083,5.6238899918926426e-06,-4.5605164e-05,5.12290538967309e-05
physics_guided_NN,50,1750,2,241,3.311690133209241,3.4637911,-0.1521009987640256,13.246760532836966,13.275142,-0.028381183166452217,29.80521119888318,31.70247,-1.897259580535767,52.98704213134786,52.607967,0.37907475463887863,0.0439182921568043,0.036292568,0.007625724307645063,0.025475870964637,0.020065738,0.0054101330764200276
physics_guided_NN,50,1750,2,242,1.7554429941860044,1.8319271,-0.07648406689492826,7.021771976744017,7.2577944,-0.23602240344397085,15.798986947674042,16.647875,-0.8488878844792787,28.08708790697607,29.875294,-1.7882058247133834,0.0134955252942232,0.013221564,0.0002739615228561261,0.0063758596227622,0.006183499,0.00019236061807036044
physics_guided_NN,50,1750,2,243,4.334239396506373,4.540846,-0.2066064744653069,17.33695758602549,17.976587,-0.6396297095067354,39.00815456855736,40.609264,-1.6011098052219381,69.34783034410196,72.21373,-2.8658995142964727,0.0046504906813592,0.004712495,-6.200434016284499e-05,0.0024048445911112,0.002433362,-2.851736015055872e-05
physics_guided_NN,50,1750,2,244,2.831194021659799,2.972957,-0.14176287416844824,11.324776086639195,11.789659,-0.4648824598085586,25.48074619493819,25.166376,0.31437008104659014,45.29910434655678,47.33209,-2.032984123902203,0.0016579272123121,0.0016334,2.452723123806482e-05,0.0007943360217938,0.0005523477,0.0002419883351864094
physics_guided_NN,50,1750,2,245,4.158860795694611,4.3275228,-0.16866195897457814,16.635443182778445,17.38784,-0.7523970882176485,37.42974716125151,38.86448,-1.4347319036898938,66.54177273111378,68.77026,-2.228490940761219,0.0013990833619159,0.0017466223,-0.0003475389015380008,0.0006251215055102,0.00071771076,-9.258925630883485e-05
physics_guided_NN,50,1750,2,246,4.81036473360478,4.9440293,-0.13366459760249505,19.24145893441912,19.708477,-0.4670180858445505,43.29328260244303,43.534172,-0.24088945566244035,76.96583573767649,79.23342,-2.2675855880071083,0.0015661768503117,0.0014266929,0.00013948391467357032,0.0007907790158013,0.0008256585,-3.4879482996265734e-05
physics_guided_NN,50,1750,2,247,2.2574082006840026,2.4796765,-0.2222682843776429,9.02963280273601,10.074342,-1.044708971250806,20.316673806156025,22.671968,-2.3552946539269826,36.11853121094404,39.694782,-3.5762510461360364,0.0055781559777944,0.003930901,0.0016472548005669026,0.0031235568110924,0.0020139674,0.0011095894386153452
physics_guided_NN,50,1750,2,248,7.846664457009283,7.902703,-0.056038351370843564,31.386657828037134,31.611221,-0.22456348543942894,70.61998011308356,71.21796,-0.5979764298851933,125.54663131214852,125.38137,0.16526076771492626,0.0090756905137689,0.013618755,-0.004543064640542757,0.0046720260466103,0.0072620017,-0.002589975698792513
physics_guided_NN,50,1750,2,249,28.380762567846283,28.817684,-0.43692160573770167,113.52305027138512,114.7698,-1.2467480074234771,255.42686311061647,257.79636,-2.369493090555409,454.0922010855405,461.4086,-7.316398767975102,4.805989300067394e-06,-0.00060771185,0.0006125178343776417,1.5777557169770771e-06,0.0002629788,-0.00026140105114190525
physics_guided_NN,50,1750,2,250,6.825494010946028,7.03318,-0.20768622587037822,27.301976043784112,28.35874,-1.0567638091211613,61.429446098514255,63.258167,-1.8287211683314482,109.20790417513643,111.937386,-2.729481383945597,0.0002377529422988,0.00035370738,-0.00011595443666420852,9.985320277419948e-05,0.00012556843,-2.5715230075632395e-05
physics_guided_NN,50,1750,2,251,3.952458295443556,4.1627154,-0.2102571395845203,15.809833181774223,16.622171,-0.8123382202033156,35.57212465899201,36.67962,-1.1074941764572088,63.2393327270969,66.84373,-3.6043943847195052,0.0012538005827487,0.00082184223,0.00043195835282360396,0.0005612408893033,0.00031378804,0.00024745284806369566
physics_guided_NN,50,1750,2,252,9.792727195423833,10.307145,-0.514417923289546,39.17090878169533,41.110924,-1.9400149853945123,88.13454475881449,93.48265,-5.3481059980214525,156.6836351267813,164.10907,-7.425434697437453,0.0001710836195905,0.0003500659,-0.00017898228810576201,9.995541500483102e-05,0.00019948867,-9.953325474544965e-05
physics_guided_NN,50,1750,2,253,3.4345803368084304,3.5849311,-0.15035079836918186,13.738321347233722,14.534053,-0.7957315015821962,30.91122303127588,32.064827,-1.1536039340561501,54.95328538893489,57.09866,-2.1453741264459723,0.0026611976873825,0.002362582,0.00029861578613023026,0.0010771851087734,0.0010587842,1.840091168879435e-05
physics_guided_NN,50,1750,2,254,4.052307745554791,4.074301,-0.02199302043641982,16.209230982219164,15.704019,0.5052123893846918,36.47076970999312,36.39374,0.07702810232710533,64.83692392887666,62.538357,2.2985671478707985,0.0093625321958848,0.01047037,-0.0011078376348427777,0.0038074841465917,0.0041326373,-0.0003251531418296924
physics_guided_NN,50,1750,2,255,3.027187167030083,3.2227294,-0.195542277473701,12.108748668120333,12.780543,-0.6717946592112103,27.24468450327075,29.712145,-2.4674603484138196,48.43499467248133,51.355198,-2.92020323401281,0.0055681303165251,0.006424413,-0.0008562827461069842,0.0025755250879823,0.0023635821,0.00021194294628489345
physics_guided_NN,50,1750,2,256,3.980147406033314,4.0845304,-0.1043829475128284,15.92058962413326,16.36701,-0.44642049244388815,35.82132665429983,36.667442,-0.8461156674775125,63.68235849653304,65.45809,-1.7757332393068026,0.0057564682460349,0.0062439237,-0.000487455432959279,0.0031730371800023,0.003300642,-0.00012760471620086025
physics_guided_NN,50,1750,2,257,16.73289790026411,16.689056,0.043841503779734836,66.93159160105644,67.5234,-0.5918077519709044,150.59608110237698,150.80124,-0.20515791129489003,267.72636640422576,267.9349,-0.20853960163361762,0.0002332219427874,-0.00075869786,0.0009919198036616357,9.261965698601845e-05,7.3350806e-05,1.926885108037087e-05
physics_guided_NN,50,1750,2,258,5.36858180945762,5.503543,-0.13496109062782935,21.47432723783048,21.881023,-0.4066961691519424,48.317236285118575,49.847744,-1.530507702918534,85.89730895132192,87.39303,-1.4957193079554258,0.0004469846464748,0.00048029926,-3.331461608796667e-05,0.0002364886319732,0.0003271821,-9.06934577038805e-05
physics_guided_NN,50,1750,2,259,9.44935743069088,9.708669,-0.2593112781103901,37.79742972276352,38.41889,-0.6214621839747636,85.0442168762179,86.542854,-1.498637432864129,151.18971889105407,154.48076,-3.291039775938117,0.0013726151480967,0.0017120632,-0.0003394480629196569,0.000520055893374,0.0005585268,-3.847088568532074e-05
physics_guided_NN,50,1750,2,260,36.69037991599079,37.12903,-0.4386484043217109,146.76151966396316,148.45059,-1.6890723770524687,330.21341924391714,332.31583,-2.1024071720984807,587.0460786558526,593.0398,-5.993716266022375,8.439579992652557e-06,-0.00094542897,0.0009538685483998663,2.556230061778608e-06,-0.0002210824,0.00022363863233858513
physics_guided_NN,50,1750,2,261,8.777435505594772,8.733831,0.04360409995512349,35.10974202237909,34.917896,0.19184575162713458,78.99691955035294,78.26668,0.7302416939076295,140.43896808951635,139.9183,0.5206636461569758,0.0006362908549372,0.00042131255,0.00021497830462156658,0.0003463602748743,0.00036175558,-1.5395302740230912e-05
physics_guided_NN,50,1750,2,262,6.689441324651211,6.929804,-0.24036252361539034,26.757765298604845,27.591923,-0.8341574614049208,60.2049719218609,63.933857,-3.7288850422504254,107.03106119441938,110.761856,-3.730794884682183,0.0011259458063312,0.001802843,-0.000676897141323226,0.0004455371934598,0.0005561682,-0.00011063101117930697
physics_guided_NN,50,1750,2,263,13.137181551136976,12.930735,0.206446916737562,52.548726204547904,51.686153,0.8625727926826698,118.2346339602328,117.52448,0.7101512331820174,210.1949048181916,206.73116,3.463749422683776,0.0003282486929789,0.00080371124,-0.0004754625490635819,0.0001391048912676,2.6093869e-05,0.00011301102261244739
physics_guided_NN,50,1750,2,264,30.61536480815044,31.070263,-0.4548981007851083,122.46145923260175,124.21398,-1.7525223958162144,275.5382832733539,279.45947,-3.9211893828961024,489.845836930407,495.4743,-5.6284672688117325,3.097522702963724e-06,-0.00040573682,0.0004088343432424233,2.0917751936444143e-06,-0.00028649197,0.00028858374130150464
physics_guided_NN,50,1750,2,265,2.90160137349155,2.903764,-0.002162635984158001,11.6064054939662,11.274886,0.33151936267957893,26.114412361423955,26.166124,-0.051711982448114924,46.4256219758648,45.224033,1.2015886201519095,0.0643182230866209,0.066271104,-0.0019528808319315,0.0322949355780003,0.033343602,-0.001048666393864403
physics_guided_NN,50,1750,2,266,8.297198007439883,8.282379,0.014818857049258227,33.18879202975953,33.017757,0.17103461398804853,74.67478206695897,73.67245,1.0023348623691248,132.75516811903813,131.37904,1.3761245399365691,0.0024584463830797,0.0027489415,-0.0002904951539130884,0.0012379774599722,0.0016171868,-0.00037920935923099796
physics_guided_NN,50,1750,2,267,8.70126624102165,8.360711,0.3405551433043641,34.8050649640866,33.44477,1.3602941510983158,78.31139616919484,74.95548,3.35591368628468,139.2202598563464,133.90866,5.311598967674513,0.0019369601165026,0.0012385262,0.0006984339221462181,0.0009498812070567,0.00067941594,0.0002704652653526354
physics_guided_NN,50,1750,2,268,4.792720021340485,5.0759764,-0.2832563504246517,19.17088008536194,20.241537,-1.0706570087542708,43.134480192064366,44.878883,-1.7444031697520401,76.68352034144776,81.48496,-4.801442121931146,0.0012232172921167,0.0007072579,0.0005159594038368447,0.0004758705536272,0.00058983365,-0.0001139630994391073
physics_guided_NN,50,1750,2,269,2.702378198376767,3.0337484,-0.3313701899136383,10.809512793507068,11.73832,-0.9288075571399048,24.321403785390903,26.273539,-1.9521348040866364,43.23805117402827,48.32716,-5.0891087075635255,0.0020694942609407,0.0024136775,-0.00034418325638398617,0.0009212032511435,0.0006544365,0.00026676677787448443
physics_guided_NN,50,1750,2,270,9.319334939519518,9.543356,-0.2240210022529432,37.27733975807807,38.172947,-0.8956071718535696,83.87401445567566,84.96279,-1.0887769871954305,149.10935903231228,152.74683,-3.637467139562716,0.0009879169614187,0.0010118725,-2.3955586259949424e-05,0.0003680971261737,0.00049666484,-0.00012856771502000577
physics_guided_NN,50,1750,2,271,4.881242485620905,5.3320174,-0.45077493610150743,19.52496994248362,21.27685,-1.7518798042204828,43.93118237058814,48.07889,-4.147709383562251,78.09987976993447,84.436905,-6.337025137292088,0.0128269563999773,0.012608995,0.0002179616701603864,0.0059999465093674,0.0060579977,-5.805119045955605e-05
physics_guided_NN,50,1750,2,272,14.292671947859512,14.254376,0.038295536421523835,57.17068779143805,57.046417,0.12427055510992346,128.6340475307356,128.12714,0.506911300266836,228.6827511657522,228.48152,0.20122955930688136,0.0019166611088369,0.0022810218,-0.00036436068360470647,0.0007635987457393,0.0012780462,-0.0005144474235789587
physics_guided_NN,50,1750,2,273,7.045485155741367,6.860212,0.1852733065287202,28.181940622965467,27.62724,0.5547013956705449,63.40936640167231,61.792797,1.6165693130492613,112.72776249186188,109.67014,3.057619364420475,0.0069333251484901,0.008651683,-0.0017183579585283706,0.0034854932360715,0.0044254577,-0.0009399644426637561
physics_guided_NN,50,1750,2,274,4.407115703618412,4.311282,0.09583354572046243,17.628462814473647,17.366194,0.2622690431113419,39.6640413325657,39.29525,0.36879139360085844,70.51385125789459,69.23362,1.2802315679531802,0.0077605530017186,0.006160052,0.00160050097416528,0.0045699095600456,0.0031871123,0.0013827972826719282
physics_guided_NN,50,1750,2,275,37.214319500872,37.320095,-0.10577556138385802,148.85727800348798,148.35205,0.505227222237977,334.928875507848,335.8635,-0.9346193651988983,595.4291120139519,593.0946,2.334507521764408,4.551579734047782e-05,-0.0009893483,0.0010348640757214082,1.4270137376649677e-05,-0.00075873773,0.000773007870498611
physics_guided_NN,50,1750,2,276,13.273485211988923,12.938769,0.33471587147378656,53.0939408479557,52.137573,0.9563676057682002,119.46136690790031,116.999214,2.462152735537032,212.3757633918228,207.78595,4.589813684791551,0.0034976892428968,0.005149883,-0.0016521939752128078,0.0019835584359255,0.0027341738,-0.0007506153518322544
physics_guided_NN,50,1750,2,277,3.74602773446589,3.809233,-0.06320521574468119,14.98411093786356,14.762427,0.22168360784647057,33.714249610193015,34.70964,-0.9953908927366726,59.93644375145424,61.724186,-1.787742192149274,0.0091952397875411,0.010599866,-0.0014046257905738872,0.0046842532596189,0.0046805292,3.7240228253822977e-06
physics_guided_NN,50,1750,2,278,12.70223693371022,12.812227,-0.10999031543528837,50.808947734840885,50.69588,0.11306684494830677,114.320132403392,114.911705,-0.5915726136978492,203.2357909393636,204.3713,-1.1355164336832786,0.001679330857394,0.0020904285,-0.00041109763279769816,0.0006904056772013,0.0006562658,3.413985356509597e-05
physics_guided_NN,50,1750,2,279,2.353569305420612,2.4009793,-0.0474099750511896,9.414277221682443,9.584004,-0.16972718047820123,21.182123748785504,22.902884,-1.7207597808775823,37.65710888672978,40.094227,-2.437117950428423,0.0336812896818581,0.041666806,-0.007985516062313042,0.0198131262093373,0.023566125,-0.0037529987514428424
physics_guided_NN,50,1750,2,280,15.950585933670816,16.137186,-0.1866001167442235,63.80234373468327,64.62301,-0.8206649933440744,143.55527340303735,144.50322,-0.9479462014548403,255.20937493873308,257.90118,-2.6918091432981726,0.0006476521125168,0.00012893732,0.0005187147948762794,0.0002960091752008,2.5966976e-05,0.00027004219924643875
physics_guided_NN,50,1750,2,281,16.470581763807967,16.44174,0.028841727797225047,65.88232705523187,66.10751,-0.22518637250250606,148.23523587427172,147.75082,0.4844118996623479,263.5293082209275,262.9389,0.5904044123337258,0.0002146165988067,-0.0003297814,0.0005443980097895323,0.0001189184716223,-6.922211e-05,0.00018814057903552488
physics_guided_NN,50,1750,2,282,16.345825809393947,16.40547,-0.05964408501523266,65.38330323757579,66.0971,-0.7137960666234306,147.11243228454552,147.23315,-0.12072201232948032,261.53321295030315,263.04263,-1.5094201063374726,0.0001094458387728,9.240019e-06,0.00010020582007418032,3.5893563928417205e-05,3.0748386e-05,5.145177875980078e-06
physics_guided_NN,50,1750,2,283,3.28954259845544,3.590059,-0.3005164435214889,13.15817039382176,13.894036,-0.7358658992080258,29.605883386098963,32.4706,-2.864716742074865,52.63268157528704,56.343777,-3.711095127593822,0.0320310694199761,0.042526323,-0.01049525392830767,0.0173829911004699,0.023144541,-0.005761550207813906
physics_guided_NN,50,1750,2,284,7.2984879994898435,7.374255,-0.07576718086904322,29.19395199795937,29.273172,-0.0792203805806686,65.6863919954086,66.92129,-1.2348955412124951,116.7758079918375,118.48067,-1.7048591224203165,0.0008456361622578,0.0018078344,-0.0009621982087352778,0.0004792154817527,0.0011002639,-0.0006210484258214172
physics_guided_NN,50,1750,2,285,9.511313477953488,9.314718,0.19659523149352687,38.04525391181395,37.12082,0.9244348200170762,85.6018213015814,84.14394,1.4578775149603018,152.1810156472558,148.28906,3.891953147255805,0.0086822494139865,0.010995406,-0.0023131563121482762,0.0048897124716222,0.0056634652,-0.0007737527712106994
physics_guided_NN,50,1750,2,286,2.44650227695198,2.5437305,-0.0972282204082493,9.78600910780792,10.138192,-0.3521830690109269,22.018520492567824,23.462969,-1.4444483337261218,39.14403643123168,39.986958,-0.842921118817145,0.0590871401965537,0.06476748,-0.00568033969999171,0.0294644072985578,0.034941923,-0.005477515574700789
physics_guided_NN,50,1750,2,287,3.1564528777367995,3.2127798,-0.05632688262391827,12.625811510947198,12.872298,-0.2464867297144231,28.4080758996312,29.0801,-0.672023206203761,50.50324604378879,50.77061,-0.26736476553737987,0.0051615459508528,0.0047779945,0.00038355147831933573,0.0021126505918158,0.0019146268,0.000198023789498002
physics_guided_NN,50,1750,2,288,5.872865552500903,5.874233,-0.0013672165115483637,23.49146221000361,23.476913,0.014548757855173733,52.85578997250813,51.943813,0.9119766485335177,93.96584884001444,93.21858,0.7472666866941324,0.0020969147092439,0.001967825,0.00012908971372616908,0.0011344728085061,0.0010947149,3.9757953662185536e-05
physics_guided_NN,50,1750,2,289,6.899066805394647,6.7397604,0.15930640652990125,27.59626722157859,27.294567,0.3017001134242925,62.09160124855183,60.644886,1.4467152317061291,110.38506888631436,108.12459,2.260480873619045,0.0057944792830336,0.0064840307,-0.0006895514628899192,0.0027517948385201,0.0032253987,-0.0004736038770653704
physics_guided_NN,50,1750,2,290,3.057340019729543,3.2276976,-0.1703575911255597,12.229360078918171,12.58817,-0.3588099726565357,27.516060177565887,28.690058,-1.1739975769507147,48.917440315672685,50.52519,-1.6077481303722365,0.0098294118997986,0.010223442,-0.00039402985746315317,0.0047039950770803,0.004478462,0.00022553303665595343
physics_guided_NN,50,1750,2,291,3.746862926135832,3.9762132,-0.22935029064578405,14.987451704543329,15.0307665,-0.043314782578253386,33.72176633522249,33.59144,0.1303280417654591,59.94980681817332,61.28513,-1.335322728945819,0.0321559775290597,0.033551846,-0.0013958681704890202,0.0174537840527734,0.016261904,0.001191880483671113
physics_guided_NN,50,1750,2,292,8.343765300853464,8.383769,-0.04000373448589123,33.37506120341386,33.466362,-0.09130079609786179,75.09388770768119,75.00234,0.09154548356009684,133.50024481365543,133.71512,-0.21487359454769717,0.0023396229938415,0.0020460342,0.0002935887881365725,0.0011108897732691,0.0010676695,4.322029316137523e-05
physics_guided_NN,50,1750,2,293,6.912158087400874,7.085588,-0.1734298909621632,27.648632349603496,28.208765,-0.560132680303731,62.20942278660787,62.79478,-0.585357944593305,110.59452939841398,112.706406,-2.111876241234455,0.0017664513295426,0.0011597568,0.0006066945359020461,0.0010284829600375,0.0007333705,0.0002951124747875933
physics_guided_NN,50,1750,2,294,4.809114876478157,4.9891295,-0.18001466682628653,19.236459505912627,19.886442,-0.6499826785356149,43.28203388830342,44.621292,-1.3392582259543957,76.94583802365051,80.031334,-3.0854958996893345,0.0042279139598742,0.0040752217,0.0001526922425165644,0.0022359855189291,0.0020273502,0.00020863527388546464
physics_guided_NN,50,1750,2,295,13.659789750679543,13.691227,-0.03143720854897225,54.63915900271818,54.94202,-0.302861413541585,122.93810775611594,122.66566,0.27245071265890886,218.55663601087272,220.00137,-1.4447372801429026,0.0001424359458407,-0.00022832314,0.00037075909009683734,4.659443460052538e-05,-0.00013717862,0.00018377305480764885
physics_guided_NN,50,1750,2,296,2.1332323455195263,2.4530222,-0.3197898960728809,8.532929382078105,9.358529,-0.8255997088032423,19.19909110967573,20.37366,-1.174568024235402,34.13171752831242,36.625034,-2.493316803962969,0.0098364897009382,0.013814311,-0.0039778208423009165,0.0044436721080761,0.0063283243,-0.001884652213581319
physics_guided_NN,50,1750,2,297,3.3799221720017094,3.384649,-0.004726866313109923,13.519688688006838,13.454577,0.06511124202295093,30.41929954801539,31.244192,-0.8248925753976977,54.07875475202735,55.098537,-1.0197826930410088,0.0082954048157966,0.008652068,-0.00035666292744518727,0.0037508425372899,0.003937922,-0.00018707941516633592
physics_guided_NN,50,1750,2,298,5.026545090163434,5.281835,-0.2552899890296816,20.10618036065373,20.530888,-0.4247072431060346,45.2389058114709,45.998604,-0.7596980093298811,80.42472144261494,84.012535,-3.5878136525999054,0.001243399244433,0.0015534003,-0.00031000105880414023,0.000624505923883,0.0006924556,-6.794969801889961e-05
physics_guided_NN,50,1750,2,299,1.8195624528940275,1.855799,-0.03623650683802815,7.278249811576109,7.0617,0.21654994432757402,16.37606207604625,12.244234,4.131827990963242,29.11299924630444,24.150074,4.962925241177487,0.2723226777781321,0.22038354,0.05193913798225658,0.1255070194837914,0.10768834,0.01781868191932301
physics_guided_NN,50,1750,2,300,1.6465677845908904,1.5303214,0.11624642495649096,6.5862711383635615,6.976939,-0.390668062991419,14.819110061318012,13.977121,0.8419887081685982,26.34508455345425,25.074375,1.2707094008663589,0.0053661383744736,0.0032150452,0.00215109317195013,0.003018044824529,0.0028023624,0.00021568239182562406
physics_guided_NN,50,1750,2,301,16.74379218263693,16.86967,-0.1258786852829914,66.97516873054772,67.80829,-0.8331198436710281,150.6941296437324,152.03886,-1.344734492009792,267.9006749221909,269.49866,-1.5979823043716124,0.0001430912625076,-0.00028448142,0.0004275726777998481,4.563881016347726e-05,-0.00018196685,0.0002276056643064337
physics_guided_NN,50,1750,2,302,7.957546968299408,8.091658,-0.13411067025039625,31.83018787319764,32.37544,-0.545250816987906,71.61792271469469,72.4419,-0.8239794459498455,127.32075149279054,128.06046,-0.73970382947509,0.0006230565533653,0.00063470274,-1.1646184077849131e-05,0.0003392071044096,0.0004754824,-0.0001362752995895945
physics_guided_NN,50,1750,2,303,6.405124527019185,6.752801,-0.3476764144480997,25.62049810807674,27.06984,-1.4493413694623207,57.646120743172666,60.431854,-2.7857335048742087,102.48199243230697,107.65391,-5.171915343571939,0.004755179215217,0.004749503,5.676228547459201e-06,0.0023638548705741,0.0025110214,-0.00014716657772518866
physics_guided_NN,50,1750,2,304,3.425345728870783,3.5790308,-0.1536850233112239,13.701382915483132,14.392385,-0.6910016136306378,30.828111559837044,31.917345,-1.0892334871600262,54.80553166193253,56.315952,-1.5104206390928638,0.0034986044855366,0.003555501,-5.689662717780998e-05,0.0014357858731673,0.0013494386,8.634730924674244e-05
physics_guided_NN,50,1750,2,305,2.917398062455377,2.8344586,0.0829394729015438,11.669592249821507,11.547828,0.12176452917941738,26.256582562098394,25.692656,0.5639269987439022,46.67836899928603,45.184048,1.4943213003114195,0.0084142428281328,0.0079534445,0.0004607983323356435,0.0047443954097332,0.0047297305,1.4664866984033346e-05
physics_guided_NN,50,1750,2,306,5.754397997767394,6.015116,-0.26071821698480324,23.017591991069576,24.121058,-1.1034655193064005,51.78958197990654,54.186127,-2.3965447290778314,92.0703679642783,97.04453,-4.974164811600602,0.0014149885573399,0.0011763241,0.00023866446641951128,0.0005086532034373,0.00077951286,-0.0002708596587719307
physics_guided_NN,50,1750,2,307,10.072462620194765,10.117577,-0.04511397892632907,40.28985048077905,40.590748,-0.3008973524729015,90.65216358175287,90.37511,0.27705677022943576,161.1594019231162,163.14165,-1.982245415750981,0.0002550996273166,0.00060455117,-0.000349451541773373,8.746424448895865e-05,0.0005023757,-0.0004149114667322893
physics_guided_NN,50,1750,2,308,3.4834861818181566,3.730779,-0.24729275075325452,13.933944727272626,14.767945,-0.83400056233919,31.35137563636341,33.754818,-2.4034423262830735,55.735778909090506,59.537167,-3.8013876863684786,0.002491632809419,0.0024304623,6.117053099330633e-05,0.0010508586143555,0.0009933485,5.751007268595251e-05
physics_guided_NN,50,1750,2,309,7.393707864071475,7.398024,-0.004316218112363046,29.5748314562859,29.557026,0.017805546862071253,66.54337077664327,66.58217,-0.038797802458290676,118.2993258251436,118.64229,-0.342962382864215,0.0015032148082635,0.0011026504,0.00040056438659193073,0.0005255338881616,0.00033654468,0.00018898921264191013
physics_guided_NN,50,1750,2,310,5.040647502336177,5.152627,-0.11197948893579568,20.162590009344708,20.68588,-0.5232906516660343,45.3658275210256,46.679516,-1.313688317597446,80.65036003737883,82.657295,-2.0069351896719496,0.0071872319646521,0.008689599,-0.001502367147024116,0.0036463863795841,0.0044643697,-0.0008179833533024528
physics_guided_NN,50,1750,2,311,4.900127945157423,4.8526936,0.04743438741816508,19.60051178062969,19.785473,-0.1849610892433553,44.101151506416805,43.17974,0.9214106006550864,78.40204712251877,78.28418,0.11786743501876629,0.0134666170299488,0.017280376,-0.0038137585550111833,0.0073882484051204,0.008904607,-0.0015163586300992694
physics_guided_NN,50,1750,2,312,9.575764391639913,9.9238205,-0.34805610396555586,38.30305756655965,39.713074,-1.4100161639090985,86.18187952475922,89.355064,-3.173184867330619,153.2122302662386,158.52043,-5.308201252316081,0.000124076545307,0.000652023,-0.0005279464637175605,4.177622430828251e-05,0.00012327202,-8.149579990319126e-05
physics_guided_NN,50,1750,2,313,27.362856253186045,27.45013,-0.08727420946043907,109.45142501274418,110.362526,-0.911100927197225,246.2657062786745,247.72781,-1.462107442028639,437.8057000509767,439.12643,-1.32073427519515,3.5870094095143644e-05,-0.00047806706,0.0005139371510695398,1.6739638684653904e-05,-0.0004151444,0.00043188403958860903
physics_guided_NN,50,1750,2,314,4.69416689200374,4.754318,-0.060151345300947234,18.77666756801496,19.249609,-0.4729414255153124,42.24750202803367,42.337006,-0.08950358720070284,75.10667027205984,77.2878,-2.1811333778424995,0.0047924994317345,0.004391219,0.0004012804304711201,0.0024654522493191,0.0027480419,-0.00028258963006660975
physics_guided_NN,50,1750,2,315,6.178756250881438,6.1993866,-0.020630345798249294,24.71502500352576,24.666775,0.04825025376990055,55.60880625793294,55.25884,0.3499676043684872,98.860100014103,98.43638,0.42372153509909083,0.0114587731610162,0.011977373,-0.0005185995300190701,0.0051586488457611,0.006405955,-0.0012473063347646796
physics_guided_NN,50,1750,2,316,10.537861182235591,10.796282,-0.2584206323396039,42.151444728942366,43.199768,-1.0483233374638843,94.84075064012032,97.24598,-2.405228668961712,168.60577891576946,172.54916,-3.943384902589912,0.0004307148077118,0.00090636953,-0.00047565472474668416,0.0001462191742387,0.00024584154,-9.962236592468289e-05
physics_guided_NN,50,1750,2,317,12.939376374550164,12.976005,-0.036628225974737916,51.75750549820065,51.962463,-0.2049578807055994,116.45438737095148,117.47268,-1.018291767232114,207.0300219928026,207.75235,-0.7223278607130226,4.9357942611402576e-05,-0.000100957324,0.00015031526693231866,1.6303306754413276e-05,-0.00010389082,0.000120194129838343
physics_guided_NN,50,1750,2,318,2.172886514468425,2.1945112,-0.021624660687214803,8.6915460578737,8.247119,0.44442710798356266,19.555978630215822,18.535944,1.0200346452304707,34.7661842314948,33.40743,1.3587554900397194,0.0189091823516967,0.023942983,-0.005033800426256448,0.0089090327873262,0.012482641,-0.0035736084774700572
physics_guided_NN,50,1750,2,319,8.448452699514577,8.870902,-0.4224493619478249,33.79381079805831,35.288113,-1.4943018423225496,76.0360742956312,78.9727,-2.9366277307359923,135.17524319223324,141.09212,-5.916874117337073,0.0012260455321675,0.00072829507,0.000497750463910943,0.0005903631740103,0.00051481655,7.554662300669486e-05
physics_guided_NN,50,1750,2,320,3.427925651107885,3.489712,-0.061786348785303424,13.711702604431542,13.767562,-0.05585930810507911,30.851330859970968,31.351343,-0.5000122949362584,54.84681041772617,55.44636,-0.5995511240218789,0.024766817102743,0.027091008,-0.00232419057695785,0.0127022602853013,0.015100216,-0.0023979552763866464
physics_guided_NN,50,1750,2,321,29.097526462261825,29.566896,-0.4693699763368073,116.3901058490473,118.19894,-1.8088306133550418,261.87773816035644,265.38724,-3.5094993884716814,465.5604233961892,473.34308,-7.782655217092042,8.511144075118383e-06,-0.00050760864,0.0005161197822201479,2.725751783619145e-06,-0.00021551216,0.0002182379137416505
physics_guided_NN,50,1750,2,322,7.593919151651635,7.907856,-0.31393683589719323,30.37567660660654,31.708714,-1.333036924887601,68.34527236486471,70.55326,-2.207988438357944,121.50270642642616,128.22974,-6.727029901698842,0.0001911250209663,-5.9794267e-05,0.00025091928811105265,8.624322031994738e-05,0.0003578743,-0.00027163107046487356
physics_guided_NN,50,1750,2,323,8.599959126471477,8.96198,-0.36202073955635505,34.39983650588591,35.582737,-1.1829004631082327,77.39963213824329,80.00574,-2.606105166444209,137.59934602354363,142.00117,-4.401828903214181,0.0008660307616892,0.00066601706,0.00020001369965846742,0.0004284060834188,0.00035554645,7.285963340923049e-05
physics_guided_NN,50,1750,2,324,6.929553255474268,6.9213777,0.008175596630273674,27.71821302189707,27.935867,-0.21765428767324124,62.36597929926842,62.67571,-0.3097294714835357,110.87285208758829,110.65392,0.21892905292031628,0.0012047397312182,0.0013082711,-0.0001035313481059859,0.0004367115094644,0.0005855263,-0.00014881477669431074
physics_guided_NN,50,1750,2,325,6.426156437982037,6.3155236,0.11063281356187105,25.70462575192815,25.238668,0.4659573101556873,57.83540794183834,57.16427,0.6711394481859969,102.8185030077126,100.84357,1.974936113181343,0.0064396615284435,0.008025503,-0.001585841257596806,0.0036335959839936,0.0039461474,-0.00031255140944163977
physics_guided_NN,50,1750,2,326,8.42516544590078,8.490214,-0.06504890193857626,33.70066178360312,33.936165,-0.23550307235391443,75.82648901310701,76.22128,-0.3947939458773675,134.80264713441247,134.91049,-0.10784480894690773,0.0007848245484217,0.0009910137,-0.00020618916755328653,0.0004344438365734,0.00051640935,-8.196550886344127e-05
physics_guided_NN,50,1750,2,327,4.412935087080895,4.4607744,-0.047839334610999096,17.65174034832358,17.785849,-0.1341082692301292,39.71641578372805,39.80847,-0.0920558959594473,70.60696139329433,71.47135,-0.8643902302408293,0.0101735870547631,0.011568746,-0.0013951585434338835,0.0047730152429422,0.005242013,-0.0004689976638773824
physics_guided_NN,50,1750,2,328,7.5170823389073185,7.842863,-0.3257807439784237,30.06832935562928,30.950933,-0.8826041007916174,67.65374105016586,69.713875,-2.0601337667286685,120.2733174225171,124.34912,-4.075803671232904,0.0001234324607741,-0.00026505403,0.00038848648715986926,5.293154619055565e-05,-0.00018742627,0.00024035781326590803
physics_guided_NN,50,1750,2,329,4.07272597176347,4.270221,-0.19749526160445008,16.29090388705388,17.373293,-1.0823890359197534,36.65453374587123,38.784096,-2.1295620182889294,65.16361554821552,68.7855,-3.6218840245383888,0.0043887952069441,0.0042095003,0.0001792949351171174,0.0022654600870637,0.0019223749,0.00034308514658638834
physics_guided_NN,50,1750,2,330,4.869981394099291,4.8522906,0.017690763758714922,19.479925576397164,19.355259,0.12466663474677375,43.82983254689363,43.035053,0.7947792937197988,77.91970230558866,77.21577,0.7039353988503763,0.0037529335838289,0.003656101,9.683263641903188e-05,0.0020964863951937,0.0021061222,-9.63581170284342e-06
physics_guided_NN,50,1750,2,331,2.740416792064702,2.8573577,-0.11694094833751967,10.961667168258808,11.434991,-0.4733237146147271,24.66375112858232,25.811838,-1.1480870214420946,43.84666867303523,46.183384,-2.3367152686151584,0.0027541455695849,0.0027426663,1.1479284099870802e-05,0.0011736569136816,0.00076850766,0.0004051492575059567
physics_guided_NN,50,1750,2,332,4.689752631874905,4.9067054,-0.21695274761117922,18.75901052749962,19.62049,-0.8614785929837794,42.20777368687415,43.449615,-1.2418417916414768,75.03604210999848,77.95069,-2.914649113146055,0.0002595489832989,0.00037834924,-0.00011880025966585947,0.0001464727695583,0.00024910303,-0.00010263026226138629
physics_guided_NN,50,1750,2,333,8.291061477848935,8.419951,-0.12888996105487394,33.16424591139574,33.846134,-0.681888274395277,74.61955330064042,75.73567,-1.1161186964298935,132.65698364558295,136.31485,-3.6578662079326705,0.0012329691118306,0.00067766325,0.0005553058610043007,0.0004500177181865,0.00021309785,0.000236919864484007
physics_guided_NN,50,1750,2,334,3.914186503897979,4.0215507,-0.10736415146701139,15.656746015591915,15.760911,-0.10416497226208854,35.227678535081814,35.74639,-0.5187127613049043,62.62698406236766,65.29207,-2.665084419077651,0.0009288848416438,0.0012424215,-0.0003135366093809112,0.0004453038831807,0.00040312865,4.217523151145105e-05
physics_guided_NN,50,1750,2,335,25.1328188831624,25.412233,-0.2794144694987324,100.53127553264956,101.81628,-1.2850010176434097,226.19536994846155,228.38809,-2.192722092554078,402.1251021305983,405.94666,-3.821553142839207,0.0001903026817388,-0.0001236192,0.00031392188554379215,0.0001077115960306,-8.958361e-05,0.0001972952088926431
physics_guided_NN,50,1750,2,336,6.472741479369782,6.749113,-0.27637160351596,25.89096591747913,26.544327,-0.6533608647474338,58.25467331432804,59.10123,-0.8465573070098529,103.56386366991651,106.60195,-3.038087929204579,0.0021580220898634,0.0022910875,-0.00013306543696465058,0.0012516940494875,0.0012891436,-3.744952679923309e-05
physics_guided_NN,50,1750,2,337,2.19318210332456,2.3425786,-0.14939654619631382,8.772728413298237,9.458158,-0.6854291260694385,19.738638929921034,20.685946,-0.9473065809432235,35.09091365319295,37.528934,-2.4380208255668165,0.0044848797070244,0.00506265,-0.0005777702508112745,0.0022966476773838,0.0024426302,-0.00014598256330988855
physics_guided_NN,50,1750,2,338,3.760549761403825,3.7838395,-0.02328970278379705,15.0421990456153,14.750524,0.29167547841559305,33.84494785263442,33.51989,0.32505802109145066,60.1687961824612,60.42087,-0.2520755521579403,0.0104211646201969,0.010047429,0.0003737353789568746,0.0049680812583918,0.0047641476,0.0002039336898977187
physics_guided_NN,50,1750,2,339,2.1208016388357214,2.1683605,-0.0475588328897425,8.483206555342885,9.049876,-0.566669657730845,19.087214749521493,19.05549,0.031724255747079155,33.93282622137154,33.84688,0.0859443549164638,0.0041512323247282,0.003788179,0.0003630533052621579,0.0022118948623552,0.0027012513,-0.0004893564395592534
physics_guided_NN,50,1750,2,340,11.216034534800285,11.420545,-0.20451008952832872,44.86413813920113,45.742428,-0.8782896867266032,100.94431081320252,102.754845,-1.8105338523248236,179.45655255680452,182.54059,-3.0840358221017254,0.0002783640115919,6.0455775e-05,0.0002179082362087386,0.0001038740526446,-1.4413773e-05,0.00011828782563220926
physics_guided_NN,50,1750,2,341,9.523504006513493,9.269969,0.25353502000226236,38.09401602605397,36.711746,1.3822698102336588,85.71153605862143,83.10372,2.60781443996909,152.37606410421589,147.83414,4.54192714132526,0.0003770117774633,0.0007962234,-0.00041921163107927343,0.0001433844429987,7.209375e-05,7.129068973813965e-05
physics_guided_NN,50,1750,2,342,7.993521538074312,8.358677,-0.365155372326079,31.974086152297247,33.326176,-1.352089537400019,71.9416938426688,74.700424,-2.7587303516671398,127.896344609189,133.6359,-5.739550166201624,0.0020092433294752,0.0015113152,0.0004979280964010715,0.0009171361231079,0.0008282788,8.885734824665365e-05
physics_guided_NN,50,1750,2,343,7.185916582313517,7.693283,-0.5073664987411703,28.74366632925407,30.66886,-1.9251931525574548,64.67324924082166,68.88048,-4.207228664451776,114.97466531701627,123.97881,-9.004147854370444,0.000724750190758,0.0023445063,-0.0016197561363048452,0.0003352589269806,0.0011058814,-0.0007706224855329541
physics_guided_NN,50,1750,2,344,5.949236483628002,6.0323887,-0.08315220350578745,23.796945934512006,24.292776,-0.4958301732760795,53.54312835265202,54.29284,-0.7497106976409498,95.18778373804804,96.60749,-1.4197068015027412,0.0013048736344554,0.0017646615,-0.0004597878816075154,0.0005244939810539,0.00063939,-0.00011489604469962786
physics_guided_NN,50,1750,2,345,4.286441707300471,4.3437047,-0.05726299316950012,17.145766829201882,17.20799,-0.06222381716042236,38.57797536570424,39.65976,-1.0817841557801344,68.58306731680753,68.887375,-0.3043075611221582,0.0028437688609027,0.0027506324,9.31365077756971e-05,0.0011295705838431,0.0009060305,0.00022354011100943682
physics_guided_NN,50,1750,2,346,8.163261684614895,8.363631,-0.20036956385922622,32.65304673845958,33.133415,-0.48036848370838925,73.46935516153405,75.22746,-1.7581076070206336,130.61218695383832,133.22061,-2.608424618427307,0.0006425122506983,0.0003527146,0.0002897976615998316,0.0003663341015629,0.00021095116,0.0001553829463948957
physics_guided_NN,50,1750,2,347,12.883432675947349,12.902985,-0.019551943193276244,51.53373070378939,51.815395,-0.28166465143522146,115.95089408352612,116.392426,-0.4415314535832522,206.13492281515755,207.61021,-1.4752914182408858,0.0003697011528619,0.00015589119,0.0002138099629281455,0.0001240212290362,-8.767417e-05,0.0002116953977896377
physics_guided_NN,50,1750,2,348,4.100810975148651,4.127531,-0.026720076487091404,16.403243900594603,16.602385,-0.19914066666613905,36.90729877633785,36.64535,0.2619473664257441,65.61297560237841,65.11011,0.5028681805034125,0.0051249133027013,0.0045842137,0.0005406995839293653,0.0023572391470778,0.0021468345,0.0002104046394932283
physics_guided_NN,50,1750,2,349,2.419211174485898,2.4197757,-0.0005645499251127895,9.676844697943592,9.263881,0.41296396826829884,21.77290057037308,21.136553,0.6363477597041332,38.70737879177437,38.148876,0.5585026015888204,0.0054717198955274,0.005363084,0.00010863598533038081,0.0025762914917015,0.0024505977,0.0001256937863819761
physics_guided_NN,50,1750,2,350,10.701749523630667,10.805095,-0.10334519530243824,42.80699809452268,43.286747,-0.4797488842370825,96.31574571267602,97.60644,-1.2906919704294495,171.2279923780907,171.2511,-0.02310625472179595,0.0003357821321661,0.00092016195,-0.000584379821961152,0.0001657417502941,0.0005782913,-0.00041254955644371035
physics_guided_NN,50,1750,2,351,5.433973803652028,5.5131764,-0.07920263754059853,21.73589521460812,21.943499,-0.20760339684207452,48.905764232868265,48.28907,0.6166941034737334,86.94358085843245,88.35566,-1.4120786264308265,0.0066122651851279,0.007753375,-0.0011411098012226364,0.0023796932777824,0.003615804,-0.0012361107388077185
physics_guided_NN,50,1750,2,352,2.136630823486991,2.1994317,-0.06280083430414685,8.546523293947963,8.509582,0.0369417280910298,19.229677411382923,19.564257,-0.33457925670789734,34.186093175791854,35.361164,-1.1750709172257245,0.0158240593542591,0.013115801,0.002708258437110509,0.0072251565747535,0.0060868585,0.001138298119661785
physics_guided_NN,50,1750,2,353,10.22038488143885,10.218125,0.002259538116096138,40.8815395257554,40.810326,0.07121390319680643,91.98346393294966,91.771736,0.2117277879301298,163.5261581030216,164.80301,-1.2768509301815243,0.0005267987235059,-0.0003586417,0.0008854404240922041,0.0001789723380297,-0.00032751673,0.0005064890635493721
physics_guided_NN,50,1750,2,354,1.9188923441770207,2.068188,-0.14929560786460527,7.675569376708085,7.2366343,0.4389351222525182,17.27003109759319,18.395761,-1.1257303922749742,30.70227750683234,31.662434,-0.9601561174352398,0.0641427245157604,0.06903877,-0.004896046577131288,0.0363574218060066,0.03366144,0.0026959817911674303
physics_guided_NN,50,1750,2,355,12.472953922845315,12.436885,0.036069042779397265,49.89181569138127,49.818798,0.07301762619572116,112.25658530560786,112.28339,-0.02680092486089336,199.56726276552507,198.41446,1.1528035370094472,0.0006398875407585,1.7260569e-05,0.0006226269720472919,0.0003565750539497,-5.7541033e-06,0.00036232915726263823
physics_guided_NN,50,1750,2,356,23.06371404912152,23.210302,-0.14658830378375498,92.25485619648607,92.465294,-0.21043768779126992,207.57342644209368,208.76788,-1.1944568586875732,369.0194247859443,371.67444,-2.6550136906182047,0.0002587365177103,-0.00040018102,0.000658917533430891,0.0001278170349477,-0.00015935574,0.00028717277396285456
physics_guided_NN,50,1750,2,357,5.191202419256093,5.08622,0.10498263165843635,20.76480967702437,20.385736,0.37907321157026885,46.72082177330484,45.474815,1.2460064046524977,83.05923870809748,80.19567,2.863567626554513,0.0029997506386853,0.0031427005,-0.00014294989190332666,0.0012198964747667,0.0011519053,6.79911960914418e-05
physics_guided_NN,50,1750,2,358,3.14052122039465,3.3902142,-0.2496929843935578,12.5620848815786,13.494603,-0.9325182754648562,28.26469098355185,29.969126,-1.7044347641288127,50.2483395263144,54.8036,-4.555260784964894,0.0018825751160689,0.0019739144,-9.133933210295404e-05,0.0009466412469067,0.0013041663,-0.00035752502816986816
physics_guided_NN,50,1750,2,359,1.6540475738506275,1.8695552,-0.2155076610584301,6.616190295402511,6.5818834,0.03430686492155388,14.886428164655651,15.421587,-0.535158825700794,26.464761181610044,26.870358,-0.4055963318176907,0.0461993728288602,0.04122516,0.004974211425442611,0.0243109014885833,0.022202553,0.0021083482610394708
physics_guided_NN,50,1750,2,360,2.7895649287222253,2.812072,-0.022507109928287417,11.1582597148889,11.265744,-0.10748449440065144,25.106084358500027,25.661646,-0.5555615307821995,44.6330388595556,44.56667,0.06636939544426923,0.0087248079923793,0.010961976,-0.002237167909939655,0.0038664131840396,0.0051551578,-0.0012887445794713425
physics_guided_NN,50,1750,2,361,8.146968797944385,8.140287,0.006681398652393256,32.58787519177754,32.470806,0.1170690699513699,73.32271918149948,72.91382,0.40890082212447965,130.35150076711017,129.999,0.3525078471882921,0.0011731766291016,0.0011498322,2.334447447743587e-05,0.0005947282754285,0.00073601777,-0.0001412894942397513
physics_guided_NN,50,1750,2,362,13.72963166740321,14.057182,-0.32755064460850924,54.91852666961284,55.99072,-1.0721921719398964,123.5666850066289,126.43034,-2.863658621300786,219.67410667845127,224.49797,-4.823863902603421,0.000537533282369,0.00028336645,0.00025416683482154935,0.0002435671379168,-3.467749e-05,0.0002782446283923876
physics_guided_NN,50,1750,2,363,22.97014234412599,23.262442,-0.29229929100584684,91.88056937650396,93.31141,-1.4308396200780749,206.7312810971339,209.0138,-2.2825128481786123,367.5222775060158,372.15976,-4.637482015468549,3.608331315385241e-05,-5.5100867e-05,9.118418018383038e-05,1.276374887125046e-05,-0.000108985856,0.00012174960493025781
physics_guided_NN,50,1750,2,364,33.94399390623123,34.396744,-0.4527498681828348,135.7759756249249,137.84367,-2.0676980811297767,305.495945156081,310.57587,-5.079921543137743,543.1039024996996,550.3807,-7.276773769831607,0.0001051702643172,-0.000793507,0.0008986772377402637,4.906070200792836e-05,-0.00034163418,0.00039069488077490914
physics_guided_NN,50,1750,2,365,11.574694418145098,11.908951,-0.33425638751896436,46.29877767258039,47.74149,-1.442711737819998,104.17224976330589,107.19466,-3.0224066087644275,185.1951106903216,189.36815,-4.173038113389339,0.001246911715037,0.0012759644,-2.9052715496349565e-05,0.000582441557453,0.00075992785,-0.00017748628950399806
physics_guided_NN,50,1750,2,366,11.111649989126107,11.386975,-0.27532529926500615,44.44659995650443,45.523193,-1.0765934028705715,100.00484990213496,101.10203,-1.097177990931442,177.7863998260177,182.0543,-4.267906204255723,0.0030103932686571,0.003972678,-0.0009622847109612108,0.0018462842544907,0.0021519442,-0.00030565995439949976
physics_guided_NN,50,1750,2,367,5.112735297639341,5.297752,-0.18501660589459412,20.45094119055737,21.183615,-0.7326735402775917,46.01461767875407,47.666992,-1.652374508745929,81.80376476222946,85.2832,-3.479438362770537,0.0041105317156919,0.0041132104,-2.6786494843012917e-06,0.0017673698049026,0.0013952797,0.0003720901468756068
physics_guided_NN,50,1750,2,368,3.534246373168988,3.5590312,-0.024784874923663214,14.136985492675953,14.248004,-0.1110184669798091,31.808217358520896,31.960016,-0.15179889208945596,56.54794197070381,58.15875,-1.610806656005174,0.011593305426342,0.013521816,-0.0019285102238230812,0.0056135265043575,0.0063062427,-0.0006927161590557862
physics_guided_NN,50,1750,2,369,4.658699263837465,4.851884,-0.19318462440716377,18.63479705534986,19.569025,-0.934227984322991,41.92829337453718,44.31995,-2.391656729222582,74.53918822139944,77.392075,-2.8528863635614954,0.005238960458891,0.0055538844,-0.00031492397282878015,0.0023920016429377,0.0028533281,-0.0004613264863389333
physics_guided_NN,50,1750,2,370,11.583148866195224,10.984036,0.5991124205775478,46.332595464780894,44.55901,1.773585912778941,104.248339795757,99.33576,4.912577771831224,185.3303818591236,177.0031,8.327284324943918,0.0029823553508093,0.0037815052,-0.0007991498110870481,0.0016667297371465,0.002366958,-0.0007002282160532443
physics_guided_NN,50,1750,2,371,2.6455149580159483,2.4963734,0.14914154302266214,10.582059832063791,10.241427,0.3406324104939671,23.809634622143538,22.851038,0.958596643017561,42.32823932825517,41.587498,0.7407416170735317,0.0170143613615865,0.017622596,-0.0006082342913513901,0.0093805202821647,0.009721804,-0.0003412841280544931
physics_guided_NN,50,1750,2,372,9.749012535703995,9.942391,-0.19337885986485226,38.99605014281598,39.335022,-0.3389718298402684,87.74111282133596,89.21514,-1.4740284750507584,155.98420057126393,158.95445,-2.970251943384511,9.141732939538696e-06,-0.0002939469,0.00030308864521889125,3.243150471924133e-06,-0.00020105571,0.00020429885776548673
physics_guided_NN,50,1750,2,373,4.939297936506591,4.8819466,0.05735137278588809,19.757191746026365,20.059925,-0.30273333331933827,44.45368142855933,43.97062,0.4830622268991718,79.02876698410546,79.36889,-0.34012187087500934,0.002114203923569,0.001967472,0.00014673189930704874,0.0007737493998735,0.00089927093,-0.0001255215337136041
physics_guided_NN,50,1750,2,374,7.018500883352095,7.118207,-0.0997060944921433,28.07400353340838,28.90716,-0.8331562718894716,63.16650795016885,63.61248,-0.4459722134053692,112.29601413363352,114.40191,-2.105894740878199,0.0131405287505453,0.019363761,-0.0062232321976358525,0.0066336897636095,0.009994996,-0.003361306016679673
physics_guided_NN,50,1750,2,375,22.260983640669348,22.436193,-0.17520982551717523,89.04393456267739,89.94354,-0.8996079177913572,200.34885276602407,201.7547,-1.4058469410071837,356.1757382507096,359.60623,-3.430493438743497,0.00058135320887,-5.730624e-05,0.0006386594477566674,0.0003167682552121,0.00010999695,0.00020677130297919524
physics_guided_NN,50,1750,2,376,12.6267080345084,12.727135,-0.10042667008144335,50.5068321380336,50.922016,-0.4151840057652265,113.6403723105756,115.12029,-1.4799203529986187,202.0273285521344,204.0418,-2.014465271107781,5.963062597727358e-05,-0.00039982106,0.00045945168552277563,1.9912099545971687e-05,-0.0002495557,0.000269467812344582
physics_guided_NN,50,1750,2,377,7.544442164024071,7.746661,-0.20221902219419086,30.177768656096283,31.10899,-0.9312210594798884,67.89997947621664,69.009964,-1.1099845130411694,120.71107462438512,123.078705,-2.3676302095992554,0.0009993773425788,0.0006177373,0.0003816400428161338,0.0005338276039891,0.0006504474,-0.00011661978186219379
physics_guided_NN,50,1750,2,378,2.22174795745561,2.5708358,-0.3490878713255179,8.88699182982244,10.086295,-1.1993032980462122,19.99573161710049,22.550379,-2.5546471823379875,35.54796731928976,40.274014,-4.726046199997349,0.0117537590207847,0.015449115,-0.0036953560543862944,0.0057968016391225,0.00712781,-0.0013310081648104056
physics_guided_NN,50,1750,2,379,6.8806313221121975,6.9914074,-0.11077607229698216,27.52252528844879,27.756626,-0.23410084070160053,61.925681899009774,62.15908,-0.2333986063613196,110.09010115379516,111.53912,-1.4490223813610896,0.002477923105611,0.0028053462,-0.00032742305179080024,0.0011302277153225,0.0011650111,-3.4783367453390885e-05
physics_guided_NN,50,1750,2,380,1.950991301639846,2.0212371,-0.07024583329362577,7.803965206559384,9.489846,-1.685881022993839,17.558921714758615,17.328981,0.22994031522248193,31.21586082623753,33.292126,-2.076264875666766,0.2652438052430529,0.18019956,0.08504424173978753,0.1328213469111404,0.09154212,0.04127922961349101
physics_guided_NN,50,1750,2,381,12.472014774530264,12.516055,-0.04404033258643558,49.888059098121055,49.507904,0.38015504538667955,112.24813297077236,111.5666,0.681535985909079,199.55223639248425,198.80763,0.7446039461951841,0.0017475911916761,0.0018890084,-0.0001414172549204628,0.0006429509236189,0.0006182383,2.4712630518751552e-05
physics_guided_NN,50,1750,2,382,6.07435702558408,6.2120113,-0.1376543116961937,24.29742810233632,24.90514,-0.6077118207593841,54.66921323025672,56.04005,-1.3708372763350738,97.18971240934528,99.93793,-2.748214836748474,0.000575566861573,0.00029616934,0.0002793975225923104,0.0002174043030753,0.00016908425,4.832005575720354e-05
physics_guided_NN,50,1750,2,383,8.952744941107538,9.290296,-0.33755065978357557,35.81097976443015,37.3235,-1.5125218224839116,80.57470446996784,83.21667,-2.6419627053251276,143.2439190577206,148.8328,-5.588875131732522,0.0012894528978122,0.00027843742,0.0010110154749909017,0.0006647072140355,0.0005596721,0.00010503514104004592
physics_guided_NN,50,1750,2,384,3.321862933128952,3.3103302,0.01153278061735552,13.287451732515809,13.389138,-0.10168648922491386,29.89676639816057,29.88465,0.012117121427170474,53.14980693006324,54.353176,-1.203369186880117,0.0091345300601452,0.009843943,-0.0007094126491219398,0.0046316663256239,0.0049030525,-0.0002713861422289311
physics_guided_NN,50,1750,2,385,7.663507105849908,7.662403,0.0011039991604544497,30.65402842339964,30.78952,-0.13549184027223404,68.97156395264918,69.05669,-0.08512244871801045,122.61611369359854,122.824905,-0.2087917019092771,0.0028689954720368,0.0019520371,0.0009169583732192726,0.0016843627789936,0.0013630708,0.00032129198088710854
physics_guided_NN,50,1750,2,386,23.18838305931266,23.741634,-0.5532513095838247,92.75353223725064,95.454666,-2.701133900444674,208.695447533814,213.67708,-4.9816307132563225,371.01412894900255,379.78784,-8.773712847872446,4.97774073308724e-05,-0.0003138232,0.0003636006059976685,2.83063006833003e-05,9.651137e-06,1.8655164004132906e-05
physics_guided_NN,50,1750,2,387,4.391115487818064,4.4226284,-0.03151291489189667,17.564461951272257,17.54641,0.018052344338663318,39.52003939036258,38.474083,1.0459564435852329,70.25784780508903,70.59981,-0.34195993416878423,0.0011849056479953,0.0011863433,-1.437611182802034e-06,0.0006144092041771,0.00077789096,-0.00016348175976843777
physics_guided_NN,50,1750,2,388,3.348609665301315,3.7145555,-0.3659458366365511,13.39443866120526,15.08397,-1.6895314086799935,30.13748698771184,33.834435,-3.696947521565505,53.57775464482104,61.711773,-8.13401827388013,0.0017514331099489,0.0011312593,0.000620173855769005,0.0007556508890755,0.00071604067,3.9610221463394425e-05
physics_guided_NN,50,1750,2,389,4.003939030150839,4.1404243,-0.1364852214055574,16.015756120603356,16.66204,-0.6462845898458625,36.03545127135756,37.084923,-1.049471519169785,64.06302448241343,66.32542,-2.262392082527981,0.0047906325620542,0.0058491705,-0.0010585379364957386,0.0020189047888626,0.0022392182,-0.0002203134256641725
physics_guided_NN,50,1750,2,390,4.172321394699771,4.1799393,-0.0076178753197604365,16.689285578799083,16.655115,0.03417045123560669,37.550892552297945,36.160603,1.3902899827178672,66.75714231519633,66.36289,0.39425016431742677,0.0185906884095657,0.021384256,-0.0027935675510179885,0.0093384558077723,0.010646725,-0.0013082692656844648
physics_guided_NN,50,1750,2,391,3.2311092512039945,3.2938502,-0.06274093228294397,12.924437004815978,13.15829,-0.23385290454681495,29.079983260835952,29.121244,-0.04126116970603988,51.69774801926391,53.634632,-1.936884091331791,0.0018812001668996,0.0021390351,-0.0002578349797838545,0.0008302833059693,0.0010774295,-0.0002471462018897512
physics_guided_NN,50,1750,2,392,17.061946746455813,16.930744,0.13120257531323531,68.24778698582325,68.14075,0.10703991551075376,153.55752071810232,152.07336,1.4841564602898245,272.991147943293,271.68475,1.306394525324265,0.0005843964567078,0.00011115372,0.0004732427363536043,0.0002862804951791,0.00023622725,5.005324533603159e-05
physics_guided_NN,50,1750,2,393,11.390821846645991,11.631057,-0.2402349389375047,45.56328738658397,46.77213,-1.208841672253918,102.51739661981394,104.89669,-2.379293748838407,182.2531495463359,185.82292,-3.5697722065937967,0.0003079587942317,-0.00030364897,0.0006116077594321093,0.0002106635431538,8.230873e-05,0.00012835481106421344
physics_guided_NN,50,1750,2,394,11.877593698904665,11.915238,-0.03764468152746403,47.51037479561866,47.449543,0.06083179635108138,106.898343290142,107.43718,-0.538836275287693,190.04149918247464,190.67357,-0.6320695431112995,7.433700839591353e-05,-1.891945e-05,9.325645906336745e-05,2.8138746357786715e-05,-7.948342e-05,0.00010762216589812493
physics_guided_NN,50,1750,2,395,15.9045775084573,15.575251,0.32932688284694756,63.6183100338292,62.405003,1.2133074398350558,143.1411975761157,139.70183,3.4393695731860134,254.4732401353168,250.05652,4.416721580629286,8.304473068819628e-05,-5.028034e-05,0.00013332507207196453,4.759184450739252e-05,-2.2509295e-05,7.010113988434154e-05
physics_guided_NN,50,1750,2,396,5.705486860312443,5.3783607,0.3271261120214275,22.82194744124977,21.612833,1.2091144181784799,51.34938174281199,48.407993,2.941388426161602,91.28778976499908,87.43431,3.853478851913138,0.0129033103232296,0.019498225,-0.006594914978274535,0.0074198264456097,0.010008729,-0.0025889026173647528
physics_guided_NN,50,1750,2,397,14.021322337124378,14.373604,-0.35228148367640344,56.08528934849751,57.021507,-0.9362179146860825,126.1919010341194,129.08786,-2.8959590733024783,224.34115739399004,229.6322,-5.291044754447455,0.0020194303772175,0.0015768589,0.0004425714553096577,0.0010477655170096,0.0005168436,0.0005309219424223443
physics_guided_NN,50,1750,2,398,2.5416947678303097,2.4871438,0.05455101287120323,10.16677907132124,9.500873,0.6659064593217288,22.87525291047279,21.382982,1.492270656444468,40.66711628528496,37.165264,3.50185215564629,0.0173237832254538,0.018515496,-0.0011917123579612311,0.007294745375962,0.008405029,-0.0011102834664275833
physics_guided_NN,50,1750,2,399,10.087561187101244,10.044325,0.043236312223314144,40.350244748404975,40.32333,0.02691482286786595,90.7880506839112,90.20466,0.5833921756104132,161.4009789936199,161.1478,0.2531823627605263,0.0006188251757838,-0.0005283026,0.0011471278015367855,0.0002694587426852,-0.0001534728,0.0004229315498271522
physics_guided_NN,50,1750,2,400,3.5251992913509334,3.5308893,-0.0056899813388859855,14.100797165403732,14.125129,-0.024331580628983218,31.7267936221584,31.820936,-0.09414258084452953,56.40318866161493,57.654972,-1.2517834148010891,0.0118676329446304,0.012955862,-0.0010882291528117507,0.005678566432419,0.0060949377,-0.0004163712460075039
physics_guided_NN,50,1750,2,401,5.131653706318986,5.4313674,-0.2997136909893632,20.526614825275946,21.417164,-0.8905490236010074,46.18488335687088,48.27282,-2.0879361621720918,82.10645930110378,87.42425,-5.317788440595436,0.0028215365585674,0.0031188931,-0.00029735657304633123,0.0015179839195243,0.001684667,-0.00016668304097588083
physics_guided_NN,50,1750,2,402,6.7239933116782,6.743427,-0.01943348809597012,26.8959732467128,27.175234,-0.2792605942295836,60.5159398051038,60.291313,0.22462663371707947,107.5838929868512,108.13967,-0.5557783388323969,0.0021453345610188,0.001670827,0.00047450751963869263,0.0009250958530255,0.00046047717,0.0004646186855178664
physics_guided_NN,50,1750,2,403,7.443883455816558,7.437068,0.0068154702818903345,29.77553382326624,29.790453,-0.014919133887079994,66.99495110234903,67.01484,-0.01988807001424675,119.10213529306492,119.923836,-0.8217004613296126,0.0006688984808327,0.0008049038,-0.00013600531976657706,0.0002307007610794,0.00030497796,-7.427720143498559e-05
physics_guided_NN,50,1750,2,404,13.24383405236694,13.35651,-0.11267610998657496,52.97533620946776,53.319202,-0.34386621362794045,119.19450647130245,119.82829,-0.633786375377241,211.90134483787105,212.17036,-0.2690195420117618,0.0012496031265076,0.0009733079,0.00027629524965991554,0.0006006001288903,0.00045223822,0.00014836190653900224
physics_guided_NN,50,1750,2,405,15.0739806231415,15.352845,-0.2788645688140665,60.295922492566,61.12612,-0.8301990284300942,135.6658256082735,137.92194,-2.256110426882742,241.183689970264,244.76341,-3.5797225053219393,0.0005756027839364,0.0004288586,0.00014674419245994466,0.0002927287939649,0.00011769922,0.00017502957120928158
physics_guided_NN,50,1750,2,406,5.541332666019742,5.625734,-0.08440118636673244,22.16533066407897,22.73273,-0.5674002013995469,49.87199399417768,51.08718,-1.215187097130915,88.66132265631587,89.514175,-0.8528527587231878,0.0042377742035613,0.0037136695,0.0005241047153547946,0.0019930162853602,0.0018685104,0.00012450589938495845
physics_guided_NN,50,1750,2,407,7.813126362029707,7.83219,-0.019063674743974524,31.25250544811883,31.11402,0.13848605419793003,70.31813725826737,69.726395,0.5917426049470578,125.01002179247531,124.97068,0.03934155565890762,0.0006352701833627,0.00057245593,6.281425283912562e-05,0.0003478241656446,0.0004437825,-9.595834622112018e-05
physics_guided_NN,50,1750,2,408,17.040054383733615,17.397879,-0.3578242631169708,68.16021753493446,69.05678,-0.8965604191671019,153.36048945360253,155.86765,-2.5071558100693494,272.64087013973784,276.2949,-3.6540212176840328,0.0001559688580704,0.00015411004,1.8588225605976059e-06,5.6649850911800906e-05,-0.0001723244,0.00022897425677847598
physics_guided_NN,50,1750,2,409,21.027723915675555,21.016056,0.011667854884539253,84.11089566270222,84.13414,-0.02324435194621799,189.24951524108,189.92706,-0.6775477472012597,336.4435826508089,337.34195,-0.898366812081747,0.0002019222767886,-0.0004031268,0.0006050490658126998,7.920678583010414e-05,-0.00019221699,0.0002714237762292785
physics_guided_NN,50,1750,2,410,4.013049917661316,3.9559639,0.05708606763995405,16.052199670645262,15.737451,0.3147490709748517,36.11744925895184,35.322136,0.7953133336588678,64.20879868258105,63.040096,1.1687023996220631,0.0079939804653201,0.007722026,0.0002719542624924076,0.004300733039607,0.003823955,0.00047677796192903497
physics_guided_NN,50,1750,2,411,29.25139495170068,29.460112,-0.20871666634131358,117.00557980680271,117.97219,-0.9666110501308793,263.2625545653061,264.60144,-1.338885864381382,468.0223192272109,471.7305,-3.7081800403672105,2.1605208344533897e-05,-0.00034407302,0.00036567822989612805,1.511103039440526e-05,-0.0002234,0.0002385110288981424
physics_guided_NN,50,1750,2,412,6.231982721210787,6.350538,-0.11855505573623493,24.927930884843143,25.300879,-0.37294763993713076,56.08784449089708,56.821426,-0.733581900704479,99.71172353937258,100.98479,-1.2730634479321026,0.0004838403459334,0.00047958214,4.258201753087258e-06,0.0001708146381893,0.00029821493,-0.00012740029261887163
physics_guided_NN,50,1750,2,413,20.30416014568943,20.117153,0.18700697796482046,81.21664058275772,80.54176,0.6748772770936569,182.7374413112049,181.10318,1.6342613795642649,324.8665623310309,321.66342,3.2031407001715024,0.0001555644141844,-0.0006829031,0.0008384675186461296,5.183607571379122e-05,-0.00020447785,0.0002563139278077784
physics_guided_NN,50,1750,2,414,3.991235087045202,3.8893278,0.1019073225340934,15.964940348180804,15.414678,0.5502627282467216,35.92111578340681,34.003357,1.9177588498130618,63.85976139272322,61.199207,2.6605540868150186,0.0106668275453801,0.011728671,-0.001061843834007278,0.0041595206675923,0.005168554,-0.0010090332398319116
physics_guided_NN,50,1750,2,415,3.762099285859775,4.162678,-0.4005784790328031,15.0483971434391,16.62237,-1.5739726227962514,33.858893572737976,35.97938,-2.1204879885413206,60.1935885737564,64.03543,-3.8418423344467243,0.0243707623426507,0.028549751,-0.00417898892418642,0.0123444705483083,0.015709894,-0.0033654232296581998
physics_guided_NN,50,1750,2,416,6.396507538299827,6.455454,-0.058946334380837406,25.586030153199307,25.441772,0.14425769226180662,57.56856784469844,56.590218,0.9783502543664113,102.34412061279724,103.16969,-0.8255723803668218,0.001023794217149,0.0014349179,-0.0004111236938068464,0.0004344804456207,0.0004688947,-3.4414248146951907e-05
physics_guided_NN,50,1750,2,417,24.908560761138546,25.130234,-0.22167300350989194,99.63424304455418,100.88501,-1.2507667210708178,224.1770468502469,225.92798,-1.75093166537809,398.53697217821673,401.8663,-3.329330312017646,2.7152195966694383e-05,-0.00046885628,0.0004960084726781434,1.5638908897241834e-05,-0.00028639418,0.0003020330861347674
physics_guided_NN,50,1750,2,418,3.622819326203278,3.6059687,0.01685061244290198,14.491277304813112,14.553266,-0.061988266781126455,32.605373935829505,31.673635,0.9317384530414188,57.96510921925245,58.45461,-0.4894996979838808,0.0032581506491461,0.0015835826,0.0016745680439108216,0.0019707628195269,0.0012835838,0.0006871790061799775
physics_guided_NN,50,1750,2,419,5.823496162508097,5.880892,-0.057395637418660606,23.29398465003239,23.898922,-0.6049373165203455,52.41146546257288,51.9183,0.49316483391076815,93.17593860012956,93.492455,-0.31651592867903844,0.0003374277845345,-0.00031390003,0.0006513278173137019,0.0001762236527486,-3.8790444e-05,0.00021501409654433315
physics_guided_NN,50,1750,2,420,13.442647356529804,13.302295,0.1403526253896672,53.770589426119216,52.990738,0.7798515110801532,120.98382620876824,120.3944,0.5894246584752665,215.0823577044769,213.14397,1.9383910296722036,0.000173101544734,-0.00016294616,0.00033604770689728,9.474766856658512e-05,-0.00020958523,0.0003043328936597636
physics_guided_NN,50,1750,2,421,13.20282695903578,13.429556,-0.22672893390855542,52.81130783614312,53.735497,-0.9241886848529717,118.82544263132203,121.7709,-2.94545428029906,211.2452313445725,214.84032,-3.595085427888449,0.0004074747434155,0.00040934785,-1.8731057840483509e-06,0.0001945881127969,0.0001293177,6.527040809230987e-05
physics_guided_NN,50,1750,2,422,12.4082680968916,12.267888,0.14038002773876812,49.6330723875664,48.65371,0.9793629759453069,111.6744128720244,110.673676,1.00073733491503,198.5322895502656,197.15602,1.37626843210154,5.550270640361247e-05,0.00038569132,-0.0003301886180781281,2.9073950366307377e-05,-9.1102134e-05,0.000120176084686261
physics_guided_NN,50,1750,2,423,15.657620587848484,15.854304,-0.19668372581118376,62.63048235139394,63.484116,-0.8536332491920007,140.91858529063637,142.37727,-1.4586882689339404,250.5219294055757,253.64037,-3.118436195010247,0.0004056509514723,-3.7624133e-05,0.0004432750847283312,0.0001948710923974,-6.784887e-05,0.00026271996467435436
physics_guided_NN,50,1750,2,424,30.369378416441368,30.45121,-0.08183160553128843,121.47751366576549,121.52627,-0.048754339605608266,273.3244057479723,274.6181,-1.293697279371429,485.9100546630619,486.49542,-0.5853677002193649,0.0001736481748859,-0.000741596,0.0009152441593224716,8.197315548142494e-05,-0.00038397955,0.0004659527090710223
physics_guided_NN,50,1750,2,425,18.40985773802792,18.263025,0.1468324542144437,73.63943095211167,73.18305,0.45637888912338553,165.68871964225127,165.08043,0.6082905651028341,294.55772380844667,291.39517,3.162551689306042,0.0012131926510766,0.00051939057,0.0006938020838707537,0.0007046677832091,-3.0461859e-05,0.0007351296420506906
physics_guided_NN,50,1750,2,426,7.962514534245007,8.064282,-0.10176788305235629,31.850058136980028,32.243706,-0.3936476125316908,71.66263080820507,71.9129,-0.2502720238261844,127.40023254792013,129.2544,-1.854161983329874,0.0021292008821284,0.002505783,-0.00037658210951932013,0.0008820786195463,0.0012541342,-0.0003720556098380627
physics_guided_NN,50,1750,2,427,4.93945710779292,4.9290123,0.010444809208935979,19.75782843117168,19.6192,0.13862867836406423,44.45511397013629,44.114697,0.34041746745074164,79.03131372468673,78.98902,0.042292423417194414,0.0040634340343154,0.004420196,-0.00035676213753456625,0.0017823490318078,0.0016772762,0.00010507281442912408
physics_guided_NN,50,1750,2,428,5.406593487330929,5.209822,0.19677130944396648,21.62637394932372,20.80126,0.8251139548168851,48.65934138597837,46.964878,1.6944633037029817,86.50549579729487,83.19822,3.3072764979784637,0.0452556505234549,0.041686404,0.003569246027023548,0.0249833880349037,0.023163136,0.0018202519400951217
physics_guided_NN,50,1750,2,429,5.032734798598193,4.9067454,0.12598936479082035,20.130939194392774,19.72078,0.4101597754474611,45.29461318738374,44.08056,1.21405441052827,80.5237567775711,78.183105,2.3406513088210943,0.0527325291980679,0.04768655,0.005045978431838273,0.0280424458243544,0.026499607,0.0015428391554052727
physics_guided_NN,50,1750,2,430,2.2921031718585905,2.6397045,-0.3476012940074984,9.168412687434362,10.567418,-1.3990054110153451,20.628928546727312,22.571184,-1.9422556115978828,36.67365074973745,39.811176,-3.1375255503113806,0.000827930204897,0.00029457864,0.0005333515648737536,0.0004397163492773,0.00057263096,-0.00013291461168264115
physics_guided_NN,50,1750,2,431,8.012834254898625,8.174879,-0.16204481919805502,32.0513370195945,32.698772,-0.6474354108254232,72.11550829408762,74.06334,-1.947830939310819,128.205348078378,130.59566,-2.390309270254818,8.43507535088772e-05,-0.00020863173,0.00029298247890863216,3.136059652294892e-05,-2.799688e-05,5.9357477340175986e-05
physics_guided_NN,50,1750,2,432,4.87041750536382,5.097268,-0.22685059918940276,19.48167002145528,20.244291,-0.7626212840867126,43.833757548274384,46.154034,-2.3202761126142875,77.92668008582112,81.842224,-3.9155440352726316,0.0022401708723474,0.0021182331,0.00012193774669055696,0.0011450869957384,0.001061218,8.386901993568036e-05
physics_guided_NN,50,1750,2,433,7.615479703964523,7.4591947,0.1562850437777552,30.46191881585809,29.835016,0.6269025652477396,68.5393173356807,66.83734,1.7019760270869568,121.84767526343236,119.819,2.0286750192917395,0.0049301660602497,0.0069769267,-0.002046760639031039,0.0029673878912868,0.003590333,-0.0006229451513795159
physics_guided_NN,50,1750,2,434,7.830061576607795,8.059969,-0.2299073717564628,31.32024630643118,32.195057,-0.8748106088520231,70.47055418947016,72.17481,-1.7042581274243673,125.28098522572472,128.7895,-3.5085197791580924,0.0003260114475939,0.00025659977,6.94116765021855e-05,0.0001169534807633,0.0001694768,-5.252331901999689e-05
physics_guided_NN,50,1750,2,435,10.577914324117138,10.445452,0.13246258766694297,42.31165729646855,41.568542,0.7431148159998031,95.20122891705424,92.93906,2.2621725205698624,169.2466291858742,166.8512,2.3954328968117125,0.0028044481142366,0.0039130026,-0.0011085544400906496,0.0015324955834848,0.002064602,-0.0005321064003902362
physics_guided_NN,50,1750,2,436,13.967727128471353,14.156815,-0.18908744672395983,55.87090851388541,56.47248,-0.6015722600403706,125.70954415624216,127.49823,-1.7886858242265902,223.4836340555416,225.02396,-1.540322243286539,0.0005507475492208,0.0009240479,-0.0003733003483490352,0.0002665142823246,0.00024380496,2.270932635317272e-05
physics_guided_NN,50,1750,2,437,16.080892427224747,16.281334,-0.2004414961150971,64.32356970889899,65.030754,-0.7071843804564821,144.7280318450227,146.43033,-1.7022965241179122,257.29427883559595,260.52747,-3.2331869847165535,5.1585769511530256e-05,-8.097347e-05,0.0001325592396876347,1.866593633812685e-05,-0.00011989234,0.0001385582782378124
physics_guided_NN,50,1750,2,438,10.205851138918396,10.23475,-0.028898655087951752,40.823404555673584,41.058743,-0.23533796751977576,91.85266025026556,91.86375,-0.011086392800848444,163.2936182226943,163.62982,-0.33620355464944396,0.0008900654564501,0.0007645077,0.0001255577725247694,0.0004301743748636,0.0004803113,-5.013693668497578e-05
physics_guided_NN,50,1750,2,439,2.579492868283253,2.5972922,-0.017799316546458943,10.317971473133012,10.555978,-0.23800634821708577,23.21543581454928,24.023413,-0.8079768899184927,41.27188589253205,41.96226,-0.6903753074191243,0.0042785846806067,0.005035681,-0.0007570965037745469,0.0029207484083382,0.0029480313,-2.7282886752713793e-05
physics_guided_NN,50,1750,2,440,15.295850253234365,15.95909,-0.6632399796147563,61.18340101293745,64.32418,-3.140779590089892,137.66265227910927,144.54352,-6.880865787296983,244.7336040517498,255.67392,-10.940315625984567,6.571178458610668e-05,-0.0003301069,0.0003958186928087671,2.358489638227267e-05,-0.00029039607,0.00031398096672292095
physics_guided_NN,50,1750,2,441,7.594309143157296,7.9857054,-0.39139623251409095,30.377236572629183,32.176373,-1.7991359554469888,68.34878228841566,71.20168,-2.852900756017931,121.50894629051672,129.05038,-7.541438230967657,0.0010797519905775,0.0009505529,0.0001291991181953955,0.0003824792851575,0.00047093313,-8.845384089534153e-05
physics_guided_NN,50,1750,2,442,6.898629995739067,6.9603424,-0.06171241148749562,27.594519982956268,27.510843,0.08367670597872845,62.0876699616516,61.756203,0.331467263897693,110.37807993182508,110.763466,-0.385385949522572,0.0008214035569459,0.00040873876,0.0004126647927101502,0.0004513707610513,0.0004109378,4.0432969593900254e-05
physics_guided_NN,50,1750,2,443,7.777813007403506,7.9046926,-0.12687964243780225,31.111252029614025,31.706823,-0.5955713193849981,70.00031706663157,71.19253,-1.192210704364527,124.4450081184561,126.564255,-2.119246642286086,0.0002737979672987,0.0002633621,1.0435862992702518e-05,9.723717577735458e-05,2.908128e-06,9.432904782379425e-05
physics_guided_NN,50,1750,2,444,2.2007365036084017,2.2645772,-0.06384064673644696,8.802946014433607,7.991576,0.8113698196704231,19.806628532475614,19.76816,0.03846866614260591,35.21178405773443,32.897404,2.314380340693411,0.0727254122373275,0.058497302,0.014228110003154673,0.0324434627858249,0.03004668,0.0023967837062922742
physics_guided_NN,50,1750,2,445,1.5685480449592062,1.4716799,0.09686811904062709,6.274192179836825,5.692086,0.5821059600492271,14.116932404632855,14.270388,-0.15345524490327733,25.0967687193473,24.979725,0.1170438353140959,0.0425297231493675,0.037786365,0.004743358594008616,0.0267211607510996,0.020874709,0.005846451860184683
physics_guided_NN,50,1750,2,446,6.279253966662661,6.4862075,-0.20695351853631383,25.117015866650643,25.864422,-0.7474059778317788,56.51328569996395,60.096664,-3.583378728746986,100.46806346660256,104.35876,-3.8906935524404105,0.0014386584783782,0.0021487018,-0.000710043330968476,0.0005717533138448,0.00063682446,-6.507115104630588e-05
physics_guided_NN,50,1750,2,447,11.667032511335082,11.720374,-0.053341596025758165,46.66813004534033,47.06645,-0.39831816632959516,105.00329260201572,105.40098,-0.3976854863631871,186.6725201813613,187.95712,-1.2846026213730681,3.284845874449921e-05,6.997436e-05,-3.7125902650498476e-05,1.11500591916143e-05,-0.00014090554,0.00015205559951170526
physics_guided_NN,50,1750,2,448,5.106397401966825,5.1386824,-0.0322849634506559,20.4255896078673,20.536665,-0.11107535490125642,45.95757661770143,46.449337,-0.49176038791380705,81.7023584314692,81.216644,0.4857141443598181,0.0052983523610702,0.0051863934,0.00011195896972922888,0.0028186679489898,0.002614481,0.0002041870400296959
physics_guided_NN,50,1750,2,449,7.833954736792751,7.88058,-0.046625211632542296,31.335818947171003,31.763016,-0.4271967998993098,70.50559263113476,71.421524,-0.915931416716802,125.343275788684,126.73111,-1.3878338304566284,0.0007715231481899,0.0011882152,-0.00041669206936317913,0.000286712801252,0.00055386155,-0.0002671487502004281
physics_guided_NN,50,1750,2,450,9.536844296526269,9.632385,-0.09554095737998125,38.14737718610508,38.242695,-0.09531766863124602,85.83159866873642,86.41454,-0.58294448311905,152.5895087444203,153.1174,-0.527892378626575,0.0052137357944636,0.01047304,-0.0052593041380854,0.0031964129327083,0.005958103,-0.002761690176442825
physics_guided_NN,50,1750,2,451,29.347593248471984,29.601257,-0.25366407574676586,117.39037299388794,118.641,-1.2506258464440947,264.1283392362479,266.05707,-1.9287286348458679,469.56149197555175,473.26434,-3.7028512861670038,1.9941814951186552e-05,-0.0006383216,0.0006582634390886478,1.0716534372491029e-05,-0.00025030915,0.0002610256871339653
physics_guided_NN,50,1750,2,452,7.024433946896661,7.382173,-0.3577391144741888,28.097735787586643,29.093737,-0.9960008609729272,63.21990552206995,65.731926,-2.512020442285518,112.39094315034656,116.92965,-4.538706202680785,0.0006015883217477,0.0010599083,-0.0004583199816844666,0.0002761832250864,0.000422065,-0.00014588177566186183
physics_guided_NN,50,1750,2,453,9.42359914975412,9.296741,0.1268586178327329,37.694396599016486,37.320724,0.37367211171179804,84.8123923477871,83.575806,1.236586683724596,150.77758639606594,149.4565,1.3210892036831297,0.0002970198177279,0.00055839296,-0.0002613731419189806,0.0001501162824136,0.0004271151,-0.00027699881499551425
physics_guided_NN,50,1750,2,454,1.3550370193236496,1.5602992,-0.20526213877266386,5.420148077294599,5.8504686,-0.4303205582644827,12.195333173912848,11.449862,0.7454716474235905,21.6805923091784,21.862553,-0.18196033364386466,0.0863990689536571,0.07214963,0.0142494420429706,0.0410992394309355,0.038769454,0.0023297856669737063
physics_guided_NN,50,1750,2,455,5.821228998938319,5.8087406,0.012488383093592681,23.28491599575328,23.133957,0.15095908657359303,52.39106099044488,52.275875,0.11518589889214326,93.13966398301312,93.04458,0.09508543076702836,0.0032302407516443,0.0030579641,0.0001722766055070623,0.001322795934052,0.0011460913,0.00017670466937942252
physics_guided_NN,50,1750,2,456,9.625133837918709,10.07369,-0.44855657651000236,38.500535351674834,40.363087,-1.8625513487646188,86.62620454126838,90.83202,-4.20581907933709,154.00214140669934,161.03307,-7.0309243891991,0.0004583349412275,0.0015886187,-0.0011302837908300119,0.0001570040989499,0.0007074993,-0.0005504951764997634
physics_guided_NN,50,1750,2,457,4.735142021518095,5.0506797,-0.31553766216720813,18.94056808607238,20.185652,-1.2450836931024263,42.61627819366286,44.8356,-2.2193236129777674,75.76227234428951,80.2066,-4.444324030222205,0.0007423741963538,0.00040193406,0.0003404401405094782,0.0004112411618153,0.00045300144,-4.176027938589512e-05
physics_guided_NN,50,1750,2,458,12.048392902965476,12.241839,-0.19344650590903534,48.1935716118619,48.978123,-0.7845510993197422,108.43553612668929,110.031105,-1.5955689148146206,192.7742864474476,195.26945,-2.495168508607094,0.0007814990602717,0.00048787045,0.0002936286108385968,0.0003719255023311,0.0004775355,-0.00010561000228383432
physics_guided_NN,50,1750,2,459,21.13947754683293,21.169626,-0.030148689128985495,84.55791018733171,84.7578,-0.19988705387922323,190.2552979214964,189.61032,0.6449768765745318,338.23164074932686,338.2384,-0.006762570985642924,0.0001067076321749,-0.00080660416,0.0009133117949647813,6.163865240561377e-05,-0.00028807382,0.0003497124699064584
physics_guided_NN,50,1750,2,460,4.8769701280652855,4.7916374,0.08533270741098864,19.507880512261146,19.142313,0.36556750872110655,43.892731152587565,43.756157,0.13657423120084644,78.03152204904457,77.347855,0.6836674347867557,0.0001906628125155,-0.00014968785,0.000340350666506554,7.088385859241336e-05,-0.00019011127,0.00026099512865038215
physics_guided_NN,50,1750,2,461,2.592798600128094,2.9321692,-0.3393705988617741,10.371194400512376,11.160108,-0.7889132120974871,23.33518740115285,25.651999,-2.31681111874461,41.48477760204951,45.3102,-3.8254221354993163,0.0090755145328503,0.0087359855,0.0003395290377002109,0.0038401099670633,0.0035623617,0.0002777482666029853
physics_guided_NN,50,1750,2,462,5.047077164491515,4.9716706,0.07540653689752119,20.18830865796606,19.757036,0.431272448859616,45.423694480423634,44.272217,1.1514776835486344,80.75323463186425,81.77991,-1.0266725946982547,0.0135994968639527,0.019268263,-0.005668766267427381,0.0065182318301061,0.008513725,-0.001995493532612005
physics_guided_NN,50,1750,2,463,4.555845678326203,4.6362762,-0.08043056679098459,18.22338271330481,18.245834,-0.02245163728112587,41.00261110493583,39.284306,1.718305532426065,72.89353085321925,73.837685,-0.9441537781284097,0.0012804621025684,0.0012031778,7.728425653154855e-05,0.0005698445171372,0.0007371512,-0.00016730667210435827
physics_guided_NN,50,1750,2,464,5.0040551643863145,4.9403863,0.06366886906771096,20.01622065754525,19.562338,0.4538827821790399,45.03649647947683,43.73395,1.3025449108733156,80.06488263018103,78.618454,1.4464286506888442,0.0032740799087478,0.003493093,-0.0002190130454109828,0.001792921318311,0.0019722816,-0.00017936028855690942
physics_guided_NN,50,1750,2,465,17.331254318865753,17.172848,0.15840657106301848,69.32501727546301,69.093605,0.23141223395910515,155.98128886979177,154.18086,1.800426443033956,277.30006910185205,275.3434,1.9566547952114206,0.0002682890698234,-0.00022040271,0.00048869178124372,0.0001486359574875,-2.5402449e-05,0.000174038406442492
physics_guided_NN,50,1750,2,466,23.66891828777028,23.553783,0.11513487102223152,94.67567315108111,94.78011,-0.10444006913373016,213.02026458993248,212.54697,0.4732980371981057,378.70269260432445,377.38974,1.3129526140900794,3.470749587365628e-05,3.972924e-06,3.073457199577444e-05,1.730134464464268e-05,-0.00027276474,0.00029006608166395805
physics_guided_NN,50,1750,2,467,8.501309975549521,8.562709,-0.0613988791257718,34.005239902198085,34.14843,-0.14318996840738407,76.5117897799457,76.48135,0.030436020180076184,136.02095960879234,136.59212,-0.5711577007779738,0.0011451639476688,0.000931193,0.0002139709433065149,0.0005537797495862,0.0006265627,-7.278293751650526e-05
physics_guided_NN,50,1750,2,468,11.469806764163344,11.6019125,-0.13210573431077677,45.87922705665337,46.345196,-0.4659687136103017,103.22826087747008,103.49071,-0.2624465199908599,183.51690822661348,185.78065,-2.2637466806130817,0.0004717387290034,0.00020979242,0.00026194631374120005,0.0002600780237704,0.00022762346,3.245456470227302e-05
physics_guided_NN,50,1750,2,469,3.846689483651373,4.028461,-0.18177149581029672,15.386757934605493,16.151342,-0.7645844573622806,34.620205352862364,35.814785,-1.1945796507997457,61.54703173842197,63.699017,-2.1519848326229507,0.0187798117190261,0.021377455,-0.002597643724117745,0.0100230414065008,0.012045095,-0.00202205333687021
physics_guided_NN,50,1750,2,470,2.589188253216009,2.9345295,-0.34534128970696454,10.356753012864038,11.446853,-1.090099671156958,23.302694278944088,25.276075,-1.9733810842150916,41.42701205145615,45.446003,-4.0189909087489255,0.0023732021398305,0.0029280814,-0.0005548792943895755,0.0013896212446625,0.0014496654,-6.0044159262382345e-05
physics_guided_NN,50,1750,2,471,5.15406776380301,5.282942,-0.128874054434295,20.61627105521204,20.768826,-0.15255447579382064,46.38660987422709,46.781948,-0.3953382153725187,82.46508422084815,84.10623,-1.64114746860497,0.002279303530853,0.0031033684,-0.0008240649191031788,0.0010623916237312,0.0013614792,-0.0002990875440952738
physics_guided_NN,50,1750,2,472,6.533364890638045,6.6287417,-0.0953768505423751,26.13345956255218,26.283865,-0.15040541242340666,58.8002840157424,59.57117,-0.7708867911423667,104.53383825020872,104.5634,-0.029562018345970387,0.000526063695466,0.00036494425,0.00016111944397896843,0.0002858742152763,0.00013999974,0.000145874473471514
physics_guided_NN,50,1750,2,473,12.793028341790706,12.88124,-0.08821154926154051,51.17211336716282,51.825233,-0.6531200923098339,115.13725507611636,116.933624,-1.796369191461764,204.6884534686513,206.09254,-1.4040910870127732,0.0001420508456987,6.0584298e-05,8.146654780024167e-05,4.691146235487304e-05,-6.761278e-05,0.00011452424435916237
physics_guided_NN,50,1750,2,474,9.757580841633295,10.36727,-0.6096896280322319,39.03032336653319,41.178307,-2.147983213056655,87.81822757469968,93.08113,-5.262903406745636,156.12129346613276,164.59454,-8.473249990898495,0.0002016789333795,0.00091421546,-0.0007125365261088322,8.415177550027412e-05,0.00040298453,-0.0003188327540005531
physics_guided_NN,50,1750,2,475,9.3116812821914,9.470818,-0.15913628372656952,37.2467251287656,37.885616,-0.6388911737246374,83.8051315397226,85.47767,-1.6725372224844364,148.9869005150624,151.98515,-2.9982526831797998,0.0018770066558112,0.00182157,5.543667382640577e-05,0.0007147755018495,0.00085963245,-0.00014485694597810744
physics_guided_NN,50,1750,2,476,4.871440727523472,4.941827,-0.07038609285006281,19.48576291009389,20.139685,-0.653921767030134,43.84296654771125,45.24157,-1.3986029713317194,77.94305164037556,80.03863,-2.095575984136161,0.0077700990431565,0.0053953854,0.0023747136064428045,0.0043934870187507,0.0030214724,0.0013720146522239775
physics_guided_NN,50,1750,2,477,4.600168998009698,4.722656,-0.12248677515314377,18.400675992038792,18.867199,-0.46652295205300476,41.40152098208728,41.620796,-0.21927522152600432,73.60270396815517,75.25005,-1.6473494376065503,0.0021523140169207,0.001595708,0.000556606057425215,0.0014421525489619,0.0013824984,5.9654129118285855e-05
physics_guided_NN,50,1750,2,478,2.7365041701286192,2.8631427,-0.12663855867692275,10.946016680514475,11.242242,-0.29622517892156,24.628537531157576,26.187258,-1.5587202355660565,43.78406672205791,45.70795,-1.9238838699831078,0.0058070149575364,0.0052859546,0.0005210603890013106,0.002608548026528,0.002242667,0.00036588112450742626
physics_guided_NN,50,1750,2,479,13.867832764128174,13.971589,-0.1037563243117674,55.471331056512696,55.806168,-0.3348365460263665,124.81049487715356,125.70291,-0.892416499799566,221.8853242260508,223.99051,-2.1051848071523125,0.0002829612411815,0.00037334385,-9.038260860598859e-05,0.0001309241807784,7.148793e-05,5.9436252852627025e-05
physics_guided_NN,50,1750,2,480,9.365056110978236,9.49754,-0.13248436295975274,37.46022444391295,38.093494,-0.6332699713702539,84.28550499880416,85.46738,-1.1818717101802179,149.8408977756518,152.38696,-2.546065114973203,0.0010476305274464,0.0012962933,-0.0002486628122456561,0.000452907289197,0.00067773584,-0.00022482854658245827
physics_guided_NN,50,1750,2,481,4.672145588555732,4.856002,-0.1838562653871394,18.688582354222927,19.514847,-0.8262644475348857,42.04931029700159,43.26957,-1.2202590999710665,74.75432941689171,76.764114,-2.0097849629911053,0.0011512595625123,0.0021087462,-0.0009574866457382227,0.0005579646993235,0.00094605755,-0.0003880928536139182
physics_guided_NN,50,1750,2,482,18.04491169621069,18.223948,-0.17903582881372415,72.17964678484276,73.01874,-0.8390910081259904,162.4042052658962,163.98972,-1.58551031027568,288.71858713937104,291.45294,-2.7343547551602114,7.961404994813343e-05,-0.0001883843,0.00026799835691446053,2.536399801157736e-05,-0.00028613294,0.0003114969392669233
physics_guided_NN,50,1750,2,483,11.858555658889498,11.818208,0.04034791810580707,47.434222635558,47.18711,0.24711173467909475,106.72700093000547,106.434845,0.29215595930234883,189.736890542232,189.6031,0.1337869045366915,5.065161545413394e-05,-0.00037419153,0.0004248431434075053,2.827322056235568e-05,-0.00017817125,0.00020644446955246672
physics_guided_NN,50,1750,2,484,4.274572875131773,4.2763233,-0.001750443349672004,17.098291500527093,17.231995,-0.13370312837915677,38.47115587618596,39.435402,-0.9642460403179456,68.39316600210837,69.62275,-1.2295833265049083,0.0010266419836355,0.0007605598,0.0002660821761039645,0.0003917176447685,0.0002681828,0.00012353484019331007
physics_guided_NN,50,1750,2,485,18.642704432997824,18.767452,-0.12474780699240995,74.5708177319913,75.19137,-0.620550371036046,167.7843398969804,169.40633,-1.6219863969648998,298.2832709279652,300.74008,-2.456810859144184,2.2776345948410984e-05,-0.00010060994,0.0001233862869489955,7.212722337110209e-06,-0.00032719542,0.0003344081415685399
physics_guided_NN,50,1750,2,486,5.983063624841268,6.1845727,-0.20150907184452294,23.932254499365072,24.640442,-0.7081873951661777,53.847572623571416,55.070618,-1.2230450522098337,95.72901799746028,99.563446,-3.8344280474616,0.0011293563503629,0.0015461863,-0.00041682992821126877,0.0005113188035499,0.0006131323,-0.00010181351353491909
physics_guided_NN,50,1750,2,487,7.455756711300488,7.8065467,-0.3507899767793461,29.82302684520195,30.755293,-0.9322660472541031,67.10181040170438,69.48537,-2.3835564195846786,119.2921073808078,123.63772,-4.3456108198757875,0.0001616645695494,0.00030071047,-0.00013904589830511472,6.92276303175298e-05,0.0002006931,-0.00013146547235237235
physics_guided_NN,50,1750,2,488,15.963023585895812,16.061655,-0.09863145865985246,63.852094343583246,64.55975,-0.7076590743855036,143.66721227306232,144.51955,-0.8523342357267438,255.40837737433296,256.6163,-1.2079251159014177,0.000527439014806,-0.00020767991,0.0007351189285344979,0.0002567121024683,5.3740373e-06,0.00025133806516780153
physics_guided_NN,50,1750,2,489,9.050123738456378,9.685922,-0.6357979305499697,36.20049495382551,38.412666,-2.2121713669752694,81.45111364610742,87.01099,-5.559872682017584,144.80197981530205,153.72682,-8.924842084112015,0.000190123235559,0.000493592,-0.00030346876500742296,8.167704772703131e-05,0.00034992778,-0.00026825073318988303
physics_guided_NN,50,1750,2,490,6.024240923737268,6.146863,-0.12262205996634545,24.09696369494907,24.32027,-0.22330684338100681,54.21816831363542,55.630753,-1.4125842498411458,96.38785477979629,98.0635,-1.6756446708873085,0.0002251900884384,0.00013384306,9.134702913609233e-05,8.111090485903164e-05,-0.00014312442,0.00022423532121314396
physics_guided_NN,50,1750,2,491,3.065720658779973,3.4897,-0.4239794201842604,12.262882635119892,13.313737,-1.0508542804684868,27.59148592901976,30.050535,-2.459049273006606,49.05153054047957,52.945133,-3.8936026687489473,0.0095350828270864,0.0102126775,-0.0006775947038579477,0.0042832921269601,0.004096682,0.00018660994351559976
physics_guided_NN,50,1750,2,492,7.968024073862097,7.550158,0.41786605002786814,31.872096295448387,30.350447,1.521649594398582,71.71221666475887,68.04057,3.6716435446416824,127.48838518179356,120.19835,7.290036182770123,0.0033646581469745,0.0037468981,-0.0003822399993717116,0.0016706080945524,0.0019092312,-0.0002386230904293633
physics_guided_NN,50,1750,2,493,10.107433286483412,10.6858015,-0.5783682195590689,40.429733145933646,42.719383,-2.2896500938124476,90.9668995783507,95.696976,-4.730076129657107,161.71893258373458,170.45183,-8.732895419195103,0.0012127582198013,0.00079916127,0.000413596954197102,0.0006490456458574,0.0005748079,7.423771837929518e-05
physics_guided_NN,50,1750,2,494,16.997503871649254,17.012703,-0.015199070245277113,67.99001548659702,68.203476,-0.21346046555142095,152.9775348448433,153.48471,-0.5071758485160842,271.96006194638807,271.30798,0.6520785479505662,0.0005272895416928,4.902286e-05,0.00047826668223561824,0.0002607974185064,0.00010569983,0.0001550975886327711
physics_guided_NN,50,1750,2,495,7.73184203994365,7.905124,-0.17328214752583282,30.9273681597746,31.662697,-0.7353286786043078,69.58657835949286,71.02048,-1.4338989354290135,123.7094726390984,126.0733,-2.3638305835578564,0.0001029039879054,-0.00051436445,0.0006172684400066902,5.7616094548844535e-05,-4.0522937e-05,9.813903116400613e-05
physics_guided_NN,50,1750,2,496,8.2774721584624,8.406525,-0.12905249974072497,33.1098886338496,33.54704,-0.43715039813282175,74.4972494261616,75.40919,-0.9119378907329292,132.4395545353984,134.18353,-1.7439781794453495,0.0004807379311623,0.00039149207,8.92458640245669e-05,0.0001686017289916,9.155886e-05,7.704286826028885e-05
physics_guided_NN,50,1750,2,497,5.704889133459517,5.8532457,-0.14835660170894016,22.819556533838067,23.521818,-0.7022616271726747,51.34400220113565,51.50355,-0.15954928201864504,91.27822613535228,92.534355,-1.2561290282219346,0.0025300261310039,0.0021243114,0.0004057147285638288,0.0012861460798805,0.0014257078,-0.00013956174930433024
physics_guided_NN,50,1750,2,498,10.773340529433431,10.835709,-0.062368088730631044,43.09336211773373,42.87418,0.2191822776458423,96.9600647649009,97.172356,-0.21229088695456255,172.37344847093493,173.16737,-0.7939251862916308,0.000697826499233,0.0006331437,6.468279577975724e-05,0.0002714411497357,8.921845e-05,0.00018222270263439756
physics_guided_NN,50,1750,2,499,8.851418923480306,8.886747,-0.035328436749185954,35.405675693921225,35.451096,-0.045419887133462566,79.66277031132276,80.11028,-0.4475125866264591,141.6227027756849,141.82481,-0.20211106708853777,0.0003208457310582,0.00035956912,-3.872339218943837e-05,0.0001443250593749,0.00020417322,-5.984816292569655e-05
physics_guided_NN,50,1750,2,500,6.536964629818418,6.7852244,-0.24825980789520496,26.147858519273672,26.920364,-0.7725058606091402,58.83268166836576,60.00891,-1.1762294644467417,104.59143407709468,108.01205,-3.4206127368701686,0.000349084565059,0.00014693233,0.0002021522326317591,0.0001856378518482,0.00032857977,-0.0001429419201827347
physics_guided_NN,50,1750,2,501,37.123406383208525,37.144543,-0.021136310883271392,148.4936255328341,148.01944,0.47418583556847693,334.11065744887674,333.82425,0.28640818129861145,593.9745021313364,593.52783,0.44667010008640773,5.2788917078620174e-05,-0.000899796,0.0009525849419748247,2.751713052672088e-05,-0.00040250123,0.0004300183618189836
physics_guided_NN,50,1750,2,502,11.468765948749056,11.674948,-0.2061817898984053,45.87506379499622,46.75869,-0.8836260853748712,103.2188935387415,104.81016,-1.591264237137409,183.5002551799849,188.4327,-4.932438301460422,1.1167985842777043e-05,-0.0011804054,0.0011915733651157744,6.312840898354442e-06,-0.00033426602,0.00034057886111626485
physics_guided_NN,50,1750,2,503,7.746600842449795,7.7386646,0.007936215374599875,30.98640336979918,30.728521,0.2578820227532823,69.71940758204816,69.48764,0.2317672011887879,123.94561347919672,122.53303,1.4125858302709418,0.0004651016052427,0.00084661867,-0.0003815170647961789,0.0001686797427585,0.0002368354,-6.815566072579233e-05
physics_guided_NN,50,1750,2,504,5.813857737183127,6.1127934,-0.2989357084040316,23.255430948732503,24.592878,-1.3374473929423019,52.32471963464815,55.118446,-2.793726715449509,93.02172379493004,96.90447,-3.882748556144179,0.0006383992138725,0.0006234151,1.4984106033690513e-05,0.0003789683646119,0.00035341116,2.555720443528012e-05
physics_guided_NN,50,1750,2,505,7.558766223228334,7.6340013,-0.07523503180706648,30.235064892913336,30.690845,-0.45578059658861747,68.028896009055,69.32821,-1.2993129142848403,120.94025957165334,122.74534,-1.8050788682880636,0.0008979711003423,0.00091777265,-1.9801545719776072e-05,0.0003111290301485,0.00045989951,-0.0001487704845322283
physics_guided_NN,50,1750,2,506,2.052027990911536,2.1844876,-0.13245959034151555,8.208111963646141,8.948127,-0.7400148292615736,18.46825191820382,18.521769,-0.05351665174246989,32.832447854584565,33.121235,-0.2887870392142631,0.0088355464550535,0.00954818,-0.0007126333502252783,0.0043816524740428,0.005499084,-0.0011174315404027437
physics_guided_NN,50,1750,2,507,5.4491535196174725,5.253799,0.19535455797806822,21.79661407846989,21.056652,0.7399620093780932,49.042381676557255,47.34925,1.693130883100224,87.18645631387956,85.04529,2.1411682279420603,0.0050243116478958,0.0059307865,-0.0009064748388192779,0.0021513013277229,0.0023794584,-0.0002281570699039768
physics_guided_NN,50,1750,2,508,11.824797694684513,11.627737,0.19706064939642687,47.29919077873805,46.407238,0.8919527721462543,106.42317925216062,105.14409,1.2790905070434349,189.1967631149522,186.68378,2.512986259483455,0.0002660740552655,0.00040419018,-0.00013811612951582784,0.0001125498461792,0.00012467646,-1.2126612474793903e-05
physics_guided_NN,50,1750,2,509,38.47489175071352,38.07646,0.39842995872133,153.89956700285407,152.12035,1.7792209335181326,346.2740257564217,343.81223,2.461800414624804,615.5982680114163,606.7349,8.86334369501003,7.688122123916642e-05,-0.0012952421,0.0013721233305751253,2.353435482123847e-05,-0.00051606115,0.0005395955020304953
physics_guided_NN,50,1750,2,510,20.16198609182005,20.364328,-0.2023422925793632,80.6479443672802,81.1804,-0.5324526664112028,181.45787482638048,183.25977,-1.8018907986195245,322.5917774691208,326.33688,-3.7451060758010613,0.0006472006502847,-0.00034294705,0.000990147702843584,0.0003365394546811,8.0994636e-05,0.0002555448187442959
physics_guided_NN,50,1750,2,511,7.596354706749549,7.9467278,-0.3503730459359975,30.3854188269982,31.833416,-1.4479971581092208,68.36719236074595,71.74983,-3.3826397925743663,121.5416753079928,126.54223,-5.0005533907376645,5.844647627194301e-05,-0.000545154,0.0006036004526900209,2.0830772031916287e-05,-3.391078e-05,5.4741551197951644e-05
physics_guided_NN,50,1750,2,512,38.507649234573634,38.227074,0.28057556514004034,154.03059693829454,153.43504,0.5955536033335989,346.5688431111627,343.262,3.306849702959596,616.1223877531781,612.067,4.055371151615645,6.012825594429279e-06,-0.0010316732,0.0010376859897013348,3.468645947141803e-06,-0.00047359001,0.0004770586606823786
physics_guided_NN,50,1750,2,513,10.211456714067603,10.526585,-0.31512791117653727,40.84582685627042,41.92986,-1.0840323051065326,91.90311042660844,95.289604,-3.386493760403283,163.38330742508168,167.91829,-4.53498175948863,0.0001312163511134,0.00027440526,-0.00014318891062110054,6.639760246715507e-05,0.00033485107,-0.00026845346295059657
physics_guided_NN,50,1750,2,514,11.395279411136956,11.776384,-0.38110494250073934,45.581117644547824,47.327232,-1.7461147162920199,102.5575147002326,105.72082,-3.163302865685367,182.3244705781913,187.8477,-5.523231448175892,0.000265773124682,-0.0004038942,0.0006696673235075828,0.0001109324342722,-8.274049e-05,0.00019367292168661222
physics_guided_NN,50,1750,2,515,8.237774894631448,8.316269,-0.07849402626698954,32.95109957852579,33.344994,-0.3938940127828019,74.13997405168303,74.17052,-0.030542916090411154,131.80439831410317,132.43831,-0.6339104017171451,0.000633001030152,0.00070887,-7.58689775045146e-05,0.0002769351117803,0.0006369474,-0.00036001228769065515
physics_guided_NN,50,1750,2,516,16.60656170031878,16.489714,0.11684803149553957,66.42624680127513,65.80361,0.6226350459040333,149.45905530286902,148.62097,0.8380836231815181,265.7049872051005,264.7675,0.9375006328348832,2.397565110033093e-05,-0.00039653256,0.00042050821063486577,1.4565290955339462e-05,7.232845e-05,-5.7763155594023975e-05
physics_guided_NN,50,1750,2,517,4.516676120078229,4.5422096,-0.025533505165912018,18.066704480312914,18.198349,-0.13164451871052307,40.65008508070406,41.255043,-0.604957949081097,72.26681792125166,72.449425,-0.18260682240068604,0.0046846364608687,0.005458739,-0.000774102659644501,0.0020754051349244,0.0024802904,-0.00040488522954965816
physics_guided_NN,50,1750,2,518,9.519263440096095,9.470834,0.048429661714747496,38.07705376038438,37.94584,0.13121483216172436,85.67337096086484,85.62742,0.04595244279843769,152.30821504153752,151.81721,0.49100007571720994,0.0007035759723228,0.0005131316,0.000190444358479657,0.0003398238100473,0.0004063345,-6.651068675441905e-05
physics_guided_NN,50,1750,2,519,16.594036884946302,16.826809,-0.23277204449705735,66.37614753978521,67.411194,-1.035046307871042,149.3463319645167,151.78542,-2.439083684897355,265.50459015914083,268.24353,-2.7389401142966676,0.0003716415850141,-0.00011633532,0.0004879769076870669,0.0001866722447355,3.311348e-05,0.00015355876500482686
physics_guided_NN,50,1750,2,520,8.737211694320672,8.818942,-0.08173037568665187,34.94884677728269,35.053238,-0.1043911377563731,78.63490524888606,79.75661,-1.121701806778006,139.79538710913076,141.38522,-1.5898362795411174,0.0002015693380491,0.00052493287,-0.00032336352979828306,7.898039191072972e-05,0.00014526614,-6.628574622286318e-05
physics_guided_NN,50,1750,2,521,4.1256851748156125,4.0875797,0.038105447642760915,16.50274069926245,16.161469,0.3412721934030749,37.13116657334052,35.27203,1.8591366966315377,66.0109627970498,65.71697,0.2939904459755809,0.0009816144450834,0.0010728951,-9.128068599049207e-05,0.0004582025484459,0.0004329694,2.5233157332752885e-05
physics_guided_NN,50,1750,2,522,7.658164783935409,7.7402744,-0.08210964538587984,30.63265913574164,30.815632,-0.18297273071343767,68.92348305541869,69.89888,-0.9753969494641268,122.53063654296656,122.31168,0.21895288818140557,0.0001531046516276,-0.0002313369,0.000384441555735193,9.404109461986997e-05,-0.00021936551,0.0003134066037303729
physics_guided_NN,50,1750,2,523,13.969370536831208,13.891858,0.07751243594009516,55.877482147324834,55.4584,0.4190814210064744,125.72433483148087,125.223114,0.5012208178089992,223.5099285892993,222.4866,1.0233258060961816,9.59059207991423e-05,6.5154345e-06,8.93904862925602e-05,5.154257423933925e-05,-0.00016670993,0.00021825250196494492
physics_guided_NN,50,1750,2,524,12.141775795501944,11.733821,0.40795488027977633,48.56710318200778,47.060856,1.5062473165292616,109.27598215951753,105.57466,3.701320904634713,194.2684127280311,188.11456,6.153849739749859,0.0004865880755576,-2.5164434e-05,0.000511752509749138,0.000232475000082,0.00014126285,9.121215203539173e-05
physics_guided_NN,50,1750,2,525,2.550028780916782,2.5635226,-0.013493796368984512,10.200115123667128,9.7352495,0.4648656043189838,22.950259028251043,22.699228,0.2510307415078792,40.80046049466851,39.075314,1.725146926553279,0.0098959616075469,0.010382951,-0.0004869896297143954,0.0047377004384824,0.004269145,0.0004685554750093182
physics_guided_NN,50,1750,2,526,11.540201565621164,11.77975,-0.23954830467912913,46.160806262484655,46.956425,-0.7956184506501103,103.86181409059049,106.07197,-2.210153988022796,184.64322504993865,187.91203,-3.2688080311160377,0.0001705391264895,0.00022442163,-5.388250377475989e-05,9.286674920912932e-05,0.00013756666,-4.469991236947377e-05
physics_guided_NN,50,1750,2,527,9.459397345605629,9.619216,-0.15981861966536748,37.83758938242251,38.22456,-0.3869704015130395,85.13457611045064,85.8319,-0.6973254398423308,151.35035752969003,152.94704,-1.596679213474033,0.0031057405270782,0.0025754315,0.0005303090423491486,0.0013018344636597,0.0009790944,0.000322740046825286
physics_guided_NN,50,1750,2,528,2.4668943649042228,2.5282714,-0.06137707178706142,9.867577459616893,9.860705,0.006872083945506091,22.20204928413801,23.0801,-0.8780498216969512,39.47030983846757,40.650677,-1.1803668888273506,0.0126737241546779,0.012973955,-0.00030023074642130526,0.0057742592397636,0.005721734,5.252533438859612e-05
physics_guided_NN,50,1750,2,529,6.881763774309415,7.280504,-0.3987404523751552,27.52705509723766,28.990654,-1.4635988944615583,61.93587396878475,65.468506,-3.5326318905902525,110.10822038895064,114.83697,-4.728747079311077,0.0075987050439174,0.0076250117,-2.630668329645959e-05,0.0044965519507555,0.0038917437,0.0006048082311777107
physics_guided_NN,50,1750,2,530,3.615736370530539,3.8797548,-0.26401841119248326,14.462945482122157,15.21901,-0.7560648709662221,32.54162733477486,33.868412,-1.326784683047407,57.85178192848863,59.91395,-2.0621699452906697,0.0031428726682898,0.0031081233,3.4749350928921924e-05,0.0012340591756954,0.0011417345,9.232463802687392e-05
physics_guided_NN,50,1750,2,531,7.169670764613766,7.2394657,-0.0697949488872105,28.678683058455064,28.738005,-0.05932162599317792,64.5270368815239,65.13151,-0.6044709920112581,114.71473223382026,115.92714,-1.2124070484063054,0.0004201411645381,0.0007387948,-0.0003186536344246719,0.0002042139354975,0.00041558975,-0.00021137581222010403
physics_guided_NN,50,1750,2,532,9.053769032736689,9.184833,-0.13106354020032285,36.21507613094676,36.77607,-0.5609935101665187,81.4839212946302,82.553925,-1.070003265916668,144.86030452378702,146.83224,-1.971940349259853,0.0015403369009138,0.0015563465,-1.6009641288136298e-05,0.000916081516075,0.00086342875,5.2652764602616284e-05
physics_guided_NN,50,1750,2,533,5.317715562221599,5.408528,-0.09081228888313753,21.270862248886395,21.672031,-0.4011691537014954,47.85944005999439,48.280254,-0.4208143040192809,85.08344899554558,86.797226,-1.7137769566028567,0.0031645573634797,0.0028349655,0.0003295918885761165,0.0017035607961663,0.0015347897,0.00016877111193770093
physics_guided_NN,50,1750,2,534,5.964191982230467,5.8644896,0.09970242687158049,23.85676792892187,23.420946,0.4358218077060485,53.677727840074205,52.50586,1.1718684650742048,95.42707171568748,93.12516,2.301911498402319,0.000112928137489,0.00051753025,-0.0004046021128740519,5.05227186256896e-05,0.00023938723,-0.00018886450871304913
physics_guided_NN,50,1750,2,535,5.57921110070059,5.811177,-0.23196567618539632,22.31684440280236,23.106764,-0.7899194369193197,50.21289990630532,52.119972,-1.907072322698589,89.26737761120944,92.75279,-3.4854147471889974,0.0007397578116747,0.0009979116,-0.00025815374494917614,0.0004069847478263,0.00056663045,-0.0001596457017853936
physics_guided_NN,50,1750,2,536,5.980561924235108,6.134262,-0.1537001607258297,23.92224769694043,24.406656,-0.4844085683183579,53.82505731811597,54.481956,-0.6568991638176271,95.68899078776172,97.62128,-1.9322860677070253,0.0011721436464134,0.0007745306,0.00039761306894005766,0.0005231398582874,0.00012253814,0.0004006017162647232
physics_guided_NN,50,1750,2,537,4.445327612947614,4.4582834,-0.012955811429827158,17.781310451790457,17.870464,-0.08915387316071488,40.00794851652853,39.513504,0.4944444882082166,71.12524180716183,70.57982,0.5454230815758905,0.0021559424395956,0.0014824144,0.0006735280086569389,0.0011027786523083,0.00091405615,0.00018872250718788793
physics_guided_NN,50,1750,2,538,1.6551186929301422,1.5363066,0.1188120732859772,6.620474771720569,6.2345324,0.38594241545836194,14.89606823637128,13.594393,1.3016754598820217,26.48189908688228,24.57082,1.9110792321459513,0.0230164260534935,0.022784924,0.0002315019188814174,0.0116591744921663,0.013069152,-0.001409977408542375
physics_guided_NN,50,1750,2,539,16.99136160921159,17.036005,-0.044643410930010674,67.96544643684636,68.36437,-0.3989258165716052,152.92225448290432,152.849,0.07325545946682155,271.86178574738545,273.28598,-1.4241944772239208,0.0003622750700869,6.1171966e-05,0.0003011031040058805,0.0001817700796606,-3.4941288e-05,0.00021671136725544737
physics_guided_NN,50,1750,2,540,6.694916618188316,7.0256815,-0.33076487747818817,26.779666472753263,28.160416,-1.3807491766607995,60.25424956369485,62.883797,-2.6295471281996825,107.11866589101304,111.24437,-4.1257036158229,0.0031711077184482,0.0022955923,0.0008755153843267344,0.0017394723823967,0.0016174085,0.00012206390842074352
physics_guided_NN,50,1750,2,541,7.978451738790416,7.7557855,0.22266627354993762,31.913806955161665,31.07358,0.8402271669536567,71.80606564911375,69.57658,2.2294894162035916,127.65522782064666,123.47293,4.182296912443533,0.004854120570109,0.005064349,-0.00021022858576406032,0.0025081882478915,0.0026472677,-0.00013907940664665457
physics_guided_NN,50,1750,2,542,7.834230773128736,8.157023,-0.3227926567418695,31.336923092514944,32.861073,-1.5241494477682593,70.50807695815864,73.03203,-2.523951240083548,125.34769237005978,130.71648,-5.368784070369912,0.0006470204361362,-9.140568e-05,0.0007384261161318597,0.0003350930743246,0.00035262303,-1.7529954123251558e-05
physics_guided_NN,50,1750,2,543,4.5540857316377,4.631561,-0.07747507082201643,18.2163429265508,18.404318,-0.1879749292841595,40.9867715847393,41.401478,-0.41470622898140164,72.8653717062032,74.109085,-1.2437133768046067,0.0072082890586085,0.0067633498,0.00044493930573531737,0.0028057521070871,0.0025493114,0.0002564407281163577
physics_guided_NN,50,1750,2,544,5.674429562320764,5.706856,-0.03242621160501713,22.697718249283056,22.422972,0.2747465238191893,51.06986606088688,51.341465,-0.27159893545101,90.79087299713224,91.53731,-0.7464347421255724,0.0077256804218856,0.010173656,-0.0024479756245049337,0.0037896862736146,0.0040158774,-0.00022619110362724973
physics_guided_NN,50,1750,2,545,9.00914107418707,9.243743,-0.23460186862298826,36.03656429674828,36.73102,-0.6944575843552343,81.08226966768363,83.26561,-2.1833400735273045,144.14625718699313,147.9938,-3.8475477446474997,0.0012092522581677,0.00066397095,0.0005452813118333975,0.0004631762803111,7.481182e-05,0.0003883644621165244
physics_guided_NN,50,1750,2,546,12.945907244131933,12.805424,0.14048350755966688,51.78362897652773,50.993122,0.7905068756976519,116.5131651971874,115.69328,0.8198821161327174,207.1345159061109,204.70665,2.427866125837454,7.577755760771052e-05,8.602105e-05,-1.0243491747911857e-05,4.647823319119343e-05,-3.2611817e-05,7.909005019628385e-05
physics_guided_NN,50,1750,2,547,3.328114398640752,3.5362127,-0.20809828408324682,13.312457594563009,14.424977,-1.1125197079882607,29.95302958776677,32.059296,-2.106266066530104,53.24983037825204,57.28845,-4.038617955488192,0.0145152561550858,0.013809549,0.0007057074641706931,0.0071917821741861,0.0067460495,0.00044573266945897513
physics_guided_NN,50,1750,2,548,6.430340719273352,6.37365,0.056690645268225204,25.72136287709341,25.502352,0.21901111622915082,57.87306647346017,57.39659,0.4764752869367328,102.88545150837363,101.72068,1.1647712715572283,0.0027566815595487,0.0026225979,0.0001340837086895347,0.0013443577526149,0.0013801061,-3.5748332365170485e-05
physics_guided_NN,50,1750,2,549,6.964034988096503,6.9907503,-0.02671532470867266,27.85613995238601,28.089912,-0.23377246216477232,62.67631489286854,63.295868,-0.6195530270533354,111.42455980954404,112.14248,-0.717919133327058,0.01046885872535,0.0066554137,0.0038134450679231657,0.0050902681435385,0.003500612,0.0015896561565735589
physics_guided_NN,50,1750,2,550,1.641896009204116,1.5355933,0.10630273794862277,6.567584036816464,6.263364,0.30422019862066296,14.777064082837043,12.621584,2.1554801442384104,26.27033614726585,22.91309,3.357246395068586,0.0452212868032776,0.02934642,0.015874867304953202,0.0246420056599265,0.01691769,0.007724315025199022
physics_guided_NN,50,1750,2,551,4.048919453589192,4.0850472,-0.03612779143644307,16.195677814356767,16.402388,-0.2067098046617879,36.440275082302726,36.93367,-0.49339496164258634,64.78271125742707,66.200676,-1.4179647069284016,0.0077216486002886,0.007789141,-6.749243255618157e-05,0.003949007532353,0.003981666,-3.265864143292465e-05
physics_guided_NN,50,1750,2,552,1.69896481582231,1.9020822,-0.20311738899641552,6.79585926328924,7.8506155,-1.0547562381145683,15.290683342400792,15.705019,-0.41433565479159107,27.18343705315696,30.40617,-3.2227328382004607,0.0668823166447299,0.076855525,-0.009973208729682631,0.0347879305254752,0.040894434,-0.006106503330535237
physics_guided_NN,50,1750,2,553,8.091053394511503,7.9872155,0.10383787556008706,32.36421357804601,32.039,0.3252121132022623,72.81948055060353,71.38934,1.4301372888847794,129.45685431218405,127.5796,1.877256839039518,0.0016864639550526,0.0009718243,0.000714639675066278,0.0008848199635591,0.00085872,2.6099979023972157e-05
physics_guided_NN,50,1750,2,554,8.337849791369003,8.41217,-0.07432061878724738,33.35139916547601,33.554016,-0.20261694780523953,75.04064812232103,75.39766,-0.35701117943678184,133.40559666190404,134.35175,-0.9461489435647081,0.0011711922657764,0.0005957027,0.0005754895924678486,0.0004474379094637,0.00022425417,0.00022318374263988818
physics_guided_NN,50,1750,2,555,6.711276834660852,6.681035,0.0302417928517702,26.84510733864341,26.888048,-0.04294083335366139,60.40149151194768,60.090942,0.3105491291351825,107.38042935457364,107.17599,0.20444211092129194,0.0019897118994155,0.001296258,0.0006934539499812791,0.0009987672428167,0.0006371269,0.00036164033091948765
physics_guided_NN,50,1750,2,556,2.1152573676832973,2.1994221,-0.08416475336467633,8.46102947073319,8.62869,-0.16766029519698655,19.03731630914968,21.535036,-2.497719777886452,33.84411788293276,38.255314,-4.411195990358259,0.051363959467393,0.0494733,0.001890658891182978,0.0308228699724276,0.027262995,0.0035598749528725077
physics_guided_NN,50,1750,2,557,3.878351466906913,4.1190343,-0.2406828234068077,15.51340586762765,16.185505,-0.6720990457024278,34.90516320216222,36.180298,-1.2751346494002789,62.0536234705106,65.63996,-3.58633777216518,0.0032448316949401,0.0033439053,-9.907362731360414e-05,0.0013528260717418,0.0012544353,9.839079233519275e-05
physics_guided_NN,50,1750,2,558,6.00180327182794,5.9103312,0.09147202259087983,24.00721308731176,23.54755,0.4596628858957459,54.01622944645146,51.388847,2.627382095377243,96.02885234924705,94.96059,1.0682658013954835,0.0032521694556644,0.003853399,-0.0006012296180406772,0.0012029070114032,0.0017349258,-0.000532018771836105
physics_guided_NN,50,1750,2,559,30.44393015945268,30.551718,-0.10778759872603061,121.7757206378107,122.9271,-1.1513804974431991,273.9953714350741,274.74222,-0.7468465825040198,487.1028825512428,489.39993,-2.2970503100852966,1.233214566272879e-05,-0.00047154873,0.00048388087593739115,4.708995279241084e-06,-0.00022118345,0.00022589244605539338
physics_guided_NN,50,1750,2,560,4.169786512702347,4.3246136,-0.15482705846464562,16.679146050809386,17.62016,-0.9410130983605356,37.52807861432113,37.53387,-0.0057920827003528075,66.71658420323755,67.88448,-1.1678991341647986,0.0287800943518493,0.03066982,-0.0018897252117779442,0.01667497227356,0.016342912,0.0003320604042725099
physics_guided_NN,50,1750,2,561,4.689550370699779,4.9528446,-0.2632942490511976,18.75820148279912,19.726875,-0.9686738223766618,42.20595333629802,43.373505,-1.1675513023738517,75.03280593119646,79.17525,-4.142441261186349,0.0009428241548873,0.0004917424,0.0004510817609540634,0.0004116133219919,0.00018454816,0.0002270651618142445
physics_guided_NN,50,1750,2,562,12.299671747422249,12.227561,0.07211075041297121,49.198686989688994,48.645226,0.5534614647866505,110.69704572680024,110.122185,0.5748609733822718,196.794747958756,194.71016,2.084588656998193,0.0015396157364993,0.0020060865,-0.00046647078435135846,0.0007513836384517,0.00066417205,8.721158464894158e-05
physics_guided_NN,50,1750,2,563,23.728149501989176,23.747068,-0.01891890316219147,94.9125980079567,95.4789,-0.5662990867698596,213.55334551790256,213.87941,-0.3260642721365059,379.6503920318268,381.23828,-1.5878892181731885,0.0017793299792269,0.00011978941,0.0016595405702995822,0.0010616834875302,0.00025212122,0.0008095622720768285
physics_guided_NN,50,1750,2,564,16.075670695426826,16.42922,-0.3535495041581349,64.3026827817073,65.58297,-1.2802868838200396,144.68103625884146,147.29999,-2.618951534127291,257.2107311268292,260.93686,-3.7261280040301585,0.0001338815679993,0.0002949372,-0.00016105563121517337,4.553117845959576e-05,2.7667804e-05,1.7863374653342985e-05
physics_guided_NN,50,1750,2,565,6.872145138108219,6.9757185,-0.10357336012176166,27.488580552432875,28.023006,-0.5344258867761091,61.84930624297398,61.60393,0.2453748159720277,109.9543222097315,113.407585,-3.453262934311468,0.0017171075655582,0.0015933713,0.00012373629440242534,0.0006134650789418,0.00076703733,-0.00015357225171916899
physics_guided_NN,50,1750,2,566,13.697276776233696,13.508413,0.1888634614143605,54.78910710493478,53.98884,0.8002689091339974,123.27549098610324,121.38435,1.8911373484079235,219.15642841973911,216.00821,3.1482191912234896,0.0006797051109233,-8.975398e-05,0.0007694590903328792,0.0004295262992644,0.00019610843,0.0002334178647986862
physics_guided_NN,50,1750,2,567,5.359517553966195,5.409116,-0.04959823735460578,21.43807021586478,21.225657,0.21241370646536595,48.23565798569576,47.60988,0.625779445656697,85.75228086345912,85.89779,-0.1455081380057237,0.0004521219025847,0.0003886073,6.351460712183835e-05,0.0001777737090027,0.00015318494,2.458876784779533e-05
physics_guided_NN,50,1750,2,568,1.4483506050395227,1.3078749,0.14047568705551394,5.793402420158091,5.073453,0.7199494706341651,13.035155445355706,11.638025,1.3971301615422291,23.173609680632364,21.746586,1.427023834685098,0.009147537929804,0.009664226,-0.000516688393562165,0.0047017824258236,0.0043206126,0.0003811697829095434
physics_guided_NN,50,1750,2,569,6.36154406679816,6.342189,0.019355231654117233,25.44617626719264,25.08505,0.3611256843068986,57.25389660118345,56.098328,1.155568964464699,101.78470506877056,101.17967,0.6050328275596257,0.0023801532957313,0.0033215862,-0.0009414328810217441,0.0010345501866013,0.0014718616,-0.0004373114282443932
physics_guided_NN,50,1750,2,570,10.12347574386519,9.815161,0.30831499252241734,40.49390297546076,39.528603,0.9653003753631069,91.11128169478673,88.41325,2.6980279106070384,161.97561190184305,156.4099,5.565715051257115,0.0015625324948718,0.0016125672,-5.003473153066158e-05,0.0008007763834067,0.0010879744,-0.00028719802430343503
physics_guided_NN,50,1750,2,571,7.752086959363663,7.856747,-0.10466019105747915,31.008347837454654,31.741026,-0.7326780872279635,69.76878263427298,70.196754,-0.4279718212934256,124.0333913498186,126.03847,-2.005076057407962,0.000709979928578,0.000447594,0.0002623859208680051,0.00025387002429,0.00047233477,-0.00021846474223763786
physics_guided_NN,50,1750,2,572,4.985360398839296,5.0511413,-0.06578086321514753,19.941441595357183,20.459826,-0.518383920389887,44.86824358955367,45.261757,-0.39351330741898494,79.76576638142873,81.04174,-1.2759740360517355,0.0037205840434205,0.0033433922,0.0003771918799054092,0.001868213687736,0.002073803,-0.0002055892975149499
physics_guided_NN,50,1750,2,573,9.527125882380249,9.738716,-0.21159024310803254,38.108503529521,38.888863,-0.7803590803422793,85.74413294142224,86.930885,-1.1867523735191696,152.43401411808398,156.34859,-3.914572918048833,0.0005730253851191,0.00024687537,0.00032615001869023305,0.0002884761355592,0.0004375175,-0.00014904136934708182
physics_guided_NN,50,1750,2,574,34.553400283402674,34.416214,0.13718629414486117,138.2136011336107,137.52345,0.6901483748216322,310.9806025506241,307.43207,3.5485346795303485,552.8544045344428,550.02527,2.8291359797552786,1.6742735984999097e-06,-0.0005571196,0.0005587938824552375,5.288688107036667e-07,-9.9447716e-05,9.99765847217866e-05
physics_guided_NN,50,1750,2,575,7.0233569327298895,7.1147428,-0.0913858231600031,28.09342773091956,28.264187,-0.1707591282112979,63.210212394569005,63.116425,0.09378783402213031,112.37371092367825,112.674126,-0.3004147477084729,0.0020796280878563,0.0021598213,-8.019324736999742e-05,0.0010588304905731,0.0013394979,-0.0002806673690166556
physics_guided_NN,50,1750,2,576,13.49606438032764,13.62437,-0.12830524094921536,53.98425752131056,54.475155,-0.49089735539842394,121.46457942294876,122.595604,-1.1310245199223345,215.93703008524224,217.48895,-1.5519225514765083,0.0003048425813766,0.0005275606,-0.00022271801311506058,0.0001569517813417,0.000109956905,4.699487597950374e-05
physics_guided_NN,50,1750,2,577,1.8564341224853305,1.9164407,-0.060006602841207624,7.425736489941322,6.6875772,0.7381592423216929,16.707907102367976,16.982058,-0.2741504690431569,29.702945959765287,29.580784,0.12216211577114677,0.0459055224335483,0.043664917,0.00224060508373293,0.0209432920822026,0.02239677,-0.0014534772924063924
physics_guided_NN,50,1750,2,578,2.4975767778021187,2.4906232,0.006953542099604082,9.990307111208477,9.764445,0.22586180633787123,22.47819100021907,22.630747,-0.15255584121159416,39.9612284448339,38.844936,1.1162920739842903,0.00822991013197,0.009750228,-0.0015203182432264577,0.0037323099098699,0.0042107766,-0.00047846673954559304
physics_guided_NN,50,1750,2,579,16.539000031070547,16.708654,-0.1696543726159767,66.15600012428219,66.59093,-0.4349269997412506,148.85100027963497,149.5755,-0.7245002086462762,264.62400049712875,266.5619,-1.9378891513087524,0.0001570167338365,0.00016422234,-7.2056021884772615e-06,8.396408678671484e-05,0.00011754439,-3.358030359087373e-05
physics_guided_NN,50,1750,2,580,2.128170833272856,2.3507545,-0.22258366616256886,8.512683333091424,9.627057,-1.1143737424090645,19.15353749945571,21.80205,-2.6485121373851115,34.050733332365695,37.79784,-3.747106786042508,0.0120904165358701,0.007469783,0.004620633464441562,0.0070706817304676,0.0040041893,0.0030664924515371745
physics_guided_NN,50,1750,2,581,12.17077724408992,12.285732,-0.11495502519719025,48.68310897635968,49.23662,-0.5535128803297766,109.53699519680926,111.0317,-1.4947049374680859,194.7324359054387,196.52843,-1.7959912185847315,0.0001616800612916,-9.133164e-05,0.00025301170114257784,7.852164078703322e-05,1.4857928e-05,6.366371242383434e-05
physics_guided_NN,50,1750,2,582,5.4505685841636895,5.495644,-0.04507550839612495,21.80227433665476,21.844177,-0.041902909438988445,49.05511725747321,48.258633,0.7964845975611041,87.20909734661903,87.6314,-0.42230371539268674,0.00328521030838,0.0034730546,-0.0001878443092633562,0.0016049914942361,0.0017869145,-0.00018192304342467755
physics_guided_NN,50,1750,2,583,26.67622754860419,26.73762,-0.06139185142022541,106.70491019441675,106.96207,-0.2571564559738704,240.08604793743768,240.11887,-0.032818029359191314,426.819640777667,427.00266,-0.18301425162985652,7.914309213854606e-05,-0.000537248,0.0006163910712207132,2.472465679163253e-05,-0.0001982338,0.00022295845668411022
physics_guided_NN,50,1750,2,584,13.549778269986197,13.869269,-0.319491101046518,54.19911307994478,55.445644,-1.2465312987173292,121.94800442987578,124.49232,-2.544312769831251,216.79645231977912,221.87796,-5.081507885299004,0.0001085191313336,0.00026223707,-0.000153717935302262,4.065335910671977e-05,0.00013828937,-9.763600878978494e-05
physics_guided_NN,50,1750,2,585,6.604588979554742,6.8092966,-0.20470762841644952,26.418355918218968,27.06348,-0.6451244589782981,59.44130081599268,60.137867,-0.6965661578842699,105.67342367287588,107.99897,-2.325546358862397,0.0005645443785187,0.0002743503,0.00029019406481610183,0.0002284012909732,0.00012431091,0.00010409037642974267
physics_guided_NN,50,1750,2,586,5.416172876012137,5.4087753,0.0073975464222932885,21.664691504048548,21.870674,-0.2059826292522331,48.74555588410923,48.61164,0.13391495393344854,86.65876601619419,86.71563,-0.056863561442526134,0.005169393147522,0.0050129117,0.0001564814031062402,0.0024191604525835,0.0026885343,-0.000269373872405223
physics_guided_NN,50,1750,2,587,4.477485625660652,4.685368,-0.20788243540502194,17.909942502642608,18.709188,-0.7992459586611034,40.29737063094587,42.49718,-2.1998103077748326,71.63977001057043,74.74651,-3.1067433561287885,0.0066510961375192,0.006703021,-5.1924867276828546e-05,0.0033424301028246,0.0036655227,-0.0003230925694113658
physics_guided_NN,50,1750,2,588,34.698184689110526,34.467987,0.23019762856365134,138.7927387564421,138.21086,0.5818775503874178,312.2836622019948,311.69308,0.5905774851979118,555.1709550257684,551.19965,3.9713090296746714,5.83731373086809e-05,0.00036060569,-0.0003022325479645045,2.6826697242979133e-05,2.259745e-05,4.229246363576674e-06
physics_guided_NN,50,1750,2,589,28.49264475552102,28.629011,-0.13636639865378442,113.97057902208408,115.05668,-1.0860997498885752,256.4338027996892,258.02426,-1.5904586749201712,455.8823160883363,457.9028,-2.0204854253355506,1.0566135803226142e-05,-7.314757e-05,8.371370238483674e-05,5.895844310104878e-06,-0.0005372753,0.0005431711227852405
physics_guided_NN,50,1750,2,590,11.90980934739788,11.955661,-0.04585147260944389,47.63923738959152,47.739864,-0.10062695977371305,107.18828412658092,106.8478,0.340482918084831,190.55694955836609,189.7158,0.8411445046551478,0.0057234491396555,0.008730086,-0.0030066364269844,0.0032909052372724,0.0048385486,-0.0015476433634012757
physics_guided_NN,50,1750,2,591,8.000472556710196,7.870528,0.12994433557982532,32.001890226840786,31.565786,0.4361038651464497,72.00425301039176,71.29632,0.7079349561925454,128.00756090736314,125.4933,2.51425951576158,0.000874064107268,0.0009971153,-0.0001230511685545799,0.0003408139368077,0.0005399499,-0.00019913598368640937
physics_guided_NN,50,1750,2,592,15.288837851303732,15.575624,-0.2867866146386504,61.15535140521493,62.79303,-1.6376783799413204,137.5995406617336,140.90001,-3.3004684935398245,244.6214056208597,249.17102,-4.54961488695281,0.0001421702250394,-0.00013233452,0.00027450474549764383,7.620768391996814e-05,-0.0001902235,0.0002664311783481781
physics_guided_NN,50,1750,2,593,21.13636478930044,21.098024,0.03834042101430768,84.54545915720176,84.479996,0.06546342966269947,190.227283103704,189.63625,0.5910373761649339,338.18183662880705,338.16415,0.017682576072672873,0.0005502402095093,8.984273e-05,0.000460397477968743,0.0002377520944321,0.0002757654,-3.801330571496551e-05
physics_guided_NN,50,1750,2,594,15.76693750830694,15.551273,0.21566416235967445,63.06775003322776,62.005394,1.0623560512941665,141.90243757476247,140.0572,1.8452323745671606,252.27100013291104,248.6236,3.647403941504791,0.0006043833184623,0.0009814719,-0.0003770885320744636,0.0002997533109775,7.827704e-05,0.00022147627431342383
physics_guided_NN,50,1750,2,595,6.864901543003248,6.977384,-0.1124825474203357,27.459606172013,27.800083,-0.3404769883873904,61.78411388702924,61.908665,-0.12455081633989806,109.83842468805196,111.61109,-1.772666925717573,0.0006943385963468,-7.032466e-07,0.0006950418429455323,0.000272916315901,9.9406185e-05,0.00017351013115597886
physics_guided_NN,50,1750,2,596,2.6116570275003883,3.0355184,-0.42386138032126697,10.446628110001551,11.555972,-1.1093439893026478,23.50491324750349,26.058275,-2.5533619752748287,41.78651244000621,45.997852,-4.21133988543324,0.0170165050798208,0.017301144,-0.0002846389985531085,0.0071475443854976,0.0076446077,-0.0004970633000087443
physics_guided_NN,50,1750,2,597,12.154760611215757,12.419574,-0.26481317265875504,48.61904244486303,49.56318,-0.9441365712502545,109.39284550094185,111.865746,-2.472900043491748,194.4761697794521,198.73587,-4.259700581876018,0.0001166573402714,-0.000342453,0.0004591103262044505,3.987617676121781e-05,-0.00026997543,0.0003098516026695598
physics_guided_NN,50,1750,2,598,2.35059653341914,2.3845956,-0.03399909913396071,9.40238613367656,9.129918,0.2724680352268525,21.155368800772266,21.502947,-0.34757805286542975,37.60954453470624,36.60201,1.00753571512616,0.0459524064168384,0.048160683,-0.002208276946837673,0.0252962444285374,0.026101967,-0.0008057228913087543
physics_guided_NN,50,1750,2,599,5.617212418489019,5.7739687,-0.15675627810521942,22.468849673956075,23.023954,-0.5551047175234167,50.55491176640117,52.414112,-1.8592003246632842,89.8753986958243,92.84489,-2.9694880839608544,0.0028338457052998,0.0021249931,0.0007088525747351105,0.0013990617168725,0.0010861923,0.00031286939490889174
physics_guided_NN,50,1750,2,600,7.09254511445024,6.9919095,0.10063561051347225,28.37018045780096,27.790918,0.5792621075812328,63.83290603005217,63.037395,0.7955105527572499,113.48072183120384,111.677086,1.8036359547389935,0.0022943129150665,0.00326416,-0.0009698469804131789,0.0010343863981899,0.0016036514,-0.0005692650443751238
physics_guided_NN,50,1750,2,601,9.78927589389658,9.976582,-0.1873056795897483,39.15710357558632,39.957386,-0.8002824412593839,88.10348304506923,89.91397,-1.8104879021963995,156.62841430234528,159.96674,-3.338321537498473,0.0007124828426246,0.00017653395,0.0005359488878244935,0.000382420999332,0.0002922342,9.01867892673653e-05
physics_guided_NN,50,1750,2,602,6.362749009224957,6.6264677,-0.26371869554799243,25.450996036899827,26.82195,-1.3709548755757588,57.26474108302462,59.1392,-1.874457220198039,101.80398414759932,105.854774,-4.0507903274983335,0.0007349185487175,0.0011315582,-0.00039663966000884647,0.0002913044816152,0.00055609836,-0.0002647938738308108
physics_guided_NN,50,1750,2,603,15.498490406629491,15.570031,-0.07154075944716887,61.99396162651797,62.326225,-0.3322636542437465,139.48641365966543,139.90639,-0.419973669436132,247.9758465060719,249.08301,-1.107161306428111,0.0001793387691547,0.00024416615,-6.482737990461056e-05,0.0001090993858915,0.00012351068,-1.4411289729718984e-05
physics_guided_NN,50,1750,2,604,21.199336268021213,21.10186,0.09747622163449421,84.79734507208485,84.66046,0.13688364630360184,190.79402641219093,190.0009,0.7931261436362433,339.1893802883394,336.62167,2.5677067043550323,4.61723563287987e-05,-0.0004965697,0.000542742027996911,1.871842600853603e-05,7.4858112e-06,1.1232614770096975e-05
physics_guided_NN,50,1750,2,605,1.7621372684560792,1.7479937,0.014143560799218857,7.048549073824317,7.0266047,0.02194442141953168,15.859235416104712,15.935343,-0.07610737259157752,28.194196295297267,25.455647,2.738549780404689,0.0604082119985348,0.07180532,-0.01139710868160665,0.0303357724565455,0.03830228,-0.007966507552247377
physics_guided_NN,50,1750,2,606,2.1929501137921115,2.3062084,-0.1132582583239774,8.771800455168446,8.764859,0.0069412556445200835,19.736551024129003,21.884638,-2.1480868085125984,35.08720182067378,35.87373,-0.7865278851367634,0.0411045634797124,0.0430025,-0.0018979376503916665,0.0214934233558796,0.024444744,-0.002951320635018531
physics_guided_NN,50,1750,2,607,3.696186480962634,3.781834,-0.08564740613758559,14.784745923850537,14.465119,0.31962656197309514,33.26567832866371,32.924427,0.34125129619300765,59.13898369540215,57.74567,1.3933133767986376,0.0309155169964484,0.03901338,-0.008097861325676081,0.0158140868883782,0.020839363,-0.0050252764481849115
physics_guided_NN,50,1750,2,608,19.01869613914811,18.928297,0.09039909630142873,76.07478455659243,75.62878,0.4460080062994649,171.16826525233296,169.58737,1.580893426161083,304.29913822636973,302.80576,1.4933826111353596,0.000110915758696,-4.6942016e-05,0.00015785777431105908,6.113392213999391e-05,-7.5612144e-05,0.00013674606656829925
physics_guided_NN,50,1750,2,609,10.05306698971414,10.107053,-0.053985813325411414,40.212267958856565,40.4282,-0.21593180920984167,90.47760290742728,91.03544,-0.5578356301703735,160.84907183542626,161.23117,-0.3820988188706167,0.0002091508381211,0.00042124224,-0.00021209139734014996,7.272606980302852e-05,0.00019706025,-0.0001243341763339423
physics_guided_NN,50,1750,2,610,8.475244179593128,8.9207,-0.4454558936490596,33.90097671837251,35.262188,-1.3612112393911602,76.27719761633814,79.86977,-3.59256861901342,135.60390687349005,140.85071,-5.246801134322453,0.0002088280455074,0.00070262735,-0.0004937993069314671,0.0001024393820815,0.0002152236,-0.00011278421539755284
physics_guided_NN,50,1750,2,611,8.375622487777678,8.83457,-0.45894744325259573,33.50248995111071,35.286514,-1.7840243311158517,75.3806023899991,79.186806,-3.8062033350985587,134.00995980444284,141.04771,-7.037754428955594,0.0003294298451521,4.0241466e-06,0.0003254056985326143,0.0001413028334386,0.00013283717,8.46566072453797e-06
physics_guided_NN,50,1750,2,612,4.232825910570765,4.2583365,-0.025510633466100607,16.93130364228306,17.130314,-0.19901023100795712,38.09543319513688,37.97894,0.11649413874039283,67.72521456913223,67.25959,0.4656244202064528,0.0021552985611128,0.002331322,-0.00017602349792250139,0.0011919845850876,0.0014363361,-0.00024435149731874203
physics_guided_NN,50,1750,2,613,2.584159058928916,2.788833,-0.20467384397940913,10.336636235715664,10.931384,-0.5947478508932225,23.257431530360243,24.578218,-1.3207869297227646,41.34654494286266,45.68191,-4.335366525643202,0.0016069605226823,0.0031052078,-0.0014982472893587443,0.0007829541140688,0.0014670904,-0.000684136335227138
physics_guided_NN,50,1750,2,614,14.274381044790012,14.323096,-0.04871523053957816,57.09752417916005,57.503765,-0.40624092704112513,128.46942940311013,128.62743,-0.157996744350811,228.3900967166402,229.21873,-0.8286380245707505,0.0008800070994667,0.0008488371,3.1170019055087005e-05,0.0004470628075007,0.00071779295,-0.0002707301435355446
physics_guided_NN,50,1750,2,615,4.913793455405847,5.27276,-0.358966458992346,19.65517382162339,20.787569,-1.1323952243971185,44.22414109865263,45.734234,-1.5100927575485414,78.62069528649356,85.341576,-6.720880336065036,0.0004682081639075,0.0003106272,0.00015758097327847967,0.0002492424095958,0.0003931728,-0.0001439304037508095
physics_guided_NN,50,1750,2,616,3.863432838065908,3.8061125,0.057320310218618165,15.453731352263633,15.253196,0.20053558962935547,34.77089554259317,34.36914,0.4017549175931734,61.81492540905453,61.273838,0.5410873658416406,0.0020507677230754,0.0032738307,-0.0012230630260190861,0.0010340448212808,0.00172799,-0.0006939451699147
physics_guided_NN,50,1750,2,617,17.51697822512977,17.703089,-0.18611053524620758,70.06791290051908,71.20894,-1.1410256981137366,157.65280402616796,158.91765,-1.264844289261731,280.2716516020763,283.28427,-3.012619638158071,3.980656474743464e-05,-0.00037239128,0.00041219784616407435,1.3087508041205186e-05,-0.00012842558,0.00014151309303080508
physics_guided_NN,50,1750,2,618,8.298270203898571,8.467993,-0.16972257869420204,33.193080815594286,33.70333,-0.5102501780580582,74.68443183508714,75.18679,-0.5023586312214547,132.77232326237714,134.40858,-1.6362613323494202,0.0041491113549129,0.0042356257,-8.651437777719602e-05,0.0020808227684124,0.0022641264,-0.0001833036683724634
physics_guided_NN,50,1750,2,619,14.37726907483595,14.217096,0.16017274610059928,57.5090762993438,56.42217,1.0869075676543503,129.39542167352357,127.93592,1.4595009581915406,230.0363051973752,226.60254,3.4337661348752135,0.0002022981043054,1.8308307e-05,0.0001839897976977494,0.000101409513863,-6.901419e-05,0.00017042370351144198
physics_guided_NN,50,1750,2,620,26.02972392909168,25.9244,0.1053235995018369,104.1188957163667,103.84222,0.2766792246674754,234.26751536182505,234.29718,-0.02966481395620235,416.4755828654668,415.49265,0.9829376017949016,6.089125792279704e-05,-0.00059944356,0.0006603348211829351,1.9500658281493504e-05,-0.00028776136,0.0003072620170585546
physics_guided_NN,50,1750,2,621,5.182720431259041,5.3468122,-0.16409181697093977,20.730881725036163,21.15196,-0.4210786478886419,46.64448388133137,47.21281,-0.5683266350260539,82.92352690014465,85.59138,-2.66785035815613,0.0012562470414028,0.0007649701,0.0004912769558191729,0.0004694705770626,0.00020065655,0.0002688140288037515
physics_guided_NN,50,1750,2,622,21.90072520771264,22.0113,-0.11057392558814172,87.60290083085056,87.57532,0.027583448038058123,197.10652686941376,198.31898,-1.2124581159378067,350.41160332340223,351.4833,-1.0717035613633925,0.0001427783976786,-0.00033659264,0.0004793710363108826,4.431260169404941e-05,-0.00044828645,0.0004925990477382709
physics_guided_NN,50,1750,2,623,5.566863139867586,5.513211,0.05365236639956805,22.267452559470343,22.295927,-0.028474488259149666,50.10176825880827,49.176064,0.9257047212106144,89.06981023788137,87.21708,1.8527310752837138,0.0022796039345103,0.0020922124,0.00018739149592692612,0.0011699530671123,0.0012548453,-8.489222705778169e-05
physics_guided_NN,50,1750,2,624,25.124582588166028,24.988108,0.136474906891614,100.49833035266413,100.18692,0.3114101866485015,226.12124329349425,224.30664,1.8146026684942456,401.9933214106565,400.17398,1.819340697765881,0.0002116130971312,-0.0001680675,0.0003796806021322905,9.42670106243322e-05,1.220948e-05,8.205753083269608e-05
physics_guided_NN,50,1750,2,625,7.815482447706329,7.997764,-0.18228166285885639,31.26192979082532,32.222214,-0.9602839542918673,70.33934202935697,72.102165,-1.7628231928109983,125.04771916330128,128.437,-3.3892772966596567,0.0001640542338996,-0.0004854422,0.0006494964343423761,8.013038698422108e-05,-0.00019129032,0.00027142071142165306
physics_guided_NN,50,1750,2,626,6.881997965291877,6.9150896,-0.033091641946892736,27.527991861167507,27.71312,-0.18512764566843032,61.9379816876269,62.4527,-0.5147198809766138,110.11196744467004,111.14398,-1.032014488923707,0.0001573093810094,-5.6723697e-05,0.00021403307762564544,5.586908623458982e-05,-5.519895e-05,0.00011106803681118577
physics_guided_NN,50,1750,2,627,10.533647717262616,10.844044,-0.3103960144268374,42.13459086905046,43.102814,-0.9682228516526621,94.80282945536356,97.69813,-2.8952982912184666,168.53836347620185,172.68289,-4.144528369501273,0.0004947319317319,0.00018815267,0.00030657926215217797,0.0001841599015565,-0.0003204559,0.0005046158049767247
physics_guided_NN,50,1750,2,628,2.8672944865656835,2.9494908,-0.08219629903307135,11.469177946262734,11.955825,-0.48664690572701197,25.80565037909115,27.20173,-1.3960803490582627,45.87671178505094,48.07741,-2.2006998665603916,0.0095578279695151,0.011240372,-0.0016825444647433612,0.0048708410996247,0.005111077,-0.00024023576944583007
physics_guided_NN,50,1750,2,629,8.192876656355208,7.9541683,0.23870833665306002,32.771506625420834,32.07643,0.6950753510067713,73.73588990719689,71.75422,1.9816708520211108,131.08602650168334,129.2631,1.8229192018786478,0.0011064599518362,0.0013858549,-0.0002793949545663282,0.000417532126353,0.00081752666,-0.00039999452938431067
physics_guided_NN,50,1750,2,630,3.6626206598043183,3.8122647,-0.14964402105810848,14.650482639217271,15.314885,-0.6644025002480607,32.963585938238865,33.6992,-0.7356137382748074,58.60193055686909,60.604443,-2.0025120395664544,0.0015509126601031,0.0018265712,-0.00027565852410737926,0.0007042411265603,0.00056213705,0.0001421040755404824
physics_guided_NN,50,1750,2,631,3.6156948522430192,3.8537385,-0.23804369412844073,14.462779408972075,15.303893,-0.8411136803223584,32.541253670187174,33.883766,-1.3425125041292318,57.85111763588831,61.271687,-3.4205689180667704,0.0011457380728704,0.0004181493,0.000727588759679448,0.0006656865392855,0.00012979384,0.0005358926959146377
physics_guided_NN,50,1750,2,632,3.178134187154344,3.1615307,0.01660345404582353,12.712536748617376,12.862788,-0.15025145176104182,28.603207684389098,28.553843,0.0493651398334336,50.85014699446951,52.16569,-1.3155443812629102,0.0563825542148672,0.054112725,0.0022698292550168905,0.02854838595282,0.030007992,-0.0014596059869630973
physics_guided_NN,50,1750,2,633,4.467488055743761,4.6549416,-0.18745350309412956,17.869952222975044,19.23904,-1.369088151780815,40.207392501693846,41.93647,-1.7290775300444352,71.47980889190018,75.498405,-4.018596564642792,0.0174239169501222,0.0179535,-0.0005295832015120155,0.0092993935345821,0.009452871,-0.0001534775123782535
physics_guided_NN,50,1750,2,634,9.192614958204388,9.336509,-0.14389379271113967,36.77045983281755,37.2623,-0.4918387511668243,82.7335346238395,84.16779,-1.434258650086278,147.0818393312702,150.37917,-3.2973263181438597,0.000255568717009,0.00013596182,0.00011960689884944211,0.000143165567791,0.00024336048,-0.00010019491448169201
physics_guided_NN,50,1750,2,635,16.129761688759118,16.210873,-0.08111096138736684,64.51904675503647,64.75676,-0.23771288851821737,145.16785519883206,145.11287,0.054985936136745295,258.0761870201459,257.95978,0.11640918811463052,0.0002407331780976,0.0007864622,-0.0005457290385404287,7.783098547888727e-05,0.00011520514,-3.737415542191087e-05
physics_guided_NN,50,1750,2,636,23.865177235575445,24.008018,-0.14284125807689918,95.46070894230178,95.88598,-0.42526975642869047,214.786595120179,215.50824,-0.7216446259147631,381.8428357692071,383.31714,-1.4743029026678869,8.425668579248755e-05,-0.0003101389,0.00039439557235410483,2.5867086226292407e-05,-0.00028181533,0.00030768241602572097
physics_guided_NN,50,1750,2,637,2.0343216301602407,2.211941,-0.17761937363919778,8.137286520640963,7.854047,0.2832396990467245,18.308894671442168,18.970125,-0.6612305269220897,32.54914608256385,33.08785,-0.5387025807662269,0.0426043886797278,0.041854627,0.0007497612492888064,0.0210395943162012,0.02127963,-0.00024003500370503583
physics_guided_NN,50,1750,2,638,4.720633632170582,4.7854986,-0.06486498690900788,18.882534528682328,19.037752,-0.15521762280692997,42.48570268953524,42.345184,0.14051836336336265,75.53013811472931,75.18568,0.34446154002228013,0.0298015066342412,0.032757983,-0.0029564759774149893,0.0150528016340909,0.017481482,-0.002428680022341251
physics_guided_NN,50,1750,2,639,1.5183265889827338,1.4855435,0.032783099526557,6.073306355930935,6.372613,-0.2993065972551001,13.664939300844605,13.426844,0.23809565765612817,24.29322542372374,24.401447,-0.10822187241883796,0.0020291467781887,0.008242915,-0.0062137686062827165,0.0011257707070395,0.004977721,-0.00385195008257184
physics_guided_NN,50,1750,2,640,8.12194056711412,7.948521,0.17341942987657077,32.48776226845648,32.128662,0.3591001590814784,73.09746510402708,71.223465,1.8740001382067675,129.9510490738259,127.60268,2.348372682224351,0.000517197572938,-0.00013521091,0.0006524084831679437,0.000268858800282,0.0002557308,1.312801136006263e-05
physics_guided_NN,50,1750,2,641,2.4128960423994736,2.6634724,-0.25057637161725,9.651584169597896,9.550429,0.10115482542065024,21.716064381595263,22.829569,-1.1135044813197759,38.60633667839158,39.762295,-1.1559580908955311,0.0867504660468966,0.068851605,0.017898860989180226,0.0448129175148035,0.033940047,0.010872870489122957
physics_guided_NN,50,1750,2,642,11.15321599271592,11.122912,0.03030358579453285,44.612863970863685,44.517784,0.09507985221134163,100.3789439344433,99.96824,0.41070510387689296,178.45145588345474,178.25359,0.19787006802505402,0.0003411249764322,0.000112001224,0.00022912375253510424,0.0001687008470671,2.3069399e-05,0.00014563144847301116
physics_guided_NN,50,1750,2,643,5.13495165490518,5.092351,0.042600695127347876,20.53980661962072,19.945406,0.5944006595377118,46.21456489414661,45.409184,0.8053813919493464,82.15922647848288,81.19562,0.9636088027016285,0.0036905627747553,0.0041428525,-0.0004522897253257624,0.0015533924164542,0.0015182832,3.510926070744193e-05
physics_guided_NN,50,1750,2,644,6.081408260952425,6.290733,-0.20932459961276084,24.3256330438097,24.77274,-0.4471063665906918,54.73267434857182,55.11293,-0.3802559492797428,97.3025321752388,100.12636,-2.8238258569877672,0.0014189368684623,0.0015941876,-0.00017525070693012496,0.000722385353239,0.0009036214,-0.00018123602092477665
physics_guided_NN,50,1750,2,645,12.933711094847313,12.956695,-0.022983508118995744,51.73484437938925,51.687912,0.0469323920845639,116.40339985362584,117.007126,-0.6037260008663452,206.939377517557,207.67645,-0.7370751191617444,6.751284386107974e-05,0.00025601118,-0.00018849833136347778,3.34150835811097e-05,-3.4034645e-05,6.744972864956892e-05
physics_guided_NN,50,1750,2,646,7.50022014315233,7.5502677,-0.05004755322828558,30.00088057260932,30.381319,-0.3804384734111892,67.50198128837097,68.27511,-0.7731270490313733,120.00352229043727,121.20709,-1.2035699947189755,0.0008920367728977,0.0010536577,-0.00016162095907493483,0.0003994151953752,0.00046377638,-6.436118235300892e-05
physics_guided_NN,50,1750,2,647,14.063130911971449,13.908572,0.1545587150109995,56.25252364788579,55.644314,0.6082098356299284,126.56817820774302,125.79424,0.7739353488562983,225.01009459154315,222.49892,2.5111779655665885,5.089733540762051e-05,-0.0002082699,0.00025916724198713734,3.016577804491623e-05,-0.00018839624,0.0002185620175817306
physics_guided_NN,50,1750,2,648,10.195426598502614,10.140459,0.0549675378336687,40.781706394010456,40.66955,0.11215454464522168,91.75883938652352,91.14065,0.6181914983399253,163.12682557604182,161.82953,1.2972967674480742,0.0009687820744101,0.0010412451,-7.24629902880597e-05,0.0004007899267047,0.0005911163,-0.0001903263903774965
physics_guided_NN,50,1750,2,649,5.82540094927879,5.933947,-0.10854613705543859,23.30160379711516,23.645226,-0.34362172778718403,52.42860854350912,53.6681,-1.2394899061979103,93.20641518846064,94.736336,-1.5299205659338924,0.0003048100246069,0.00035398026,-4.917023187047087e-05,0.0001095481952996,8.6364875e-05,2.3183320566919375e-05
physics_guided_NN,50,1750,2,650,9.069476242050948,8.974627,0.09484970091325273,36.27790496820379,35.907402,0.37050292962957343,81.62528617845855,81.133286,0.49200065599761444,145.11161987281517,144.55646,0.5551623532839187,0.0006318373001868,0.00018223225,0.0004496050482139086,0.0002191042221406,-9.594644e-06,0.00022869886646586146
physics_guided_NN,50,1750,2,651,7.3236403581884835,7.3724384,-0.048798072597649345,29.29456143275393,29.674072,-0.3795108328710697,65.91276322369634,66.20262,-0.2898582362645925,117.17824573101574,117.24877,-0.07052593646473326,0.0131132897151626,0.012474331,0.0006389586416996364,0.007922502191362,0.007310888,0.0006116143926950465
physics_guided_NN,50,1750,2,652,28.019534299667487,28.13561,-0.1160762807768485,112.07813719866996,112.5897,-0.5115615928339423,252.17580869700743,252.19789,-0.022082538344136537,448.3125487946798,449.12268,-0.8101318693827011,4.203858666850339e-05,-0.00010588635,0.00014792493571557188,1.539817402109558e-05,-7.070291e-05,8.610108432795907e-05
physics_guided_NN,50,1750,2,653,2.9054598943859173,3.0755436,-0.17008374765815004,11.62183957754367,12.006688,-0.38484854043728767,26.14913904947326,27.368357,-1.2192176552386549,46.48735831017468,46.210667,0.27669165368053683,0.0250886815022804,0.030705629,-0.005616947414340809,0.013471137952556,0.017489841,-0.0040187032553059
physics_guided_NN,50,1750,2,654,30.48198540490122,30.578642,-0.0966564865782722,121.92794161960488,122.42812,-0.5001818545162138,274.337868644111,275.0545,-0.7166357504202665,487.7117664784195,488.41162,-0.6998546153304801,8.091626026923095e-05,-0.0006792011,0.000760117357496864,2.4467510465911685e-05,-0.00035065543,0.0003751229453519053
physics_guided_NN,50,1750,2,655,4.180535591678468,4.2867637,-0.10622807638183485,16.72214236671387,17.404207,-0.6820648629003863,37.62482032510621,39.31373,-1.6889080074133247,66.88856946685549,68.68328,-1.7947114779687325,0.0079138788314133,0.0076676356,0.0002462432639270141,0.0036088217671149,0.0037154153,-0.00010659348525772234
physics_guided_NN,50,1750,2,656,2.8459250778091865,2.990785,-0.14485980568995904,11.383700311236746,12.055919,-0.6722183823057346,25.61332570028268,26.503084,-0.8897584824565783,45.53480124494698,49.390003,-3.8552019593987197,0.0019146453996605,0.0015764133,0.00033823211560461133,0.0009957859482007,0.00085723196,0.00013855398430916393
physics_guided_NN,50,1750,2,657,12.093585365846211,12.468822,-0.37523615972751934,48.374341463384845,49.92067,-1.546328092279218,108.84226829261593,111.1923,-2.3500305965442294,193.49736585353932,199.28397,-5.786600210913804,0.0038242167486573,0.0054471726,-0.001622955811140464,0.0023377799655489,0.002938946,-0.0006011660449959963
physics_guided_NN,50,1750,2,658,5.548507226573595,5.5985775,-0.05007027281605314,22.19402890629438,22.831116,-0.6370868163618688,49.93656503916236,50.181103,-0.24453771352318654,88.77611562517752,90.35552,-1.579406530584194,0.0128673469630126,0.016133433,-0.0032660862448569295,0.0078307672790011,0.009013147,-0.001182379814354555
physics_guided_NN,50,1750,2,659,4.48583635922169,4.672402,-0.1865655458381248,17.94334543688676,18.752308,-0.8089624549589445,40.37252723299521,42.21019,-1.837662586340727,71.77338174754703,74.87086,-3.0974754912224967,0.0069216773298782,0.006989996,-6.831861909211822e-05,0.0037892077264352,0.0038461473,-5.693960404263383e-05
physics_guided_NN,50,1750,2,660,19.621653356334555,19.583248,0.03840521790682061,78.48661342533822,78.05195,0.4346648779749387,176.594880207011,175.95375,0.6411295966594253,313.9464537013529,313.35995,0.5864988673685048,0.0006094743697761,7.762704e-05,0.0005318473307854869,0.0003082410345756,-4.6582082e-07,0.00030870685539396276
physics_guided_NN,50,1750,2,661,6.356261662806186,6.562547,-0.20628554407247623,25.425046651224743,26.301641,-0.8765948130086549,57.20635496525567,59.513794,-2.30743898005683,101.70018660489896,104.88237,-3.1821833902182277,0.0015769146076875,0.0015164692,6.044543548544925e-05,0.0007382169631515,0.0005960374,0.0001421795375850354
physics_guided_NN,50,1750,2,662,9.857927498260612,10.020073,-0.1621454387511072,39.431709993042446,39.9868,-0.5550911544184913,88.7213474843455,89.69421,-0.9728587534474684,157.72683997216978,159.70384,-1.9770021909161528,0.000403901003362,-5.4432177e-05,0.00045833318078340404,0.0002000883671649,0.00010402578,9.606258961914241e-05
physics_guided_NN,50,1750,2,663,10.800688119338824,11.012549,-0.21186128099076562,43.2027524773553,43.7556,-0.5528474982306406,97.2061930740494,98.6309,-1.4247044479232613,172.8110099094212,176.93854,-4.127527688235062,7.665670772349662e-05,-0.00034210886,0.0004187655699652267,4.299743147576528e-05,-0.00015994108,0.00020293850672906566
physics_guided_NN,50,1750,2,664,3.2067406290331624,3.2139862,-0.007245529337809309,12.82696251613265,12.45844,0.36852268916731745,28.860665661298462,27.61534,1.2453263821236575,51.3078500645306,50.461147,0.8467027561809886,0.0114886187626553,0.012171889,-0.0006832699613141587,0.0052722269864213,0.004702276,0.0005699509018492234
physics_guided_NN,50,1750,2,665,7.685009490931439,7.6732926,0.011716854060100701,30.74003796372576,30.804264,-0.06422610487775415,69.16508541838296,68.85562,0.309464080492333,122.96015185490305,122.5542,0.4059526361530459,0.003111794005907,0.0028538723,0.00025792175141614755,0.0015346654815641,0.0014690546,6.56108729582979e-05
physics_guided_NN,50,1750,2,666,6.649839545484384,6.9533997,-0.30356011271874106,26.599358181937536,27.745298,-1.1459402036825814,59.848555909359455,62.136818,-2.2882620227694517,106.39743272775014,110.51499,-4.117559032503763,0.00027288273706,-0.0006450532,0.0009179359607667818,0.0001484048775096,-0.00011004873,0.0002584536054568873
physics_guided_NN,50,1750,2,667,20.259055166403225,20.190565,0.06849005715029577,81.03622066561289,81.33658,-0.3003577035277374,182.33149649762905,181.45987,0.8716271128634219,324.14488266245155,324.05508,0.08979843393592546,0.000183847683228,-0.00018872564,0.0003725733199179237,9.874013242733613e-05,-9.226345e-07,9.966276694012608e-05
physics_guided_NN,50,1750,2,668,10.384970764530848,10.6707945,-0.2858237224686633,41.539883058123394,42.46946,-0.9295764755680125,93.46473688077764,95.67477,-2.2100296597497078,166.15953223249358,170.54486,-4.385328607350175,0.0005096330805458,0.00056924985,-5.961677201466061e-05,0.0002793734957889,0.00022882556,5.054793210758807e-05
physics_guided_NN,50,1750,2,669,14.402921392831113,14.574547,-0.17162542113373114,57.61168557132445,58.003418,-0.39173239742554955,129.62629253548002,130.98303,-1.3567396910824812,230.4467422852978,233.41995,-2.973210107280323,2.6297937067925755e-06,-5.296255e-05,5.55923441054534e-05,1.544166300548219e-06,-2.1070402e-05,2.2614568299716318e-05
physics_guided_NN,50,1750,2,670,3.089397072641674,3.1779697,-0.08857262149589928,12.357588290566696,12.092225,0.2653632157986294,27.80457365377507,27.814508,-0.009934784335282387,49.43035316226678,50.38117,-0.9508152032117323,0.0225861083222681,0.028959507,-0.00637339880036774,0.0100065258674201,0.014607916,-0.004601389787358381
physics_guided_NN,50,1750,2,671,13.31308824583294,13.497506,-0.1844178958296574,53.25235298333176,54.236248,-0.9838950330256608,119.81779421249648,121.98983,-2.1720358045933637,213.00941193332704,215.488,-2.478594658469831,0.0001383215476269,3.236476e-05,0.00010595678940057799,7.491211420131411e-05,2.103698e-06,7.280841612157791e-05
physics_guided_NN,50,1750,2,672,10.136288125091276,10.280709,-0.14442114157132124,40.54515250036511,41.017788,-0.4726354329844966,91.22659312582152,92.385185,-1.1585921158776955,162.18061000146042,163.9553,-1.774697005375515,0.0098680508769629,0.012890203,-0.0030221520476462847,0.0059322766478901,0.0071674306,-0.001235153946673384
physics_guided_NN,50,1750,2,673,4.272450622437737,4.3633647,-0.09091407406494856,17.089802489750948,17.471287,-0.38148428393069267,38.452055601939634,38.593403,-0.14134726060919434,68.35920995900379,69.828804,-1.4695940571094894,0.0016459335209227,0.0017658974,-0.00011996386019673009,0.0009319653823905,0.0010820512,-0.00015008581374508054
physics_guided_NN,50,1750,2,674,4.825251641624267,4.783631,0.041620793693359026,19.30100656649707,19.243502,0.057504903289061104,43.4272647746184,41.922276,1.50498923140551,77.20402626598828,74.91977,2.2842569788789007,0.004396511333887,0.00509558,-0.0006990687932032155,0.0016986784554819,0.001932952,-0.00023427351547531967
physics_guided_NN,50,1750,2,675,2.489602111522406,2.6837265,-0.1941244376261535,9.958408446089624,10.472835,-0.5144261410075437,22.406419003701657,23.218466,-0.8120468013520536,39.8336337843585,40.42297,-0.5893360337567373,0.0227942097159621,0.024234254,-0.0014400441972020374,0.0129807074536298,0.012949483,3.122491582376562e-05
physics_guided_NN,50,1750,2,676,12.932085005531812,13.187858,-0.25577262233684017,51.72834002212725,52.266304,-0.5379639939860326,116.3887650497863,118.419,-2.030233668475418,206.913360088509,209.93242,-3.0190587347331928,0.0029802844366943,0.002609747,0.0003705374403809663,0.001514562584493,0.0011693804,0.00034518220185830056
physics_guided_NN,50,1750,2,677,3.94144034173452,3.922415,0.01902532365285481,15.76576136693808,15.489915,0.2758464728340755,35.47296307561068,35.111435,0.36152813908724113,63.06304546775232,63.092464,-0.02941897926916681,0.0118297788424747,0.012561193,-0.0007314138935549247,0.0061717146840856,0.006703418,-0.0005317035297885018
physics_guided_NN,50,1750,2,678,3.295962389168515,3.5102627,-0.21430033856891173,13.18384955667406,13.929282,-0.7454326317414672,29.66366150251664,32.25461,-2.5909466517802358,52.73539822669624,58.18021,-5.44481188682915,0.0045119465684546,0.012165377,-0.007653430348073148,0.0026653304964548,0.0064807916,-0.0038154611095542064
physics_guided_NN,50,1750,2,679,12.715693045087615,13.037117,-0.3214239593069159,50.86277218035046,52.469112,-1.606340215889773,114.44123740578854,116.39027,-1.9490290126684897,203.45108872140185,209.06898,-5.617896263949717,0.0015762091114907,0.0010741818,0.0005020273582799766,0.0008996610844266,0.00089092675,8.73433544676329e-06
physics_guided_NN,50,1750,2,680,7.111449407938019,7.4687896,-0.35734016954611203,28.445797631752075,29.595325,-1.1495278382186278,64.00304467144217,67.17388,-3.17083685931955,113.7831905270083,119.26356,-5.48036690707373,0.0006080399770383,0.0010172626,-0.00040922260004093653,0.0002172950605688,0.00066465914,-0.0004473640749404823
physics_guided_NN,50,1750,2,681,2.3262943217981635,2.5157416,-0.18944726488701713,9.305177287192654,9.135428,0.1697488585427518,20.93664889618347,21.852152,-0.9155029745440686,37.22070914877062,37.191433,0.02927619588975716,0.0532272487559678,0.05146266,0.001764587281024639,0.0253911774587157,0.026959056,-0.0015678785759684795
physics_guided_NN,50,1750,2,682,6.703332993137632,6.870215,-0.16688194597979944,26.81333197255053,27.450165,-0.6368328223713462,60.329996938238686,60.989742,-0.6597453408140481,107.25332789020212,108.2483,-0.994970754817416,0.0028042050807864,0.0027499762,5.4228844413213746e-05,0.0016058745768471,0.0016848746,-7.900006858721997e-05
physics_guided_NN,50,1750,2,683,3.4167048552873016,3.4394367,-0.02273181883074038,13.666819421149206,13.737985,-0.07116523613839121,30.75034369758572,30.182974,0.5673698358913839,54.667277684596826,56.245876,-1.5785986276590336,0.0409495839954854,0.04784016,-0.006890575390911008,0.022333718135023,0.025222125,-0.0028884063968421213
physics_guided_NN,50,1750,2,684,27.63327114374906,27.75218,-0.11890895573824523,110.53308457499624,111.205315,-0.6722300612342309,248.6994402937416,250.02888,-1.329444593953724,442.13233829998495,444.24728,-2.1149456355619236,7.354604022319072e-05,-0.00028908075,0.0003626267920501774,2.9946699326518685e-05,-1.1215844e-05,4.116254342354205e-05
physics_guided_NN,50,1750,2,685,28.812030067706008,28.75596,0.05606960322846888,115.24812027082405,115.751144,-0.5030241383556415,259.3082706093541,258.98874,0.31953159568223555,460.9924810832961,460.0344,0.958087772749252,2.523627297373658e-05,-0.00034749796,0.00037273423329347915,1.3056983533431842e-05,-0.00034565004,0.00035870702524215455
physics_guided_NN,50,1750,2,686,8.64887141254869,8.562829,0.08604239490952992,34.59548565019476,34.224785,0.37070079912054155,77.83984271293822,76.76834,1.0715016484850963,138.38194260077904,136.64072,1.7412260480446662,0.000815304589808,0.0006828405,0.00013246411678941332,0.0003279359671119,0.00023905684,8.887912645650612e-05
physics_guided_NN,50,1750,2,687,22.79618739416724,23.197643,-0.40145588586205605,91.18474957666896,93.43981,-2.2550621298740054,205.1656865475052,208.59558,-3.429894507182297,364.7389983066759,371.6307,-6.891708480433465,2.695011396215442e-05,-0.0003139182,0.0003408683075315613,1.363979494265097e-05,-6.726167e-05,8.090146833631026e-05
physics_guided_NN,50,1750,2,688,2.324084041233112,2.5134175,-0.18933344114298656,9.296336164932448,9.9898405,-0.6935043425748759,20.916756371098007,22.786257,-1.869500419063126,37.18534465972979,39.69475,-2.50940707977216,0.0182342589116,0.02147249,-0.003238230549702757,0.0093112983554116,0.009858497,-0.0005471990630516298
physics_guided_NN,50,1750,2,689,2.4808285055534465,2.586438,-0.10560943504408771,9.923314022213786,10.433328,-0.5100136526519368,22.32745654998102,23.699362,-1.3719052511664422,39.69325608885514,42.161617,-2.468361190197598,0.0985140488485558,0.08858508,0.009928970132277726,0.0443862936954511,0.04426667,0.0001196227531445812
physics_guided_NN,50,1750,2,690,3.855013621688679,3.725427,0.12958670938093952,15.420054486754715,15.151656,0.26839833593684403,34.69512259519811,33.84333,0.851792211897326,61.68021794701886,63.389034,-1.7088163242213739,0.0959053116717678,0.085241206,0.010664105681453317,0.0510369381099283,0.043523908,0.007513030448490311
physics_guided_NN,50,1750,2,691,17.94961704808851,17.918776,0.03084148961682942,71.79846819235404,71.55884,0.23963030172903643,161.54655343279657,161.27034,0.2762134669762588,287.19387276941615,286.26172,0.9321540194161457,0.0003485282831036,0.00038446058,-3.593229859578625e-05,0.0001684275066225,0.00015241613,1.6011372252940407e-05
physics_guided_NN,50,1750,2,692,5.634114891015761,5.8942423,-0.2601273956663679,22.536459564063044,23.234114,-0.6976541291742606,50.70703401914186,52.55402,-1.8469859088366576,90.14583825625218,92.74272,-2.596883301365011,0.0033260561291004,0.004081961,-0.000755904638407153,0.001721058476955,0.0018428441,-0.00012178559018641375
physics_guided_NN,50,1750,2,693,8.298360489473515,8.303312,-0.004951812162227398,33.19344195789406,33.27539,-0.08194866710594084,74.68524440526163,75.13942,-0.4541751504024347,132.77376783157624,132.25061,0.5231574800137366,2.2866394499188017e-05,-3.1818734e-05,5.468512848635363e-05,1.1330540445061387e-05,-6.294197e-05,7.427250690701044e-05
physics_guided_NN,50,1750,2,694,5.792866871996669,5.788112,0.004754708452967549,23.171467487986675,23.23213,-0.060662562672504805,52.13580184797003,53.273502,-1.1377005018834865,92.6858699519467,93.88842,-1.2025501530337692,0.0003201137451497,0.000599061,-0.00027894727736291474,0.0001137790247182,0.00017260558,-5.882655325451758e-05
physics_guided_NN,50,1750,2,695,19.13495466765149,19.063465,0.07148954924328521,76.53981867060597,76.312935,0.2268837951176863,172.21459200886343,171.63542,0.5791702559337466,306.15927468242387,304.5724,1.5868869871113702,0.0002944669230491,0.00010712994,0.0001873369818785305,0.0001476533684983,-9.013775e-05,0.00023779111829223929
physics_guided_NN,50,1750,2,696,40.39555485052529,40.717216,-0.32166164117392526,161.58221940210117,163.36101,-1.7787882883285135,363.5599936547276,367.96768,-4.4076882300380475,646.3288776084047,651.9316,-5.602701981439054,9.441400375201815e-05,-0.00067793916,0.0007723531588910472,4.579064833803763e-05,-0.00027042758,0.00031621823135635546
physics_guided_NN,50,1750,2,697,4.392348619938861,4.118657,0.27369150781727924,17.569394479755445,16.437405,1.1319898471870857,39.53113757944976,37.971268,1.5598698792544496,70.27757791902178,66.98191,3.295667213455374,0.0004764442167707,0.0006419894,-0.0001655451884962406,0.0001797047693971,0.0003225192,-0.00014281442097952447
physics_guided_NN,50,1750,2,698,4.2503758006177925,4.6032357,-0.35285992097034224,17.00150320247117,18.295624,-1.294120576825705,38.253382205560136,42.53905,-4.285668850348067,68.00601280988468,74.53493,-6.528914558279382,0.0008327195242109,0.0009409435,-0.00010822396184632184,0.0003721672345139,0.0003751678,-3.000552328312066e-06
physics_guided_NN,50,1750,2,699,8.264012232904452,8.328053,-0.06404124152181723,33.05604893161781,33.172054,-0.11600535915367516,74.37611009614007,74.744514,-0.36840436919196407,132.22419572647124,131.58284,0.6413557606509244,0.0002509588682984,0.0005198143,-0.00026885545067889636,8.868421414837076e-05,0.00020229102,-0.0001136068052289279
physics_guided_NN,50,1750,2,700,8.07605471198222,7.9396076,0.1364470917429621,32.30421884792888,31.848387,0.45583208340251247,72.68449240783998,71.55822,1.126272498172014,129.21687539171552,126.8873,2.3295768077311436,0.0021613745269,0.0026174835,-0.00045610896604066434,0.0011161830707037,0.0016394554,-0.000523272369750485
physics_guided_NN,50,1750,2,701,14.2229337089186,14.351884,-0.12895017932602926,56.8917348356744,57.336914,-0.4451792268256014,128.0064033802674,129.72119,-1.7147880259826138,227.5669393426976,228.87341,-1.3064737432399056,0.0004428414806659,0.00033369186,0.00010914962081524004,0.0001552675495042,-1.6795166e-05,0.00017206271522459576
physics_guided_NN,50,1750,2,702,6.929263104376097,7.288004,-0.35874081713269224,27.717052417504387,29.308002,-1.5909500544194408,62.36336793938487,64.48929,-2.1259203906932527,110.86820967001756,117.05526,-6.18705003457228,0.002632910235679,0.0022685747,0.00036433556944712956,0.0012153333447168,0.0012006162,1.4717101421428576e-05
physics_guided_NN,50,1750,2,703,16.97659418086485,16.887724,0.08887025813535843,67.9063767234594,67.80785,0.0985230247289337,152.78934762778366,151.89545,0.8939008504399055,271.6255068938376,270.0005,1.6250186125876098,0.0001349380679212,0.00017586061,-4.09225406574596e-05,5.308821386626992e-05,0.000155442,-0.00010235378754821535
physics_guided_NN,50,1750,2,704,6.831497759354942,6.921431,-0.0899333052507707,27.32599103741977,27.427917,-0.10192644304898124,61.48347983419448,61.533707,-0.05022683084457924,109.30396414967908,110.19361,-0.8896469953404562,0.0071918077761791,0.008738411,-0.001546602882955288,0.0031726863596985,0.0042778994,-0.0011052130359759673
physics_guided_NN,50,1750,2,705,2.85935397342903,2.8266623,0.032691671411817946,11.43741589371612,11.387824,0.0495918351834046,25.73418576086128,26.203547,-0.4693607631865717,45.74966357486448,46.01331,-0.26364590389528786,0.0085457363139333,0.0091128955,-0.0005671591524539724,0.0041410458204205,0.004373673,-0.00023262706353712435
physics_guided_NN,50,1750,2,706,2.4877669875267743,2.6636536,-0.17588662461006654,9.951067950107095,11.073026,-1.1219577533230805,22.38990288774097,24.217207,-1.8273040672150849,39.80427180042839,44.71197,-4.907699482530596,0.0018842706390763,0.0021296693,-0.00024539866213553387,0.0011450870024938,0.0015774133,-0.000432326289176582
physics_guided_NN,50,1750,2,707,2.451173278605219,2.5615575,-0.11038425275159236,9.804693114420877,9.900861,-0.09616767201711163,22.06055950744697,24.43112,-2.370560411376271,39.21877245768351,40.51286,-1.2940868867989153,0.1549682266181138,0.157548,-0.002579768829998691,0.0712397021824571,0.07467707,-0.003437370282962676
physics_guided_NN,50,1750,2,708,1.8701541496723308,2.104431,-0.23427676425284005,7.480616598689323,8.536368,-1.055751771366829,16.831387347050978,17.92367,-1.092282468012499,29.922466394757294,32.71842,-2.795951726580597,0.0489463112801202,0.044669207,0.0042771040946133765,0.0250917709334481,0.025418393,-0.0003266223804366357
physics_guided_NN,50,1750,2,709,13.36517271273798,13.527386,-0.16221299893194185,53.46069085095192,53.58034,-0.11965048815940804,120.2865544146418,121.986015,-1.6994609051824199,213.84276340380768,216.8412,-2.998438378418882,0.0002961795766746,0.0002589672,3.7212383598212936e-05,0.0001659880138245,7.9961765e-06,0.0001579918373604243
physics_guided_NN,50,1750,2,710,2.8675305533945794,3.1643627,-0.29683211559650946,11.470122213578318,12.040048,-0.56992543199053,25.807774980551216,27.343073,-1.535297910684136,45.88048885431327,46.629322,-0.7488331976886826,0.030246708697937,0.031411074,-0.0011643654039878958,0.0168075716938603,0.017551102,-0.0007435300503146579
physics_guided_NN,50,1750,2,711,5.169604339436905,5.6276774,-0.45807310120640565,20.67841735774762,22.392399,-1.713981476480896,46.52643905493215,50.390953,-3.864514009032696,82.71366943099048,90.333755,-7.620086062173584,0.0009109147341291,0.0009594121,-4.8497344244034096e-05,0.0004792415002242,0.00040711704,7.212445962916027e-05
physics_guided_NN,50,1750,2,712,2.9445639806828345,2.897166,0.04739796696518317,11.778255922731338,11.822812,-0.044556157651962636,26.50107582614552,27.19734,-0.6962641854511595,47.11302369092535,47.24258,-0.1295567228930068,0.0090562749712983,0.009390951,-0.0003346761629661691,0.0060744726513251,0.0054142377,0.0006602349173947504
physics_guided_NN,50,1750,2,713,2.348835347275052,2.724285,-0.3754495400387907,9.395341389100208,10.173039,-0.7776980472401238,21.13951812547547,23.352068,-2.2125498219122264,37.58136555640083,40.93912,-3.3577556899370578,0.0126314760013717,0.014876837,-0.0022453609094721487,0.0053633691619596,0.006594463,-0.0012310936239102368
physics_guided_NN,50,1750,2,714,3.06977565574086,2.9601662,0.10960943984425375,12.27910262296344,12.239051,0.04005175779010095,27.62798090166774,27.26542,0.3625599879714514,49.11641049185376,48.258984,0.8574268797932163,0.0061619161821298,0.006434276,-0.00027235958656746193,0.0036184813168752,0.0038171965,-0.00019871515287878073
physics_guided_NN,50,1750,2,715,4.988652898520612,5.1605515,-0.1718986494835386,19.954611594082447,20.738718,-0.784106438754467,44.89787608668552,47.625984,-2.72810810520901,79.81844637632979,83.027405,-3.2089584088264616,0.0019618759175075,0.0022146339,-0.0002527579421865039,0.0007326411208186,0.00075329543,-2.0654312423273933e-05
physics_guided_NN,50,1750,2,716,3.17511829308196,3.418506,-0.2433876139767559,12.70047317232784,13.440425,-0.7399517468005783,28.57606463773764,29.82783,-1.251764723224273,50.80189268931136,54.140766,-3.3388734544874694,0.0027367120014591,0.0025881077,0.00014860428516695699,0.0016983443826759,0.0013499811,0.0003483633233556289
physics_guided_NN,50,1750,2,717,5.785582401500091,5.8389807,-0.05339827324356161,23.142329606000363,23.167143,-0.024813262041629258,52.07024161350081,52.25941,-0.18916924465348472,92.56931842400144,93.26742,-0.6980994837134062,0.0002742914990352,0.00044253786,-0.00016824635841720747,0.0001159216327758,0.0001744766,-5.855497224932008e-05
physics_guided_NN,50,1750,2,718,3.8670430047944016,4.2828193,-0.41577626629324493,15.468172019177606,16.925858,-1.4576855247677063,34.80338704314961,37.45345,-2.6500622061179655,61.872688076710425,66.85046,-4.977768161082544,0.009454606510343,0.009873123,-0.00041851639783199203,0.0036640627351547,0.004255977,-0.0005919142584358932
physics_guided_NN,50,1750,2,719,37.46793028688852,37.461784,0.006145924095548594,149.87172114755407,150.05963,-0.18791020010218062,337.2113725819966,336.86258,0.34879323629348846,599.4868845902163,599.05865,0.4282298050600275,0.000118825692371,-0.0011524908,0.0012713165401150477,5.959415156976146e-05,-0.000597625,0.00065721913287998
physics_guided_NN,50,1750,2,720,4.6799548980400605,4.8694453,-0.1894904259040313,18.71981959216024,19.131435,-0.411615802126871,42.11959408236054,44.74859,-2.628994479651176,74.87927836864097,77.58579,-2.7065141728629385,0.0020432057793048,0.0024658497,-0.0004226439629885577,0.0008199053378851,0.00058098004,0.00023892530287437474
physics_guided_NN,50,1750,2,721,6.3140088512631936,6.419133,-0.10512433507713848,25.25603540505277,25.603256,-0.34722082053316683,56.82607966136874,57.31263,-0.4865500383382937,101.0241416202111,102.645966,-1.621823955960778,0.0012380003656837,0.0017986702,-0.0005606697911751614,0.0006181596136896,0.0009170194,-0.00029885976703259494
physics_guided_NN,50,1750,2,722,6.962408835301998,7.106195,-0.1437861376899452,27.849635341208,28.33851,-0.4888751720976643,62.66167951771798,63.28366,-0.6219813709538968,111.39854136483196,115.06641,-3.6678648851680435,0.0026281286738265,0.0025004386,0.0001276900767732108,0.0009297598434335,0.0009869159,-5.7156053213178485e-05
physics_guided_NN,50,1750,2,723,22.82328998045657,23.045937,-0.22264660401608793,91.29315992182627,92.42399,-1.130828420458883,205.4096098241092,207.13809,-1.7284822169064284,365.1726396873052,367.61838,-2.4457379982416683,0.0001444960139757,-0.00013401835,0.00027851436564884854,8.01241515667132e-05,-5.451955e-05,0.00013464370232512716
physics_guided_NN,50,1750,2,724,4.719518620313517,4.75591,-0.036391299425252654,18.878074481254068,19.14434,-0.26626603388265124,42.47566758282164,42.79012,-0.3144515883209351,75.51229792501627,77.044975,-1.5326773557454487,0.002887839066605,0.0028253533,6.248577199402267e-05,0.0012213367887312,0.0011511393,7.019752287356316e-05
physics_guided_NN,50,1750,2,725,16.32848496436736,16.565704,-0.23721938133576614,65.31393985746944,66.33134,-1.0173971176282208,146.95636467930626,149.35506,-2.398692083389051,261.25575942987774,264.91718,-3.6614158630910083,0.0013477888086776,0.00011083102,0.0012369577915955087,0.0008858269544482,0.00016263088,0.0007231960740802578
physics_guided_NN,50,1750,2,726,19.795511033793485,19.841599,-0.046087476948702744,79.18204413517394,79.93249,-0.7504433526190297,178.15959930414138,177.8445,0.31510162347731807,316.72817654069576,317.35254,-0.6243625218042439,0.000184434989813,-0.0012674738,0.0014519087852642239,0.0001185555623363,-0.00011111253,0.00022966809349444177
physics_guided_NN,50,1750,2,727,2.4344568642220232,2.7474353,-0.31297846712258126,9.737827456888091,11.362941,-1.6251133313809518,21.910111777998207,24.358568,-2.4484564135301135,38.95130982755237,43.724606,-4.773295732750363,0.0033726576939966,0.002309509,0.0010631486066426553,0.0018438815273234,0.0017278955,0.00011598606536922349
physics_guided_NN,50,1750,2,728,7.776034232672879,7.9479113,-0.17187702983932773,31.10413693069152,31.392662,-0.288525117648323,69.9843080940559,70.6393,-0.6549893912956577,124.41654772276608,126.30703,-1.8904820013550108,0.0011360476795986,0.00093303935,0.00020300832823213978,0.000635778640247,0.0006208877,1.4890967252714164e-05
physics_guided_NN,50,1750,2,729,15.088662328999805,15.222046,-0.13338356943769547,60.35464931599922,61.262703,-0.9080536258953131,135.79796096099827,137.47,-1.6720402597048576,241.41859726399687,243.5521,-2.1334962418625025,0.0001975135823886,-0.00020856793,0.00040608151219199376,0.0001183990386086,2.7900867e-05,9.04981713280497e-05
physics_guided_NN,50,1750,2,730,22.200328241148654,22.111712,0.08861673907345846,88.80131296459462,87.82087,0.9804435187938338,199.8029541703379,197.90523,1.8977265092050857,355.20525185837846,353.32318,1.8820707060347104,1.0200858923463462e-05,-0.00020433926,0.00021454011857681567,3.175237763357828e-06,3.6208497e-05,-3.30332597134062e-05
physics_guided_NN,50,1750,2,731,11.826310812541507,11.629899,0.19641178757812838,47.30524325016604,46.353397,0.9518458807812777,106.4367973128736,104.93624,1.5005561629712503,189.2209730006641,186.16371,3.0572614528125257,0.0001878495524759,-1.639743e-05,0.00020424698161129523,9.1178685943781e-05,-0.00017833237,0.0002695110537393005
physics_guided_NN,50,1750,2,732,4.258804167384981,4.098374,0.16043027746188532,17.035216669539924,16.641869,0.39334807823133033,38.32923750646482,37.04414,1.2850976444042743,68.1408666781597,66.50387,1.6369985751323526,0.0005938625076527,-5.253223e-06,0.0005991157308602463,0.0002652633967712,4.588983e-05,0.00021937356830066442
physics_guided_NN,50,1750,2,733,10.450616472858064,10.716013,-0.2653964818538501,41.802465891432256,42.709778,-0.9073119405989942,94.05554825572258,96.067474,-2.0119261095117906,167.20986356572902,172.6233,-5.413442708685039,0.000102046485343,-0.00055546744,0.0006575139279523698,4.25207167296738e-05,-0.00012126418,0.00016378489678176797
physics_guided_NN,50,1750,2,734,10.26519806986247,10.098663,0.1665347397843444,41.06079227944988,40.401077,0.6597150089420651,92.38678262876223,89.50361,2.8831739251489523,164.2431691177995,161.6779,2.565266896119823,0.0031203248098543,0.003920526,-0.0008002009682306931,0.0017496207120821,0.0022020992,-0.0004524784770801543
physics_guided_NN,50,1750,2,735,20.500990725635813,20.6732,-0.1722098816639921,82.00396290254325,82.88654,-0.8825803713825309,184.5089165307224,185.51775,-1.0088294409572995,328.015851610173,330.39865,-2.3827995128738735,7.024558829213636e-05,-0.00045817773,0.0005284233203630443,3.3618747071328135e-05,-0.00023788765,0.0002715063995457837
physics_guided_NN,50,1750,2,736,8.216473521237178,8.477895,-0.2614212617828411,32.865894084948714,33.823288,-0.9573938789184737,73.94826169113462,76.521675,-2.573413418728663,131.46357633979486,136.67728,-5.21370027153327,0.0001856042743032,0.00027376358,-8.815930617739047e-05,9.106865172602254e-05,0.00027568042,-0.0001846117652361093
physics_guided_NN,50,1750,2,737,5.475905731902349,5.486755,-0.010849162354242381,21.9036229276094,22.168385,-0.2647616243925519,49.28315158712115,49.41034,-0.12718776834760348,87.61449171043759,87.153694,0.4607975576055594,0.0035056360035557,0.0032874197,0.00021821632677499923,0.0013185890230823,0.001361915,-4.3326003709093794e-05
physics_guided_NN,50,1750,2,738,11.802040268467303,12.348892,-0.5468519434467591,47.20816107386921,48.950043,-1.7418816507401615,106.21836241620572,111.120865,-4.902502451958341,188.83264429547685,197.54524,-8.712598014093459,0.0001676842908172,0.0008748,-0.000707115734668256,8.347402069280407e-05,0.00032941726,-0.0002459432431633536
physics_guided_NN,50,1750,2,739,1.7680090257619416,1.8882954,-0.120286386301657,7.072036103047767,7.041438,0.03059800032559945,15.912081231857474,17.062578,-1.150496969436471,28.288144412191063,28.112545,0.1755993987633282,0.0635576442395264,0.04544229,0.018115353635411863,0.0347494063100534,0.025993701,0.0087557052395063
physics_guided_NN,50,1750,2,740,23.533263201206267,23.489727,0.04353618094259559,94.13305280482508,94.11232,0.02073285853602158,211.79936881085644,210.98845,0.8109197141767481,376.5322112193003,376.14368,0.3885344614877795,9.225500066163006e-05,-0.00039651533,0.0004887703307285345,3.0184355324552822e-05,-0.00014364433,0.00017382868250594423
physics_guided_NN,50,1750,2,741,4.258611667534818,4.252888,0.0057234648675814626,17.03444667013927,17.094015,-0.059568451320689775,38.327505007813365,38.011185,0.31632031543055206,68.13778668055708,66.40255,1.735236936904741,0.0034791735963405,0.003572302,-9.312834278932952e-05,0.0020158030500474,0.0021640318,-0.0001482287945387341
physics_guided_NN,50,1750,2,742,5.890543392121846,5.9201574,-0.029614040434306155,23.562173568487385,23.709724,-0.1475508577821465,53.01489052909663,53.306553,-0.29166235786625805,94.24869427394954,95.17131,-0.9226161508551485,0.0061128368749427,0.006121765,-8.928015906890449e-06,0.0029370319829915,0.0030804914,-0.00014345945924182412
physics_guided_NN,50,1750,2,743,8.70935843963217,8.671579,0.03777907867025654,34.83743375852868,34.72773,0.10970396116540115,78.38422595668953,78.36157,0.022653691064533632,139.34973503411473,138.90356,0.4461705809897296,0.0007306837680434,0.00051554095,0.0002151428226997268,0.0002777775624755,0.0002631227,1.4654866278839582e-05
physics_guided_NN,50,1750,2,744,3.58729335434284,3.5862305,0.0010628379091239815,14.349173417371356,14.507054,-0.15788091154710138,32.285640189085555,31.805346,0.4802946538072348,57.39669366948543,57.64374,-0.2470479381805859,0.003203852546207,0.0025150669,0.0006887856654742251,0.0012557185145897,0.0011524208,0.00010329774886939209
physics_guided_NN,50,1750,2,745,4.3731194850572335,4.6478286,-0.27470909389174114,17.492477940228934,18.522682,-1.0302042497124724,39.35807536551511,42.57309,-3.2150142340942622,69.96991176091574,75.237206,-5.267293744455358,6.922992682248785e-05,0.00089403,-0.0008248000471836285,2.926704403553005e-05,0.00013927773,-0.00011001068994328532
physics_guided_NN,50,1750,2,746,18.39583685980177,18.826633,-0.4307965935673721,73.58334743920707,75.3017,-1.718349338136676,165.56253173821594,169.68993,-4.1273944092449995,294.3333897568283,300.95792,-6.624526502937329,0.0001625122758177,-2.3008422e-05,0.00018552069824900319,7.825476855509e-05,-6.93646e-05,0.00014761936832223104
physics_guided_NN,50,1750,2,747,6.667520132070138,6.7593284,-0.09180823325579013,26.67008052828055,26.962286,-0.292205467202848,60.00768118863123,60.997456,-0.9897744082925968,106.6803221131222,107.252464,-0.572142181311392,0.0007787565873301,0.00096268987,-0.00018393328084439326,0.000351187700825,0.00044050333,-8.931562425549904e-05
physics_guided_NN,50,1750,2,748,23.62487300992673,23.736307,-0.1114341342383085,94.49949203970694,94.913376,-0.41388381478525105,212.6238570893406,212.85535,-0.23148959034691075,377.99796815882775,379.33804,-1.3400750540628792,7.434995514011049e-05,-0.00037243552,0.0004467854743790444,2.398574146526293e-05,-0.0003438945,0.00036788024012083544
physics_guided_NN,50,1750,2,749,20.297072309396807,20.230217,0.0668553294163381,81.18828923758723,81.074684,0.11360509452082113,182.6736507845713,181.98193,0.6917171908212936,324.7531569503489,323.93127,0.8218825362864095,2.315686944939018e-05,-0.0005249657,0.0005481225664175284,1.4379707688878902e-05,-0.00019246938,0.00020684908650577409
