model,training_percentage,training_samples,repeat,source_row_index,actual_f1,predicted_f1,error_f1,actual_f2,predicted_f2,error_f2,actual_f3,predicted_f3,error_f3,actual_f4,predicted_f4,error_f4,actual_peak_displacement,predicted_peak_displacement,error_peak_displacement,actual_rms_displacement,predicted_rms_displacement,error_rms_displacement
standard_NN,5,175,3,0,6.186700893706153,6.942439,-0.7557381855785152,24.74680357482461,29.995775,-5.248971647953709,55.680308043355375,67.769165,-12.088856995707125,98.98721429929844,118.41407,-19.426855830096088,0.0035537163708347,0.005953466,-0.0023997496832174146,0.0018668367173623,0.0032418899,-0.0013750531598825302
standard_NN,5,175,3,1,9.903250120774487,9.833341,0.0699094759380614,39.61300048309796,38.783035,0.8299652047776505,89.12925108697041,87.984184,1.1450668218336943,158.45200193239182,152.16948,6.282522562274636,0.0061209173382417,0.0012945489,0.004826368482147221,0.0029278196685243,0.0010718742,0.0018559454998228302
standard_NN,5,175,3,2,4.639680631888204,3.9576359,0.6820447523716027,18.558722527552817,14.605492,3.953230889369223,41.75712568699384,34.646675,7.110450577130557,74.23489011021127,56.938484,17.296405918316736,0.0053186435933173,0.006976502,-0.0016578584228694139,0.002820590054376,0.0037191368,-0.0008985467630047862
standard_NN,5,175,3,3,6.806357768124741,6.5215693,0.28478851611058076,27.225431072498964,27.83763,-0.612198245738341,61.25721991312268,63.69281,-2.4355901454710676,108.90172428999584,105.794945,3.1067795268122467,0.0066459270300925,0.0041494127,0.002496514293795846,0.0033518613871852,0.002499882,0.0008519794882008869
standard_NN,5,175,3,4,15.868402634520177,16.086279,-0.21787628088509692,63.47361053808071,66.741,-3.267386776372412,142.8156237106816,151.11075,-8.295124580334033,253.8944421523228,258.96994,-5.075498033224079,0.0002914181937687,-0.0013800671,0.0016714852796159585,0.000185351405424,-0.0009698778,0.0011552292212293756
standard_NN,5,175,3,5,12.643611494404144,13.903109,-1.2594971023976136,50.57444597761658,55.4345,-4.860055670332642,113.79250344963732,125.89533,-12.102828886788458,202.2977839104663,216.8328,-14.535010278986817,0.0012559713638756,0.00021604144,0.0010399299196568825,0.0006072123145144,0.00018941413,0.00041779818305927655
standard_NN,5,175,3,6,9.45972756115158,8.055283,1.404444968378142,37.83891024460632,33.070454,4.76845660080749,85.13754805036422,77.879524,7.258023819407185,151.35564097842527,139.01376,12.341877550690896,0.0052110600853599,0.019088157,-0.013877096435960443,0.0024767616399103,0.010668109,-0.008191347531182211
standard_NN,5,175,3,7,7.027557013460982,7.201325,-0.17376792626680082,28.11022805384393,28.314177,-0.20394850560431266,63.24801312114885,62.735535,0.5124784531801012,112.44091221537572,106.99159,5.449319808149156,0.0003562779189139,0.0015507133,-0.0011944354022801528,0.0001601930054747,0.0009978322,-0.0008376391558996901
standard_NN,5,175,3,8,5.496248478891723,4.7981925,0.698055977823608,21.984993915566893,19.677057,2.307936649331541,49.46623631002551,44.95526,4.510975079556758,87.93997566226757,79.010216,8.929759902990227,0.0052667846196957,0.00037300005,0.004893784573457397,0.0027349370426037,-0.00023979612,0.0029747331642084405
standard_NN,5,175,3,9,8.258353189123369,8.385838,-0.1274843658082716,33.03341275649348,33.829266,-0.7958528379889387,74.32517870211032,73.93879,0.38638933443453993,132.1336510259739,134.11171,-1.9780585687526582,0.0008322962233817,0.0017385965,-0.0009063002513701301,0.00035169445793,0.0008064463,-0.0004547518456834839
standard_NN,5,175,3,10,1.929974717044784,2.6827803,-0.7528055487633214,7.719898868179136,10.883194,-3.163295101547426,17.369772453403055,17.520176,-0.15040348043483576,30.879595472716545,38.217743,-7.33814744720533,0.0234900632577201,0.039142642,-0.01565257891247071,0.0119642960333229,0.019719051,-0.007754755163848312
standard_NN,5,175,3,11,4.927304670559308,5.055215,-0.12791021133766467,19.709218682237232,19.82086,-0.11164122682038524,44.34574203503377,39.39788,4.947861480834554,78.83687472894893,79.43644,-0.5995647852112285,0.0003189917155481,0.0014213289,-0.00110233715130621,0.0001180333771677,0.00056395645,-0.00044592307070928986
standard_NN,5,175,3,12,15.472698554740608,16.650272,-1.1775738146441572,61.89079421896243,69.18179,-7.2909989939281985,139.25428699266547,156.1614,-16.907120478037655,247.5631768758497,269.81787,-22.254694217900294,0.0006305740513392,-0.00020865329,0.0008392273426773234,0.0002503300297083,-0.0004107376,0.0006610676159159879
standard_NN,5,175,3,13,3.240174949311588,3.6639261,-0.4237511752611658,12.960699797246352,14.497812,-1.5371124738718116,29.16157454380429,31.453575,-2.292000590473055,51.84279918898541,50.490982,1.3518171333213473,0.0216719214517747,0.019559365,0.002112556685892209,0.0102374025954442,0.009757275,0.0004801278336482029
standard_NN,5,175,3,14,7.256315136126632,8.8087225,-1.5524073599060833,29.02526054450653,37.148495,-8.123234175952454,65.30683622513969,88.72603,-23.419192217243122,116.10104217802612,141.89653,-25.795487973341068,0.0032415115549485,0.004548209,-0.0013066972330888003,0.0012703612274022,0.0029043215,-0.0016339603052942856
standard_NN,5,175,3,15,4.442000092457506,4.4309936,0.011006535481187463,17.768000369830023,17.593065,0.17493510798920298,39.97800083211755,41.90565,-1.9276502604117454,71.0720014793201,68.62324,2.448763869456812,0.0026040336139117,0.0020364355,0.0005675980843220471,0.001408026651636,0.0010434306,0.0003645960056858615
standard_NN,5,175,3,16,12.033025442877864,13.585342,-1.552316964348698,48.13210177151145,57.082672,-8.950570347629174,108.29722898590076,129.91254,-21.61530763519299,192.5284070860458,216.21786,-23.689457904188572,0.0001476335873221,0.00062911655,-0.0004814829609031836,4.904790280904922e-05,0.0006291495,-0.0005801015909523115
standard_NN,5,175,3,17,3.7933805119604735,4.1327586,-0.3393781054406495,15.173522047841894,17.007208,-1.8336858226415043,34.14042460764426,33.549957,0.5904673322536382,60.69408819136758,64.75356,-4.059474735878517,0.0039353939566326,0.0049726805,-0.0010372865152049205,0.0016935033868195,0.0023724686,-0.0006789652020542439
standard_NN,5,175,3,18,2.4501347258980446,1.591208,0.8589267447884255,9.800538903592178,7.8690834,1.9314554990511628,22.051212533082406,15.127193,6.924019082154672,39.20215561436871,21.918777,17.2833781485484,0.0191874611705435,0.01555862,0.003628841187049217,0.011834558380617,0.0083242925,0.003510265892220832
standard_NN,5,175,3,19,3.251164306111213,3.2813187,-0.030154358439568263,13.004657224444854,14.311829,-1.3071713888363963,29.26047875500092,27.039406,2.221072932247015,52.018628897779415,53.020706,-1.0020772789783976,0.0430041175307428,0.006560064,0.03644405360982767,0.0236641386342238,0.0032608516,0.0204032870293598
standard_NN,5,175,3,20,4.237986580249869,3.770905,0.46708156239708565,16.951946320999475,15.348291,1.6036549239047488,38.141879222248825,35.674904,2.4669753526199187,67.8077852839979,62.092903,5.71488214679087,0.0047768707120056,0.011495542,-0.006718671069181457,0.0019492283195955,0.006498704,-0.004549475879152373
standard_NN,5,175,3,21,40.64406666890176,30.134958,10.509108401689844,162.57626667560703,117.288345,45.28792133869297,365.7966000201158,257.3929,108.40368620175644,650.3050667024281,476.14908,174.1559883332875,1.5505257108330758e-05,0.0017046786,-0.0016891733807985782,9.130186019217458e-06,0.000559308,-0.0005501777980572228
standard_NN,5,175,3,22,2.902183163048412,4.3702517,-1.4680684925302012,11.608732652193648,18.411524,-6.802791166776078,26.119648467435702,41.133015,-15.013366211519376,46.43493060877459,71.77431,-25.33937664220197,0.0097184221669327,0.0035147767,0.006203645462099788,0.0050084951975183,0.0019710688,0.003037426405473184
standard_NN,5,175,3,23,5.142201232783284,3.878707,1.2634943007154131,20.568804931133137,16.837135,3.7316696161917307,46.27981109504956,40.645714,5.634097288897216,82.27521972453255,65.9211,16.354122922774735,0.0011226691117699,0.007340972,-0.00621830273436357,0.0005077374228269,0.0046997326,-0.004191995219793902
standard_NN,5,175,3,24,2.1600466311698385,2.2388558,-0.07880920760579624,8.640186524679354,9.535929,-0.895742201516935,19.440419680528542,17.218876,2.2215437955187767,34.560746098717416,39.831306,-5.270560358802115,0.0278291828382865,0.028033912,-0.00020472934356774788,0.0158586446318918,0.014360064,0.001498580922573163
standard_NN,5,175,3,25,15.039436223097557,14.658887,0.3805493136126934,60.15774489239022,59.931263,0.22648192241951648,135.35492600787802,133.58626,1.7686680733077083,240.63097956956088,239.22812,1.4028606730765034,3.13657136574224e-05,0.003334969,-0.0033036033356622025,1.738559044836718e-05,0.0018334803,-0.0018160947266972188
standard_NN,5,175,3,26,12.689187530339115,12.855745,-0.16655778521264253,50.75675012135647,52.6752,-1.9184512946591568,114.20268777305203,119.23674,-5.0340523392526535,203.02700048542587,205.0588,-2.031806887621002,0.0009588654445881,-0.003139679,0.004098544531914031,0.0004114017392586,-0.0014376891,0.0018490908005352148
standard_NN,5,175,3,27,8.035770564195651,9.350563,-1.3147924851207549,32.143082256782606,37.18888,-5.045798663627551,72.32193507776086,82.36259,-10.0406518973368,128.57232902713042,149.48392,-20.911588209197703,0.0005528791614672,8.2918195e-05,0.000469960966064019,0.0002125299899266,-0.00010645192,0.00031898190643497664
standard_NN,5,175,3,28,30.800036447357083,32.087204,-1.2871675321351042,123.20014578942832,126.82495,-3.624805382446681,277.2003280262137,291.74976,-14.549427833161303,492.8005831577133,510.16254,-17.361953463380473,5.210402567520608e-05,0.0019120025,-0.0018598984260426474,1.614234783510892e-05,0.0012851824,-0.001269040080711141
standard_NN,5,175,3,29,6.95030101364309,6.981476,-0.03117481643503517,27.80120405457236,27.532324,0.2688802172920859,62.55270912278782,67.39123,-4.838518599380151,111.20481621828944,113.418144,-2.2133280077847814,0.0016745240663364,0.0013734277,0.00030109637912357524,0.000820124024276,0.0006414588,0.0001786652400459466
standard_NN,5,175,3,30,14.6619414403532,15.890487,-1.2285452768709213,58.6477657614128,61.487244,-2.839477890930951,131.95747296317882,151.76393,-19.806458311235247,234.5910630456512,250.39244,-15.80137775024724,0.0003207644041915,0.0010255983,-0.0007048338591765105,0.0001060963068559,0.00046636665,-0.0003602703408867886
standard_NN,5,175,3,31,3.749525168065405,4.482462,-0.7329367612558841,14.99810067226162,17.454937,-2.456836308939552,33.74572651258865,40.52914,-6.783413959823463,59.992402689046486,72.19849,-12.206083639078514,0.0610179422162491,0.02298016,0.038037783067675225,0.0331257359560026,0.011871855,0.02125388118134869
standard_NN,5,175,3,32,2.068929461665606,2.2741656,-0.2052361686749702,8.275717846662424,10.696873,-2.4211548645192167,18.620365154990456,22.304462,-3.6840972778708725,33.102871386649696,32.60337,0.4995007201457895,0.0161139002143161,0.018016197,-0.0019022965730412303,0.0089729294159271,0.009160681,-0.00018775128044111813
standard_NN,5,175,3,33,11.856180485244336,12.634598,-0.778417293075977,47.42472194097735,52.59781,-5.173086896913276,106.70562436719904,117.01023,-10.30460665086737,189.6988877639094,208.54384,-18.844950737067165,0.0002760859269495,-0.0013387196,0.0016148055501128424,0.0001023009876367,-0.0005185761,0.0006208771132510451
standard_NN,5,175,3,34,7.749130820433567,7.8241096,-0.0749787338572041,30.99652328173427,30.542007,0.454515835445207,69.74217738390212,67.76945,1.9727300572419608,123.98609312693708,117.8819,6.104196154280828,0.0008412893334205,0.00128774,-0.00044645062333096576,0.0004622929601314,0.00055000617,-8.771320690042459e-05
standard_NN,5,175,3,35,6.635803980157069,6.41973,0.21607379369466706,26.54321592062828,25.545042,0.998173882664414,59.722235821413626,54.349407,5.3728286253687045,106.17286368251312,100.433815,5.739048680071718,0.0010605453856659,0.0016427592,-0.0005822138052064116,0.0005151382196758,0.00072150177,-0.00020636354889086808
standard_NN,5,175,3,36,10.61488749918763,9.394605,1.2202828162652661,42.45954999675052,38.627144,3.8324061368872364,95.53398749268868,85.20695,10.327040166028524,169.83819998700207,148.35902,21.479175939150508,0.0002930875378121,0.00012932646,0.0001637610728545424,0.0001548547260525,6.947189e-05,8.538283501438021e-05
standard_NN,5,175,3,37,3.2355863041003987,3.3702617,-0.13467536505853683,12.942345216401597,13.713434,-0.7710890029587549,29.120276736903588,31.024105,-1.9038283351178968,51.76938086560638,45.117897,6.651483831914973,0.0150253291618152,0.015643915,-0.0006185859996752398,0.0074359097671304,0.0076915533,-0.0002556435610558735
standard_NN,5,175,3,38,13.904540915174742,13.851814,0.05272664515521086,55.61816366069897,54.372093,1.2460704600153747,125.14086823657269,127.79594,-2.65506834789997,222.47265464279587,213.33253,9.140119852756811,0.0009457456538146,0.0030522249,-0.0021064792169565695,0.0005292154861014,0.0021454622,-0.001616246717669476
standard_NN,5,175,3,39,10.343716525408988,9.542688,0.8010281556580114,41.37486610163595,40.56394,0.8109279607668114,93.09344872868093,88.2095,4.883945554852801,165.4994644065438,159.2979,6.201567067676621,0.0001568621964532,-0.0006638889,0.0008207510699856144,6.356414461408556e-05,-0.00036461966,0.0004281838010800332
standard_NN,5,175,3,40,6.429676602503863,7.0012493,-0.5715727108506288,25.718706410015454,29.06939,-3.350682933246265,57.86708942253479,61.459602,-3.592512933422242,102.8748256400618,112.3545,-9.47967417683273,0.0001118182888483,-0.00087369303,0.0009855113210385036,5.621150812716693e-05,-0.0006685938,0.0007248053068912169
standard_NN,5,175,3,41,2.479684200489037,1.6334085,0.8462756540412832,9.918736801956149,8.116167,1.8025697334747033,22.317157804401337,15.492641,6.824516355426727,39.674947207824594,26.366264,13.308682864562876,0.0290887915426202,0.008239283,0.020849508316189785,0.0131539099371442,0.004453714,0.00870019593149511
standard_NN,5,175,3,42,11.698263912526665,12.049412,-0.35114786115497587,46.79305565010665,48.472725,-1.6796692644441293,105.28437521273996,111.92621,-6.64183328335379,187.1722226004266,190.66736,-3.4951357980108924,0.0005724970021776,0.002304956,-0.0017324590819396933,0.0003085021973515,0.0010828238,-0.000774321647275046
standard_NN,5,175,3,43,11.179834604337966,13.077218,-1.8973834513871317,44.71933841735186,52.89255,-8.173213004767284,100.6185114390417,126.50044,-25.881931065841115,178.87735366940746,207.1552,-28.277843474147232,0.000422215415964,0.0016795907,-0.0012573752544279173,0.0001402285004203,0.00081322517,-0.0006729966673831663
standard_NN,5,175,3,44,17.368906728179066,15.755138,1.6137683309622695,69.47562691271627,64.42792,5.047709432247515,156.3201605536116,151.39363,4.926529572166288,277.90250765086506,249.72989,28.172618734849436,0.00020018114613,0.0016620758,-0.0014618946062624112,6.875846152524547e-05,0.000993099,-0.0009243404856943051
standard_NN,5,175,3,45,2.9830500021364865,3.3558173,-0.37276731582615996,11.932200008545946,15.537088,-3.604888385619093,26.84745001922838,33.428963,-6.581512688291152,47.72880003418378,57.028465,-9.299665236812316,0.0115029720158564,0.010692358,0.0008106139988886263,0.005130794793116,0.0060781166,-0.0009473218026290866
standard_NN,5,175,3,46,4.720890989769187,5.0064225,-0.2855315299146506,18.88356395907675,19.669048,-0.7854843502494226,42.48801890792269,42.51922,-0.0311995369015321,75.534255836307,83.60352,-8.069267418087534,0.005784865705416,0.0028232045,0.0029616612048153045,0.002787491657286,0.0011943071,0.0015931845423570391
standard_NN,5,175,3,47,5.062766237591458,5.3701897,-0.3074234291565885,20.25106495036584,20.612537,-0.3614724336673625,45.564896138323135,49.540527,-3.9756312054268648,81.00425980146333,77.7059,3.298357701853959,0.0017031670636135,0.0020081762,-0.0003050091122639518,0.0006777865621889,0.0009737507,-0.000295964158543014
standard_NN,5,175,3,48,2.055085973228175,2.323339,-0.26825301221494025,8.2203438929127,9.206852,-0.9865080663158157,18.495773759053574,14.002628,4.493145432637558,32.8813755716508,36.749,-3.8676249776656064,0.0967923034095716,0.030676518,0.06611578577398772,0.0451798347561757,0.015737234,0.02944260107270879
standard_NN,5,175,3,49,2.477903044160504,3.4196835,-0.9417804122603943,9.911612176642016,11.975452,-2.0638402464536867,22.30112739744453,27.680103,-5.3789759045574215,39.64644870656806,49.300346,-9.65389766794366,0.019232999656255,0.0124843605,0.006748639169986002,0.0104579709025528,0.0067832363,0.0036747346187438537
standard_NN,5,175,3,50,5.955595748421161,5.682122,0.2734735178913761,23.822382993684645,23.024927,0.7974558544024184,53.60036173579046,53.1819,0.4184617113763949,95.28953197473858,91.5087,3.780834464972955,0.0047688682137197,0.020871101,-0.016102232733541156,0.0023862163284903,0.010814023,-0.008427806875657515
standard_NN,5,175,3,51,5.581267560649692,5.10794,0.47332736365872563,22.32507024259877,20.136713,2.188357214644668,50.231408045847225,43.656788,6.574620173532772,89.30028097039506,77.25807,12.042209070981002,0.0043352635247097,0.0017520587,0.002583204782141803,0.0025104112520067,0.00078474346,0.0017256677911801242
standard_NN,5,175,3,52,5.211641771009218,5.5560913,-0.34444953758453156,20.84656708403688,22.106604,-1.2600365383996426,46.90477593908296,47.599564,-0.6947876595498528,83.3862683361475,88.934586,-5.5483172351415675,0.0001961528363204,-0.0009392842,0.0011354370547956227,7.552146715998147e-05,-0.00062479696,0.0007003184248688766
standard_NN,5,175,3,53,13.334704767371436,15.949812,-2.6151071680533686,53.338819069485744,63.99871,-10.659891562838474,120.01234290634292,144.46123,-24.448884510649265,213.35527627794292,250.05524,-36.69996053846333,0.001803498916345,0.0016862818,0.00011721715891575791,0.0007689441868172,0.00073212304,3.682114994832972e-05
standard_NN,5,175,3,54,1.589547070487722,0.76963335,0.8199137177312217,6.358188281950889,2.558739,3.7994493350362157,14.3059236343895,-2.525868,16.831791573384862,25.432753127803554,10.71193,14.720822852840175,0.0131680829387649,0.043730427,-0.03056234364094892,0.0071448756216065,0.02220782,-0.015062945166419355
standard_NN,5,175,3,55,1.983695920341253,1.0104647,0.9732312520673272,7.934783681365012,7.7393913,0.195392354460715,17.85326328307128,10.050671,7.802592659291982,31.739134725460048,19.424103,12.315031942256923,0.0396939400346792,0.012065288,0.02762865235524538,0.0202349661746362,0.0061366465,0.01409831968036683
standard_NN,5,175,3,56,1.8669041184563684,1.7494578,0.11744628230524534,7.4676164738254736,7.4805756,-0.012959087697963945,16.802137066107317,12.925518,3.876619030218645,29.87046589530189,29.115173,0.7552925554581407,0.1432891717733956,0.039679118,0.10361005427261358,0.0704967901410945,0.020345565,0.05015122520946341
standard_NN,5,175,3,57,10.477116954109777,11.326393,-0.8492761733316296,41.90846781643911,46.455387,-4.546919299039409,94.294052586988,107.97414,-13.68008376555106,167.63387126575643,190.67091,-23.037042430532637,0.0003953383278564,-0.00035587954,0.0007512178712055468,0.0001590627483103,-0.00016802188,0.0003270846330571495
standard_NN,5,175,3,58,20.375535995200487,25.14643,-4.770893066689162,81.50214398080195,99.60701,-18.104865906893366,183.3798239568044,221.41211,-38.03228541819561,326.0085759232078,397.66873,-71.66015576624534,0.0001199136320624,0.0023088402,-0.0021889265328523273,4.486649217868252e-05,0.0013978723,-0.0013530058514807184
standard_NN,5,175,3,59,12.367229006475965,12.999124,-0.631894566827258,49.46891602590386,51.86911,-2.4001940815180163,111.30506105828368,117.24328,-5.938217445134285,197.87566410361543,201.8094,-3.9337383622048776,0.0028914706760657,0.0012067535,0.0016847171334189344,0.0014562367542712,0.0005728238,0.0008834129513306526
standard_NN,5,175,3,60,7.259922346915204,7.1622314,0.09769090160270366,29.03968938766081,28.27706,0.7626298326071002,65.33930112223683,64.88219,0.45711423258839545,116.15875755064326,108.42136,7.737401349471384,0.0011848402323287,0.00016362102,0.0010212192105447894,0.0004181500411686,0.00010619534,0.00031195470402952996
standard_NN,5,175,3,61,6.850769784298405,5.2575374,1.5932324193386886,27.40307913719362,22.65545,4.74762831627077,61.65692805868566,52.142838,9.514090534271595,109.61231654877449,87.41591,22.196407735297925,0.0016477141880633,0.0012290378,0.0004186764245124224,0.0007949413008481,0.0010681429,-0.00027320164037349483
standard_NN,5,175,3,62,4.657415212883389,4.729369,-0.07195395062979415,18.62966085153356,17.734762,0.8948986597611004,41.91673691595052,41.66255,0.25418503606771026,74.51864340613423,75.32294,-0.8042936055845189,0.0047152524028116,0.004104907,0.0006103452440493831,0.0026370878862338,0.0021214134,0.0005156745268152887
standard_NN,5,175,3,63,11.818697172734336,14.706785,-2.8880880292920317,47.27478869093734,59.268238,-11.993449376689611,106.36827455460902,132.60114,-26.232860699297234,189.09915476374937,234.03177,-44.93261403507876,0.0012286155864118,-0.002040561,0.003269176642176356,0.0005710328990964,-0.0012617077,0.001832740643657536
standard_NN,5,175,3,64,27.1208251382587,29.607718,-2.4868923757793873,108.4833005530348,120.42234,-11.939039840031612,244.0874262443283,275.61807,-31.530646265437326,433.9332022121392,473.62338,-39.690180356220196,5.843066045779509e-05,-0.00031439844,0.00037282909633356854,1.875016104149639e-05,1.41145465e-05,4.635614539254525e-06
standard_NN,5,175,3,65,2.172957221959886,1.3854651,0.7874920768488018,8.691828887839543,7.0636826,1.6281463316871996,19.55661499763897,11.550976,8.005639198078423,34.76731555135817,17.86882,16.898495360928486,0.1538547663382672,0.020600786,0.13325397990564333,0.0861287455147516,0.010578287,0.07555045868069045
standard_NN,5,175,3,66,25.87578184662529,23.81052,2.06526167450615,103.50312738650116,96.605804,6.897322943141788,232.88203661962768,217.28908,15.592958860838621,414.0125095460047,384.54514,29.467374047957833,0.0001667538071048,-0.0012019535,0.0013687073132019976,0.0001010433902521,-0.00090064586,0.0010016892469976411
standard_NN,5,175,3,67,3.667297020034559,3.5567303,0.11056674964881674,14.669188080138236,16.027351,-1.3581632992562955,33.00567318031103,36.18509,-3.179415931017097,58.67675232055294,59.87239,-1.1956384265173696,0.0074214051378621,0.009713662,-0.0022922567190872293,0.003210293721881,0.005430944,-0.0022206500763928016
standard_NN,5,175,3,68,20.57037898451195,20.670286,-0.09990719407691628,82.2815159380478,82.54893,-0.26741136908110263,185.1334108606076,180.99548,4.137927462170097,329.1260637521912,326.90332,2.2227434396912145,5.814601795745109e-05,-0.0019625055,0.0020206515317596216,3.134523541650482e-05,-0.0015373452,0.0015686904687898487
standard_NN,5,175,3,69,34.419582676328304,29.375835,5.043747257627132,137.6783307053132,114.22552,23.452813432363968,309.7762440869548,259.8224,49.95385639164232,550.7133228212529,462.4536,88.25970954000286,0.0001190137196533,-0.0010129653,0.0011319790579579388,5.4978306269072936e-05,-0.00050314807,0.0005581263749429817
standard_NN,5,175,3,70,4.3020525558207865,4.4630756,-0.16102308199659632,17.208210223283146,17.523962,-0.31575179759087746,38.71847300238708,35.998356,2.720117136908563,68.83284089313258,72.21205,-3.3792104984689786,0.0047141106264979,0.00070403074,0.004010079887354409,0.0022291488338951,0.00014725362,0.002081895209731532
standard_NN,5,175,3,71,5.752035346796996,6.9753065,-1.2232711641282972,23.008141387187983,26.402285,-3.3941432350043996,51.76831812117297,59.786167,-8.017849023602423,92.03256554875192,111.8191,-19.786533877517613,0.0008137665189468,-0.0013127343,0.002126500845294509,0.000363609865282,-0.00096963753,0.001333247399863125
standard_NN,5,175,3,72,16.70143981705965,16.984055,-0.28261474837003675,66.8057592682386,69.94309,-3.1373330779528033,150.31295835353689,156.29327,-5.980315572244365,267.2230370729544,275.757,-8.533951452436213,5.580284776677952e-05,0.0048605935,-0.004804790623909332,2.413154160776149e-05,0.0027646564,-0.002740524899678445
standard_NN,5,175,3,73,5.639718874505925,5.524111,0.11560808043854198,22.5588754980237,20.86861,1.690265115943621,50.75746987055332,45.436207,5.321263052926369,90.2355019920948,89.80237,0.4331338280322967,0.0008791162619948,0.0036208918,-0.0027417755698204427,0.0005327910716519,0.0014164848,-0.0008836937536611912
standard_NN,5,175,3,74,7.446400447365925,7.6938787,-0.24747820329935788,29.7856017894637,32.811455,-3.0258529834855175,67.01760402629333,69.65476,-2.6371582417730792,119.1424071578548,130.26006,-11.117648384137382,0.0009541743468264,-0.000768,0.0017221743739912168,0.000412933087482,-0.0008207798,0.0012337129111801035
standard_NN,5,175,3,75,20.1760592825747,20.67797,-0.5019116036557705,80.7042371302988,81.85525,-1.1510103672598007,181.58453354317228,178.90015,2.6843870587972845,322.8169485211952,325.4878,-2.6708444475548276,0.0001001592821741,0.00051771407,-0.0004175547879821166,5.970719205522564e-05,-0.00024521945,0.00030492663784259587
standard_NN,5,175,3,76,27.417405294709244,29.059675,-1.6422699219655605,109.66962117883698,115.79511,-6.125491431026305,246.75664765238324,254.90482,-8.148168021444889,438.6784847153479,467.11365,-28.435162745589594,0.0003291094769453,-0.0010528446,0.0013819540478949737,0.0002166121354843,-0.0009737754,0.0011903875362644413
standard_NN,5,175,3,77,17.03555819645127,18.89012,-1.8545613561610352,68.14223278580508,74.991486,-6.849252809898047,153.32002376806142,172.64786,-19.327833897954207,272.5689311432203,306.60327,-34.03434034115469,1.266702312552735e-05,0.0017489309,-0.0017362638725755234,4.32661613079639e-06,0.0010638685,-0.0010595419037192789
standard_NN,5,175,3,78,6.013086916228769,5.3033876,0.7096992743220305,24.052347664915075,21.273064,2.7792840052471064,54.11778224605892,46.39256,7.725223194545251,96.2093906596603,85.87667,10.332719822257957,0.0005599797286812,-8.432499e-05,0.0006443047159371681,0.0002510507078286,-0.00013573642,0.0003867871313731857
standard_NN,5,175,3,79,33.30028073763222,33.05395,0.2463294742044866,133.20112295052888,134.83228,-1.6311524400961162,299.70252663869,300.1892,-0.4866823456849829,532.8044918021155,535.9219,-3.1173831978844646,1.8905406619291864e-06,0.003185181,-0.0031832904065226333,5.77192666891846e-07,0.0019803706,-0.0019797934164228403
standard_NN,5,175,3,80,4.314873250443108,3.9400544,0.3748188337866143,17.25949300177243,15.977253,1.282240041567352,38.83385925398796,38.269615,0.5642440806481162,69.03797200708972,61.215927,7.822044883066283,0.0172083368683871,0.007990454,0.009217882544797298,0.0089268269409629,0.0045349565,0.004391870407501091
standard_NN,5,175,3,81,11.34400957947625,11.516673,-0.17266350859748059,45.376038317905,46.169453,-0.7934143493313286,102.09608621528623,103.55697,-1.460882473678609,181.50415327162,180.82956,0.6745939454481231,0.0007430520357057,7.5443986e-06,0.0007355076370923095,0.0004322360034374,-8.8790315e-05,0.0005210263186407687
standard_NN,5,175,3,82,21.07199065573772,28.79265,-7.720659567040599,84.28796262295087,113.687035,-29.399071983982722,189.64791590163944,257.1681,-67.52017491867306,337.1518504918035,457.60742,-120.45557138319651,1.4490111019139813e-05,0.0032254432,-0.003210953075219268,4.612300241468938e-06,0.0015925298,-0.0015879175209681405
standard_NN,5,175,3,83,4.639768105722026,5.2408934,-0.6011252582306108,18.559072422888104,23.062202,-4.503130030725178,41.75791295149824,48.99751,-7.239596051187306,74.23628969155241,85.936035,-11.699745464697585,0.0022022878431454,0.0010784015,0.0011238863837644158,0.0010397313464146,0.00079901505,0.00024071629845461668
standard_NN,5,175,3,84,3.827676379590789,4.990315,-1.1626385808889474,15.310705518363156,18.735477,-3.42477192914661,34.449087416317106,45.21132,-10.762231553409457,61.24282207345263,70.502106,-9.259283639437996,0.0021957925127719,0.0040491414,-0.0018533489128674911,0.0008719442600143,0.0023558177,-0.0014838734453785376
standard_NN,5,175,3,85,19.56569306416669,18.026382,1.5393106178776286,78.26277225666679,71.29452,6.968254739576949,176.09123757750027,163.1559,12.935338529648703,313.0510890266672,290.76175,22.289339759089103,0.0005941636064131,-0.001905164,0.0024993275892961956,0.0003216608842338,-0.0011779949,0.0014996557678530489
standard_NN,5,175,3,86,3.848098298505328,3.2108498,0.6372485365424372,15.392393194021311,12.234354,3.158039174856272,34.63288468654795,28.709827,5.92305726345225,61.56957277608525,48.921906,12.647667258507127,0.0085035487688843,0.009645706,-0.0011421572737630621,0.0041949602234061,0.0050640907,-0.0008691304904525042
standard_NN,5,175,3,87,14.718219828164498,16.765528,-2.0473078970552283,58.87287931265799,66.73586,-7.862983419275601,132.46397845348048,153.129,-20.665019349253896,235.491517250632,267.822,-32.330473716164875,8.196989801032394e-05,0.0007085323,-0.0006265623887975707,2.8646142559281982e-05,0.0006174665,-0.0005888203751648148
standard_NN,5,175,3,88,35.87543514909105,25.832687,10.042747771161359,143.5017405963642,101.67551,41.82623400456731,322.8789163418195,222.44337,100.43554170803043,574.0069623854567,408.37454,165.63242014912862,2.438996549996655e-06,0.00025855773,-0.0002561187347356946,1.5712289499159052e-06,-0.00040067977,0.0004022509970130439
standard_NN,5,175,3,89,7.806175997646319,7.4948864,0.3112895993308893,31.22470399058528,29.496778,1.7279255024260998,70.25558397881687,73.19929,-2.9437034357339087,124.8988159623411,119.144875,5.753941389587197,0.0018273986377395,0.0059698247,-0.004142426097335735,0.0007474811340773,0.0033886994,-0.0026412182428783284
standard_NN,5,175,3,90,9.94724223695917,10.873292,-0.9260497323401466,39.78896894783668,44.472168,-4.683199020913321,89.52518013263253,102.081314,-12.556133954281535,159.15587579134672,168.4548,-9.298927675450159,0.0006846827282828,0.0025184068,-0.0018337241080331895,0.0002607038125071,0.0015656531,-0.001304949319767647
standard_NN,5,175,3,91,10.904725327467013,10.955858,-0.051132903123807694,43.61890130986805,43.166107,0.4527941321336755,98.14252794720312,105.41918,-7.276653876527348,174.4756052394722,173.97084,0.5047647853706394,0.0011521675383448,0.00083029433,0.0003218732068091029,0.0003790625867089,0.00058900553,-0.0002099429459655914
standard_NN,5,175,3,92,21.738414214986754,26.248224,-4.509810043436097,86.95365685994702,103.195076,-16.241419128822514,195.6457279348808,232.58319,-36.937462983087954,347.81462743978807,416.17328,-68.35865136880568,0.0002526875472806,0.0011528053,-0.0009001177382477022,0.0001123275482402,0.00028230262,-0.00016997506699256568
standard_NN,5,175,3,93,5.822220809987998,7.6073003,-1.78507947153666,23.288883239952,28.833237,-5.544353454383938,52.39998728989199,65.065674,-12.665686538233011,93.15553295980796,119.651596,-26.49606310952798,0.0015557462703617,0.0023059065,-0.0007501602284429884,0.0010735191178243,0.0011810729,-0.00010755378690405302
standard_NN,5,175,3,94,4.94223023647492,6.648733,-1.706502902563166,19.76892094589968,29.555853,-9.786931944114968,44.48007212827428,67.43107,-22.950996292135876,79.07568378359872,116.52171,-37.44602947323722,0.0087039317321548,0.009205645,-0.0005017132181158526,0.0053228865153176,0.005319267,3.619469611089443e-06
standard_NN,5,175,3,95,12.648392782706413,11.906028,0.7423649888221355,50.59357113082565,47.1345,3.4590725346342452,113.83553504435773,106.44826,7.387277598068664,202.3742845233026,184.75897,17.615312355333856,0.0006500678503681,-0.00041844347,0.0010685113159734781,0.0003157301838122,0.00014205219,0.00017367799622785944
standard_NN,5,175,3,96,4.579576803432119,3.3562903,1.2232864630085354,18.31830721372848,11.365175,6.953131966536098,41.21619123088907,31.917374,9.298817573662511,73.2732288549139,49.87535,23.397877902765458,0.0025718652512607,0.008069075,-0.005497209461432991,0.0010011515132756,0.004036772,-0.0030356205515890355
standard_NN,5,175,3,97,4.566478297700056,5.009331,-0.4428529286488212,18.265913190800223,20.685942,-2.420028505366769,41.0983046793005,40.112915,0.9853896402379974,73.06365276320089,82.26951,-9.205855598615514,0.0008949605186491,0.00055109966,0.000343860862499355,0.0005043102697453,4.9356724e-05,0.0004549535456970338
standard_NN,5,175,3,98,3.603615425363611,2.5911336,1.0124818308506716,14.414461701454444,11.472673,2.9417882853167487,32.4325388282725,24.605537,7.827001413721717,57.657846805817776,38.053932,19.60391461587637,0.0141006641781369,0.015192253,-0.0010915884056648464,0.0064541414037406,0.007801061,-0.0013469196267366854
standard_NN,5,175,3,99,9.549235872401892,9.967165,-0.4179291208842404,38.19694348960757,40.459595,-2.2626512369549303,85.94312285161703,88.75363,-2.8105087401798414,152.78777395843028,153.3003,-0.5125190103197212,0.0028869724739037,-1.8904697e-05,0.0029058771707481017,0.001775079987879,-7.480534e-05,0.0018498853304712989
standard_NN,5,175,3,100,25.57762706444893,26.02267,-0.44504368140067996,102.3105082577957,99.964134,2.3463740414871097,230.1986435800404,230.57333,-0.37469016019397827,409.2420330311828,418.6531,-9.411073658270311,3.5998959313194545e-05,0.0026453019,-0.0026093029061005904,1.1402659725646796e-05,0.0015374991,-0.0015260964747031524
standard_NN,5,175,3,101,2.388208922163364,1.9883113,0.3998976314223972,9.552835688653456,7.7469273,1.805908427300917,21.49388029947028,15.988628,5.505251912019109,38.211342754613824,30.931084,7.280259075414605,0.0108901971227379,0.013742478,-0.0028522805103211243,0.0057073771149211,0.007343866,-0.0016364888161129881
standard_NN,5,175,3,102,5.340761816954979,5.503676,-0.16291412069760902,21.363047267819915,23.411396,-2.0483487587914126,48.06685635259481,48.627674,-0.5608177501883915,85.45218907127966,92.04999,-6.597798721689088,0.0011231480443581,0.0004870079,0.0006361401451482429,0.0004146033315373,7.544516e-05,0.00033915817033624017
standard_NN,5,175,3,103,20.878560341391864,17.131666,3.7468941579201847,83.51424136556746,68.62495,14.889294771329176,187.9070430725268,156.87808,31.028960797136165,334.05696546226983,273.24658,60.81038343101983,0.0002042901783706,0.0004604149,-0.0002561247360436866,9.979472523016213e-05,-1.6504779e-05,0.000116299503844197
standard_NN,5,175,3,104,5.800029701834299,3.7427797,2.0572499700838103,23.200118807337194,16.933132,6.266986635706335,52.200267316508686,39.215153,12.98511457603017,92.80047522934878,65.16831,27.63216315659487,0.0003867827748253,0.00057636225,-0.00018957947182217714,0.0001981109306169,0.00092919765,-0.0007310867151292715
standard_NN,5,175,3,105,9.509567869166998,10.895778,-1.3862098331645445,38.038271476668,43.280666,-5.242394874650358,85.58611082250299,101.96311,-16.377001054938418,152.15308590667198,169.48181,-17.328725616765524,0.0094807206821437,0.002058764,0.0074219566938276416,0.0060305708981753,0.0016175325,0.0044130384418815975
standard_NN,5,175,3,106,6.191534467721945,5.769254,0.4222802601108606,24.76613787088778,21.922634,2.843503746131919,55.72381020949751,45.44005,10.28376199172407,99.06455148355111,89.327255,9.737296234527676,0.0004841523727612,0.002365726,-0.0018815736735029716,0.0002687269975853,0.0012154187,-0.0009466916867110099
standard_NN,5,175,3,107,11.42073821769062,10.743118,0.6776199315578069,45.68295287076248,45.72268,-0.03972626742111629,102.7866439592156,97.80912,4.977523780992939,182.7318114830499,179.19456,3.5372466637139723,0.0005902473671949,-0.00020783932,0.0007980866826028095,0.0002477729422742,-0.0005651865,0.0008129594344416133
standard_NN,5,175,3,108,4.91188894622407,4.501696,0.4101928364523415,19.64755578489628,19.52351,0.1240458056482332,44.20700051601664,49.587284,-5.380283572118124,78.59022313958512,77.287186,1.3030374706398078,0.0006978634337747,0.00376528,-0.0030674164590573406,0.0002692036260709,0.0020828154,-0.0018136117677346039
standard_NN,5,175,3,109,14.861769498872436,15.13017,-0.2684003695968027,59.44707799548974,60.84035,-1.3932731092465858,133.75592548985193,144.83205,-11.07612101893713,237.78831198195897,241.25786,-3.469546294408218,0.0002913726527934,-0.00082981284,0.0011211854905580207,9.880204819574744e-05,7.006142e-05,2.8740629967896045e-05
standard_NN,5,175,3,110,22.46412910495373,22.488066,-0.023936614650761356,89.85651641981495,89.670555,0.185961305068858,202.1771619445836,200.49423,1.6829297668492131,359.4260656792598,354.14636,5.279703374572307,0.0001583390564113,-0.0025791822,0.002737521209978972,8.89868852583374e-05,-0.0016897073,0.0017786941635323371
standard_NN,5,175,3,111,4.825329761379336,4.335996,0.4893336104088766,19.301319045517342,16.230518,3.070800704452889,43.42796785241403,37.515804,5.912163561642544,77.20527618206938,64.42925,12.776023557557664,0.0057705266597027,0.0043225354,0.0014479913013333498,0.0028125966633712,0.0018232447,0.0009893519305666037
standard_NN,5,175,3,112,10.428010877008289,11.52954,-1.101529184942395,41.71204350803316,46.090305,-4.378261820335979,93.8520978930746,104.64401,-10.791914558097275,166.84817403213262,181.56491,-14.716736856539256,0.0029918967576849,-0.0009550976,0.003946994367815806,0.0015877821710157,-0.0002498686,0.0018376507790955506
standard_NN,5,175,3,113,1.7771309449366817,1.4258394,0.3512915208033809,7.108523779746727,6.9095974,0.19892638289614073,15.994178504430137,14.770153,1.2240254587758397,28.434095118986907,27.786423,0.6476723894947192,0.0360242692880304,0.04513255,-0.009108282054218514,0.0203045007841629,0.023074217,-0.00276971635651169
standard_NN,5,175,3,114,12.289019590632158,10.411291,1.8777284681956345,49.15607836252863,44.477463,4.678615593973944,110.60117631568944,99.90296,10.698214584732412,196.62431345011453,173.9121,22.71221933390359,9.754662266965013e-05,-0.0009728556,0.001070402225992037,4.886034234012437e-05,-0.00023663568,0.00028549602078790736
standard_NN,5,175,3,115,4.308078214917012,4.1872125,0.12086574772340875,17.23231285966805,16.803997,0.42831581987312717,38.77270393425311,35.54054,3.2321651464113117,68.9292514386722,66.19677,2.7324817243167274,0.0035557236533978,0.006500649,-0.0029449251468858704,0.001711271758825,0.0031533455,-0.0014420737887914819
standard_NN,5,175,3,116,5.439125605408498,6.5411196,-1.10199397009199,21.756502421634,24.353922,-2.597419468624789,48.952130448676485,55.009327,-6.057196486137968,87.02600968653597,95.88827,-8.862257830553872,0.0010248442978199,-0.00079171057,0.0018165548664118524,0.0004185072753014,-0.00042267737,0.0008411846497463019
standard_NN,5,175,3,117,8.937083971553351,7.8204827,1.1166012406878725,35.748335886213404,31.63812,4.110215234968287,80.43375574398017,68.56654,11.867212164878609,142.99334354485362,124.02942,18.963924599541116,0.0006666903682739,0.0019893579,-0.0013226675036608715,0.0003392612795958,0.00095826446,-0.0006190031765347642
standard_NN,5,175,3,118,1.42848315165017,1.3009825,0.1275006763694082,5.713932606600681,5.845646,-0.13171329794033504,12.85634836485153,11.046818,1.8095305853105152,22.85573042640272,20.395142,2.460588824840219,0.0145479856855555,0.0076506743,0.006897311364798112,0.0070821030301843,0.00417654,0.0029055631955955336
standard_NN,5,175,3,119,6.677879061803077,6.2954583,0.3824207450000987,26.71151624721231,24.73385,1.9776657680863323,60.10091155622769,56.830276,3.2706350669698807,106.84606498884924,92.54519,14.300876085040642,0.0016497518985362,0.0029120708,-0.0012623189364730173,0.0006505421426135,0.0015944208,-0.0009438786126685444
standard_NN,5,175,3,120,5.497448918746255,5.1189303,0.378518578933023,21.98979567498501,19.188269,2.8015270134859875,49.47704026871629,43.42383,6.053212143716287,87.95918269994007,75.14307,12.816116293690072,0.0025465563815759,0.004535319,-0.0019887624363674346,0.0014255835410219,0.002415938,-0.0009903545290220214
standard_NN,5,175,3,121,15.033435433741772,13.33566,1.6977754529678464,60.13374173496709,53.686634,6.4471076712463855,135.30091890367595,124.2158,11.085121479359543,240.53496693986835,213.51917,27.015801900805855,0.0001944794301099,0.0011929779,-0.000998498454674441,8.52648176757975e-05,0.000820472,-0.0007352072039113955
standard_NN,5,175,3,122,22.80786756985916,25.493132,-2.6852640677140833,91.23147027943664,101.460205,-10.228734798688365,205.27080812873243,223.2486,-17.977788062673824,364.92588111774654,407.8239,-42.89803245647221,2.954715334064149e-05,0.00090617104,-0.0008766238909941277,1.3857814611923316e-05,0.00038311037,-0.0003692525530810837
standard_NN,5,175,3,123,1.8325058136135792,2.5272794,-0.6947735633700634,7.330023254454317,8.926641,-1.5966182097790815,16.49255232252221,22.035583,-5.5430311735715385,29.320093017817268,38.778244,-9.45815100073742,0.0094966624512623,0.0052554864,0.0042411761007557554,0.0053058602792893,0.0028191921,0.0024866681491706915
standard_NN,5,175,3,124,6.618000068936514,6.1599154,0.4580846217014063,26.47200027574605,24.320076,2.15192428697652,59.56200062042864,52.750637,6.811363565985282,105.88800110298422,97.222984,8.665016789019376,0.0014063008426342,0.0032257023,-0.001819401484110595,0.0005962611359141,0.0016439413,-0.0010476801361360422
standard_NN,5,175,3,125,4.366536082362725,5.825188,-1.4586520775799023,17.4661443294509,22.720098,-5.2539541660325,39.298824741264525,53.01791,-13.719085262397584,69.8645773178036,88.44392,-18.579339002997187,0.0058880616620181,0.0008931423,0.004994919354840914,0.0026836214050987,0.0003688765,0.0023147449059748287
standard_NN,5,175,3,126,2.67115610967517,3.2354326,-0.5642765151417244,10.68462443870068,13.516958,-2.8323337979936554,24.04040498707653,26.626446,-2.5860407831871406,42.73849775480272,47.104378,-4.365879991779309,0.0087413439507307,0.023405122,-0.014663777688640219,0.0048618842001809,0.011652669,-0.006790784737859833
standard_NN,5,175,3,127,4.711270387854971,4.603816,0.10745435544530313,18.845081551419884,18.386326,0.45875571523824377,42.40143349069474,43.896145,-1.4947113762486168,75.38032620567954,71.631744,3.7485818209139126,0.0031103591169908,0.00867019,-0.00555983123223043,0.0018734929579194,0.0045974855,-0.0027239925732020923
standard_NN,5,175,3,128,24.04386606193053,25.248896,-1.205029583211072,96.1754642477221,102.2322,-6.05673637483649,216.39479455737475,232.0261,-15.631297971922123,384.7018569908884,401.37485,-16.67299042122096,5.390962245978184e-05,0.0017748896,-0.0017209800273635262,1.6653896933989982e-05,0.0010362613,-0.0010196074278367587
standard_NN,5,175,3,129,12.41606617647059,14.348702,-1.9326362542545077,49.66426470588236,58.298508,-8.634242984547328,111.7445955882353,130.83273,-19.088137566061576,198.65705882352944,227.5443,-28.887237441118998,0.0009677155655496,0.0019114432,-0.000943727626962197,0.0005306516101594,0.0010464903,-0.000515838663278994
standard_NN,5,175,3,130,2.1324182057935803,0.87950236,1.2529158497411816,8.529672823174321,7.312559,1.217113695366704,19.191763852142223,11.413593,7.778170559905895,34.118691292697285,20.593773,13.524918404513691,0.1399415584847196,0.0106644835,0.12927707495241006,0.0807647465710334,0.0057940627,0.07497068382620732
standard_NN,5,175,3,131,13.111650819042408,13.253702,-0.14205134465388092,52.44660327616963,52.296364,0.15023944560322633,118.00485737138168,124.97935,-6.974489857622231,209.78641310467853,213.00055,-3.2141362117277197,0.0005224422012416,0.0018772103,-0.0013547681345644122,0.0001944206251694,0.0016731187,-0.0014786980518208706
standard_NN,5,175,3,132,3.0906422179031225,2.4404016,0.6502406637954565,12.36256887161249,10.525171,1.8373975917052636,27.815779961128108,21.175499,6.640280998725764,49.45027548644996,31.26754,18.182735508422617,0.0122814366683881,0.018982135,-0.006700698091038017,0.005540147182967,0.009673579,-0.004133431481693454
standard_NN,5,175,3,133,14.026593036231542,13.606501,0.42009241062119074,56.10637214492617,58.62687,-2.520497056733987,126.23933732608388,132.87518,-6.635845779384866,224.42548857970468,230.34064,-5.915148627326573,7.501022966497949e-06,0.0043733995,-0.004365898517815477,2.464121109239653e-06,0.0024868709,-0.002484406735846408
standard_NN,5,175,3,134,8.24463773501718,8.915498,-0.670860044829011,32.97855094006872,35.61012,-2.631567925898075,74.20173961515462,79.13843,-4.936688119220378,131.9142037602749,141.88739,-9.973186376443863,0.0006111043165311,0.0032089804,-0.002597876113386474,0.0002543370434921,0.0015095535,-0.0012552164765168216
standard_NN,5,175,3,135,27.82904718475065,27.670885,0.15816209869107922,111.31618873900258,109.43791,1.8782767516978964,250.46142466275572,241.04173,9.41969187466978,445.2647549560104,441.3683,3.8964688231978926,0.0001197568222336,-0.001594472,0.0017142288002572482,5.5659446316274334e-05,-0.0012493184,0.0013049778066673004
standard_NN,5,175,3,136,4.898991040150561,3.8193288,1.0796622552079338,19.595964160602243,13.284796,6.311168399493845,44.09091936135505,35.71564,8.375278339626533,78.38385664240897,53.1566,25.227255690260534,0.0089140784551873,0.004847327,0.004066751673586586,0.005290892962084,0.002399695,0.0028911978562333037
standard_NN,5,175,3,137,4.566342687557527,5.619088,-1.0527454853550706,18.265370750230108,21.203257,-2.937885856825556,41.09708418801775,44.81064,-3.713554239716622,73.06148300092043,83.60522,-10.543733979060036,0.0025472347813401,0.0014789605,0.0010682742765847223,0.0013051014989528,0.00041232968,0.000892771816803807
standard_NN,5,175,3,138,7.404395539731026,6.707439,0.6969565939607625,29.617582158924105,28.465197,1.1523855494270343,66.63955985757923,66.58741,0.052149884434697924,118.47032863569642,114.22755,4.242781943801887,0.0007798959699697,-0.0012694707,0.0020493666374362214,0.0003743876798453,-0.00083418016,0.0012085678384082582
standard_NN,5,175,3,139,2.5613469639474733,2.7298198,-0.16847281068021225,10.245387855789891,12.1800995,-1.934711631514796,23.05212267552726,23.002491,0.04963167821280834,40.98155142315957,45.038483,-4.056931242856052,0.0889863865616995,0.031285044,0.05770134275586186,0.0432868700469643,0.01617344,0.027113430946579586
standard_NN,5,175,3,140,9.680229981866049,8.020496,1.6597336134578455,38.72091992746419,33.699852,5.021067937718094,87.12206983679442,77.175064,9.947005749880361,154.88367970985675,133.25905,21.624631247942688,0.0018134004518107,0.00049657025,0.0013168301980659785,0.0009666398149844,0.0004314076,0.0005352322227250526
standard_NN,5,175,3,141,3.049184367930736,2.117148,0.9320364454148669,12.196737471722944,11.012959,1.1837789451116159,27.442659311376627,28.667534,-1.2248745631350921,48.786949886891776,42.995224,5.791725887868338,0.0073772398086829,0.016573977,-0.00919673691665699,0.0040681650111863,0.008870167,-0.004802001715224089
standard_NN,5,175,3,142,13.08631862231328,14.132474,-1.0461553233043954,52.34527448925312,56.229137,-3.8838629314011754,117.77686760081954,125.014046,-7.2371781145124885,209.38109795701249,224.17484,-14.79373724806564,0.0001830420819045,-0.0030790193,0.0032620613359780008,0.000112907994169,-0.0018700477,0.0019829556444689663
standard_NN,5,175,3,143,8.92731951436687,8.013442,0.9138774748771237,35.70927805746748,32.113274,3.5960044368620103,80.34587562930184,74.42165,5.92422188174325,142.83711222986992,125.61961,17.21749858240898,0.0007052229711243,0.00027521024,0.0004300127265431967,0.0003475707251902,0.00032652786,2.1042860517956404e-05
standard_NN,5,175,3,144,4.044983529092328,5.547852,-1.5028685102448298,16.17993411636931,23.16266,-6.982726482385573,36.40485176183096,47.33047,-10.925619276987398,64.71973646547724,85.75123,-21.03149186704229,0.0006149247278255,0.0013232438,-0.000708319108115457,0.000360343215153,0.00021992612,0.0001404170935083243
standard_NN,5,175,3,145,9.066507260458769,8.005755,1.0607518359592571,36.26602904183508,34.78389,1.48213927132727,81.59856534412891,80.76552,0.833047155652352,145.0641161673403,132.83672,12.227400469098114,3.819729896766109e-05,0.0019854328,-0.0019472355139763934,1.3156376015703372e-05,0.0013946189,-0.0013814625086446001
standard_NN,5,175,3,146,13.42726998780054,13.885658,-0.45838827635961543,53.70907995120216,57.699028,-3.9899480639345555,120.8454298902049,134.66943,-13.824003703545102,214.83631980480865,235.31914,-20.482817768433534,0.0001249730461307,0.0012019875,-0.001077014453240471,4.70001011013226e-05,0.0013670815,-0.0013200814376727505
standard_NN,5,175,3,147,6.663668098842473,6.327071,0.33659690896210215,26.654672395369893,25.78594,0.868732225081807,59.973012889582265,56.691372,3.281640971857655,106.61868958147956,91.03726,15.581427618588933,0.0005821285697384,0.0019565977,-0.0013744690993116974,0.0002259798641331,0.001003395,-0.0007774150869794684
standard_NN,5,175,3,148,3.391487628496284,2.439095,0.9523926082020946,13.565950513985136,13.353853,0.21209728827712837,30.52338865646656,29.354298,1.1690910185271086,54.26380205594055,49.761444,4.502357964143677,0.0033447445083038,0.006444645,-0.0030999006059392307,0.0016333122197866,0.0034722944,-0.0018389822058052264
standard_NN,5,175,3,149,4.954479545156899,6.4017982,-1.4473187031341164,19.8179181806276,24.075605,-4.257687211828454,44.5903159064121,54.49172,-9.901402385824227,79.27167272251039,101.57473,-22.303057196923206,0.0009654001765272,-0.0010822073,0.0020476074856093504,0.00047476928586,-0.0008616665,0.0013364358003982286
standard_NN,5,175,3,150,6.011367773815236,6.39467,-0.3833022357978013,24.045471095260943,24.77231,-0.7268391616970646,54.10230996433713,58.886986,-4.784675814471463,96.18188438104376,93.692474,2.4894100158093835,0.0032401851609279,0.0022293157,0.0010108694665063702,0.0016135898205019,0.0012949138,0.00031867600237349305
standard_NN,5,175,3,151,4.602912515609323,3.8754954,0.7274170818019501,18.411650062437293,15.42194,2.989710212583777,41.426212640483904,38.8619,2.56431231089406,73.64660024974917,62.95652,10.690080169182764,0.0036565600972338,0.013780248,-0.01012368825416133,0.0013548253582353,0.007627742,-0.006272916541106045
standard_NN,5,175,3,152,7.471445561391796,6.6597834,0.8116621980495111,29.885782245567185,27.755972,2.129810336997849,67.24301005252617,64.58712,2.65588999637383,119.54312898226874,103.34433,16.198799148284365,0.002408051176181,0.0026921544,-0.00028410319965525323,0.0009512165040181,0.0019691437,-0.0010179272442652862
standard_NN,5,175,3,153,4.298680966941013,5.086797,-0.7881162704552276,17.19472386776405,18.938381,-1.7436573273043088,38.68812870246912,42.183456,-3.4953277184293157,68.7788954710562,71.684715,-2.9058197999398914,0.0145250890891151,0.003987777,0.010537312042255836,0.008266752623768,0.0020207444,0.006246008249746112
standard_NN,5,175,3,154,9.961519696258648,11.306173,-1.3446536283263129,39.84607878503459,45.276672,-5.430593578246658,89.65367726632783,100.42511,-10.771432596953417,159.38431514013837,179.66301,-20.278694503416318,0.0005343290450003,0.0019511259,-0.001416796871093288,0.0003047122490164,0.00072272995,-0.0004180177011955422
standard_NN,5,175,3,155,3.802494141193,3.5692945,0.2331996885257639,15.209976564772,12.291845,2.9181312431167274,34.222447270737,26.639832,7.58261572776825,60.839906259088,50.88739,9.952516122369254,0.002337667315171,0.0055964724,-0.003258805100902084,0.000915370152851,0.0028550872,-0.0019397170119384382
standard_NN,5,175,3,156,1.8090587522250845,1.4454212,0.3636375333530142,7.236235008900337,6.8824615,0.3537734610487746,16.28152877002576,13.945118,2.3364108195863054,28.94494003560135,21.044846,7.900094454546661,0.12657816747043,0.014755599,0.11182256826970444,0.0627941426076313,0.007938244,0.054855898227574446
standard_NN,5,175,3,157,15.865744505275009,15.461993,0.4037512878067471,63.46297802110004,64.66547,-1.2024882874937077,142.7917005474751,146.42271,-3.6310136859233353,253.8519120844001,254.88686,-1.0349439947014503,3.720885576926503e-05,0.0023620513,-0.0023248424244461177,1.4232428834007023e-05,0.0013775508,-0.0013633183398319623
standard_NN,5,175,3,158,8.256042300482644,7.6403594,0.6156828987797631,33.024169201930576,31.977903,1.0462658358417087,74.30438070434381,68.99476,5.309622098386782,132.0966768077223,116.76792,15.328755359968397,0.0052435352965902,0.0013328393,0.00391069604416298,0.0032711917881521,0.0006262878,0.002644904015831889
standard_NN,5,175,3,159,12.151822997528502,13.631502,-1.479679153960756,48.60729199011401,55.23515,-6.627857393430915,109.36640697775653,124.71867,-15.352266728298162,194.42916796045603,217.14156,-22.712387825676785,0.0001662571033781,0.0008573935,-0.0006911363867724709,6.547810727220494e-05,0.00080625655,-0.0007407784393667011
standard_NN,5,175,3,160,23.54995484428793,25.024582,-1.4746270648917559,94.19981937715174,99.357346,-5.157526203902947,211.94959359859132,226.27974,-14.330145781291492,376.79927750860696,395.80893,-19.009651934752412,3.177768661307464e-05,0.0022777654,-0.0022459877364463888,1.107390869344593e-05,0.0010695257,-0.0010584518137208092
standard_NN,5,175,3,161,13.519309641027354,16.121351,-2.602041601038076,54.077238564109415,65.883484,-11.806245322609335,121.6737867692462,153.63756,-31.96377121415223,216.3089542564377,257.1064,-40.79746053848419,0.000249639490009,2.4240218e-05,0.00022539927160047783,8.066250989349991e-05,8.798286e-05,-7.320348637677136e-06
standard_NN,5,175,3,162,8.145403208820799,7.1727443,0.9726589346813945,32.581612835283195,28.535723,4.04589010273925,73.30862887938719,70.73764,2.570988498527811,130.32645134113278,121.13731,9.189145127753875,0.001292656229479,0.0012507613,4.1894901213929006e-05,0.0006162321584601,0.00051197957,0.00010425259064175641
standard_NN,5,175,3,163,2.8729771356231284,2.1411362,0.7318409661895346,11.491908542492514,8.857496,2.634412280895834,25.85679422060816,19.565556,6.291238648098393,45.96763416997005,38.656906,7.31072804204036,0.0060776574636114,0.045609575,-0.039531917301355565,0.0029435441384797,0.023020446,-0.020076902162026893
standard_NN,5,175,3,164,13.053786585878662,14.878381,-1.8245941895729985,52.21514634351465,59.90022,-7.6850726201084,117.48407927290796,136.21411,-18.730032055217038,208.8605853740586,242.2005,-33.33991511422266,0.0002198132185227,-0.002392126,0.002611939232978853,0.0001222256881609,-0.0017273742,0.0018495998423039353
standard_NN,5,175,3,165,6.914075788258415,6.5347443,0.3793315255631029,27.65630315303365,24.868427,2.787875876422323,62.22668209432573,55.22333,7.003350642909716,110.62521261213465,109.53047,1.094740810376834,0.0145908582400218,-0.00013866952,0.01472952776215173,0.0077070339814973,-0.00027832913,0.007985363108965469
standard_NN,5,175,3,166,4.6890501256039725,3.999824,0.6892260785153494,18.75620050241589,15.914232,2.8419682483875697,42.20145113043576,39.074852,3.126599140689663,75.02480200966356,63.620796,11.404005806050279,0.0072142869950008,0.011324341,-0.004110054413907567,0.0034188463387068,0.005740774,-0.0023219275253836425
standard_NN,5,175,3,167,3.661748803522384,3.9106288,-0.24887999210139533,14.646995214089538,16.797441,-2.1504462684544077,32.95573923170146,35.15863,-2.2028911393922925,58.58798085635815,65.39967,-6.811692605555912,0.0112397627006563,0.007799082,0.003440680730650073,0.0058662779062314,0.0041065253,0.0017597525744957893
standard_NN,5,175,3,168,5.548107903853351,6.5783706,-1.0302626672831234,22.192431615413405,25.325157,-3.132725550113939,49.932971134680166,55.117485,-5.184513911706553,88.76972646165362,97.58964,-8.819911294694037,0.00315308902062,0.003623149,-0.00047005987145482334,0.0015546236145767,0.0016319691,-7.734550577676025e-05
standard_NN,5,175,3,169,7.337626590906152,7.1588526,0.1787740136966791,29.350506363624607,27.619106,1.7314000708999977,66.03863931815538,66.84712,-0.8084828742274368,117.40202545449844,114.58658,2.8154470853578175,0.0018343693741747,0.0061087566,-0.004274387268613948,0.0010001784220899,0.0033473005,-0.002347122036609565
standard_NN,5,175,3,170,3.783466432271873,3.5563464,0.2271200157984845,15.133865729087493,15.534428,-0.4005619137347729,34.05119789044686,35.25033,-1.1991339882152516,60.53546291634997,57.05024,3.4852233533616896,0.0175748592387951,0.010469873,0.007104985802999793,0.0083559726236618,0.0054642386,0.0028917340433454956
standard_NN,5,175,3,171,4.192578830995087,3.602737,0.5898418810744328,16.77031532398035,13.10471,3.665605698736208,37.733209478955786,31.538239,6.194970953565161,67.0812612959214,51.634315,15.446945805198737,0.0034219534842407,0.0050396556,-0.001617702119227718,0.0014748418718889,0.0022220335,-0.0007471915784910677
standard_NN,5,175,3,172,15.907873605759288,14.427942,1.4799313297583119,63.63149442303715,57.500927,6.1305674516016,143.1708624518336,128.94624,14.224619165700801,254.5259776921486,226.38771,28.138267120859524,0.0002674286185471,0.0011430194,-0.0008755907950284301,0.000147685965158,0.0005394175,-0.0003917315298617339
standard_NN,5,175,3,173,7.529287417626925,6.6292057,0.9000817138915735,30.1171496705077,27.947002,2.1701472596190285,67.76358675864232,62.674942,5.088644742040756,120.4685986820308,109.80467,10.663926440819864,4.960285739719004e-05,-0.0021424561,0.0021920589847278507,2.936096086046404e-05,-0.0008611878,0.0008905487755953402
standard_NN,5,175,3,174,11.221000949597205,13.895469,-2.674467762255823,44.88400379838882,57.55936,-12.675356705761573,100.98900854637483,126.80019,-25.81118524024626,179.53601519355527,223.47203,-43.936015446093165,8.307858923906641e-05,0.0022780614,-0.0021949827615684813,2.8701196128320285e-05,0.0013620164,-0.0013333152284083847
standard_NN,5,175,3,175,4.371037361473001,3.9945664,0.37647092089072576,17.484149445892005,16.208193,1.2759566205746218,39.33933625325701,32.52993,6.809406138510916,69.93659778356802,62.96856,6.9680385184313,0.001474688627582,0.005654299,-0.004179610538471533,0.0006816434680877,0.0028162354,-0.002134591945687148
standard_NN,5,175,3,176,2.026161249496456,2.3936253,-0.367464009902958,8.104644997985824,9.388565,-1.2839200654907383,18.235451245468106,19.4066,-1.1711497066803318,32.4185799919433,36.95668,-4.538100305908266,0.0291277236262833,0.017946042,0.011181681505826605,0.012815315670536,0.009664258,0.0031510576822022986
standard_NN,5,175,3,177,4.836701571213908,3.3676453,1.4690563075420329,19.34680628485563,13.915291,5.4315154523361,43.53031414092517,35.009563,8.520750694880249,77.38722513942253,56.45175,20.93547343043815,0.0018642519732965,0.013199494,-0.01133524224701991,0.0008726443580653,0.0070082606,-0.006135616223577089
standard_NN,5,175,3,178,3.693784680630692,3.6889105,0.004874196316727364,14.775138722522769,16.830685,-2.0555459393424655,33.24406212567623,34.512688,-1.2686255574292389,59.10055489009107,63.131943,-4.031387858932369,0.0045680871379539,0.0067472667,-0.0021791796053782474,0.0020591419029182,0.0032778087,-0.0012186667577231127
standard_NN,5,175,3,179,39.81207665030063,35.943066,3.8690110069900854,159.24830660120253,143.03563,16.21267732874159,358.3086898527057,327.14026,31.168431063643197,636.9932264048101,577.01733,59.975892420435116,1.279363630514613e-05,0.0018999279,-0.0018871342182328178,3.815542145283997e-06,0.0015327565,-0.0015289409484876076
standard_NN,5,175,3,180,12.43003756035442,14.85781,-2.427772460092358,49.72015024141768,59.2898,-9.569648495154588,111.8703380431898,135.40884,-23.53850595095082,198.8806009656707,239.95569,-41.07508751089179,0.0003894848210113,0.0005213574,-0.00013187258305681236,0.0001567755462108,0.00054360426,-0.0003868287094431178
standard_NN,5,175,3,181,7.248853975187079,5.231389,2.017464929471747,28.99541590074832,23.416523,5.578892921011992,65.23968577668371,58.182247,7.05743861481848,115.98166360299328,93.44531,22.53635110299328,0.0006171102551573,-0.0007273995,0.0013445097403430423,0.0003305792214,6.25673e-05,0.0002680119230994357
standard_NN,5,175,3,182,3.619498467870675,4.261163,-0.6416647668400182,14.4779938714827,16.691883,-2.2138892156755023,32.575486210836075,34.678585,-2.103098841654159,57.9119754859308,63.115562,-5.203586953034041,0.0070144320593859,0.03781291,-0.030798478914639826,0.0039648740421015,0.01919094,-0.015226065101198557
standard_NN,5,175,3,183,1.9798873455519888,1.5766592,0.40322814297630516,7.919549382207957,7.8065147,0.11303464221772241,17.818986109967906,11.227711,6.5912753860909525,31.678197528831827,18.710587,12.967610980980265,0.0941693071010605,0.0290931,0.06507620734303152,0.0449022569114365,0.014855185,0.030047072319129883
standard_NN,5,175,3,184,5.996641481246384,5.9016714,0.09497007163945081,23.986565924985538,22.006289,1.9802773965431548,53.96977333121747,49.390633,4.579140701822936,95.94626369994216,85.489204,10.457059293203883,0.0038583919474686,0.0028874837,0.0009709082612598752,0.0019486829404366,0.001211516,0.0007371669633892163
standard_NN,5,175,3,185,13.490853166421708,14.605662,-1.1148091794645225,53.96341266568683,57.449932,-3.48651943270184,121.4176784977954,127.814064,-6.396385528083513,215.85365066274733,227.93196,-12.078310396822985,0.0001522279969539,0.0014876912,-0.0013354631912772105,0.0001032532258526,0.0005262849,-0.00042303168954248104
standard_NN,5,175,3,186,2.222323046961649,1.728858,0.4934650528820592,8.889292187846598,9.469715,-0.5804229305616051,20.000907422654844,17.098263,2.90264463578961,35.55716875138639,28.256691,7.300477772382486,0.0661146114947023,0.014561169,0.051553442645234066,0.0346657305884439,0.007783763,0.026881967477806232
standard_NN,5,175,3,187,6.834854351201392,6.4057107,0.42914365402732013,27.33941740480557,25.070675,2.268742508565335,61.51368916081253,61.19257,0.32111942814651684,109.35766961922228,101.45576,7.901912478108997,0.0294407228688673,0.022416476,0.007024246708579443,0.0162392659874282,0.0119532095,0.004286056460591329
standard_NN,5,175,3,188,5.508561721758829,5.6814218,-0.1728600349855558,22.03424688703532,22.485083,-0.450835739307454,49.57705549582946,47.750473,1.826582473368525,88.13698754814126,88.639755,-0.502767700882174,0.0001195430414754,0.0019836845,-0.0018641414461654576,4.625905679853948e-05,0.001009666,-0.0009634069548702022
standard_NN,5,175,3,189,4.218381743038337,5.120768,-0.9023863271826107,16.873526972153346,21.545116,-4.671589452407201,37.96543568734502,47.023438,-9.058001812654979,67.49410788861339,86.08317,-18.58906014117177,0.0164462909818377,0.028578242,-0.012131951305202057,0.0087446224236235,0.015118795,-0.0063741730234280255
standard_NN,5,175,3,190,6.070715567521796,5.6964245,0.37429108326886595,24.282862270087183,21.342201,2.9406610371770263,54.63644010769616,54.64379,-0.007351091034308865,97.13144908034872,91.69052,5.440927840114341,0.0089544369942032,0.0057495446,0.0032048923997663164,0.0051754306945191,0.0031437248,0.00203170594192904
standard_NN,5,175,3,191,17.113728212773086,20.389872,-3.2761433845169528,68.45491285109235,81.93339,-13.478474905255311,154.0235539149578,183.3746,-29.351049356526573,273.8196514043694,330.73154,-56.911885460864994,0.0001759606813494,-0.0026589173,0.002834878017142776,8.680755994717004e-05,-0.0021416002,0.0022284078018317594
standard_NN,5,175,3,192,16.765377557509378,18.986818,-2.2214407560892546,67.06151023003751,77.21861,-10.157102440860925,150.88839801758442,172.5558,-21.66740337401714,268.24604092015005,301.24326,-32.997214695084324,0.0002322117757241,0.000487115,-0.0002549032255818378,9.308705975010233e-05,0.0002735526,-0.00018046554706350727
standard_NN,5,175,3,193,7.972670060499945,7.528943,0.44372699867133214,31.89068024199978,30.176317,1.7143630270339614,71.75403054449951,71.50441,0.24962075446045162,127.56272096799913,120.70199,6.860732747784283,0.0010528434173093,0.0006917657,0.00036107773081220785,0.0003687911527509,0.00047800352,-0.00010921237056160904
standard_NN,5,175,3,194,5.14007728651632,5.528494,-0.38841659470926615,20.56030914606528,21.481384,-0.9210751312784708,46.26069557864688,52.975403,-6.714707253384368,82.24123658426112,84.33945,-2.0982104372232584,0.004602596349982,0.008655142,-0.004052545689078593,0.0017724866497323,0.00508814,-0.0033156531413093123
standard_NN,5,175,3,195,4.374222196008239,4.4827657,-0.10854347858282587,17.496888784032954,20.030762,-2.5338729347170457,39.36799976407415,43.637066,-4.269066123377023,69.98755513613182,77.77853,-7.790971170020526,0.0170992227250879,0.022535698,-0.005436475763266783,0.0076033468275715,0.012052419,-0.004449071836526286
standard_NN,5,175,3,196,19.46692364231172,18.706224,0.7606992007833995,77.86769456924688,75.05075,2.816943836825004,175.20231278080547,174.0735,1.1288111938914085,311.4707782769875,311.26617,0.20460396058126662,0.000132578219273,0.00050769164,-0.00037511342299649216,4.328241240399081e-05,0.00081464613,-0.0007713637208176951
standard_NN,5,175,3,197,17.058624699770295,20.781063,-3.7224383800636893,68.23449879908118,83.048775,-14.814275920157101,153.52762229793265,183.88602,-30.358394547770473,272.9379951963247,340.25168,-67.31368327047215,0.0001679906112009,0.0006474538,-0.00047946321285727506,5.574806046646049e-05,0.00011780986,-6.206180050063918e-05
standard_NN,5,175,3,198,5.327162086150201,4.9690547,0.35810738720610935,21.308648344600805,18.97803,2.330619093502172,47.94445877535181,43.037792,4.906666569541265,85.23459337840322,78.89444,6.340153681137593,0.0016698855709417,0.005294898,-0.003625012488277422,0.0007282481236476,0.002603894,-0.0018756459759455626
standard_NN,5,175,3,199,9.437546265301124,9.570273,-0.13272713405190295,37.75018506120449,39.161594,-1.4114093296646502,84.93791638771012,85.090965,-0.153048883285976,151.00074024481796,157.56934,-6.568595692682038,0.0005756730315145,0.0020102372,-0.001434564161220576,0.0003322665445334,0.0009774972,-0.0006452306540855484
standard_NN,5,175,3,200,22.61961912258584,21.58239,1.0372292910428698,90.47847649034335,83.654686,6.82379051622226,203.57657210327253,190.81853,12.758044881592838,361.9139059613735,342.49582,19.418086869576598,0.0001141156187301,-0.004795435,0.004909550503457101,6.600799078174634e-05,-0.0031780095,0.0032440175213111263
standard_NN,5,175,3,201,13.668170793570228,18.697636,-5.0294648570645375,54.67268317428091,77.12305,-22.450363700719087,123.01353714213204,170.50485,-47.49131515278984,218.69073269712365,299.22037,-80.52963473451697,0.0001222692364372,0.0005828801,-0.0004606108712487236,4.007678039428388e-05,0.0002763957,-0.00023631892140898314
standard_NN,5,175,3,202,11.35580565790681,13.872597,-2.516791082815846,45.42322263162724,56.852367,-11.429144769495807,102.20225092116132,128.53543,-26.333179987041802,181.69289052650896,224.0528,-42.35990488364729,0.0005892622234714,0.0025703325,-0.001981070270161632,0.0003103831629464,0.0013501185,-0.0010397353828689487
standard_NN,5,175,3,203,6.099337131658988,6.33116,-0.23182293685297495,24.39734852663595,23.74669,0.6506577765138815,54.894034184930895,52.928402,1.9656322379094107,97.5893941065438,89.58584,8.003555788672713,0.0008351021352413,0.002350072,-0.0015149697755274473,0.0004688958253512,0.0011169587,-0.0006480628542801524
standard_NN,5,175,3,204,3.654229721327012,3.5709896,0.08324011256236341,14.61691888530805,15.112141,-0.49522177020952896,32.88806749194311,33.40665,-0.5185830512697791,58.4676755412322,55.8842,2.583474491427509,0.051691310956815,0.010860549,0.04083076167080712,0.026566094994101,0.0058302716,0.020735823358896448
standard_NN,5,175,3,205,7.525671855633088,8.01307,-0.4873982508732597,30.10268742253235,32.23343,-2.1307415325457733,67.73104670069779,76.39143,-8.660387015122524,120.4107496901294,138.61482,-18.204072697565906,0.0004529241974654,-0.00025441288,0.0007073370776327651,0.0001743365785258,-0.0002619886,0.00043632518576105286
standard_NN,5,175,3,206,8.631411966777332,7.5220966,1.109315332866199,34.52564786710933,31.775469,2.7501790408153823,77.68270770099598,69.704155,7.978552732734258,138.1025914684373,122.80801,15.294585181816217,0.0001689727022992,0.001912686,-0.0017437133401884213,6.25208944075939e-05,0.0012541303,-0.0011916093768558267
standard_NN,5,175,3,207,5.043821261829542,4.126883,0.9169382318917982,20.17528504731817,18.697,1.4782845437781305,45.39439135646588,41.9745,3.4198926076865845,80.70114018927268,72.60255,8.098593497378147,0.0009724139404781,0.0056939754,-0.004721561429899202,0.0004515290792255,0.003283016,-0.0028314868387611315
standard_NN,5,175,3,208,23.292217264160296,20.337267,2.954950342163226,93.1688690566412,80.92581,12.243057289063074,209.62995537744268,177.74829,31.881664361817684,372.6754762265648,324.56952,48.10595718359605,2.659360101201349e-05,0.0009856576,-0.0009590639624210376,1.5124534713654686e-05,0.00039714144,-0.00038201690605786545
standard_NN,5,175,3,209,5.350518837492076,4.853159,0.49735988668641173,21.402075349968303,18.027542,3.3745332357104907,48.15466953742869,46.655064,1.4996059082782978,85.60830139987321,70.0903,15.517999886201338,0.0025677197588472,0.0084573645,-0.0058896447556229005,0.0015007865704566,0.004742801,-0.0032420146189660074
standard_NN,5,175,3,210,6.07800615537599,5.8774204,0.2005857299609506,24.31202462150396,23.604746,0.7072787566357945,54.70205539838391,57.076485,-2.374429281791869,97.24809848601583,94.20152,3.046575658867397,0.0017510013597737,0.009859799,-0.008108798047648842,0.0009906774567312,0.0055276696,-0.004536992107158303
standard_NN,5,175,3,211,28.743999303092217,32.478237,-3.7342378490073926,114.97599721236888,129.32141,-14.345413920443619,258.69599372783,292.97604,-34.280049973341875,459.90398884947547,523.4587,-63.55469034974328,2.374378387206449e-05,0.0022959607,-0.0022722168883276615,7.698980896502559e-06,0.0014935926,-0.001485893649243981
standard_NN,5,175,3,212,26.146974126092235,26.567314,-0.42034002185698327,104.58789650436894,109.00349,-4.415590128931839,235.3227671348301,250.59886,-15.27609455950585,418.35158601747577,423.51434,-5.162757244242982,8.424729520175523e-05,0.0011921606,-0.0011079133540233606,2.614202680166244e-05,0.0008756021,-0.0008494601002511812
standard_NN,5,175,3,213,4.530610226306957,4.6851506,-0.15454039701457578,18.12244090522783,19.251562,-1.1291212133024437,40.77549203676262,44.535892,-3.7604004498096444,72.48976362091132,77.39919,-4.909429189147275,0.0049127912106859,0.012227124,-0.0073143323925388545,0.0025183498720954,0.0061232224,-0.0036048725385834637
standard_NN,5,175,3,214,5.242396247518047,4.0749183,1.1674779774069632,20.96958499007219,18.664494,2.3050914292811733,47.18156622766243,46.59776,0.5838069808362576,83.87833996028876,75.81261,8.065733148765318,0.0698451016483708,0.010536945,0.05930815622339683,0.0398113174750342,0.006307372,0.03350394558299919
standard_NN,5,175,3,215,10.814507831856025,11.774408,-0.9599005085980767,43.2580313274241,47.024124,-3.766092818083713,97.33057048670422,108.31521,-10.984637948354376,173.0321253096964,186.63351,-13.601389094600478,0.0005311337135578,-2.4311956e-05,0.0005554456692704193,0.0001835374468323,0.0001540446,2.9492851285279568e-05
standard_NN,5,175,3,216,2.154736485165542,2.3789601,-0.22422364743333478,8.618945940662169,12.18317,-3.564224377941347,19.39262836648988,22.668495,-3.275866811732776,34.475783762648675,45.62938,-11.153595509812263,0.021262256864581,0.04556536,-0.02430310242983352,0.009969927364687,0.02298012,-0.013010192668338742
standard_NN,5,175,3,217,12.237226870029446,15.352046,-3.1148191428489724,48.94890748011778,63.54806,-14.599153890731827,110.13504183026502,144.4031,-34.2680648591881,195.7956299204712,255.61682,-59.821191368591286,0.0002909343505048,-0.000979156,0.0012700903510444604,0.0001496760149094,-0.0008791754,0.0010288513938503995
standard_NN,5,175,3,218,19.78464324541212,23.308817,-3.524173664377919,79.13857298164847,90.657974,-11.519401261515597,178.06178920870903,206.61716,-28.555367773712845,316.55429192659386,379.25043,-62.69613531949989,1.275368573239916e-05,0.0029821352,-0.002969381477887715,4.492689823982283e-06,0.0020414337,-0.0020369410151929884
standard_NN,5,175,3,219,13.309044120368792,14.464097,-1.1550529026414615,53.23617648147517,58.186302,-4.950125703583424,119.78139708331916,129.03676,-9.2553613395324,212.94470592590068,227.33626,-14.391552008669635,4.830784369470663e-05,-0.00077347853,0.000821786375904699,2.6325065316621536e-05,-0.00059833203,0.000624657095083956
standard_NN,5,175,3,220,11.307875009931962,12.734031,-1.4261557136398153,45.23150003972785,49.007885,-3.7763849395201987,101.77087508938769,114.87467,-13.10379684664747,180.9260001589114,198.4756,-17.54960103737767,0.0007136289475482,-0.003010555,0.003724183885193993,0.0003676631191477,-0.0018201302,0.002187793276432139
standard_NN,5,175,3,221,9.478256013457584,8.351627,1.1266286636040679,37.913024053830334,33.92779,3.9852324583713497,85.30430412111826,80.98303,4.321271894555764,151.65209621532134,131.5155,20.136593285633836,0.0012844141265474,0.0032937042,-0.002009290114966806,0.0005032768036723,0.0021938991,-0.0016906223230511086
standard_NN,5,175,3,222,13.894999628761749,17.080843,-3.185843343040009,55.579998515047,70.96175,-15.38174770077331,125.05499665885574,165.02718,-39.97217924446457,222.319994060188,270.4193,-48.09931746324949,0.0012969932116305,0.00019475886,0.0011022343508868954,0.0004428263265568,0.00032972486,0.00011310146431654512
standard_NN,5,175,3,223,14.447331930863438,16.256142,-1.8088097317342182,57.78932772345375,64.9051,-7.115770237972029,130.02598737777095,146.08412,-16.058134326330617,231.157310893815,252.75375,-21.596442768294366,0.0021759700251027,0.001178087,0.000997883056963886,0.0009541786954678,0.0006235795,0.00033059920919457084
standard_NN,5,175,3,224,8.981182992244404,11.402638,-2.421455443119365,35.92473196897762,44.887154,-8.962421656510664,80.83064693019965,101.88162,-21.050975384253476,143.69892787591047,180.99867,-37.29974460944109,0.0011296896718485,0.0001032038,0.0010264858737863319,0.0006860938387613,-2.3494355e-05,0.0007095881932978241
standard_NN,5,175,3,225,7.7161672104415935,7.069962,0.6462051857528728,30.86466884176637,26.8281,4.036568637298597,69.44550489397436,71.19179,-1.7462828257522034,123.4586753670655,114.67547,8.783206922241277,0.0013026966684824,0.008044989,-0.006742292179786585,0.0004599777536131,0.004213143,-0.0037531653864644908
standard_NN,5,175,3,226,4.095482743334061,5.0260653,-0.9305826062447968,16.381930973336242,17.889309,-1.507377956107117,36.85934469000655,38.638855,-1.7795102904621984,65.52772389334497,72.85523,-7.327508345424562,0.0056955867479256,0.0015106613,0.004184925419714173,0.0033825872859603,0.00067843834,0.002704148941921277
standard_NN,5,175,3,227,10.231510924923084,11.195081,-0.9635698322180293,40.926043699692336,45.878628,-4.952584077407273,92.0835983243078,105.00819,-12.92458801602423,163.70417479876934,175.10944,-11.405261236386906,0.0031694054962731,-4.738221e-05,0.003216787707323817,0.0016588547677655,0.00015776476,0.001501090004194178
standard_NN,5,175,3,228,3.184881272352736,1.9551797,1.229701581038039,12.73952508941094,10.0279045,2.7116205789128927,28.663931451174616,16.976734,11.687197289797663,50.958100357643765,38.63051,12.327591934792203,0.0008603869216376,0.0063052564,-0.0054448694711691685,0.00043526885331,0.002996842,-0.002561573057916511
standard_NN,5,175,3,229,3.8755034178268417,5.102862,-1.2273584634292618,15.502013671307369,20.001236,-4.499222290606694,34.879530760441575,45.97391,-11.094380524958815,62.00805468522947,73.60886,-11.600801515942408,0.0376220106117254,0.0052451175,0.032376893141103334,0.0197032850933418,0.0028375005,0.016865784558390114
standard_NN,5,175,3,230,13.096187721050416,16.972906,-3.876718391620482,52.38475088420167,67.6428,-15.258048493239734,117.86568948945376,153.30524,-35.43954732695249,209.53900353680663,267.95135,-58.41235144366212,0.0003686013558441,0.0029838348,-0.0026152334714746876,0.0001383982818233,0.0016334646,-0.001495066309754349
standard_NN,5,175,3,231,15.49589578357424,17.990988,-2.4950919941357217,61.98358313429696,72.79603,-10.812445002910074,139.46306205216817,161.523,-22.05993294294902,247.93433253718783,285.7315,-37.79717381046842,0.0001286864347713,0.004005792,-0.003877105650310039,5.178375834028999e-05,0.002235694,-0.0021839103315641375
standard_NN,5,175,3,232,14.21872832320477,15.352688,-1.1339595124885893,56.87491329281908,61.908382,-5.033469122952404,127.96855490884292,149.46019,-21.49163491049302,227.49965317127632,237.96034,-10.460689235950241,0.0007436961941599,-0.0001788086,0.0009225047879331831,0.0002563180051828,6.896735e-05,0.00018735065814947814
standard_NN,5,175,3,233,6.365380475719864,6.180237,0.18514365931361443,25.461521902879458,23.527843,1.9336784275376608,57.288424281478775,60.72116,-3.4327366071930996,101.84608761151785,95.977005,5.869082606635033,0.0024841150245227,0.003700328,-0.0012162130349717953,0.000903770183122,0.0020971952,-0.0011934250640662104
standard_NN,5,175,3,234,8.901793449846561,8.797917,0.10387608381872937,35.607173799386246,36.822617,-1.215442777762192,80.11614104861906,85.510635,-5.394494327357506,142.42869519754498,145.591,-3.1623082204237676,0.00046763572442,0.00031849253,0.00014914319450621692,0.0001891601681181,0.00054878125,-0.00035962107689746156
standard_NN,5,175,3,235,3.0916709686905595,3.4716988,-0.38002779229576866,12.366683874762238,14.011023,-1.6443386929867856,27.82503871821504,29.388313,-1.5632745752419908,49.46673549904895,54.725677,-5.258941991185424,0.0159311102514571,0.0050656428,0.010865467488527899,0.0078598300226219,0.0025260022,0.005333827785048635
standard_NN,5,175,3,236,2.2236122759748773,2.6227746,-0.3991623250077887,8.89444910389951,12.046785,-3.1523362507147485,20.01251048377389,23.851536,-3.8390253133452497,35.57779641559804,41.767937,-6.190140290944932,0.0235524198564675,0.011820132,0.011732287943640007,0.011216628490543,0.006359322,0.004857306493973366
standard_NN,5,175,3,237,8.44635258790726,9.5123,-1.0659469497514316,33.78541035162904,38.125164,-4.3397536803533825,76.01717329116535,88.95551,-12.938339709322932,135.14164140651616,156.79874,-21.657095165749467,0.0004594601478973,-0.0007206884,0.0011801485226103632,0.0001758827418416,-0.0005676501,0.0007435328150495148
standard_NN,5,175,3,238,5.162931939493839,5.721854,-0.5589222704060637,20.651727757975355,21.447746,-0.7960185188801141,46.46638745544455,46.40368,0.06270856140157832,82.60691103190142,85.00346,-2.396552713215769,0.0005143995454245,0.0015502588,-0.0010358592903531405,0.0002841226847598,0.0009085523,-0.0006244296349829392
standard_NN,5,175,3,239,3.860819877299951,3.2347283,0.6260915409657226,15.443279509199805,12.243725,3.1995546862017576,34.74737889569956,32.290867,2.4565120438929213,61.77311803679921,47.59761,14.175507563166398,0.0091644046176434,0.007900223,0.001264181481695218,0.0048632619555952,0.004331934,0.0005313281554641175
standard_NN,5,175,3,240,25.906732600360822,30.832073,-4.9253406113091,103.6269304014433,121.00761,-17.380676104904353,233.16059340324745,269.96954,-36.8089500537838,414.5077216057732,490.51086,-76.00314265203929,1.841717626413301e-05,0.003811025,-0.0037926078844491584,5.6238899918926426e-06,0.0022726913,-0.002267067454850422
standard_NN,5,175,3,241,3.311690133209241,3.4191456,-0.10745545089720432,13.246760532836966,13.902351,-0.6555908465575655,29.80521119888318,32.261444,-2.4562328929136967,52.98704213134786,54.24623,-1.2591889477536995,0.0439182921568043,0.008537015,0.03538127721046279,0.025475870964637,0.0049497727,0.020526098234167296
standard_NN,5,175,3,242,1.7554429941860044,0.8825398,0.8729031854358518,7.021771976744017,1.7523005,5.2694714758742665,15.798986947674042,8.911007,6.887980020183807,28.08708790697607,15.1042185,12.982869424004878,0.0134955252942232,0.01826759,-0.0047720652583452365,0.0063758596227622,0.009747261,-0.0033714015587115323
standard_NN,5,175,3,243,4.334239396506373,3.6545048,0.6797346205053962,17.33695758602549,13.349318,3.9876400353663115,39.00815456855736,28.718613,10.289541897658921,69.34783034410196,52.607124,16.740706015488684,0.0046504906813592,0.0054267766,-0.0007762859140544847,0.0024048445911112,0.002698555,-0.00029371029911909796
standard_NN,5,175,3,244,2.831194021659799,1.9359465,0.8952475571212246,11.324776086639195,9.052689,2.272087488006383,25.48074619493819,18.072605,7.408141061881551,45.29910434655678,33.256134,12.042970313353656,0.0016579272123121,0.00879552,-0.0071375930784202835,0.0007943360217938,0.0047460645,-0.00395172852193026
standard_NN,5,175,3,245,4.158860795694611,3.5365138,0.622346990305207,16.635443182778445,14.878881,1.7565617283106718,37.42974716125151,32.35473,5.075018462521044,66.54177273111378,57.55356,8.988214381504406,0.0013990833619159,0.0047766464,-0.0033775630211908087,0.0006251215055102,0.0026419705,-0.0020168490190541856
standard_NN,5,175,3,246,4.81036473360478,4.484295,0.32606984224735847,19.24145893441912,17.808636,1.4328232227491995,43.29328260244303,44.270443,-0.977160360203456,76.96583573767649,70.19277,6.773063826055392,0.0015661768503117,0.002663253,-0.0010970762577277983,0.0007907790158013,0.0014534382,-0.0006626591758733498
standard_NN,5,175,3,247,2.2574082006840026,1.4284782,0.8289299597172057,9.02963280273601,6.4000854,2.6295473535172604,20.316673806156025,13.248203,7.068470528568135,36.11853121094404,27.738167,8.38036440186201,0.0055781559777944,0.013150093,-0.007571937167874107,0.0031235568110924,0.007267456,-0.004143899224968649
standard_NN,5,175,3,248,7.846664457009283,8.581792,-0.7351274207372986,31.386657828037134,34.636475,-3.2498167813378664,70.61998011308356,76.84198,-6.221999867385193,125.54663131214852,135.93156,-10.384933018906167,0.0090756905137689,0.0033423067,0.005733383806714523,0.0046720260466103,0.0018700638,0.0028019622145805997
standard_NN,5,175,3,249,28.380762567846283,28.92321,-0.542447576196686,113.52305027138512,113.97819,-0.45513728965003963,255.42686311061647,256.2925,-0.8656478757116588,454.0922010855405,466.68637,-12.594169764068852,4.805989300067394e-06,0.0032021825,-0.0031973764843147446,1.5777557169770771e-06,0.0019278495,-0.001926271731684568
standard_NN,5,175,3,250,6.825494010946028,5.8951735,0.9303204612939284,27.301976043784112,24.618298,2.6836784668798153,61.429446098514255,55.710186,5.719260093875583,109.20790417513643,97.4943,11.713603332851278,0.0002377529422988,0.0012505825,-0.0010128295720319446,9.985320277419948e-05,0.000684956,-0.0005851027694726262
standard_NN,5,175,3,251,3.952458295443556,3.287232,0.6652263732938977,15.809833181774223,12.7969,3.012933386241997,35.57212465899201,29.667564,5.904560266902166,63.2393327270969,52.15909,11.080244592331276,0.0012538005827487,0.0054648337,-0.004211033112692784,0.0005612408893033,0.0030087205,-0.002447479575701144
standard_NN,5,175,3,252,9.792727195423833,10.444293,-0.6515658267319289,39.17090878169533,43.418575,-4.247666505169903,88.13454475881449,99.05083,-10.916282267552702,156.6836351267813,175.73389,-19.050251591968703,0.0001710836195905,-0.0011732487,0.0013443323669541866,9.995541500483102e-05,-0.0010645468,0.00116450217051987
standard_NN,5,175,3,253,3.4345803368084304,3.583417,-0.14883660197330784,13.738321347233722,13.066364,0.6719570589036437,30.91122303127588,31.951466,-1.040242575413572,54.95328538893489,53.042633,1.9106523322942621,0.0026611976873825,0.009374033,-0.006712835040991504,0.0010771851087734,0.005034427,-0.003957242049761127
standard_NN,5,175,3,254,4.052307745554791,2.8830276,1.1692801919964415,16.209230982219164,13.958029,2.2512021888842035,36.47076970999312,33.001347,3.4694231218583553,64.83692392887666,51.794357,13.04256662907197,0.0093625321958848,0.007823276,0.0015392558623739238,0.0038074841465917,0.004312423,-0.0005049389112624755
standard_NN,5,175,3,255,3.027187167030083,1.8553004,1.1718867405469289,12.108748668120333,7.5956173,4.513131373808809,27.24468450327075,19.544117,7.700567529393798,48.43499467248133,35.71424,12.7207536446493,0.0055681303165251,0.010245333,-0.004677203109175565,0.0025755250879823,0.005787428,-0.0032119029148222175
standard_NN,5,175,3,256,3.980147406033314,5.5551796,-1.5750321899139514,15.92058962413326,20.88798,-4.967389883313029,35.82132665429983,48.406574,-12.585247594967747,63.68235849653304,88.81598,-25.13362050737321,0.0057564682460349,0.0026525487,0.003103919526837388,0.0031730371800023,0.0012943927,0.0018786444368543904
standard_NN,5,175,3,257,16.73289790026411,18.35886,-1.6259621156050308,66.93159160105644,75.06741,-8.135821729021686,150.59608110237698,166.06274,-15.466663038248015,267.72636640422576,304.18625,-36.45988237507112,0.0002332219427874,-0.0029545415,0.0031877634155055195,9.261965698601845e-05,-0.0013910014,0.001483621051935872
standard_NN,5,175,3,258,5.36858180945762,5.4089756,-0.040393791738669194,21.47432723783048,21.875057,-0.4007299826285049,48.317236285118575,43.937283,4.379953722862716,85.89730895132192,85.30612,0.5911871251500429,0.0004469846464748,0.0016951503,-0.001248165630171218,0.0002364886319732,0.00068933575,-0.00045284711751139865
standard_NN,5,175,3,259,9.44935743069088,9.463344,-0.013986189609413557,37.79742972276352,37.835255,-0.03782494642593548,85.0442168762179,92.554695,-7.510478253176629,151.18971889105407,148.26729,2.922430683046258,0.0013726151480967,0.0010286055,0.00034400964413525614,0.000520055893374,0.00086235127,-0.0003422953760872146
standard_NN,5,175,3,260,36.69037991599079,34.051224,2.6391561611079766,146.76151966396316,134.7785,11.983016245994406,330.21341924391714,309.70828,20.50513677321402,587.0460786558526,551.2847,35.761349651946375,8.439579992652557e-06,0.0008091221,-0.0008006825297930234,2.556230061778608e-06,0.0006420516,-0.0006394953409870176
standard_NN,5,175,3,261,8.777435505594772,9.201644,-0.42420843819184917,35.10974202237909,36.263912,-1.1541701785486467,78.99691955035294,85.06896,-6.072042546815027,140.43896808951635,144.273,-3.8340269056008367,0.0006362908549372,-0.000790789,0.0014270798798415702,0.0003463602748743,-0.00044351805,0.0007898783202326598
standard_NN,5,175,3,262,6.689441324651211,6.582469,0.10697233813998075,26.757765298604845,26.128826,0.628939157247423,60.2049719218609,61.595795,-1.3908227558734723,107.03106119441938,103.4994,3.5316639165873482,0.0011259458063312,0.0035522252,-0.0024262793792269996,0.0004455371934598,0.0020253512,-0.0015798139676774232
standard_NN,5,175,3,263,13.137181551136976,13.282265,-0.1450831583356802,52.548726204547904,52.86239,-0.31366240629193953,118.2346339602328,122.09682,-3.862183056368764,210.1949048181916,211.19128,-0.9963793614959116,0.0003282486929789,0.0007635786,-0.00043532988026292985,0.0001391048912676,0.00030112674,-0.00016202184867393737
standard_NN,5,175,3,264,30.61536480815044,24.12804,6.4873244944297355,122.46145923260175,96.058846,26.402613712582223,275.5382832733539,209.39746,66.1408223358539,489.845836930407,386.48016,103.36567335618827,3.097522702963724e-06,0.0020838645,-0.0020807670059828443,2.0917751936444143e-06,0.00062860816,-0.000626516387321221
standard_NN,5,175,3,265,2.90160137349155,3.0778766,-0.17627519434902617,11.6064054939662,11.766563,-0.16015792156114372,26.114412361423955,25.653702,0.4607105791973929,46.4256219758648,47.62784,-1.202216158900825,0.0643182230866209,0.03936473,0.024953494009996982,0.0322949355780003,0.020043744,0.012251191803705444
standard_NN,5,175,3,266,8.297198007439883,9.171683,-0.8744853040225191,33.18879202975953,38.123833,-4.935040672877186,74.67478206695897,86.138885,-11.464103431087906,132.75516811903813,144.78702,-12.031849703227493,0.0024584463830797,0.002256423,0.00020202338097076835,0.0012379774599722,0.0014052718,-0.00016729435795784274
standard_NN,5,175,3,267,8.70126624102165,9.127592,-0.42632584577034294,34.8050649640866,35.514183,-0.7091180803469967,78.31139616919484,80.33206,-2.020665598383289,139.2202598563464,136.33298,2.887282561424513,0.0019369601165026,0.0032814045,-0.001344444380599303,0.0009498812070567,0.0017974065,-0.0008475252614837301
standard_NN,5,175,3,268,4.792720021340485,4.5840154,0.20870465192520182,19.17088008536194,17.20206,1.9688193858990495,43.134480192064366,36.221176,6.913304044603429,76.68352034144776,69.71738,6.966143632463385,0.0012232172921167,-0.00087259687,0.0020958141576365814,0.0004758705536272,-0.0011232429,0.0015991134487460922
standard_NN,5,175,3,269,2.702378198376767,3.397623,-0.6952448637570221,10.809512793507068,14.176498,-3.3669856195788697,24.321403785390903,25.866741,-1.5453373950290192,43.23805117402827,49.20285,-5.964799167768604,0.0020694942609407,0.003237099,-0.0011676046601496646,0.0009212032511435,0.0015672821,-0.0006460788807295712
standard_NN,5,175,3,270,9.319334939519518,10.464431,-1.1450958695014783,37.27733975807807,40.767643,-3.4903032167754446,83.87401445567566,98.58341,-14.709397714734493,149.10935903231228,163.90158,-14.792221778234591,0.0009879169614187,0.0007996701,0.0001882468444427965,0.0003680971261737,0.00062983565,-0.0002617385194945086
standard_NN,5,175,3,271,4.881242485620905,5.4963965,-0.6151540559745543,19.52496994248362,24.608133,-5.08316337355642,43.93118237058814,54.87639,-10.945206179216548,78.09987976993447,92.791916,-14.692036123620213,0.0128269563999773,0.010453315,0.0023736409482360814,0.0059999465093674,0.0059192856,8.066092512624794e-05
standard_NN,5,175,3,272,14.292671947859512,17.086102,-2.7934295841229098,57.17068779143805,69.77607,-12.605381849675233,128.6340475307356,161.89769,-33.26364228860035,228.6827511657522,271.40466,-42.721911920185306,0.0019166611088369,0.000740601,0.0011760601261559833,0.0007635987457393,0.00071234384,5.1254904879469675e-05
standard_NN,5,175,3,273,7.045485155741367,6.7944145,0.2510706354776948,28.181940622965467,26.528193,1.6537481028238652,63.40936640167231,60.023895,3.385471138000433,112.72776249186188,108.06599,4.6617758585611,0.0069333251484901,0.0017672365,0.005166088641923695,0.0034854932360715,0.001012036,0.0024734572412810057
standard_NN,5,175,3,274,4.407115703618412,4.454738,-0.04762243648778952,17.628462814473647,17.65277,-0.024306274271470585,39.6640413325657,40.062332,-0.3982908207546103,70.51385125789459,67.30943,3.204418274496149,0.0077605530017186,0.0029845561,0.004775996865065773,0.0045699095600456,0.0011474475,0.0034224620568737386
standard_NN,5,175,3,275,37.214319500872,33.48189,3.7324278687919232,148.85727800348798,136.16008,12.69719804743329,334.928875507848,316.34998,18.578899921910477,595.4291120139519,529.40735,66.02176338113941,4.551579734047782e-05,-0.0024853244,0.0025308401931609763,1.4270137376649677e-05,-0.0012142042,0.001228474377035661
standard_NN,5,175,3,276,13.273485211988923,16.1855,-2.9120139792952564,53.0939408479557,65.79346,-12.6995161832943,119.46136690790031,149.04333,-29.581968053037187,212.3757633918228,265.5034,-53.127624059349074,0.0034976892428968,-0.004235643,0.007733332205054526,0.0019835584359255,-0.0027041293,0.004687687757426159
standard_NN,5,175,3,277,3.74602773446589,4.2410007,-0.4949729178473423,14.98411093786356,15.586529,-0.6024178402126115,33.714249610193015,36.43783,-2.7235822684690945,59.93644375145424,62.4075,-2.4710574692488834,0.0091952397875411,0.007232493,0.0019627469979149777,0.0046842532596189,0.003523601,0.0011606522733915072
standard_NN,5,175,3,278,12.70223693371022,15.479082,-2.776845173833726,50.808947734840885,61.8757,-11.06675416945599,114.320132403392,145.56564,-31.24551090715488,203.2357909393636,241.14445,-37.90866401669109,0.001679330857394,-0.0013129178,0.002992248654288908,0.0006904056772013,-0.00050963566,0.0012000413389299802
standard_NN,5,175,3,279,2.353569305420612,2.627264,-0.2736947174065363,9.414277221682443,12.275211,-2.8609341125460723,21.182123748785504,22.608028,-1.4259046630797307,37.65710888672978,45.17714,-7.520030395496782,0.0336812896818581,0.023351712,0.010329577529496231,0.0198131262093373,0.012384882,0.007428244012553282
standard_NN,5,175,3,280,15.950585933670816,17.655262,-1.7046760597373876,63.80234373468327,70.542465,-6.740121475277668,143.55527340303735,158.3019,-14.746621738564215,255.20937493873308,279.2054,-23.996038879626298,0.0006476521125168,-9.283448e-05,0.0007404865941370298,0.0002960091752008,-0.0003009414,0.0005969505819499889
standard_NN,5,175,3,281,16.470581763807967,17.243984,-0.7734024586041421,65.88232705523187,67.33305,-1.4507265336353186,148.23523587427172,151.50122,-3.265984828853277,263.5293082209275,269.26016,-5.730854132588149,0.0002146165988067,0.0009982723,-0.0007836557288995177,0.0001189184716223,0.000120066456,-1.1479839430929718e-06
standard_NN,5,175,3,282,16.345825809393947,17.943926,-1.5981000481499983,65.38330323757579,74.51399,-9.130689071994524,147.11243228454552,171.16458,-24.052149014282605,261.53321295030315,286.023,-24.489797303603098,0.0001094458387728,0.0010082929,-0.000898847054174993,3.5893563928417205e-05,0.00086436153,-0.0008284679653101049
standard_NN,5,175,3,283,3.28954259845544,3.442471,-0.15292842891882774,13.15817039382176,13.818623,-0.6604521952895688,29.605883386098963,31.144203,-1.5383197999361933,52.63268157528704,53.963097,-1.3304150433653064,0.0320310694199761,0.010107928,0.021923141464289052,0.0173829911004699,0.0055038976,0.011879093545297457
standard_NN,5,175,3,284,7.2984879994898435,6.407802,0.8906858945398923,29.19395199795937,25.448357,3.7455953695414017,65.6863919954086,54.170345,11.516046689012114,116.7758079918375,104.98819,11.787618294571871,0.0008456361622578,0.001782425,-0.0009367888185167219,0.0004792154817527,0.0008318325,-0.0003526170454302963
standard_NN,5,175,3,285,9.511313477953488,10.474275,-0.9629611573614536,38.04525391181395,40.715977,-2.6707228032739394,85.6018213015814,99.941086,-14.339264513848292,152.1810156472558,165.78833,-13.607314430869195,0.0086822494139865,0.0022770362,0.006405213216502961,0.0048897124716222,0.0017389545,0.0031507580197557518
standard_NN,5,175,3,286,2.44650227695198,1.2258186,1.220683642918777,9.78600910780792,7.0109997,2.775009428242491,22.018520492567824,11.369373,10.64914717103462,39.14403643123168,18.490173,20.653863091387933,0.0590871401965537,0.023676772,0.03541036852597379,0.0294644072985578,0.012559885,0.016904522139422937
standard_NN,5,175,3,287,3.1564528777367995,3.123901,0.032551987386457704,12.625811510947198,13.294262,-0.6684504214258489,28.4080758996312,28.82228,-0.41420498415786255,50.50324604378879,51.166718,-0.663471485508083,0.0051615459508528,0.018408615,-0.01324706919125421,0.0021126505918158,0.009470827,-0.00735817635438314
standard_NN,5,175,3,288,5.872865552500903,5.3660903,0.5067752548019282,23.49146221000361,21.184277,2.3071856291930644,52.85578997250813,49.252956,3.6028335821272677,93.96584884001444,82.75754,11.20831099821757,0.0020969147092439,0.0054422645,-0.0033453497805856405,0.0011344728085061,0.0034259593,-0.0022914864563534573
standard_NN,5,175,3,289,6.899066805394647,6.153825,0.7452419991812684,27.59626722157859,24.421173,3.1750941258754644,62.09160124855183,57.33794,4.753661032487379,110.38506888631436,93.86134,16.523725502525295,0.0057944792830336,0.002658038,0.0031364413485813047,0.0027517948385201,0.0017587167,0.0009930781872815988
standard_NN,5,175,3,290,3.057340019729543,3.1983957,-0.14105570933539857,12.229360078918171,12.030758,0.19860217486543696,27.516060177565887,24.889996,2.626064602614715,48.917440315672685,39.761086,9.156354805418779,0.0098294118997986,0.023724,-0.01389458900118521,0.0047039950770803,0.011812371,-0.007108376124732921
standard_NN,5,175,3,291,3.746862926135832,3.915916,-0.16905303989810339,14.987451704543329,15.932047,-0.9445951857154604,33.72176633522249,38.761044,-5.039277213361494,59.94980681817332,56.243263,3.7065435735444154,0.0321559775290597,0.010018293,0.022137684714566522,0.0174537840527734,0.005218853,0.012234931275739356
standard_NN,5,175,3,292,8.343765300853464,7.7622805,0.581484836681101,33.37506120341386,29.871677,3.5033838047322163,75.09388770768119,72.30321,2.790680310220253,133.50024481365543,117.20639,16.293854432796053,0.0023396229938415,0.005500031,-0.0031604081756624273,0.0011108897732691,0.0031137487,-0.002002858965273099
standard_NN,5,175,3,293,6.912158087400874,7.4558067,-0.5436486447768605,27.648632349603496,28.073997,-0.42536514795509817,62.20942278660787,70.832245,-8.622822086439008,110.59452939841398,110.960495,-0.36596559670320516,0.0017664513295426,0.0051617385,-0.003395287159280575,0.0010284829600375,0.003115007,-0.002086523995303005
standard_NN,5,175,3,294,4.809114876478157,4.560136,0.24897903510852792,19.236459505912627,18.669918,0.566541445609893,43.28203388830342,41.930477,1.3515567459694324,76.94583802365051,75.50045,1.4453878893731655,0.0042279139598742,0.026577756,-0.02234984184895606,0.0022359855189291,0.01373266,-0.011496674111548328
standard_NN,5,175,3,295,13.659789750679543,16.423777,-2.7639868759073707,54.63915900271818,67.48339,-12.844231805387288,122.93810775611594,154.1421,-31.203997346423122,218.55663601087272,262.77686,-44.22021945787728,0.0001424359458407,0.0031798256,-0.00303738966370918,4.659443460052538e-05,0.0019560459,-0.0019094514258241125
standard_NN,5,175,3,296,2.1332323455195263,2.1519685,-0.0187361336369678,8.532929382078105,10.6333275,-2.100398102052754,19.19909110967573,21.638191,-2.4391001134688004,34.13171752831242,37.372536,-3.240818177253985,0.0098364897009382,0.008147827,0.001688662351335024,0.0044436721080761,0.0045194156,-7.574344558310044e-05
standard_NN,5,175,3,297,3.3799221720017094,3.1172843,0.2626378740585942,13.519688688006838,11.423832,2.095856748309572,30.41929954801539,25.9646,4.454699938640388,54.07875475202735,49.357666,4.721088736402351,0.0082954048157966,0.027081136,-0.018785730844613328,0.0037508425372899,0.013865033,-0.010114190627330499
standard_NN,5,175,3,298,5.026545090163434,5.1773753,-0.1508302264564394,20.10618036065373,18.97867,1.1275102404144732,45.2389058114709,41.389534,3.849371814888869,80.42472144261494,78.17256,2.252159797107126,0.001243399244433,0.0013777276,-0.00013432835910682454,0.000624505923883,0.000115824514,0.0005086814098143368
standard_NN,5,175,3,299,1.8195624528940275,1.3139324,0.5056300340707853,7.278249811576109,6.128233,1.150016855643492,16.37606207604625,6.5017657,9.874296348049423,29.11299924630444,26.582832,2.530166909878659,0.2723226777781321,0.07073941,0.201583266960509,0.1255070194837914,0.035699658,0.08980736138795475
standard_NN,5,175,3,300,1.6465677845908904,1.2644672,0.38210054521100756,6.5862711383635615,3.482876,3.103395075970373,14.819110061318012,10.736332,4.082778121620747,26.34508455345425,20.136002,6.209082966540187,0.0053661383744736,0.011678599,-0.0063124604466895775,0.003018044824529,0.006074169,-0.003056124360483579
standard_NN,5,175,3,301,16.74379218263693,16.412374,0.33141768617696954,66.97516873054772,66.83022,0.14494564705162816,150.6941296437324,156.08006,-5.385933222478542,267.9006749221909,259.95264,7.948038203440888,0.0001430912625076,0.0024421539,-0.0022990626066891726,4.563881016347726e-05,0.001501241,-0.0014556021902057139
standard_NN,5,175,3,302,7.957546968299408,7.6101537,0.34739329322006274,31.83018787319764,28.656364,3.173823432279672,71.61792271469469,62.85337,8.76455204819078,127.32075149279054,128.69177,-1.371020968146965,0.0006230565533653,-0.0012491492,0.0018722057622537116,0.0003392071044096,-0.0010771601,0.0014163672272139438
standard_NN,5,175,3,303,6.405124527019185,6.0895834,0.31554113010756435,25.62049810807674,24.264353,1.3561453096148277,57.646120743172666,61.25715,-3.611027999503115,102.48199243230697,102.08955,0.39244622869368584,0.004755179215217,0.0073957895,-0.002640610277658338,0.0023638548705741,0.003956462,-0.0015926069203750061
standard_NN,5,175,3,304,3.425345728870783,3.8944345,-0.46908872318610184,13.701382915483132,14.345238,-0.643854816450462,30.828111559837044,33.116188,-2.288076489479362,54.80553166193253,59.56938,-4.763850051934661,0.0034986044855366,0.015323517,-0.011824912427221751,0.0014357858731673,0.008130409,-0.006694622950322843
standard_NN,5,175,3,305,2.917398062455377,2.9053173,0.012080755936822118,11.669592249821507,11.429232,0.2403606061447494,26.256582562098394,25.358284,0.8982985655163631,46.67836899928603,44.34468,2.3336882131532164,0.0084142428281328,0.008398952,1.5290865542583187e-05,0.0047443954097332,0.004619233,0.0001251625651718614
standard_NN,5,175,3,306,5.754397997767394,5.486475,0.26792300692266746,23.017591991069576,22.627531,0.3900609394338339,51.78958197990654,48.490463,3.299118723070606,92.0703679642783,84.20285,7.867517622481429,0.0014149885573399,0.0009835453,0.0004314432335060768,0.0005086532034373,0.0006431298,-0.00013447660632225729
standard_NN,5,175,3,307,10.072462620194765,12.617565,-2.545102534834532,40.28985048077905,50.82628,-10.536428205744386,90.65216358175287,118.60645,-27.954289360141658,161.1594019231162,215.74414,-54.58473870188379,0.0002550996273166,0.0017208646,-0.0014657649312758386,8.746424448895865e-05,0.0006226405,-0.0005351762357984144
standard_NN,5,175,3,308,3.4834861818181566,4.1201596,-0.6366734441889235,13.933944727272626,15.875866,-1.9419212090066704,31.35137563636341,31.918926,-0.567550602650261,55.735778909090506,61.107635,-5.371856588956369,0.002491632809419,0.0040433537,-0.0015517209120804432,0.0010508586143555,0.0019015296,-0.0008506709985954806
standard_NN,5,175,3,309,7.393707864071475,7.4042425,-0.01053465149249,29.5748314562859,28.383022,1.19180914793629,66.54337077664327,73.591644,-7.048273510466103,118.2993258251436,116.7078,1.5915240062959413,0.0015032148082635,0.007039863,-0.005536648342303316,0.0005255338881616,0.0037814328,-0.0032558988634045715
standard_NN,5,175,3,310,5.040647502336177,4.860835,0.179812426957759,20.162590009344708,19.404112,0.7584781471620907,45.3658275210256,46.194103,-0.8282757199411961,80.65036003737883,75.12027,5.530090261988207,0.0071872319646521,0.008350985,-0.001163753160055122,0.0036463863795841,0.0043910337,-0.0007446472884869316
standard_NN,5,175,3,311,4.900127945157423,4.3472953,0.5528326608861827,19.60051178062969,16.788286,2.8122255715232463,44.101151506416805,35.3388,8.762352983467586,78.40204712251877,66.23792,12.164124454061735,0.0134666170299488,0.0045459373,0.008920679737670988,0.0073882484051204,0.002303367,0.005084881390146044
standard_NN,5,175,3,312,9.575764391639913,11.089032,-1.5132677815168254,38.30305756655965,46.514458,-8.211400136077067,86.18187952475922,107.46427,-21.28239202065093,153.2122302662386,175.65407,-22.441837726925456,0.000124076545307,-0.0010565745,0.0011806510631680086,4.177622430828251e-05,-0.00054525223,0.0005870284552579824
standard_NN,5,175,3,313,27.362856253186045,27.902206,-0.5393501677123922,109.45142501274418,109.87505,-0.4236283930175375,246.2657062786745,240.1109,6.154805399768236,437.8057000509767,443.82147,-6.015772116992025,3.5870094095143644e-05,0.0013544841,-0.001318614026288715,1.6739638684653904e-05,0.00039014558,-0.0003734059397369984
standard_NN,5,175,3,314,4.69416689200374,4.352236,0.34193109793635745,18.77666756801496,16.045427,2.7312402456272658,42.24750202803367,37.44585,4.801651655719219,75.10667027205984,67.29388,7.8127936241106255,0.0047924994317345,0.00905174,-0.004259240737790646,0.0024654522493191,0.0050169495,-0.0025514972441189054
standard_NN,5,175,3,315,6.178756250881438,5.4592133,0.7195429940455007,24.71502500352576,23.506235,1.2087898808450959,55.60880625793294,60.759563,-5.150757188111982,98.860100014103,83.9582,14.901901466739716,0.0114587731610162,0.006226874,0.005231899204395507,0.0051586488457611,0.004084632,0.0010740170451095498
standard_NN,5,175,3,316,10.537861182235591,11.252572,-0.7147108773957562,42.151444728942366,44.358772,-2.2073275488896655,94.84075064012032,106.75865,-11.917901093278118,168.60577891576946,175.31175,-6.705973403566475,0.0004307148077118,0.00017461203,0.00025610278256356475,0.0001462191742387,-5.2241256e-05,0.00019846042985523636
standard_NN,5,175,3,317,12.939376374550164,12.446706,0.4926705563738949,51.75750549820065,51.251568,0.5059376576244787,116.45438737095148,117.13315,-0.6787608224078951,207.0300219928026,204.11337,2.9166491900682274,4.9357942611402576e-05,0.003075782,-0.003026424034192735,1.6303306754413276e-05,0.0018609709,-0.0018446675573180289
standard_NN,5,175,3,318,2.172886514468425,1.5653062,0.6075803277923995,8.6915460578737,10.241713,-1.5501665123167303,19.555978630215822,15.017071,4.53890785995215,34.7661842314948,33.471313,1.2948707549322975,0.0189091823516967,0.010080669,0.008828513276446074,0.0089090327873262,0.0053248014,0.0035842313572200368
standard_NN,5,175,3,319,8.448452699514577,8.229815,0.21863817009563213,33.79381079805831,33.053627,0.7401837838981535,76.0360742956312,73.33529,2.7007852941663515,135.17524319223324,129.63922,5.536022000826989,0.0012260455321675,0.0013128074,-8.676190300231602e-05,0.0005903631740103,0.0006109638,-2.0600616667187867e-05
standard_NN,5,175,3,320,3.427925651107885,5.095001,-1.66707556959524,13.711702604431542,19.680063,-5.968360643249122,30.851330859970968,45.347893,-14.4965619012595,54.84681041772617,79.327034,-24.480223578855863,0.024766817102743,0.0075580217,0.017208795408321233,0.0127022602853013,0.0042992933,0.008402967013104053
standard_NN,5,175,3,321,29.097526462261825,29.176474,-0.07894715529188545,116.3901058490473,117.05101,-0.6609042827886356,261.87773816035644,266.16513,-4.287392454877931,465.5604233961892,476.23953,-10.679109074513917,8.511144075118383e-06,0.0008156805,-0.0008071693392809998,2.725751783619145e-06,0.00045408646,-0.00045136070932083345
standard_NN,5,175,3,322,7.593919151651635,8.504873,-0.910954124105201,30.37567660660654,34.633698,-4.258020903159085,68.34527236486471,75.74767,-7.4024006698032565,121.50270642642616,135.6447,-14.14199267025353,0.0001911250209663,-0.00060654595,0.0007976709665957775,8.624322031994738e-05,-0.00035267288,0.0004389161036293713
standard_NN,5,175,3,323,8.599959126471477,8.9186,-0.31864095592598396,34.39983650588591,35.13958,-0.7397432670633108,77.39963213824329,77.488304,-0.08867199994030273,137.59934602354363,140.87238,-3.2730294647376184,0.0008660307616892,0.0022060692,-0.0013400384227779964,0.0004284060834188,0.00095926237,-0.0005308562848504647
standard_NN,5,175,3,324,6.929553255474268,7.038557,-0.10900379713803687,27.71821302189707,27.791325,-0.07311159358144437,62.36597929926842,68.13826,-5.772280588426895,110.87285208758829,108.13351,2.7393453126859413,0.0012047397312182,0.0036031296,-0.0023983899164539764,0.0004367115094644,0.0022581434,-0.00182143187827049
standard_NN,5,175,3,325,6.426156437982037,5.5618443,0.8643120890745664,25.70462575192815,21.588915,4.115710880712328,57.83540794183834,46.43559,11.399819105168419,102.8185030077126,79.51793,23.300573930564155,0.0064396615284435,0.0013959447,0.0050437167896829095,0.0036335959839936,0.00059053034,0.0030430656434338194
standard_NN,5,175,3,326,8.42516544590078,8.449938,-0.02477237453379111,33.70066178360312,32.18787,1.5127917579683512,75.82648901310701,72.319275,3.5072141107632575,134.80264713441247,136.231,-1.4283556732047202,0.0007848245484217,0.00012771388,0.0006571106685020891,0.0004344438365734,-0.0003488561,0.0007832999271414061
standard_NN,5,175,3,327,4.412935087080895,3.8982244,0.5147107332906122,17.65174034832358,15.641396,2.0103447794759255,39.71641578372805,37.27056,2.445854565466334,70.60696139329433,60.872383,9.734578275618546,0.0101735870547631,0.010308001,-0.0001344141356608656,0.0047730152429422,0.005664633,-0.0008916178783992673
standard_NN,5,175,3,328,7.5170823389073185,6.6734924,0.8435899072666935,30.06832935562928,27.089956,2.978373072059945,67.65374105016586,62.832138,4.821602988642425,120.2733174225171,102.153,18.120317544587408,0.0001234324607741,0.0019119575,-0.0017885250546295283,5.293154619055565e-05,0.0015410468,-0.0014881152287555975
standard_NN,5,175,3,329,4.07272597176347,4.1806197,-0.10789374488081727,16.29090388705388,19.235401,-2.9444972665105738,36.65453374587123,47.504936,-10.850402472390492,65.16361554821552,75.31914,-10.15552202502667,0.0043887952069441,0.0074921814,-0.0031033861724039397,0.0022654600870637,0.003821308,-0.0015558479390265644
standard_NN,5,175,3,330,4.869981394099291,5.6566854,-0.7867039582261484,19.479925576397164,23.498283,-4.018357809833304,43.82983254689363,53.25861,-9.428777224834889,77.91970230558866,91.58897,-13.669264064040249,0.0037529335838289,0.007996561,-0.004243627421882655,0.0020964863951937,0.004559138,-0.0024626514632567127
standard_NN,5,175,3,331,2.740416792064702,1.6192956,1.121121194988286,10.961667168258808,7.171831,3.7898360372773627,24.66375112858232,18.61298,6.050771239666304,43.84666867303523,32.090225,11.75644345330867,0.0027541455695849,0.007990663,-0.005236517370261616,0.0011736569136816,0.0044621183,-0.00328846134688082
standard_NN,5,175,3,332,4.689752631874905,3.8305817,0.8591709668358423,18.75901052749962,17.352713,1.4062978962740331,42.20777368687415,37.235775,4.971998692977664,75.03604210999848,65.800156,9.235886470350039,0.0002595489832989,0.003635441,-0.003375891969776986,0.0001464727695583,0.0017498625,-0.0016033896815480099
standard_NN,5,175,3,333,8.291061477848935,7.692891,0.5981703569382901,33.16424591139574,32.937447,0.22679931715745738,74.61955330064042,74.12993,0.4896247117732315,132.65698364558295,124.700806,7.9561779815204545,0.0012329691118306,0.0033085085,-0.0020755394333296937,0.0004500177181865,0.0019208577,-0.0014708399814014413
standard_NN,5,175,3,334,3.914186503897979,5.1786094,-1.264422867287324,15.656746015591915,19.539085,-3.8823393725916784,35.227678535081814,41.546253,-6.318574669263889,62.62698406236766,77.619896,-14.992911872690932,0.0009288848416438,1.8193141e-05,0.000910691700712256,0.0004453038831807,-0.00030022848,0.0007455323624990207
standard_NN,5,175,3,335,25.1328188831624,22.833614,2.299204533797166,100.53127553264956,91.97501,8.556261799739403,226.19536994846155,207.55544,18.639934767797484,402.1251021305983,366.8555,35.26960286302017,0.0001903026817388,0.00062366226,-0.00043335957582824806,0.0001077115960306,-4.390941e-05,0.00015162100706398265
standard_NN,5,175,3,336,6.472741479369782,8.165058,-1.692316656616546,25.89096591747913,30.58828,-4.697313806641965,58.25467331432804,74.295334,-16.04066054797665,103.56386366991651,129.32297,-25.75910385938036,0.0021580220898634,0.0066073937,-0.004449371644293685,0.0012516940494875,0.0033527126,-0.0021010185575236987
standard_NN,5,175,3,337,2.19318210332456,0.98177344,1.2114086672550717,8.772728413298237,4.5292892,4.2434391676927685,19.738638929921034,5.372394,14.366244844990614,35.09091365319295,18.665405,16.42550837975545,0.0044848797070244,0.038949903,-0.03446502339370459,0.0022966476773838,0.019875329,-0.017578681310453037
standard_NN,5,175,3,338,3.760549761403825,3.5547976,0.2057521120202801,15.0421990456153,16.411695,-1.3694964347313796,33.84494785263442,33.792744,0.05220416977309128,60.1687961824612,62.282463,-2.1136668912692684,0.0104211646201969,0.0079698255,0.0024513390916348302,0.0049680812583918,0.0042848573,0.0006832239517623809
standard_NN,5,175,3,339,2.1208016388357214,1.9086518,0.21214981006985223,8.483206555342885,6.1040382,2.379168316817495,19.087214749521493,15.664318,3.4228966648046963,33.93282622137154,32.20038,1.732447803402792,0.0041512323247282,0.00728761,-0.003136377531847527,0.0022118948623552,0.0039203023,-0.0017084073983118855
standard_NN,5,175,3,340,11.216034534800285,11.212667,0.0033670695903236236,44.86413813920113,46.631413,-1.7672743669023845,100.94431081320252,107.84125,-6.89693674539123,179.45655255680452,185.03224,-5.575689264484538,0.0002783640115919,0.0012286396,-0.0009502756115583295,0.0001038740526446,0.0012091484,-0.0011052743860027895
standard_NN,5,175,3,341,9.523504006513493,10.07645,-0.5529463413868978,38.09401602605397,40.348446,-2.254429866280013,85.71153605862143,93.543526,-7.831989637179348,152.37606410421589,157.77806,-5.401996808870052,0.0003770117774633,0.00303604,-0.0026590283367755583,0.0001433844429987,0.0017863374,-0.0016429529074964595
standard_NN,5,175,3,342,7.993521538074312,7.4014344,0.592087116535005,31.974086152297247,30.153976,1.820109711867559,71.9416938426688,64.937225,7.004468500871923,127.896344609189,123.02078,4.875562138485876,0.0020092433294752,-0.0003409267,0.002350170023227608,0.0009171361231079,-0.00035166566,0.0012688017810528773
standard_NN,5,175,3,343,7.185916582313517,5.748061,1.437855402198771,28.74366632925407,23.960768,4.782898583282389,64.67324924082166,54.496925,10.176323886817755,114.97466531701627,91.122406,23.8522593111569,0.000724750190758,0.00080320914,-7.84589520014423e-05,0.0003352589269806,0.0007009973,-0.00036573837812204637
standard_NN,5,175,3,344,5.949236483628002,6.3850126,-0.4357761430199476,23.796945934512006,26.965015,-3.1680694768649467,53.54312835265202,67.79016,-14.247032780160481,95.18778373804804,111.08717,-15.899389723866022,0.0013048736344554,0.0073529095,-0.006048035904439492,0.0005244939810539,0.0038559397,-0.003331445740634728
standard_NN,5,175,3,345,4.286441707300471,4.923101,-0.6366592410332697,17.145766829201882,21.199465,-4.0536979687717505,38.57797536570424,44.798897,-6.220921423846541,68.58306731680753,80.08864,-11.505570988856533,0.0028437688609027,0.0042299675,-0.0013861986214853197,0.0011295705838431,0.0019955134,-0.0008659428646485925
standard_NN,5,175,3,346,8.163261684614895,7.7168527,0.4464090196673851,32.65304673845958,30.652222,2.0008250587720795,73.46935516153405,66.70721,6.762148435459835,130.61218695383832,117.80149,12.810696170146912,0.0006425122506983,0.0028107613,-0.0021682490818136016,0.0003663341015629,0.0017007428,-0.001334408650728362
standard_NN,5,175,3,347,12.883432675947349,15.393456,-2.5100237830980614,51.53373070378939,61.796135,-10.26240424494108,115.95089408352612,145.87758,-29.92668465182544,206.13492281515755,242.92145,-36.7865249387487,0.0003697011528619,0.001396822,-0.0010271208917639783,0.0001240212290362,0.0010787859,-0.0009547646337374568
standard_NN,5,175,3,348,4.100810975148651,4.0100064,0.0908045473837582,16.403243900594603,15.052254,1.3509901774500719,36.90729877633785,31.980446,4.926852914521447,65.61297560237841,62.904045,2.708930497397944,0.0051249133027013,0.004366348,0.0007585652707930261,0.0023572391470778,0.0018875754,0.00046966377309292685
standard_NN,5,175,3,349,2.419211174485898,1.7885165,0.6306946530320405,9.676844697943592,11.489174,-1.8123291912165644,21.77290057037308,16.38419,5.388710964660188,38.70737879177437,36.633507,2.0738720168720235,0.0054717198955274,0.0074043027,-0.0019325828170024973,0.0025762914917015,0.0036502683,-0.0010739768152541952
standard_NN,5,175,3,350,10.701749523630667,11.968427,-1.266677180776071,42.80699809452268,49.238052,-6.431054273641379,96.31574571267602,108.81558,-12.499836562714606,171.2279923780907,198.21333,-26.98534075179211,0.0003357821321661,-0.0020542422,0.002390024316551757,0.0001657417502941,-0.0013648275,0.00153056925560696
standard_NN,5,175,3,351,5.433973803652028,5.409299,0.02467490686247764,21.73589521460812,23.306917,-1.571021975943637,48.905764232868265,59.915276,-11.009511340862204,86.94358085843245,89.38948,-2.4458997323878577,0.0066122651851279,0.011104195,-0.00449193019359286,0.0023796932777824,0.0065621417,-0.004182448423796694
standard_NN,5,175,3,352,2.136630823486991,1.8280115,0.3086193107306432,8.546523293947963,5.492197,3.0543262572047993,19.229677411382923,7.6798663,11.549811097448597,34.186093175791854,23.386765,10.799328649424666,0.0158240593542591,0.043946024,-0.028121964676187907,0.0072251565747535,0.022172498,-0.01494734101066234
standard_NN,5,175,3,353,10.22038488143885,11.097106,-0.8767210984805835,40.8815395257554,45.5403,-4.658758936158662,91.98346393294966,104.04024,-12.056773493808151,163.5261581030216,174.98877,-11.4626114282284,0.0005267987235059,0.0012729119,-0.0007461131808738254,0.0001789723380297,0.0008504776,-0.0006715052670970981
standard_NN,5,175,3,354,1.9188923441770207,1.8816705,0.03722186917091719,7.675569376708085,6.370672,1.3048971507559362,17.27003109759319,14.257313,3.0127183229349868,30.70227750683234,30.878494,-0.17621675586297414,0.0641427245157604,0.02676735,0.03737537378248022,0.0363574218060066,0.01401092,0.02234650161668556
standard_NN,5,175,3,355,12.472953922845315,12.064665,0.40828908214707305,49.89181569138127,48.051243,1.8405728630121274,112.25658530560786,110.502975,1.7536098417406691,199.56726276552507,187.16891,12.398347970603197,0.0006398875407585,0.0015616834,-0.0009217958290419484,0.0003565750539497,0.0009648822,-0.0006083071475654382
standard_NN,5,175,3,356,23.06371404912152,22.235184,0.828530333301206,92.25485619648607,88.623,3.6318550978532613,207.57342644209368,198.02983,9.54359550947649,369.0194247859443,351.1178,17.901626934381795,0.0002587365177103,-0.0003139733,0.0005727098048307615,0.0001278170349477,-0.000519625,0.0006474420626117058
standard_NN,5,175,3,357,5.191202419256093,4.549186,0.6420161895502821,20.76480967702437,19.172115,1.592694351096636,46.72082177330484,45.167458,1.5533641927384352,83.05923870809748,72.39604,10.663196837980294,0.0029997506386853,0.008484129,-0.0054843782239341,0.0012198964747667,0.0049968427,-0.003776946229946645
standard_NN,5,175,3,358,3.14052122039465,4.49466,-1.354138680270633,12.5620848815786,17.68595,-5.123864443982923,28.26469098355185,34.19695,-5.932258021575102,50.2483395263144,66.5059,-16.257557995658253,0.0018825751160689,0.0017093632,0.00017321192561167514,0.0009466412469067,0.0005360382,0.0004106030558489583
standard_NN,5,175,3,359,1.6540475738506275,1.6852612,-0.031213675691608822,6.616190295402511,4.4556503,2.160539965812667,14.886428164655651,9.6378975,5.248530673200573,26.464761181610044,26.09687,0.3678907592467624,0.0461993728288602,0.031057786,0.015141586632389938,0.0243109014885833,0.016066777,0.008244124900024151
standard_NN,5,175,3,360,2.7895649287222253,3.3874831,-0.5979181912423743,11.1582597148889,11.667217,-0.5089575397497725,25.106084358500027,27.59082,-2.484735953999973,44.6330388595556,48.07817,-3.44513191681159,0.0087248079923793,0.005401585,0.003323223206947676,0.0038664131840396,0.0032300109,0.0006364023262339902
standard_NN,5,175,3,361,8.146968797944385,10.28482,-2.137850805021923,32.58787519177754,40.985657,-8.397781546503708,73.32271918149948,93.18054,-19.85782281068802,130.35150076711017,164.40973,-34.05822823679608,0.0011731766291016,-0.0005479993,0.00172117591240045,0.0005947282754285,-0.00037801673,0.0009727450071302913
standard_NN,5,175,3,362,13.72963166740321,13.730112,-0.0004804084024545574,54.91852666961284,55.75546,-0.8369321621742714,123.5666850066289,126.389366,-2.822681143273442,219.67410667845127,220.57639,-0.9022788195956082,0.000537533282369,-0.0021976323,0.0027351656156327547,0.0002435671379168,-0.0012792799,0.0015228470768157806
standard_NN,5,175,3,363,22.97014234412599,23.925505,-0.9553623403222531,91.88056937650396,98.21191,-6.331337056601512,206.7312810971339,221.66396,-14.932674591342675,367.5222775060158,388.18414,-20.661865560390424,3.608331315385241e-05,0.0012418197,-0.0012057363870723353,1.276374887125046e-05,0.000701869,-0.000689105274161236
standard_NN,5,175,3,364,33.94399390623123,28.360256,5.583737711162868,135.7759756249249,113.80487,21.97110501945616,305.495945156081,257.3662,48.12973421858101,543.1039024996996,450.86288,92.24101797821527,0.0001051702643172,0.00029946095,-0.00019429068878431578,4.906070200792836e-05,0.000103491475,-5.443077286638929e-05
standard_NN,5,175,3,365,11.574694418145098,14.454961,-2.880266404913984,46.29877767258039,57.182323,-10.883545783230154,104.17224976330589,127.83905,-23.666800529662865,185.1951106903216,224.34804,-39.152927029404964,0.001246911715037,0.000117757576,0.0011291541391013158,0.000582441557453,-0.00014386803,0.0007263095912271972
standard_NN,5,175,3,366,11.111649989126107,11.425691,-0.3140406618138343,44.44659995650443,45.76451,-1.317911151894009,100.00484990213496,101.79473,-1.7898812380017546,177.7863998260177,183.52611,-5.739707962068223,0.0030103932686571,0.0016996905,0.0013107027944598316,0.0018462842544907,0.0007296315,0.0011166527383395697
standard_NN,5,175,3,367,5.112735297639341,4.9603214,0.15241387124773986,20.45094119055737,20.255157,0.19578371985424425,46.01461767875407,48.006416,-1.9917986420467102,81.80376476222946,76.352615,5.45114940578415,0.0041105317156919,0.018692492,-0.014581959860383655,0.0017673698049026,0.010061101,-0.008293731251732779
standard_NN,5,175,3,368,3.534246373168988,1.6335449,1.9007014512939882,14.136985492675953,7.4308033,6.706182193725757,31.808217358520896,19.801659,12.006558728149802,56.54794197070381,34.602783,21.94515876757881,0.011593305426342,0.03161162,-0.020018315953510293,0.0056135265043575,0.016020892,-0.010407365683595494
standard_NN,5,175,3,369,4.658699263837465,3.9465327,0.7121665375496233,18.63479705534986,13.848885,4.785912472830329,41.92829337453718,39.299263,2.6290303740489023,74.53918822139944,56.72445,17.8147390636846,0.005238960458891,0.009795431,-0.004556470588786994,0.0023920016429377,0.0053844857,-0.0029924840600239833
standard_NN,5,175,3,370,11.583148866195224,11.21361,0.36953917076065323,46.332595464780894,45.58432,0.7482753964215192,104.248339795757,107.61943,-3.3710907462351827,185.3303818591236,186.82796,-1.4975752941967073,0.0029823553508093,-6.19155e-05,0.0030442708542748704,0.0016667297371465,-0.0001569459,0.0018236756353440912
standard_NN,5,175,3,371,2.6455149580159483,2.9818616,-0.33634663332316306,10.582059832063791,12.751019,-2.1689586921061306,23.809634622143538,25.632782,-1.8231473602783375,42.32823932825517,45.92325,-3.5950089627604527,0.0170143613615865,0.037823528,-0.020809166689789844,0.0093805202821647,0.019226803,-0.00984628223083865
standard_NN,5,175,3,372,9.749012535703995,9.526792,0.22222096313319462,38.99605014281598,39.29923,-0.30317852539690904,87.74111282133596,91.260185,-3.5190724203632584,155.98420057126393,156.03703,-0.05283250979076115,9.141732939538696e-06,0.0026004892,-0.0025913474513208296,3.243150471924133e-06,0.0020503132,-0.0020470700168020743
standard_NN,5,175,3,373,4.939297936506591,4.701663,0.237634919233642,19.757191746026365,17.596004,2.1611872599423805,44.45368142855933,44.059822,0.3938593460397968,79.02876698410546,69.629295,9.399471634984366,0.002114203923569,0.0062614437,-0.004147239795698845,0.0007737493998735,0.0035586928,-0.002784943355304117
standard_NN,5,175,3,374,7.018500883352095,6.930028,0.08847292162113796,28.07400353340838,28.461357,-0.3873535832908388,63.16650795016885,67.009186,-3.8426778408467754,112.29601413363352,112.913246,-0.6172320211516364,0.0131405287505453,0.006146066,0.006994462859756268,0.0066336897636095,0.0035886497,0.0030450400864968016
standard_NN,5,175,3,375,22.260983640669348,22.173344,0.08763998222208258,89.04393456267739,89.4427,-0.3987686843929197,200.34885276602407,200.9098,-0.5609525318274962,356.1757382507096,350.32648,5.849261199928378,0.00058135320887,0.0015021951,-0.0009208419314768847,0.0003167682552121,0.0008084596,-0.0004916913349770589
standard_NN,5,175,3,376,12.6267080345084,14.146128,-1.5194196662972637,50.5068321380336,59.832188,-9.325355514554289,113.6403723105756,133.48328,-19.8429040566119,202.0273285521344,231.11736,-29.09002679454528,5.963062597727358e-05,0.0016066551,-0.001547024448306207,1.9912099545971687e-05,0.0009159447,-0.0008960325931327779
standard_NN,5,175,3,377,7.544442164024071,7.630039,-0.08559705106381976,30.177768656096283,31.207901,-1.030132344880279,67.89997947621664,69.17997,-1.2799903113810132,120.71107462438512,122.62871,-1.917633261357068,0.0009993773425788,0.002140459,-0.0011410815634905979,0.0005338276039891,0.0014166365,-0.0008828089104883318
standard_NN,5,175,3,378,2.22174795745561,2.8089094,-0.5871614587431204,8.88699182982244,10.676405,-1.7894131231804895,19.99573161710049,19.999847,-0.004115795008885925,35.54796731928976,42.73857,-7.190603847702427,0.0117537590207847,0.029651657,-0.01789789772607962,0.0057968016391225,0.015286257,-0.009489454920070636
standard_NN,5,175,3,379,6.8806313221121975,7.7489614,-0.8683301265572361,27.52252528844879,30.741333,-3.21880771936371,61.925681899009774,69.09968,-7.173996140541007,110.09010115379516,122.951744,-12.861642925794683,0.002477923105611,0.0034845935,-0.0010066703659011985,0.0011302277153225,0.0015320958,-0.00040186811835902386
standard_NN,5,175,3,380,1.950991301639846,2.7895718,-0.838580460445115,7.803965206559384,13.49971,-5.695744876448429,17.558921714758615,22.86792,-5.308998207116385,31.21586082623753,51.609833,-20.393971937434344,0.2652438052430529,0.045934748,0.2193090573385138,0.1328213469111404,0.02323686,0.10958448732132525
standard_NN,5,175,3,381,12.472014774530264,13.154563,-0.6825481756040137,49.888059098121055,53.83251,-3.944452803734414,112.24813297077236,129.63585,-17.387716028251077,199.55223639248425,207.75275,-8.200510189547003,0.0017475911916761,0.0008873625,0.0008602286723969777,0.0006429509236189,0.000672124,-2.9173053364229986e-05
standard_NN,5,175,3,382,6.07435702558408,6.456258,-0.3819007945453148,24.29742810233632,27.140676,-2.843248396076767,54.66921323025672,59.902676,-5.233462398405386,97.18971240934528,104.36397,-7.1742554861625365,0.000575566861573,0.00035342504,0.00022214181886925227,0.0002174043030753,0.00012667815,9.072615572206809e-05
standard_NN,5,175,3,383,8.952744941107538,10.303039,-1.3502936559993959,35.81097976443015,40.39662,-4.585641939671412,80.57470446996784,95.46406,-14.88935345239544,143.2439190577206,163.86299,-20.61907227528721,0.0012894528978122,0.0028626486,-0.0015731956749605413,0.0006647072140355,0.001364161,-0.0006994538135599008
standard_NN,5,175,3,384,3.321862933128952,3.4971972,-0.17533421805512983,13.287451732515809,14.592012,-1.304560672879699,29.89676639816057,36.98824,-7.091472890169509,53.14980693006324,53.04689,0.1029166712741798,0.0091345300601452,0.00800786,0.0011266702489584092,0.0046316663256239,0.0041568032,0.0004748630790363849
standard_NN,5,175,3,385,7.663507105849908,7.127052,0.5364552755581595,30.65402842339964,27.611883,3.0421452599474925,68.97156395264918,61.650043,7.321520465100349,122.61611369359854,115.547455,7.06865885961416,0.0028689954720368,0.00036867498,0.002500320487835011,0.0016843627789936,-7.636725e-06,0.0016919995040521464
standard_NN,5,175,3,386,23.18838305931266,18.280872,4.9075107143419565,92.75353223725064,73.838776,18.914756602485014,208.695447533814,165.65622,43.039228051392115,371.01412894900255,294.77466,76.23947074587755,4.97774073308724e-05,0.0013790175,-0.0013292400779747946,2.83063006833003e-05,0.0005355679,-0.0005072615724742605
standard_NN,5,175,3,387,4.391115487818064,5.0919476,-0.7008320677239279,17.564461951272257,20.59222,-3.0277583551242273,39.52003939036258,40.978977,-1.458937813006564,70.25784780508903,77.82321,-7.565363864832847,0.0011849056479953,-0.0006671662,0.0018520718456677863,0.0006144092041771,-0.00083006907,0.0014444782720650618
standard_NN,5,175,3,388,3.348609665301315,2.0137377,1.334871986773483,13.39443866120526,6.2754498,7.118988908397643,30.13748698771184,20.283058,9.854428821207932,53.57775464482104,34.05509,19.522662786910885,0.0017514331099489,0.015677523,-0.013926089757969114,0.0007556508890755,0.008284433,-0.0075287819244497
standard_NN,5,175,3,389,4.003939030150839,4.630533,-0.62659418823295,16.015756120603356,18.678354,-2.6625981427023078,36.03545127135756,41.423996,-5.388544700322129,64.06302448241343,73.73542,-9.672395744637356,0.0047906325620542,0.005776686,-0.0009860535661747032,0.0020189047888626,0.0030547006,-0.0010357957701425413
standard_NN,5,175,3,390,4.172321394699771,4.08358,0.08874137760992706,16.689285578799083,16.718939,-0.029653248715565184,37.550892552297945,37.912872,-0.3619797621551797,66.75714231519633,60.257286,6.499856243418989,0.0185906884095657,0.014668156,0.003922532016693365,0.0093384558077723,0.0075313323,0.0018071234900325743
standard_NN,5,175,3,391,3.2311092512039945,2.8777971,0.353312124433975,12.924437004815978,13.720524,-0.7960868294125376,29.079983260835952,28.700367,0.3796162869589992,51.69774801926391,45.43129,6.26645834641235,0.0018812001668996,0.0038549919,-0.0019737917012387133,0.0008302833059693,0.001957554,-0.0011272705985342839
standard_NN,5,175,3,392,17.061946746455813,19.118582,-2.0566350253947725,68.24778698582325,76.871376,-8.623589051774402,153.55752071810232,172.54294,-18.98541751431955,272.991147943293,303.03836,-30.04721265241011,0.0005843964567078,0.0016683463,-0.0010839498905794972,0.0002862804951791,0.0011514917,-0.000865211159857707
standard_NN,5,175,3,393,11.390821846645991,13.088237,-1.697414962130864,45.56328738658397,52.21208,-6.648790707898449,102.51739661981394,116.320625,-13.803228685361844,182.2531495463359,206.65935,-24.406197987843797,0.0003079587942317,-0.0014303343,0.0017382930847212544,0.0002106635431538,-0.0012239473,0.0014346108139271512
standard_NN,5,175,3,394,11.877593698904665,13.957011,-2.0794175239346906,47.51037479561866,56.69563,-9.185254324254387,106.898343290142,128.27477,-21.376421724506443,190.04149918247464,222.62422,-32.582722619283174,7.433700839591353e-05,0.0021796108,-0.0021052737673877444,2.8138746357786715e-05,0.0017443183,-0.0017161795414618371
standard_NN,5,175,3,395,15.9045775084573,15.05942,0.8451578764992913,63.6183100338292,60.612827,3.005482732803806,143.1411975761157,135.70404,7.437157048771951,254.4732401353168,240.87393,13.59930825055116,8.304473068819628e-05,0.0025706217,-0.002487576938604254,4.759184450739252e-05,0.0014688721,-0.001421280224873785
standard_NN,5,175,3,396,5.705486860312443,5.6011095,0.10437735561273609,22.82194744124977,21.050213,1.771734581142347,51.34938174281199,46.493153,4.856229124403789,91.28778976499908,85.71353,5.574258270858451,0.0129033103232296,0.003572688,0.009330622350892593,0.0074198264456097,0.001872904,0.005546922428973388
standard_NN,5,175,3,397,14.021322337124378,17.723124,-3.7018012132906613,56.08528934849751,69.20226,-13.116973529920458,126.1919010341194,160.37152,-34.17961996197435,224.34115739399004,274.77615,-50.43499617046308,0.0020194303772175,0.00017918203,0.0018402483521956265,0.0010477655170096,-0.00011582009,0.0011635856072960337
standard_NN,5,175,3,398,2.5416947678303097,2.3462343,0.1954604462360714,10.16677907132124,9.885721,0.2810578646562014,22.87525291047279,26.68401,-3.8087566415291647,40.66711628528496,39.96814,0.6989766368474619,0.0173237832254538,0.009658829,0.007664953916407532,0.007294745375962,0.0055833003,0.0017114451207229904
standard_NN,5,175,3,399,10.087561187101244,10.202901,-0.1153396994344007,40.350244748404975,41.74899,-1.398744356819634,90.7880506839112,96.104485,-5.316433874194274,161.4009789936199,163.23866,-1.8376837261066612,0.0006188251757838,0.0020481762,-0.001429351071842743,0.0002694587426852,0.0015011383,-0.0012316795793701398
standard_NN,5,175,3,400,3.5251992913509334,3.0706296,0.4545696946407283,14.100797165403732,10.839592,3.261205185423263,31.7267936221584,25.548363,6.178430890224806,56.40318866161493,49.64528,6.757909730950864,0.0118676329446304,0.021160807,-0.009293174515916094,0.005678566432419,0.01117408,-0.005495513529655756
standard_NN,5,175,3,401,5.131653706318986,5.4271145,-0.2954607803753495,20.526614825275946,20.218323,0.3082920713696957,46.18488335687088,46.12397,0.06091332513259573,82.10645930110378,78.81184,3.2946230584280016,0.0028215365585674,0.0013085522,0.0015129843362410023,0.0015179839195243,0.00050199346,0.0010159904580122707
standard_NN,5,175,3,402,6.7239933116782,6.38361,0.3403835399496842,26.8959732467128,25.20876,1.687213938851471,60.5159398051038,59.688198,0.8277417155041888,107.5838929868512,100.57489,7.009002850132447,0.0021453345610188,0.0024399927,-0.0002946581741435773,0.0009250958530255,0.0014741233,-0.0005490274786926468
standard_NN,5,175,3,403,7.443883455816558,7.602121,-0.15823742049569756,29.77553382326624,31.207409,-1.4318750817630566,66.99495110234903,71.06506,-4.0701123742134655,119.10213529306492,123.52892,-4.42678774160305,0.0006688984808327,0.002767919,-0.002099020616263028,0.0002307007610794,0.0016162,-0.001385499205440671
standard_NN,5,175,3,404,13.24383405236694,13.491301,-0.24746653051880152,52.97533620946776,54.9463,-1.9709642971240342,119.19450647130245,123.7248,-4.530293638560835,211.90134483787105,217.2589,-5.357551036152387,0.0012496031265076,0.00230188,-0.0010522767991457385,0.0006006001288903,0.0011311697,-0.00053056960190711
standard_NN,5,175,3,405,15.0739806231415,17.230734,-2.156753248318461,60.295922492566,66.39537,-6.099447990832438,135.6658256082735,151.3642,-15.698371169070242,241.183689970264,270.94864,-29.764948945751627,0.0005756027839364,0.0024735532,-0.00189795039303289,0.0002927287939649,0.0009447186,-0.0006519898081485257
standard_NN,5,175,3,406,5.541332666019742,5.196874,0.34445852432662694,22.16533066407897,19.814013,2.3513181366131484,49.87199399417768,48.577522,1.2944717163456474,88.66132265631587,79.93855,8.722769799870562,0.0042377742035613,0.004801052,-0.0005632779532744941,0.0019930162853602,0.0022876705,-0.0002946542189415863
standard_NN,5,175,3,407,7.813126362029707,7.046215,0.7669113046566602,31.25250544811883,27.582155,3.6703502204576957,70.31813725826737,61.613945,8.704192250943152,125.01002179247531,109.97524,15.03477917772922,0.0006352701833627,0.0026645218,-0.0020292516188540684,0.0003478241656446,0.0014142959,-0.0010664717023721793
standard_NN,5,175,3,408,17.040054383733615,17.243462,-0.2034072251531036,68.16021753493446,66.725945,1.4342730158914918,153.36048945360253,154.96475,-1.6042627436630994,272.64087013973784,279.19568,-6.554808571199658,0.0001559688580704,0.00100459,-0.0008486210963207218,5.6649850911800906e-05,0.00076230464,-0.0007056547894632769
standard_NN,5,175,3,409,21.027723915675555,23.967213,-2.9394887613263982,84.11089566270222,96.12146,-12.01056429823528,189.24951524108,214.41432,-25.164806658334072,336.4435826508089,378.03464,-41.591054800363,0.0002019222767886,0.00057575596,-0.00037383367886280246,7.920678583010414e-05,0.00032335694,-0.0002441501583062174
standard_NN,5,175,3,410,4.013049917661316,4.0034466,0.00960333868182417,16.052199670645262,17.116968,-1.0647684842619647,36.11744925895184,36.34124,-0.2237906702473822,64.20879868258105,62.654778,1.5540211557255788,0.0079939804653201,0.017510885,-0.009516904907437812,0.004300733039607,0.009517082,-0.0052163489735827925
standard_NN,5,175,3,411,29.25139495170068,25.543432,3.707962715982905,117.00557980680271,98.45594,18.549639560220683,263.2625545653061,214.70424,48.558315673704556,468.0223192272109,401.86716,66.15516224478904,2.1605208344533897e-05,0.0035780007,-0.0035563954936193676,1.511103039440526e-05,0.001494762,-0.0014796509916538297
standard_NN,5,175,3,412,6.231982721210787,5.531774,0.7002086771739213,24.927930884843143,22.22655,2.7013817362835724,56.08784449089708,45.940548,10.147296547781849,99.71172353937258,84.19433,15.517395231267116,0.0004838403459334,0.0016440095,-0.0011601691454953328,0.0001708146381893,0.00097535236,-0.000804537724540309
standard_NN,5,175,3,413,20.30416014568943,23.643381,-3.3392209730849842,81.21664058275772,93.815384,-12.598743328375093,182.7374413112049,215.33702,-32.59957956281855,324.8665623310309,380.9382,-56.071639573266,0.0001555644141844,-0.0006273992,0.0007829636035820927,5.183607571379122e-05,-0.00012729701,0.00017913308691785512
standard_NN,5,175,3,414,3.991235087045202,2.8775764,1.1136587358794303,15.964940348180804,13.358545,2.606395044836077,35.92111578340681,34.125336,1.7957800900474368,63.85976139272322,50.680374,13.17938724721541,0.0106668275453801,0.01685144,-0.006184612526679531,0.0041595206675923,0.009504112,-0.005344591747423398
standard_NN,5,175,3,415,3.762099285859775,3.932146,-0.17004678652792027,15.0483971434391,15.60977,-0.561372677727892,33.858893572737976,33.244564,0.6143295163414919,60.1935885737564,60.17057,0.023018200221244456,0.0243707623426507,0.0050230343,0.019347728053171444,0.0123444705483083,0.002507948,0.009836522464505242
standard_NN,5,175,3,416,6.396507538299827,6.3066216,0.08988598678615478,25.586030153199307,24.850998,0.7350322283946191,57.56856784469844,60.3707,-2.802132991483198,102.34412061279724,101.23482,1.1093031079144282,0.001023794217149,0.0015168658,-0.0004930715820545151,0.0004344804456207,0.00087064586,-0.00043616541552068364
standard_NN,5,175,3,417,24.908560761138546,25.27835,-0.36979006893957944,99.63424304455418,99.39651,0.23773578137058848,224.1770468502469,218.49094,5.686110570950035,398.53697217821673,395.75912,2.777847422357354,2.7152195966694383e-05,-0.0010707125,0.0010978646561716533,1.5638908897241834e-05,-0.00090476347,0.0009204023755758016
standard_NN,5,175,3,418,3.622819326203278,3.9428258,-0.32000646801669275,14.491277304813112,14.668158,-0.1768802727015366,32.605373935829505,32.880337,-0.27496282564510466,57.96510921925245,55.65503,2.3100799223774473,0.0032581506491461,0.004238177,-0.0009800264417371548,0.0019707628195269,0.0017138066,0.0002569561726508628
standard_NN,5,175,3,419,5.823496162508097,4.295555,1.5279410477620035,23.29398465003239,19.15577,4.138215301887858,52.41146546257288,44.881844,7.529621895678346,93.17593860012956,71.18366,21.992276185578774,0.0003374277845345,0.0013989673,-0.001061539561642005,0.0001762236527486,0.0009919693,-0.000815745600187942
standard_NN,5,175,3,420,13.442647356529804,14.567187,-1.1245399527353328,53.770589426119216,56.46043,-2.689840719144456,120.98382620876824,128.89098,-7.907149743380202,215.0823577044769,229.08047,-13.998117149038734,0.000173101544734,-0.003955476,0.004128577530737876,9.474766856658512e-05,-0.002475985,0.0025707327616088394
standard_NN,5,175,3,421,13.20282695903578,14.886329,-1.6835017381688093,52.81130783614312,58.032978,-5.221670221718206,118.82544263132203,131.93584,-13.110394160670154,211.2452313445725,228.71754,-17.472313211091574,0.0004074747434155,0.0014177959,-0.0010103211512520062,0.0001945881127969,0.0004506939,-0.00025610577299887207
standard_NN,5,175,3,422,12.4082680968916,11.916492,0.491775634733397,49.6330723875664,48.905975,0.7270970457695256,111.6744128720244,109.542336,2.1320773617704987,198.5322895502656,189.58194,8.950349852999977,5.550270640361247e-05,0.00046041165,-0.00040490894838166296,2.9073950366307377e-05,0.0002607602,-0.00023168624239302768
standard_NN,5,175,3,423,15.657620587848484,17.541891,-1.8842705101739767,62.63048235139394,70.71833,-8.087848031906844,140.91858529063637,158.33688,-17.418298254285503,250.5219294055757,275.72836,-25.206433631533685,0.0004056509514723,-0.0010570108,0.001462661793959516,0.0001948710923974,-0.00066091504,0.0008557861365337453
standard_NN,5,175,3,424,30.369378416441368,26.957464,3.4119141983017194,121.47751366576549,107.23012,14.247395867913923,273.3244057479723,241.06148,32.26292808683951,485.9100546630619,424.80417,61.10588596189001,0.0001736481748859,0.0010234627,-0.0008498145658185172,8.197315548142494e-05,0.0005035546,-0.00042158143549630344
standard_NN,5,175,3,425,18.40985773802792,18.70855,-0.2986917614837985,73.63943095211167,73.06348,0.5759543896116668,165.68871964225127,169.95432,-4.265595543295603,294.55772380844667,293.33984,1.2178800584466671,0.0012131926510766,-0.00293829,0.004151482544867679,0.0007046677832091,-0.0019138762,0.002618543939531758
standard_NN,5,175,3,426,7.962514534245007,6.8038735,1.1586409952740597,31.850058136980028,29.220686,2.6293721781177233,71.66263080820507,67.63667,4.025957834572253,127.40023254792013,111.226364,16.17386841217794,0.0021292008821284,0.003260511,-0.0011313100915039355,0.0008820786195463,0.0020601728,-0.0011780942269945087
standard_NN,5,175,3,427,4.93945710779292,4.412289,0.5271679651842778,19.75782843117168,17.015417,2.742411332172658,44.45511397013629,43.83204,0.6230750907417573,79.03131372468673,64.72568,14.30563623445235,0.0040634340343154,0.009245912,-0.005182477578791328,0.0017823490318078,0.0047470373,-0.0029646882783454457
standard_NN,5,175,3,428,5.406593487330929,5.14211,0.26448361642028484,21.62637394932372,21.388325,0.2380492117748929,48.65934138597837,50.921444,-2.262102553230612,86.50549579729487,85.897575,0.6079204188769012,0.0452556505234549,0.0048482404,0.04040741011440849,0.0249833880349037,0.0029798353,0.0220035527723816
standard_NN,5,175,3,429,5.032734798598193,6.4325852,-1.399850440812207,20.130939194392774,25.41193,-5.280990889835742,45.29461318738374,61.765427,-16.47081344835845,80.5237567775711,103.12984,-22.606080258561718,0.0527325291980679,0.009712041,0.043020487842398404,0.0280424458243544,0.0053219786,0.022720467232971896
standard_NN,5,175,3,430,2.2921031718585905,3.3581648,-1.06606161543389,9.168412687434362,13.104918,-3.9365048388107553,20.628928546727312,28.572384,-7.943455333887922,36.67365074973745,50.64734,-13.973688117450052,0.000827930204897,0.005168507,-0.004340576670737194,0.0004397163492773,0.0028825249,-0.002442808509882885
standard_NN,5,175,3,431,8.012834254898625,6.3598685,1.6529657284398844,32.0513370195945,28.124752,3.9265849749167643,72.11550829408762,61.5147,10.6008064508259,128.205348078378,111.17767,17.027674738534245,8.43507535088772e-05,0.001987863,-0.0019035123456936365,3.136059652294892e-05,0.0012390218,-0.0012076611778584503
standard_NN,5,175,3,432,4.87041750536382,4.5720515,0.2983659802478531,19.48167002145528,17.163448,2.318221687715045,43.833757548274384,42.743965,1.0897923993486032,77.92668008582112,68.11625,9.810431001348462,0.0022401708723474,0.0068346453,-0.0045944744175803204,0.0011450869957384,0.0036633525,-0.0025182654620680683
standard_NN,5,175,3,433,7.615479703964523,6.7083826,0.9070970974581751,30.46191881585809,26.955015,3.506903633362974,68.5393173356807,59.24044,9.298876967028363,121.84767526343236,98.073135,23.774539887455802,0.0049301660602497,0.00309092,0.001839246133487119,0.0029673878912868,0.0017503852,0.0012170027353854873
standard_NN,5,175,3,434,7.830061576607795,6.9156833,0.9143783071070626,31.32024630643118,28.851112,2.4691339407085238,70.47055418947016,64.177826,6.292728261735789,125.28098522572472,104.44792,20.833063472795033,0.0003260114475939,0.0025531058,-0.0022270943723764693,0.0001169534807633,0.0017333251,-0.0016163715918008847
standard_NN,5,175,3,435,10.577914324117138,12.540852,-1.9629372689004398,42.31165729646855,50.468094,-8.15643657560176,95.20122891705424,110.634056,-15.432827174254356,169.2466291858742,204.33763,-35.091002039711725,0.0028044481142366,-0.0014673502,0.004271798286115534,0.0015324955834848,-0.0011201388,0.002652634380462499
standard_NN,5,175,3,436,13.967727128471353,13.881821,0.08590644976041517,55.87090851388541,55.142555,0.7283532770690044,125.70954415624216,126.77144,-1.0618944423906527,223.4836340555416,215.82881,7.654822410033773,0.0005507475492208,0.0023664976,-0.0018157500977964405,0.0002665142823246,0.0014214918,-0.0011549775659802678
standard_NN,5,175,3,437,16.080892427224747,16.598133,-0.5172406599334565,64.32356970889899,67.44112,-3.117546624108826,144.7280318450227,154.24469,-9.516658096383537,257.29427883559595,265.5066,-8.212312961279054,5.1585769511530256e-05,0.0017701217,-0.0017185359743910338,1.866593633812685e-05,0.0013348318,-0.0013161658807374834
standard_NN,5,175,3,438,10.205851138918396,9.2565565,0.9492946279931029,40.823404555673584,36.42133,4.402075057382568,91.85266025026556,86.26423,5.588431429464777,163.2936182226943,144.87543,18.418190976600556,0.0008900654564501,0.0021547482,-0.001264682731881623,0.0004301743748636,0.0010743059,-0.0006441314770801909
standard_NN,5,175,3,439,2.579492868283253,2.7929182,-0.2134253369779775,10.317971473133012,12.777355,-2.459383720958785,23.21543581454928,26.47499,-3.2595550301772818,41.27188589253205,47.37262,-6.1007337363742025,0.0042785846806067,0.011536604,-0.007258019112895154,0.0029207484083382,0.0061694863,-0.0032487379168959747
standard_NN,5,175,3,440,15.295850253234365,16.005598,-0.7097478150029399,61.18340101293745,66.84556,-5.662157153566454,137.66265227910927,150.69206,-13.02941009882042,244.7336040517498,262.58984,-17.856239698250192,6.571178458610668e-05,0.0012989149,-0.0012332031117381704,2.358489638227267e-05,0.0003840156,-0.0003604307168532606
standard_NN,5,175,3,441,7.594309143157296,7.8030825,-0.2087733229681925,30.377236572629183,30.80811,-0.43087271081808254,68.34878228841566,74.46353,-6.114749205724962,121.50894629051672,122.88215,-1.3732024521590631,0.0010797519905775,0.0031330779,-0.0020533258823395564,0.0003824792851575,0.00164846,-0.0012659807640246765
standard_NN,5,175,3,442,6.898629995739067,6.7590947,0.13953528062065867,27.594519982956268,25.697119,1.897401223800994,62.0876699616516,56.552795,5.534874551495349,110.37807993182508,108.59456,1.7835212160047718,0.0008214035569459,0.003156594,-0.0023351904438108405,0.0004513707610513,0.0014121587,-0.0009607879544873806
standard_NN,5,175,3,443,7.777813007403506,6.7882977,0.9895153542052642,31.111252029614025,28.646236,2.465015609936291,70.00031706663157,64.51584,5.484478443584692,124.4450081184561,108.46864,15.976364929979539,0.0002737979672987,0.0015939598,-0.0013201617833089097,9.723717577735458e-05,0.0011030944,-0.0010058572539316628
standard_NN,5,175,3,444,2.2007365036084017,1.0879154,1.112821083076175,8.802946014433607,7.222416,1.580530090361341,19.806628532475614,13.277294,6.529334373540067,35.21178405773443,20.113098,15.098685913203177,0.0727254122373275,0.019676886,0.053048525738399424,0.0324434627858249,0.0105746435,0.021868819285675647
standard_NN,5,175,3,445,1.5685480449592062,2.246573,-0.678024926384788,6.274192179836825,10.690485,-4.416292820773527,14.116932404632855,18.331509,-4.214576231841754,25.0967687193473,34.426003,-9.329233783094107,0.0425297231493675,0.038100094,0.004429629546233348,0.0267211607510996,0.019562416,0.0071587449724626676
standard_NN,5,175,3,446,6.279253966662661,6.3471327,-0.06787871613763219,25.117015866650643,24.451498,0.6655178350344322,56.51328569996395,56.095222,0.4180632268194202,100.46806346660256,94.11807,6.349990956836933,0.0014386584783782,0.0037426143,-0.002303955816955424,0.0005717533138448,0.0019862393,-0.0014144860244488717
standard_NN,5,175,3,447,11.667032511335082,14.348756,-2.6817233251517347,46.66813004534033,57.80107,-11.13294112165186,105.00329260201572,136.39615,-31.392856079624906,186.6725201813613,233.024,-46.351481893834006,3.284845874449921e-05,0.0009323347,-0.0008994862306789426,1.11500591916143e-05,0.00051924645,-0.0005080963858458103
standard_NN,5,175,3,448,5.106397401966825,5.2503085,-0.14391111167453285,20.4255896078673,20.754824,-0.32923407682508454,45.95757661770143,43.522564,2.4350126833752554,81.7023584314692,79.39166,2.310695833812943,0.0052983523610702,0.00214391,0.0031544424392005643,0.0028186679489898,0.00067847886,0.002140189092418781
standard_NN,5,175,3,449,7.833954736792751,7.3696947,0.46426002701491864,31.335818947171003,30.355146,0.980672539089948,70.50559263113476,70.31164,0.19395475271679175,125.343275788684,113.651665,11.691611054797278,0.0007715231481899,0.0026875425,-0.0019160193182568572,0.000286712801252,0.0017168482,-0.0014301354287374094
standard_NN,5,175,3,450,9.536844296526269,10.611727,-1.074882464337989,38.14737718610508,42.409058,-4.261680431082418,85.83159866873642,99.79203,-13.960431665736238,152.5895087444203,169.95941,-17.36990287667345,0.0052137357944636,0.0010956174,0.004118118371629561,0.0031964129327083,0.00040329818,0.0027931147512266405
standard_NN,5,175,3,451,29.347593248471984,26.339132,3.008460939512023,117.39037299388794,101.99779,15.392585518301999,264.1283392362479,223.23404,40.89429992960726,469.56149197555175,409.54184,60.01965237594237,1.9941814951186552e-05,0.0027782137,-0.002758271889053697,1.0716534372491029e-05,0.0010458028,-0.001035086306590515
standard_NN,5,175,3,452,7.024433946896661,7.470463,-0.44602885217560484,28.097735787586643,29.819538,-1.721802328868435,63.21990552206995,64.65069,-1.4307826493167681,112.39094315034656,116.391685,-4.000742335493285,0.0006015883217477,-0.00042623817,0.0010278264916413224,0.0002761832250864,-0.0007119252,0.0009881084364489407
standard_NN,5,175,3,453,9.42359914975412,8.42718,0.9964188595319516,37.694396599016486,35.425793,2.2686039049246887,84.8123923477871,83.28942,1.5229712662441273,150.77758639606594,141.36604,9.41154330524563,0.0002970198177279,0.00017910845,0.00011791136718942123,0.0001501162824136,7.128471e-05,7.883157198399117e-05
standard_NN,5,175,3,454,1.3550370193236496,1.5777783,-0.2227413200623367,5.420148077294599,7.1254025,-1.705254373266924,12.195333173912848,9.159374,3.0359589368523014,21.6805923091784,23.08162,-1.4010269535169115,0.0863990689536571,0.024225812,0.06217325654830927,0.0410992394309355,0.012515612,0.028583627484352704
standard_NN,5,175,3,455,5.821228998938319,6.277971,-0.45674179192471787,23.28491599575328,24.059322,-0.7744063614244538,52.39106099044488,55.55986,-3.16879923904731,93.13966398301312,93.47693,-0.3372647279243779,0.0032302407516443,0.0030294098,0.00020083095564477288,0.001322795934052,0.0018231928,-0.0005003968775190617
standard_NN,5,175,3,456,9.625133837918709,9.773312,-0.1481777770715258,38.500535351674834,41.331203,-2.830668109018525,86.62620454126838,98.52383,-11.897622057852715,154.00214140669934,152.98352,1.0186208988868373,0.0004583349412275,0.0011438478,-0.0006855128837781506,0.0001570040989499,0.0009737563,-0.0008167522097174617
standard_NN,5,175,3,457,4.735142021518095,4.793203,-0.05806085552658313,18.94056808607238,19.082901,-0.1423329149041841,42.61627819366286,41.031303,1.5849747879011389,75.76227234428951,76.74707,-0.9847979682104864,0.0007423741963538,0.0024406621,-0.0016982879269090822,0.0004112411618153,0.0010306386,-0.0006193974193265295
standard_NN,5,175,3,458,12.048392902965476,14.443167,-2.3947738298226096,48.1935716118619,57.99775,-9.804177716751383,108.43553612668929,128.89438,-20.45884253542009,192.7742864474476,228.60419,-35.829900564271156,0.0007814990602717,0.00023348232,0.0005480167381981584,0.0003719255023311,3.0738887e-05,0.0003411866150413282
standard_NN,5,175,3,459,21.13947754683293,18.945353,2.1941249925116395,84.55791018733171,75.229095,9.32881472834734,190.2552979214964,170.16219,20.093112252551094,338.23164074932686,306.0871,32.14454358135811,0.0001067076321749,-0.0050083026,0.005115010261168888,6.163865240561377e-05,-0.0026386057,0.0027002443085079133
standard_NN,5,175,3,460,4.8769701280652855,4.82047,0.05650027180307848,19.507880512261146,19.976362,-0.4684817161324091,43.892731152587565,43.34238,0.5503506289059246,78.03152204904457,78.27973,-0.24820970144371302,0.0001906628125155,-0.0007137784,0.0009044412393862038,7.088385859241336e-05,-0.00016858743,0.00023947128897269814
standard_NN,5,175,3,461,2.592798600128094,3.5515723,-0.9587737227173649,10.371194400512376,12.659006,-2.287811718262038,23.33518740115285,25.706264,-2.3710770946967585,41.48477760204951,49.415726,-7.930948105958301,0.0090755145328503,0.020275503,-0.011199988864137615,0.0038401099670633,0.010270308,-0.006430197804798253
standard_NN,5,175,3,462,5.047077164491515,4.6223235,0.4247536514605095,20.18830865796606,18.723335,1.46497339185278,45.423694480423634,43.881786,1.5419081339880876,80.75323463186425,70.09686,10.656371838895495,0.0135994968639527,0.014459904,-0.0008604074193324408,0.0065182318301061,0.007292596,-0.0007743643275341184
standard_NN,5,175,3,463,4.555845678326203,4.8981233,-0.34227758598654123,18.22338271330481,18.97867,-0.7552874069344462,41.00261110493583,41.406086,-0.4034748630817475,72.89353085321925,75.871704,-2.9781732483432535,0.0012804621025684,-0.001177965,0.0024584270674499393,0.0005698445171372,-0.0009669567,0.0015368012396872943
standard_NN,5,175,3,464,5.0040551643863145,4.9992003,0.004854820300621121,20.01622065754525,19.28626,0.7299600526868524,45.03649647947683,42.217762,2.818734486068628,80.06488263018103,79.862946,0.2019370735404067,0.0032740799087478,0.0058742217,-0.0026001417700754325,0.001792921318311,0.0031472791,-0.0013543578268850802
standard_NN,5,175,3,465,17.331254318865753,18.284101,-0.9528471673403018,69.32501727546301,72.3961,-3.071085629810426,155.98128886979177,162.75905,-6.777759592122294,277.30006910185205,290.33783,-13.037760487991704,0.0002682890698234,-0.001102126,0.001370415040470139,0.0001486359574875,-0.0005447656,0.0006934015723919633
standard_NN,5,175,3,466,23.66891828777028,21.964775,1.7041432023210596,94.67567315108111,87.70248,6.97319664961627,213.02026458993248,192.98398,20.036286318448106,378.70269260432445,353.2638,25.438898659011954,3.470749587365628e-05,0.0050433096,-0.0050086021517162654,1.730134464464268e-05,0.0025926216,-0.002575320259336018
standard_NN,5,175,3,467,8.501309975549521,9.610518,-1.10920847995585,34.005239902198085,37.41541,-3.410169185936681,76.5117897799457,83.19117,-6.67937995882383,136.02095960879234,154.61807,-18.597112900973286,0.0011451639476688,0.001767156,-0.000621991999494901,0.0005537797495862,0.000673324,-0.00011954423653432204
standard_NN,5,175,3,468,11.469806764163344,12.29058,-0.820773031674058,45.87922705665337,50.371468,-4.492240533678661,103.22826087747008,112.11182,-8.883555528779922,183.51690822661348,195.01746,-11.50054782807402,0.0004717387290034,-0.00012003143,0.0005917701581088382,0.0002600780237704,0.000164647,9.54310192033133e-05
standard_NN,5,175,3,469,3.846689483651373,2.8541737,0.9925158233730529,15.386757934605493,11.932295,3.454463089024438,34.620205352862364,29.409153,5.211052368243223,61.54703173842197,49.403152,12.143879272601659,0.0187798117190261,0.015824946,0.0029548660754819024,0.0100230414065008,0.008822704,0.0012003376724605396
standard_NN,5,175,3,470,2.589188253216009,2.9471617,-0.3579734212835026,10.356753012864038,13.759041,-3.402287819655493,23.302694278944088,26.57125,-3.2685566365832557,41.42701205145615,49.21881,-7.791798983700097,0.0023732021398305,0.013257539,-0.01088433675994882,0.0013896212446625,0.0070183314,-0.005628710193640494
standard_NN,5,175,3,471,5.15406776380301,4.910079,0.2439887614226386,20.61627105521204,18.636177,1.9800939922237575,46.38660987422709,38.36418,8.022428355672403,82.46508422084815,72.12749,10.337597038230967,0.002279303530853,0.0016074537,0.0006718498474617865,0.0010623916237312,0.0006475748,0.00041481684415364665
standard_NN,5,175,3,472,6.533364890638045,6.83898,-0.3056153072684493,26.13345956255218,25.866463,0.26699685503264803,58.8002840157424,57.026012,1.774271595088102,104.53383825020872,108.93134,-4.397504828404564,0.000526063695466,0.0014105553,-0.0008844916318451582,0.0002858742152763,0.00031605887,-3.018465233469098e-05
standard_NN,5,175,3,473,12.793028341790706,13.861446,-1.0684180388245288,51.17211336716282,55.750324,-4.578210882104756,115.13725507611636,129.07765,-13.940396901422702,204.6884534686513,221.7562,-17.067741599708086,0.0001420508456987,0.00050038635,-0.00035833550229550835,4.691146235487304e-05,0.00019465794,-0.00014774648085662284
standard_NN,5,175,3,474,9.757580841633295,11.385403,-1.627821837810064,39.03032336653319,46.788982,-7.758659024824233,87.81822757469968,108.86988,-21.051653101569855,156.12129346613276,192.4949,-36.37361009832037,0.0002016789333795,-0.00030073128,0.0005024102104727913,8.415177550027412e-05,-0.0001698184,0.0002539701814935569
standard_NN,5,175,3,475,9.3116812821914,9.459544,-0.14786289963233124,37.2467251287656,38.72377,-1.4770450128359656,83.8051315397226,89.18706,-5.381925955394593,148.9869005150624,151.57324,-2.5863416724376123,0.0018770066558112,0.0004467566,0.0014302500526149366,0.0007147755018495,0.00060147594,0.0001132995599009073
standard_NN,5,175,3,476,4.871440727523472,2.511333,2.3601077387844587,19.48576291009389,10.48719,8.998572663511858,43.84296654771125,32.671688,11.171278467877265,77.94305164037556,47.765266,30.177785221918526,0.0077700990431565,0.006225107,0.0015449922711211397,0.0043934870187507,0.0031961892,0.0011972978387341827
standard_NN,5,175,3,477,4.600168998009698,4.3577704,0.24239855504705154,18.400675992038792,17.937216,0.4634601869850812,41.40152098208728,41.82825,-0.4267299029224887,73.60270396815517,68.70881,4.893895069229387,0.0021523140169207,0.00993857,-0.007786255722540245,0.0014421525489619,0.005262915,-0.0038207624960610647
standard_NN,5,175,3,478,2.7365041701286192,3.1661258,-0.4296216042549257,10.946016680514475,14.043293,-3.097276318753103,24.628537531157576,25.43966,-0.8111215874947675,43.78406672205791,49.400772,-5.616705372668655,0.0058070149575364,0.0063810255,-0.0005740105803120725,0.002608548026528,0.0032301676,-0.0006216195263007889
standard_NN,5,175,3,479,13.867832764128174,15.033567,-1.1657346644606932,55.471331056512696,60.348236,-4.876905027471679,124.81049487715356,135.1609,-10.350409053510504,221.8853242260508,236.21602,-14.330694450707,0.0002829612411815,0.0011480486,-0.0008650873142969536,0.0001309241807784,0.000245924,-0.00011499981053666682
standard_NN,5,175,3,480,9.365056110978236,8.921749,0.44330699598800116,37.46022444391295,35.613728,1.8464968743328711,84.28550499880416,78.75363,5.531873407007282,149.8408977756518,138.99815,10.84274408912836,0.0010476305274464,0.0016629279,-0.0006152973851017843,0.000452907289197,0.0006623409,-0.00020943360980108167
standard_NN,5,175,3,481,4.672145588555732,3.3036838,1.3684618307737493,18.688582354222927,14.718845,3.969736986791286,42.04931029700159,34.789684,7.259626001347293,74.75432941689171,55.70932,19.045009348532332,0.0011512595625123,0.0046878085,-0.003536548891524413,0.0005579646993235,0.0029515354,-0.0023935706969544046
standard_NN,5,175,3,482,18.04491169621069,20.350668,-2.305756257280521,72.17964678484276,82.06114,-9.881495182930678,162.4042052658962,184.17123,-21.76702886496318,288.71858713937104,329.1757,-40.457102557894586,7.961404994813343e-05,0.00142214,-0.0013425259988686666,2.536399801157736e-05,0.00091934984,-0.00089398584283061
standard_NN,5,175,3,483,11.858555658889498,10.540199,1.3183563791043422,47.434222635558,41.62449,5.809733804991595,106.72700093000547,94.65088,12.076122023755474,189.736890542232,168.08781,21.649076211177317,5.065161545413394e-05,0.0020564888,-0.0020058371518121396,2.827322056235568e-05,0.0010822222,-0.0010539489896809887
standard_NN,5,175,3,484,4.274572875131773,4.2100663,0.06450655661981042,17.098291500527093,16.616785,0.48150645108861667,38.47115587618596,40.733734,-2.2625782546734143,68.39316600210837,66.327705,2.0654606188075917,0.0010266419836355,0.005633656,-0.004607013951890394,0.0003917176447685,0.0030548573,-0.0026631396092598202
standard_NN,5,175,3,485,18.642704432997824,21.23533,-2.5926261486672146,74.5708177319913,86.56529,-11.99447462640714,167.7843398969804,191.97826,-24.193916328605525,298.2832709279652,344.1419,-45.85863581031606,2.2776345948410984e-05,0.0042689857,-0.004246209361364411,7.212722337110209e-06,0.002495225,-0.0024880123309434818
standard_NN,5,175,3,486,5.983063624841268,5.8020754,0.1809882387939048,23.932254499365072,23.253824,0.6784302653562833,53.847572623571416,58.167023,-4.319450081506709,95.72901799746028,102.82633,-7.097314094824881,0.0011293563503629,0.007079212,-0.005949855644642708,0.0005113188035499,0.003627082,-0.003115763296588168
standard_NN,5,175,3,487,7.455756711300488,6.4678226,0.987934159573193,29.82302684520195,26.47708,3.3459474537224594,67.10181040170438,62.77146,4.330348914887978,119.2921073808078,101.63942,17.652687825143744,0.0001616645695494,0.00038759015,-0.00022592557614282928,6.92276303175298e-05,0.0005622556,-0.0004930279897075686
standard_NN,5,175,3,488,15.963023585895812,16.516506,-0.5534826091725478,63.852094343583246,64.85216,-1.000063249190191,143.66721227306232,146.91301,-3.245797370492369,255.40837737433296,260.76013,-5.351754461604543,0.000527439014806,5.408026e-05,0.0004733587536265211,0.0002567121024683,2.3122997e-05,0.00023358910553244626
standard_NN,5,175,3,489,9.050123738456378,11.420994,-2.3708700664752627,36.20049495382551,47.124325,-10.923829844758473,81.45111364610742,101.7674,-20.316289002818365,144.80197981530205,190.21341,-45.41142960852608,0.000190123235559,0.00014870775,4.1415482162406974e-05,8.167704772703131e-05,-9.09582e-05,0.00017263524905346115
standard_NN,5,175,3,490,6.024240923737268,5.6130004,0.41124053082344947,24.09696369494907,22.336573,1.7603910478543447,54.21816831363542,48.570972,5.6471958710084635,96.38785477979629,87.58844,8.799414838390035,0.0002251900884384,0.0005907037,-0.0003655135945355809,8.111090485903164e-05,0.0004599596,-0.00037884870923158984
standard_NN,5,175,3,491,3.065720658779973,3.171401,-0.10568036508477308,12.262882635119892,15.548674,-3.28579099464085,27.59148592901976,30.601429,-3.009943056575942,49.05153054047957,54.281357,-5.229826271043869,0.0095350828270864,0.020330312,-0.010795228903417636,0.0042832921269601,0.010633706,-0.006350413988226115
standard_NN,5,175,3,492,7.968024073862097,7.583481,0.38454323890115916,31.872096295448387,29.07387,2.7982265902481913,71.71221666475887,65.88627,5.825948049036214,127.48838518179356,113.14201,14.346371631988873,0.0033646581469745,0.0033696918,-5.0336347251576236e-06,0.0016706080945524,0.001932072,-0.00026146389298712974
standard_NN,5,175,3,493,10.107433286483412,11.522576,-1.4151430456088736,40.429733145933646,48.234818,-7.805084358949166,90.9668995783507,107.886505,-16.91960554860242,161.71893258373458,194.80852,-33.0895848723201,0.0012127582198013,0.0019311523,-0.000718394086695797,0.0006490456458574,0.0009981493,-0.0003491036308536467
standard_NN,5,175,3,494,16.997503871649254,16.469938,0.527565593451012,67.99001548659702,65.06791,2.9221062458743603,152.9775348448433,147.80057,5.176967217890166,271.96006194638807,258.51724,13.442819514747441,0.0005272895416928,-3.0500594e-05,0.0005577901359137391,0.0002607974185064,-0.00030621875,0.0005670161646246475
standard_NN,5,175,3,495,7.73184203994365,7.856169,-0.12432718384175079,30.9273681597746,30.171022,0.7563457446134656,69.58657835949286,66.42896,3.1576156519733303,123.7094726390984,126.830315,-3.120841997132075,0.0001029039879054,-8.089446e-05,0.00018379844845777205,5.7616094548844535e-05,-0.00029741123,0.00035502732307895346
standard_NN,5,175,3,496,8.2774721584624,7.38407,0.8934022388762184,33.1098886338496,30.44842,2.6614690629267486,74.4972494261616,68.602234,5.895015539442852,132.4395545353984,120.25543,12.18412240649215,0.0004807379311623,0.0018979644,-0.0014172264625577308,0.0001686017289916,0.00093541166,-0.0007668099338030497
standard_NN,5,175,3,497,5.704889133459517,5.9636593,-0.25877015303950657,22.819556533838067,22.675648,0.14390879824236436,51.34400220113565,56.46541,-5.121406124059661,91.27822613535228,86.71661,4.561612365821034,0.0025300261310039,0.0036006353,-0.0010706092019828126,0.0012861460798805,0.0019889418,-0.0007027957236940621
standard_NN,5,175,3,498,10.773340529433431,12.250339,-1.4769980249488928,43.09336211773373,51.13304,-8.039679264102205,96.9600647649009,118.740395,-21.78032982738425,172.37344847093493,198.95381,-26.58036317457288,0.000697826499233,0.0007819028,-8.40763113256767e-05,0.0002714411497357,0.0006664499,-0.0003950087444615852
standard_NN,5,175,3,499,8.851418923480306,7.865994,0.9854249468872887,35.405675693921225,32.70085,2.7048242534915374,79.66277031132276,73.20795,6.45482353397901,141.6227027756849,127.76749,13.855216203419275,0.0003208457310582,0.002683508,-0.0023626622459953233,0.0001443250593749,0.0016675816,-0.001523256555663316
standard_NN,5,175,3,500,6.536964629818418,6.814484,-0.2775194895968651,26.147858519273672,26.573956,-0.42609701661499955,58.83268166836576,56.75365,2.079031003082555,104.59143407709468,115.741356,-11.149921818901419,0.000349084565059,0.00012221116,0.00022687340457150466,0.0001856378518482,-0.00017105124,0.00035668909609963003
standard_NN,5,175,3,501,37.123406383208525,29.524948,7.598458263091338,148.4936255328341,115.26187,33.23175419494348,334.11065744887674,257.9942,76.11645578872049,593.9745021313364,464.8821,129.09239153563328,5.2788917078620174e-05,-0.0019767957,0.002029584644465691,2.751713052672088e-05,-0.0015585072,0.001586024341101765
standard_NN,5,175,3,502,11.468765948749056,9.2850685,2.183697436786165,45.87506379499622,37.7691,8.105963605787238,103.2188935387415,84.01165,19.20724345329228,183.5002551799849,146.78378,36.716472221000515,1.1167985842777043e-05,-0.001360405,0.0013715729894947537,6.312840898354442e-06,-0.0006459857,0.0006522985513329701
standard_NN,5,175,3,503,7.746600842449795,7.9259796,-0.1793787718080173,30.98640336979918,31.649542,-0.6631384850592177,69.71940758204816,70.15319,-0.43378303074480584,123.94561347919672,129.43318,-5.4875682834985895,0.0004651016052427,-0.00066978694,0.0011348885446401543,0.0001686797427585,-0.00068158156,0.0008502613004868502
standard_NN,5,175,3,504,5.813857737183127,5.836684,-0.0228264898066195,23.255430948732503,23.360882,-0.10545085668741905,52.32471963464815,53.358295,-1.0335758060256808,93.02172379493004,95.16402,-2.1422929287027728,0.0006383992138725,0.0017597217,-0.001121322450839333,0.0003789683646119,0.00026317767,0.00011579069127950684
standard_NN,5,175,3,505,7.558766223228334,6.977918,0.5808480751875624,30.235064892913336,28.577961,1.6571039248957575,68.028896009055,64.33237,3.6965290656956284,120.94025957165334,111.55662,9.383641834836936,0.0008979711003423,0.0027402313,-0.001842260242271397,0.0003111290301485,0.00150294,-0.0011918109354274334
standard_NN,5,175,3,506,2.052027990911536,1.9912667,0.06076126346402644,8.208111963646141,7.1552467,1.0528652290270006,18.46825191820382,15.816837,2.6514146074128035,32.832447854584565,31.316124,1.5163238921822213,0.0088355464550535,0.008906516,-7.09697914441313e-05,0.0043816524740428,0.0047161994,-0.0003345468830197786
standard_NN,5,175,3,507,5.4491535196174725,5.2289233,0.22023019884720885,21.79661407846989,21.303223,0.4933914222198901,49.042381676557255,48.419014,0.6233676995064741,87.18645631387956,82.87571,4.310746780188154,0.0050243116478958,0.0042001577,0.0008241539384760731,0.0021513013277229,0.0024136938,-0.0002623924877468418
standard_NN,5,175,3,508,11.824797694684513,12.874915,-1.050117428301327,47.29919077873805,51.449623,-4.150432329172105,106.42317925216062,117.18942,-10.766243355261253,189.1967631149522,204.67651,-15.479750556922795,0.0002660740552655,-0.00055587455,0.0008219486022552986,0.0001125498461792,-4.566868e-05,0.00015821852555603127
standard_NN,5,175,3,509,38.47489175071352,33.135868,5.339023678203752,153.89956700285407,130.55783,23.341736192307195,346.2740257564217,303.7379,42.53611071735918,615.5982680114163,532.35394,83.24432514032253,7.688122123916642e-05,0.0018067553,-0.0017298740961358976,2.353435482123847e-05,0.0015378913,-0.0015143569828267955
standard_NN,5,175,3,510,20.16198609182005,21.019781,-0.8577950208508476,80.6479443672802,82.24811,-1.6001635428760466,181.45787482638048,188.75475,-7.296870657017962,322.5917774691208,336.24493,-13.653156612910436,0.0006472006502847,0.0019150833,-0.0012678826165099816,0.0003365394546811,0.0003619612,-2.5421741495607725e-05
standard_NN,5,175,3,511,7.596354706749549,6.1525383,1.4438164071890025,30.3854188269982,26.467491,3.9179276770958573,68.36719236074595,58.371754,9.995438668118993,121.5416753079928,105.2058,16.335872390512336,5.844647627194301e-05,0.0015288873,-0.0014704408347247086,2.0830772031916287e-05,0.0008835549,-0.0008627241513162125
standard_NN,5,175,3,512,38.507649234573634,23.946663,14.560986331741603,154.03059693829454,95.79961,58.23099061505235,346.5688431111627,210.86179,135.70705722249085,616.1223877531781,388.79144,227.3309448820844,6.012825594429279e-06,-7.4109776e-05,8.012260119072756e-05,3.468645947141803e-06,-0.00068741816,0.0006908868022506071
standard_NN,5,175,3,513,10.211456714067603,7.914504,2.2969526628591073,40.84582685627042,32.576927,8.268899671211827,91.90311042660844,72.06567,19.837444227877967,163.38330742508168,133.16682,30.21648308426137,0.0001312163511134,0.0035325957,-0.0034013793485396294,6.639760246715507e-05,0.0019280639,-0.0018616663219571952
standard_NN,5,175,3,514,11.395279411136956,13.4133625,-2.018083091914802,45.581117644547824,54.35152,-8.770402893782254,102.5575147002326,120.45387,-17.89635798043146,182.3244705781913,213.85446,-31.52999109173058,0.000265773124682,-0.0009527749,0.001218548016311815,0.0001109324342722,-0.0007717683,0.0008827007089892329
standard_NN,5,175,3,515,8.237774894631448,8.004905,0.23287014762217062,32.95109957852579,31.006483,1.9446165005228622,74.13997405168303,68.167915,5.972058707444745,131.80439831410317,131.80359,0.0008094469156674222,0.000633001030152,-0.00033485075,0.0009678517754276167,0.0002769351117803,-0.0005652007,0.000842135806616976
standard_NN,5,175,3,516,16.60656170031878,14.289235,2.3173265852675122,66.42624680127513,57.109406,9.316841283697002,149.45905530286902,125.19893,24.260126469861206,265.7049872051005,226.21669,39.488297141623946,2.397565110033093e-05,-0.0027320774,0.002756053031742626,1.4565290955339462e-05,-0.001352263,0.001366828323414062
standard_NN,5,175,3,517,4.516676120078229,4.202165,0.3145109932776915,18.066704480312914,15.904543,2.1621615573392816,40.65008508070406,39.311317,1.338767636856403,72.26681792125166,64.95642,7.310397022814158,0.0046846364608687,0.017664608,-0.012979971153410094,0.0020754051349244,0.0088830665,-0.0068076613404669875
standard_NN,5,175,3,518,9.519263440096095,9.953473,-0.43420965102939313,38.07705376038438,41.19394,-3.1168854485999944,85.67337096086484,91.72792,-6.054549571361719,152.30821504153752,163.83531,-11.527096848110915,0.0007035759723228,-0.001733179,0.002436754943658092,0.0003398238100473,-0.0011841342,0.0015239579720784141
standard_NN,5,175,3,519,16.594036884946302,16.344273,0.2497642714209114,66.37614753978521,64.469635,1.906512530019583,149.3463319645167,146.62486,2.72146929361827,265.50459015914083,251.4349,14.069684153281457,0.0003716415850141,0.00044195098,-7.030939369714743e-05,0.0001866722447355,6.374519e-05,0.00012292705620869078
standard_NN,5,175,3,520,8.737211694320672,10.017297,-1.2800850967559878,34.94884677728269,39.20037,-4.251524011291529,78.63490524888606,90.007484,-11.3725791871491,139.79538710913076,157.0722,-17.276817480712992,0.0002015693380491,0.0013489176,-0.001147348267306282,7.898039191072972e-05,0.0007882676,-0.000709287193538191
standard_NN,5,175,3,521,4.1256851748156125,5.140526,-1.0148406430554813,16.50274069926245,19.212177,-2.709436577348878,37.13116657334052,41.18554,-4.054372672264947,66.0109627970498,75.584816,-9.573853181954107,0.0009816144450834,0.0017563335,-0.0007747190681019818,0.0004582025484459,0.00079049554,-0.0003322929934321446
standard_NN,5,175,3,522,7.658164783935409,7.8848624,-0.226697639007706,30.63265913574164,30.980124,-0.3474643841558205,68.92348305541869,69.16689,-0.24340994995240806,122.53063654296656,119.08122,3.4494140087868743,0.0001531046516276,-0.0007658859,0.0009189905765480397,9.404109461986997e-05,-0.0007637531,0.0008577941744291184
standard_NN,5,175,3,523,13.969370536831208,15.60711,-1.6377394866673267,55.877482147324834,62.444447,-6.566964416395869,125.72433483148087,139.15677,-13.43243396734725,223.5099285892993,244.22464,-20.71471130327882,9.59059207991423e-05,0.0013564897,-0.0012605838027491508,5.154257423933925e-05,0.0004268234,-0.00037528081547710714
standard_NN,5,175,3,524,12.141775795501944,12.693885,-0.5521090540463955,48.56710318200778,51.5556,-2.988496030638707,109.27598215951753,116.39861,-7.122630816556693,194.2684127280311,203.26497,-8.996556144039204,0.0004865880755576,0.0013853793,-0.0008987912742552653,0.000232475000082,0.00064102083,-0.0004085458297073405
standard_NN,5,175,3,525,2.550028780916782,3.2279391,-0.6779103479589503,10.200115123667128,12.845682,-2.6455670204979107,22.950259028251043,28.056305,-5.106045903389582,40.80046049466851,46.800125,-5.999664627401799,0.0098959616075469,0.0075034513,0.0023925102937234384,0.0047377004384824,0.003952113,0.0007855874582954605
standard_NN,5,175,3,526,11.540201565621164,12.007527,-0.4673257857582307,46.160806262484655,47.472687,-1.3118805050934697,103.86181409059049,104.56309,-0.7012733727884211,184.64322504993865,186.11772,-1.4744965076785377,0.0001705391264895,0.00058660447,-0.00041606534017231086,9.286674920912932e-05,6.985505e-06,8.588124418492529e-05
standard_NN,5,175,3,527,9.459397345605629,10.771539,-1.3121413888304065,37.83758938242251,44.16464,-6.327049136864602,85.13457611045064,101.13511,-16.00053283730327,151.35035752969003,172.22246,-20.872100356052158,0.0031057405270782,0.0028295552,0.0002761853378412016,0.0013018344636597,0.001559041,-0.00025720651116592063
standard_NN,5,175,3,528,2.4668943649042228,1.7594075,0.7074868446100333,9.867577459616893,4.9729137,4.894663717551463,22.20204928413801,14.238163,7.963886289753244,39.47030983846757,28.586746,10.883563622647259,0.0126737241546779,0.02809276,-0.015419036438021151,0.0057742592397636,0.014530575,-0.008756315663128513
standard_NN,5,175,3,529,6.881763774309415,7.407035,-0.5252710996529872,27.52705509723766,28.816816,-1.2897612327183943,61.93587396878475,64.23595,-2.30007268648869,110.10822038895064,115.44013,-5.33191175216264,0.0075987050439174,-0.00086043426,0.00845913930227409,0.0044965519507555,-0.00032983965,0.004826391598503076
standard_NN,5,175,3,530,3.615736370530539,3.663599,-0.04786264375168736,14.462945482122157,16.832312,-2.3693661481268666,32.54162733477486,33.343475,-0.8018480070220164,57.85178192848863,63.003136,-5.1513537526637165,0.0031428726682898,0.0038833702,-0.0007404975300196216,0.0012340591756954,0.001819653,-0.0005855937951848699
standard_NN,5,175,3,531,7.169670764613766,8.20484,-1.0351689418071324,28.678683058455064,32.471146,-3.7924625714277482,64.5270368815239,71.63914,-7.112100386542508,114.71473223382026,132.26459,-17.549855168523493,0.0004201411645381,-0.00035112002,0.0007712611838696745,0.0002042139354975,-0.00047782075,0.0006820346867547407
standard_NN,5,175,3,532,9.053769032736689,9.403916,-0.35014732621106504,36.21507613094676,38.53979,-2.324714976230972,81.4839212946302,87.09025,-5.606326813279949,144.86030452378702,149.12794,-4.267640422502041,0.0015403369009138,-0.0002832401,0.001823577008733238,0.000916081516075,-0.00010245119,0.0010185327036334722
standard_NN,5,175,3,533,5.317715562221599,5.450899,-0.133183561923909,21.270862248886395,20.179136,1.091725972641278,47.85944005999439,50.622562,-2.7631223484528746,85.08344899554558,80.03976,5.043692220643237,0.0031645573634797,0.011304322,-0.008139764335364733,0.0017035607961663,0.0063990853,-0.004695524483387828
standard_NN,5,175,3,534,5.964191982230467,5.3704143,0.5937777251809067,23.85676792892187,22.197285,1.6594832304355407,53.677727840074205,47.99956,5.678166530259752,95.42707171568748,87.767365,7.65970721373435,0.000112928137489,0.0005818296,-0.00046890143833275733,5.05227186256896e-05,6.0123977e-05,-9.601258538349792e-06
standard_NN,5,175,3,535,5.57921110070059,6.316653,-0.737441674110201,22.31684440280236,23.277529,-0.9606843600150228,50.21289990630532,52.58302,-2.3701193502864797,89.26737761120944,92.65463,-3.387254957149935,0.0007397578116747,0.0018679646,-0.0011282068192718171,0.0004069847478263,0.0010528096,-0.0006458248985268256
standard_NN,5,175,3,536,5.980561924235108,5.2534103,0.727151584879639,23.92224769694043,21.11899,2.8032577524824234,53.82505731811597,45.670662,8.154395391846435,95.68899078776172,82.88117,12.807818607585943,0.0011721436464134,0.001991059,-0.0008189152862039066,0.0005231398582874,0.0011593979,-0.0006362580269159615
standard_NN,5,175,3,537,4.445327612947614,5.083841,-0.6385132340677666,17.781310451790457,19.076115,-1.2948042027505586,40.00794851652853,41.450638,-1.4426893008542834,71.12524180716183,73.60067,-2.4754280536780158,0.0021559424395956,0.0033937236,-0.0012377811898194352,0.0011027786523083,0.0017464657,-0.0006436870325377435
standard_NN,5,175,3,538,1.6551186929301422,-0.046548784,1.7016674767092865,6.620474771720569,1.5861666,5.034308151466052,14.89606823637128,3.8499103,11.046157977124453,26.48189908688228,7.4736643,19.008234803129838,0.0230164260534935,0.021642895,0.0013735306380682002,0.0116591744921663,0.011329848,0.00032932617287423187
standard_NN,5,175,3,539,16.99136160921159,18.64932,-1.6579589932054013,67.96544643684636,74.26496,-6.299514805829418,152.92225448290432,168.28056,-15.358308871587866,271.86178574738545,294.97247,-23.110687397145796,0.0003622750700869,-0.0017634912,0.002125766262919489,0.0001817700796606,-0.0009578498,0.0011396198644148168
standard_NN,5,175,3,540,6.694916618188316,7.600443,-0.9055262681642233,26.779666472753263,29.684618,-2.9049515234625574,60.25424956369485,69.52099,-9.26673890066062,107.11866589101304,115.5674,-8.448732180276025,0.0031711077184482,0.003149944,2.1163826535501324e-05,0.0017394723823967,0.0019206716,-0.00018119916909163994
standard_NN,5,175,3,541,7.978451738790416,7.9962263,-0.017774571939564332,31.913806955161665,32.007164,-0.0933570463031792,71.80606564911375,74.640366,-2.8342999514721896,127.65522782064666,122.568855,5.086372535002127,0.004854120570109,0.0036400605,0.0012140600242323777,0.0025081882478915,0.0022315234,0.00027666485330684427
standard_NN,5,175,3,542,7.834230773128736,7.536689,0.2975419685022711,31.336923092514944,31.407183,-0.07025960096650152,70.50807695815864,72.59366,-2.0855814891069855,125.34769237005978,121.44256,3.9051340814855564,0.0006470204361362,1.1930928e-05,0.0006350895081963705,0.0003350930743246,0.0002580512,7.704186610417771e-05
standard_NN,5,175,3,543,4.5540857316377,3.831993,0.7220926286103566,18.2163429265508,17.133417,1.0829257970341999,40.9867715847393,42.00348,-1.0167074191669485,72.8653717062032,66.21426,6.651115419582112,0.0072082890586085,0.009789814,-0.002581525182621988,0.0028057521070871,0.005794375,-0.002988623096462762
standard_NN,5,175,3,544,5.674429562320764,5.8004155,-0.12598595357889408,22.697718249283056,24.244339,-1.546620739974756,51.06986606088688,55.220623,-4.150756955470541,90.79087299713224,92.19829,-1.4074149667349474,0.0077256804218856,0.0053249854,0.00240069505557095,0.0037896862736146,0.0030308617,0.0007588245457212477
standard_NN,5,175,3,545,9.00914107418707,9.418169,-0.409027947419375,36.03656429674828,37.940216,-1.9036517677048437,81.08226966768363,88.08301,-7.000738144816367,144.14625718699313,143.78294,0.3633134614071878,0.0012092522581677,4.7909434e-06,0.0012044613147461601,0.0004631762803111,0.00031433918,0.00014883709983413648
standard_NN,5,175,3,546,12.945907244131933,13.991009,-1.0451015144129894,51.78362897652773,56.408436,-4.624806845005473,116.5131651971874,128.57118,-12.058017053789158,207.1345159061109,226.55055,-19.41603646205317,7.577755760771052e-05,-0.0008281905,0.0009039680314473511,4.647823319119343e-05,-0.0007675899,0.000814068129177214
standard_NN,5,175,3,547,3.328114398640752,3.7196126,-0.39149819977843725,13.312457594563009,16.59231,-3.2798523572192178,29.95302958776677,36.10774,-6.154708907106276,53.24983037825204,61.485123,-8.23529230241202,0.0145152561550858,0.016447565,-0.0019323084319112314,0.0071917821741861,0.009189947,-0.001998164402766834
standard_NN,5,175,3,548,6.430340719273352,6.0350766,0.3952641010787721,25.72136287709341,22.956842,2.764520454608057,57.87306647346017,56.728703,1.1443639282941547,102.88545150837363,92.234146,10.651305390209572,0.0027566815595487,0.0065968847,-0.0038402031306764245,0.0013443577526149,0.0030724388,-0.0017280810089770112
standard_NN,5,175,3,549,6.964034988096503,7.2066636,-0.24262862045452227,27.85613995238601,28.81345,-0.9573099072331317,62.67631489286854,64.88267,-2.2063526486353666,111.42455980954404,109.97745,1.4471122997784107,0.01046885872535,0.0016748358,0.008794022922362782,0.0050902681435385,0.0007720409,0.004318227224137748
standard_NN,5,175,3,550,1.641896009204116,0.71008974,0.9318062660667563,6.567584036816464,0.6910479,5.876536129940853,14.777064082837043,-0.4813885,15.258452592110572,26.27033614726585,12.090074,14.180262561755598,0.0452212868032776,0.037499487,0.007721799403222665,0.0246420056599265,0.019215327,0.005426678903687563
standard_NN,5,175,3,551,4.048919453589192,4.248158,-0.19923852446866963,16.195677814356767,15.892445,0.30323320376106366,36.440275082302726,38.620415,-2.1801396515839926,64.78271125742707,63.824142,0.9585688013723797,0.0077216486002886,0.008700528,-0.0009788795818007285,0.003949007532353,0.0046801325,-0.0007311249610237316
standard_NN,5,175,3,552,1.69896481582231,1.9003348,-0.20137001923018016,6.79585926328924,6.115549,0.6803101757648262,15.290683342400792,9.651211,5.639472557488682,27.18343705315696,29.740082,-2.556644733952414,0.0668823166447299,0.051114835,0.015767481799663835,0.0347879305254752,0.02602632,0.008761610813074763
standard_NN,5,175,3,553,8.091053394511503,7.753071,0.33798256321267495,32.36421357804601,31.381266,0.9829479377872232,72.81948055060353,70.5509,2.2685772302910294,129.45685431218405,121.573044,7.883810488941862,0.0016864639550526,0.0033332752,-0.001646811251334443,0.0008848199635591,0.0020126926,-0.0011278726611439497
standard_NN,5,175,3,554,8.337849791369003,8.348848,-0.010998551526505196,33.35139916547601,34.965416,-1.6140167891138333,75.04064812232103,77.50537,-2.4647229714289693,133.40559666190404,139.98146,-6.575863909385021,0.0011711922657764,0.0010831121,8.808017681301056e-05,0.0004474379094637,0.00035787176,8.956615071212883e-05
standard_NN,5,175,3,555,6.711276834660852,6.7848763,-0.07359951192728253,26.84510733864341,25.373098,1.472008965230323,60.40149151194768,60.291256,0.11023556101994814,107.38042935457364,101.95756,5.422871676350979,0.0019897118994155,0.0016095296,0.00038018229800546857,0.0009987672428167,0.00081202516,0.00018674208415062564
standard_NN,5,175,3,556,2.1152573676832973,1.5031152,0.6121421905287563,8.46102947073319,6.7195225,1.7415069945369002,19.03731630914968,6.3503146,12.687001691992698,33.84411788293276,21.845055,11.999063256467913,0.051363959467393,0.082997546,-0.03163358613254444,0.0308228699724276,0.041734032,-0.010911162360469587
standard_NN,5,175,3,557,3.878351466906913,3.8242188,0.054132716906913014,15.51340586762765,16.738472,-1.225066117235631,34.90516320216222,36.06389,-1.1587253476424664,62.0536234705106,63.43354,-1.3799168737276801,0.0032448316949401,0.006245381,-0.003000549503883352,0.0013528260717418,0.0031446521,-0.0017918260453019337
standard_NN,5,175,3,558,6.00180327182794,6.636845,-0.6350418400189835,24.00721308731176,27.085115,-3.0779023454274963,54.01622944645146,67.21068,-13.194448654134476,96.02885234924705,102.17653,-6.1476765814170165,0.0032521694556644,0.0057940152,-0.002541845791710373,0.0012029070114032,0.003711834,-0.0025089270728393823
standard_NN,5,175,3,559,30.44393015945268,28.46291,1.9810204609663522,121.7757206378107,112.719475,9.056245845330238,273.9953714350741,253.24025,20.755121801285043,487.1028825512428,455.49875,31.604133771945953,1.233214566272879e-05,0.0034691545,-0.0034568223258687816,4.708995279241084e-06,0.0019374699,-0.00193276093790276
standard_NN,5,175,3,560,4.169786512702347,3.9474874,0.22229915842378212,16.679146050809386,13.744942,2.934204339383605,37.52807861432113,34.855743,2.6723352061180066,66.71658420323755,56.984795,9.731789586538326,0.0287800943518493,0.032091577,-0.0033114822541859337,0.01667497227356,0.01667665,-1.6771776957975881e-06
standard_NN,5,175,3,561,4.689550370699779,3.5366535,1.1528968520230212,18.75820148279912,14.290079,4.46812236597783,42.20595333629802,31.466309,10.739644742548023,75.03280593119646,55.693283,19.339522850141776,0.0009428241548873,0.003924973,-0.002982148688491482,0.0004116133219919,0.0025936994,-0.002182086055038234
standard_NN,5,175,3,562,12.299671747422249,14.048,-1.7483285882711108,49.198686989688994,56.057167,-6.858480063533662,110.69704572680024,129.41446,-18.717413501715384,196.794747958756,217.86331,-21.06856380882212,0.0015396157364993,-0.00033515948,0.0018747752152084016,0.0007513836384517,-9.0605e-05,0.000841988635691707
standard_NN,5,175,3,563,23.728149501989176,25.194906,-1.4667567327520352,94.9125980079567,101.28917,-6.376571303566735,213.55334551790256,225.13539,-11.582045717449006,379.6503920318268,398.47382,-18.82342388614194,0.0017793299792269,-1.5714917e-05,0.0017950448962532437,0.0010616834875302,8.624408e-05,0.00097543940824583
standard_NN,5,175,3,564,16.075670695426826,17.785248,-1.709577107307549,64.3026827817073,69.76304,-5.460355853546602,144.68103625884146,162.27568,-17.59464428315073,257.2107311268292,281.63904,-24.428306959108284,0.0001338815679993,0.00010970722,2.4174344398592045e-05,4.553117845959576e-05,-0.00023258396,0.0002781151380465141
standard_NN,5,175,3,565,6.872145138108219,6.3030868,0.5690583804483067,27.488580552432875,26.357504,1.1310766614416643,61.84930624297398,63.442867,-1.5935610360787535,109.9543222097315,100.10896,9.845359197036188,0.0017171075655582,0.007590881,-0.005873773517602439,0.0006134650789418,0.004532878,-0.003919412742533468
standard_NN,5,175,3,566,13.697276776233696,15.33879,-1.6415131636466747,54.78910710493478,62.14325,-7.354142406783971,123.27549098610324,138.43983,-15.164343608623327,219.15642841973911,245.79366,-26.637226975768698,0.0006797051109233,0.001466912,-0.0007872068736842773,0.0004295262992644,0.00081228407,-0.0003827577670774174
standard_NN,5,175,3,567,5.359517553966195,5.1795754,0.17994211069837274,21.43807021586478,19.080473,2.357597269697788,48.23565798569576,41.020813,7.2148449974145095,85.75228086345912,79.63381,6.118468912775526,0.0004521219025847,0.001051021,-0.0005988991387638765,0.0001777737090027,0.00043606304,-0.0002582893319765066
standard_NN,5,175,3,568,1.4483506050395227,-0.26868528,1.7170358863162256,5.793402420158091,0.049476855,5.743925565654936,13.035155445355706,-2.861752,15.896907478589348,23.173609680632364,1.7679453,21.405664391020547,0.009147537929804,0.033673357,-0.02452581928869995,0.0047017824258236,0.017185958,-0.012484175676521866
standard_NN,5,175,3,569,6.36154406679816,6.446858,-0.08531386243157613,25.44617626719264,24.55365,0.8925263648488908,57.25389660118345,53.63967,3.614225275499855,101.78470506877056,103.78211,-1.997407052811468,0.0023801532957313,0.0006720738,0.0017080794937518774,0.0010345501866013,-0.00019555411,0.0012301042949602195
standard_NN,5,175,3,570,10.12347574386519,10.191277,-0.06780080642777797,40.49390297546076,41.374043,-0.880139535525565,91.11128169478673,95.2845,-4.173218427283587,161.97561190184305,160.43196,1.54365084227274,0.0015625324948718,0.003005423,-0.0014428903897265744,0.0008007763834067,0.0017543617,-0.0009535852870575773
standard_NN,5,175,3,571,7.752086959363663,6.8105855,0.941501460553849,31.008347837454654,28.722683,2.2856648845737944,69.76878263427298,68.17933,1.5894537158159494,124.0333913498186,113.72099,10.312398307826413,0.000709979928578,0.0020821777,-0.001372197742094536,0.00025387002429,0.001252388,-0.0009985179752669588
standard_NN,5,175,3,572,4.985360398839296,4.8662076,0.11915279919940325,19.941441595357183,18.261112,1.6803293822224177,44.86824358955367,43.008495,1.8597482587431244,79.76576638142873,68.096535,11.669231652424827,0.0037205840434205,0.0041092103,-0.00038862629129772725,0.001868213687736,0.0016017874,0.00026642628730406894
standard_NN,5,175,3,573,9.527125882380249,9.509045,0.018081235163451836,38.108503529521,38.73987,-0.631364634541498,85.74413294142224,84.60749,1.1366424018714554,152.43401411808398,152.11967,0.3143394354667919,0.0005730253851191,0.002336316,-0.001763290658391933,0.0002884761355592,0.0010475817,-0.0007591055315213216
standard_NN,5,175,3,574,34.553400283402674,31.061163,3.4922373347942752,138.2136011336107,124.31857,13.89502813556382,310.9806025506241,286.17606,24.804546642420974,552.8544045344428,507.9556,44.898807610614654,1.6742735984999097e-06,0.001569812,-0.0015681376796331924,5.288688107036667e-07,0.0012357596,-0.0012352307154224612
standard_NN,5,175,3,575,7.0233569327298895,6.2382026,0.785154360860993,28.09342773091956,24.583485,3.5099430812613583,63.210212394569005,53.86089,9.349322959754552,112.37371092367825,100.6985,11.675209336764183,0.0020796280878563,0.00030006166,0.0017795664316941572,0.0010588304905731,0.00017889787,0.0008799326207998908
standard_NN,5,175,3,576,13.49606438032764,15.399807,-1.9037425959907193,53.98425752131056,61.080273,-7.096015153249986,121.46457942294876,136.71342,-15.248845259668428,215.93703008524224,238.5892,-22.652172795617133,0.0003048425813766,0.0016593591,-0.0013545165030656578,0.0001569517813417,0.0006276284,-0.0004706766298246699
standard_NN,5,175,3,577,1.8564341224853305,1.9588408,-0.1024067245300504,7.425736489941322,8.952358,-1.5266217559082875,16.707907102367976,11.950733,4.757173917553523,29.702945959765287,31.314095,-1.6111485836917439,0.0459055224335483,0.06256176,-0.016656235429019603,0.0209432920822026,0.03158373,-0.01064043804918511
standard_NN,5,175,3,578,2.4975767778021187,3.2901335,-0.7925566984552055,9.990307111208477,11.031645,-1.0413377099585155,22.47819100021907,26.169563,-3.6913722932379613,39.9612284448339,47.118942,-7.157713815908288,0.00822991013197,0.0061909035,0.0020390066471486796,0.0037323099098699,0.003569757,0.00016255280967520736
standard_NN,5,175,3,579,16.539000031070547,12.949935,3.5890650716589256,66.15600012428219,53.151188,13.004812227553671,148.85100027963497,120.43222,28.4187798206506,264.62400049712875,208.31847,56.30553431060531,0.0001570167338365,0.001116276,-0.0009592592863476593,8.396408678671484e-05,0.00045225897,-0.00036829488659569857
standard_NN,5,175,3,580,2.128170833272856,1.8941951,0.23397575346938915,8.512683333091424,8.512659,2.4260215447213795e-05,19.15353749945571,10.720554,8.432983147649068,34.050733332365695,32.374146,1.676587824553195,0.0120904165358701,0.04630643,-0.03421601475761745,0.0070706817304676,0.023647068,-0.016576386337917526
standard_NN,5,175,3,581,12.17077724408992,11.715515,0.4552621073711691,48.68310897635968,46.94604,1.7370678691819421,109.53699519680926,105.17089,4.366104388703789,194.7324359054387,193.4477,1.284743034344956,0.0001616800612916,0.0018484492,-0.001686769170765137,7.852164078703322e-05,0.00082929514,-0.0007507734980414231
standard_NN,5,175,3,582,5.4505685841636895,4.7532587,0.6973098790245293,21.80227433665476,17.454327,4.34794770701609,49.05511725747321,39.905952,9.149164803859932,87.20909734661903,74.22163,12.98747106488075,0.00328521030838,0.004326719,-0.001041508550994523,0.0016049914942361,0.0019574657,-0.00035247416745353907
standard_NN,5,175,3,583,26.67622754860419,25.139446,1.5367812900592668,106.70491019441675,100.776924,5.927986061115973,240.08604793743768,230.32283,9.763217737242371,426.819640777667,412.07678,14.742858551104518,7.914309213854606e-05,0.00070377416,-0.0006246310676356381,2.472465679163253e-05,0.00063624105,-0.0006115163927141377
standard_NN,5,175,3,584,13.549778269986197,13.811592,-0.2618138320645844,54.19911307994478,59.057503,-4.858389666637251,121.94800442987578,130.74757,-8.799569422663282,216.79645231977912,229.21803,-12.421580517134942,0.0001085191313336,-0.0011090531,0.001217572279290329,4.065335910671977e-05,-0.000985159,0.001025812315716386
standard_NN,5,175,3,585,6.604588979554742,7.38858,-0.7839908658737249,26.418355918218968,29.391672,-2.9733162161804465,59.44130081599268,61.921307,-2.4800057941147386,105.67342367287588,127.82505,-22.151626681128022,0.0005645443785187,-0.0013687562,0.0019333005516972536,0.0002284012909732,-0.0014264694,0.001654870709193422
standard_NN,5,175,3,586,5.416172876012137,4.9818635,0.4343093773243929,21.664691504048548,18.614994,3.0496974549762825,48.74555588410923,41.19326,7.552295691238136,86.65876601619419,77.89086,8.767904504963724,0.005169393147522,0.0008466288,0.004322764349350122,0.0024191604525835,0.00027371466,0.002145445795641907
standard_NN,5,175,3,587,4.477485625660652,4.022735,0.4547505067946851,17.909942502642608,14.463612,3.4463308998594044,40.29737063094587,37.19381,3.103561121668527,71.63977001057043,57.630486,14.009284475902462,0.0066510961375192,0.00823252,-0.001581423824374359,0.0033424301028246,0.004511565,-0.0011691348671918796
standard_NN,5,175,3,588,34.698184689110526,31.52519,3.1729943357169716,138.7927387564421,122.96845,15.824286302828824,312.2836622019948,273.13516,39.14849984847916,555.1709550257684,500.14972,55.02123578748717,5.83731373086809e-05,-0.00079954346,0.0008579165944144367,2.6826697242979133e-05,-0.00089514104,0.0009219677390806118
standard_NN,5,175,3,589,28.49264475552102,19.182056,9.310588328519067,113.97057902208408,77.68696,36.2836207090958,256.4338027996892,170.72891,85.70489044617358,455.8823160883363,313.92932,141.95299479927382,1.0566135803226142e-05,0.0003164874,-0.0003059212566074098,5.895844310104878e-06,-0.00043826306,0.00044415890204119684
standard_NN,5,175,3,590,11.90980934739788,13.136449,-1.2266395127705767,47.63923738959152,52.459488,-4.820250525447541,107.18828412658092,119.45209,-12.263803275762825,190.55694955836609,205.9,-15.34304433811829,0.0057234491396555,-0.0011772055,0.0069006546109774405,0.0032909052372724,-0.00079831795,0.0040892231902852835
standard_NN,5,175,3,591,8.000472556710196,7.5545774,0.44589520609374134,32.001890226840786,29.393827,2.6080627884862935,72.00425301039176,68.1951,3.809154133438639,128.00756090736314,117.87073,10.136833368300643,0.000874064107268,0.0011976545,-0.00032359041382477253,0.0003408139368077,0.00038508873,-4.42747928644339e-05
standard_NN,5,175,3,592,15.288837851303732,17.318748,-2.0299106228173613,61.15535140521493,69.83056,-8.67520737164054,137.5995406617336,156.20912,-18.60958104236795,244.6214056208597,278.04144,-33.42003725023406,0.0001421702250394,-0.002758404,0.002900574232220925,7.620768391996814e-05,-0.0020565765,0.002132784228338899
standard_NN,5,175,3,593,21.13636478930044,23.478865,-2.342499880499364,84.54545915720176,92.38289,-7.8374296367435505,190.227283103704,205.90352,-15.676235573053816,338.18183662880705,371.13367,-32.95183036338045,0.0005502402095093,0.0010314642,-0.0004812239890949261,0.0002377520944321,0.0005571068,-0.00031935470873923667
standard_NN,5,175,3,594,15.76693750830694,16.775583,-1.008645758904974,63.06775003322776,66.924065,-3.8563146030027085,141.90243757476247,153.65186,-11.749417893987527,252.27100013291104,264.32275,-12.051753773338959,0.0006043833184623,-0.002271503,0.0028758862956994053,0.0002997533109775,-0.0014182803,0.0017180336097991282
standard_NN,5,175,3,595,6.864901543003248,5.980753,0.8841485980569592,27.459606172013,24.434671,3.024934770035461,61.78411388702924,55.486984,6.297129634099555,109.83842468805196,96.15746,13.68096161432149,0.0006943385963468,0.0030926606,-0.002398321972307737,0.000272916315901,0.0018702048,-0.0015972884950834327
standard_NN,5,175,3,596,2.6116570275003883,3.3999052,-0.7882481772725609,10.446628110001551,14.140223,-3.693594439436925,23.50491324750349,28.128094,-4.62318047197893,41.78651244000621,52.802208,-11.01569550677113,0.0170165050798208,0.028547546,-0.01153104081515963,0.0071475443854976,0.014907588,-0.007760043865437478
standard_NN,5,175,3,597,12.154760611215757,14.0249815,-1.870220887502505,48.61904244486303,59.922134,-11.303091954551036,109.39284550094185,137.47847,-28.085624347690967,194.4761697794521,227.83356,-33.35738734945414,0.0001166573402714,-0.00036867266,0.00048532999616675233,3.987617676121781e-05,-0.00020800915,0.0002478853275717575
standard_NN,5,175,3,598,2.35059653341914,2.4022617,-0.051665200589649185,9.40238613367656,11.109177,-1.706790502065628,21.155368800772266,23.98465,-2.8292808574308594,37.60954453470624,39.36904,-1.7594969081648557,0.0459524064168384,0.017136842,0.028815564404433003,0.0252962444285374,0.009222956,0.016073288054249794
standard_NN,5,175,3,599,5.617212418489019,5.983287,-0.3660744391159616,22.468849673956075,22.0792,0.3896489293271692,50.55491176640117,51.40836,-0.8534477611867217,89.8753986958243,89.2072,0.6681995991446144,0.0028338457052998,0.0038991382,-0.0010652924826897925,0.0013990617168725,0.0019133992,-0.0005143374858766331
standard_NN,5,175,3,600,7.09254511445024,8.013582,-0.921037115164018,28.37018045780096,31.089588,-2.719407707482244,63.83290603005217,71.292076,-7.459170080787672,113.48072183120384,124.57455,-11.093824982761006,0.0022943129150665,0.002124345,0.00016996798501374292,0.0010343863981899,0.001337071,-0.00030268455118572933
standard_NN,5,175,3,601,9.78927589389658,9.81495,-0.02567409542226784,39.15710357558632,39.875366,-0.7182626353511807,88.10348304506923,92.4886,-4.385118639501087,156.62841430234528,152.64783,3.980587153907777,0.0007124828426246,0.0036037045,-0.002891221663906758,0.000382420999332,0.0020443797,-0.001661958711819123
standard_NN,5,175,3,602,6.362749009224957,6.1483,0.2144488383265193,25.450996036899827,25.508955,-0.05795896493122754,57.26474108302462,60.996998,-3.732256750227336,101.80398414759932,100.714874,1.0891098800211978,0.0007349185487175,5.7310554e-05,0.0006776079951879674,0.0002913044816152,0.0003424076,-5.1103131446168445e-05
standard_NN,5,175,3,603,15.498490406629491,14.296297,1.2021933332652335,61.99396162651797,56.753593,5.2403681816937535,139.48641365966543,126.79271,12.693704309079493,247.9758465060719,221.88612,26.089722848845327,0.0001793387691547,-0.001753378,0.0019327167301495397,0.0001090993858915,-0.001195582,0.0013046813650097876
standard_NN,5,175,3,604,21.199336268021213,22.106737,-0.9074008688196074,84.79734507208485,86.809654,-2.012309163754992,190.79402641219093,193.46815,-2.6741284950356317,339.1893802883394,359.65488,-20.465496420644968,4.61723563287987e-05,0.0013122072,-0.0012660348414416777,1.871842600853603e-05,0.0011405305,-0.0011218120279863342
standard_NN,5,175,3,605,1.7621372684560792,1.7051344,0.05700287667141124,7.048549073824317,8.057398,-1.0088487685829097,15.859235416104712,12.596104,3.263131747891821,28.194196295297267,28.249405,-0.05520861192929516,0.0604082119985348,0.055898868,0.004509344451022745,0.0303357724565455,0.028034324,0.0023014486301132717
standard_NN,5,175,3,606,2.1929501137921115,2.5834951,-0.3905450262835721,8.771800455168446,8.472843,0.29895728500243024,19.736551024129003,17.147373,2.5891778246661126,35.08720182067378,37.773308,-2.6861059796191853,0.0411045634797124,0.03684819,0.004256372307827862,0.0214934233558796,0.019099018,0.0023944057506940924
standard_NN,5,175,3,607,3.696186480962634,2.9808369,0.7153496126765013,14.784745923850537,13.258728,1.5260178965067865,33.26567832866371,27.71878,5.546897811085586,59.13898369540215,49.018585,10.120398490324028,0.0309155169964484,0.008365991,0.022549526402418973,0.0158140868883782,0.004535698,0.011278389022146996
standard_NN,5,175,3,608,19.01869613914811,19.73898,-0.720283200451501,76.07478455659243,78.75399,-2.67920561674741,171.16826525233296,174.89206,-3.723794073838917,304.29913822636973,314.7534,-10.45424922480214,0.000110915758696,-0.0027895325,0.002900448291611473,6.113392213999391e-05,-0.00162011,0.001681243930074266
standard_NN,5,175,3,609,10.05306698971414,12.019337,-1.9662697107253138,40.212267958856565,47.7126,-7.500332749151248,90.47760290742728,114.40387,-23.926266721478967,160.84907183542626,192.44832,-31.599246646019054,0.0002091508381211,0.0031086113,-0.0028994604922688767,7.272606980302852e-05,0.0019052165,-0.0018324904163902111
standard_NN,5,175,3,610,8.475244179593128,8.544475,-0.06923042215247754,33.90097671837251,34.76742,-0.8664450040395977,76.27719761633814,77.54833,-1.2711345980173263,135.60390687349005,132.52377,3.080133680130672,0.0002088280455074,-0.0026474714,0.0028562994268587515,0.0001024393820815,-0.0017256167,0.001828056130526236
standard_NN,5,175,3,611,8.375622487777678,6.803917,1.571705556625334,33.50248995111071,28.642145,4.860344794250359,75.3806023899991,73.27171,2.10888913316316,134.00995980444284,115.50158,18.508380519774875,0.0003294298451521,0.0056346105,-0.005305180696012775,0.0001413028334386,0.0036736915,-0.0035323887019299617
standard_NN,5,175,3,612,4.232825910570765,5.1026154,-0.8697894458745479,16.93130364228306,19.719553,-2.7882493514913556,38.09543319513688,43.46733,-5.37189773748031,67.72521456913223,77.395905,-9.670689971883391,0.0021552985611128,0.0035892893,-0.001433990701778016,0.0011919845850876,0.0019771203,-0.0007851357082167242
standard_NN,5,175,3,613,2.584159058928916,2.8151536,-0.23099453985648433,10.336636235715664,11.385052,-1.0484154915792576,23.257431530360243,19.871452,3.3859791988172745,41.34654494286266,41.1679,0.17864485741343827,0.0016069605226823,0.002180963,-0.0005740025334796998,0.0007829541140688,0.0009106457,-0.00012769158599103118
standard_NN,5,175,3,614,14.274381044790012,14.490656,-0.21627485425783988,57.09752417916005,55.280464,1.8170600067967655,128.46942940311013,126.892166,1.577263265414814,228.3900967166402,233.3385,-4.948404259922313,0.0008800070994667,0.0054239715,-0.004543964352352243,0.0004470628075007,0.0021523489,-0.00170528606104817
standard_NN,5,175,3,615,4.913793455405847,5.0612493,-0.14745580072818587,19.65517382162339,20.128572,-0.4733986423658685,44.22414109865263,40.73333,3.4908113257034117,78.62069528649356,81.88241,-3.2617128555962864,0.0004682081639075,-0.0006335492,0.0011017573419266659,0.0002492424095958,-0.0007327999,0.000982042285145772
standard_NN,5,175,3,616,3.863432838065908,4.277235,-0.4138021930620215,15.453731352263633,17.413033,-1.9593011794746484,34.77089554259317,34.013535,0.7573609966947359,61.81492540905453,65.08382,-3.2688911192657812,0.0020507677230754,0.0016861518,0.00036461588514531684,0.0010340448212808,0.00054437935,0.0004896654724141584
standard_NN,5,175,3,617,17.51697822512977,20.332058,-2.8150797277510904,70.06791290051908,83.07336,-13.005443727898893,157.65280402616796,189.16573,-31.512921681839856,280.2716516020763,327.33597,-47.06431641550182,3.980656474743464e-05,0.003383952,-0.0033441453953840915,1.3087508041205186e-05,0.0020216266,-0.002008539061289487
standard_NN,5,175,3,618,8.298270203898571,8.467197,-0.16892721431431923,33.193080815594286,33.540577,-0.34749611922016754,74.68443183508714,78.743256,-4.058823780147236,132.77232326237714,130.62312,2.14920009343183,0.0041491113549129,0.0032244998,0.0009246115984425773,0.0020808227684124,0.0019071524,0.0001736704118325003
standard_NN,5,175,3,619,14.37726907483595,13.561448,0.8158209776069469,57.5090762993438,54.592327,2.9167491814238815,129.39542167352357,124.80718,4.588239361511853,230.0363051973752,218.53188,11.504429587023651,0.0002022981043054,-0.0041676387,0.004369936823387279,0.000101409513863,-0.0022560165,0.002357425993668112
standard_NN,5,175,3,620,26.02972392909168,28.584854,-2.555130196884882,104.1188957163667,112.77507,-8.656174474062993,234.26751536182505,253.36447,-19.096956073721827,416.4755828654668,460.50488,-44.02929994703322,6.089125792279704e-05,0.002458563,-0.002397671816546769,1.9500658281493504e-05,0.0015000463,-0.0014805456880551096
standard_NN,5,175,3,621,5.182720431259041,5.545446,-0.36272548777782454,20.730881725036163,22.756454,-2.0255727427372747,46.64448388133137,51.129086,-4.484601659440116,82.92352690014465,86.76302,-3.8394964763201926,0.0012562470414028,0.000785758,0.0004704890210465026,0.0004694705770626,0.0006337563,-0.0001642857038140961
standard_NN,5,175,3,622,21.90072520771264,21.444843,0.4558819154763114,87.60290083085056,85.10408,2.4988206306552456,197.10652686941376,198.82759,-1.7210640729690567,350.41160332340223,346.0219,4.3896917023084825,0.0001427783976786,-5.7905225e-05,0.00020068362249989744,4.431260169404941e-05,8.4591215e-05,-4.027861285102172e-05
standard_NN,5,175,3,623,5.566863139867586,5.978487,-0.4116238749029222,22.267452559470343,22.784847,-0.5173947000511419,50.10176825880827,53.80375,-3.7019808256643856,89.06981023788137,87.0732,1.9966138267485576,0.0022796039345103,0.0028249803,-0.0005453763654095435,0.0011699530671123,0.0015442213,-0.0003742682372447519
standard_NN,5,175,3,624,25.124582588166028,22.162516,2.962066947907239,100.49833035266413,89.96535,10.532983062625064,226.12124329349425,202.07384,24.047406013220808,401.9933214106565,356.11743,45.875889770031506,0.0002116130971312,0.0010098505,-0.0007982374328226374,9.42670106243322e-05,0.00017784152,-8.35745065186193e-05
standard_NN,5,175,3,625,7.815482447706329,7.434719,0.3807633620129698,31.26192979082532,29.466856,1.795073788017703,70.33934202935697,65.19228,5.147058398985877,125.04771916330128,114.66506,10.382657212617687,0.0001640542338996,-0.0008442502,0.00100830443421591,8.013038698422108e-05,-0.0006385193,0.0007186496843381444
standard_NN,5,175,3,626,6.881997965291877,7.2608113,-0.37881336359606266,27.527991861167507,31.875975,-4.34798279398386,61.9379816876269,75.61277,-13.674788392939504,110.11196744467004,121.98063,-11.868661522615113,0.0001573093810094,0.0015006217,-0.0013433122898476718,5.586908623458982e-05,0.0010342785,-0.0009784094527748024
standard_NN,5,175,3,627,10.533647717262616,11.429387,-0.8957393753277163,42.13459086905046,45.013382,-2.8787910889573496,94.80282945536356,104.467606,-9.664776135456748,168.53836347620185,180.4638,-11.925442676141898,0.0004947319317319,-0.0010577545,0.0015524864352949464,0.0001841599015565,-0.0006535434,0.0008377032946841202
standard_NN,5,175,3,628,2.8672944865656835,2.176838,0.6904565654231054,11.469177946262734,10.458015,1.0111625043682029,25.80565037909115,21.124454,4.681195880800136,45.87671178505094,30.395653,15.481059014054843,0.0095578279695151,0.011316927,-0.0017590991803767535,0.0048708410996247,0.0058294074,-0.0009585662682306106
standard_NN,5,175,3,629,8.192876656355208,8.410531,-0.2176543876511392,32.771506625420834,35.75916,-2.987652462713932,73.73588990719689,84.07512,-10.339229111357795,131.08602650168334,137.42566,-6.339632678004165,0.0011064599518362,0.0015685346,-0.0004620746924844071,0.000417532126353,0.0011042502,-0.0006867180746711151
standard_NN,5,175,3,630,3.6626206598043183,1.4356694,2.22695123765466,14.650482639217271,7.8292427,6.821239932918443,32.963585938238865,17.803905,15.159680451178318,58.60193055686909,32.529434,26.07249635276753,0.0015509126601031,0.014657403,-0.013106490682322723,0.0007042411265603,0.008167368,-0.007463127233303458
standard_NN,5,175,3,631,3.6156948522430192,3.5243511,0.09134373224790204,14.462779408972075,13.403843,1.0589364829466845,32.541253670187174,27.591019,4.950234993429362,57.85111763588831,53.04029,4.810826803368776,0.0011457380728704,0.002586452,-0.0014407139847147203,0.0006656865392855,0.0016427655,-0.0009770789380141903
standard_NN,5,175,3,632,3.178134187154344,2.8606029,0.317531331471971,12.712536748617376,13.65461,-0.9420729315584051,28.603207684389098,30.47062,-1.8674115172710586,50.85014699446951,50.939346,-0.0891993190070508,0.0563825542148672,0.014420794,0.04196175989178046,0.02854838595282,0.008147217,0.020401168619503196
standard_NN,5,175,3,633,4.467488055743761,3.582148,0.8853399806400013,17.869952222975044,11.861073,6.008879682691841,40.207392501693846,34.10075,6.106642532211424,71.47980889190018,49.558083,21.92172631133377,0.0174239169501222,0.006807184,0.010616733103290879,0.0092993935345821,0.0035899603,0.005709433253776274
standard_NN,5,175,3,634,9.192614958204388,9.823632,-0.6310172820910225,36.77045983281755,36.831116,-0.060655889838699295,82.7335346238395,85.12322,-2.3896877272347155,147.0818393312702,148.33394,-1.2520992673626097,0.000255568717009,-0.0024509279,0.002706496576181225,0.000143165567791,-0.0015473346,0.0016905001670996696
standard_NN,5,175,3,635,16.129761688759118,17.580631,-1.450869567344398,64.51904675503647,69.99764,-5.478595762053374,145.16785519883206,166.97275,-21.804892603902317,258.0761870201459,276.24023,-18.16404735485412,0.0002407331780976,-0.001413495,0.001654228225115532,7.783098547888727e-05,-0.0009815738,0.0010594048158375714
standard_NN,5,175,3,636,23.865177235575445,23.57992,0.285257420511968,95.46070894230178,95.86256,-0.40184751521775297,214.786595120179,220.58492,-5.798320040953826,381.8428357692071,373.50055,8.342286452800863,8.425668579248755e-05,0.0011803897,-0.0010961329774120633,2.5867086226292407e-05,0.0007179923,-0.0006921252260485808
standard_NN,5,175,3,637,2.0343216301602407,1.3731613,0.661160314242272,8.137286520640963,4.368099,3.7691873079944784,18.308894671442168,10.647953,7.6609416379949025,32.54914608256385,25.990913,6.55823269145057,0.0426043886797278,0.030139461,0.012464927520021686,0.0210395943162012,0.015674777,0.005364816987233151
standard_NN,5,175,3,638,4.720633632170582,4.4391184,0.28151524685564056,18.882534528682328,17.542088,1.3404469737506872,42.48570268953524,40.8698,1.6159021219082845,75.53013811472931,67.467026,8.063112357893374,0.0298015066342412,0.017031599,0.012769907798057652,0.0150528016340909,0.0089236945,0.006129107142704487
standard_NN,5,175,3,639,1.5183265889827338,1.5693378,-0.05101125586589905,6.073306355930935,8.37702,-2.3037135262712134,13.664939300844605,15.271328,-1.6063886715675046,24.29322542372374,29.123085,-4.829859598248916,0.0020291467781887,0.0054510375,-0.003421890770293718,0.0011257707070395,0.0030340399,-0.0019082691591397279
standard_NN,5,175,3,640,8.12194056711412,6.0965123,2.025428249456649,32.48776226845648,25.42703,7.060731705101986,73.09746510402708,58.332397,14.76506764308958,129.9510490738259,97.586716,32.364333375583726,0.000517197572938,-0.0021397646,0.002656962178028022,0.000268858800282,-0.0010437364,0.0013125951528672561
standard_NN,5,175,3,641,2.4128960423994736,2.3911004,0.021795635752745124,9.651584169597896,11.722702,-2.071117856769291,21.716064381595263,21.843384,-0.1273194074672368,38.60633667839158,38.007362,0.598974312668922,0.0867504660468966,0.014724244,0.07202622168329062,0.0448129175148035,0.007587182,0.03722573564490923
standard_NN,5,175,3,642,11.15321599271592,9.8359995,1.3172165038853532,44.612863970863685,41.829994,2.782869769203529,100.3789439344433,95.022316,5.356627955439393,178.45145588345474,163.6097,14.841760448884429,0.0003411249764322,0.00048073125,-0.00013960627428603596,0.0001687008470671,0.00065735576,-0.0004886549150197087
standard_NN,5,175,3,643,5.13495165490518,6.805929,-1.670977529054781,20.53980661962072,26.877913,-6.338105901741585,46.21456489414661,62.16557,-15.95100441127331,82.15922647848288,106.41922,-24.259993492220246,0.0036905627747553,-0.000835784,0.004526346787207067,0.0015533924164542,-0.0004088661,0.001962258509948198
standard_NN,5,175,3,644,6.081408260952425,6.098718,-0.017309905398893655,24.3256330438097,23.8542,0.47143268065051913,54.73267434857182,52.55834,2.1743361832886166,97.3025321752388,90.62133,6.6812019140083265,0.0014189368684623,0.00097123743,0.00044769943811330776,0.000722385353239,0.00010775903,0.0006146263254971506
standard_NN,5,175,3,645,12.933711094847313,12.20848,0.7252312135606918,51.73484437938925,49.4325,2.3023454475044858,116.40339985362584,111.66982,4.7335771607547485,206.939377517557,193.56593,13.373444290017943,6.751284386107974e-05,0.0013735781,-0.0013060652519475454,3.34150835811097e-05,0.0008665243,-0.0008331092095063132
standard_NN,5,175,3,646,7.50022014315233,7.050381,0.4498389595280621,30.00088057260932,29.79559,0.20529112558783424,67.50198128837097,69.94131,-2.4393257795001233,120.00352229043727,116.74335,3.2601751224685245,0.0008920367728977,0.0062213955,-0.005329358678677818,0.0003994151953752,0.0036143425,-0.003214927343264703
standard_NN,5,175,3,647,14.063130911971449,13.3375025,0.725628432418226,56.25252364788579,53.545864,2.7066595426611784,126.56817820774302,120.440346,6.127832443582861,225.01009459154315,216.50395,8.506142565175963,5.089733540762051e-05,0.0015533243,-0.0015024269486243666,3.016577804491623e-05,0.0007430363,-0.0007128704967532982
standard_NN,5,175,3,648,10.195426598502614,14.033642,-3.838215216682933,40.781706394010456,58.06382,-17.28211349124345,91.75883938652352,134.34596,-42.58712313789054,163.12682557604182,223.96605,-60.83922361829411,0.0009687820744101,0.0016035663,-0.0006347842685546684,0.0004007899267047,0.0009458583,-0.0005450683814094114
standard_NN,5,175,3,649,5.82540094927879,5.751177,0.07422411517234462,23.30160379711516,23.889149,-0.5875449150430434,52.42860854350912,50.967182,1.4614263840852928,93.20641518846064,92.32837,0.8780460478356389,0.0003048100246069,-0.00012989786,0.00043470788506781466,0.0001095481952996,-5.9590555e-05,0.00016913875018307077
standard_NN,5,175,3,650,9.069476242050948,10.035373,-0.9658964920188762,36.27790496820379,40.942287,-4.664382476864567,81.62528617845855,93.732414,-12.107128067146917,145.11161987281517,155.48776,-10.376142578356706,0.0006318373001868,0.001306209,-0.0006743717145418653,0.0002191042221406,0.00076292676,-0.0005438225417143209
standard_NN,5,175,3,651,7.3236403581884835,6.6411967,0.6824436304357979,29.29456143275393,27.601671,1.69289021388186,65.91276322369634,67.76915,-1.8563865565770925,117.17824573101574,105.57285,11.60539264263683,0.0131132897151626,0.003808056,0.009305233710817182,0.007922502191362,0.0026714928,0.0052510094396742354
standard_NN,5,175,3,652,28.019534299667487,23.869287,4.150246808822761,112.07813719866996,95.410164,16.667973319275433,252.17580869700743,217.64337,34.532437114976176,448.3125487946798,380.85007,67.46248165600792,4.203858666850339e-05,0.002447857,-0.0024058184691445705,1.539817402109558e-05,0.0014412844,-0.0014258862580548222
standard_NN,5,175,3,653,2.9054598943859173,2.8241153,0.08134461804924742,11.62183957754367,10.661392,0.9604473656296069,26.14913904947326,23.975563,2.173576000156853,46.48735831017468,42.254547,4.2328111910340525,0.0250886815022804,0.026988398,-0.001899716781439617,0.013471137952556,0.013714404,-0.0002432658928138154
standard_NN,5,175,3,654,30.48198540490122,27.590605,2.891380622796728,121.92794161960488,115.3727,6.555238067358786,274.337868644111,262.84534,11.492531730048483,487.7117664784195,445.40775,42.304021117091395,8.091626026923095e-05,-0.00056051486,0.0006414311219870511,2.4467510465911685e-05,-0.0002371493,0.0002616168133135951
standard_NN,5,175,3,655,4.180535591678468,3.4477825,0.7327530751989757,16.72214236671387,11.616564,5.105578569716801,37.62482032510621,34.47745,3.147369000643316,66.88856946685549,47.73771,19.15086042144533,0.0079138788314133,0.028191887,-0.020278008010837525,0.0036088217671149,0.014528753,-0.010919931468821264
standard_NN,5,175,3,656,2.8459250778091865,2.3662124,0.47971270979771186,11.383700311236746,9.052015,2.331685006671316,25.61332570028268,24.203205,1.4101205916401014,45.53480124494698,34.79818,10.73662161848214,0.0019146453996605,0.0048522977,-0.002937652316182224,0.0009957859482007,0.0025061443,-0.0015103583966059712
standard_NN,5,175,3,657,12.093585365846211,14.463178,-2.369592315123027,48.374341463384845,57.593853,-9.219511533441327,108.84226829261593,130.70132,-21.859056170274698,193.49736585353932,225.47131,-31.97394762302318,0.0038242167486573,0.0017082377,0.002115979061531498,0.0023377799655489,0.0007411431,0.001596636836714235
standard_NN,5,175,3,658,5.548507226573595,4.914043,0.6344642768970816,22.19402890629438,19.140955,3.0530739349809046,49.93656503916236,47.41376,2.5228039002463447,88.77611562517752,75.82701,12.949104516779087,0.0128673469630126,0.00748775,0.005379596816474581,0.0078307672790011,0.004257112,0.0035736554688533383
standard_NN,5,175,3,659,4.48583635922169,3.3958526,1.0899837934563088,17.94334543688676,12.188381,5.754964241818399,40.37252723299521,31.589123,8.783404460778414,71.77338174754703,49.19564,22.57774118358219,0.0069216773298782,0.01498733,-0.008065652622540605,0.0037892077264352,0.00793113,-0.004141922280474171
standard_NN,5,175,3,660,19.621653356334555,19.180882,0.44077185609041436,78.48661342533822,75.47678,3.0098296728968137,176.594880207011,171.9525,4.64238081736255,313.9464537013529,299.96716,13.97929061541538,0.0006094743697761,-0.00015424356,0.0007637179336600379,0.0003082410345756,-0.00038836722,0.000696608252541024
standard_NN,5,175,3,661,6.356261662806186,6.0500107,0.3062509816538421,25.425046651224743,24.150785,1.2742612050577513,57.20635496525567,59.328693,-2.122338424636908,101.70018660489896,92.61134,9.088843221109897,0.0015769146076875,0.0075541483,-0.005977233716146443,0.0007382169631515,0.0044113146,-0.0036730976509656453
standard_NN,5,175,3,662,9.857927498260612,9.371869,0.48605841104137326,39.431709993042446,39.574783,-0.14307333215286633,88.7213474843455,89.155655,-0.43430742288106217,157.72683997216978,155.17508,2.5517606264666597,0.000403901003362,0.0003148534,8.90476164085269e-05,0.0002000883671649,0.00019900862,1.0797505460879205e-06
standard_NN,5,175,3,663,10.800688119338824,10.804216,-0.00352826554887109,43.2027524773553,42.181984,1.0207685296013906,97.2061930740494,97.33417,-0.1279744064193551,172.8110099094212,168.49231,4.318700339108688,7.665670772349662e-05,-0.0031531497,0.0032298064447686655,4.299743147576528e-05,-0.002063325,0.00210632233927036
standard_NN,5,175,3,664,3.2067406290331624,2.4309602,0.7757804506579182,12.82696251613265,10.696823,2.130139396015462,28.860665661298462,23.473183,5.387482983075806,51.3078500645306,46.517746,4.79010409285091,0.0114886187626553,0.025479056,-0.013990437178449588,0.0052722269864213,0.013526232,-0.008254004995392607
standard_NN,5,175,3,665,7.685009490931439,7.2376776,0.44733191677372375,30.74003796372576,30.644154,0.09588436875505835,69.16508541838296,69.13892,0.026161773363426732,122.96015185490305,117.326416,5.633735839278046,0.003111794005907,0.010704695,-0.007592901241206705,0.0015346654815641,0.0058632083,-0.004328542842153017
standard_NN,5,175,3,666,6.649839545484384,6.975638,-0.3257983672658602,26.599358181937536,27.10613,-0.5067724180380502,59.848555909359455,58.426876,1.4216798412442202,106.39743272775014,107.67523,-1.277799205843607,0.00027288273706,0.0016338134,-0.0013609306348218427,0.0001484048775096,0.0005863608,-0.0004379559318836271
standard_NN,5,175,3,667,20.259055166403225,21.32387,-1.0648145387969699,81.03622066561289,84.66838,-3.6321600716918,182.33149649762905,189.72395,-7.392456749441266,324.14488266245155,334.28293,-10.138045804345325,0.000183847683228,-0.0017329424,0.0019167900986293395,9.874013242733613e-05,-0.0010726954,0.0011714354948089733
standard_NN,5,175,3,668,10.384970764530848,10.062988,0.32198248328084844,41.539883058123394,38.882595,2.6572879958675344,93.46473688077764,93.66196,-0.19721990633173903,166.15953223249358,159.15157,7.007966680735763,0.0005096330805458,0.0037556482,-0.0032460150742195677,0.0002793734957889,0.0019602845,-0.0016809110465034565
standard_NN,5,175,3,669,14.402921392831113,12.475127,1.927794172677304,57.61168557132445,54.211346,3.4003398987170286,129.62629253548002,121.14984,8.476451226886269,230.4467422852978,209.88048,20.566264380024364,2.6297937067925755e-06,-0.0016946758,0.001697305561501044,1.544166300548219e-06,-0.00095557084,0.0009571150047146808
standard_NN,5,175,3,670,3.089397072641674,4.418444,-1.3290470840050546,12.357588290566696,17.18017,-4.822581768637406,27.80457365377507,38.39864,-10.594066025180009,49.43035316226678,64.454765,-15.024412157557435,0.0225861083222681,0.013391179,0.009194929289644334,0.0100065258674201,0.0071770996,0.0028294262818869577
standard_NN,5,175,3,671,13.31308824583294,13.873066,-0.5599777026533879,53.25235298333176,55.50043,-2.2480780774592546,119.81779421249648,126.271736,-6.453941932523051,213.00941193332704,222.32797,-9.31856047878233,0.0001383215476269,-0.00083030644,0.000968627986356067,7.491211420131411e-05,-0.00063888694,0.0007137990511415669
standard_NN,5,175,3,672,10.136288125091276,10.395082,-0.2587943486636064,40.54515250036511,39.745,0.8001535684803471,91.22659312582152,95.064896,-3.8383025040612893,162.18061000146042,161.92451,0.2560952309526101,0.0098680508769629,0.0033905231,0.0064775277375755305,0.0059322766478901,0.0017199962,0.004212280431183169
standard_NN,5,175,3,673,4.272450622437737,3.1236029,1.1488477553112721,17.089802489750948,13.559992,3.5298106532030964,38.452055601939634,30.953815,7.498240141734556,68.35920995900379,50.435776,17.923434202167854,0.0016459335209227,0.013019517,-0.011373583543171844,0.0009319653823905,0.006584841,-0.005652875444299697
standard_NN,5,175,3,674,4.825251641624267,4.1454034,0.6798482564619137,19.30100656649707,16.782028,2.5189783682548814,43.4272647746184,41.96902,1.4582439311125412,77.20402626598828,62.369705,14.834321065792963,0.004396511333887,0.018953381,-0.014556869772370438,0.0016986784554819,0.010185475,-0.008486797005703078
standard_NN,5,175,3,675,2.489602111522406,2.0110884,0.4785137402455506,9.958408446089624,6.139057,3.819351286665796,22.406419003701657,18.463726,3.9426929600004854,39.8336337843585,28.980324,10.85330999285459,0.0227942097159621,0.01803314,0.004761070308327366,0.0129807074536298,0.009421369,0.0035593383927558144
standard_NN,5,175,3,676,12.932085005531812,14.689318,-1.7572326977152581,51.72834002212725,59.7404,-8.012058384855173,116.3887650497863,139.59073,-23.201963709979324,206.913360088509,229.84885,-22.93548634703788,0.0029802844366943,0.00076295924,0.002217325192964589,0.001514562584493,0.000879835,0.000634727596338529
standard_NN,5,175,3,677,3.94144034173452,4.0745955,-0.13315510962046062,15.76576136693808,17.33979,-1.5740289773002019,35.47296307561068,37.04762,-1.5746557903561182,63.06304546775232,68.874855,-5.811809573751589,0.0118297788424747,0.0081389155,0.0036908633185880196,0.0061717146840856,0.004417483,0.0017542314548954887
standard_NN,5,175,3,678,3.295962389168515,3.7878532,-0.49189085179828185,13.18384955667406,17.986692,-4.802842871914807,29.66366150251664,37.957516,-8.293854214036095,52.73539822669624,67.1378,-14.402403897327197,0.0045119465684546,0.009268759,-0.004756812250052594,0.0026653304964548,0.0047419034,-0.002076572898005878
standard_NN,5,175,3,679,12.715693045087615,13.278036,-0.5623430724660956,50.86277218035046,53.983555,-3.1207826597374293,114.44123740578854,119.78191,-5.340676351535677,203.45108872140185,209.31067,-5.859580223910655,0.0015762091114907,-0.0028780948,0.0044543039019940825,0.0008996610844266,-0.0013196644,0.002219325498467344
standard_NN,5,175,3,680,7.111449407938019,7.0237865,0.08766286313821414,28.445797631752075,28.470518,-0.02472048043054187,64.00304467144217,65.71238,-1.7093347841242377,113.7831905270083,113.21469,0.5684993648989263,0.0006080399770383,-6.300701e-05,0.0006710469905613198,0.0002172950605688,-3.3730987e-05,0.0002510260471842101
standard_NN,5,175,3,681,2.3262943217981635,1.5857048,0.7405895183313667,9.305177287192654,8.595406,0.7097717085793729,20.93664889618347,16.249638,4.687011292423705,37.22070914877062,24.931984,12.28872520101671,0.0532272487559678,0.016439117,0.03678813126472253,0.0253911774587157,0.008799108,0.0165920697134259
standard_NN,5,175,3,682,6.703332993137632,5.6599264,1.043406578647886,26.81333197255053,21.84374,4.969591509293693,60.329996938238686,52.31828,8.011717671881264,107.25332789020212,90.978264,16.275064035221646,0.0028042050807864,0.0038263537,-0.0010221486181824875,0.0016058745768471,0.00245972,-0.0008538454330907824
standard_NN,5,175,3,683,3.4167048552873016,3.6892338,-0.27252892461992495,13.666819421149206,14.795586,-1.1287662111750123,30.75034369758572,30.296951,0.45339240364040734,54.667277684596826,56.737755,-2.070477137180518,0.0409495839954854,0.04266763,-0.0017180470643996248,0.022333718135023,0.021777075,0.0005566433509825476
standard_NN,5,175,3,684,27.63327114374906,27.373886,0.25938503535062196,110.53308457499624,109.07326,1.4598271287071753,248.6994402937416,241.30214,7.397301011515026,442.13233829998495,433.00708,9.125258221859951,7.354604022319072e-05,0.0026381132,-0.0025645671790677812,2.9946699326518685e-05,0.0015633757,-0.001533429000007328
standard_NN,5,175,3,685,28.812030067706008,27.32965,1.482379188799758,115.24812027082405,107.6094,7.638722382640452,259.3082706093541,234.4203,24.887967264627548,460.9924810832961,429.2659,31.726581425093002,2.523627297373658e-05,0.0020264385,-0.0020012022072693502,1.3056983533431842e-05,0.0006319572,-0.0006189002149597508
standard_NN,5,175,3,686,8.64887141254869,9.23824,-0.5893688294557045,34.59548565019476,37.51119,-2.915702856885318,77.83984271293822,84.23718,-6.397339904249279,138.38194260077904,144.15413,-5.772186427541271,0.000815304589808,0.0007691651,4.613947810233913e-05,0.0003279359671119,0.00031732174,1.0614226089730424e-05
standard_NN,5,175,3,687,22.79618739416724,18.320442,4.47574519446021,91.18474957666896,74.224335,16.96041485987209,205.1656865475052,167.56259,37.60309499477083,364.7389983066759,299.87003,64.86897267191029,2.695011396215442e-05,0.0023893758,-0.002362425704931159,1.363979494265097e-05,0.0010410541,-0.0010274143486277126
standard_NN,5,175,3,688,2.324084041233112,1.9107304,0.4133536792946355,9.296336164932448,9.479416,-0.1830797286222392,20.916756371098007,17.111897,3.8048598562054288,37.18534465972979,28.14209,9.043254815979793,0.0182342589116,0.025613293,-0.0073790341401196655,0.0093112983554116,0.013562341,-0.004251042865265299
standard_NN,5,175,3,689,2.4808285055534465,1.9120712,0.5687572775261027,9.923314022213786,8.599514,1.3238000146454265,22.32745654998102,15.4185295,6.908927039482972,39.69325608885514,36.506966,3.186290451648105,0.0985140488485558,0.03771459,0.06079945946137738,0.0443862936954511,0.019386092,0.025000201494575817
standard_NN,5,175,3,690,3.855013621688679,4.7896566,-0.9346430174104423,15.420054486754715,19.458302,-4.038247057434738,34.69512259519811,44.24168,-9.546557550065565,61.68021794701886,73.50996,-11.82973841284442,0.0959053116717678,0.0145735135,0.08133179814157304,0.0510369381099283,0.007970721,0.04306621664904945
standard_NN,5,175,3,691,17.94961704808851,18.128778,-0.17916140955309245,71.79846819235404,70.95342,0.8450456459673177,161.54655343279657,159.60518,1.9413745997887588,287.19387276941615,281.99652,5.197351773322396,0.0003485282831036,0.0001499357,0.00019859258089237645,0.0001684275066225,-0.0002968494,0.00046527691480947213
standard_NN,5,175,3,692,5.634114891015761,6.225081,-0.5909660759337019,22.536459564063044,25.245035,-2.708575607445745,50.70703401914186,58.671818,-7.964783760399158,90.14583825625218,96.30518,-6.159345154392355,0.0033260561291004,-0.00021033573,0.0035363918546695663,0.001721058476955,-0.00034412567,0.0020651841473358903
standard_NN,5,175,3,693,8.298360489473515,7.1384044,1.1599561201192667,33.19344195789406,30.108185,3.085257143440934,74.68524440526163,69.85561,4.829630696765534,132.77376783157624,118.64895,14.124819162142643,2.2866394499188017e-05,-0.0019063924,0.0019292587918582015,1.1330540445061387e-05,-0.00088284945,0.0008941799869429189
standard_NN,5,175,3,694,5.792866871996669,5.0867915,0.7060753566463269,23.171467487986675,20.570368,2.6010996748763233,52.13580184797003,45.054916,7.080885466134092,92.6858699519467,81.24488,11.440989275677168,0.0003201137451497,0.0031588871,-0.0028387734046163874,0.0001137790247182,0.0019270479,-0.0018132688267772448
standard_NN,5,175,3,695,19.13495466765149,20.026163,-0.8912084335448007,76.53981867060597,79.0731,-2.5332785583979387,172.21459200886343,178.84315,-6.628562898363128,306.15927468242387,312.88272,-6.723446264841755,0.0002944669230491,0.00035940227,-6.493534793852989e-05,0.0001476533684983,-3.7194808e-05,0.0001848481765993487
standard_NN,5,175,3,696,40.39555485052529,33.802765,6.5927899579471685,161.58221940210117,135.7412,25.841023723390236,363.5599936547276,301.9993,61.56069555902445,646.3288776084047,541.1582,105.1706744834047,9.441400375201815e-05,0.00012200394,-2.7589937462625265e-05,4.579064833803763e-05,2.1497373e-05,2.429327495617521e-05
standard_NN,5,175,3,697,4.392348619938861,4.4700966,-0.07774796819590435,17.569394479755445,16.39683,1.172564874652906,39.53113757944976,32.944073,6.58706485606109,70.27757791902178,67.24688,3.0306983413850617,0.0004764442167707,0.0017145232,-0.0012380789664111819,0.0001797047693971,0.0008263708,-0.0006466660165470638
standard_NN,5,175,3,698,4.2503758006177925,3.3420358,0.9083400302015328,17.00150320247117,13.329147,3.6723558636039826,38.253382205560136,33.02398,5.2294030185484175,68.00601280988468,52.504517,15.50149620832218,0.0008327195242109,0.0030492416,-0.0022165220875231327,0.0003721672345139,0.0015987883,-0.0012266210743971254
standard_NN,5,175,3,699,8.264012232904452,8.218496,0.04551591027261637,33.05604893161781,33.990696,-0.9346470217513314,74.37611009614007,76.72638,-2.350269298391183,132.22419572647124,135.17725,-2.953050367278763,0.0002509588682984,-0.0005878222,0.0008387810392265206,8.868421414837076e-05,-0.00047153432,0.0005602185380269571
standard_NN,5,175,3,700,8.07605471198222,8.74751,-0.6714552443776434,32.30421884792888,35.54794,-3.2437204526082297,72.68449240783998,81.25818,-8.573686303097517,129.21687539171552,139.18161,-9.964734715706356,0.0021613745269,0.0024145725,-0.00025319799141889157,0.0011161830707037,0.0014711482,-0.0003549651510498376
standard_NN,5,175,3,701,14.2229337089186,14.86771,-0.644776404606791,56.8917348356744,59.02152,-2.129783871600992,128.0064033802674,137.08551,-9.079106873638864,227.5669393426976,233.75159,-6.184647571364906,0.0004428414806659,0.00015179974,0.0002910417363215836,0.0001552675495042,4.2843287e-05,0.00011242426271215083
standard_NN,5,175,3,702,6.929263104376097,7.084976,-0.15571309191296567,27.717052417504387,31.566292,-3.849239391577644,62.36336793938487,72.359535,-9.996167277900284,110.86820967001756,116.6122,-5.743988205958999,0.002632910235679,0.005663838,-0.003030927536183745,0.0012153333447168,0.0035704211,-0.0023550877884735933
standard_NN,5,175,3,703,16.97659418086485,18.838667,-1.862072735028704,67.9063767234594,75.03294,-7.126567002126535,152.78934762778366,169.80055,-17.011204740380407,271.6255068938376,299.65118,-28.02567718819364,0.0001349380679212,0.003668554,-0.0035336158264644953,5.308821386626992e-05,0.0018173665,-0.0017642782436779973
standard_NN,5,175,3,704,6.831497759354942,8.117984,-1.286486058699257,27.32599103741977,33.032703,-5.706712362238434,61.48347983419448,76.42643,-14.942949914340673,109.30396414967908,128.61177,-19.307806480203737,0.0071918077761791,0.0033424776,0.0038493301714322813,0.0031726863596985,0.001998239,0.001174447395692195
standard_NN,5,175,3,705,2.85935397342903,2.1440907,0.7152633209632095,11.43741589371612,8.676798,2.7606180268948304,25.73418576086128,18.549809,7.184377258664014,45.74966357486448,36.026382,9.723281128575415,0.0085457363139333,0.004999453,0.0035462831120433077,0.0041410458204205,0.0031234717,0.0010175740741993154
standard_NN,5,175,3,706,2.4877669875267743,0.79578024,1.6919867460373639,9.951067950107095,5.614706,4.336361910678384,22.38990288774097,12.520351,9.86955147782886,39.80427180042839,20.41806,19.386211497694013,0.0018842706390763,0.016935727,-0.015051455988631182,0.0011450870024938,0.0086467555,-0.0075016684767823805
standard_NN,5,175,3,707,2.451173278605219,2.099699,0.351474258219477,9.804693114420877,9.73053,0.07416332926462665,22.06055950744697,19.670414,2.3901455364997055,39.21877245768351,35.589355,3.6294169889335066,0.1549682266181138,0.045101956,0.10986627108508615,0.0712397021824571,0.02276877,0.04847093276922429
standard_NN,5,175,3,708,1.8701541496723308,1.936007,-0.06585287318533517,7.480616598689323,9.228378,-1.7477616972091141,16.831387347050978,13.495052,3.3363350094044932,29.922466394757294,27.879158,2.0433083747377623,0.0489463112801202,0.026332762,0.022613549187768284,0.0250917709334481,0.013271361,0.011820410275338911
standard_NN,5,175,3,709,13.36517271273798,13.869419,-0.5042463851624106,53.46069085095192,54.287045,-0.8263536741945643,120.2865544146418,122.96343,-2.67687789736992,213.84276340380768,216.88562,-3.0428567133798197,0.0002961795766746,-0.005912032,0.006208211555043359,0.0001659880138245,-0.0032435998,0.003409587799316324
standard_NN,5,175,3,710,2.8675305533945794,2.0015197,0.866010873371386,11.470122213578318,10.557295,0.9128273679972629,25.807774980551216,20.665905,5.141869981771919,45.88048885431327,38.048866,7.831622582340614,0.030246708697937,0.00994161,0.02030509912159251,0.0168075716938603,0.0052834987,0.011524073022954471
standard_NN,5,175,3,711,5.169604339436905,4.7195334,0.45007089598597716,20.67841735774762,19.39132,1.2870980828452758,46.52643905493215,45.52971,0.9967301926274601,82.71366943099048,75.11236,7.6013113377287596,0.0009109147341291,0.0016266492,-0.000715734438847513,0.0004792415002242,0.0005066515,-2.7409971144768492e-05
standard_NN,5,175,3,712,2.9445639806828345,3.168891,-0.2243269723811303,11.778255922731338,12.311813,-0.5335574317608494,26.50107582614552,25.262882,1.2381935934795045,47.11302369092535,45.865807,1.2472171113355088,0.0090562749712983,0.033822346,-0.024766071507402336,0.0060744726513251,0.017215306,-0.01114083328799165
standard_NN,5,175,3,713,2.348835347275052,2.8620205,-0.5131851452786589,9.395341389100208,10.971327,-1.5759854389027215,21.13951812547547,23.74136,-2.6018415852178904,37.58136555640083,42.734085,-5.15271952660698,0.0126314760013717,0.010534619,0.0020968570201891253,0.0053633691619596,0.005590994,-0.0002276247490683083
standard_NN,5,175,3,714,3.06977565574086,3.5827713,-0.512995645528671,12.27910262296344,13.834936,-1.5558335190043326,27.62798090166774,32.912014,-5.284033105900619,49.11641049185376,57.51731,-8.400900604337643,0.0061619161821298,0.0121304095,-0.0059684932970114355,0.0036184813168752,0.0067060743,-0.003087593028981705
standard_NN,5,175,3,715,4.988652898520612,4.9554305,0.03322239086069967,19.954611594082447,19.032547,0.9220645970121346,44.89787608668552,43.317184,1.5806916384433336,79.81844637632979,71.28466,8.53378603697432,0.0019618759175075,0.0038949817,-0.0019331057778315835,0.0007326411208186,0.002110106,-0.0013774648183908613
standard_NN,5,175,3,716,3.17511829308196,2.2373543,0.9377640145175068,12.70047317232784,11.372919,1.3275540896862381,28.57606463773764,19.81184,8.764224580364594,50.80189268931136,40.450294,10.351598194682452,0.0027367120014591,0.011099679,-0.008362967394097351,0.0016983443826759,0.006171868,-0.004473523800042854
standard_NN,5,175,3,717,5.785582401500091,4.5765057,1.2090767404893485,23.142329606000363,19.802794,3.3395361031927457,52.07024161350081,47.24905,4.821191473119953,92.56931842400144,81.06557,11.503751407399875,0.0002742914990352,0.0012691773,-0.0009948858018203174,0.0001159216327758,0.00044837885,-0.0003324572179301216
standard_NN,5,175,3,718,3.8670430047944016,3.4223742,0.4446687562897629,15.468172019177606,14.571159,0.8970126563846375,34.80338704314961,35.91858,-1.1151920584128874,61.872688076710425,56.291946,5.580741665577612,0.009454606510343,0.007922421,0.0015321853008288585,0.0036640627351547,0.00460383,-0.0009397674310063601
standard_NN,5,175,3,719,37.46793028688852,28.025517,9.442413776878752,149.87172114755407,115.40044,34.47128474618688,337.2113725819966,260.1243,77.08707448629349,599.4868845902163,451.6383,147.84857892615378,0.000118825692371,0.001738847,-0.0016200213081534016,5.959415156976146e-05,0.00095784466,-0.0008982505109102948
standard_NN,5,175,3,720,4.6799548980400605,4.4545517,0.22540320126271673,18.71981959216024,16.735456,1.9843631254854337,42.11959408236054,37.97471,4.144885525231636,74.87927836864097,64.87916,10.000120348621437,0.0020432057793048,0.006897903,-0.00485469726819724,0.0008199053378851,0.0037832968,-0.0029633914558141643
standard_NN,5,175,3,721,6.3140088512631936,5.092883,1.2211257412168068,25.25603540505277,21.485882,3.770153599632849,56.82607966136874,51.43218,5.393901164054284,101.0241416202111,83.259476,17.764665912203284,0.0012380003656837,0.004216904,-0.0029789034549501884,0.0006181596136896,0.0020433466,-0.0014251870278956308
standard_NN,5,175,3,722,6.962408835301998,6.739352,0.22305660904467395,27.849635341208,26.844843,1.0047924304413982,62.66167951771798,69.16691,-6.505228746442178,111.39854136483196,116.67283,-5.27428730948445,0.0026281286738265,0.015391288,-0.012763159651364044,0.0009297598434335,0.008269811,-0.007340051205670237
standard_NN,5,175,3,723,22.82328998045657,22.315136,0.5081540246460214,91.29315992182627,86.293304,4.999855478466898,205.4096098241092,196.18797,9.221636801648259,365.1726396873052,350.42654,14.746095497852082,0.0001444960139757,-0.0025129362,0.002657432261488398,8.01241515667132e-05,-0.0018934616,0.0019735857170538
standard_NN,5,175,3,724,4.719518620313517,4.8779025,-0.15838388746846555,18.878074481254068,19.478287,-0.600212261909995,42.47566758282164,44.270496,-1.7948287855865601,75.51229792501627,77.24562,-1.7333228025227925,0.002887839066605,0.0042434707,-0.0013556316617923695,0.0012213367887312,0.0024798317,-0.00125849489937486
standard_NN,5,175,3,725,16.32848496436736,17.842459,-1.513973760608227,65.31393985746944,68.85038,-3.536440086378221,146.95636467930626,157.96776,-11.011393499404676,261.25575942987774,283.16425,-21.90848617559101,0.0013477888086776,0.00037806225,0.0009697265585849745,0.0008858269544482,-0.00045618985,0.0013420168075874215
standard_NN,5,175,3,726,19.795511033793485,18.557188,1.2383229997358676,79.18204413517394,71.68424,7.497801886638783,178.15959930414138,163.34529,14.814308166446068,316.72817654069576,291.19226,25.535915798508256,0.000184434989813,0.0019832875,-0.0017988525215804278,0.0001185555623363,0.0007186638,-0.000600108233514871
standard_NN,5,175,3,727,2.4344568642220232,2.3630118,0.071445027216408,9.737827456888091,8.674234,1.063593066629302,21.910111777998207,20.636879,1.2732328107130506,38.95130982755237,37.970924,0.9803854501109655,0.0033726576939966,0.0068934904,-0.0035208327471469127,0.0018438815273234,0.003864963,-0.0020210815459600342
standard_NN,5,175,3,728,7.776034232672879,7.61573,0.16030442386550625,31.10413693069152,29.685316,1.418820844876091,69.9843080940559,67.15797,2.8263414802863736,124.41654772276608,118.89871,5.517835564562958,0.0011360476795986,0.0016444402,-0.0005083925485208924,0.000635778640247,0.001000414,-0.0003646353801348679
standard_NN,5,175,3,729,15.088662328999805,15.348115,-0.2594526383463869,60.35464931599922,62.16166,-1.8070099247234381,135.79796096099827,136.36241,-0.5644505380251701,241.41859726399687,243.31728,-1.89867873697969,0.0001975135823886,-0.0026829687,0.0028804823236714206,0.0001183990386086,-0.001974263,0.002092662034254004
standard_NN,5,175,3,730,22.200328241148654,29.161684,-6.961355795106229,88.80131296459462,114.66928,-25.86796804126476,199.8029541703379,260.38132,-60.57836296833398,355.20525185837846,464.74625,-109.54099447951216,1.0200858923463462e-05,0.0030532707,-0.0030430698870989995,3.175237763357828e-06,0.0014769305,-0.0014737552166100018
standard_NN,5,175,3,731,11.826310812541507,12.474494,-0.6481831678662076,47.30524325016604,51.373657,-4.068413976396457,106.4367973128736,112.93105,-6.4942558487475,189.2209730006641,201.19518,-11.97420217023435,0.0001878495524759,-0.0022744627,0.0024623122728551334,9.1178685943781e-05,-0.0013339807,0.0014251593906015145
standard_NN,5,175,3,732,4.258804167384981,3.237299,1.0215052019308795,17.035216669539924,14.29673,2.738486628036018,38.32923750646482,32.13176,6.197477862910134,68.1408666781597,54.377075,13.763791482847196,0.0005938625076527,0.005574537,-0.0049806744678204656,0.0002652633967712,0.003129055,-0.0028637916282848045
standard_NN,5,175,3,733,10.450616472858064,9.996698,0.4539180933414624,41.802465891432256,42.607513,-0.8050475363021192,94.05554825572258,94.53341,-0.4778608629297594,167.20986356572902,165.64865,1.561212442682148,0.000102046485343,0.0019472481,-0.0018452016363805328,4.25207167296738e-05,0.00083763746,-0.0007951167440609008
standard_NN,5,175,3,734,10.26519806986247,10.686123,-0.42092482442463997,41.06079227944988,43.428207,-2.36741511801106,92.38678262876223,95.586655,-3.199872034323704,164.2431691177995,166.13649,-1.893320750364552,0.0031203248098543,-0.0022086257,0.005328950474788817,0.0017496207120821,-0.0010867136,0.0028363343418568495
standard_NN,5,175,3,735,20.500990725635813,22.081335,-1.5803443421132108,82.00396290254325,88.016785,-6.0128217654255,184.5089165307224,194.49963,-9.990717258340112,328.015851610173,353.04855,-25.032701856623873,7.024558829213636e-05,0.0015785822,-0.0015083366296247099,3.3618747071328135e-05,0.00068591663,-0.0006522978844112135
standard_NN,5,175,3,736,8.216473521237178,7.192085,1.0243887319610554,32.865894084948714,29.706581,3.1593129692260575,73.94826169113462,63.00169,10.946571780245947,131.46357633979486,120.94856,10.515013717724543,0.0001856042743032,-0.00050322874,0.0006888330187951347,9.106865172602254e-05,-0.0003752777,0.00046634636373586974
standard_NN,5,175,3,737,5.475905731902349,5.657503,-0.1815973961494084,21.9036229276094,23.0601,-1.1564776278105207,49.28315158712115,54.692787,-5.40963558328901,87.61449171043759,86.1962,1.4182942006719657,0.0035056360035557,0.003072712,0.00043292389878813895,0.0013185890230823,0.0018018304,-0.00048324134410287546
standard_NN,5,175,3,738,11.802040268467303,10.769817,1.0322229161723815,47.20816107386921,43.056202,4.15195913905476,106.21836241620572,96.52047,9.697892750678378,188.83264429547685,170.45868,18.373965096258104,0.0001676842908172,0.00024551968,-7.783539008516187e-05,8.347402069280407e-05,-0.00010732596,0.0001907999834374573
standard_NN,5,175,3,739,1.7680090257619416,1.030015,0.7379940340016877,7.072036103047767,5.760298,1.3117383277792127,15.912081231857474,10.487629,5.424452295089896,28.288144412191063,18.011002,10.277142825277,0.0635576442395264,0.00975275,0.05380489384279788,0.0347494063100534,0.0054569887,0.029292417610319192
standard_NN,5,175,3,740,23.533263201206267,23.989542,-0.4562788062400216,94.13305280482508,98.934784,-4.801731130721791,211.79936881085644,224.17847,-12.379097986018564,376.5322112193003,382.7484,-6.2162018666372205,9.225500066163006e-05,0.000659026,-0.0005667709720474296,3.0184355324552822e-05,0.00065836345,-0.0006281790977879898
standard_NN,5,175,3,741,4.258611667534818,5.7010064,-1.4423947449712857,17.03444667013927,22.380705,-5.346258209621471,38.327505007813365,49.85662,-11.529115780760854,68.13778668055708,82.45417,-14.316383546493697,0.0034791735963405,0.0043750643,-0.0008958906835436001,0.0020158030500474,0.002193614,-0.00017781085913753285
standard_NN,5,175,3,742,5.890543392121846,6.1677146,-0.27717120367283155,23.562173568487385,24.921915,-1.3597414858339043,53.01489052909663,53.93381,-0.918920658647508,94.24869427394954,98.49337,-4.244675782202805,0.0061128368749427,0.0038363303,0.002276506615723888,0.0029370319829915,0.0020466666,0.0008903654092584086
standard_NN,5,175,3,743,8.70935843963217,7.8061376,0.9032208778340749,34.83743375852868,31.185186,3.652247372420284,78.38422595668953,70.644,7.740228764306721,139.34973503411473,121.77075,17.57898308098973,0.0007306837680434,0.0007456525,-1.496870828223112e-05,0.0002777775624755,0.00044597138,-0.00016819381937504066
standard_NN,5,175,3,744,3.58729335434284,2.9975944,0.5896989978059746,14.349173417371356,8.651381,5.697792878430926,32.285640189085555,28.300869,3.9847712010484457,57.39669366948543,39.400093,17.99660059087215,0.003203852546207,0.008026637,-0.004822784590729188,0.0012557185145897,0.004313402,-0.0030576833632903963
standard_NN,5,175,3,745,4.3731194850572335,4.734157,-0.3610376003614677,17.492477940228934,19.90348,-2.4110025895562224,39.35807536551511,40.05532,-0.697245374230981,69.96991176091574,74.385185,-4.415273480783483,6.922992682248785e-05,0.0005516282,-0.0004823982548883514,2.926704403553005e-05,9.2773815e-05,-6.350677065011267e-05
standard_NN,5,175,3,746,18.39583685980177,20.461018,-2.0651807488408096,73.58334743920707,80.61233,-7.02898013647652,165.56253173821594,178.74864,-13.1861102295575,294.3333897568283,320.08078,-25.74739027246858,0.0001625122758177,-1.2743067e-05,0.00017525534250844576,7.825476855509e-05,-0.00015694869,0.00023520346072040515
standard_NN,5,175,3,747,6.667520132070138,5.949726,0.7177940273338095,26.67008052828055,23.669313,3.0007670974944176,60.00768118863123,57.8834,2.124281225252325,106.6803221131222,93.08831,13.592011871422983,0.0007787565873301,0.0051751365,-0.004396379908051494,0.000351187700825,0.003163308,-0.0028121202043721438
standard_NN,5,175,3,748,23.62487300992673,24.04526,-0.42038646578127725,94.49949203970694,96.58052,-2.081028590175876,212.6238570893406,219.58672,-6.962858608901598,377.99796815882775,395.18018,-17.182207622422254,7.434995514011049e-05,0.0009923864,-0.0009180364138945375,2.398574146526293e-05,0.00075974676,-0.0007357610214586334
standard_NN,5,175,3,749,20.297072309396807,18.66513,1.6319416941624318,81.18828923758723,74.28241,6.905879569618477,182.6736507845713,164.99652,17.677129788477544,324.7531569503489,298.82498,25.928175260895785,2.315686944939018e-05,0.0017629366,-0.0017397797207900155,1.4379707688878902e-05,0.00073341595,-0.0007190362377442013
