model,training_percentage,training_samples,repeat,source_row_index,actual_f1,predicted_f1,error_f1,actual_f2,predicted_f2,error_f2,actual_f3,predicted_f3,error_f3,actual_f4,predicted_f4,error_f4,actual_peak_displacement,predicted_peak_displacement,error_peak_displacement,actual_rms_displacement,predicted_rms_displacement,error_rms_displacement
standard_NN,10,350,3,0,6.186700893706153,6.4059677,-0.21926681869619102,24.74680357482461,26.626541,-1.8797375628707016,55.680308043355375,59.297726,-3.61741763413486,98.98721429929844,108.515335,-9.528120783709369,0.0035537163708347,0.0047193207,-0.001165604313836702,0.0018668367173623,0.0025692915,-0.0007024547904629554
standard_NN,10,350,3,1,9.903250120774487,9.601214,0.30203571189997547,39.61300048309796,38.0376,1.5753990121506973,89.12925108697041,83.82098,5.308274829646194,158.45200193239182,149.9666,8.485403421649636,0.0061209173382417,0.0036471984,0.0024737189033225814,0.0029278196685243,0.0016194175,0.0013084022153395762
standard_NN,10,350,3,2,4.639680631888204,4.847564,-0.20788358854026256,18.558722527552817,18.570902,-0.012179343174722135,41.75712568699384,39.247692,2.509433578839541,74.23489011021127,73.17709,1.0577966043518927,0.0053186435933173,0.007287164,-0.0019685206254064736,0.002820590054376,0.0035518429,-0.0007312528232653204
standard_NN,10,350,3,3,6.806357768124741,6.9807224,-0.17436465924342315,27.225431072498964,28.53232,-1.3068889500840442,61.25721991312268,64.02049,-2.763272640588255,108.90172428999584,113.0245,-4.122773695844003,0.0066459270300925,0.004265153,0.0023807741808355076,0.0033518613871852,0.0020538904,0.0012979710099021036
standard_NN,10,350,3,4,15.868402634520177,16.53962,-0.6712168112806047,63.47361053808071,68.460045,-4.986434322759131,142.8156237106816,150.68134,-7.865711738537158,253.8944421523228,268.11334,-14.218900132833454,0.0002914181937687,0.0005627508,-0.00027133259882778916,0.000185351405424,0.00027021352,-8.486211892130854e-05
standard_NN,10,350,3,5,12.643611494404144,12.74497,-0.10135882725112921,50.57444597761658,51.64993,-1.0754830690142825,113.79250344963732,115.46022,-1.6677168872767396,202.2977839104663,204.07246,-1.774680078791505,0.0012559713638756,0.0003046557,0.0009513156680758619,0.0006072123145144,8.69523e-05,0.0005202600153437383
standard_NN,10,350,3,6,9.45972756115158,8.889075,0.5706522819157396,37.83891024460632,36.169956,1.668954037330927,85.13754805036422,81.59426,3.543286880930623,151.35564097842527,150.04796,1.3076826044018333,0.0052110600853599,0.01207444,-0.006863379701014669,0.0024767616399103,0.00688525,-0.004408488459093015
standard_NN,10,350,3,7,7.027557013460982,7.0570292,-0.029472233822953164,28.11022805384393,28.093496,0.016731731212093592,63.24801312114885,63.084446,0.1635671677797106,112.44091221537572,106.29227,6.148645369672593,0.0003562779189139,0.0007677982,-0.00041152030229052986,0.0001601930054747,0.00018380031,-2.3607302675539288e-05
standard_NN,10,350,3,8,5.496248478891723,4.869044,0.6272046518348384,21.984993915566893,20.860884,1.124110202798338,49.46623631002551,45.40966,4.056575970670039,87.93997566226757,86.6025,1.3374747467402273,0.0052667846196957,0.0023617616,0.002905022980801023,0.0027349370426037,0.0014122489,0.0013226881051906034
standard_NN,10,350,3,9,8.258353189123369,8.210914,0.04743953098127918,33.03341275649348,32.481724,0.5516889710930926,74.32517870211032,70.562874,3.76230486177829,132.1336510259739,128.06013,4.073516138278592,0.0008322962233817,-0.0014950138,0.0023273100517710466,0.00035169445793,-0.00091637037,0.0012680648232330097
standard_NN,10,350,3,10,1.929974717044784,2.6154854,-0.6855107127190099,7.719898868179136,8.771321,-1.0514224285127582,17.369772453403055,21.210833,-3.8410601424221404,30.879595472716545,33.268787,-2.389191911316658,0.0234900632577201,0.06504218,-0.04155211954543389,0.0119642960333229,0.033243936,-0.02127963952189675
standard_NN,10,350,3,11,4.927304670559308,5.202,-0.27469547058449084,19.709218682237232,20.37217,-0.6629508123916743,44.34574203503377,44.328598,0.017144012572835265,78.83687472894893,81.576996,-2.740121120660447,0.0003189917155481,0.001314527,-0.0009955352903404217,0.0001180333771677,0.00080737896,-0.0006893455877966004
standard_NN,10,350,3,12,15.472698554740608,17.175646,-1.702947273506462,61.89079421896243,70.02192,-8.131125031525855,139.25428699266547,154.69296,-15.438675653818905,247.5631768758497,277.29495,-29.73177551672842,0.0006305740513392,0.0011116863,-0.0004811122947819324,0.0002503300297083,0.0002777556,-2.7425577676888342e-05
standard_NN,10,350,3,13,3.240174949311588,3.163648,0.07652705922064573,12.960699797246352,11.443337,1.5173623567556298,29.16157454380429,30.11954,-0.9579647170599692,51.84279918898541,45.784122,6.058676721944394,0.0216719214517747,0.011782888,0.009889033128706082,0.0102374025954442,0.0058631296,0.004374272968484638
standard_NN,10,350,3,14,7.256315136126632,8.162318,-0.9060030935486614,29.02526054450653,33.281513,-4.256252669604798,65.30683622513969,75.280365,-9.973528765094684,116.10104217802612,131.69562,-15.59457549775513,0.0032415115549485,0.007422635,-0.004181123311140129,0.0012703612274022,0.004051827,-0.002781465666881095
standard_NN,10,350,3,15,4.442000092457506,4.22218,0.21982020277855074,17.768000369830023,17.17357,0.594429736895453,39.97800083211755,36.198845,3.7791559224495828,71.0720014793201,71.63363,-0.5616273658947506,0.0026040336139117,0.0036554812,-0.0010514475383247616,0.001408026651636,0.0023616275,-0.0009536008768079324
standard_NN,10,350,3,16,12.033025442877864,12.104009,-0.07098323174371757,48.13210177151145,49.665997,-1.5338947800022211,108.29722898590076,108.04663,0.25059812652575886,192.5284070860458,193.03438,-0.5059709657120095,0.0001476335873221,-0.0006557027,0.0008033363100466271,4.904790280904922e-05,-0.00037017738,0.00041922528494667564
standard_NN,10,350,3,17,3.7933805119604735,3.9205549,-0.1271743643670411,15.173522047841894,15.571919,-0.39839739338125035,34.14042460764426,34.286247,-0.14582264577370552,60.69408819136758,63.34329,-2.6492002302632827,0.0039353939566326,0.007373558,-0.0034381639350640914,0.0016935033868195,0.0036538795,-0.0019603761234192668
standard_NN,10,350,3,18,2.4501347258980446,2.1983292,0.2518055156166725,9.800538903592178,8.633197,1.1673420728426667,22.051212533082406,20.691336,1.3598768549818203,39.20215561436871,30.824026,8.378129506580628,0.0191874611705435,0.055190966,-0.03600350436271303,0.011834558380617,0.028519824,-0.016685265766607428
standard_NN,10,350,3,19,3.251164306111213,3.8100126,-0.5588482728530204,13.004657224444854,14.0581045,-1.0534472906308299,29.26047875500092,31.344824,-2.084345082279352,52.018628897779415,63.200382,-11.1817533348866,0.0430041175307428,0.0052793915,0.037724725992391024,0.0236641386342238,0.002820362,0.02084377653012083
standard_NN,10,350,3,20,4.237986580249869,3.80772,0.4302666343422761,16.951946320999475,15.850348,1.1015978484042606,38.141879222248825,35.47903,2.6628486131179656,67.8077852839979,62.85026,4.95752359576548,0.0047768707120056,0.006495271,-0.0017184001660709531,0.0019492283195955,0.003439748,-0.0014905196416425267
standard_NN,10,350,3,21,40.64406666890176,32.49247,8.151596881304101,162.57626667560703,127.39368,35.18258991779453,365.7966000201158,282.40884,83.3877560259752,650.3050667024281,521.41077,128.89430010086562,1.5505257108330758e-05,-0.00012140296,0.00013690821877595786,9.130186019217458e-06,0.0002076559,-0.00019852571704915366
standard_NN,10,350,3,22,2.902183163048412,2.6551735,0.24700962293305562,11.608732652193648,12.265946,-0.6572137360509807,26.119648467435702,27.556784,-1.4371352087117586,46.43493060877459,50.08597,-3.6510412235007976,0.0097184221669327,0.009757657,-3.923443711889053e-05,0.0050084951975183,0.005164539,-0.0001560437782867439
standard_NN,10,350,3,23,5.142201232783284,4.550585,0.5916164396924639,20.568804931133137,19.521057,1.047747802226887,46.27981109504956,43.504227,2.7755844104792473,82.27521972453255,76.04436,6.23086242472786,0.0011226691117699,0.0028728181,-0.001750149037856355,0.0005077374228269,0.0015546255,-0.0010468880352571468
standard_NN,10,350,3,24,2.1600466311698385,1.8717335,0.2883130849128195,8.640186524679354,6.638929,2.0012576344510826,19.440419680528542,14.091593,5.348826891832253,34.560746098717416,29.776922,4.783823872765268,0.0278291828382865,0.008216482,0.019612701182450395,0.0158586446318918,0.0041549327,0.011703711946695401
standard_NN,10,350,3,25,15.039436223097557,15.063314,-0.02387821476865426,60.15774489239022,60.16735,-0.009605876652749146,135.35492600787802,136.57956,-1.2246333182938542,240.63097956956088,240.25928,0.3717022258108784,3.13657136574224e-05,-0.0010694395,0.0011008051723182038,1.738559044836718e-05,-0.00012029282,0.000137678408331095
standard_NN,10,350,3,26,12.689187530339115,12.405533,0.2836546934250528,50.75675012135647,49.868584,0.8881664421572495,114.20268777305203,108.61618,5.586507353130159,203.02700048542587,197.21046,5.8165360078868105,0.0009588654445881,8.043373e-05,0.0008784317122237733,0.0004114017392586,-6.663886e-05,0.0004780405979564428
standard_NN,10,350,3,27,8.035770564195651,8.434902,-0.399131626966458,32.143082256782606,32.809483,-0.6664003176802851,72.32193507776086,72.13803,0.1839040719014804,128.57232902713042,135.68306,-7.11073066525239,0.0005528791614672,-0.0005320226,0.0010849017806215042,0.0002125299899266,-0.0006977382,0.0009102681898870404
standard_NN,10,350,3,28,30.800036447357083,26.589369,4.210667627166654,123.20014578942832,108.24131,14.958835669799413,277.2003280262137,240.00021,37.20011440316682,492.8005831577133,435.4262,57.37437466161953,5.210402567520608e-05,0.002025512,-0.001973408021436782,1.614234783510892e-05,0.0011372257,-0.0011210833080037383
standard_NN,10,350,3,29,6.95030101364309,6.752732,0.19756921356374413,27.80120405457236,27.98868,-0.1874758312918985,62.55270912278782,62.294025,0.25868370164523924,111.20481621828944,108.98479,2.22002923098475,0.0016745240663364,0.0035302592,-0.0018557351778075628,0.000820124024276,0.0016741486,-0.0008540245790664735
standard_NN,10,350,3,30,14.6619414403532,15.676443,-1.0145016596223861,58.6477657614128,62.34105,-3.6932834329231383,131.95747296317882,142.09444,-10.136963682328997,234.5910630456512,251.2985,-16.70742938598943,0.0003207644041915,0.001698895,-0.001378130604111725,0.0001060963068559,0.0005379066,-0.000431810291909503
standard_NN,10,350,3,31,3.749525168065405,4.009413,-0.25988759743752476,14.99810067226162,13.663199,1.3349012475179673,33.74572651258865,35.538086,-1.7923594249113535,59.992402689046486,61.149494,-1.1570914820960922,0.0610179422162491,0.011866739,0.04915120319649755,0.0331257359560026,0.0061900583,0.026935677646417744
standard_NN,10,350,3,32,2.068929461665606,2.2593505,-0.1904210765881782,8.275717846662424,9.139661,-0.8639429886036893,18.620365154990456,25.301538,-6.681173312416771,33.102871386649696,34.055943,-0.9530711487506949,0.0161139002143161,0.011999262,0.004114638648809642,0.0089729294159271,0.005817117,0.003155812246427702
standard_NN,10,350,3,33,11.856180485244336,12.324746,-0.4685656466526371,47.42472194097735,50.085934,-2.661211744325385,106.70562436719904,109.47714,-2.771517966785339,189.6988877639094,196.83864,-7.139750541754665,0.0002760859269495,-3.98815e-05,0.0003159674260553316,0.0001023009876367,1.2325657e-05,8.997533081084881e-05
standard_NN,10,350,3,34,7.749130820433567,8.019906,-0.2707752235727803,30.99652328173427,31.618584,-0.6220603974649492,69.74217738390212,69.70092,0.04125727892164832,123.98609312693708,125.92111,-1.935018933609797,0.0008412893334205,-0.000119219476,0.0009605088093119411,0.0004622929601314,-0.00016826081,0.000630553772774384
standard_NN,10,350,3,35,6.635803980157069,6.0068827,0.6289213126155655,26.54321592062828,24.56502,1.9781963130843359,59.722235821413626,54.74146,4.980776928591361,106.17286368251312,95.746185,10.42667837977875,0.0010605453856659,0.002282835,-0.0012222896918284828,0.0005151382196758,0.0012800576,-0.0007649193735729846
standard_NN,10,350,3,36,10.61488749918763,10.213303,0.4015848868829419,42.45954999675052,42.716652,-0.2571019197533886,95.53398749268868,90.74595,4.7880387011847745,169.83819998700207,164.88838,4.949818028994258,0.0002930875378121,0.001985725,-0.0016926374775897402,0.0001548547260525,0.0010964344,-0.0009415796995101202
standard_NN,10,350,3,37,3.2355863041003987,3.2485292,-0.012942891685123747,12.942345216401597,11.900029,1.0423160339675146,29.120276736903588,29.71942,-0.5991427424665297,51.76938086560638,49.263462,2.505918798955989,0.0150253291618152,0.00809258,0.006932748798660789,0.0074359097671304,0.0040490315,0.0033868782375548138
standard_NN,10,350,3,38,13.904540915174742,13.3799515,0.5245894381239609,55.61816366069897,55.326317,0.2918468272028747,125.14086823657269,125.07376,0.0671072502445611,222.47265464279587,217.07747,5.395185770725561,0.0009457456538146,0.0051195486,-0.0041738029910559195,0.0005292154861014,0.0031755941,-0.0026463786593307146
standard_NN,10,350,3,39,10.343716525408988,10.028911,0.31480588850713254,41.37486610163595,42.24218,-0.8673137689695167,93.09344872868093,89.70164,3.3918114606145195,165.4994644065438,164.42058,1.0788864036141206,0.0001568621964532,-0.00068293506,0.000839797256920771,6.356414461408556e-05,-0.00039156707,0.0004551312123229057
standard_NN,10,350,3,40,6.429676602503863,6.010929,0.4187474948378478,25.718706410015454,25.634027,0.0846789289363521,57.86708942253479,56.16466,1.7024280150640863,102.8748256400618,102.84596,0.028863115647737914,0.0001118182888483,0.0031227898,-0.0030109714964176226,5.621150812716693e-05,0.0020885053,-0.00203229380094795
standard_NN,10,350,3,41,2.479684200489037,1.7459139,0.7337703373069693,9.918736801956149,6.7573485,3.1613882645110802,22.317157804401337,20.03686,2.280298292072235,39.674947207824594,28.269903,11.405044024841196,0.0290887915426202,0.019606777,0.009482015007109185,0.0131539099371442,0.010096127,0.003057782769800106
standard_NN,10,350,3,42,11.698263912526665,11.513006,0.18525770219951632,46.79305565010665,47.740837,-0.9477814470613168,105.28437521273996,105.74462,-0.46024606411550906,187.1722226004266,190.08846,-2.916232599768705,0.0005724970021776,0.0062133255,-0.0056408285392888745,0.0003085021973515,0.0031070707,-0.0027985684926694187
standard_NN,10,350,3,43,11.179834604337966,10.795789,0.38404583938435266,44.71933841735186,44.031315,0.688023567498341,100.6185114390417,98.16769,2.4508249766393533,178.87735366940746,174.91258,3.9647712719465176,0.000422215415964,0.0016511712,-0.0012289558296482042,0.0001402285004203,0.0004550345,-0.0003148059888574503
standard_NN,10,350,3,44,17.368906728179066,16.512535,0.8563716329642226,69.47562691271627,67.33752,2.1381101280482966,156.3201605536116,151.51614,4.804016754783476,277.90250765086506,266.45657,11.445934164536936,0.00020018114613,0.0029746424,-0.0027744612945466893,6.875846152524547e-05,0.0013568097,-0.00128805128774275
standard_NN,10,350,3,45,2.9830500021364865,2.4365737,0.5464762583162961,11.932200008545946,12.50368,-0.5714802206410656,26.84745001922838,25.2349,1.6125504983543557,47.72880003418378,52.092625,-4.363824630122863,0.0115029720158564,0.013239683,-0.0017367106361998175,0.005130794793116,0.007259277,-0.0021284823680947753
standard_NN,10,350,3,46,4.720890989769187,4.6131907,0.1077003388292459,18.88356395907675,17.764778,1.118785821869718,42.48801890792269,40.63248,1.855538286584796,75.534255836307,77.431145,-1.8968888780484718,0.005784865705416,0.0059148637,-0.00012999795924087745,0.002787491657286,0.0029539063,-0.00016641465343623192
standard_NN,10,350,3,47,5.062766237591458,5.0888085,-0.02604229893808263,20.25106495036584,20.392675,-0.1416104494144328,45.564896138323135,45.402607,0.1622891742118071,81.00425980146333,82.853966,-1.8497059578140096,0.0017031670636135,0.0040191473,-0.0023159801871878247,0.0006777865621889,0.0022727964,-0.0015950097892737025
standard_NN,10,350,3,48,2.055085973228175,1.6965712,0.3585147423398083,8.2203438929127,6.1794353,2.0409086397693894,18.495773759053574,16.464869,2.030905213521347,32.8813755716508,25.880865,7.000510474604901,0.0967923034095716,0.020620063,0.07617224046229834,0.0451798347561757,0.010074229,0.03510560577652854
standard_NN,10,350,3,49,2.477903044160504,2.3671386,0.11076441996921993,9.911612176642016,9.746432,0.16517987225969222,22.30112739744453,22.480585,-0.1794577008220699,39.64644870656806,39.96774,-0.32129039865655074,0.019232999656255,0.009542632,0.009690367739553205,0.0104579709025528,0.0048570693,0.005600901555499034
standard_NN,10,350,3,50,5.955595748421161,5.7818375,0.173758285042255,23.822382993684645,22.893118,0.929265089021559,53.60036173579046,52.686176,0.9141854357416292,95.28953197473858,92.28873,3.000805168097955,0.0047688682137197,0.008641084,-0.003872215511077072,0.0023862163284903,0.0047119814,-0.0023257650686318446
standard_NN,10,350,3,51,5.581267560649692,5.3128424,0.2684251915701026,22.32507024259877,21.491264,0.833805899337051,50.231408045847225,46.58108,3.6503266554663654,89.30028097039506,84.47247,4.827807825863815,0.0043352635247097,0.0029472325,0.0013880310715571626,0.0025104112520067,0.0014238443,0.0010865669992936753
standard_NN,10,350,3,52,5.211641771009218,5.293139,-0.08149720985626008,20.84656708403688,22.625256,-1.778688500679916,46.90477593908296,48.914097,-2.009320893192431,83.3862683361475,91.34718,-7.9609148913915675,0.0001961528363204,0.0017017174,-0.0015055645450451972,7.552146715998147e-05,0.0013405036,-0.0012649821043950369
standard_NN,10,350,3,53,13.334704767371436,15.104408,-1.7697034967887202,53.338819069485744,60.134205,-6.795385795016209,120.01234290634292,135.52261,-15.510270619047702,213.35527627794292,238.0142,-24.658929654674267,0.001803498916345,0.0024234187,-0.0006199197694488766,0.0007689441868172,0.0010740404,-0.0003050962381928255
standard_NN,10,350,3,54,1.589547070487722,-0.2371475,1.826694565638288,6.358188281950889,-0.9816329,7.339821170267997,14.3059236343895,1.0733743,13.232549362996679,25.432753127803554,-2.7148006,28.147553724040737,0.0131680829387649,0.017322015,-0.004153932078506142,0.0071448756216065,0.008161593,-0.0010167176069720675
standard_NN,10,350,3,55,1.983695920341253,1.7798036,0.2038922866513726,7.934783681365012,7.5872684,0.34751532885646697,17.85326328307128,19.245966,-1.392702674570323,31.739134725460048,24.617514,7.121621068843837,0.0396939400346792,0.031003725,0.00869021525102022,0.0202349661746362,0.015645007,0.004589959503088312
standard_NN,10,350,3,56,1.8669041184563684,2.3005536,-0.4336494418005896,7.4676164738254736,8.391278,-0.9236617930812647,16.802137066107317,19.024637,-2.222500156182722,29.87046589530189,37.575817,-7.705351212852406,0.1432891717733956,0.047608264,0.09568090798278814,0.0704967901410945,0.024423026,0.0460737645926364
standard_NN,10,350,3,57,10.477116954109777,10.370672,0.10644472815762818,41.90846781643911,43.878952,-1.970484209928081,94.294052586988,96.94226,-2.648208155199498,167.63387126575643,172.8366,-5.202722362173262,0.0003953383278564,0.0027484621,-0.002353123810841105,0.0001590627483103,0.0010987989,-0.0009397361888539471
standard_NN,10,350,3,58,20.375535995200487,23.138103,-2.7625674899069352,81.50214398080195,93.46774,-11.965598939119928,183.3798239568044,208.93916,-25.559339251203426,326.0085759232078,371.6084,-45.599822514292214,0.0001199136320624,0.0012316039,-0.0011116902744275087,4.486649217868252e-05,0.0009785631,-0.0009336966051269133
standard_NN,10,350,3,59,12.367229006475965,12.398741,-0.031511761956652506,49.46891602590386,49.73279,-0.2638758747309069,111.30506105828368,110.070114,1.2349469225414964,197.87566410361543,193.9692,3.9064715987326224,0.0028914706760657,0.0013011467,0.001590323981606679,0.0014562367542712,0.00047997927,0.0009762574883243052
standard_NN,10,350,3,60,7.259922346915204,7.495449,-0.2355267192469057,29.03968938766081,29.556303,-0.5166136366311811,65.33930112223683,64.266174,1.073126805830583,116.15875755064326,117.6584,-1.499643938614554,0.0011848402323287,0.0006582598,0.0005265804470602443,0.0004181500411686,9.176855e-06,0.00040897318596752375
standard_NN,10,350,3,61,6.850769784298405,6.4207096,0.4300601743130539,27.40307913719362,27.459984,-0.05690468848997199,61.65692805868566,61.775463,-0.11853504556238903,109.61231654877449,105.73896,3.873356282661206,0.0016477141880633,0.0013481664,0.0002995478107796672,0.0007949413008481,0.0010384278,-0.0002434865130618479
standard_NN,10,350,3,62,4.657415212883389,5.1527185,-0.4953033311229582,18.62966085153356,18.316595,0.3130657740189129,41.91673691595052,40.99089,0.9258464130208353,74.51864340613423,84.09458,-9.575938197869675,0.0047152524028116,0.0040448,0.0006704523373537788,0.0026370878862338,0.0021810774,0.00045601051022576633
standard_NN,10,350,3,63,11.818697172734336,12.273215,-0.45451812114994183,47.27478869093734,50.736183,-3.461394475566564,106.36827455460902,110.64128,-4.2730065733206715,189.09915476374937,202.1155,-13.016339010664694,0.0012286155864118,-3.3335233e-05,0.0012619508191406593,0.0005710328990964,0.00016790775,0.0004031251450206866
standard_NN,10,350,3,64,27.1208251382587,26.938335,0.1824897195575268,108.4833005530348,110.15179,-1.668486251164424,244.0874262443283,244.47679,-0.3893651375076388,433.9332022121392,440.43512,-6.501917416767071,5.843066045779509e-05,0.0012499514,-0.0011915207664133258,1.875016104149639e-05,0.0007720942,-0.000753344018368991
standard_NN,10,350,3,65,2.172957221959886,1.5938877,0.5790695352304547,8.691828887839543,5.8546233,2.8372055701210375,19.55661499763897,14.957918,4.5986968305247125,34.76731555135817,23.077002,11.6903139797029,0.1538547663382672,0.035692126,0.11816264077941405,0.0861287455147516,0.01850788,0.06762086628735177
standard_NN,10,350,3,66,25.87578184662529,25.595379,0.2804029708928688,103.50312738650116,102.687935,0.8151925110128815,232.88203661962768,229.74365,3.1383842758776836,414.0125095460047,416.2993,-2.2867763426671672,0.0001667538071048,0.0005081804,-0.00034142660489338254,0.0001010433902521,0.0002768287,-0.0001757853183407023
standard_NN,10,350,3,67,3.667297020034559,3.8355668,-0.16826973907493814,14.669188080138236,15.102891,-0.4337028881845182,33.00567318031103,31.96565,1.0400226218393485,58.67675232055294,66.633736,-7.956983336185338,0.0074214051378621,0.0092156865,-0.0017942813324080568,0.003210293721881,0.0048401933,-0.0016298995944594463
standard_NN,10,350,3,68,20.57037898451195,21.402172,-0.831793104111096,82.2815159380478,85.464775,-3.183259147401415,185.1334108606076,189.35794,-4.224529813220528,329.1260637521912,345.3988,-16.272739958746286,5.814601795745109e-05,0.0010531546,-0.0009950085669942477,3.134523541650482e-05,0.00047655735,-0.00044521211856060914
standard_NN,10,350,3,69,34.419582676328304,30.30536,4.114221882260921,137.6783307053132,119.80155,17.87677888646553,309.7762440869548,267.38312,42.39312641117357,550.7133228212529,484.4938,66.21951788961223,0.0001190137196533,0.0025630984,-0.002444084725881406,5.4978306269072936e-05,0.0016245961,-0.0015696177660918004
standard_NN,10,350,3,70,4.3020525558207865,4.661393,-0.3593406097675924,17.208210223283146,18.067966,-0.8597562378984946,38.71847300238708,39.493793,-0.7753204851617497,68.83284089313258,77.19856,-8.365721728937729,0.0047141106264979,0.0031724477,0.0015416629543841239,0.0022291488338951,0.0014677555,0.0007613933038655646
standard_NN,10,350,3,71,5.752035346796996,6.431566,-0.6795308916063245,23.008141387187983,24.801409,-1.7932673805122121,51.76831812117297,55.66276,-3.8944435670594544,92.03256554875192,105.213165,-13.180599734451206,0.0008137665189468,-0.0003554038,0.0011691703310833012,0.000363609865282,4.0225288e-05,0.00032338457717889823
standard_NN,10,350,3,72,16.70143981705965,16.307205,0.39423461686433825,66.8057592682386,66.65924,0.146518545582353,150.31295835353689,150.55809,-0.24513185642405233,267.2230370729544,262.86005,4.362990686235662,5.580284776677952e-05,0.0013500626,-0.0012942597022787704,2.413154160776149e-05,0.0009708424,-0.0009467108333466111
standard_NN,10,350,3,73,5.639718874505925,5.3727474,0.26697145324127636,22.5588754980237,22.603598,-0.04472214296751176,50.75746987055332,49.207027,1.550442435250588,90.2355019920948,88.38983,1.8456704491260467,0.0008791162619948,0.0039555808,-0.00307646449779872,0.0005327910716519,0.0019523279,-0.001419536832639551
standard_NN,10,350,3,74,7.446400447365925,6.6031213,0.8432791666957593,29.7856017894637,27.924387,1.8612148113142872,67.01760402629333,60.767956,6.24964824626403,119.1424071578548,110.33976,8.802647331194649,0.0009541743468264,-0.00044053368,0.0013947080272020654,0.000412933087482,-0.00010119512,0.0005141282046496629
standard_NN,10,350,3,75,20.1760592825747,21.157728,-0.9816689126157314,80.7042371302988,84.363464,-3.659227225169957,181.58453354317228,189.82195,-8.237411647257403,322.8169485211952,340.633,-17.816047084273578,0.0001001592821741,-0.0008318596,0.000932018875919421,5.970719205522564e-05,-0.00041673722,0.00047644441649624734
standard_NN,10,350,3,76,27.417405294709244,26.917398,0.5000068419504551,109.66962117883698,109.21801,0.45161123010650783,246.75664765238324,241.90868,4.847971504922299,438.6784847153479,439.94388,-1.2653934584802187,0.0003291094769453,0.0008371408,-0.0005080312978746999,0.0002166121354843,0.0006811929,-0.0004645807696921309
standard_NN,10,350,3,77,17.03555819645127,18.442259,-1.4067006383875977,68.14223278580508,75.485825,-7.34359179915586,153.32002376806142,167.08693,-13.766905553227645,272.5689311432203,300.44885,-27.87992139584219,1.266702312552735e-05,0.000510376,-0.0004977089818423111,4.32661613079639e-06,0.00024302125,-0.00023869463189409194
standard_NN,10,350,3,78,6.013086916228769,5.5934753,0.4196115744318938,24.052347664915075,22.343634,1.7087140131816767,54.11778224605892,47.497417,6.620364796107751,96.2093906596603,92.05942,4.149972935050926,0.0005599797286812,0.0003284673,0.00023151244295498054,0.0002510507078286,0.00046076538,-0.0002097146749120466
standard_NN,10,350,3,79,33.30028073763222,30.843512,2.4567691562113225,133.20112295052888,127.411,5.790119837735915,299.70252663869,283.702,16.000530789080642,532.8044918021155,505.199,27.60548667516241,1.8905406619291864e-06,-0.004961402,0.0049632926961208565,5.77192666891846e-07,-0.002179856,0.0021804331391183174
standard_NN,10,350,3,80,4.314873250443108,3.7230713,0.5918019136968926,17.25949300177243,15.644244,1.6152488077416685,38.83385925398796,33.31644,5.517418671712569,69.03797200708972,61.862026,7.175945792490111,0.0172083368683871,0.0093347095,0.007873627373081084,0.0089268269409629,0.004848202,0.004078624716142048
standard_NN,10,350,3,81,11.34400957947625,11.899035,-0.5550258743201368,45.376038317905,47.087914,-1.7118751952785942,102.09608621528623,105.89908,-3.8029921538543903,181.50415327162,188.42212,-6.917965869005002,0.0007430520357057,0.0013021232,-0.0005590711504728054,0.0004322360034374,0.0007425014,-0.0003102654011646806
standard_NN,10,350,3,82,21.07199065573772,25.689425,-4.617433859032786,84.28796262295087,103.55878,-19.27081423251788,189.64791590163944,232.41261,-42.764697013399626,337.1518504918035,409.2964,-72.14453622694651,1.4490111019139813e-05,-0.0027073203,0.002721810376491075,4.612300241468938e-06,-0.0011094752,0.0011140874537398206
standard_NN,10,350,3,83,4.639768105722026,5.100627,-0.46085883977357955,18.559072422888104,20.956717,-2.3976441145874823,41.75791295149824,45.65113,-3.89321772477129,74.23628969155241,82.60606,-8.369766521826492,0.0022022878431454,0.0021688067,3.348110771921259e-05,0.0010397313464146,0.0010291121,1.061920297256531e-05
standard_NN,10,350,3,84,3.827676379590789,4.050465,-0.22278872737332245,15.310705518363156,16.050566,-0.7398602012413367,34.449087416317106,35.357193,-0.9081055768469568,61.24282207345263,63.76135,-2.518526650912605,0.0021957925127719,0.005822138,-0.0036263454167272495,0.0008719442600143,0.0030094336,-0.002137489365251656
standard_NN,10,350,3,85,19.56569306416669,19.228378,0.3373147682682536,78.26277225666679,76.24591,2.0168616121355427,176.09123757750027,172.55833,3.5329032269143283,313.0510890266672,309.08334,3.9677455208078527,0.0005941636064131,0.0006738194,-7.96557851094566e-05,0.0003216608842338,0.00038452056,-6.285968046015758e-05
standard_NN,10,350,3,86,3.848098298505328,3.6117232,0.23637511391975652,15.392393194021311,14.810615,0.5817786081448464,34.63288468654795,31.352892,3.279992764550883,61.56957277608525,59.61427,1.9553035194934552,0.0085035487688843,0.00836419,0.0001393584213916048,0.0041949602234061,0.0041549923,3.9967933564925145e-05
standard_NN,10,350,3,87,14.718219828164498,16.875614,-2.1573943380952674,58.87287931265799,68.03022,-9.157340719080288,132.46397845348048,152.43713,-19.97315533558202,235.491517250632,271.93274,-36.4412220071805,8.196989801032394e-05,-0.00013329409,0.00021526398631064147,2.8646142559281982e-05,-0.00013337976,0.0001620258979845489
standard_NN,10,350,3,88,35.87543514909105,28.70397,7.171465193646711,143.5017405963642,112.967476,30.534264705250905,322.8789163418195,250.64412,72.23479707912418,574.0069623854567,458.0484,115.9585615065505,2.438996549996655e-06,0.0015494694,-0.0015470304269303353,1.5712289499159052e-06,0.0009112722,-0.0009097009601643269
standard_NN,10,350,3,89,7.806175997646319,7.1432953,0.6628807095603815,31.22470399058528,28.110374,3.1143295399016857,70.25558397881687,61.017452,9.238131738826638,124.8988159623411,111.11334,13.785473677184854,0.0018273986377395,0.0049689948,-0.0031415961250089797,0.0007474811340773,0.0024451523,-0.0016976711281484471
standard_NN,10,350,3,90,9.94724223695917,9.5042715,0.44297072969598617,39.78896894783668,38.4069,1.3820704493015228,89.52518013263253,84.33753,5.187648089175497,159.15587579134672,147.15726,11.998618711268591,0.0006846827282828,0.0012422368,-0.0005575540880414936,0.0002607038125071,0.00022899506,3.170874811720808e-05
standard_NN,10,350,3,91,10.904725327467013,10.3653,0.5394251489391806,43.61890130986805,40.86268,2.7562227820360192,98.14252794720312,93.28589,4.856639275328121,174.4756052394722,162.39291,12.082691421112827,0.0011521675383448,0.003290072,-0.0021379045451284055,0.0003790625867089,0.0016873145,-0.0013082518910402688
standard_NN,10,350,3,92,21.738414214986754,22.833279,-1.094864441019105,86.95365685994702,92.47493,-5.521272949623295,195.6457279348808,205.88759,-10.241860566095767,347.81462743978807,370.47763,-22.663003175446306,0.0002526875472806,0.0016647113,-0.0014120237315826513,0.0001123275482402,0.000972234,-0.0008599064554712919
standard_NN,10,350,3,93,5.822220809987998,6.847477,-1.0252561492405174,23.288883239952,25.523441,-2.234558074745266,52.39998728989199,57.77657,-5.376582076563089,93.15553295980796,109.981094,-16.825561400543606,0.0015557462703617,0.0030283136,-0.0014725673589675045,0.0010735191178243,0.0015312203,-0.0004577011562217634
standard_NN,10,350,3,94,4.94223023647492,5.38914,-0.4469098926144355,19.76892094589968,23.942724,-4.1738032820055935,44.48007212827428,52.75386,-8.273788345358533,79.07568378359872,102.90511,-23.829429436616124,0.0087039317321548,0.009835862,-0.0011319298911324008,0.0053228865153176,0.005897789,-0.0005749022812562773
standard_NN,10,350,3,95,12.648392782706413,12.777939,-0.12954606006702463,50.59357113082565,50.744392,-0.15082126419387976,113.83553504435773,113.764336,0.07119941203350777,202.3742845233026,200.26196,2.112321632677606,0.0006500678503681,0.0018461222,-0.0011960543558206384,0.0003157301838122,0.00090927054,-0.0005935403602585505
standard_NN,10,350,3,96,4.579576803432119,3.9913886,0.5881882440906887,18.31830721372848,15.624753,2.6935542153764302,41.21619123088907,33.599197,7.616993843193761,73.2732288549139,61.455402,11.817826480646318,0.0025718652512607,0.0068542343,-0.0042823690120401955,0.0010011515132756,0.0031458829,-0.002144731346550488
standard_NN,10,350,3,97,4.566478297700056,4.6360826,-0.06960435153090128,18.265913190800223,18.803076,-0.5371625996050504,41.0983046793005,39.446995,1.6513098978063567,73.06365276320089,78.565216,-5.501563301252233,0.0008949605186491,0.0034827678,-0.0025878073277862085,0.0005043102697453,0.001985679,-0.0014813686451890969
standard_NN,10,350,3,98,3.603615425363611,3.2071435,0.3964718802128542,14.414461701454444,11.712935,2.701526253761573,32.4325388282725,27.16583,5.2667082160898815,57.657846805817776,46.27937,11.37847745156973,0.0141006641781369,0.028474512,-0.014373847400542185,0.0064541414037406,0.014582606,-0.00812846462875013
standard_NN,10,350,3,99,9.549235872401892,9.020959,0.5282769719502323,38.19694348960757,36.896816,1.3001272359454603,85.94312285161703,78.696976,7.246147143609221,152.78777395843028,140.49608,12.291695467219341,0.0028869724739037,0.0006944598,0.002192512645821228,0.001775079987879,9.5153526e-05,0.0016799264621162743
standard_NN,10,350,3,100,25.57762706444893,26.397224,-0.8195973618206018,102.3105082577957,104.03735,-1.7268452578292965,230.1986435800404,236.52927,-6.330622777381478,409.2420330311828,423.7755,-14.533479664129686,3.5998959313194545e-05,0.0005738908,-0.0005378918482595577,1.1402659725646796e-05,0.0005910213,-0.0005796186624539389
standard_NN,10,350,3,101,2.388208922163364,2.3204262,0.06778269650113256,9.552835688653456,8.454228,1.098607287469374,21.49388029947028,21.356684,0.13719656839117889,38.211342754613824,36.072453,2.1388902094478084,0.0108901971227379,0.010057343,0.0008328539526910941,0.0057073771149211,0.004715299,0.000992078346788175
standard_NN,10,350,3,102,5.340761816954979,5.429534,-0.08877214148007972,21.363047267819915,22.250904,-0.8878568154320376,48.06685635259481,45.982445,2.084411589411218,85.45218907127966,87.76318,-2.310994522470338,0.0011231480443581,0.0030832079,-0.001960059832994734,0.0004146033315373,0.0014619686,-0.0010473653092595403
standard_NN,10,350,3,103,20.878560341391864,19.438673,1.4398873219826847,83.51424136556746,77.352356,6.161885408536207,187.9070430725268,175.47151,12.435531231706477,334.05696546226983,309.76602,24.290943733754204,0.0002042901783706,0.0018204757,-0.001616185499589021,9.979472523016213e-05,0.0009231496,-0.0008233548535087955
standard_NN,10,350,3,104,5.800029701834299,5.201205,0.5988249250703825,23.200118807337194,21.577429,1.6226899895881708,52.200267316508686,48.663776,3.536490918803608,92.80047522934878,85.83362,6.966857065286277,0.0003867827748253,-0.00058016734,0.0009669501144743515,0.0001981109306169,6.364898e-05,0.00013446195207762312
standard_NN,10,350,3,105,9.509567869166998,10.113443,-0.6038755054667906,38.038271476668,40.60042,-2.562150428849577,85.58611082250299,88.906235,-3.3201239187079494,152.15308590667198,162.81482,-10.661733429265524,0.0094807206821437,0.0044244598,0.005056260915547145,0.0060305708981753,0.0025768834,0.0034536874815524225
standard_NN,10,350,3,106,6.191534467721945,6.2510443,-0.05950980565452024,24.76613787088778,23.962818,0.8033197251358253,55.72381020949751,51.652782,4.071027769311961,99.06455148355111,96.24931,2.815238129058926,0.0004841523727612,0.0010484663,-0.0005643139343498845,0.0002687269975853,0.0006723132,-0.00040358621250345965
standard_NN,10,350,3,107,11.42073821769062,10.28303,1.1377086614162053,45.68295287076248,42.763172,2.9197807211042743,102.7866439592156,90.31221,12.474433876207783,182.7318114830499,168.59833,14.13348384633116,0.0005902473671949,0.00056017615,3.0071215855935344e-05,0.0002477729422742,-9.828179e-06,0.00025760112119201453
standard_NN,10,350,3,108,4.91188894622407,5.171927,-0.2600380290261741,19.64755578489628,21.85102,-2.203465028092001,44.20700051601664,47.179188,-2.9721872586415614,78.59022313958512,88.219986,-9.629762822328942,0.0006978634337747,0.001560589,-0.0008627255155852534,0.0002692036260709,0.001124083,-0.0008548793220102954
standard_NN,10,350,3,109,14.861769498872436,15.712948,-0.8511783465865488,59.44707799548974,62.088097,-2.6410186231626014,133.75592548985193,142.1638,-8.407877610734005,237.78831198195897,248.31485,-10.526537871556656,0.0002913726527934,0.00053003157,-0.00023865891511169822,9.880204819574744e-05,0.0002373013,-0.00013849924940649629
standard_NN,10,350,3,110,22.46412910495373,23.374435,-0.9103063198509567,89.85651641981495,93.94351,-4.086995543075673,202.1771619445836,209.16788,-6.990715252682037,359.4260656792598,376.0135,-16.587423090271443,0.0001583390564113,0.00014521374,1.3125319724444437e-05,8.89868852583374e-05,-5.381105e-05,0.00014279793600609144
standard_NN,10,350,3,111,4.825329761379336,4.416395,0.40893457400140587,19.301319045517342,18.15844,1.1428794092868735,43.42796785241403,40.858818,2.5691497982148093,77.20527618206938,71.28168,5.923598935975633,0.0057705266597027,0.0047801244,0.0009904022524410902,0.0028125966633712,0.0020564676,0.0007561290836934991
standard_NN,10,350,3,112,10.428010877008289,10.3586035,0.06940739953026132,41.71204350803316,42.27555,-0.5635073342519945,93.8520978930746,92.53071,1.3213895800863185,166.84817403213262,166.01564,0.832533773343556,0.0029918967576849,0.00029406563,0.0026978311308811145,0.0015877821710157,0.00012866578,0.0014591163921133406
standard_NN,10,350,3,113,1.7771309449366817,1.2816595,0.49547146102707473,7.108523779746727,7.8718066,-0.763282841804787,15.994178504430137,18.470694,-2.4765150838266994,28.434095118986907,27.17053,1.2635647997730395,0.0360242692880304,0.04387997,-0.007855701620134575,0.0203045007841629,0.022656132,-0.002351630751605608
standard_NN,10,350,3,114,12.289019590632158,12.079409,0.20961094500227517,49.15607836252863,49.796276,-0.6401977300006649,110.60117631568944,111.52859,-0.9274110256191506,196.62431345011453,193.80371,2.8206025126145278,9.754662266965013e-05,0.0007995619,-0.0007020152862646153,4.886034234012437e-05,0.0006225126,-0.0005736522557162218
standard_NN,10,350,3,115,4.308078214917012,4.1854067,0.12267153004152398,17.23231285966805,17.348513,-0.11619978986808377,38.77270393425311,37.96965,0.8030536656984211,68.9292514386722,68.43298,0.4962680402346962,0.0035557236533978,0.005560058,-0.002004334515669106,0.001711271758825,0.002615536,-0.0009042643386121434
standard_NN,10,350,3,116,5.439125605408498,5.6264753,-0.18734972875898226,21.756502421634,23.232315,-1.4758126418425626,48.952130448676485,51.50051,-2.548380720757109,87.02600968653597,91.2291,-4.203093401842935,0.0010248442978199,0.002437067,-0.0014122226874743228,0.0004185072753014,0.0014519002,-0.001033392953556594
standard_NN,10,350,3,117,8.937083971553351,8.017993,0.9190909982257143,35.748335886213404,32.51152,3.2368155004712165,80.43375574398017,71.541275,8.892480719566109,142.99334354485362,125.6904,17.30294437493174,0.0006666903682739,0.0009623939,-0.0002957035139448483,0.0003392612795958,0.00074122596,-0.0004019646787403447
standard_NN,10,350,3,118,1.42848315165017,1.6404032,-0.21191999986197607,5.713932606600681,6.1016326,-0.3876999884615753,12.85634836485153,14.267397,-1.411048562028352,22.85573042640272,28.138563,-5.282832729725211,0.0145479856855555,0.007511925,0.0070360607332869,0.0070821030301843,0.003953414,0.0031286889923606226
standard_NN,10,350,3,119,6.677879061803077,6.6548495,0.0230295325367198,26.71151624721231,26.010548,0.7009686092728558,60.10091155622769,55.62463,4.476281581862459,106.84606498884924,99.61459,7.2314714829898605,0.0016497518985362,0.0019282339,-0.00027848199225801763,0.0006505421426135,0.0007099333,-5.9391144384920904e-05
standard_NN,10,350,3,120,5.497448918746255,5.526226,-0.028777124954916466,21.98979567498501,21.558084,0.4317111870699719,49.47704026871629,45.01627,4.4607705848783965,87.95918269994007,84.142075,3.817108114979135,0.0025465563815759,0.005278947,-0.0027323904502464954,0.0014255835410219,0.0027867819,-0.0013611983306694461
standard_NN,10,350,3,121,15.033435433741772,13.039269,1.994165986415112,60.13374173496709,52.531757,7.6019843802307605,135.30091890367595,116.45157,18.849350300160324,240.53496693986835,207.6083,32.92666005510273,0.0001944794301099,-0.00014770305,0.0003421824756233809,8.52648176757975e-05,-0.00028234132,0.00036760614100307063
standard_NN,10,350,3,122,22.80786756985916,23.704811,-0.8969435263322474,91.23147027943664,96.27654,-5.045072384137583,205.27080812873243,215.17365,-9.902836890798824,364.92588111774654,384.32062,-19.394736558034708,2.954715334064149e-05,0.00018370111,-0.000154153954403486,1.3857814611923316e-05,0.0005862518,-0.0005723939718324129
standard_NN,10,350,3,123,1.8325058136135792,1.3537802,0.47872566320006604,7.330023254454317,6.9392715,0.3907518044115923,16.49255232252221,11.095476,5.397076172009516,29.320093017817268,29.482977,-0.16288389563488082,0.0094966624512623,0.008272212,0.001224450452561204,0.0053058602792893,0.004650852,0.0006550081019971914
standard_NN,10,350,3,124,6.618000068936514,6.789209,-0.17120882007105465,26.47200027574605,26.0944,0.37759986986226224,59.56200062042864,56.475933,3.0860675454774693,105.88800110298422,102.53425,3.353752750933438,0.0014063008426342,0.000103560335,0.0013027405080970216,0.0005962611359141,-0.00022050708,0.0008167682136704378
standard_NN,10,350,3,125,4.366536082362725,4.94164,-0.5751038178447949,17.4661443294509,20.344397,-2.878252261735625,39.298824741264525,48.119648,-8.820823238471803,69.8645773178036,79.77601,-9.911431288153437,0.0058880616620181,0.005405283,0.0004827785946426785,0.0026836214050987,0.0026851543,-1.5329174360995818e-06
standard_NN,10,350,3,126,2.67115610967517,2.4962852,0.1748709095561516,10.68462443870068,10.663089,0.021535640177731352,24.04040498707653,25.747786,-1.7073805811607734,42.73849775480272,35.08575,7.652747174968738,0.0087413439507307,0.017663796,-0.00892245155026303,0.0048618842001809,0.008822918,-0.003961033738051522
standard_NN,10,350,3,127,4.711270387854971,4.904656,-0.19338554552515586,18.845081551419884,20.717522,-1.8724401160605844,42.40143349069474,44.830555,-2.4291214714634606,75.38032620567954,81.95437,-6.574042385629056,0.0031103591169908,0.0076811006,-0.004570741512279277,0.0018734929579194,0.0040080026,-0.0021345096212927886
standard_NN,10,350,3,128,24.04386606193053,25.086184,-1.0423174860431033,96.1754642477221,102.45235,-6.2768825540357085,216.39479455737475,229.65573,-13.260936643797123,384.7018569908884,405.93173,-21.22987518684596,5.390962245978184e-05,0.00016891636,-0.00011500673941232495,1.6653896933989982e-05,0.00014738234,-0.00013072843891977294
standard_NN,10,350,3,129,12.41606617647059,14.188823,-1.7727565698062655,49.66426470588236,57.31498,-7.650714847340296,111.7445955882353,127.30377,-15.559176384420951,198.65705882352944,226.56592,-27.90885914522056,0.0009677155655496,0.0020072507,-0.001039535108519328,0.0005306516101594,0.0010083201,-0.00047766852397370047
standard_NN,10,350,3,130,2.1324182057935803,1.687261,0.44515722041912964,8.529672823174321,6.9491973,1.5804755308464404,19.191763852142223,18.444838,0.7469262819517937,34.118691292697285,30.060904,4.057787743502949,0.1399415584847196,0.02669389,0.11324766861347993,0.0807647465710334,0.013812981,0.06695176595643083
standard_NN,10,350,3,131,13.111650819042408,13.370074,-0.2584234531133536,52.44660327616963,53.1609,-0.7142968397971643,118.00485737138168,120.79567,-2.7908121842823874,209.78641310467853,213.76791,-3.9815007136808447,0.0005224422012416,0.004270451,-0.00374800894214238,0.0001944206251694,0.0022889418,-0.0020945211344467365
standard_NN,10,350,3,132,3.0906422179031225,3.0237482,0.06689405849455321,12.36256887161249,10.890948,1.4716205760192285,27.815779961128108,25.387804,2.4279759297560375,49.45027548644996,41.413433,8.036842411498789,0.0122814366683881,0.040358037,-0.0280766000881274,0.005540147182967,0.020738974,-0.015198827030633159
standard_NN,10,350,3,133,14.026593036231542,13.523499,0.5030945010752923,56.10637214492617,55.883167,0.22320487808046607,126.23933732608388,124.35548,1.883860946689353,224.42548857970468,221.7695,2.655987847282802,7.501022966497949e-06,0.0016056822,-0.001598181168472475,2.464121109239653e-06,0.0010846725,-0.001082208398827918
standard_NN,10,350,3,134,8.24463773501718,8.314178,-0.06954073177969455,32.97855094006872,33.16287,-0.1843175596871376,74.20173961515462,74.36365,-0.16190784578287776,131.9142037602749,128.46692,3.447284814962387,0.0006111043165311,0.0027324492,-0.0021213448946491103,0.0002543370434921,0.0012943166,-0.0010399795640353348
standard_NN,10,350,3,135,27.82904718475065,28.272379,-0.4433317367581395,111.31618873900258,112.75254,-1.4363518493763223,250.46142466275572,250.58688,-0.12545888216615708,445.2647549560104,455.01422,-9.749466235395857,0.0001197568222336,0.00082123844,-0.0007014816196248407,5.5659446316274334e-05,0.0007165338,-0.0006608743565990902
standard_NN,10,350,3,136,4.898991040150561,4.5162516,0.38273947612468184,19.595964160602243,17.83513,1.7608334690739227,44.09091936135505,36.42085,7.670070514919502,78.38385664240897,68.09802,10.285834181471472,0.0089140784551873,0.0045182905,0.004395787939198235,0.005290892962084,0.002072221,0.0032186720610566785
standard_NN,10,350,3,137,4.566342687557527,5.186212,-0.6198693752781663,18.265370750230108,20.572441,-2.3070703508441106,41.09708418801775,46.36428,-5.267196512665841,73.06148300092043,81.78658,-8.725099945856911,0.0025472347813401,0.003169533,-0.000622298316776417,0.0013051014989528,0.0015486096,-0.00024350808096051816
standard_NN,10,350,3,138,7.404395539731026,6.581365,0.8230304312410359,29.617582158924105,29.52177,0.09581168162918274,66.63955985757923,64.436005,2.203555218907354,118.47032863569642,118.05069,0.4196389384307935,0.0007798959699697,0.0016530744,-0.0008731784333237308,0.0003743876798453,0.0012770835,-0.0009026958511767719
standard_NN,10,350,3,139,2.5613469639474733,3.3158023,-0.7544553717916624,10.245387855789891,13.832423,-3.5870353543541516,23.05212267552726,25.457994,-2.405871785532309,40.98155142315957,58.222324,-17.240772948178318,0.0889863865616995,0.039948154,0.04903823232085286,0.0432868700469643,0.020969914,0.02231695577453674
standard_NN,10,350,3,140,9.680229981866049,8.266384,1.4138458571101893,38.72091992746419,34.67205,4.048869451389969,87.12206983679442,77.00897,10.113097668825674,154.88367970985675,134.15686,20.72681935829425,0.0018134004518107,0.002274524,-0.0004611235030278144,0.0009666398149844,0.0013407242,-0.0003740843636054805
standard_NN,10,350,3,141,3.049184367930736,1.3630842,1.6861001708863634,12.196737471722944,9.494668,2.7020694648259713,27.442659311376627,18.237268,9.20539086350065,48.786949886891776,28.275488,20.511461987111502,0.0073772398086829,0.018691652,-0.011314411714430352,0.0040681650111863,0.0101897465,-0.0061215814953258655
standard_NN,10,350,3,142,13.08631862231328,13.228387,-0.1420682566540048,52.34527448925312,53.900616,-1.5553412028855504,117.77686760081954,119.30487,-1.5280030046492072,209.38109795701249,213.39276,-4.011663273456264,0.0001830420819045,0.0010793317,-0.0008962896523132033,0.000112907994169,0.00036282727,-0.00024991927379443925
standard_NN,10,350,3,143,8.92731951436687,7.646534,1.2807855483024166,35.70927805746748,31.43277,4.276508282076854,80.34587562930184,69.55435,10.791523822661219,142.83711222986992,119.98615,22.850959580944135,0.0007052229711243,0.0016608714,-0.0009556484647638116,0.0003475707251902,0.00093462394,-0.0005870532133293077
standard_NN,10,350,3,144,4.044983529092328,4.1933336,-0.14835009670112864,16.17993411636931,17.643126,-1.4631914176883072,36.40485176183096,38.283657,-1.8788053121436477,64.71973646547724,71.52476,-6.805020919776666,0.0006149247278255,0.003888948,-0.0032740231613832935,0.000360343215153,0.002237095,-0.001876751816734293
standard_NN,10,350,3,145,9.066507260458769,9.046149,0.020358006613554025,36.26602904183508,36.78696,-0.520931559971558,81.59856534412891,81.19921,0.39935422352344574,145.0641161673403,145.73048,-0.6663678414487606,3.819729896766109e-05,0.0006672545,-0.000629057199726431,1.3156376015703372e-05,0.00015043847,-0.00013728209486666025
standard_NN,10,350,3,146,13.42726998780054,15.260432,-1.8331622555466272,53.70907995120216,62.6749,-8.965820103729477,120.8454298902049,138.53163,-17.686201579521665,214.83631980480865,248.40944,-33.57311928210541,0.0001249730461307,0.0008021552,-0.0006771821305125822,4.70001011013226e-05,0.0003917453,-0.00034474519846521457
standard_NN,10,350,3,147,6.663668098842473,7.063247,-0.39957910498443105,26.654672395369893,27.675915,-1.021242369034404,59.973012889582265,58.410824,1.5621890675607801,106.61868958147956,104.35732,2.261366888608464,0.0005821285697384,-0.0006471248,0.0012292533458894313,0.0002259798641331,-0.0006895924,0.0009155722511946661
standard_NN,10,350,3,148,3.391487628496284,4.3426585,-0.951170891248589,13.565950513985136,16.208803,-2.6428526628947466,30.52338865646656,37.05932,-6.535929886013907,54.26380205594055,68.946335,-14.682532782926636,0.0033447445083038,-0.0016770785,0.005021823052466014,0.0016333122197866,-0.000976663,0.0026099751862093366
standard_NN,10,350,3,149,4.954479545156899,5.959765,-1.0052854122710793,19.8179181806276,22.51428,-2.6963621385862666,44.5903159064121,51.184837,-6.5945214348964925,79.27167272251039,96.47409,-17.202417853661487,0.0009654001765272,-0.00035575585,0.0013211560285969056,0.00047476928586,-3.8304996e-05,0.0005130742814016937
standard_NN,10,350,3,150,6.011367773815236,5.9931493,0.01821849326714009,24.045471095260943,24.259398,-0.21392641145292401,54.10230996433713,55.307735,-1.2054254787781034,96.18188438104376,92.169846,4.012038799989071,0.0032401851609279,0.0019699389,0.0012702462959964357,0.0016135898205019,0.0009979411,0.0006156486943862799
standard_NN,10,350,3,151,4.602912515609323,4.0589013,0.5440112056422821,18.411650062437293,15.332637,3.0790132292463746,41.426212640483904,35.582874,5.843338342388201,73.64660024974917,60.5537,13.092900756340967,0.0036565600972338,0.01339954,-0.009742980349464865,0.0013548253582353,0.0067059845,-0.005351159114993155
standard_NN,10,350,3,152,7.471445561391796,6.80915,0.6622953424281732,29.885782245567185,27.152187,2.7335948981550757,67.24301005252617,61.27479,5.968218334996877,119.54312898226874,106.8043,12.738830581389834,0.002408051176181,0.003655184,-0.0012471328841541594,0.0009512165040181,0.0018938608,-0.0009426442496075313
standard_NN,10,350,3,153,4.298680966941013,4.9568973,-0.6582162918175323,17.19472386776405,18.90009,-1.705365396151965,38.68812870246912,43.175354,-4.487225301437128,68.7788954710562,74.5255,-5.746601965467235,0.0145250890891151,0.0042963396,0.010228749506463247,0.008266752623768,0.0021078393,0.006158913290874509
standard_NN,10,350,3,154,9.961519696258648,10.202789,-0.24126961038197692,39.84607878503459,40.537415,-0.6913357657466577,89.65367726632783,89.56481,0.08886555978486399,159.38431514013837,164.62396,-5.239647262205381,0.0005343290450003,0.0020660032,-0.0015316741136882452,0.0003047122490164,0.0007693135,-0.00046460123401692924
standard_NN,10,350,3,155,3.802494141193,4.4676223,-0.6651281389278494,15.209976564772,15.903817,-0.6938406120468468,34.222447270737,34.267292,-0.044844751968078356,60.839906259088,64.10011,-3.260206655951059,0.002337667315171,0.0029441237,-0.000606456383227471,0.000915370152851,0.0011217588,-0.00020638867974524246
standard_NN,10,350,3,156,1.8090587522250845,2.3373706,-0.528311881853895,7.236235008900337,8.603681,-1.3674456017564012,16.28152877002576,21.547945,-5.266416252557249,28.94494003560135,33.652752,-4.7078118870060734,0.12657816747043,0.055970315,0.07060785258028374,0.0627941426076313,0.028700007,0.03409413548189602
standard_NN,10,350,3,157,15.865744505275009,15.280785,0.584959898341415,63.46297802110004,61.960114,1.5028644957094173,142.7917005474751,139.84978,2.9419233257954147,253.8519120844001,246.03023,7.8216844232673,3.720885576926503e-05,-0.0018589095,0.0018961183537381176,1.4232428834007023e-05,-0.0008511056,0.0008653380364144006
standard_NN,10,350,3,158,8.256042300482644,8.168926,0.0871160614689721,33.024169201930576,33.57491,-0.5507400082745022,74.30438070434381,70.42648,3.8778975500469386,132.0966768077223,129.25299,2.8436860850660537,0.0052435352965902,0.0008403324,0.004403202879306993,0.0032711917881521,0.00015884762,0.0031123441729128897
standard_NN,10,350,3,159,12.151822997528502,12.254902,-0.10307888845782642,48.60729199011401,50.101917,-1.4946252767316963,109.36640697775653,110.549484,-1.1830772751731615,194.42916796045603,192.69965,1.7295219643622772,0.0001662571033781,0.00072018575,-0.0005539286481829755,6.547810727220494e-05,0.00041947077,-0.000353992665340635
standard_NN,10,350,3,160,23.54995484428793,24.264238,-0.7142835132560137,94.19981937715174,97.96584,-3.766023823531853,211.94959359859132,221.774,-9.824408476603992,376.79927750860696,388.67065,-11.871376788268037,3.177768661307464e-05,-0.00023524411,0.00026702179451139937,1.107390869344593e-05,9.5094816e-07,1.0122960530564826e-05
standard_NN,10,350,3,161,13.519309641027354,15.422941,-1.9036315668583885,54.077238564109415,62.663937,-8.58669805088082,121.6737867692462,142.98032,-21.30652939286317,216.3089542564377,246.21461,-29.905660611726375,0.000249639490009,0.0022246076,-0.001974968135967205,8.066250989349991e-05,0.0012371397,-0.0011564771779799233
standard_NN,10,350,3,162,8.145403208820799,7.527593,0.6178100729870586,32.581612835283195,32.505733,0.07587934529296092,73.30862887938719,72.14406,1.1645706518481234,130.32645134113278,129.047,1.2794542708202812,0.001292656229479,0.0034102113,-0.0021175550691357407,0.0006162321584601,0.0017322297,-0.001115997562341015
standard_NN,10,350,3,163,2.8729771356231284,2.7088034,0.16417372032466648,11.491908542492514,9.780551,1.7113575857664394,25.85679422060816,28.854986,-2.99819197018774,45.96763416997005,40.28365,5.683984725389969,0.0060776574636114,0.021898624,-0.015820966092287267,0.0029435441384797,0.011112397,-0.008168852466833125
standard_NN,10,350,3,164,13.053786585878662,12.803315,0.2504714232199703,52.21514634351465,52.84344,-0.6282946660068376,117.48407927290796,115.22966,2.254419238728275,208.8605853740586,212.9948,-4.1342113788711,0.0002198132185227,-0.00064932037,0.0008691335876433873,0.0001222256881609,-0.0002994616,0.00042168728154668583
standard_NN,10,350,3,165,6.914075788258415,7.023043,-0.10896736741175062,27.65630315303365,27.72398,-0.06767679691752093,62.22668209432573,62.00198,0.22470226644487212,110.62521261213465,113.42034,-2.7951288795645723,0.0145908582400218,0.0006497554,0.013941102826843445,0.0077070339814973,0.0004314434,0.007275590591526491
standard_NN,10,350,3,166,4.6890501256039725,4.1821957,0.5068544621518241,18.75620050241589,17.448246,1.3079545002186244,42.20145113043576,38.700165,3.501286335513882,75.02480200966356,69.91316,5.111639778218247,0.0072142869950008,0.009698833,-0.0024845463439155018,0.0034188463387068,0.004708471,-0.0012896244379703315
standard_NN,10,350,3,167,3.661748803522384,4.3229337,-0.6611848703362586,14.646995214089538,15.850575,-1.203580232992982,32.95573923170146,36.48033,-3.52459218919698,58.58798085635815,71.338425,-12.750443826259037,0.0112397627006563,0.004641862,0.006597900580176955,0.0058662779062314,0.0025723116,0.0032939663521273106
standard_NN,10,350,3,168,5.548107903853351,7.1440277,-1.5959198061075863,22.192431615413405,27.061966,-4.869534326969408,49.932971134680166,57.912205,-7.979233607751475,88.76972646165362,109.66916,-20.899432473893256,0.00315308902062,-5.190301e-05,0.0032049920315189682,0.0015546236145767,-0.0004055383,0.0019601619178886143
standard_NN,10,350,3,169,7.337626590906152,7.249969,0.08765758532143497,29.350506363624607,30.083973,-0.733466567283596,66.03863931815538,66.30552,-0.26687978584853056,117.40202545449844,122.60283,-5.200803524993745,0.0018343693741747,0.007922241,-0.00608787209008254,0.0010001784220899,0.004314891,-0.0033147126405870067
standard_NN,10,350,3,170,3.783466432271873,3.294698,0.48876843231764955,15.133865729087493,14.208573,0.9252923877178638,34.05119789044686,30.965933,3.085265044377522,60.53546291634997,59.396297,1.1391654615159865,0.0175748592387951,0.008253607,0.009321252271167098,0.0083559726236618,0.004306957,0.004049015497998043
standard_NN,10,350,3,171,4.192578830995087,4.192014,0.0005646136183781181,16.77031532398035,15.273702,1.4966136561947039,37.733209478955786,34.527836,3.20537363300852,67.0812612959214,63.274624,3.8066374250717843,0.0034219534842407,0.0041975626,-0.0007756090948248611,0.0014748418718889,0.0019853325,-0.0005104905910477398
standard_NN,10,350,3,172,15.907873605759288,14.908445,0.9994282474829213,63.63149442303715,60.1007,3.530794044619178,143.1708624518336,132.32109,10.849771753591426,254.5259776921486,235.02908,19.49689444019546,0.0002674286185471,0.0004514773,-0.00018404868415690644,0.000147685965158,0.00055638497,-0.00040869900481034873
standard_NN,10,350,3,173,7.529287417626925,7.3401966,0.1890908081298548,30.1171496705077,30.793406,-0.6762558623292136,67.76358675864232,70.504845,-2.741257906885025,120.4685986820308,121.697975,-1.2293764766606046,4.960285739719004e-05,-0.00093374396,0.000983346812499008,2.936096086046404e-05,0.00028125505,-0.00025189409109884197
standard_NN,10,350,3,174,11.221000949597205,12.139256,-0.9182545740844361,44.88400379838882,49.03688,-4.1528766947752445,100.98900854637483,107.99586,-7.006848692394698,179.53601519355527,191.36015,-11.824138004686915,8.307858923906641e-05,-0.0013286666,0.001411745167286044,2.8701196128320285e-05,-0.00025860983,0.0002873110232705291
standard_NN,10,350,3,175,4.371037361473001,3.886274,0.48476326212302556,17.484149445892005,16.356855,1.12729405343595,39.33933625325701,34.890835,4.4485014449074,69.93659778356802,66.24885,3.687749822142237,0.001474688627582,0.005569687,-0.004094998485583855,0.0006816434680877,0.0026647798,-0.0019831363104822366
standard_NN,10,350,3,176,2.026161249496456,2.484555,-0.45839375653076564,8.104644997985824,9.33339,-1.2287452379150547,18.235451245468106,21.56853,-3.3330778835602146,32.4185799919433,40.271564,-7.8529844916992815,0.0291277236262833,0.037582185,-0.008454461493107187,0.012815315670536,0.018772498,-0.0059571821026344705
standard_NN,10,350,3,177,4.836701571213908,4.9993324,-0.16263085676460776,19.34680628485563,19.255758,0.09104799933317054,43.53031414092517,45.13793,-1.607617682805298,77.38722513942253,79.160675,-1.773449909405599,0.0018642519732965,0.004315723,-0.0024514712261008258,0.0008726443580653,0.002075411,-0.0012027665556107235
standard_NN,10,350,3,178,3.693784680630692,3.034775,0.6590096619386756,14.775138722522769,13.220445,1.554694043262515,33.24406212567623,28.728777,4.515285193913535,59.10055489009107,57.265858,1.834697193557865,0.0045680871379539,0.0072597084,-0.002691621225608922,0.0020591419029182,0.0037445796,-0.0016854377158785063
standard_NN,10,350,3,179,39.81207665030063,30.176598,9.635479055085789,159.24830660120253,123.88366,35.36464723840956,358.3086898527057,274.06223,84.24646451090882,636.9932264048101,494.4528,142.5404370981695,1.279363630514613e-05,-0.0023255646,0.0023383582591841746,3.815542145283997e-06,-0.0011635505,0.0011673660782935342
standard_NN,10,350,3,180,12.43003756035442,13.152643,-0.7226056433809322,49.72015024141768,54.16029,-4.44013952298662,111.8703380431898,120.99433,-9.123993316673477,198.8806009656707,212.06131,-13.180708848782416,0.0003894848210113,0.0021894255,-0.0017999406977249432,0.0001567755462108,0.0009961049,-0.0008393293610336439
standard_NN,10,350,3,181,7.248853975187079,6.7771363,0.47171764935089744,28.99541590074832,28.93703,0.058385108511991746,65.23968577668371,68.85554,-3.615851637867067,115.98166360299328,115.00503,0.9766358319971857,0.0006171102551573,-0.00013468968,0.0007517999303356789,0.0003305792214,0.00046857895,-0.0001379997249110268
standard_NN,10,350,3,182,3.619498467870675,4.133057,-0.513558649591483,14.4779938714827,16.063286,-1.585291956154018,32.575486210836075,35.74891,-3.173422785745956,57.9119754859308,60.142986,-2.2310108116766187,0.0070144320593859,0.059243448,-0.052229016019246455,0.0039648740421015,0.030829778,-0.02686490389900625
standard_NN,10,350,3,183,1.9798873455519888,2.6758835,-0.6959961860184458,7.919549382207957,9.093165,-1.1736160154360862,17.818986109967906,20.691568,-2.8725822646658834,31.678197528831827,30.520369,1.1578289527820225,0.0941693071010605,0.06989101,0.02427829389600908,0.0449022569114365,0.036028046,0.008874210750500142
standard_NN,10,350,3,184,5.996641481246384,5.8340154,0.1626261118311012,23.986565924985538,23.205948,0.7806180490089751,53.96977333121747,51.514038,2.4557352452799677,95.94626369994216,89.11511,6.831151395254665,0.0038583919474686,0.0031333144,0.0007250775186175918,0.0019486829404366,0.0013809672,0.0005677157313209757
standard_NN,10,350,3,185,13.490853166421708,14.374154,-0.8833009244596397,53.96341266568683,56.786594,-2.823181725182309,121.4176784977954,128.51625,-7.09857211255617,215.85365066274733,226.78711,-10.933458712252673,0.0001522279969539,0.0003530556,-0.00020082760172602997,0.0001032532258526,0.0003975465,-0.00029429328203121695
standard_NN,10,350,3,186,2.222323046961649,2.1306303,0.09169279221616566,8.889292187846598,8.714887,0.17440552250235974,20.000907422654844,20.008448,-0.007540224439882337,35.55716875138639,33.946346,1.6108224684274077,0.0661146114947023,0.04192593,0.02418868200795074,0.0346657305884439,0.022023713,0.012642017372258327
standard_NN,10,350,3,187,6.834854351201392,6.724222,0.11063216797385333,27.33941740480557,27.457043,-0.11762528928622729,61.51368916081253,58.696396,2.817293286789095,109.35766961922228,111.89153,-2.5338632787269404,0.0294407228688673,0.015839865,0.013600857437677763,0.0162392659874282,0.009150207,0.007089058944734109
standard_NN,10,350,3,188,5.508561721758829,5.457663,0.050898662524209826,22.03424688703532,21.372467,0.6617798460196944,49.57705549582946,47.65891,1.9181466518353218,88.13698754814126,84.73004,3.4069460442350135,0.0001195430414754,0.002561959,-0.002442415930889264,4.625905679853948e-05,0.0013874668,-0.0013412077361500045
standard_NN,10,350,3,189,4.218381743038337,4.3480163,-0.1296345190161068,16.873526972153346,18.70466,-1.8311334434960678,37.96543568734502,36.61794,1.347496691983693,67.49410788861339,77.692085,-10.197977377499896,0.0164462909818377,0.027950076,-0.011503785404494812,0.0087446224236235,0.015523989,-0.006779366329933706
standard_NN,10,350,3,190,6.070715567521796,5.8972707,0.1734448880479187,24.282862270087183,24.456612,-0.17374936321359868,54.63644010769616,53.012535,1.6239050124813161,97.13144908034872,94.30712,2.8243278034932473,0.0089544369942032,0.005145172,0.003809264871337285,0.0051754306945191,0.0024568934,0.0027185372485951757
standard_NN,10,350,3,191,17.113728212773086,18.259798,-1.1460698371536715,68.45491285109235,74.466515,-6.0116017363099985,154.0235539149578,165.63791,-11.614355020589073,273.8196514043694,303.2123,-29.392659386646244,0.0001759606813494,-0.0017717708,0.0019477314482856426,8.680755994717004e-05,-0.0009087312,0.0009955387518318962
standard_NN,10,350,3,192,16.765377557509378,17.900259,-1.1348814604349577,67.06151023003751,72.46119,-5.3996790399820185,150.88839801758442,161.6827,-10.794295463860891,268.24604092015005,285.52588,-17.27983798609995,0.0002322117757241,-0.0010511888,0.001283400571551429,9.308705975010233e-05,-0.00045306556,0.0005461526166897937
standard_NN,10,350,3,193,7.972670060499945,8.59912,-0.6264500795757382,31.89068024199978,33.17791,-1.287229609074437,71.75403054449951,75.53046,-3.776425998469236,127.56272096799913,138.33315,-10.770424173602436,0.0010528434173093,-0.00038860872,0.0014414521388598541,0.0003687911527509,-0.00033904606,0.0007078372151868549
standard_NN,10,350,3,194,5.14007728651632,5.192784,-0.05270654603372904,20.56030914606528,20.870737,-0.3104279297403849,46.26069557864688,47.96727,-1.7065743188140559,82.24123658426112,82.789215,-0.5479785036295084,0.004602596349982,0.007085865,-0.0024832685478353737,0.0017724866497323,0.003903553,-0.0021310662400916133
standard_NN,10,350,3,195,4.374222196008239,3.929724,0.44449821796563604,17.496888784032954,17.91378,-0.4168914283693894,39.36799976407415,33.758842,5.60915729581243,69.98755513613182,70.51727,-0.5297178130869327,0.0170992227250879,0.024509277,-0.007410054469650488,0.0076033468275715,0.01336809,-0.005764742855782401
standard_NN,10,350,3,196,19.46692364231172,17.775269,1.6916550876242198,77.86769456924688,72.092804,5.774890614168754,175.20231278080547,159.83754,15.364773107953908,311.4707782769875,293.73093,17.73985176331564,0.000132578219273,0.0026236803,-0.002491102061248512,4.328241240399081e-05,0.0015226302,-0.0014793478078751067
standard_NN,10,350,3,197,17.058624699770295,17.508394,-0.44976954156271276,68.23449879908118,71.14841,-2.913908183340695,153.52762229793265,156.8062,-3.2785758221845356,272.9379951963247,288.1981,-15.260094403284654,0.0001679906112009,0.0007575178,-0.0005895272057636369,5.574806046646049e-05,0.00042566267,-0.00036991461028371044
standard_NN,10,350,3,198,5.327162086150201,4.866484,0.46067792095855076,21.308648344600805,19.842459,1.4661896196252187,47.94445877535181,43.753113,4.191345982383062,85.23459337840322,78.949776,6.284817682602437,0.0016698855709417,0.007168257,-0.005498371572406756,0.0007282481236476,0.00344817,-0.0027199217876326745
standard_NN,10,350,3,199,9.437546265301124,8.977489,0.4600567938655775,37.75018506120449,36.590572,1.159612704026756,84.93791638771012,80.60212,4.3357969419093365,151.00074024481796,145.88525,5.115486338567962,0.0005756730315145,0.0032175973,-0.00264192422769406,0.0003322665445334,0.0018679723,-0.0015357057698243575
standard_NN,10,350,3,200,22.61961912258584,22.703964,-0.08434511081259899,90.47847649034335,89.8547,0.6237783091910103,203.57657210327253,200.17308,3.403491658936588,361.9139059613735,367.34985,-5.435947554251527,0.0001141156187301,-0.00010008778,0.00021420340063250265,6.600799078174634e-05,-0.00048272283,0.0005487308166181366
standard_NN,10,350,3,201,13.668170793570228,16.33699,-2.6688195628750844,54.67268317428091,67.30406,-12.631378715367525,123.01353714213204,147.0274,-24.013867643024213,218.69073269712365,265.80817,-47.1174338067826,0.0001222692364372,-0.0012763523,0.001398621562822877,4.007678039428388e-05,-0.0008831042,0.0009231810018239597
standard_NN,10,350,3,202,11.35580565790681,11.579904,-0.2240979446932876,45.42322263162724,47.422527,-1.9993046816051816,102.20225092116132,103.64652,-1.4442716008113337,181.69289052650896,186.34482,-4.651927588725414,0.0005892622234714,0.0011321103,-0.0005428480267110498,0.0003103831629464,0.00070688856,-0.0003965053977249593
standard_NN,10,350,3,203,6.099337131658988,6.459652,-0.36031481536249643,24.39734852663595,24.928787,-0.5314387048093607,54.894034184930895,55.95718,-1.0631458382624643,97.5893941065438,95.86442,1.7249760767586508,0.0008351021352413,0.0014349843,-0.0005998821324479876,0.0004688958253512,0.00069691014,-0.00022801431242508538
standard_NN,10,350,3,204,3.654229721327012,4.090219,-0.435989299516494,14.61691888530805,15.900708,-1.2837893132393141,32.88806749194311,33.192776,-0.30470823437524786,58.4676755412322,68.96231,-10.494635249783428,0.051691310956815,0.011459949,0.04023136153046202,0.026566094994101,0.0060363524,0.02052974262789197
standard_NN,10,350,3,205,7.525671855633088,7.7485886,-0.2229167063786308,30.10268742253235,32.933727,-2.831039841871945,67.73104670069779,72.695274,-4.964227652329555,120.4107496901294,132.48189,-12.071138127253406,0.0004529241974654,0.00097319117,-0.0005202669730221529,0.0001743365785258,0.00041784561,-0.00024350903619433593
standard_NN,10,350,3,206,8.631411966777332,7.893124,0.7382878632311893,34.52564786710933,31.755428,2.7702195529003433,77.68270770099598,68.52402,9.158690367011602,138.1025914684373,124.8066,13.295988990409967,0.0001689727022992,0.0008224217,-0.0006534489848902896,6.25208944075939e-05,0.000782294,-0.0007197731298400822
standard_NN,10,350,3,207,5.043821261829542,3.9448678,1.0989534124795668,20.17528504731817,17.920853,2.254432386185357,45.39439135646588,37.67706,7.717332182881897,80.70114018927268,74.70954,5.991598868471897,0.0009724139404781,0.0047824285,-0.0038100145588331087,0.0004515290792255,0.0026292787,-0.0021777496141226695
standard_NN,10,350,3,208,23.292217264160296,22.518913,0.7733039951173275,93.1688690566412,90.5672,2.6016693496099492,209.62995537744268,200.8464,8.783550348145809,372.6754762265648,361.1661,11.509369048830422,2.659360101201349e-05,0.0011549309,-0.0011283373118775267,1.5124534713654686e-05,0.0010314846,-0.0010163600365718911
standard_NN,10,350,3,209,5.350518837492076,5.3280034,0.022515430967417593,21.402075349968303,21.268343,0.13373237816654537,48.15466953742869,46.25441,1.9002597473896259,85.60830139987321,83.24186,2.3664419638380565,0.0025677197588472,0.007854407,-0.005286686963042773,0.0015007865704566,0.004122797,-0.0026220103636414053
standard_NN,10,350,3,210,6.07800615537599,5.7342734,0.3437327216906869,24.31202462150396,25.520632,-1.2086071686571742,54.70205539838391,56.702915,-2.0008597932664784,97.24809848601583,99.64074,-2.3926409549021344,0.0017510013597737,0.008888398,-0.007137396937357362,0.0009906774567312,0.004824717,-0.0038340396067255735
standard_NN,10,350,3,211,28.743999303092217,30.549383,-1.8053838603599317,114.97599721236888,123.4875,-8.511505839388931,258.69599372783,276.10245,-17.406453781935625,459.90398884947547,497.95474,-38.05075358216516,2.374378387206449e-05,-0.000717055,0.0007407987781832482,7.698980896502559e-06,-4.0682662e-05,4.838164297118952e-05
standard_NN,10,350,3,212,26.146974126092235,25.72321,0.42376474498871985,104.58789650436894,106.04802,-1.4601229048107456,235.3227671348301,234.71228,0.6104868613925873,418.35158601747577,421.17377,-2.8221810723679823,8.424729520175523e-05,0.0024525812,-0.0023683338943710558,2.614202680166244e-05,0.0012466828,-0.0012205408070785236
standard_NN,10,350,3,213,4.530610226306957,4.8401036,-0.3094933999442633,18.12244090522783,18.133936,-0.011495023116896874,40.77549203676262,40.059002,0.7164901141551994,72.48976362091132,75.598366,-3.1086021627800875,0.0049127912106859,0.0041487277,0.0007640634621428758,0.0025183498720954,0.0022953858,0.00022296405875485512
standard_NN,10,350,3,214,5.242396247518047,4.854693,0.3877033115744437,20.96958499007219,20.301239,0.6683459764003139,47.18156622766243,38.913116,8.268449772584304,83.87833996028876,89.94246,-6.064119146156557,0.0698451016483708,0.018159442,0.051685659998457006,0.0398113174750342,0.0104636,0.0293477174281015
standard_NN,10,350,3,215,10.814507831856025,11.752679,-0.9381710392987603,43.2580313274241,45.424034,-2.1660027912282445,97.33057048670422,102.360466,-5.029895516713751,173.0321253096964,185.9795,-12.947382136592665,0.0005311337135578,-0.00029572885,0.000826862566064527,0.0001835374468323,-0.00036131073,0.0005448481723982997
standard_NN,10,350,3,216,2.154736485165542,1.5619863,0.5927501579942165,8.618945940662169,6.2141623,2.404783590961241,19.39262836648988,17.421946,1.9706827945904664,34.475783762648675,22.23512,12.240662989333245,0.021262256864581,0.024179107,-0.002916849713649857,0.009969927364687,0.012520597,-0.0025506699516377115
standard_NN,10,350,3,217,12.237226870029446,12.415123,-0.17789611581039821,48.94890748011778,52.210453,-3.2615455533294835,110.13504183026502,113.29483,-3.159788492000601,195.7956299204712,207.55786,-11.762231407653786,0.0002909343505048,-0.00071434065,0.0010052750051722668,0.0001496760149094,-0.00014172417,0.00029140018777257796
standard_NN,10,350,3,218,19.78464324541212,23.795607,-4.01096336774706,79.13857298164847,95.05951,-15.920936295695284,178.06178920870903,215.37831,-37.31652194851753,316.55429192659386,385.87082,-69.31652716520301,1.275368573239916e-05,-0.00084909,0.0008618436784306811,4.492689823982283e-06,-0.00012430821,0.00012880089771120714
standard_NN,10,350,3,219,13.309044120368792,13.787225,-0.4781806492234928,53.23617648147517,55.1984,-1.9622221086127212,119.78139708331916,123.91641,-4.135015270196462,212.94470592590068,217.26535,-4.320644415896197,4.830784369470663e-05,0.0009650924,-0.0009167845456839901,2.6325065316621536e-05,0.0008240804,-0.0007977553073782582
standard_NN,10,350,3,220,11.307875009931962,11.897221,-0.5893456016403036,45.23150003972785,47.07221,-1.8407083648131675,101.77087508938769,109.014336,-7.243460542936532,180.9260001589114,190.27184,-9.345835168237045,0.0007136289475482,0.0014497401,-0.0007361111950132953,0.0003676631191477,0.00035545585,1.22072693623423e-05
standard_NN,10,350,3,221,9.478256013457584,8.3462305,1.1320255065606109,37.913024053830334,34.069862,3.8431616881076778,85.30430412111826,75.73364,9.570661542993264,151.65209621532134,133.10303,18.549068871571336,0.0012844141265474,0.0051914467,-0.003907032621083434,0.0005032768036723,0.0024046246,-0.0019013477925658362
standard_NN,10,350,3,222,13.894999628761749,17.470196,-3.575196141501923,55.579998515047,70.79774,-15.217738606535029,125.05499665885574,158.41188,-33.35688383430832,222.319994060188,278.33472,-56.01472273668699,0.0012969932116305,0.003974337,-0.002677343919154488,0.0004428263265568,0.0020211332,-0.0015783068746399898
standard_NN,10,350,3,223,14.447331930863438,16.0417,-1.5943684322957417,57.78932772345375,64.59654,-6.807214634944685,130.02598737777095,143.96481,-13.93882585465093,231.157310893815,253.93672,-22.779410907942804,0.0021759700251027,0.003979244,-0.00180327377866665,0.0009541786954678,0.0018984168,-0.0009442380881928503
standard_NN,10,350,3,224,8.981182992244404,10.34552,-1.3643370272868456,35.92473196897762,41.61411,-5.689377070329023,80.83064693019965,95.684456,-14.853808941382383,143.69892787591047,166.61221,-22.913285258855154,0.0011296896718485,0.002800183,-0.001670493233199632,0.0006860938387613,0.0014749097,-0.0007888158784557877
standard_NN,10,350,3,225,7.7161672104415935,7.719083,-0.0029156218948322987,30.86466884176637,29.412584,1.4520845369568,69.44550489397436,68.28174,1.163766612724359,123.4586753670655,121.584,1.8746757332764332,0.0013026966684824,0.0034483213,-0.0021456245827162494,0.0004599777536131,0.0017006352,-0.001240657430920794
standard_NN,10,350,3,226,4.095482743334061,4.6968064,-0.6013236874825898,16.381930973336242,18.600727,-2.2187961079625858,36.85934469000655,40.403545,-3.5442006896321203,65.52772389334497,76.05642,-10.528695479213624,0.0056955867479256,0.002363412,0.003332174805428704,0.0033825872859603,0.0012907966,0.002091790728518946
standard_NN,10,350,3,227,10.231510924923084,10.434625,-0.20311374701295115,40.926043699692336,42.37312,-1.4470756545557109,92.0835983243078,92.85821,-0.7746093783289183,163.70417479876934,165.31479,-1.610614019590031,0.0031694054962731,0.0011472456,0.0020221598572692867,0.0016588547677655,0.0004721338,0.001186720963187166
standard_NN,10,350,3,228,3.184881272352736,2.0433066,1.1415746832261493,12.73952508941094,9.827516,2.912009487299123,28.663931451174616,20.291079,8.372852883669733,50.958100357643765,43.806522,7.151577988259,0.0008603869216376,0.005329965,-0.004469578226483519,0.00043526885331,0.002703593,-0.0022683242592183243
standard_NN,10,350,3,229,3.8755034178268417,3.9423516,-0.06684816183929598,15.502013671307369,16.134096,-0.6320824743225142,34.879530760441575,37.049335,-2.1698047192947527,62.00805468522947,63.562397,-1.5543423179443607,0.0376220106117254,0.008057731,0.029564279407990522,0.0197032850933418,0.0042637237,0.015439561358575556
standard_NN,10,350,3,230,13.096187721050416,13.537359,-0.44117151662048215,52.38475088420167,54.384083,-1.9993319099877809,117.86568948945376,120.83512,-2.969431665331399,209.53900353680663,214.58847,-5.049466922177743,0.0003686013558441,0.0028788769,-0.002510275512791316,0.0001383982818233,0.0014684766,-0.0013300783247096313
standard_NN,10,350,3,231,15.49589578357424,16.508032,-1.0121360615185342,61.98358313429696,67.23719,-5.253607112285074,139.46306205216817,150.0512,-10.588131185136518,247.93433253718783,263.88354,-15.949212384687172,0.0001286864347713,0.0014313218,-0.0013026354068933124,5.178375834028999e-05,0.0011068156,-0.0010550318871309253
standard_NN,10,350,3,232,14.21872832320477,16.132767,-1.9140384004280424,56.87491329281908,65.46319,-8.588274878567638,127.96855490884292,149.69171,-21.72315651693833,227.49965317127632,258.8636,-31.36393325450493,0.0007436961941599,0.001024447,-0.00028075083809056393,0.0002563180051828,0.00025067857,5.639437501338425e-06
standard_NN,10,350,3,233,6.365380475719864,7.120854,-0.7554734251895594,25.461521902879458,26.635895,-1.1743728725111673,57.288424281478775,60.11834,-2.8299152570954433,101.84608761151785,110.25859,-8.412503086724342,0.0024841150245227,0.0018905898,0.0005935251921944402,0.000903770183122,0.0009169237,-1.3153504205653155e-05
standard_NN,10,350,3,234,8.901793449846561,8.739872,0.16192147108679578,35.607173799386246,36.116215,-0.50904095281102,80.11614104861906,82.77243,-2.656289371302819,142.42869519754498,137.62541,4.803283210240295,0.00046763572442,0.000357722,0.00010991373397995917,0.0001891601681181,0.00013834199,5.081818049612952e-05
standard_NN,10,350,3,235,3.0916709686905595,2.9402459,0.15142510191504677,12.366683874762238,12.835483,-0.46879872258883637,27.82503871821504,26.16358,1.661458777419142,49.46673549904895,52.074406,-2.6076701711170642,0.0159311102514571,0.006180402,0.009750708359987145,0.0078598300226219,0.0031309356,0.004728894424457104
standard_NN,10,350,3,236,2.2236122759748773,2.6653044,-0.4416921464036627,8.89444910389951,11.112155,-2.217705856732815,20.01251048377389,26.29584,-6.283328825918492,35.57779641559804,41.671474,-6.093678041189072,0.0235524198564675,0.033004478,-0.009452057763657318,0.011216628490543,0.016797768,-0.005581139461541542
standard_NN,10,350,3,237,8.44635258790726,8.851382,-0.4050296676469394,33.78541035162904,36.881878,-3.0964675475408825,76.01717329116535,79.86664,-3.8494648924284007,135.14164140651616,148.03143,-12.889791698952592,0.0004594601478973,0.00180827,-0.0013488098492300542,0.0001758827418416,0.00045359397,-0.00027771122424386375
standard_NN,10,350,3,238,5.162931939493839,5.652451,-0.48951909886675704,20.651727757975355,21.983522,-1.3317946571857782,46.46638745544455,47.94674,-1.4803517413327967,82.60691103190142,88.81695,-6.2100369051103,0.0005143995454245,0.0018437797,-0.001329380151658437,0.0002841226847598,0.0012640638,-0.0009799410730844693
standard_NN,10,350,3,239,3.860819877299951,4.0735636,-0.21274369844467778,15.443279509199805,14.193114,1.250165228499121,34.74737889569956,33.811775,0.9356036881800307,61.77311803679921,58.99883,2.774289148859758,0.0091644046176434,0.0053113834,0.0038530212175310087,0.0048632619555952,0.0028175188,0.002045743179312532
standard_NN,10,350,3,240,25.906732600360822,28.766233,-2.859500843853045,103.6269304014433,116.35438,-12.727447345138728,233.16059340324745,261.40143,-28.240834819408803,414.5077216057732,464.10858,-49.60085993719554,1.841717626413301e-05,-0.0014117429,0.0014301600562732478,5.6238899918926426e-06,-0.00033934315,0.0003449670443291498
standard_NN,10,350,3,241,3.311690133209241,3.576533,-0.2648429459380979,13.246760532836966,13.355607,-0.10884649993891315,29.80521119888318,30.36495,-0.5597389811705327,52.98704213134786,55.62392,-2.636878309325965,0.0439182921568043,0.009400704,0.03451758821253846,0.025475870964637,0.0047857924,0.02069007852818628
standard_NN,10,350,3,242,1.7554429941860044,1.2791733,0.4762697392192685,7.021771976744017,3.9889023,3.032869646345458,15.798986947674042,12.635065,3.16392186893869,28.08708790697607,20.201284,7.885803498406734,0.0134955252942232,0.013400637,9.488868085421112e-05,0.0063758596227622,0.0067092474,-0.00033338773910642026
standard_NN,10,350,3,243,4.334239396506373,4.4249616,-0.09072217041867603,17.33695758602549,16.632584,0.7043739678614287,39.00815456855736,34.543133,4.465021786574937,69.34783034410196,66.8263,2.5215287693949335,0.0046504906813592,0.00513103,-0.0004805393082111791,0.0024048445911112,0.0022558444,0.0001490001731517484
standard_NN,10,350,3,244,2.831194021659799,2.7686684,0.06252560849756739,11.324776086639195,11.190766,0.13400975210550392,25.48074619493819,24.025396,1.4553498478922933,45.29910434655678,45.62766,-0.3285544974373593,0.0016579272123121,0.0033445025,-0.0016865753205425763,0.0007943360217938,0.0016047837,-0.0008104476761913126
standard_NN,10,350,3,245,4.158860795694611,3.4241002,0.7347606350958564,16.635443182778445,14.391793,2.2436499317408476,37.42974716125151,32.17211,5.257635650021044,66.54177273111378,59.639683,6.90208996133839,0.0013990833619159,0.0031899246,-0.0017908412768024666,0.0006251215055102,0.0016298344,-0.00100471290708692
standard_NN,10,350,3,246,4.81036473360478,4.8298097,-0.0194449320751513,19.24145893441912,19.310326,-0.06886668813947239,43.29328260244303,44.01557,-0.7222889917952529,76.96583573767649,79.83745,-2.871612382440702,0.0015661768503117,0.0023398162,-0.0007736393362653817,0.0007907790158013,0.0014952049,-0.0007044258501311646
standard_NN,10,350,3,247,2.2574082006840026,2.0951068,0.16230136055033562,9.02963280273601,9.190455,-0.16082263397053254,20.316673806156025,18.455214,1.8614602594030956,36.11853121094404,37.462208,-1.3436765832454114,0.0055781559777944,0.005298615,0.0002795410101799874,0.0031235568110924,0.0027797131,0.00034384367774238514
standard_NN,10,350,3,248,7.846664457009283,8.086537,-0.23987290413573614,31.386657828037134,33.118496,-1.7318381131249758,70.61998011308356,72.0478,-1.4278180436547245,125.54663131214852,129.93575,-4.3891139271092925,0.0090756905137689,0.004166257,0.004909433411726463,0.0046720260466103,0.0021145402,0.002557485847792451
standard_NN,10,350,3,249,28.380762567846283,26.924463,1.4562992957515561,113.52305027138512,108.939186,4.58386417519371,255.42686311061647,244.78545,10.641416943624279,454.0922010855405,436.2379,17.854286046478023,4.805989300067394e-06,-0.0048038773,0.004808683313165958,1.5777557169770771e-06,-0.0023009921,0.0023025698981260635
standard_NN,10,350,3,250,6.825494010946028,6.7500806,0.0754134254662917,27.301976043784112,27.781786,-0.4798099211817082,61.429446098514255,60.58627,0.8431767198521456,109.20790417513643,111.224594,-2.016689941074503,0.0002377529422988,0.00039187778,-0.0001541248379039762,9.985320277419948e-05,0.00012252417,-2.267096940985805e-05
standard_NN,10,350,3,251,3.952458295443556,3.7019289,0.2505294414549084,15.809833181774223,14.591958,1.2178751358147508,35.57212465899201,33.20434,2.3677827705642756,63.2393327270969,60.493137,2.7461953674777604,0.0012538005827487,0.002596337,-0.0013425365326433889,0.0005612408893033,0.0011783439,-0.000617103007450786
standard_NN,10,350,3,252,9.792727195423833,8.939839,0.8528878323256883,39.17090878169533,39.80602,-0.6351100476503717,88.13454475881449,82.3339,5.800644307154329,156.6836351267813,156.87692,-0.19328748064057777,0.0001710836195905,0.0034922308,-0.003321147162694833,9.995541500483102e-05,0.0026250842,-0.002525128834297914
standard_NN,10,350,3,253,3.4345803368084304,3.542927,-0.10834668994022678,13.738321347233722,12.453673,1.2846479845017882,30.91122303127588,28.824759,2.086464501612795,54.95328538893489,51.69064,3.2626458930852777,0.0026611976873825,0.010675583,-0.008014385347371299,0.0010771851087734,0.005283392,-0.004206206925697635
standard_NN,10,350,3,254,4.052307745554791,2.9334314,1.1188763586071593,16.209230982219164,13.289855,2.919375978862231,36.47076970999312,26.865572,9.605197734285113,64.83692392887666,56.643475,8.193449350019236,0.0093625321958848,0.012801896,-0.0034393636535219197,0.0038074841465917,0.006580984,-0.0027735000733170143
standard_NN,10,350,3,255,3.027187167030083,3.1389153,-0.11172813333917953,12.108748668120333,11.513656,0.5950930055837116,27.24468450327075,26.81592,0.42876462717211794,48.43499467248133,49.086353,-0.6513586295206224,0.0055681303165251,0.0023369228,0.0032312075163567046,0.0025755250879823,0.0011727834,0.001402741652659956
standard_NN,10,350,3,256,3.980147406033314,5.172652,-1.1925043616973987,15.92058962413326,18.35815,-2.437560858044474,35.82132665429983,41.39564,-5.574314672604466,63.68235849653304,85.99186,-22.309500939502115,0.0057564682460349,0.003884445,0.001872023301474372,0.0031730371800023,0.0020997233,0.0010733138576852958
standard_NN,10,350,3,257,16.73289790026411,18.155392,-1.4224937928511245,66.93159160105644,74.73459,-7.802997021990436,150.59608110237698,162.78555,-12.18947187613864,267.72636640422576,299.543,-31.816632863352368,0.0002332219427874,0.00021894608,1.4275863529524316e-05,9.261965698601845e-05,-1.8140467e-05,0.00011076012362241446
standard_NN,10,350,3,258,5.36858180945762,5.2377386,0.13084320014365503,21.47432723783048,21.219732,0.25459495328458104,48.317236285118575,46.385612,1.9316237973256065,85.89730895132192,84.49597,1.401337271634418,0.0004469846464748,0.00267811,-0.0022311253849362517,0.0002364886319732,0.0014628455,-0.0012263568490276406
standard_NN,10,350,3,259,9.44935743069088,9.963726,-0.5143686130102925,37.79742972276352,40.275684,-2.4782546339259355,85.0442168762179,91.25145,-6.207232708743035,151.18971889105407,156.04112,-4.851403545469367,0.0013726151480967,0.0015115497,-0.00013893454543558803,0.000520055893374,0.0007590126,-0.0002389566963227948
standard_NN,10,350,3,260,36.69037991599079,34.386604,2.303775606908758,146.76151966396316,138.0241,8.737426036033469,330.21341924391714,312.3995,17.81391362868277,587.0460786558526,560.47,26.576107952727625,8.439579992652557e-06,-0.0029633986,0.002971838163226009,2.556230061778608e-06,-0.0012549696,0.0012575258557955713
standard_NN,10,350,3,261,8.777435505594772,9.049236,-0.27180079201264995,35.10974202237909,37.233707,-2.123965405599428,78.99691955035294,80.71753,-1.720609746522058,140.43896808951635,146.16103,-5.722057911460212,0.0006362908549372,0.0032505335,-0.0026142426271226365,0.0003463602748743,0.0015137555,-0.0011673952561759649
standard_NN,10,350,3,262,6.689441324651211,6.9770694,-0.2876280532479587,26.757765298604845,26.429382,0.3283829743860949,60.2049719218609,59.96124,0.24373306077691836,107.03106119441938,107.187836,-0.1567744989399955,0.0011259458063312,0.0007988569,0.00032708890858591864,0.0004455371934598,0.00030100934,0.0001445278583703251
standard_NN,10,350,3,263,13.137181551136976,13.094302,0.042879373707776836,52.548726204547904,52.469807,0.07891953340532609,118.2346339602328,119.05835,-0.8237156491422013,210.1949048181916,211.92307,-1.7281603673552866,0.0003282486929789,0.0028570322,-0.0025287835390076225,0.0001391048912676,0.0014862372,-0.0013471322695938921
standard_NN,10,350,3,264,30.61536480815044,24.360193,6.255171555586962,122.46145923260175,96.89228,25.569178653988473,275.5382832733539,218.70145,56.83683674015077,489.845836930407,389.929,99.91685133470389,3.097522702963724e-06,-0.001432835,0.0014359325307206825,2.0917751936444143e-06,-0.00016530573,0.0001673975013073736
standard_NN,10,350,3,265,2.90160137349155,3.1722162,-0.27061480349514433,11.6064054939662,12.66805,-1.0616443183506945,26.114412361423955,29.695559,-3.5811461865496774,46.4256219758648,50.075596,-3.6499738798480905,0.0643182230866209,0.045517486,0.018800737497831913,0.0322949355780003,0.023551581,0.008743354150545349
standard_NN,10,350,3,266,8.297198007439883,7.6435804,0.6536175707333403,33.18879202975953,31.998446,1.190346518895275,74.67478206695897,70.37091,4.303871422427719,132.75516811903813,120.76676,11.988406339252975,0.0024584463830797,0.0031990986,-0.0007406522486599165,0.0012379774599722,0.0015618756,-0.0003238981115245847
standard_NN,10,350,3,267,8.70126624102165,8.259134,0.4421319484191102,34.8050649640866,31.998322,2.806743430883472,78.31139616919484,72.44691,5.864489125737805,139.2202598563464,123.75182,15.46843643105342,0.0019369601165026,0.0024217737,-0.000484813620793862,0.0009498812070567,0.0011253513,-0.00017547008595579982
standard_NN,10,350,3,268,4.792720021340485,5.015661,-0.2229407414463802,19.17088008536194,18.966316,0.20456386221740885,43.134480192064366,44.20885,-1.074370668531337,76.68352034144776,78.205086,-1.5215654129467708,0.0012232172921167,-0.001298406,0.0025216233370692715,0.0004758705536272,-0.0010168933,0.0014927638613056015
standard_NN,10,350,3,269,2.702378198376767,3.1780612,-0.4756830484951813,10.809512793507068,12.507491,-1.6979783182483033,24.321403785390903,25.667105,-1.3457009356784333,43.23805117402827,50.188076,-6.950024845258838,0.0020694942609407,0.0043943175,-0.002324823250528426,0.0009212032511435,0.002152076,-0.0012308727398910079
standard_NN,10,350,3,270,9.319334939519518,9.976361,-0.6570263351997205,37.27733975807807,40.027626,-2.7502862795195853,83.87401445567566,86.89601,-3.0219968968633992,149.10935903231228,155.30786,-6.198502295812716,0.0009879169614187,0.003442349,-0.002454431950939584,0.0003680971261737,0.0015842929,-0.0012161957289400448
standard_NN,10,350,3,271,4.881242485620905,4.9245253,-0.04328277530438829,19.52496994248362,21.826962,-2.3019915748503657,43.93118237058814,44.38749,-0.4563069482595168,78.09987976993447,90.30506,-12.205181570397556,0.0128269563999773,0.012219759,0.0006071976956726049,0.0059999465093674,0.006852188,-0.0008522416382370657
standard_NN,10,350,3,272,14.292671947859512,15.819751,-1.5270788379681246,57.17068779143805,63.515892,-6.345204237370545,128.6340475307356,142.79408,-14.160035110865977,228.6827511657522,251.95653,-23.273776544208744,0.0019166611088369,0.0032899338,-0.0013732726732339751,0.0007635987457393,0.00165115,-0.0008875513122843315
standard_NN,10,350,3,273,7.045485155741367,7.3664627,-0.32097755177816456,28.181940622965467,28.820316,-0.6383756917317989,63.40936640167231,65.13604,-1.7266733322144106,112.72776249186188,117.22409,-4.496328084309994,0.0069333251484901,0.0033644172,0.0035689079121917775,0.0034854932360715,0.0018350417,0.0016504515566295713
standard_NN,10,350,3,274,4.407115703618412,4.174092,0.23302388766992532,17.628462814473647,17.398233,0.23022940077735754,39.6640413325657,36.951717,2.712323955856718,70.51385125789459,69.27766,1.2361947027188052,0.0077605530017186,0.0044427556,0.003317797403143723,0.0045699095600456,0.0025627818,0.002007127764186263
standard_NN,10,350,3,275,37.214319500872,29.127811,8.086508068987236,148.85727800348798,120.07742,28.779854907784852,334.928875507848,265.9817,68.94718605472298,595.4291120139519,477.14325,118.28586250223316,4.551579734047782e-05,0.0008102521,-0.0007647362977665113,1.4270137376649677e-05,5.6321103e-05,-4.205096595288776e-05
standard_NN,10,350,3,276,13.273485211988923,13.379294,-0.10580918345785406,53.0939408479557,54.85358,-1.7596396268978154,119.46136690790031,118.65973,0.8016379039940631,212.3757633918228,225.37346,-12.997695470481887,0.0034976892428968,-0.00022236904,0.003720058281862353,0.0019835584359255,-0.00040773855,0.0023912969888199432
standard_NN,10,350,3,277,3.74602773446589,4.455146,-0.7091181014105747,14.98411093786356,17.228569,-2.2444580928981583,33.714249610193015,36.86458,-3.1503286368772976,59.93644375145424,69.90825,-9.971805149912946,0.0091952397875411,0.0047352277,0.004460012113295265,0.0046842532596189,0.002140573,0.002543680266534112
standard_NN,10,350,3,278,12.70223693371022,14.612389,-1.9101516771296243,50.808947734840885,58.318085,-7.50913698195599,114.320132403392,133.12364,-18.803509564381443,203.2357909393636,229.407,-26.171206741300466,0.001679330857394,0.0014119289,0.0002674019457006057,0.0006904056772013,0.0008023973,-0.00011199164331138222
standard_NN,10,350,3,279,2.353569305420612,2.6471384,-0.29356905174186343,9.414277221682443,11.137473,-1.723195884701834,21.182123748785504,25.345404,-4.163279922479145,37.65710888672978,45.32156,-7.664451019276079,0.0336812896818581,0.038471494,-0.004790204188161812,0.0198131262093373,0.020075416,-0.0002622899830750751
standard_NN,10,350,3,280,15.950585933670816,16.870165,-0.9195789375450047,63.80234373468327,67.807495,-4.005151382504231,143.55527340303735,151.99193,-8.43665469754859,255.20937493873308,268.63657,-13.427191223376298,0.0006476521125168,0.00021117559,0.00043647652316022856,0.0002960091752008,1.2168496e-05,0.0002838406790594152
standard_NN,10,350,3,281,16.470581763807967,16.96791,-0.49732900279359527,65.88232705523187,68.463295,-2.5809679276782873,148.23523587427172,154.094,-5.858758266353277,263.5293082209275,273.02896,-9.49965296071315,0.0002146165988067,0.001829442,-0.0016148253872400316,0.0001189184716223,0.0011690175,-0.0010500990444542648
standard_NN,10,350,3,282,16.345825809393947,16.479904,-0.13407836541074047,65.38330323757579,68.057144,-2.6738409274632744,147.11243228454552,148.9405,-1.8280736968997928,261.53321295030315,265.7669,-4.233693787978098,0.0001094458387728,-2.9222047e-05,0.00013866788535087015,3.5893563928417205e-05,-0.0005054578,0.0005413513707950332
standard_NN,10,350,3,283,3.28954259845544,3.4197228,-0.13018019703101036,13.15817039382176,12.923669,0.2345015324325992,29.605883386098963,31.42148,-1.8155967927340448,52.63268157528704,55.399647,-2.7669651837461657,0.0320310694199761,0.01686029,0.01517077992081247,0.0173829911004699,0.008401106,0.008981884988764597
standard_NN,10,350,3,284,7.2984879994898435,6.766745,0.5317429090052244,29.19395199795937,26.477058,2.716893587314839,65.6863919954086,58.95243,6.733961270310942,116.7758079918375,109.58035,7.195455208634371,0.0008456361622578,0.0012048568,-0.0003592206255504395,0.0004792154817527,0.0011309332,-0.0006517176931107577
standard_NN,10,350,3,285,9.511313477953488,10.426255,-0.9149417481817661,38.04525391181395,41.324474,-3.2792204229028457,85.6018213015814,93.95339,-8.351570727227198,152.1810156472558,169.82356,-17.642546974814508,0.0086822494139865,0.0048035486,0.0038787008469894496,0.0048897124716222,0.002875397,0.0020143154897868344
standard_NN,10,350,3,286,2.44650227695198,2.7440593,-0.2975570473125462,9.78600910780792,10.557355,-0.7713458192550675,22.018520492567824,19.728743,2.289777893080519,39.14403643123168,38.512035,0.6320010613586362,0.0590871401965537,0.08024542,-0.021158280140169627,0.0294644072985578,0.04163055,-0.01216614392042871
standard_NN,10,350,3,287,3.1564528777367995,2.9624183,0.1940345599419997,12.625811510947198,11.4087515,1.2170600232152644,28.4080758996312,26.786001,1.622074694186864,50.50324604378879,45.20792,5.295325969325901,0.0051615459508528,0.013109681,-0.007948135245657992,0.0021126505918158,0.006712369,-0.004599718563322931
standard_NN,10,350,3,288,5.872865552500903,5.5252695,0.3475960441390864,23.49146221000361,22.284166,1.207295873944041,52.85578997250813,47.68183,5.173958612644846,93.96584884001444,87.84213,6.12371627165507,0.0020969147092439,0.0056383726,-0.0035414579094611345,0.0011344728085061,0.0028944046,-0.0017599317685852362
standard_NN,10,350,3,289,6.899066805394647,6.538921,0.36014592603063367,27.59626722157859,25.628023,1.9682440739955815,62.09160124855183,57.438213,4.65338790016316,110.38506888631436,101.55209,8.832975380454982,0.0057944792830336,0.002990614,0.0028038653586941863,0.0027517948385201,0.0013348708,0.0014169240223116776
standard_NN,10,350,3,290,3.057340019729543,3.0689538,-0.01161373278815736,12.229360078918171,10.639583,1.5897774449460034,27.516060177565887,28.51457,-0.9985100586401678,48.917440315672685,41.037403,7.880037208983232,0.0098294118997986,0.01792882,-0.008099408203608306,0.0047039950770803,0.008742679,-0.00403868383341355
standard_NN,10,350,3,291,3.746862926135832,3.9205086,-0.17364569698733678,14.987451704543329,14.529714,0.4577380738670591,33.72176633522249,33.246418,0.4753483359549122,59.94980681817332,58.55743,1.3923765508393373,0.0321559775290597,0.00698347,0.025172507357369714,0.0174537840527734,0.003707378,0.01374640611421971
standard_NN,10,350,3,292,8.343765300853464,7.901179,0.4425864640309545,33.37506120341386,31.814678,1.560383011275185,75.09388770768119,72.25018,2.8437046022124406,133.50024481365543,125.42142,8.078827577327303,0.0023396229938415,0.006282486,-0.003942863027677207,0.0011108897732691,0.003366493,-0.002255603148217397
standard_NN,10,350,3,293,6.912158087400874,7.8583164,-0.9461583341079152,27.648632349603496,32.452366,-4.803733525640645,62.20942278660787,72.28345,-10.074024479017133,110.59452939841398,127.033226,-16.43869661476961,0.0017664513295426,0.0063463557,-0.004579904328481949,0.0010284829600375,0.0034262226,-0.00239773963628003
standard_NN,10,350,3,294,4.809114876478157,4.416721,0.3923940093211744,19.236459505912627,20.797508,-1.5610487338334664,43.28203388830342,38.935375,4.34665867468037,76.94583802365051,81.11409,-4.168251942169803,0.0042279139598742,0.027880667,-0.02365275281761737,0.0022359855189291,0.015352587,-0.013116601696673297
standard_NN,10,350,3,295,13.659789750679543,14.467358,-0.8075678848185035,54.63915900271818,58.618633,-3.9794742675454913,122.93810775611594,130.19124,-7.253130647204372,218.55663601087272,231.19652,-12.639881933463215,0.0001424359458407,0.0027787925,-0.0026363565751443075,4.659443460052538e-05,0.001520948,-0.001474353584278173
standard_NN,10,350,3,296,2.1332323455195263,2.392771,-0.2595386601109668,8.532929382078105,9.1064825,-0.5735531237202345,19.19909110967573,23.402239,-4.2031477361494645,34.13171752831242,38.360874,-4.229156647712969,0.0098364897009382,0.01618336,-0.006346869847511316,0.0044436721080761,0.007969953,-0.003526281011678691
standard_NN,10,350,3,297,3.3799221720017094,3.3428266,0.037095567158569764,13.519688688006838,11.269477,2.250211797442873,30.41929954801539,29.405191,1.0141081265065992,54.07875475202735,48.27785,5.8009036472910225,0.0082954048157966,0.010195389,-0.0018999845741951606,0.0037508425372899,0.0049516032,-0.0012007607077002104
standard_NN,10,350,3,298,5.026545090163434,5.15432,-0.1277746730201601,20.10618036065373,19.703955,0.4022256639984576,45.2389058114709,45.97235,-0.7334452627478498,80.42472144261494,78.99464,1.4300849069704071,0.001243399244433,0.0002843482,0.0009590510373727523,0.000624505923883,5.7448236e-05,0.0005670576874075341
standard_NN,10,350,3,299,1.8195624528940275,2.2297456,-0.41018317355555745,7.278249811576109,8.118003,-0.8397530799644182,16.37606207604625,17.508173,-1.1321109128453521,29.11299924630444,35.098812,-5.985812856967044,0.2723226777781321,0.096422754,0.17589992355001705,0.1255070194837914,0.04982406,0.07568296047423939
standard_NN,10,350,3,300,1.6465677845908904,0.39752275,1.2490450370742583,6.5862711383635615,3.0795243,3.5067468597228144,14.819110061318012,3.0133386,11.805771495491596,26.34508455345425,14.902539,11.442545300219386,0.0053661383744736,0.011260455,-0.0058943161684612945,0.003018044824529,0.0060453922,-0.0030273474242505354
standard_NN,10,350,3,301,16.74379218263693,16.911247,-0.16745507078103827,66.97516873054772,68.42332,-1.4481482250186843,150.6941296437324,153.85486,-3.1607287547051044,267.9006749221909,273.05438,-5.153707402027862,0.0001430912625076,0.0028564082,-0.0027133169833539303,4.563881016347726e-05,0.0013471514,-0.0013015125419291464
standard_NN,10,350,3,302,7.957546968299408,7.4399204,0.5176265428843694,31.83018787319764,29.737095,2.0930929940472502,71.61792271469469,65.76063,5.8572949681126545,127.32075149279054,124.8818,2.4389537022631913,0.0006230565533653,-0.0011726216,0.001795678171390305,0.0003392071044096,-0.00047844363,0.0008176507358462758
standard_NN,10,350,3,303,6.405124527019185,6.3730993,0.0320251999317831,25.62049810807674,28.557024,-2.9365258939984535,57.646120743172666,62.592484,-4.946362777335146,102.48199243230697,115.65222,-13.170229247380533,0.004755179215217,0.009270098,-0.004514918845152492,0.0023638548705741,0.004697958,-0.002334103136880772
standard_NN,10,350,3,304,3.425345728870783,3.2816455,0.14370019244805343,13.701382915483132,12.872666,0.8287165565353778,30.828111559837044,30.899717,-0.07160577109557309,54.80553166193253,55.11202,-0.30648692327255134,0.0034986044855366,0.017180411,-0.013681806659554457,0.0014357858731673,0.008649181,-0.007213394770093179
standard_NN,10,350,3,305,2.917398062455377,3.0846226,-0.16722455908087808,11.669592249821507,11.17471,0.49488197607883144,26.256582562098394,29.82942,-3.5728375276232853,46.67836899928603,45.75372,0.9246496694520445,0.0084142428281328,0.014535399,-0.00612115632569582,0.0047443954097332,0.007223719,-0.0024793233899174693
standard_NN,10,350,3,306,5.754397997767394,6.325136,-0.5707381869249888,23.017591991069576,24.067827,-1.0502352336618692,51.78958197990654,49.94273,1.8468520299553717,92.0703679642783,93.20602,-1.1356485762490394,0.0014149885573399,0.00075076433,0.0006642242260251872,0.0005086532034373,0.00010666747,0.0004019857366846032
standard_NN,10,350,3,307,10.072462620194765,10.353926,-0.28146308476129,40.28985048077905,43.02205,-2.732198469416261,90.65216358175287,93.59707,-2.9449052048682205,161.1594019231162,172.10893,-10.949530572000981,0.0002550996273166,-0.000119986886,0.00037508651300952424,8.746424448895865e-05,9.317167e-05,-5.707426834985235e-06
standard_NN,10,350,3,308,3.4834861818181566,3.933646,-0.45015978185066663,13.933944727272626,15.13573,-1.2017850624612603,31.35137563636341,32.628193,-1.2768172652479173,55.735778909090506,61.347294,-5.61151494466926,0.002491632809419,0.0046193306,-0.002127697824012673,0.0010508586143555,0.0021963038,-0.0011454451872555658
standard_NN,10,350,3,309,7.393707864071475,7.41608,-0.022372133944882577,29.5748314562859,28.033504,1.541326970201915,66.54337077664327,65.72378,0.8195930056471781,118.2993258251436,115.67952,2.619806171823285,0.0015032148082635,0.0036444338,-0.0021412189955928728,0.0005255338881616,0.0019079522,-0.0013824183580945725
standard_NN,10,350,3,310,5.040647502336177,5.285112,-0.24446440180811013,20.162590009344708,21.984385,-1.8217945273984562,45.3658275210256,48.22522,-2.859392205536899,80.65036003737883,87.108604,-6.458244393773512,0.0071872319646521,0.005847005,0.0013402267910881428,0.0036463863795841,0.0028672002,0.0007791862005585692
standard_NN,10,350,3,311,4.900127945157423,5.0400486,-0.13992065408574117,19.60051178062969,19.11904,0.48147224510723063,44.101151506416805,40.412956,3.6881952686238364,78.40204712251877,75.66484,2.737206424276579,0.0134666170299488,0.0041401023,0.009326514725430578,0.0073882484051204,0.0017367743,0.005651474062985805
standard_NN,10,350,3,312,9.575764391639913,10.045184,-0.46941974379709883,38.30305756655965,42.280678,-3.9776202288505047,86.18187952475922,92.770966,-6.58908605141265,153.2122302662386,163.79727,-10.585041462277019,0.000124076545307,0.0028553207,-0.002731244148618023,4.177622430828251e-05,0.0012282887,-0.0011865125230619605
standard_NN,10,350,3,313,27.362856253186045,29.387693,-2.024837151965322,109.45142501274418,116.30973,-6.858305517040975,246.2657062786745,257.3724,-11.106699727184889,437.8057000509767,470.41605,-32.6103460916014,3.5870094095143644e-05,0.0012698896,-0.0012340195521146327,1.6739638684653904e-05,0.0008463392,-0.0008295995763741795
standard_NN,10,350,3,314,4.69416689200374,4.9508767,-0.256709820795332,18.77666756801496,20.273561,-1.4968939096461717,42.24750202803367,40.894886,1.352616011187969,75.10667027205984,81.229095,-6.122425186924531,0.0047924994317345,0.006977025,-0.0021845255220778606,0.0024654522493191,0.0035166605,-0.001051208288251615
standard_NN,10,350,3,315,6.178756250881438,5.331371,0.8473854203455495,24.71502500352576,22.121016,2.5940094548197052,55.60880625793294,50.093624,5.515182142942706,98.860100014103,86.6039,12.256202919376435,0.0114587731610162,0.009495156,0.00196361727520058,0.0051586488457611,0.005294088,-0.00013543896281810637
standard_NN,10,350,3,316,10.537861182235591,10.962184,-0.42432277009595154,42.151444728942366,43.70022,-1.548773471741228,94.84075064012032,96.51707,-1.676316315446087,168.60577891576946,173.06264,-4.4568584133321,0.0004307148077118,0.0004582103,-2.749549154538902e-05,0.0001462191742387,-7.387128e-05,0.00022009045122036296
standard_NN,10,350,3,317,12.939376374550164,12.581818,0.35755874759703943,51.75750549820065,50.4354,1.32210739639401,116.45438737095148,112.830574,3.6238133353069486,207.0300219928026,203.32533,3.70468935120104,4.9357942611402576e-05,0.0010500938,-0.0010007358506988224,1.6303306754413276e-05,0.0010642805,-0.0010479772069196076
standard_NN,10,350,3,318,2.172886514468425,1.6799635,0.4929230449631148,8.6915460578737,7.919048,0.7724982253846857,19.555978630215822,18.071863,1.4841154557773457,34.7661842314948,32.794514,1.9716705291022194,0.0189091823516967,0.014587412,0.0043217706947209535,0.0089090327873262,0.007261693,0.0016473397753568719
standard_NN,10,350,3,319,8.448452699514577,8.179103,0.2693498018705345,33.79381079805831,33.80845,-0.014637993445596464,76.0360742956312,73.373245,2.6628290563733827,135.17524319223324,131.70413,3.471111112155114,0.0012260455321675,0.0021717378,-0.0009456923082316461,0.0005903631740103,0.00088635675,-0.00029599357509589857
standard_NN,10,350,3,320,3.427925651107885,3.88153,-0.45360439535512764,13.711702604431542,16.31953,-2.607827882629005,30.851330859970968,38.541573,-7.690241710829813,54.84681041772617,67.99529,-13.14848224584805,0.024766817102743,0.0076449583,0.017121858774287315,0.0127022602853013,0.0041677346,0.008534525639994236
standard_NN,10,350,3,321,29.097526462261825,30.103746,-1.0062199519227448,116.3901058490473,121.813934,-5.423828477124573,261.87773816035644,274.64948,-12.771736937299806,465.5604233961892,492.51227,-26.951844670217042,8.511144075118383e-06,-0.0020040711,0.002012582282874309,2.725751783619145e-06,-0.00090966065,0.0009123864035978117
standard_NN,10,350,3,322,7.593919151651635,7.9921474,-0.39822829402707605,30.37567660660654,32.683,-2.307322050620023,68.34527236486471,67.55555,0.789722743282681,121.50270642642616,126.90408,-5.401376825526967,0.0001911250209663,0.0007876829,-0.000596557868528745,8.624322031994738e-05,-0.000121626705,0.00020786992496016823
standard_NN,10,350,3,323,8.599959126471477,8.205026,0.3949334535588793,34.39983650588591,33.087646,1.312190021510908,77.39963213824329,72.48379,4.915844601622197,137.59934602354363,130.78995,6.809398513778007,0.0008660307616892,0.0013622261,-0.0004961953268421153,0.0004284060834188,0.0006444846,-0.00021607850964851819
standard_NN,10,350,3,324,6.929553255474268,6.8075557,0.12199757996767602,27.71821302189707,27.38179,0.33642286076425876,62.36597929926842,61.549953,0.8160258385750581,110.87285208758829,107.90179,2.9710652833890663,0.0012047397312182,0.0033618507,-0.002157111012895126,0.0004367115094644,0.0017629318,-0.0013262203077468108
standard_NN,10,350,3,325,6.426156437982037,6.3336,0.09255639373154878,25.70462575192815,24.644321,1.0603043102777576,57.83540794183834,53.310375,4.525032728215294,102.8185030077126,95.55401,7.264494523825874,0.0064396615284435,0.00065631286,0.005783348673017278,0.0036335959839936,0.00018076466,0.00345283132177532
standard_NN,10,350,3,326,8.42516544590078,8.062738,0.36242702732167764,33.70066178360312,32.521965,1.178696756747648,75.82648901310701,71.955696,3.8707929071499763,134.80264713441247,130.94218,3.8604626861702798,0.0007848245484217,0.0016236418,-0.0008388172675461578,0.0004344438365734,0.001017673,-0.0005832292209305982
standard_NN,10,350,3,327,4.412935087080895,4.591511,-0.1785756856241827,17.65174034832358,18.349375,-0.6976344227945823,39.71641578372805,39.606983,0.10943259891359958,70.60696139329433,74.27086,-3.6638973713541105,0.0101735870547631,0.009407334,0.0007662530250885698,0.0047730152429422,0.0048152274,-4.221210914052975e-05
standard_NN,10,350,3,328,7.5170823389073185,7.5684466,-0.0513642972926327,30.06832935562928,30.348528,-0.2801985526959143,67.65374105016586,69.74493,-2.091185402470856,120.2733174225171,116.92461,3.348711099274908,0.0001234324607741,0.00012082752,2.6049400422634497e-06,5.293154619055565e-05,0.000118387,-6.545545101045865e-05
standard_NN,10,350,3,329,4.07272597176347,4.676698,-0.6039722360917548,16.29090388705388,20.4102,-4.119296231964675,36.65453374587123,41.71404,-5.059505103005726,65.16361554821552,77.9023,-12.738682425417295,0.0043887952069441,0.0035079634,0.0008808318252364316,0.0022654600870637,0.0021963692,6.909086004176735e-05
standard_NN,10,350,3,330,4.869981394099291,4.9793115,-0.10933007211774992,19.479925576397164,21.106703,-1.6267772281682653,43.82983254689363,47.775433,-3.945600039776295,77.91970230558866,85.31091,-7.3912107803488425,0.0037529335838289,0.005978814,-0.002225880276736524,0.0020964863951937,0.0033604144,-0.0012639280166789253
standard_NN,10,350,3,331,2.740416792064702,2.7932565,-0.052839729160273574,10.961667168258808,10.217765,0.7439023138276557,24.66375112858232,22.294336,2.369414809612593,43.84666867303523,44.138424,-0.2917552466425022,0.0027541455695849,0.0010843995,0.0016697460435774266,0.0011736569136816,0.0006564977,0.0005171591907243167
standard_NN,10,350,3,332,4.689752631874905,3.3279321,1.361820512505398,18.75901052749962,14.859574,3.89943620956749,42.20777368687415,33.016922,9.190851689803836,75.03604210999848,65.94811,9.087929622205507,0.0002595489832989,0.0043395185,-0.004079969507879851,0.0001464727695583,0.002617332,-0.002470859150633346
standard_NN,10,350,3,333,8.291061477848935,7.6468234,0.6442380716294522,33.16424591139574,30.975023,2.1892226417424183,74.61955330064042,67.01701,7.6025397508357315,132.65698364558295,123.53576,9.121224673414986,0.0012329691118306,0.0033258419,-0.0020928727434271497,0.0004500177181865,0.0015538177,-0.0011037999339793898
standard_NN,10,350,3,334,3.914186503897979,4.959281,-1.0450944638144235,15.656746015591915,18.513618,-2.856872453646366,35.227678535081814,43.841557,-8.613878013990451,62.62698406236766,77.07782,-14.450835761851089,0.0009288848416438,0.00026555877,0.0006633260675264196,0.0004453038831807,6.811761e-06,0.0004384921221126071
standard_NN,10,350,3,335,25.1328188831624,23.978436,1.1543833668049786,100.53127553264956,96.38581,4.145464680598778,226.19536994846155,217.16582,9.02955268771936,402.1251021305983,387.71692,14.408183185285793,0.0001903026817388,0.0010223599,-0.0008320572566219507,0.0001077115960306,0.00061929954,-0.0005115879391433228
standard_NN,10,350,3,336,6.472741479369782,8.2739725,-1.8012310319217217,25.89096591747913,29.894758,-4.003792307008176,58.25467331432804,71.106415,-12.851741480593837,103.56386366991651,127.018394,-23.45453080029833,0.0021580220898634,0.00036140118,0.0017966209095923408,0.0012516940494875,0.00039597932,0.0008557147246661173
standard_NN,10,350,3,337,2.19318210332456,1.1525081,1.0406739637142697,8.772728413298237,4.0472445,4.72548386450063,19.738638929921034,11.2013035,8.53733544786537,35.09091365319295,18.73821,16.352702975092363,0.0044848797070244,0.009508745,-0.005023865106477435,0.0022966476773838,0.0044431183,-0.0021464706713338897
standard_NN,10,350,3,338,3.760549761403825,4.1069493,-0.3463995679723957,15.0421990456153,16.101133,-1.058934300942317,33.84494785263442,35.48939,-1.6444434742698775,60.1687961824612,70.451744,-10.282947897128643,0.0104211646201969,0.004591515,0.005829649798101267,0.0049680812583918,0.0024095273,0.0025585539472902444
standard_NN,10,350,3,339,2.1208016388357214,1.4612602,0.6595414392889074,8.483206555342885,7.028707,1.4544995279075827,19.087214749521493,12.206957,6.880257886118173,33.93282622137154,31.989172,1.9436542395600185,0.0041512323247282,0.0049868156,-0.0008355832954855466,0.0022118948623552,0.0028094528,-0.000597557961939367
standard_NN,10,350,3,340,11.216034534800285,12.372359,-1.1563247410175865,44.86413813920113,50.167877,-5.303739058064494,100.94431081320252,112.85213,-11.907816261992792,179.45655255680452,195.11987,-15.663320490070475,0.0002783640115919,0.0015617834,-0.0012834193589699979,0.0001038740526446,0.00093430124,-0.0008304271826028034
standard_NN,10,350,3,341,9.523504006513493,10.259508,-0.7360041264210775,38.09401602605397,39.90568,-1.8116655840534506,85.71153605862143,90.76175,-5.050213208956691,152.37606410421589,158.49663,-6.120563703401302,0.0003770117774633,0.000103715865,0.00027329591205616096,0.0001433844429987,-1.4437294e-05,0.0001578217373382865
standard_NN,10,350,3,342,7.993521538074312,8.307714,-0.3141929242059618,31.974086152297247,32.544888,-0.5708013904273628,71.9416938426688,71.372536,0.5691581371023915,127.896344609189,131.73749,-3.8411431837797494,0.0020092433294752,-0.0012271194,0.0032363626849376916,0.0009171361231079,-0.0007968854,0.0017140215273780423
standard_NN,10,350,3,343,7.185916582313517,7.5339317,-0.3480151498642172,28.74366632925407,31.112028,-2.3683617926941736,64.67324924082166,64.58626,0.08699130625134899,114.97466531701627,122.34223,-7.367566433472007,0.000724750190758,0.0015223046,-0.0007975544158659476,0.0003352589269806,0.00053174637,-0.00019648743861500897
standard_NN,10,350,3,344,5.949236483628002,6.7120676,-0.7628311204369398,23.796945934512006,27.588732,-3.791785831235064,53.54312835265202,58.83211,-5.288983005990559,95.18778373804804,108.19686,-13.009077529041804,0.0013048736344554,0.001020942,0.0002839316347145013,0.0005244939810539,0.0008056453,-0.00028115132693775366
standard_NN,10,350,3,345,4.286441707300471,4.026947,0.2594946858160956,17.145766829201882,17.256155,-0.1103881848362036,38.57797536570424,38.392307,0.18566808421009995,68.58306731680753,70.72296,-2.1398941089737207,0.0028437688609027,0.006086124,-0.0032423552463389307,0.0011295705838431,0.0031356704,-0.002006099858291042
standard_NN,10,350,3,346,8.163261684614895,7.9051824,0.25807932301211167,32.65304673845958,31.305586,1.3474608772535248,73.46935516153405,68.305565,5.16379028116296,130.61218695383832,119.97092,10.641270205791443,0.0006425122506983,0.0015495309,-0.0009070186400719565,0.0003663341015629,0.00083159894,-0.0004652648382768505
standard_NN,10,350,3,347,12.883432675947349,12.585154,0.2982790962354347,51.53373070378939,51.836777,-0.3030460296090496,115.95089408352612,115.24672,0.7041747231745603,206.13492281515755,204.335,1.7999161012903642,0.0003697011528619,0.0036747593,-0.0033050581438384585,0.0001240212290362,0.0014599834,-0.0013359621812775255
standard_NN,10,350,3,348,4.100810975148651,4.0243073,0.07650372417208828,16.403243900594603,15.269008,1.1342362177943102,36.90729877633785,34.335743,2.5715558258984004,65.61297560237841,62.980396,2.6325793316264594,0.0051249133027013,0.0052322256,-0.0001073123351816481,0.0023572391470778,0.0025682163,-0.00021097714883506168
standard_NN,10,350,3,349,2.419211174485898,2.0351036,0.3841076149918794,9.676844697943592,8.642024,1.0348206577214238,21.77290057037308,17.746294,4.026606548766633,38.70737879177437,35.448246,3.2591327895771016,0.0054717198955274,0.011173321,-0.005701601038649045,0.0025762914917015,0.0056196204,-0.0030433289469636517
standard_NN,10,350,3,350,10.701749523630667,10.83189,-0.13014058257050465,42.80699809452268,44.950573,-2.1435748730066138,96.31574571267602,100.433235,-4.117489455781012,171.2279923780907,178.7612,-7.533207573081171,0.0003357821321661,0.00051902473,-0.00018324259989090514,0.0001657417502941,0.0002717239,-0.0001059821464365912
standard_NN,10,350,3,351,5.433973803652028,5.1675,0.2664737845785421,21.73589521460812,19.422749,2.3131466489342927,48.905764232868265,46.90853,1.997233043903421,86.94358085843245,82.10706,4.8365175649754235,0.0066122651851279,0.007873087,-0.00126082200496371,0.0023796932777824,0.004418186,-0.0020384926342902586
standard_NN,10,350,3,352,2.136630823486991,1.7652954,0.37133543717259876,8.546523293947963,3.5376046,5.0089187235591695,19.229677411382923,14.579027,4.650650235479603,34.186093175791854,19.41673,14.769362295054549,0.0158240593542591,0.02718861,-0.011364550931261454,0.0072251565747535,0.013085752,-0.005860595219525122
standard_NN,10,350,3,353,10.22038488143885,9.405333,0.8150523161312329,40.8815395257554,37.59653,3.2850086114487596,91.98346393294966,82.67927,9.30419604964888,163.5261581030216,150.57697,12.94919277099035,0.0005267987235059,0.00224445,-0.001717651195583775,0.0001789723380297,0.0008893412,-0.0007103688342668538
standard_NN,10,350,3,354,1.9188923441770207,2.1476505,-0.22875813609336504,7.675569376708085,6.956697,0.718872389555985,17.27003109759319,20.911963,-3.6419314115620836,30.70227750683234,36.079235,-5.3769575700719585,0.0641427245157604,0.024315586,0.039827138202155096,0.0363574218060066,0.0120400665,0.024317355273215942
standard_NN,10,350,3,355,12.472953922845315,10.971227,1.5017272306456082,49.89181569138127,44.800472,5.091343431859784,112.25658530560786,99.15346,13.103127664006294,199.56726276552507,178.0388,21.528459664939135,0.0006398875407585,0.0035341647,-0.002894277204602113,0.0003565750539497,0.0018548642,-0.0014982891280009884
standard_NN,10,350,3,356,23.06371404912152,21.771585,1.2921285846439794,92.25485619648607,88.36201,3.8928490553727926,207.57342644209368,198.73508,8.838349537796802,369.0194247859443,353.29858,15.720840801569295,0.0002587365177103,0.0010246622,-0.0007659256500549001,0.0001278170349477,0.00046797429,-0.0003401572501817577
standard_NN,10,350,3,357,5.191202419256093,4.866332,0.324870365117909,20.76480967702437,19.562542,1.2022677153544485,46.72082177330484,43.105583,3.6152385823868727,83.05923870809748,76.01697,7.042270934659982,0.0029997506386853,0.0039102756,-0.0009105250031434752,0.0012198964747667,0.0019946315,-0.0007747350112468317
standard_NN,10,350,3,358,3.14052122039465,3.8220317,-0.6815105159792512,12.5620848815786,15.101483,-2.5393984634531375,28.26469098355185,32.572475,-4.307784449797758,50.2483395263144,60.43822,-10.1898814514688,0.0018825751160689,0.0048374953,-0.0029549201587728852,0.0009466412469067,0.0024099466,-0.0014633053921840765
standard_NN,10,350,3,359,1.6540475738506275,2.0079677,-0.3539201366443676,6.616190295402511,5.409559,1.2066315223617394,14.886428164655651,17.815935,-2.929506970232044,26.464761181610044,30.196287,-3.7315259735413235,0.0461993728288602,0.027370108,0.01882926453735343,0.0243109014885833,0.013271154,0.011039747584085678
standard_NN,10,350,3,360,2.7895649287222253,3.056904,-0.26733914880768195,11.1582597148889,11.184659,-0.026399289322526442,25.106084358500027,23.984812,1.121272575663113,44.6330388595556,49.206104,-4.573065419008856,0.0087248079923793,0.0061948937,0.00252991425598704,0.0038664131840396,0.0032900379,0.0005763753266710115
standard_NN,10,350,3,361,8.146968797944385,9.228407,-1.0814381081835442,32.58787519177754,37.66172,-5.0738450841013645,73.32271918149948,86.84705,-13.524334346332552,130.35150076711017,149.3035,-18.951996547342958,0.0011731766291016,0.0033829708,-0.0022097941826975686,0.0005947282754285,0.0015978923,-0.0010031639847504236
standard_NN,10,350,3,362,13.72963166740321,13.753865,-0.024233574601185026,54.91852666961284,54.7468,0.1717272006186974,123.5666850066289,123.49634,0.07034711600390153,219.67410667845127,219.10954,0.5645638317715793,0.000537533282369,-0.0008935923,0.001431125592972708,0.0002435671379168,-0.00064922305,0.00089279018382844
standard_NN,10,350,3,363,22.97014234412599,24.339743,-1.3696003163964718,91.88056937650396,99.667175,-7.786605916464794,206.7312810971339,223.46129,-16.73000735501455,367.5222775060158,397.7873,-30.265014974452924,3.608331315385241e-05,0.00056115544,-0.0005250721238723205,1.276374887125046e-05,0.00044493662,-0.0004321728753912315
standard_NN,10,350,3,364,33.94399390623123,29.617699,4.326295236797634,135.7759756249249,119.33385,16.442128579026473,305.495945156081,269.74167,35.75427645490913,543.1039024996996,481.08575,62.01814810516839,0.0001051702643172,0.000766676,-0.0006615057131848182,4.906070200792836e-05,0.0006752101,-0.0006261493869491728
standard_NN,10,350,3,365,11.574694418145098,12.548535,-0.9738409288397651,46.29877767258039,50.098534,-3.799755957790701,104.17224976330589,113.01144,-8.839186699096459,185.1951106903216,199.47809,-14.282977688584651,0.001246911715037,8.838816e-05,0.0011585235565628824,0.000582441557453,-5.8992504e-07,0.0005830314824898203
standard_NN,10,350,3,366,11.111649989126107,10.410959,0.7006907453516931,44.44659995650443,41.737267,2.7093334159770848,100.00484990213496,92.32492,7.679929247838089,177.7863998260177,166.12216,11.664237960783339,0.0030103932686571,-0.00066256704,0.0036729603044178306,0.0018462842544907,-0.0005339982,0.0023802824416564073
standard_NN,10,350,3,367,5.112735297639341,4.4801226,0.6326127314161969,20.45094119055737,19.88265,0.5682908151911583,46.01461767875407,39.370777,6.643840548627118,81.80376476222946,78.85093,2.9528355019755566,0.0041105317156919,0.015910037,-0.011799505146204616,0.0017673698049026,0.009121216,-0.007353846097366287
standard_NN,10,350,3,368,3.534246373168988,2.4683845,1.0658618688507508,14.136985492675953,11.257203,2.879782390564136,31.808217358520896,28.818274,2.989943814209372,56.54794197070381,44.15224,12.395701217529982,0.011593305426342,0.01250177,-0.0009084642728142845,0.0056135265043575,0.0061339936,-0.0005204671175580789
standard_NN,10,350,3,369,4.658699263837465,3.990216,0.668483247068056,18.63479705534986,16.192375,2.442421872244392,41.92829337453718,36.621624,5.306669381617262,74.53918822139944,67.82877,6.710414722864286,0.005238960458891,0.0074822265,-0.002243266013456975,0.0023920016429377,0.003963831,-0.0015718292378830512
standard_NN,10,350,3,370,11.583148866195224,11.13618,0.4469689421839931,46.332595464780894,46.08289,0.24970590789612856,104.248339795757,101.79499,2.4533492562062236,185.3303818591236,183.63255,1.6978287585376677,0.0029823553508093,0.0024509623,0.0005313930327018141,0.0016667297371465,0.0011021009,0.0005646287957939537
standard_NN,10,350,3,371,2.6455149580159483,2.4139302,0.23158478032734964,10.582059832063791,10.928159,-0.3460989280070095,23.809634622143538,25.051004,-1.2413697876465015,42.32823932825517,37.163204,5.165035135139938,0.0170143613615865,0.059515018,-0.04250065665451343,0.0093805202821647,0.030964535,-0.021584014447554464
standard_NN,10,350,3,372,9.749012535703995,8.916529,0.8324838339217688,38.99605014281598,35.799263,3.1967871423277003,87.74111282133596,79.564384,8.176728360886742,155.98420057126393,138.19789,17.786309335912364,9.141732939538696e-06,-0.001007792,0.0010169336907575105,3.243150471924133e-06,-0.0003464042,0.0003496473597392722
standard_NN,10,350,3,373,4.939297936506591,4.9206257,0.0186722498610834,19.757191746026365,20.070621,-0.31342974445215077,44.45368142855933,42.268375,2.1853060318308124,79.02876698410546,78.37027,0.6584972087148344,0.002114203923569,0.0051500443,-0.003035840413346016,0.0007737493998735,0.0025125167,-0.001738767286819334
standard_NN,10,350,3,374,7.018500883352095,7.063324,-0.04482309125728001,28.07400353340838,30.047565,-1.9735619267966982,63.16650795016885,65.87616,-2.7096517177999004,112.29601413363352,120.419044,-8.123030360995386,0.0131405287505453,0.007762355,0.005378173951930321,0.0066336897636095,0.0040953415,0.002538348219011159
standard_NN,10,350,3,375,22.260983640669348,23.621344,-1.3603599720015502,89.04393456267739,95.60746,-6.563525459295263,200.34885276602407,214.85428,-14.505425798429059,356.1757382507096,378.56702,-22.391278350852872,0.00058135320887,0.00020809012,0.00037326309120312966,0.0003167682552121,0.0002004782,0.00011629005522629035
standard_NN,10,350,3,376,12.6267080345084,12.476754,0.14995384597080275,50.5068321380336,52.063004,-1.556171402005461,113.6403723105756,114.027985,-0.38761230856502493,202.0273285521344,203.6796,-1.6522673951312186,5.963062597727358e-05,0.0023699973,-0.002310366698444728,1.9912099545971687e-05,0.0013575406,-0.0013376285051124532
standard_NN,10,350,3,377,7.544442164024071,7.75756,-0.21311761228208148,30.177768656096283,31.464378,-1.2866097008373103,67.89997947621664,69.993835,-2.093855973002107,120.71107462438512,122.088326,-1.3772508761031617,0.0009993773425788,0.002612167,-0.0016127896954446718,0.0005338276039891,0.0013734957,-0.0008396680697716717
standard_NN,10,350,3,378,2.22174795745561,2.6962655,-0.4745175016050589,8.88699182982244,9.662265,-0.775272994091134,19.99573161710049,24.129179,-4.133447383754003,35.54796731928976,41.79508,-6.24711095829813,0.0117537590207847,0.044481635,-0.03272787607290427,0.0057968016391225,0.022538332,-0.016741530629473197
standard_NN,10,350,3,379,6.8806313221121975,7.1827173,-0.30208600119102513,27.52252528844879,30.122921,-2.6003957015414443,61.925681899009774,65.17783,-3.252151658119132,110.09010115379516,118.38789,-8.297792522962652,0.002477923105611,0.004294007,-0.0018160839796527292,0.0011302277153225,0.0018273643,-0.0006971366064755862
standard_NN,10,350,3,380,1.950991301639846,2.15881,-0.20781859864396757,7.803965206559384,7.9999022,-0.19593704182318472,17.558921714758615,21.057661,-3.49873934175994,31.21586082623753,36.343388,-5.127526777522235,0.2652438052430529,0.026966875,0.23827692982403226,0.1328213469111404,0.013823084,0.1189982633092484
standard_NN,10,350,3,381,12.472014774530264,13.239522,-0.7675072057553809,49.888059098121055,52.96656,-3.0785012656484767,112.24813297077236,121.66454,-9.416410181083108,199.55223639248425,208.25215,-8.699915096773566,0.0017475911916761,0.004092083,-0.0023444916552336614,0.0006429509236189,0.001971984,-0.00132903312568642
standard_NN,10,350,3,382,6.07435702558408,5.5598607,0.514496319254734,24.29742810233632,23.619665,0.6777629564622956,54.66921323025672,51.298843,3.3703698464676606,97.18971240934528,92.93137,4.25833881315387,0.000575566861573,0.0032301676,-0.0026546006912557887,0.0002174043030753,0.0017056707,-0.0014882664262042182
standard_NN,10,350,3,383,8.952744941107538,9.248364,-0.29561950743982557,35.81097976443015,36.70862,-0.8976383996323491,80.57470446996784,82.48268,-1.9079768044462213,143.2439190577206,143.88474,-0.6408160497012716,0.0012894528978122,0.0012020987,8.735422180868426e-05,0.0006647072140355,0.00087914366,-0.00021443644173030167
standard_NN,10,350,3,384,3.321862933128952,3.6247709,-0.3029079466165312,13.287451732515809,16.176254,-2.8888025399451287,29.89676639816057,33.168964,-3.272197987825759,53.14980693006324,58.770878,-5.621070908071523,0.0091345300601452,0.0073182643,0.0018162657210260037,0.0046316663256239,0.004296113,0.0003355535200189651
standard_NN,10,350,3,385,7.663507105849908,7.4068756,0.2566314954983451,30.65402842339964,28.887512,1.766516216368391,68.97156395264918,64.91519,4.056372302258552,122.61611369359854,119.13142,3.484697372797754,0.0028689954720368,-0.00061609264,0.003485088114340356,0.0016843627789936,-0.00019989318,0.001884255962883399
standard_NN,10,350,3,386,23.18838305931266,20.89379,2.2945937679308237,92.75353223725064,83.72979,9.02374250336392,208.695447533814,188.72513,19.970319359985865,371.01412894900255,337.06378,33.950347210721304,4.97774073308724e-05,0.0012870134,-0.0012372360013970715,2.83063006833003e-05,0.00053593825,-0.0005076319478206529
standard_NN,10,350,3,387,4.391115487818064,4.8206053,-0.42948979019707245,17.564461951272257,19.762901,-2.1984393548800867,39.52003939036258,43.61872,-4.098681617938205,70.25784780508903,80.62949,-10.371645908289878,0.0011849056479953,0.0020723057,-0.0008874000033863118,0.0006144092041771,0.001271718,-0.0006573087446619684
standard_NN,10,350,3,388,3.348609665301315,2.678058,0.6705517562894743,13.39443866120526,9.802239,3.5921992431754752,30.13748698771184,23.227022,6.910464816691331,53.57775464482104,46.62685,6.950904516647213,0.0017514331099489,0.004708217,-0.002956783881326649,0.0007556508890755,0.0025297173,-0.0017740663942479072
standard_NN,10,350,3,389,4.003939030150839,4.996304,-0.9923650050359285,16.015756120603356,18.039698,-2.0239415264913703,36.03545127135756,37.936783,-1.9013315655565037,64.06302448241343,81.6879,-17.6248722461022,0.0047906325620542,0.004949682,-0.00015904936446447908,0.0020189047888626,0.0023415543,-0.0003226494784693578
standard_NN,10,350,3,390,4.172321394699771,4.1057987,0.06652267338629425,16.689285578799083,14.976657,1.712628665041759,37.550892552297945,35.497116,2.053776463430758,66.75714231519633,62.69981,4.057332287120161,0.0185906884095657,0.00804554,0.01054514821833254,0.0093384558077723,0.0042475886,0.005090867236611268
standard_NN,10,350,3,391,3.2311092512039945,2.8480399,0.3830693857102201,12.924437004815978,13.12717,-0.2027326042538462,29.079983260835952,25.576994,3.50298931857521,51.69774801926391,52.077656,-0.37990777297241607,0.0018812001668996,0.0066109397,-0.004729739577960334,0.0008302833059693,0.0040950812,-0.003264797933969436
standard_NN,10,350,3,392,17.061946746455813,17.398806,-0.3368588718303194,68.24778698582325,70.63925,-2.3914647231611212,153.55752071810232,157.62543,-4.0679065279914255,272.991147943293,279.533,-6.54184155866011,0.0005843964567078,0.0010953645,-0.0005109679956319088,0.0002862804951791,0.000746924,-0.0004606435274991858
standard_NN,10,350,3,393,11.390821846645991,11.265043,0.1257785879789992,45.56328738658397,45.477367,0.08591998546092583,102.51739661981394,100.95061,1.5667893200092493,182.2531495463359,183.82718,-1.5740294087422342,0.0003079587942317,0.0010137848,-0.0007058259915232786,0.0002106635431538,0.0005049874,-0.0002943238293973134
standard_NN,10,350,3,394,11.877593698904665,13.465516,-1.5879223914884015,47.51037479561866,54.696568,-7.186192739781731,106.898343290142,122.6889,-15.790560518451755,190.04149918247464,211.77322,-21.731724694478487,7.433700839591353e-05,-5.0584258e-05,0.0001249212665292262,2.8138746357786715e-05,8.724869e-05,-5.910994622224638e-05
standard_NN,10,350,3,395,15.9045775084573,16.016317,-0.11173985909641182,63.6183100338292,63.66505,-0.046740472762600405,143.1411975761157,142.39621,0.7449878593188259,254.4732401353168,254.6882,-0.21496176898008912,8.304473068819628e-05,-0.000382394,0.0004654387366983412,4.759184450739252e-05,6.864925e-05,-2.105740493499485e-05
standard_NN,10,350,3,396,5.705486860312443,5.9254117,-0.21992484088994946,22.82194744124977,22.05645,0.7654975511130502,51.34938174281199,49.80566,1.5437214950092581,91.28778976499908,91.029816,0.2579740911709507,0.0129033103232296,0.00393135,0.008971960248521139,0.0074198264456097,0.00192719,0.005492636451006305
standard_NN,10,350,3,397,14.021322337124378,16.776018,-2.7546958055758175,56.08528934849751,67.875626,-11.790336261854051,126.1919010341194,152.82878,-26.63688009381029,224.34115739399004,266.90375,-42.562590164603705,0.0020194303772175,0.0018574634,0.00016196699037638153,0.0010477655170096,0.0010866813,-3.891574930568135e-05
standard_NN,10,350,3,398,2.5416947678303097,2.0944793,0.447215445396838,10.16677907132124,10.44637,-0.27959105349565405,22.87525291047279,19.74063,3.1346237143057962,40.66711628528496,41.34302,-0.6759051075373037,0.0173237832254538,0.012302833,0.0050209505474934045,0.007294745375962,0.006626763,0.0006679824605593495
standard_NN,10,350,3,399,10.087561187101244,10.626546,-0.5389847189656507,40.350244748404975,41.962994,-1.6127488734211965,90.7880506839112,94.20576,-3.4177064572020868,161.4009789936199,166.23695,-4.835974741731661,0.0006188251757838,0.0014122558,-0.0007934306301332842,0.0002694587426852,0.00061103614,-0.0003415774001148033
standard_NN,10,350,3,400,3.5251992913509334,3.1759841,0.3492151471401179,14.100797165403732,12.071565,2.02923249102629,31.7267936221584,29.07281,2.6539844027980486,56.40318866161493,51.113583,5.289606050530942,0.0118676329446304,0.015861133,-0.003993500168873057,0.005678566432419,0.007874895,-0.0021963284547899383
standard_NN,10,350,3,401,5.131653706318986,5.285178,-0.15352447819029091,20.526614825275946,22.275805,-1.7491896943773746,46.18488335687088,45.69235,0.4925348766462676,82.10645930110378,86.18692,-4.080460864911842,0.0028215365585674,0.0044961204,-0.0016745838235329435,0.0015179839195243,0.002773017,-0.0012550330045142295
standard_NN,10,350,3,402,6.7239933116782,6.8708396,-0.14684628411647793,26.8959732467128,26.465206,0.43076710047256483,60.5159398051038,60.17123,0.34470948894168885,107.5838929868512,109.37831,-1.7944181703753657,0.0021453345610188,0.0026210996,-0.0004757650246484525,0.0009250958530255,0.001187897,-0.00026280120145302614
standard_NN,10,350,3,403,7.443883455816558,7.283681,0.16020253998403877,29.77553382326624,29.536188,0.23934569765588876,66.99495110234903,64.16694,2.8280123206107532,119.10213529306492,116.25521,2.846924416600075,0.0006688984808327,0.00042392273,0.0002449757534825544,0.0002307007610794,0.00025460433,-2.3903564084709476e-05
standard_NN,10,350,3,404,13.24383405236694,13.473851,-0.23001715155151636,52.97533620946776,55.023014,-2.047677859135753,119.19450647130245,121.82248,-2.6279727767444285,211.90134483787105,216.3785,-4.477149424824262,0.0012496031265076,0.00398698,-0.002737376708227794,0.0006006001288903,0.0021409392,-0.0015403391067969558
standard_NN,10,350,3,405,15.0739806231415,16.022959,-0.9489781323516642,60.295922492566,64.92862,-4.632696892199625,135.6658256082735,145.28044,-9.61461567590618,241.183689970264,258.12808,-16.944392305126627,0.0005756027839364,0.0026466409,-0.0020710380905090385,0.0002927287939649,0.001554633,-0.0012619042311150656
standard_NN,10,350,3,406,5.541332666019742,5.9809036,-0.4395709594685391,22.16533066407897,23.467,-1.3016683898761094,49.87199399417768,53.45799,-3.5859947448359932,88.66132265631587,97.667694,-9.006371435481,0.0042377742035613,0.004610141,-0.0003723666043653545,0.0019930162853602,0.002359149,-0.000366132760882037
standard_NN,10,350,3,407,7.813126362029707,7.7249646,0.08816174334684579,31.25250544811883,30.113594,1.1389113929430472,70.31813725826737,67.73898,2.5791541039704953,125.01002179247531,120.6312,4.378819094721408,0.0006352701833627,0.00026841514,0.0003668550429089739,0.0003478241656446,0.00014626568,0.000201558485557801
standard_NN,10,350,3,408,17.040054383733615,18.798075,-1.758020338556424,68.16021753493446,75.00094,-6.840720880592883,153.36048945360253,167.49219,-14.131698046397474,272.64087013973784,301.21277,-28.571898414949658,0.0001559688580704,0.0005290774,-0.0003731085698570046,5.6649850911800906e-05,0.00021393581,-0.00015728596027720238
standard_NN,10,350,3,409,21.027723915675555,21.86142,-0.8336957620588201,84.11089566270222,89.068375,-4.957478971086843,189.24951524108,198.67667,-9.427151018685635,336.4435826508089,353.40747,-16.963888052316122,0.0002019222767886,-5.437931e-06,0.00020736020791088742,7.920678583010414e-05,-2.4504748e-06,8.165726059720584e-05
standard_NN,10,350,3,410,4.013049917661316,3.6729167,0.34013326688922163,16.052199670645262,16.822275,-0.7700754910979022,36.11744925895184,33.858982,2.258467172770196,64.20879868258105,64.620636,-0.4118373037470775,0.0079939804653201,0.025471611,-0.017477630483123313,0.004300733039607,0.013927369,-0.009626636338900138
standard_NN,10,350,3,411,29.25139495170068,28.301254,0.9501406792397411,117.00557980680271,110.10894,6.896639682290996,263.2625545653061,242.59705,20.665508666868618,468.0223192272109,448.79977,19.22254505728904,2.1605208344533897e-05,0.0020527476,-0.002031142436139509,1.511103039440526e-05,0.00056802,-0.0005529089524986147
standard_NN,10,350,3,412,6.231982721210787,6.045125,0.18685771358139203,24.927930884843143,23.502764,1.4251671366741974,56.08784449089708,49.318256,6.769588112723255,99.71172353937258,91.49746,8.214264127751491,0.0004838403459334,0.0009596907,-0.0004758503725125269,0.0001708146381893,0.00041762955,-0.00024681490969352514
standard_NN,10,350,3,413,20.30416014568943,22.435642,-2.131482096742211,81.21664058275772,89.78756,-8.570918926519624,182.7374413112049,201.80673,-19.069290866529485,324.8665623310309,363.08365,-38.21708635060975,0.0001555644141844,0.001111691,-0.0009561265885496054,5.183607571379122e-05,0.0008400048,-0.000788168748853795
standard_NN,10,350,3,414,3.991235087045202,3.6492193,0.3420158125243278,15.964940348180804,14.171859,1.7930815606441826,35.92111578340681,35.069866,0.8512496029868899,63.85976139272322,55.23798,8.621781503807206,0.0106668275453801,0.013690095,-0.0030232678494696765,0.0041595206675923,0.0068974234,-0.002737902748783814
standard_NN,10,350,3,415,3.762099285859775,4.1309485,-0.36884925768880894,15.0483971434391,15.257199,-0.2088021439754506,33.858893572737976,34.14478,-0.28588563258428934,60.1935885737564,63.083843,-2.890254657444771,0.0243707623426507,0.00484374,0.019527022549946118,0.0123444705483083,0.0025382084,0.00980626216424148
standard_NN,10,350,3,416,6.396507538299827,6.353295,0.0432126889040747,25.586030153199307,26.223938,-0.6379078350819434,57.56856784469844,58.34885,-0.780282405545698,102.34412061279724,102.03318,0.31094037598083446,0.001023794217149,0.0014743354,-0.00045054122328551556,0.0004344804456207,0.00039469037,3.979007124258507e-05
standard_NN,10,350,3,417,24.908560761138546,26.346806,-1.43824481137122,99.63424304455418,104.37182,-4.7375754979262865,224.1770468502469,230.9695,-6.7924508304171525,398.53697217821673,420.90887,-22.37190233350202,2.7152195966694383e-05,0.0008418947,-0.0008147425149354303,1.5638908897241834e-05,0.00067342987,-0.0006577909569584818
standard_NN,10,350,3,418,3.622819326203278,3.9349973,-0.31217799397189294,14.491277304813112,13.935657,0.5556207572667251,32.605373935829505,33.339508,-0.7341341208111203,57.96510921925245,58.37689,-0.41177905589403707,0.0032581506491461,0.0032812064,-2.3055709078053342e-05,0.0019707628195269,0.0016367979,0.0003339649080393802
standard_NN,10,350,3,419,5.823496162508097,5.0817304,0.7417657967549234,23.29398465003239,21.727802,1.5661823734210607,52.41146546257288,47.994778,4.416687783129518,93.17593860012956,84.73145,8.444485658235024,0.0003374277845345,0.0011478976,-0.0008104697802715441,0.0001762236527486,0.0010078478,-0.0008316241844238486
standard_NN,10,350,3,420,13.442647356529804,14.355882,-0.9132343344492,53.770589426119216,56.842266,-3.071676656644456,120.98382620876824,128.61996,-7.63613839084114,215.0823577044769,230.54523,-15.462869346304359,0.000173101544734,-0.00022951694,0.0004026184844597269,9.474766856658512e-05,-0.00060368044,0.0006984281092569535
standard_NN,10,350,3,421,13.20282695903578,14.342138,-1.139311331369493,52.81130783614312,55.812187,-3.0008793586810967,118.82544263132203,127.43786,-8.612415950220935,211.2452313445725,223.86111,-12.615883157380637,0.0004074747434155,0.0013799515,-0.0009724767420171844,0.0001945881127969,0.0005382754,-0.00034368728970805075
standard_NN,10,350,3,422,12.4082680968916,11.343493,1.0647746352827134,49.6330723875664,46.64688,2.9861912840507756,111.6744128720244,102.76072,8.913693572707999,198.5322895502656,183.3584,15.173891112765602,5.550270640361247e-05,0.0024629983,-0.0024074955589969164,2.9073950366307377e-05,0.0011973556,-0.0011682816161800134
standard_NN,10,350,3,423,15.657620587848484,16.92082,-1.2631996483575705,62.63048235139394,68.04431,-5.413829172043563,140.91858529063637,149.86221,-8.943627844129253,250.5219294055757,270.64975,-20.127820350283685,0.0004056509514723,0.0011468997,-0.0007412487011950436,0.0001948710923974,0.0004420707,-0.00024719961947234644
standard_NN,10,350,3,424,30.369378416441368,26.316196,4.053181974790977,121.47751366576549,106.2693,15.208211297601423,273.3244057479723,240.44836,32.87604149015982,485.9100546630619,423.24142,62.66863010251501,0.0001736481748859,-0.0005581015,0.0007317496887745869,8.197315548142494e-05,-0.00034228893,0.00042426208312219084
standard_NN,10,350,3,425,18.40985773802792,19.422771,-1.0129137158295016,73.63943095211167,76.73865,-3.099216508825833,165.68871964225127,174.70216,-9.013444054037791,294.55772380844667,309.13513,-14.577408027490833,0.0012131926510766,0.000614503,0.0005986896599925906,0.0007046677832091,0.00010279456,0.0006018732213829417
standard_NN,10,350,3,426,7.962514534245007,7.2473855,0.7151290323834347,31.850058136980028,30.7008,1.1492581949634264,71.66263080820507,67.31711,4.345522653908191,127.40023254792013,119.36403,8.036203617256064,0.0021292008821284,0.0035926942,-0.0014634932960952097,0.0008820786195463,0.0019080112,-0.001025932532862717
standard_NN,10,350,3,427,4.93945710779292,4.9585533,-0.01909620641606402,19.75782843117168,18.521397,1.2364317942087908,44.45511397013629,42.52353,1.9315849174019135,79.03131372468673,75.44554,3.585772342850788,0.0040634340343154,0.00631476,-0.0022513260397040323,0.0017823490318078,0.0030831115,-0.001300762453658561
standard_NN,10,350,3,428,5.406593487330929,4.864738,0.5418554998126188,21.62637394932372,20.21611,1.4102637198315335,48.65934138597837,46.45833,2.20101313890806,86.50549579729487,82.45159,4.053904305595651,0.0452556505234549,0.010030393,0.035225257966072315,0.0249833880349037,0.005610975,0.019372413063698704
standard_NN,10,350,3,429,5.032734798598193,6.4957023,-1.4629674680949218,20.130939194392774,23.41132,-3.280380538273242,45.29461318738374,56.637615,-11.343002016473683,80.5237567775711,100.62951,-20.105752194596874,0.0527325291980679,0.0041668112,0.04856571795909357,0.0280424458243544,0.002361727,0.025680718877225627
standard_NN,10,350,3,430,2.2921031718585905,2.450206,-0.1581028694774691,9.168412687434362,10.300845,-1.1324324587448373,20.628928546727312,20.06684,0.562089328587664,36.67365074973745,41.073162,-4.399511329119974,0.000827930204897,0.0051766085,-0.004348678245813774,0.0004397163492773,0.0027999654,-0.0023602490919496593
standard_NN,10,350,3,431,8.012834254898625,7.410953,0.6018812100072672,32.0513370195945,30.11126,1.94007755914528,72.11550829408762,65.4034,6.712111687642306,128.205348078378,118.84744,9.35790545142487,8.43507535088772e-05,-0.00080209825,0.000886449003059786,3.136059652294892e-05,-0.0005437901,0.0005751507092381634
standard_NN,10,350,3,432,4.87041750536382,4.6788154,0.19160214052617341,19.48167002145528,19.212551,0.2691189045119202,43.833757548274384,41.692413,2.1413442181962594,77.92668008582112,74.039696,3.8869843460750246,0.0022401708723474,0.0062962514,-0.004056080562485411,0.0011450869957384,0.0033960205,-0.002250933507976281
standard_NN,10,350,3,433,7.615479703964523,7.128527,0.48695253950529427,30.46191881585809,27.957565,2.5043535082409036,68.5393173356807,60.41823,8.121089186266644,121.84767526343236,105.819885,16.027790009526115,0.0049301660602497,0.0016391916,0.0032909744169147747,0.0029673878912868,0.00064745365,0.002319934241851608
standard_NN,10,350,3,434,7.830061576607795,7.199564,0.6304975965052559,31.32024630643118,28.523878,2.7963682088970003,70.47055418947016,60.04042,10.430133657243601,125.28098522572472,106.23222,19.048761714982533,0.0003260114475939,0.00070060795,-0.00037459650646489616,0.0001169534807633,0.00021035674,-9.340325777145601e-05
standard_NN,10,350,3,435,10.577914324117138,10.581999,-0.004084500956103909,42.31165729646855,42.630398,-0.31874050016230626,95.20122891705424,94.58681,0.6144216660776749,169.2466291858742,174.68156,-5.434935145180475,0.0028044481142366,-0.0016507468,0.0044551949095854235,0.0015324955834848,-0.00080858794,0.002341083521566273
standard_NN,10,350,3,436,13.967727128471353,14.342866,-0.37513881543733874,55.87090851388541,56.674744,-0.8038351384583393,125.70954415624216,130.49792,-4.78838064844534,223.4836340555416,225.15706,-1.6734246602787266,0.0005507475492208,-0.00021138549,0.0007621330354026254,0.0002665142823246,-4.4883393e-05,0.00031139767487209006
standard_NN,10,350,3,437,16.080892427224747,15.628753,0.45213971878968806,64.32356970889899,63.945705,0.37786429508062724,144.7280318450227,142.58656,2.1414687346711503,257.29427883559595,249.70306,7.5912148707521965,5.1585769511530256e-05,-0.0010362578,0.001087843601822624,1.866593633812685e-05,-0.00044908695,0.0004677528832390608
standard_NN,10,350,3,438,10.205851138918396,9.981915,0.22393566498040762,40.823404555673584,40.88317,-0.059766525869385134,91.85266025026556,90.53402,1.318640780050714,163.2936182226943,160.08286,3.210762998084931,0.0008900654564501,0.00268899,-0.0017989245181082533,0.0004301743748636,0.0014783783,-0.0010482039368673213
standard_NN,10,350,3,439,2.579492868283253,2.7402155,-0.160722671648998,10.317971473133012,10.562812,-0.24484037836845296,23.21543581454928,24.811754,-1.5963184121352896,41.27188589253205,38.65584,2.6160440651394694,0.0042785846806067,0.015004696,-0.01072611164386096,0.0029207484083382,0.007362264,-0.004441515800157417
standard_NN,10,350,3,440,15.295850253234365,15.267904,0.02794597161815382,61.18340101293745,61.87387,-0.6904698366719231,137.66265227910927,138.33029,-0.6676394689376082,244.7336040517498,247.75636,-3.022758863289255,6.571178458610668e-05,0.0008406784,-0.0007749666190335702,2.358489638227267e-05,0.0005872951,-0.0005637102041762765
standard_NN,10,350,3,441,7.594309143157296,6.8557673,0.7385418930962606,30.377236572629183,27.750273,2.626963821774691,68.34878228841566,61.492325,6.8564574593141,121.50894629051672,107.923935,13.58501135399328,0.0010797519905775,0.003939273,-0.002859520845273216,0.0003824792851575,0.0017883433,-0.0014058640177480595
standard_NN,10,350,3,442,6.898629995739067,6.354421,0.5442088569756391,27.594519982956268,24.515696,3.0788244110568534,62.0876699616516,55.90814,6.179531686505115,110.37807993182508,100.50978,9.868299048036022,0.0008214035569459,0.004797952,-0.0039765482270389995,0.0004513707610513,0.0024054723,-0.00195410157156038
standard_NN,10,350,3,443,7.777813007403506,6.968253,0.809559871722354,31.111252029614025,28.03659,3.0746614534421504,70.00031706663157,61.37766,8.622658222637426,124.4450081184561,109.9015,14.54351123124907,0.0002737979672987,0.0014103289,-0.0011365309322115048,9.723717577735458e-05,0.0005081122,-0.00041087501684223735
standard_NN,10,350,3,444,2.2007365036084017,1.9033016,0.29743490696686115,8.802946014433607,7.6977897,1.1051563453967415,19.806628532475614,18.034868,1.7717602921191684,35.21178405773443,31.748533,3.4632508088330596,0.0727254122373275,0.057875425,0.014849987613838114,0.0324434627858249,0.030369224,0.0020742387590256955
standard_NN,10,350,3,445,1.5685480449592062,2.512707,-0.9441589500511698,6.274192179836825,9.671115,-3.3969227417329995,14.116932404632855,20.357325,-6.240392195586871,25.0967687193473,36.57735,-11.480581897107779,0.0425297231493675,0.062229984,-0.01970026035921938,0.0267211607510996,0.032098643,-0.005377482730631815
standard_NN,10,350,3,446,6.279253966662661,6.2657833,0.013470656726137342,25.117015866650643,24.694653,0.42236330927759624,56.51328569996395,53.256607,3.256678644299889,100.46806346660256,95.954636,4.513427846485371,0.0014386584783782,0.0028604686,-0.0014218101010780102,0.0005717533138448,0.0013551475,-0.0007833941410428285
standard_NN,10,350,3,447,11.667032511335082,14.075046,-2.4080130742972425,46.66813004534033,56.79219,-10.124060506417486,105.00329260201572,126.460495,-21.45720239310147,186.6725201813613,227.82022,-41.14770076590432,3.284845874449921e-05,-0.0009977896,0.0010306380121111007,1.11500591916143e-05,-0.0004828078,0.0004939578682129382
standard_NN,10,350,3,448,5.106397401966825,5.01242,0.09397722450710777,20.4255896078673,20.098112,0.3274775015440561,45.95757661770143,44.531704,1.425872668726818,81.7023584314692,80.30027,1.4020883509027868,0.0052983523610702,0.0029234404,0.002374911940070077,0.0028186679489898,0.0014333924,0.0013852755444111737
standard_NN,10,350,3,449,7.833954736792751,7.433014,0.4009408207771257,31.335818947171003,30.30568,1.0301396258819402,70.50559263113476,65.12834,5.377250956330073,125.343275788684,116.62506,8.718214753527747,0.0007715231481899,0.0032766752,-0.0025051520928781055,0.000286712801252,0.0014474511,-0.0011607382668364123
standard_NN,10,350,3,450,9.536844296526269,10.079334,-0.5424899625069344,38.14737718610508,41.96184,-3.814464397146871,85.83159866873642,92.556015,-6.724416345912019,152.5895087444203,169.38734,-16.797835615931263,0.0052137357944636,0.0021061264,0.0031076093966154704,0.0031964129327083,0.0011573541,0.002039058834894932
standard_NN,10,350,3,451,29.347593248471984,27.35287,1.9947223073098748,117.39037299388794,107.67368,9.71668982738403,264.1283392362479,240.86867,23.25967163370882,469.56149197555175,431.1032,38.458281526332996,1.9941814951186552e-05,0.0010449794,-0.0010250376204405376,1.0716534372491029e-05,0.0005874853,-0.0005767687888219233
standard_NN,10,350,3,452,7.024433946896661,6.9269476,0.09748635320769594,28.097735787586643,27.825129,0.2726072322887916,63.21990552206995,64.18613,-0.9662211869144244,112.39094315034656,109.503075,2.8878685043504646,0.0006015883217477,-0.001295321,0.0018969093606718576,0.0002761832250864,-0.00048208254,0.0007582657666527421
standard_NN,10,350,3,453,9.42359914975412,8.391321,1.032277967503143,37.694396599016486,34.747044,2.947352989397345,84.8123923477871,76.73213,8.080260389779284,150.77758639606594,134.4734,16.30418246540188,0.0002970198177279,0.00023320742,6.381239588493752e-05,0.0001501162824136,0.0004271798,-0.00027706351281061957
standard_NN,10,350,3,454,1.3550370193236496,1.7891911,-0.4341541074997757,5.420148077294599,6.319978,-0.8998301598575003,12.195333173912848,15.845957,-3.6506236284553157,21.6805923091784,24.686071,-3.0054790866956225,0.0863990689536571,0.052528046,0.033871022882127705,0.0410992394309355,0.02634342,0.014755819283039685
standard_NN,10,350,3,455,5.821228998938319,6.0433073,-0.22207830544400498,23.28491599575328,22.686468,0.5984478713636321,52.39106099044488,51.278637,1.1124240580718308,93.13966398301312,91.44181,1.6978533751029659,0.0032302407516443,0.0025409032,0.0006893375857078298,0.001322795934052,0.0010775516,0.0002452443065203522
standard_NN,10,350,3,456,9.625133837918709,10.983227,-1.3580929382043383,38.500535351674834,45.079193,-6.578657763559541,86.62620454126838,101.287224,-14.66101927464959,154.00214140669934,175.20694,-21.204798290566288,0.0004583349412275,0.0005689869,-0.00011065198732861445,0.0001570040989499,-0.00010931765,0.00026632174595207173
standard_NN,10,350,3,457,4.735142021518095,4.220696,0.5144460490754676,18.94056808607238,17.278387,1.66218101637023,42.61627819366286,38.6455,3.970778010557389,75.76227234428951,71.93211,3.830158696828576,0.0007423741963538,0.002636961,-0.0018945867440817287,0.0004112411618153,0.0013059023,-0.0008946610985403514
standard_NN,10,350,3,458,12.048392902965476,13.035053,-0.9866603502083517,48.1935716118619,52.582882,-4.389310315628336,108.43553612668929,117.59056,-9.155024786396652,192.7742864474476,207.83273,-15.058446706849281,0.0007814990602717,0.0001656125,0.0006158865652330416,0.0003719255023311,0.00019179664,0.00018012885855521222
standard_NN,10,350,3,459,21.13947754683293,23.105244,-1.9657661360283996,84.55791018733171,91.6182,-7.060292022140942,190.2552979214964,202.5554,-12.30010674158953,338.23164074932686,375.9136,-37.68196398700127,0.0001067076321749,-0.0013272905,0.0014339981811178832,6.163865240561377e-05,-0.0007838285,0.0008454671470102907
standard_NN,10,350,3,460,4.8769701280652855,4.9551716,-0.0782014570177223,19.507880512261146,20.076427,-0.5685469474556513,43.892731152587565,44.30683,-0.41410020727571606,78.03152204904457,82.71485,-4.683329330349963,0.0001906628125155,-7.59954e-05,0.00026665821073517483,7.088385859241336e-05,0.0004643512,-0.0003934673488911465
standard_NN,10,350,3,461,2.592798600128094,2.971163,-0.37836443431099287,10.371194400512376,9.696071,0.6751237294308332,23.33518740115285,26.027807,-2.6926198345649226,41.48477760204951,40.831707,0.6530706013170899,0.0090755145328503,0.017507333,-0.008431818775608028,0.0038401099670633,0.008390346,-0.0045502356436148955
standard_NN,10,350,3,462,5.047077164491515,4.701569,0.34550808413873213,20.18830865796606,19.606405,0.5819033997873504,45.423694480423634,43.64425,1.7794455180212907,80.75323463186425,78.520355,2.2328794072548703,0.0135994968639527,0.010795008,0.0028044884728108087,0.0065182318301061,0.0055029606,0.0010152711854437202
standard_NN,10,350,3,463,4.555845678326203,4.607642,-0.051796495440886936,18.22338271330481,19.507622,-1.2842390518319071,41.00261110493583,41.4891,-0.48649030497627876,72.89353085321925,78.616135,-5.722603790335441,0.0012804621025684,0.0016678815,-0.00038741939833884234,0.0005698445171372,0.0013353684,-0.0007655238581567105
standard_NN,10,350,3,464,5.0040551643863145,4.571702,0.4323531609073106,20.01622065754525,18.275402,1.740818588453454,45.03649647947683,40.891235,4.145261127914331,80.06488263018103,77.492516,2.572367066216188,0.0032740799087478,0.009438326,-0.006164245742242209,0.001792921318311,0.0050961045,-0.003303183143388724
standard_NN,10,350,3,465,17.331254318865753,17.463839,-0.13258425840475496,69.32501727546301,69.77454,-0.44952648674401985,155.98128886979177,153.59972,2.381572683268331,277.30006910185205,281.0714,-3.7713420309604544,0.0002682890698234,0.00079808297,-0.000529793898862376,0.0001486359574875,0.00055509555,-0.0004064595963762936
standard_NN,10,350,3,466,23.66891828777028,21.38558,2.2833382249040675,94.67567315108111,86.145226,8.53044762617877,213.02026458993248,193.20683,19.813431704190293,378.70269260432445,343.72928,34.97341403987133,3.470749587365628e-05,0.0005335175,-0.0004988100124282276,1.730134464464268e-05,0.000788973,-0.0007716716594468884
standard_NN,10,350,3,467,8.501309975549521,8.617006,-0.11569632633036164,34.005239902198085,32.73948,1.2657608372566784,76.5117897799457,75.00518,1.5066094210589824,136.02095960879234,137.46838,-1.4474241802701613,0.0011451639476688,0.001408226,-0.000263062025467923,0.0005537797495862,0.0006906931,-0.0001369133443432398
standard_NN,10,350,3,468,11.469806764163344,13.162184,-1.6923769974333354,45.87922705665337,54.20652,-8.327293023913036,103.22826087747008,118.370094,-15.141833421846329,183.51690822661348,208.33246,-24.81555026948027,0.0004717387290034,-0.0017253197,0.0021970583855468336,0.0002600780237704,-0.0007243319,0.0009844099070183418
standard_NN,10,350,3,469,3.846689483651373,3.3159397,0.530749818810675,15.386757934605493,13.827565,1.5591927414292233,34.620205352862364,31.955095,2.6651100617246684,61.54703173842197,51.829647,9.717384674212987,0.0187798117190261,0.01770159,0.0010782212853093255,0.0100230414065008,0.008867314,0.0011557273211364582
standard_NN,10,350,3,470,2.589188253216009,2.653465,-0.06427677936150555,10.356753012864038,10.845464,-0.4887107398825439,23.302694278944088,23.018522,0.2841720163708459,41.42701205145615,48.856907,-7.429894839412988,0.0023732021398305,0.006155893,-0.0037826910667658744,0.0013896212446625,0.0033166602,-0.0019270389341627591
standard_NN,10,350,3,471,5.15406776380301,5.2182355,-0.06416772890328915,20.61627105521204,20.163437,0.45283416556360123,46.38660987422709,43.731625,2.6549852709556063,82.46508422084815,79.678505,2.7865792770004987,0.002279303530853,0.0013819599,0.0008973436482881572,0.0010623916237312,0.0006083493,0.0004540423465589623
standard_NN,10,350,3,472,6.533364890638045,6.384941,0.14842378956382607,26.13345956255218,25.832254,0.3012051527621402,58.8002840157424,59.663902,-0.8636182669724448,104.53383825020872,103.624176,0.9096622248180921,0.000526063695466,0.002516065,-0.0019900013302361188,0.0002858742152763,0.0013085201,-0.0010226458764212736
standard_NN,10,350,3,473,12.793028341790706,13.473838,-0.6808095106873218,51.17211336716282,54.131138,-2.9590244807375683,115.13725507611636,122.5602,-7.422948476129733,204.6884534686513,217.8452,-13.156746116309648,0.0001420508456987,0.0016794676,-0.0015374167736980462,4.691146235487304e-05,0.00086684996,-0.0008199385025953606
standard_NN,10,350,3,474,9.757580841633295,10.033972,-0.276390944865728,39.03032336653319,42.733604,-3.703281064619155,87.81822757469968,94.09514,-6.276910975105011,156.12129346613276,170.92761,-14.806318838554745,0.0002016789333795,0.0019114207,-0.0017097417909751843,8.415177550027412e-05,0.00061266945,-0.0005285176742649611
standard_NN,10,350,3,475,9.3116812821914,8.779599,0.5320820924330985,37.2467251287656,36.225624,1.0211010442929407,83.8051315397226,77.993004,5.812127694507751,148.9869005150624,143.11711,5.8697893090077,0.0018770066558112,0.0013633497,0.000513656926593611,0.0007147755018495,0.00059541996,0.00011935554315000536
standard_NN,10,350,3,476,4.871440727523472,3.8487003,1.0227404425655866,19.48576291009389,16.89353,2.592233018126116,43.84296654771125,40.097965,3.7450013072327337,77.94305164037556,70.07779,7.8652623337349326,0.0077700990431565,0.004548093,0.0032220062047797395,0.0043934870187507,0.0019492565,0.0024442304998950094
standard_NN,10,350,3,477,4.600168998009698,4.533226,0.06694298482610428,18.400675992038792,19.44088,-1.0402038297385516,41.40152098208728,42.093346,-0.6918246600025668,73.60270396815517,77.51683,-3.914126476180769,0.0021523140169207,0.007865655,-0.0057133412190254786,0.0014421525489619,0.004096337,-0.002654184579468705
standard_NN,10,350,3,478,2.7365041701286192,3.2868836,-0.5503794224769716,10.946016680514475,12.608483,-1.662466633999685,24.628537531157576,28.93255,-4.304012899140275,43.78406672205791,50.41019,-6.626123860217483,0.0058070149575364,0.010205338,-0.004398322820197403,0.002608548026528,0.0050027985,-0.0023942504860500107
standard_NN,10,350,3,479,13.867832764128174,13.868216,-0.0003827967849119318,55.471331056512696,55.052193,0.4191383685244148,124.81049487715356,124.258194,0.5523009074269964,221.8853242260508,219.16574,2.7195832592539375,0.0002829612411815,0.0013496155,-0.0010666542740282343,0.0001309241807784,0.00080316846,-0.0006722442748260638
standard_NN,10,350,3,480,9.365056110978236,8.812657,0.5523987547160285,37.46022444391295,35.6378,1.8224261345867774,84.28550499880416,77.343315,6.942189874292438,149.8408977756518,138.00627,11.83462641334711,0.0010476305274464,0.002452908,-0.001405277556350101,0.000452907289197,0.0008528692,-0.0003999618940937498
standard_NN,10,350,3,481,4.672145588555732,4.4346523,0.23749326006452076,18.688582354222927,19.029257,-0.34067446645578414,42.04931029700159,43.049175,-0.9998649654495821,74.75432941689171,75.558586,-0.8042567037137616,0.0011512595625123,0.0016413905,-0.0004901309334212924,0.0005579646993235,0.0010721604,-0.0005141957346543423
standard_NN,10,350,3,482,18.04491169621069,20.65631,-2.6113974315969273,72.17964678484276,83.26447,-11.084826176583022,162.4042052658962,187.31662,-24.91241460715068,288.71858713937104,335.90915,-47.190562030550836,7.961404994813343e-05,-0.00035858614,0.00043820019132209556,2.536399801157736e-05,0.00019603696,-0.0001706729574465347
standard_NN,10,350,3,483,11.858555658889498,10.693633,1.1649225793606899,47.434222635558,42.266823,5.167399820616595,106.72700093000547,95.87123,10.855769850903911,189.736890542232,169.70918,20.02770780297419,5.065161545413394e-05,0.0011940516,-0.0011433999678434168,2.827322056235568e-05,0.00087940256,-0.0008511293428791891
standard_NN,10,350,3,484,4.274572875131773,4.294243,-0.01966998375494544,17.098291500527093,15.240083,1.8582087597434018,38.47115587618596,35.501724,2.969431633021898,68.39316600210837,66.777115,1.6160511339443104,0.0010266419836355,0.0021604917,-0.0011338496710138768,0.0003917176447685,0.0011308506,-0.0007391329916317823
standard_NN,10,350,3,485,18.642704432997824,20.18796,-1.5452552380226834,74.5708177319913,82.19048,-7.619665361270421,167.7843398969804,183.60388,-15.819541938957087,298.2832709279652,327.97165,-29.688378241956684,2.2776345948410984e-05,-0.0006648702,0.0006876465424361655,7.212722337110209e-06,0.00016294148,-0.00015572875410946622
standard_NN,10,350,3,486,5.983063624841268,6.2250204,-0.241956783789103,23.932254499365072,26.986332,-3.0540774403321933,53.847572623571416,59.73661,-5.88903778902624,95.72901799746028,106.55881,-10.8297893755866,0.0011293563503629,0.0061720503,-0.005042693905919191,0.0005113188035499,0.0026085188,-0.0020972000111181594
standard_NN,10,350,3,487,7.455756711300488,7.0652285,0.3905282490812496,29.82302684520195,28.937082,0.8859445545525375,67.10181040170438,67.44224,-0.3404274522995223,119.2921073808078,111.7072,7.584908284128119,0.0001616645695494,-0.0010849441,0.0012466086864323799,6.92276303175298e-05,-0.0003765851,0.00044581274459915433
standard_NN,10,350,3,488,15.963023585895812,16.82108,-0.858055668254579,63.852094343583246,67.5192,-3.66710884245191,143.66721227306232,151.51894,-7.851723884164244,255.40837737433296,270.2142,-14.805825506526418,0.000527439014806,0.0009458615,-0.0004184224947294617,0.0002567121024683,0.0005327373,-0.00027602519034669983
standard_NN,10,350,3,489,9.050123738456378,9.847747,-0.7976231106036806,36.20049495382551,39.982975,-3.7824800522780038,81.45111364610742,87.48887,-6.03775506727149,144.80197981530205,161.9455,-17.143515790166703,0.000190123235559,-0.002322753,0.0025128761955852644,8.167704772703131e-05,-0.0013013025,0.001382979505886657
standard_NN,10,350,3,490,6.024240923737268,5.8845263,0.1397146709906858,24.09696369494907,23.171618,0.925346187014501,54.21816831363542,51.724163,2.494005258215495,96.38785477979629,92.656525,3.7313301215931602,0.0002251900884384,0.0006420543,-0.0004168642183704591,8.111090485903164e-05,0.0007211795,-0.0006400685678891585
standard_NN,10,350,3,491,3.065720658779973,2.556114,0.5096067004212084,12.262882635119892,13.786803,-1.5239206104245415,27.59148592901976,23.672789,3.918697309024644,49.05153054047957,53.807384,-4.755853950487229,0.0095350828270864,0.027340634,-0.017805550967578937,0.0042832921269601,0.014974562,-0.0106912703242833
standard_NN,10,350,3,492,7.968024073862097,7.331763,0.636261283182165,31.872096295448387,28.51043,3.361666913124168,71.71221666475887,64.00793,7.704289723840901,127.48838518179356,112.463524,15.024861317047467,0.0033646581469745,0.0046813185,-0.0013166603857010049,0.0016706080945524,0.002405839,-0.0007352309463230348
standard_NN,10,350,3,493,10.107433286483412,10.145814,-0.038380655472154857,40.429733145933646,43.72041,-3.2906762473769007,90.9668995783507,95.15337,-4.186474139911013,161.71893258373458,174.30919,-12.590256259038853,0.0012127582198013,0.0031450642,-0.001932306007481701,0.0006490456458574,0.0015798929,-0.0009308472921678957
standard_NN,10,350,3,494,16.997503871649254,15.370746,1.6267582127747424,67.99001548659702,61.920918,6.069097975610688,152.9775348448433,140.47963,12.497905328241728,271.96006194638807,248.02383,23.93622771787244,0.0005272895416928,0.00048933417,3.795537331453629e-05,0.0002607974185064,0.00013369702,0.00012710040222532423
standard_NN,10,350,3,495,7.73184203994365,7.027181,0.7046608914145969,30.9273681597746,28.865057,2.06231116819745,69.58657835949286,65.052826,4.5337524317584865,123.7094726390984,115.12648,8.582992536559331,0.0001029039879054,0.002122883,-0.0020199789985358547,5.7616094548844535e-05,0.0012561198,-0.0011985037145645983
standard_NN,10,350,3,496,8.2774721584624,7.6026926,0.6747795543974586,33.1098886338496,30.416922,2.692967018249014,74.4972494261616,67.127045,7.370204748427227,132.4395545353984,119.51587,12.9236853947734,0.0004807379311623,0.0008177837,-0.0003370457696056045,0.0001686017289916,-7.0552975e-05,0.000239154703639908
standard_NN,10,350,3,497,5.704889133459517,5.7314825,-0.026593372338822974,22.819556533838067,23.433323,-0.6137663726560731,51.34400220113565,53.329967,-1.985965297643645,91.27822613535228,90.48991,0.7883198243171279,0.0025300261310039,0.004752187,-0.0022221609273256823,0.0012861460798805,0.0026433803,-0.0013572342342312096
standard_NN,10,350,3,498,10.773340529433431,11.434369,-0.6610285577858068,43.09336211773373,46.056835,-2.963473056826814,96.9600647649009,101.69061,-4.730548028067844,172.37344847093493,183.14711,-10.77366151441663,0.000697826499233,-0.0004316428,0.0011294693086500987,0.0002714411497357,-0.00011860014,0.0003900412888390642
standard_NN,10,350,3,499,8.851418923480306,7.8518577,0.9995612612793785,35.405675693921225,31.567358,3.8383176769534515,79.66277031132276,70.41712,9.245648424115728,141.6227027756849,124.85209,16.770613847462243,0.0003208457310582,0.0011739695,-0.0008531237435629171,0.0001443250593749,0.0008863295,-0.000742004448545991
standard_NN,10,350,3,500,6.536964629818418,6.5793805,-0.042415882419130746,26.147858519273672,28.147345,-1.999486069959726,58.83268166836576,63.13221,-4.299528109466273,104.59143407709468,113.466,-8.874569340874075,0.000349084565059,0.001063896,-0.0007148114288070264,0.0001856378518482,0.0006514008,-0.0004657629754888564
standard_NN,10,350,3,501,37.123406383208525,30.898796,6.224610301665557,148.4936255328341,121.70315,26.790477644650508,334.11065744887674,270.72595,63.38470530043924,593.9745021313364,493.3287,100.64579729735203,5.2788917078620174e-05,0.0016386338,-0.0015858448640341104,2.751713052672088e-05,0.0011169835,-0.0010894663455681807
standard_NN,10,350,3,502,11.468765948749056,9.503199,1.965567325091829,45.87506379499622,38.858795,7.0162686289805976,103.2188935387415,85.03518,18.183714400557903,183.5002551799849,149.35884,34.14141423760208,1.1167985842777043e-05,-0.00021065067,0.00022181865851323082,6.312840898354442e-06,-0.00027884793,0.0002851607732482449
standard_NN,10,350,3,503,7.746600842449795,7.3858137,0.3607871293760647,30.98640336979918,30.28104,0.7053631781487901,69.71940758204816,66.73571,2.983697438005194,123.94561347919672,120.88819,3.0574222560521918,0.0004651016052427,-0.00083328824,0.0012983898478174812,0.0001686797427585,-0.000613799,0.000782478770391422
standard_NN,10,350,3,504,5.813857737183127,5.4309864,0.3828713327641813,23.255430948732503,23.123095,0.13233639001668251,52.32471963464815,53.5752,-1.2504794925491183,93.02172379493004,91.88659,1.135134744637071,0.0006383992138725,0.0029283504,-0.002289951139740996,0.0003789683646119,0.0012281077,-0.0008491393569329021
standard_NN,10,350,3,505,7.558766223228334,7.1649237,0.39384255532061907,30.235064892913336,28.301517,1.93354740634107,68.028896009055,59.867817,8.161079084006175,120.94025957165334,111.26697,9.673291798215843,0.0008979711003423,0.0009559398,-5.7968716434363046e-05,0.0003111290301485,-0.00015570821,0.00046683724430017303
standard_NN,10,350,3,506,2.052027990911536,1.3167442,0.7352837825756597,8.208111963646141,6.366098,1.8420140365526354,18.46825191820382,9.677973,8.790279124624718,32.832447854584565,28.197058,4.635390130585542,0.0088355464550535,0.0070913723,0.0017441741811911379,0.0043816524740428,0.004046743,0.0003349096696943308
standard_NN,10,350,3,507,5.4491535196174725,5.4271235,0.022029973017130722,21.79661407846989,20.848043,0.9485706366974291,49.042381676557255,45.12303,3.919350060346318,87.18645631387956,85.08184,2.1046157987428415,0.0050243116478958,0.003294086,0.0017302255641260022,0.0021513013277229,0.0015748844,0.0005764169260885645
standard_NN,10,350,3,508,11.824797694684513,14.060606,-2.2358083081231044,47.29919077873805,56.8762,-9.57701085090062,106.42317925216062,127.05611,-20.63292731522219,189.1967631149522,226.10191,-36.90515033719623,0.0002660740552655,0.00038886775,-0.00012279369037611896,0.0001125498461792,0.000110588335,1.9615113873720547e-06
standard_NN,10,350,3,509,38.47489175071352,28.428677,10.046215145488908,153.89956700285407,115.33625,38.56331669767829,346.2740257564217,255.64296,90.63106616169512,615.5982680114163,467.16574,148.4325270446194,7.688122123916642e-05,0.0025627841,-0.002485902902926607,2.353435482123847e-05,0.0012788961,-0.0012553617627616787
standard_NN,10,350,3,510,20.16198609182005,18.81495,1.3470351488268868,80.6479443672802,76.218094,4.429850495209891,181.45787482638048,169.97052,11.487354806849225,322.5917774691208,307.0867,15.505077029667689,0.0006472006502847,0.0018325289,-0.0011853282044355946,0.0003365394546811,0.0008069638,-0.0004704243732455655
standard_NN,10,350,3,511,7.596354706749549,7.1978736,0.3984811143728404,30.3854188269982,28.30191,2.083508426607576,68.36719236074595,62.496906,5.870286080228368,121.5416753079928,115.51891,6.0227620389498355,5.844647627194301e-05,-0.002582009,0.0026404554266842165,2.0830772031916287e-05,-0.0014115073,0.0014323380274296534
standard_NN,10,350,3,512,38.507649234573634,27.287754,11.219895175735743,154.03059693829454,106.816765,47.21383210675157,346.5688431111627,238.5868,107.98203586018616,616.1223877531781,441.3725,174.7498901945844,6.012825594429279e-06,0.00037493516,-0.00036892233433094215,3.468645947141803e-06,-5.806118e-07,4.0492577582158534e-06
standard_NN,10,350,3,513,10.211456714067603,8.407955,1.803501544389869,40.84582685627042,33.483963,7.361863843575108,91.90311042660844,74.25529,17.64782325619828,163.38330742508168,134.26146,29.121848074495745,0.0001312163511134,0.0010192139,-0.0008879975795902995,6.639760246715507e-05,0.0009918826,-0.0009254850374699477
standard_NN,10,350,3,514,11.395279411136956,11.387293,0.007986549198479409,45.581117644547824,45.96993,-0.38881109690725424,102.5575147002326,100.12866,2.428852590857602,182.3244705781913,184.1823,-1.857826174738392,0.000265773124682,-0.00014646625,0.00041223937381639153,0.0001109324342722,-0.00044060423,0.0005515366623328926
standard_NN,10,350,3,515,8.237774894631448,7.6733823,0.5643926123743679,32.95109957852579,30.79263,2.1584703365824325,74.13997405168303,69.76457,4.375401908128339,131.80439831410317,124.317924,7.486473814591449,0.000633001030152,-0.00042554637,0.0010585474019956659,0.0002769351117803,-0.00024448632,0.000521421432078465
standard_NN,10,350,3,516,16.60656170031878,15.858193,0.7483683027968091,66.42624680127513,63.91487,2.5113755854548145,149.45905530286902,140.87343,8.585626958142456,265.7049872051005,252.8011,12.903885520530196,2.397565110033093e-05,-0.00018078642,0.00020476206843187748,1.4565290955339462e-05,-1.4918322e-05,2.9483613404714872e-05
standard_NN,10,350,3,517,4.516676120078229,4.550756,-0.03407985755238663,18.066704480312914,16.432806,1.633898465298266,40.65008508070406,39.573246,1.0768390785067936,72.26681792125166,68.79061,3.476206654161814,0.0046846364608687,0.0045373533,0.00014728316876111772,0.0020754051349244,0.002080611,-5.205818346989011e-06
standard_NN,10,350,3,518,9.519263440096095,9.625476,-0.10621244338779157,38.07705376038438,40.04872,-1.971667553092182,85.67337096086484,88.23015,-2.5567773545648436,152.30821504153752,156.375,-4.066784958462478,0.0007035759723228,0.0016749963,-0.0009714203673932173,0.0003398238100473,0.0006259436,-0.0002861197803739296
standard_NN,10,350,3,519,16.594036884946302,16.69532,-0.10128324444822923,66.37614753978521,67.18448,-0.8083312199804169,149.3463319645167,148.64377,0.7025636539698326,265.50459015914083,262.14966,3.3549319560158324,0.0003716415850141,0.0013875976,-0.0010159560587561776,0.0001866722447355,0.00085041166,-0.0006637394111114832
standard_NN,10,350,3,520,8.737211694320672,9.056839,-0.31962729493714015,34.94884677728269,36.084915,-1.136068383850123,78.63490524888606,82.26642,-3.6315132081451935,139.79538710913076,142.9389,-3.1435166994629924,0.0002015693380491,0.0017853031,-0.0015837337787269492,7.898039191072972e-05,0.0008070211,-0.0007280407123542746
standard_NN,10,350,3,521,4.1256851748156125,4.996276,-0.8705907269788211,16.50274069926245,18.098543,-1.595802467851808,37.13116657334052,41.1555,-4.02433193129815,66.0109627970498,74.61298,-8.602020906563482,0.0009816144450834,0.0015360253,-0.0005544108713710701,0.0004582025484459,0.0005741022,-0.00011589966935128993
standard_NN,10,350,3,522,7.658164783935409,7.342423,0.3157418217466885,30.63265913574164,29.827642,0.805016694945742,68.92348305541869,69.61668,-0.6931932751477206,122.53063654296656,115.50625,7.024388068845468,0.0001531046516276,0.0009499621,-0.0007968574712038936,9.404109461986997e-05,0.00066540955,-0.0005713684540539088
standard_NN,10,350,3,523,13.969370536831208,14.644714,-0.6753438186375416,55.877482147324834,58.763275,-2.8857929991595412,125.72433483148087,132.21878,-6.494445686097251,223.5099285892993,231.286,-7.776066894099131,9.59059207991423e-05,0.0010592957,-0.0009633898052095709,5.154257423933925e-05,0.000818756,-0.0007672134272964638
standard_NN,10,350,3,524,12.141775795501944,10.879593,1.2621828999941318,48.56710318200778,44.497284,4.069819246460902,109.27598215951753,99.40387,9.872112530611275,194.2684127280311,175.34146,18.926951546390484,0.0004865880755576,0.00089269696,-0.0004061088848059371,0.000232475000082,0.00044769846,-0.00021522346127550413
standard_NN,10,350,3,525,2.550028780916782,3.1646864,-0.6146576605047267,10.200115123667128,11.327493,-1.1273775902610943,22.950259028251043,27.047709,-4.097449483101496,40.80046049466851,49.69019,-8.889728866903752,0.0098959616075469,0.007007712,0.002888249574900959,0.0047377004384824,0.0035751301,0.0011625703055241068
standard_NN,10,350,3,526,11.540201565621164,11.905349,-0.36514721214983226,46.160806262484655,46.86639,-0.705583965786829,103.86181409059049,104.45284,-0.5910286218118586,184.64322504993865,185.02217,-0.3789459705691627,0.0001705391264895,0.00035562372,-0.00018508459418993217,9.286674920912932e-05,0.00030364405,-0.00021077729744393278
standard_NN,10,350,3,527,9.459397345605629,9.645741,-0.18634411710189092,37.83758938242251,39.06233,-1.2247389562005395,85.13457611045064,86.95821,-1.8236376957017058,151.35035752969003,153.50961,-2.1592555074193456,0.0031057405270782,0.0045366054,-0.0014308649130019657,0.0013018344636597,0.0023393766,-0.0010375421386621632
standard_NN,10,350,3,528,2.4668943649042228,2.3934104,0.0734839206445792,9.867577459616893,6.4791255,3.388451959891551,22.20204928413801,22.290876,-0.08882710441179498,39.47030983846757,32.58286,6.887450799160931,0.0126737241546779,0.013705732,-0.0010320081461996714,0.0057742592397636,0.0064115454,-0.0006372862045163092
standard_NN,10,350,3,529,6.881763774309415,7.0373096,-0.1555458722970302,27.52705509723766,28.625679,-1.0986239188756208,61.93587396878475,62.36203,-0.4261560605121275,110.10822038895064,113.91487,-3.806650826869671,0.0075987050439174,0.0017234195,0.0058752855182568255,0.0044965519507555,0.0010839223,0.003412629611152195
standard_NN,10,350,3,530,3.615736370530539,3.393255,0.22248137518446987,14.462945482122157,14.112376,0.35056926904842634,32.54162733477486,29.110369,3.4312586061371633,57.85178192848863,60.403103,-2.551320946267232,0.0031428726682898,0.008115291,-0.00497241799584661,0.0012340591756954,0.0042875833,-0.0030535241121099187
standard_NN,10,350,3,531,7.169670764613766,8.0683975,-0.8987267573588902,28.678683058455064,31.587849,-2.909165604875014,64.5270368815239,71.70943,-7.182389998358914,114.71473223382026,127.43676,-12.722027714910212,0.0004201411645381,-0.0019555865,0.0023757276501028086,0.0002042139354975,-0.00088885025,0.0010930641843819096
standard_NN,10,350,3,532,9.053769032736689,9.162597,-0.10882766983899472,36.21507613094676,38.285267,-2.0701907452739405,81.4839212946302,84.03157,-2.5476491399401056,144.86030452378702,148.20796,-3.3476575123457906,0.0015403369009138,0.0018447571,-0.00030442021921119576,0.000916081516075,0.0013252347,-0.00040915313828451946
standard_NN,10,350,3,533,5.317715562221599,6.143971,-0.8262554041175125,21.270862248886395,24.652973,-3.382110926162433,47.85944005999439,53.533386,-5.673946170474359,85.08344899554558,95.88353,-10.800080667540357,0.0031645573634797,0.009069369,-0.005904811811060343,0.0017035607961663,0.0046576075,-0.0029540467294207817
standard_NN,10,350,3,534,5.964191982230467,5.269646,0.6945458144753403,23.85676792892187,21.828993,2.027775085293939,53.677727840074205,50.34222,3.3355075336777205,95.42707171568748,89.82518,5.601891661976538,0.000112928137489,0.0012878777,-0.001174949538588187,5.05227186256896e-05,0.0009699793,-0.0009194565531326582
standard_NN,10,350,3,535,5.57921110070059,5.31922,0.25999103463003337,22.31684440280236,21.068117,1.2487272610787272,50.21289990630532,47.40255,2.8103501626529734,89.26737761120944,82.509605,6.757772203494596,0.0007397578116747,0.00438057,-0.0036408119816092395,0.0004069847478263,0.0021570893,-0.0017501045526273629
standard_NN,10,350,3,536,5.980561924235108,5.751845,0.2287170412700199,23.92224769694043,22.733704,1.1885440836591812,53.82505731811597,49.48382,4.341235449219482,95.68899078776172,90.9095,4.779490665691412,0.0011721436464134,0.0014789669,-0.0003068232611846782,0.0005231398582874,0.00058698776,-6.384790582152609e-05
standard_NN,10,350,3,537,4.445327612947614,4.610203,-0.16487517635902638,17.781310451790457,18.237143,-0.45583211107575394,40.00794851652853,40.788887,-0.7809385073972521,71.12524180716183,72.69323,-1.5679878681311408,0.0021559424395956,0.0048643146,-0.0027083721314273873,0.0011027786523083,0.0024564923,-0.0013537136264166088
standard_NN,10,350,3,538,1.6551186929301422,0.53099614,1.1241225491122406,6.620474771720569,2.3887894,4.231685356361072,14.89606823637128,3.7178674,11.178200861951114,26.48189908688228,10.782453,15.699446503569291,0.0230164260534935,0.012523847,0.010492579352705957,0.0116591744921663,0.006638072,0.005021102526740094
standard_NN,10,350,3,539,16.99136160921159,17.633682,-0.6423206417649716,67.96544643684636,70.763306,-2.7978592272161364,152.92225448290432,157.08669,-4.164430697759741,271.86178574738545,281.76044,-9.898651264333296,0.0003622750700869,0.0006468306,-0.0002845555245458746,0.0001817700796606,0.00023988781,-5.811773356199457e-05
standard_NN,10,350,3,540,6.694916618188316,6.722766,-0.02784930435807098,26.779666472753263,26.52025,0.25941615231869264,60.25424956369485,60.54343,-0.2891807646742919,107.11866589101304,107.72333,-0.6046617457057124,0.0031711077184482,0.0056617656,-0.0024906578606860258,0.0017394723823967,0.0029429113,-0.0012034389668402652
standard_NN,10,350,3,541,7.978451738790416,7.3790545,0.599397192434215,31.913806955161665,29.349695,2.564111749473188,71.80606564911375,65.479164,6.326901525578592,127.65522782064666,113.86753,13.787696997892752,0.004854120570109,0.0044282963,0.00042582422016631573,0.0025081882478915,0.0022372492,0.0002709390821181083
standard_NN,10,350,3,542,7.834230773128736,8.350199,-0.5159679725988031,31.336923092514944,34.740685,-3.4037614167624,70.50807695815864,79.66702,-9.158945746919485,125.34769237005978,133.26292,-7.915231824276162,0.0006470204361362,0.00084636646,-0.0001993460201079409,0.0003350930743246,0.00045945408,-0.00012436100623098803
standard_NN,10,350,3,543,4.5540857316377,4.665842,-0.1117563246367137,18.2163429265508,17.447454,0.768888474036153,40.9867715847393,41.339184,-0.3524122226337454,72.8653717062032,75.10263,-2.237258909031169,0.0072082890586085,0.008024511,-0.0008162218688898409,0.0028057521070871,0.004283293,-0.0014775410432782527
standard_NN,10,350,3,544,5.674429562320764,5.664199,0.010230686893518026,22.697718249283056,22.697186,0.0005327329256346047,51.06986606088688,50.589203,0.48066318002750563,90.79087299713224,90.96967,-0.17880015960604112,0.0077256804218856,0.0034121114,0.004313568992388,0.0037896862736146,0.0016173429,0.0021723433414648323
standard_NN,10,350,3,545,9.00914107418707,9.007325,0.0018159017627539242,36.03656429674828,36.191204,-0.15463977429664055,81.08226966768363,79.24596,1.8363132467851955,144.14625718699313,143.40704,0.7392137299618753,0.0012092522581677,0.00030080375,0.0009084485125365714,0.0004631762803111,-0.00011656939,0.0005797456705405151
standard_NN,10,350,3,546,12.945907244131933,13.327753,-0.38184582288466906,51.78362897652773,55.53057,-3.7469420073589887,116.5131651971874,121.67846,-5.165293970293064,207.1345159061109,215.26492,-8.130407189592233,7.577755760771052e-05,0.0011888557,-0.0011130781770460603,4.647823319119343e-05,0.00075414806,-0.000707669825867741
standard_NN,10,350,3,547,3.328114398640752,3.306193,0.021921285313725836,13.312457594563009,15.216968,-1.904509988139628,29.95302958776677,34.65463,-4.701599165895338,53.24983037825204,60.274586,-7.024755345624911,0.0145152561550858,0.007163954,0.007351302187693356,0.0071917821741861,0.0039920425,0.003199739669935097
standard_NN,10,350,3,548,6.430340719273352,6.665937,-0.23559622759554433,25.72136287709341,25.003092,0.7182710649596196,57.87306647346017,57.663853,0.20921378180977968,102.88545150837363,102.509834,0.37561721882285326,0.0027566815595487,0.0014861027,0.0012705788583839178,0.0013443577526149,0.0006945371,0.0006498206247587349
standard_NN,10,350,3,549,6.964034988096503,6.8875594,0.07647557418659101,27.85613995238601,27.754627,0.1015127246028058,62.67631489286854,63.38768,-0.7113651608423979,111.42455980954404,107.92643,3.4981300610088795,0.01046885872535,0.00097041443,0.009498444293118663,0.0050902681435385,0.000260467,0.004829801142767186
standard_NN,10,350,3,550,1.641896009204116,0.65874463,0.9831513760063315,6.567584036816464,0.8925126,5.675071417321072,14.777064082837043,7.9932885,6.783775565838752,26.27033614726585,8.870297,17.40003871532005,0.0452212868032776,0.016771194,0.028450093209537133,0.0246420056599265,0.007833239,0.016808766968834963
standard_NN,10,350,3,551,4.048919453589192,4.8359895,-0.7870700216610524,16.195677814356767,18.671501,-2.475823345311202,36.440275082302726,39.740932,-3.300657382296883,64.78271125742707,77.85272,-13.070010910541683,0.0077216486002886,0.0077822995,-6.0650936923056266e-05,0.003949007532353,0.0039457837,3.2238203831478143e-06
standard_NN,10,350,3,552,1.69896481582231,2.1491773,-0.4502124970286421,6.79585926328924,5.893972,0.9018873432758125,15.290683342400792,18.296717,-3.006033347662685,27.18343705315696,28.837103,-1.6536658368576873,0.0668823166447299,0.0586572,0.008225117500366502,0.0347879305254752,0.029613787,0.0051741432171398954
standard_NN,10,350,3,553,8.091053394511503,7.931937,0.15911617679910073,32.36421357804601,31.83734,0.5268741768008951,72.81948055060353,70.99923,1.8202511194511857,129.45685431218405,122.61316,6.843695132496549,0.0016864639550526,0.0020629596,-0.0003764956414621019,0.0008848199635591,0.0010180294,-0.0001332094412450105
standard_NN,10,350,3,554,8.337849791369003,7.8706875,0.4671623066277917,33.35139916547601,31.963976,1.3874232591039402,75.04064812232103,69.994415,5.046232839117906,133.40559666190404,126.50765,6.897944379189198,0.0011711922657764,0.0021080973,-0.0009369050434702593,0.0004474379094637,0.0007512628,-0.0003038249122590757
standard_NN,10,350,3,555,6.711276834660852,6.717589,-0.00631206685892316,26.84510733864341,27.037523,-0.1924159310099114,60.40149151194768,58.951035,1.450456966049245,107.38042935457364,107.45534,-0.07490816984042681,0.0019897118994155,0.003277677,-0.0012879652119121483,0.0009987672428167,0.0019037536,-0.0009049863684424625
standard_NN,10,350,3,556,2.1152573676832973,1.9848369,0.13042043168628803,8.46102947073319,6.970611,1.4904183753047224,19.03731630914968,13.253611,5.783705698187767,33.84411788293276,25.607725,8.23639273950014,0.051363959467393,0.1022757,-0.050911739909666937,0.0308228699724276,0.053614948,-0.022792077972451932
standard_NN,10,350,3,557,3.878351466906913,4.844022,-0.9656703302732628,15.51340586762765,17.615498,-2.102091721483678,34.90516320216222,40.060997,-5.155833807115123,62.0536234705106,76.50581,-14.452190128122211,0.0032448316949401,0.0021796874,0.0010651443178746798,0.0013528260717418,0.0011042033,0.00024862278609238107
standard_NN,10,350,3,558,6.00180327182794,5.7873855,0.21441780811334077,24.00721308731176,22.814852,1.1923613264475037,54.01622944645146,50.060028,3.9562013702795866,96.02885234924705,91.210945,4.817907219852515,0.0032521694556644,0.007403212,-0.0041510426781306235,0.0012029070114032,0.004156003,-0.002953095763431433
standard_NN,10,350,3,559,30.44393015945268,28.362831,2.081099043730024,121.7757206378107,114.24614,7.52958111144352,273.9953714350741,258.31726,15.678110692886605,487.1028825512428,460.2333,26.869575666477203,1.233214566272879e-05,-0.0010710534,0.0010833855863453187,4.708995279241084e-06,5.223609e-05,-4.752709440738921e-05
standard_NN,10,350,3,560,4.169786512702347,4.0111227,0.15866380915010048,16.679146050809386,16.271013,0.40813279092169097,37.52807861432113,32.73733,4.790747223940272,66.71658420323755,68.33743,-1.6208486580905799,0.0287800943518493,0.03671899,-0.007938896301903982,0.01667497227356,0.019374346,-0.002699374087004231
standard_NN,10,350,3,561,4.689550370699779,4.151403,0.5381474204129137,18.75820148279912,16.391918,2.3662833004260726,42.20595333629802,35.203934,7.002019620477711,75.03280593119646,66.615166,8.417640220747245,0.0009428241548873,0.002377051,-0.0014342267738841957,0.0004116133219919,0.0010976447,-0.0006860313572564329
standard_NN,10,350,3,562,12.299671747422249,13.082222,-0.7825502374410327,49.198686989688994,51.532307,-2.333619681453584,110.69704572680024,119.55409,-8.857046680426322,196.794747958756,202.9056,-6.110845913314307,0.0015396157364993,0.0007403,0.0007993157456329667,0.0007513836384517,0.0005383343,0.00021304932979390484
standard_NN,10,350,3,563,23.728149501989176,23.836002,-0.1078528478643399,94.9125980079567,96.56921,-1.6566082298362659,213.55334551790256,214.78853,-1.235182924480256,379.6503920318268,383.86652,-4.2161240814544385,0.0017793299792269,-2.9337065e-05,0.001808667044142935,0.0010616834875302,0.000121562574,0.0009401209131803905
standard_NN,10,350,3,564,16.075670695426826,17.274422,-1.1987509964677052,64.3026827817073,68.86286,-4.560178851593477,144.68103625884146,154.12373,-9.442697261666353,257.2107311268292,275.6054,-18.394676588014534,0.0001338815679993,0.0010115748,-0.0008776931892861161,4.553117845959576e-05,0.00040376402,-0.00035823283893235414
standard_NN,10,350,3,565,6.872145138108219,6.292662,0.5794829944009434,27.488580552432875,25.92838,1.5602014935949846,61.84930624297398,58.98086,2.8684445791556215,109.9543222097315,100.83453,9.119788518325251,0.0017171075655582,0.0057964427,-0.004079335174107308,0.0006134650789418,0.0030983484,-0.0024848833095065578
standard_NN,10,350,3,566,13.697276776233696,14.810122,-1.1128447600211864,54.78910710493478,59.239742,-4.450635174117956,123.27549098610324,131.20168,-7.9261844289358265,219.15642841973911,237.39142,-18.234990037292135,0.0006797051109233,0.0014938541,-0.0008141489880300067,0.0004295262992644,0.00095165503,-0.0005221287351771009
standard_NN,10,350,3,567,5.359517553966195,5.866154,-0.5066366399119788,21.43807021586478,22.207035,-0.7689648488324856,48.23565798569576,49.810047,-1.5743891639624437,85.75228086345912,91.254524,-5.502243367497911,0.0004521219025847,-0.0005977549,0.0010498768033940773,0.0001777737090027,-2.7871479e-06,0.00018056085688052519
standard_NN,10,350,3,568,1.4483506050395227,0.346793,1.1015576091098047,5.793402420158091,1.1534111,4.639991270179453,13.035155445355706,4.559283,8.475872665662102,23.173609680632364,8.530744,14.642866081694375,0.009147537929804,0.006960326,0.002187212055415782,0.0047017824258236,0.0033309136,0.0013708688206551384
standard_NN,10,350,3,569,6.36154406679816,6.248577,0.11296694887823833,25.44617626719264,25.162333,0.28384373240260174,57.25389660118345,54.247013,3.0068835091424333,101.78470506877056,102.191734,-0.4070292451942805,0.0023801532957313,0.0004866813,0.0018934719997068285,0.0010345501866013,-4.2394666e-05,0.0010769448523987738
standard_NN,10,350,3,570,10.12347574386519,9.298121,0.8253542915336478,40.49390297546076,37.58341,2.9104946197478725,91.11128169478673,82.55949,8.55179530562657,161.97561190184305,149.01352,12.962092614733677,0.0015625324948718,0.0033474257,-0.0017848932267139506,0.0008007763834067,0.0015403735,-0.000739597161733328
standard_NN,10,350,3,571,7.752086959363663,6.5949516,1.1571353297249916,31.008347837454654,27.678562,3.329785673148013,69.76878263427298,61.0177,8.75108243896048,124.0333913498186,106.49045,17.542943351771726,0.000709979928578,0.0014615232,-0.0007515433071975304,0.00025387002429,0.0009875611,-0.0007336910460702434
standard_NN,10,350,3,572,4.985360398839296,5.472592,-0.48723147814434675,19.941441595357183,19.52764,0.41380220631909737,44.86824358955367,46.850204,-1.9819608782197662,79.76576638142873,82.61211,-2.8463399418134543,0.0037205840434205,0.0015098458,0.002210738204538471,0.001868213687736,0.00059389306,0.0012743206323975874
standard_NN,10,350,3,573,9.527125882380249,9.174132,0.3529935352733151,38.108503529521,37.37116,0.7373449296674863,85.74413294142224,81.03748,4.706649726090205,152.43401411808398,145.85588,6.578133380779292,0.0005730253851191,0.0011208254,-0.000547800029426734,0.0002884761355592,0.0007279802,-0.00043950408745947603
standard_NN,10,350,3,574,34.553400283402674,32.730717,1.822683578080408,138.2136011336107,133.17511,5.038491270329445,310.9806025506241,300.46704,10.513561534999099,552.8544045344428,540.55884,12.295566643817779,1.6742735984999097e-06,-0.0029573664,0.002959040680516072,5.288688107036667e-07,-0.0010771713,0.0010777001674859427
standard_NN,10,350,3,575,7.0233569327298895,7.691012,-0.6676549729402765,28.09342773091956,29.957657,-1.864229129432001,63.210212394569005,67.17359,-3.963379219200526,112.37371092367825,121.267845,-8.894134230130348,0.0020796280878563,-0.0010838391,0.0031634671905044986,0.0010588304905731,-0.0005166621,0.0015754925736736274
standard_NN,10,350,3,576,13.49606438032764,14.645309,-1.1492450679145474,53.98425752131056,58.18521,-4.200953660330065,121.46457942294876,130.52246,-9.05788151455124,215.93703008524224,229.84189,-13.904858342492133,0.0003048425813766,0.00054096297,-0.00023612038524804737,0.0001569517813417,0.00017831179,-2.1360010045686612e-05
standard_NN,10,350,3,577,1.8564341224853305,1.8657621,-0.009327992039510846,7.425736489941322,5.549625,1.8761115700499644,16.707907102367976,13.260714,3.447193525097468,29.702945959765287,23.309294,6.393652212817045,0.0459055224335483,0.09328898,-0.047383457990855846,0.0209432920822026,0.048088294,-0.027145001440393758
standard_NN,10,350,3,578,2.4975767778021187,3.108546,-0.6109692407983451,9.990307111208477,10.54185,-0.5515429788183788,22.47819100021907,23.80274,-1.3245490968268285,39.9612284448339,48.7849,-8.823672220449303,0.00822991013197,0.0058903126,0.0023395975273638476,0.0037323099098699,0.0032084186,0.0005238913002954628
standard_NN,10,350,3,579,16.539000031070547,14.445445,2.0935549703405663,66.15600012428219,58.650803,7.505197511977499,148.85100027963497,127.04715,21.80385062143185,264.62400049712875,230.29114,34.33286280181625,0.0001570167338365,0.002145423,-0.001988406354386242,8.396408678671484e-05,0.0011880351,-0.001104071036263498
standard_NN,10,350,3,580,2.128170833272856,0.87914735,1.2490234824847395,8.512683333091424,4.193809,4.318874300651238,19.15353749945571,11.926279,7.227258431462545,34.050733332365695,20.620733,13.430000071257297,0.0120904165358701,0.016786978,-0.004696561112864947,0.0070706817304676,0.008455171,-0.0013844895193392808
standard_NN,10,350,3,581,12.17077724408992,11.277392,0.8933848566997824,48.68310897635968,44.328915,4.354194334025692,109.53699519680926,102.558784,6.978210711945977,194.7324359054387,182.0932,12.639235221844956,0.0001616800612916,-0.0024985466,0.002660226676534558,7.852164078703322e-05,-0.0009546151,0.0010331367676166276
standard_NN,10,350,3,582,5.4505685841636895,4.959398,0.4911707913475274,21.80227433665476,20.223713,1.5785614155121834,49.05511725747321,42.48138,6.573736794826729,87.20909734661903,81.082344,6.126753291443251,0.00328521030838,0.0055495603,-0.00226434999262584,0.0016049914942361,0.0027294867,-0.0011244951798342583
standard_NN,10,350,3,583,26.67622754860419,24.502554,2.1736736087848527,106.70491019441675,98.85937,7.845542823811286,240.08604793743768,221.03043,19.05562191204706,426.819640777667,401.16672,25.652923248370143,7.914309213854606e-05,0.0013526637,-0.001273520641857905,2.472465679163253e-05,0.0009748212,-0.0009500965610321411
standard_NN,10,350,3,584,13.549778269986197,13.067408,0.48237066195397027,54.19911307994478,54.786297,-0.5871837645376417,121.94800442987578,117.87264,4.075361912785937,216.79645231977912,217.62921,-0.8327591060021291,0.0001085191313336,0.00048208243,-0.0003735632938174203,4.065335910671977e-05,-0.00022036715,0.0002610205056462216
standard_NN,10,350,3,585,6.604588979554742,6.8408203,-0.2362313329452581,26.418355918218968,27.761457,-1.3431015250183371,59.44130081599268,60.740166,-1.2988648944565355,105.67342367287588,116.996155,-11.322731112280366,0.0005645443785187,-0.0018217562,0.0023863006250184173,0.0002284012909732,-0.0011880127,0.0014164139458663003
standard_NN,10,350,3,586,5.416172876012137,6.1507597,-0.7345868209483122,21.664691504048548,22.625135,-0.9604439177043815,48.74555588410923,51.797516,-3.051959985031395,86.65876601619419,95.35294,-8.694177404215964,0.005169393147522,0.00031761132,0.004851781823386786,0.0024191604525835,0.00013427257,0.0022848878789513117
standard_NN,10,350,3,587,4.477485625660652,4.049579,0.42790648213648197,17.909942502642608,16.62518,1.2847632118711232,40.29737063094587,35.185383,5.1119877879282924,71.63977001057043,67.128296,4.51147411213293,0.0066510961375192,0.009261933,-0.002610837017838638,0.0033424301028246,0.00482807,-0.0014856397219007896
standard_NN,10,350,3,588,34.698184689110526,30.248919,4.449266155785331,138.7927387564421,120.15722,18.635519823336637,312.2836622019948,271.57227,40.71139657699479,555.1709550257684,484.96716,70.20379193983092,5.83731373086809e-05,4.8910795e-05,9.46234215067279e-06,2.6826697242979133e-05,0.00039487804,-0.0003680513386339208
standard_NN,10,350,3,589,28.49264475552102,21.509487,6.983157603421411,113.97057902208408,84.04182,29.9287623106583,256.4338027996892,186.6196,69.81420441101733,455.8823160883363,349.76456,106.1177592035707,1.0566135803226142e-05,0.00068429305,-0.0006737269093934561,5.895844310104878e-06,0.00046482385,-0.00045892800938007234
standard_NN,10,350,3,590,11.90980934739788,10.932578,0.977231260544853,47.63923738959152,45.39585,2.243386254337615,107.18828412658092,99.617775,7.5705091632020185,190.55694955836609,179.77635,10.780597629655148,0.0057234491396555,0.0016127486,0.004110700538181632,0.0032909052372724,0.0008386602,0.0024522450096719148
standard_NN,10,350,3,591,8.000472556710196,8.10623,-0.10575722539429577,32.001890226840786,32.63478,-0.6328906569482768,72.00425301039176,72.97447,-0.9702190355066733,128.00756090736314,129.88654,-1.8789747371681074,0.000874064107268,0.0012835321,-0.0004094680176760313,0.0003408139368077,0.00044720556,-0.00010639162207718887
standard_NN,10,350,3,592,15.288837851303732,14.989781,0.2990564716040254,61.15535140521493,62.35584,-1.200487370419836,137.5995406617336,135.83487,1.764671276967988,244.6214056208597,249.32602,-4.704613666249685,0.0001421702250394,0.0009940128,-0.000851842582456492,7.620768391996814e-05,0.00081841886,-0.0007422111788438241
standard_NN,10,350,3,593,21.13636478930044,21.962873,-0.8265086695618642,84.54545915720176,88.86776,-4.322300547388082,190.227283103704,198.58887,-8.361584083796004,338.18183662880705,354.1256,-15.943773722755452,0.0005502402095093,0.0016840777,-0.0011338374566317927,0.0002377520944321,0.00083530304,-0.00059755094811754
standard_NN,10,350,3,594,15.76693750830694,16.775417,-1.0084798195739193,63.06775003322776,66.100044,-3.032294217260521,141.90243757476247,150.65749,-8.75504838715159,252.27100013291104,264.942,-12.670985951073334,0.0006043833184623,-0.00036419736,0.0009685806783483205,0.0002997533109775,-0.00044814748,0.0007479007862312906
standard_NN,10,350,3,595,6.864901543003248,6.382016,0.4828853610574475,27.459606172013,25.803932,1.655673982071594,61.78411388702924,55.048363,6.735751155095649,109.83842468805196,102.647064,7.191360479067583,0.0006943385963468,0.0023430837,-0.00164874513548332,0.000272916315901,0.0009824262,-0.0007095099074441009
standard_NN,10,350,3,596,2.6116570275003883,3.0878937,-0.47623669694114,10.446628110001551,11.804336,-1.3577074841756946,23.50491324750349,28.167814,-4.6629010072572505,41.78651244000621,46.014874,-4.228361064632459,0.0170165050798208,0.050753944,-0.03373743854229147,0.0071475443854976,0.026099721,-0.018952176584298583
standard_NN,10,350,3,597,12.154760611215757,12.87658,-0.7218196271265285,48.61904244486303,53.75363,-5.134589146933848,109.39284550094185,117.25341,-7.860564838413623,194.4761697794521,209.22873,-14.752559468594768,0.0001166573402714,0.000824201,-0.0007075436386968925,3.987617676121781e-05,0.00031725416,-0.00027737798516663125
standard_NN,10,350,3,598,2.35059653341914,2.128113,0.22248350203181078,9.40238613367656,10.754607,-1.352221066945999,21.155368800772266,24.37903,-3.2236614268888673,37.60954453470624,39.389828,-1.7802831935652463,0.0459524064168384,0.03177883,0.01417357538193964,0.0252962444285374,0.01647573,0.008820514784238846
standard_NN,10,350,3,599,5.617212418489019,5.846046,-0.22883355242772918,22.468849673956075,22.66214,-0.19329021862204954,50.55491176640117,48.79516,1.7597533801707002,89.8753986958243,90.4847,-0.6093043681405419,0.0028338457052998,0.004516752,-0.0016829062657960003,0.0013990617168725,0.0024056886,-0.0010066269154071345
standard_NN,10,350,3,600,7.09254511445024,7.0611377,0.03140743821122616,28.37018045780096,27.42707,0.9431098401251781,63.83290603005217,62.367744,1.4651615842513905,113.48072183120384,110.2608,3.2199186085475873,0.0022943129150665,0.0009196583,0.0013746546318291323,0.0010343863981899,0.00032825914,0.0007061272630591072
standard_NN,10,350,3,601,9.78927589389658,10.007459,-0.21818279293203346,39.15710357558632,41.916912,-2.7598085032711026,88.10348304506923,94.41615,-6.312669909032337,156.62841430234528,163.7804,-7.151981205467223,0.0007124828426246,0.0060320245,-0.005319541667580192,0.000382420999332,0.0031278837,-0.002745462654755782
standard_NN,10,350,3,602,6.362749009224957,6.4363365,-0.07358750810902759,25.450996036899827,26.578945,-1.1279491230122822,57.26474108302462,58.15296,-0.888220647932414,101.80398414759932,103.71837,-1.9143843826741147,0.0007349185487175,-0.0004946072,0.0012295257490979148,0.0002913044816152,1.4427419e-05,0.00027687706256908536
standard_NN,10,350,3,603,15.498490406629491,14.383999,1.114491535779882,61.99396162651797,56.653755,5.340206438529691,139.48641365966543,126.55772,12.928697290036524,247.9758465060719,229.2433,18.732545114470327,0.0001793387691547,-0.0008599646,0.0010393033498954797,0.0001090993858915,-0.00084169366,0.0009507930475328296
standard_NN,10,350,3,604,21.199336268021213,22.217009,-1.0176723226770292,84.79734507208485,89.549446,-4.752101033872179,190.79402641219093,201.85081,-11.056788407145007,339.1893802883394,358.1881,-18.998730063223093,4.61723563287987e-05,-0.00076666655,0.000812838904189749,1.871842600853603e-05,-3.292265e-05,5.164107556088317e-05
standard_NN,10,350,3,605,1.7621372684560792,0.7030485,1.059088741215326,7.048549073824317,6.1293693,0.9191798149437016,15.859235416104712,11.950106,3.9091297489904537,28.194196295297267,15.414014,12.780182432687404,0.0604082119985348,0.06485633,-0.004448116071628927,0.0303357724565455,0.033579953,-0.0032441805583051167
standard_NN,10,350,3,606,2.1929501137921115,2.5990407,-0.4060906328967313,8.771800455168446,9.299029,-0.5272288951123159,19.736551024129003,21.548643,-1.812092088053614,35.08720182067378,43.713375,-8.626173270878951,0.0411045634797124,0.056579225,-0.015474661285588352,0.0214934233558796,0.029035533,-0.007542109491167251
standard_NN,10,350,3,607,3.696186480962634,3.3886335,0.3075529913538695,14.784745923850537,13.698514,1.0862319391703608,33.26567832866371,31.139318,2.1263598624771873,59.13898369540215,54.31074,4.828242270841606,0.0309155169964484,0.02595468,0.0049608364791325354,0.0158140868883782,0.013551486,0.002262601163631018
standard_NN,10,350,3,608,19.01869613914811,21.72017,-2.701472928234704,76.07478455659243,85.53264,-9.457853993212254,171.16826525233296,188.882,-17.71373853184673,304.29913822636973,349.13052,-44.83138545527089,0.000110915758696,0.00023367075,-0.00012275499612783369,6.113392213999391e-05,-0.0001347169,0.00019585082395176502
standard_NN,10,350,3,609,10.05306698971414,9.915798,0.13726880245828,40.212267958856565,40.201984,0.01028355333898645,90.47760290742728,89.38098,1.0966214621147827,160.84907183542626,156.2273,4.621776913551258,0.0002091508381211,0.0015028833,-0.0012937324331931037,7.272606980302852e-05,0.0007002899,-0.0006275638375965364
standard_NN,10,350,3,610,8.475244179593128,8.020606,0.4546381386385381,33.90097671837251,33.31405,0.586927951282668,76.27719761633814,77.46302,-1.1858227083688888,135.60390687349005,128.9125,6.691400769974422,0.0002088280455074,-0.0009367959,0.0011456239446862328,0.0001024393820815,-0.00029514515,0.0003975845281645867
standard_NN,10,350,3,611,8.375622487777678,8.490604,-0.11498191285708792,33.50248995111071,35.689003,-2.1865130396119454,75.3806023899991,80.007385,-4.626782863907152,134.00995980444284,139.69705,-5.687092197510282,0.0003294298451521,0.0045778966,-0.0042484667125962175,0.0001413028334386,0.0023382308,-0.0021969280092858424
standard_NN,10,350,3,612,4.232825910570765,4.446456,-0.21363004493460647,16.93130364228306,17.93335,-1.0020459670919415,38.09543319513688,40.260864,-2.165431062675623,67.72521456913223,71.62752,-3.9023031310630785,0.0021552985611128,0.007072326,-0.0049170272347761005,0.0011919845850876,0.0036648596,-0.0024728749854752395
standard_NN,10,350,3,613,2.584159058928916,2.7469466,-0.16278751432853023,10.336636235715664,11.268422,-0.9317858910543553,23.257431530360243,23.70883,-0.45139834940049894,41.34654494286266,44.227848,-2.8813031101158586,0.0016069605226823,0.0029768082,-0.0013698477086416575,0.0007829541140688,0.0014377089,-0.0006547547378125253
standard_NN,10,350,3,614,14.274381044790012,14.064929,0.20945203630612497,57.09752417916005,56.582233,0.5152907502049686,128.46942940311013,126.48467,1.9847568567234077,228.3900967166402,229.87941,-1.4893130733988755,0.0008800070994667,0.0026694648,-0.00178945769731484,0.0004470628075007,0.0014831878,-0.0010361249704208574
standard_NN,10,350,3,615,4.913793455405847,5.2036796,-0.2898861062091429,19.65517382162339,20.53492,-0.8797459171461419,44.22414109865263,45.235104,-1.010962508525104,78.62069528649356,85.15135,-6.53065664221738,0.0004682081639075,0.001510576,-0.0010423678318730277,0.0002492424095958,0.00038606167,-0.00013681926112850255
standard_NN,10,350,3,616,3.863432838065908,4.086239,-0.22280602301807617,15.453731352263633,17.21517,-1.7614385543525781,34.77089554259317,38.023895,-3.2529997210787016,61.81492540905453,68.75124,-6.9363181822540625,0.0020507677230754,0.0033564456,-0.0013056778576455014,0.0010340448212808,0.0015752793,-0.0005412344611251726
standard_NN,10,350,3,617,17.51697822512977,19.38997,-1.8729925542891763,70.06791290051908,79.594246,-9.526333010125455,157.65280402616796,177.75737,-20.10456596894923,280.2716516020763,315.008,-34.736344003392446,3.980656474743464e-05,0.0018406716,-0.0018008650760733666,1.3087508041205186e-05,0.0012771727,-0.001264085197117386
standard_NN,10,350,3,618,8.298270203898571,8.147656,0.15061376316370811,33.193080815594286,31.825426,1.3676547139097153,74.68443183508714,72.22513,2.459303661259014,132.77232326237714,128.86626,3.906066548509955,0.0041491113549129,0.003287056,0.0008620553595975865,0.0020808227684124,0.0015551576,0.0005256651758922823
standard_NN,10,350,3,619,14.37726907483595,14.527698,-0.15042848833543587,57.5090762993438,58.330906,-0.8218296149628372,129.39542167352357,128.81819,0.5772301452032593,230.0363051973752,236.52277,-6.4864609159060365,0.0002022981043054,0.000638004,-0.0004357058806264564,0.000101409513863,0.00026410498,-0.0001626954657154056
standard_NN,10,350,3,620,26.02972392909168,24.025658,2.004066275283087,104.1188957163667,96.94349,7.175406641659663,234.26751536182505,215.42198,18.84553355030161,416.4755828654668,391.14108,25.3345001017949,6.089125792279704e-05,0.0022335583,-0.0021726670764873933,1.9500658281493504e-05,0.0012787017,-0.0012592010457139727
standard_NN,10,350,3,621,5.182720431259041,5.7456536,-0.5629331980439378,20.730881725036163,22.581999,-1.8511171000370794,46.64448388133137,49.73768,-3.0931946465006632,82.92352690014465,88.69837,-5.77484498706238,0.0012562470414028,0.0007457245,0.000510522562200619,0.0004694705770626,0.00019548002,0.000273990552504108
standard_NN,10,350,3,622,21.90072520771264,21.668545,0.23218043842553016,87.60290083085056,86.66537,0.9375337043857144,197.10652686941376,195.79413,1.3123984514450058,350.41160332340223,350.8651,-0.4535089812852675,0.0001427783976786,0.0017379957,-0.0015952172575972813,4.431260169404941e-05,0.0010180662,-0.0009737535903517584
standard_NN,10,350,3,623,5.566863139867586,5.380787,0.1860762441156325,22.267452559470343,20.538773,1.72867997646253,50.10176825880827,46.232464,3.869304422138349,89.06981023788137,81.527824,7.541985836025901,0.0022796039345103,0.0026132688,-0.0003336648581189418,0.0011699530671123,0.0014922089,-0.0003222558505129485
standard_NN,10,350,3,624,25.124582588166028,24.180414,0.9441683883369265,100.49833035266413,97.43594,3.0623867491485015,226.12124329349425,219.23495,6.886288459509871,401.9933214106565,389.73322,12.260106078625256,0.0002116130971312,0.00060635066,-0.0003947375617959128,9.42670106243322e-05,0.00038092333,-0.0002866563206251731
standard_NN,10,350,3,625,7.815482447706329,6.9876485,0.8278339606152647,31.26192979082532,29.135698,2.126231472343875,70.33934202935697,65.54005,4.799295337462439,125.04771916330128,111.73795,13.309765977266125,0.0001640542338996,0.0005483069,-0.00038425267688717773,8.013038698422108e-05,0.00039678003,-0.00031664964242068735
standard_NN,10,350,3,626,6.881997965291877,7.45412,-0.5721221938572931,27.527991861167507,31.448553,-3.9205612241596413,61.9379816876269,68.1122,-6.174216188349661,110.11196744467004,124.00669,-13.894723534333863,0.0001573093810094,-5.9503534e-05,0.00021681291543980513,5.586908623458982e-05,0.00045001163,-0.0003941425475676155
standard_NN,10,350,3,627,10.533647717262616,11.278852,-0.745204745505939,42.13459086905046,45.891483,-3.7568924378343027,94.80282945536356,101.42403,-6.621197033894248,168.53836347620185,179.3155,-10.77714250524346,0.0004947319317319,0.0015231153,-0.0010283833911932504,0.0001841599015565,0.000624884,-0.00044072407660546083
standard_NN,10,350,3,628,2.8672944865656835,2.2601159,0.6071786246729833,11.469177946262734,7.823215,3.6459629384807517,25.80565037909115,20.791365,5.014285709291347,45.87671178505094,35.1655,10.711211144181796,0.0095578279695151,0.0128723765,-0.0033145485096933696,0.0048708410996247,0.006765832,-0.00189499109357112
standard_NN,10,350,3,629,8.192876656355208,7.8313193,0.3615573242324057,32.771506625420834,32.53233,0.23917706609466194,73.73588990719689,71.66114,2.074749465302361,131.08602650168334,127.81927,3.2667592287341165,0.0011064599518362,0.0024017342,-0.001295274284791617,0.000417532126353,0.0011296703,-0.0007121381750992791
standard_NN,10,350,3,630,3.6626206598043183,2.9746177,0.6880029401540497,14.650482639217271,12.3843565,2.2661261404990096,32.963585938238865,26.528814,6.434771622442966,58.60193055686909,51.835735,6.766195235824171,0.0015509126601031,0.0025369143,-0.000986001651246292,0.0007042411265603,0.0014351781,-0.0007309369726398295
standard_NN,10,350,3,631,3.6156948522430192,3.794668,-0.1789731069702376,14.462779408972075,15.284818,-0.8220382866456006,32.541253670187174,32.33819,0.20306549880045566,57.85111763588831,61.169796,-3.3186783541019267,0.0011457380728704,0.002782687,-0.0016369490062910056,0.0006656865392855,0.0015627836,-0.0008970970717215348
standard_NN,10,350,3,632,3.178134187154344,3.272392,-0.09425784737629561,12.712536748617376,13.3030405,-0.5905037558381903,28.603207684389098,29.635706,-1.032498263486879,50.85014699446951,56.095425,-5.245277657630098,0.0563825542148672,0.030376825,0.02600572873321399,0.02854838595282,0.016636018,0.011912368242849525
standard_NN,10,350,3,633,4.467488055743761,4.1240196,0.3434684329410267,17.869952222975044,15.477559,2.3923931333143997,40.207392501693846,33.9138,6.293593215805174,71.47980889190018,63.6962,7.783607567437286,0.0174239169501222,0.0065101245,0.010913792408303105,0.0092993935345821,0.0031789811,0.006120412401776753
standard_NN,10,350,3,634,9.192614958204388,9.409241,-0.21662576445186232,36.77045983281755,37.15243,-0.38197165521955867,82.7335346238395,86.75311,-4.019578169129247,147.0818393312702,150.14319,-3.061349145292297,0.000255568717009,0.0018912466,-0.0016356779305650075,0.000143165567791,0.00086900644,-0.0007258408745807559
standard_NN,10,350,3,635,16.129761688759118,17.336481,-1.206719405601234,64.51904675503647,69.74006,-5.221012143889311,145.16785519883206,156.8544,-11.686545435933567,258.0761870201459,278.23392,-20.157730216182244,0.0002407331780976,0.0010810966,-0.0008403634123989997,7.783098547888727e-05,0.00032649707,-0.0002486660873407331
standard_NN,10,350,3,636,23.865177235575445,23.209377,0.6557999467570852,95.46070894230178,95.17379,0.28691896427443453,214.786595120179,212.25008,2.5365188262336744,381.8428357692071,376.46762,5.375214919597738,8.425668579248755e-05,0.0018900837,-0.001805826972716469,2.5867086226292407e-05,0.00079615536,-0.0007702882775606732
standard_NN,10,350,3,637,2.0343216301602407,1.7429236,0.2913980127972646,8.137286520640963,5.0068965,3.130390024821871,18.308894671442168,18.46607,-0.15717550372873035,32.54914608256385,28.059477,4.489669230146859,0.0426043886797278,0.017831123,0.02477326617704321,0.0210395943162012,0.008642369,0.012397225366251458
standard_NN,10,350,3,638,4.720633632170582,4.8009624,-0.08032881594953523,18.882534528682328,17.017733,1.86480190844307,42.48570268953524,40.9923,1.4934045633145345,75.53013811472931,77.71696,-2.186818977555845,0.0298015066342412,0.007999092,0.02180241429377184,0.0150528016340909,0.0044208597,0.010631941894906521
standard_NN,10,350,3,639,1.5183265889827338,0.970105,0.5482215965930548,6.073306355930935,6.099756,-0.02644940807663332,13.664939300844605,8.505182,5.159757034609253,24.29322542372374,22.714712,1.5785132807794042,0.0020291467781887,0.010399708,-0.008370560814835077,0.0011257707070395,0.0059632473,-0.004837476562352514
standard_NN,10,350,3,640,8.12194056711412,6.479938,1.6420025368711997,32.48776226845648,28.422756,4.065006073388119,73.09746510402708,62.88424,10.213225907249736,129.9510490738259,107.23094,22.720107301364976,0.000517197572938,0.0005501174,-3.2919828933830175e-05,0.000268858800282,0.00074558734,-0.000476728541671069
standard_NN,10,350,3,641,2.4128960423994736,2.516814,-0.10391795105450585,9.651584169597896,10.385291,-0.7337069299504435,21.716064381595263,24.519907,-2.803842616085401,38.60633667839158,38.55106,0.05527695549118761,0.0867504660468966,0.034355175,0.05239529129680695,0.0448129175148035,0.017557422,0.0272554958156372
standard_NN,10,350,3,642,11.15321599271592,11.21054,-0.057323825094139025,44.612863970863685,48.065506,-3.452642010581627,100.3789439344433,104.15135,-3.7724079942676383,178.45145588345474,185.75558,-7.3041288333421335,0.0003411249764322,0.00089593703,-0.0005548120551684243,0.0001687008470671,0.00052349136,-0.000354790508057761
standard_NN,10,350,3,643,5.13495165490518,5.790515,-0.6555632910787068,20.53980661962072,23.501501,-2.961694463753304,46.21456489414661,54.317417,-8.102852250628779,82.15922647848288,93.33796,-11.178732811067903,0.0036905627747553,0.0005157856,0.0031747771826128074,0.0015533924164542,0.00018648717,0.001366905242676195
standard_NN,10,350,3,644,6.081408260952425,6.480559,-0.3991506112704757,24.3256330438097,25.73552,-1.4098863653699887,54.73267434857182,54.93407,-0.20139623858638345,97.3025321752388,98.80767,-1.5051384180229235,0.0014189368684623,2.5156482e-05,0.0013937803868924344,0.000722385353239,-5.575123e-05,0.0007781365817403217
standard_NN,10,350,3,645,12.933711094847313,11.594781,1.3389301729112777,51.73484437938925,46.76919,4.965652637445892,116.40339985362584,104.86249,11.540912060657092,206.939377517557,182.12614,24.813233108377318,6.751284386107974e-05,0.0004698714,-0.0004023585453528697,3.34150835811097e-05,0.00030359143,-0.0002701763433464866
standard_NN,10,350,3,646,7.50022014315233,7.4691076,0.03111251528367731,30.00088057260932,31.791515,-1.7906347777324783,67.50198128837097,70.82181,-3.3198265729571546,120.00352229043727,123.15935,-3.155825243742413,0.0008920367728977,0.005449815,-0.004557778414705536,0.0003994151953752,0.0025904782,-0.0021910629696999828
standard_NN,10,350,3,647,14.063130911971449,12.783476,1.2796550361169565,56.25252364788579,50.94218,5.310343014340866,126.56817820774302,116.4882,10.07998088108286,225.01009459154315,205.295,19.71509642259784,5.089733540762051e-05,-0.0020096647,0.0020605619975899514,3.016577804491623e-05,-0.000638175,0.0006683407770845364
standard_NN,10,350,3,648,10.195426598502614,13.262053,-3.066625937508128,40.781706394010456,53.66114,-12.879434047884075,91.75883938652352,119.89835,-28.139514190136637,163.12682557604182,212.21188,-49.08505796888005,0.0009687820744101,0.005346606,-0.004377823945474248,0.0004007899267047,0.0026228616,-0.002222071721273725
standard_NN,10,350,3,649,5.82540094927879,5.6334906,0.1919103868398251,23.30160379711516,23.012371,0.28923273388273785,52.42860854350912,49.240456,3.1881529160677147,93.20641518846064,92.43047,0.7759418608239201,0.0003048100246069,0.0016187812,-0.0013139712188440396,0.0001095481952996,0.0012263473,-0.0011167990937485353
standard_NN,10,350,3,650,9.069476242050948,9.20173,-0.1322535324241496,36.27790496820379,36.26794,0.009964446963557805,81.62528617845855,81.797966,-0.1726798249594168,145.11161987281517,143.79388,1.3177355954714187,0.0006318373001868,0.00023924239,0.0003925949080603292,0.0002191042221406,2.524892e-05,0.00019385530134823548
standard_NN,10,350,3,651,7.3236403581884835,7.083578,0.24006224844727253,29.29456143275393,29.312878,-0.018316222275366556,65.91276322369634,65.82652,0.0862403965479075,117.17824573101574,114.143555,3.0346910435157355,0.0131132897151626,0.005951368,0.007161921930871094,0.007922502191362,0.003123164,0.004799338247251726
standard_NN,10,350,3,652,28.019534299667487,25.245708,2.7738258340913156,112.07813719866996,101.69983,10.378308097107464,252.17580869700743,230.4114,21.7644012263043,448.3125487946798,409.65683,38.655718960695424,4.203858666850339e-05,0.00015649671,-0.00011445812300981869,1.539817402109558e-05,0.00029945985,-0.00028406167313486285
standard_NN,10,350,3,653,2.9054598943859173,2.2650473,0.6404125826030804,11.62183957754367,8.804173,2.8176661080002123,26.14913904947326,22.853178,3.295961025181267,46.48735831017468,39.090237,7.397121646356318,0.0250886815022804,0.025905186,-0.0008165048081301002,0.013471137952556,0.013362687,0.00010845087145744392
standard_NN,10,350,3,654,30.48198540490122,26.618633,3.863352134637548,121.92794161960488,110.29948,11.628464996069724,274.337868644111,242.37572,31.962151481025046,487.7117664784195,437.3079,50.403874632716395,8.091626026923095e-05,0.00019772822,-0.00011681196243246759,2.4467510465911685e-05,-0.00021192797,0.00023639547749553538
standard_NN,10,350,3,655,4.180535591678468,3.5006726,0.6798630128668224,16.72214236671387,14.800635,1.9215070288842817,37.62482032510621,29.771246,7.853574368685308,66.88856946685549,64.187065,2.7015043423437675,0.0079138788314133,0.015291977,-0.007378097911033122,0.0036088217671149,0.008308961,-0.004700139289057948
standard_NN,10,350,3,656,2.8459250778091865,3.4946725,-0.6487474590407891,11.383700311236746,12.577464,-1.1937637924619846,25.61332570028268,32.581272,-6.967946424961461,45.53480124494698,53.33527,-7.800468683031532,0.0019146453996605,-5.107691e-07,0.0019151561687586276,0.0009957859482007,-0.00018196173,0.001177747680069496
standard_NN,10,350,3,657,12.093585365846211,12.624198,-0.5306125940536912,48.374341463384845,50.590683,-2.216341520013593,108.84226829261593,113.88259,-5.040322954942667,193.49736585353932,199.17705,-5.679681875952866,0.0038242167486573,0.0023552338,0.0014689829825187462,0.0023377799655489,0.0011184779,0.001219302065967706
standard_NN,10,350,3,658,5.548507226573595,5.74639,-0.19788263930164884,22.19402890629438,21.240248,0.9537811798539515,49.93656503916236,47.632526,2.304038641457282,88.77611562517752,85.44557,3.3305437257634622,0.0128673469630126,0.004744149,0.008123198149824524,0.0078307672790011,0.0023191434,0.005511623892443402
standard_NN,10,350,3,659,4.48583635922169,4.152898,0.33293852444385763,17.94334543688676,15.688386,2.2549594734468172,40.37252723299521,33.703022,6.669505229821382,71.77338174754703,65.58728,6.186101474109535,0.0069216773298782,0.018103218,-0.011181540376206053,0.0037892077264352,0.009565766,-0.005776558243020043
standard_NN,10,350,3,660,19.621653356334555,19.895947,-0.2742931463509919,78.48661342533822,79.2971,-0.8104828271031863,176.594880207011,179.15698,-2.5621022148640122,313.9464537013529,317.65463,-3.7081788670064952,0.0006094743697761,0.0014715345,-0.0008620601180152595,0.0003082410345756,0.00077876385,-0.0004705228114529962
standard_NN,10,350,3,661,6.356261662806186,6.3342886,0.02197306569925228,25.425046651224743,25.923811,-0.4987643076375612,57.20635496525567,59.406242,-2.1998874053497985,101.70018660489896,101.171974,0.5282124227700535,0.0015769146076875,0.005531932,-0.003955017619626019,0.0007382169631515,0.002726815,-0.00198859797928293
standard_NN,10,350,3,662,9.857927498260612,9.133554,0.7243730396424475,39.431709993042446,38.085224,1.346485841431118,88.7213474843455,84.6322,4.089145335908,157.72683997216978,146.6236,11.103243780763535,0.000403901003362,0.0017642156,-0.0013603146420183181,0.0002000883671649,0.0012965022,-0.0010964138216145137
standard_NN,10,350,3,663,10.800688119338824,10.4036045,0.39708361189253516,43.2027524773553,43.3551,-0.15234624700993749,97.2061930740494,95.82607,1.3801203811783012,172.8110099094212,165.08936,7.721654440671188,7.665670772349662e-05,0.00020491245,-0.00012825573731878572,4.299743147576528e-05,0.00017502329,-0.00013202585990065407
standard_NN,10,350,3,664,3.2067406290331624,2.633443,0.5732975118914387,12.82696251613265,11.928895,0.8980675194895831,28.860665661298462,24.748674,4.111991268598267,51.3078500645306,50.95055,0.3572999851848948,0.0114886187626553,0.020781701,-0.009293082668023067,0.0052722269864213,0.01087909,-0.005606863069402026
standard_NN,10,350,3,665,7.685009490931439,7.263223,0.42178631969730773,30.74003796372576,29.542553,1.1974850157277146,69.16508541838296,64.05481,5.110275848070458,122.96015185490305,118.69709,4.263061705977265,0.003111794005907,0.009138099,-0.006026304911994516,0.0015346654815641,0.0049623214,-0.0034276558892759727
standard_NN,10,350,3,666,6.649839545484384,6.3577123,0.29212727665503824,26.599358181937536,25.189655,1.4097028779824576,59.848555909359455,57.29789,2.5506661998867983,106.39743272775014,99.32726,7.070169849332174,0.00027288273706,0.0025160871,-0.002243204407553266,0.0001484048775096,0.001361591,-0.0012131861654411495
standard_NN,10,350,3,667,20.259055166403225,21.511894,-1.2528390596709933,81.03622066561289,86.19375,-5.157527808508206,182.33149649762905,190.70355,-8.372055748464703,324.14488266245155,344.16373,-20.018844144189075,0.000183847683228,0.00033272576,-0.0001488780749706487,9.874013242733613e-05,1.3137072e-05,8.56030608083512e-05
standard_NN,10,350,3,668,10.384970764530848,10.223014,0.1619568866621961,41.539883058123394,40.699535,0.8403476882503469,93.46473688077764,91.881775,1.582961978433886,166.15953223249358,159.99765,6.1618820860092,0.0005096330805458,0.0019553176,-0.0014456844856254886,0.0002793734957889,0.0012131949,-0.0009338214230298718
standard_NN,10,350,3,669,14.402921392831113,13.322791,1.0801302932827728,57.61168557132445,55.74326,1.8684261413928098,129.62629253548002,124.894005,4.732287713702675,230.4467422852978,215.93687,14.509867895649364,2.6297937067925755e-06,0.0006486886,-0.0006460587894623399,1.544166300548219e-06,0.00065945723,-0.0006579130669682194
standard_NN,10,350,3,670,3.089397072641674,2.7680008,0.3213962315009269,12.357588290566696,12.136029,0.22155904709745755,27.80457365377507,28.140745,-0.336171509188798,49.43035316226678,53.723507,-4.293153765223451,0.0225861083222681,0.013001423,0.009584684993153188,0.0100065258674201,0.0071372217,0.0028693041175481306
standard_NN,10,350,3,671,13.31308824583294,12.865406,0.44768220945598713,53.25235298333176,52.86725,0.38510444817551104,119.81779421249648,117.26966,2.548133262789449,213.00941193332704,210.74403,2.2653781198504817,0.0001383215476269,-0.00064821396,0.0007865355055289441,7.491211420131411e-05,0.00032364676,-0.0002487346458786956
standard_NN,10,350,3,672,10.136288125091276,9.963573,0.17271466928072954,40.54515250036511,39.30805,1.2371042520740971,91.22659312582152,88.04264,3.183952439786367,162.18061000146042,154.96896,7.211646378413548,0.0098680508769629,0.0031543954,0.0067136554959741825,0.0059322766478901,0.0016863538,0.004245922829376647
standard_NN,10,350,3,673,4.272450622437737,3.6261284,0.6463221873028493,17.089802489750948,14.421945,2.6678578715258503,38.452055601939634,33.252827,5.199228911265806,68.35920995900379,63.224674,5.134535734150276,0.0016459335209227,0.0042330152,-0.0025870817145907487,0.0009319653823905,0.0020613552,-0.001129389778158783
standard_NN,10,350,3,674,4.825251641624267,4.352871,0.47238070046215785,19.30100656649707,17.94404,1.3569662680351549,43.4272647746184,35.790836,7.636428440389885,77.20402626598828,70.67767,6.526352926144526,0.004396511333887,0.03361415,-0.029217639845903497,0.0016986784554819,0.018072927,-0.016374248915185557
standard_NN,10,350,3,675,2.489602111522406,2.3527267,0.13687541360065314,9.958408446089624,8.228335,1.730073065535425,22.406419003701657,22.443487,-0.03706816365674115,39.8336337843585,35.562366,4.271267298762794,0.0227942097159621,0.013535286,0.009258923416077782,0.0129807074536298,0.0067647337,0.006215973755410739
standard_NN,10,350,3,676,12.932085005531812,14.992779,-2.0606937725443597,51.72834002212725,61.42497,-9.696628697355173,116.3887650497863,137.96703,-21.578260707049637,206.913360088509,239.10107,-32.187714130241005,0.0029802844366943,0.0029174963,6.278818202666006e-05,0.001514562584493,0.001731094,-0.00021653138842837156
standard_NN,10,350,3,677,3.94144034173452,4.184718,-0.24327779028452312,15.76576136693808,16.123543,-0.35778141870645186,35.47296307561068,36.36516,-0.8921988201412745,63.06304546775232,71.417885,-8.354839358907839,0.0118297788424747,0.00855198,0.0032777984736816895,0.0061717146840856,0.0047429986,0.001428716054277174
standard_NN,10,350,3,678,3.295962389168515,4.1543307,-0.8583683412697174,13.18384955667406,14.56886,-1.3850104973420532,29.66366150251664,32.316765,-2.6531033290263295,52.73539822669624,66.60941,-13.874014920276416,0.0045119465684546,0.0008772952,0.003634651355168767,0.0026653304964548,0.00064621895,0.002019111547922904
standard_NN,10,350,3,679,12.715693045087615,13.35421,-0.6385168548147284,50.86277218035046,54.14623,-3.283456609932742,114.44123740578854,120.18347,-5.7422342738989585,203.45108872140185,209.84999,-6.398902123324717,0.0015762091114907,-6.958278e-05,0.00164579188812286,0.0008996610844266,-5.6275796e-05,0.0009559368803680739
standard_NN,10,350,3,680,7.111449407938019,7.579924,-0.46847469865988156,28.445797631752075,29.461231,-1.0154335999373778,64.00304467144217,65.24663,-1.243583136175019,113.7831905270083,121.1613,-7.378110132171386,0.0006080399770383,-0.0019071506,0.0025151905873883724,0.0002172950605688,-0.0011974884,0.0014147834569973254
standard_NN,10,350,3,681,2.3262943217981635,2.226247,0.1000472495783149,9.305177287192654,9.018222,0.2869554320290799,20.93664889618347,20.526949,0.40969996735046266,37.22070914877062,32.135265,5.08544379842882,0.0532272487559678,0.050658226,0.0025690227427842063,0.0253911774587157,0.026246842,-0.0008556645381924861
standard_NN,10,350,3,682,6.703332993137632,6.8898964,-0.18656339968463342,26.81333197255053,26.728283,0.08504904408373193,60.329996938238686,61.340096,-1.010098581780845,107.25332789020212,111.74384,-4.490515188411166,0.0028042050807864,0.0048036114,-0.001999406350484438,0.0016058745768471,0.0026701477,-0.0010642731122122767
standard_NN,10,350,3,683,3.4167048552873016,3.3824542,0.03425069841169126,13.666819421149206,12.631967,1.0348528302678588,30.75034369758572,30.951471,-0.20112763114963172,54.667277684596826,50.47739,4.189887395290185,0.0409495839954854,0.04198523,-0.001035644662237073,0.022333718135023,0.02162537,0.0007083483478068121
standard_NN,10,350,3,684,27.63327114374906,27.01388,0.6193913677480829,110.53308457499624,108.53521,1.997874919234519,248.6994402937416,246.27602,2.423424058390026,442.13233829998495,431.47104,10.661299481625576,7.354604022319072e-05,-0.0036877105,0.0037612565414767954,2.9946699326518685e-05,-0.0014223576,0.0014523043283798133
standard_NN,10,350,3,685,28.812030067706008,28.842234,-0.03020359013090612,115.24812027082405,113.819626,1.4284944163318585,259.3082706093541,252.55374,6.7545291542759855,460.9924810832961,459.05222,1.940265507124252,2.523627297373658e-05,0.00079852116,-0.000773284882983396,1.3056983533431842e-05,0.0005149544,-0.0005018974032112163
standard_NN,10,350,3,686,8.64887141254869,8.387726,0.2611455824705651,34.59548565019476,33.957527,0.637958489550229,77.83984271293822,75.2717,2.5681447148913463,138.38194260077904,132.50978,5.872161716989979,0.000815304589808,0.00051644404,0.0002988605526052543,0.0003279359671119,2.7731827e-05,0.00030020414033561063
standard_NN,10,350,3,687,22.79618739416724,20.907887,1.8883008890402877,91.18474957666896,83.68699,7.497760746102557,205.1656865475052,189.51466,15.65102285121614,364.7389983066759,339.32816,25.410842789097785,2.695011396215442e-05,0.0013964508,-0.0013695006822024179,1.363979494265097e-05,0.00079277885,-0.0007791390588500462
standard_NN,10,350,3,688,2.324084041233112,3.0423548,-0.7182707809257014,9.296336164932448,11.808167,-2.511831292648118,20.916756371098007,22.517351,-1.6005947794146884,37.18534465972979,43.176,-5.990654028014347,0.0182342589116,0.07344671,-0.055212454476366156,0.0093112983554116,0.03820957,-0.028898270353723457
standard_NN,10,350,3,689,2.4808285055534465,2.0843513,0.39647720436020917,9.923314022213786,8.856095,1.067218708187907,22.32745654998102,23.749243,-1.4217862326117547,39.69325608885514,34.99284,4.700416275622715,0.0985140488485558,0.022070283,0.07644376577834916,0.0443862936954511,0.011125762,0.03326053167986997
standard_NN,10,350,3,690,3.855013621688679,4.0184655,-0.16345189726273723,15.420054486754715,16.869753,-1.4496983971564177,34.69512259519811,36.975204,-2.2800818725753302,61.68021794701886,73.57049,-11.890270029055358,0.0959053116717678,0.014848298,0.0810570132785779,0.0510369381099283,0.00834955,0.04268738815330856
standard_NN,10,350,3,691,17.94961704808851,18.398727,-0.4491103689036784,71.79846819235404,72.95141,-1.1529401938764323,161.54655343279657,164.38501,-2.8384563328284287,287.19387276941615,292.79153,-5.597661654411979,0.0003485282831036,0.0014775806,-0.0011290523508421632,0.0001684275066225,0.00072928175,-0.0005608542396942012
standard_NN,10,350,3,692,5.634114891015761,5.356696,0.2774187621705462,22.536459564063044,22.223673,0.312786697241755,50.70703401914186,49.961536,0.7454976116711549,90.14583825625218,93.634735,-3.4888968511696987,0.0033260561291004,0.0028929168,0.00043313933982201203,0.001721058476955,0.0019959179,-0.0002748593983647194
standard_NN,10,350,3,693,8.298360489473515,7.140728,1.157632492647343,33.19344195789406,30.278925,2.9145170158774576,74.68524440526163,70.25435,4.430895650378815,132.77376783157624,120.18007,12.593698861849674,2.2866394499188017e-05,-0.00016528409,0.0001881504819149726,1.1330540445061387e-05,0.0003378066,-0.000326476048059402
standard_NN,10,350,3,694,5.792866871996669,6.1771345,-0.38426764185831175,23.171467487986675,23.528341,-0.35687380534828606,52.13580184797003,51.406635,0.729166563546201,92.6858699519467,97.256676,-4.570805768268144,0.0003201137451497,0.00053760695,-0.0002174932005773205,0.0001137790247182,0.00039731414,-0.0002835351181832504
standard_NN,10,350,3,695,19.13495466765149,21.400667,-2.2657125229002695,76.53981867060597,84.504944,-7.9651251770502824,172.21459200886343,191.26195,-19.047355622972503,306.15927468242387,338.24564,-32.086361303904255,0.0002944669230491,0.0011283491,-0.0008338821809157652,0.0001476533684983,0.000533874,-0.000386220603519018
standard_NN,10,350,3,696,40.39555485052529,35.53771,4.85784656805459,161.58221940210117,142.30692,19.27530411889805,363.5599936547276,317.32364,46.23635473871195,646.3288776084047,575.3941,70.93477360449845,9.441400375201815e-05,4.0491173e-05,5.3922830329821274e-05,4.579064833803763e-05,0.00057213294,-0.0005263422878751279
standard_NN,10,350,3,697,4.392348619938861,5.1723614,-0.7800127539625059,17.569394479755445,19.517357,-1.9479623928031486,39.53113757944976,41.544777,-2.013639337054144,70.27757791902178,78.8354,-8.557825523361032,0.0004764442167707,0.00025354006,0.00022290416047873236,0.0001797047693971,0.00024431694,-6.46121666078069e-05
standard_NN,10,350,3,698,4.2503758006177925,4.5377793,-0.28740353058948287,17.00150320247117,18.166857,-1.1653535632759002,38.253382205560136,43.75927,-5.5058875087953325,68.00601280988468,73.22589,-5.21987830339657,0.0008327195242109,0.0001833663,0.0006493532269323468,0.0003721672345139,-0.00014353676,0.0005157039939379233
standard_NN,10,350,3,699,8.264012232904452,7.76558,0.4984320555973234,33.05604893161781,32.12217,0.933879436988903,74.37611009614007,71.78293,2.593181629343192,132.22419572647124,128.15804,4.066160448150924,0.0002509588682984,-0.0012481803,0.001499139152463246,8.868421414837076e-05,-0.0007662456,0.0008549298042055948
standard_NN,10,350,3,700,8.07605471198222,8.454488,-0.3784330886159246,32.30421884792888,33.653904,-1.349685113252761,72.68449240783998,74.41194,-1.7274491204803297,129.21687539171552,134.43396,-5.217084569221981,0.0021613745269,0.00022544299,0.0019359315413616067,0.0011161830707037,-0.000102635175,0.001218818245402362
standard_NN,10,350,3,701,14.2229337089186,15.264334,-1.0414000160569863,56.8917348356744,59.837696,-2.9459612397650545,128.0064033802674,136.40544,-8.399037903912301,227.5669393426976,240.08278,-12.515839587966468,0.0004428414806659,0.0012754832,-0.000832641688927017,0.0001552675495042,0.00046471908,-0.00030945153039633295
standard_NN,10,350,3,702,6.929263104376097,7.1041155,-0.1748523817689227,27.717052417504387,29.207438,-1.4903850977544018,62.36336793938487,65.07467,-2.7113009448924714,110.86820967001756,119.53922,-8.671013047267593,0.002632910235679,0.0065319114,-0.0038990012007893626,0.0012153333447168,0.00336276,-0.0021474266030599943
standard_NN,10,350,3,703,16.97659418086485,18.034376,-1.057781963544329,67.9063767234594,73.432076,-5.525698777028879,152.78934762778366,165.40764,-12.618290922021032,271.6255068938376,291.03574,-19.410229190146765,0.0001349380679212,0.0027560047,-0.002621066619477472,5.308821386626992e-05,0.0016616285,-0.0016085402708596822
standard_NN,10,350,3,704,6.831497759354942,7.032092,-0.20059433506644453,27.32599103741977,27.261642,0.06434858136508126,61.48347983419448,62.165833,-0.6823526853367667,109.30396414967908,111.96835,-2.6643891218053,0.0071918077761791,0.002702794,0.004489013738419796,0.0031726863596985,0.0014085736,0.0017641127704108015
standard_NN,10,350,3,705,2.85935397342903,2.807196,0.05215807155830232,11.43741589371612,11.415629,0.021786506814263973,25.73418576086128,24.27403,1.4601550754364752,45.74966357486448,47.310352,-1.5606887505749754,0.0085457363139333,0.003570521,0.0049752152963967785,0.0041410458204205,0.0018684443,0.002272601558348056
standard_NN,10,350,3,706,2.4877669875267743,2.297148,0.190618998253703,9.951067950107095,8.940665,1.010402705050943,22.38990288774097,21.958044,0.4318588356169464,39.80427180042839,38.73306,1.071212870985029,0.0018842706390763,0.0013901485,0.0004941221027741508,0.0011450870024938,0.00057290756,0.0005721794387291981
standard_NN,10,350,3,707,2.451173278605219,2.6536462,-0.20247295209241267,9.804693114420877,11.027091,-1.2223979118852757,22.06055950744697,27.842962,-5.782402757567677,39.21877245768351,39.63831,-0.419537021076259,0.1549682266181138,0.039305493,0.11566273338252572,0.0712397021824571,0.020339472,0.05090022996310914
standard_NN,10,350,3,708,1.8701541496723308,2.1704829,-0.30032872424429513,7.480616598689323,7.143024,0.33759263094640346,16.831387347050978,18.913649,-2.082261258295702,29.922466394757294,26.54952,3.3729459022035826,0.0489463112801202,0.0386171,0.010329210713494602,0.0250917709334481,0.019393984,0.0056977867050755256
standard_NN,10,350,3,709,13.36517271273798,14.551692,-1.186519296234188,53.46069085095192,57.503853,-4.043161993286361,120.2865544146418,126.63422,-6.347661893951951,213.84276340380768,233.413,-19.570230980957945,0.0002961795766746,-0.0007984554,0.0010946349579749003,0.0001659880138245,-0.0008708387,0.00103682671694649
standard_NN,10,350,3,710,2.8675305533945794,2.614866,0.2526645350992913,11.470122213578318,8.986825,2.48329722425947,25.807774980551216,20.447432,5.360343416220161,45.88048885431327,43.71455,2.1659388360027236,0.030246708697937,0.0070404056,0.02320630305197047,0.0168075716938603,0.0037826502,0.013024921470858462
standard_NN,10,350,3,711,5.169604339436905,4.771172,0.39843229277552794,20.67841735774762,20.982574,-0.3041571051430054,46.52643905493215,44.94717,1.5792687973637882,82.71366943099048,83.60835,-0.8946832301423342,0.0009109147341291,0.0042475625,-0.0033366477599998424,0.0004792415002242,0.0024229134,-0.0019436719430729478
standard_NN,10,350,3,712,2.9445639806828345,3.1182425,-0.17367852152968988,11.778255922731338,12.2672415,-0.48898555523497045,26.50107582614552,27.968855,-1.4677790780292845,47.11302369092535,46.398296,0.7147273347241807,0.0090562749712983,0.059471462,-0.05041518695063201,0.0060744726513251,0.030831723,-0.024757249891318448
standard_NN,10,350,3,713,2.348835347275052,2.647784,-0.29894864739963056,9.395341389100208,9.723083,-0.3277411533192254,21.13951812547547,24.236414,-3.0968958302130076,37.58136555640083,42.129986,-4.548620252925339,0.0126314760013717,0.017400617,-0.0047691407785517385,0.0053633691619596,0.008556562,-0.0031931923825779442
standard_NN,10,350,3,714,3.06977565574086,3.4126017,-0.34282605362498453,12.27910262296344,12.588368,-0.30926579286907874,27.62798090166774,31.101068,-3.473087595036361,49.11641049185376,49.345722,-0.22931170663256495,0.0061619161821298,0.012995195,-0.006833278461606086,0.0036184813168752,0.0064645493,-0.0028460680234325126
standard_NN,10,350,3,715,4.988652898520612,5.4008474,-0.4121945364769468,19.954611594082447,21.096624,-1.1420127803072013,44.89787608668552,45.536327,-0.6384512753750258,79.81844637632979,82.325516,-2.507069370740524,0.0019618759175075,0.004082787,-0.002120910933123737,0.0007326411208186,0.0019018493,-0.0011692081686061175
standard_NN,10,350,3,716,3.17511829308196,2.6119463,0.5631719487063496,12.70047317232784,11.043824,1.6566489764660233,28.57606463773764,21.545069,7.0309958968929145,50.80189268931136,49.453754,1.3481382642625306,0.0027367120014591,0.008112121,-0.005375409371955893,0.0016983443826759,0.004383552,-0.0026852075054919584
standard_NN,10,350,3,717,5.785582401500091,5.4263096,0.35927281592880167,23.142329606000363,23.3382,-0.1958700094781527,52.07024161350081,54.114094,-2.043852167016766,92.56931842400144,96.05278,-3.48346172736575,0.0002742914990352,0.0010237867,-0.0007494952255098616,0.0001159216327758,0.0003995365,-0.00028361487861932656
standard_NN,10,350,3,718,3.8670430047944016,3.9182274,-0.051184429363923645,15.468172019177606,15.170215,0.2979573661624695,34.80338704314961,33.721596,1.0817912789894564,61.872688076710425,64.43411,-2.5614244721177,0.009454606510343,0.008981244,0.00047336280310337174,0.0036640627351547,0.0047066165,-0.001042553778276372
standard_NN,10,350,3,719,37.46793028688852,28.734728,8.733202427391447,149.87172114755407,118.319885,31.55183589364782,337.2113725819966,263.87408,73.33728810934036,599.4868845902163,469.9575,129.5293955765444,0.000118825692371,-0.0007089073,0.0008277330111381601,5.959415156976146e-05,-0.00023468483,0.00029427898571011437
standard_NN,10,350,3,720,4.6799548980400605,4.663521,0.016434085051779235,18.71981959216024,18.045553,0.6742663847627774,42.11959408236054,41.032402,1.0871920437863238,74.87927836864097,71.19263,3.6866514155159678,0.0020432057793048,0.0054834452,-0.0034402394664678,0.0008199053378851,0.0026330517,-0.0018131463760434803
standard_NN,10,350,3,721,6.3140088512631936,6.258516,0.055493016454843946,25.25603540505277,24.61699,0.6390462693105832,56.82607966136874,55.950893,0.8751862592691282,101.0241416202111,102.63566,-1.6115166439490594,0.0012380003656837,0.0007769359,0.00046106447303843044,0.0006181596136896,0.00042087637,0.00019728324248102162
standard_NN,10,350,3,722,6.962408835301998,6.9458623,0.016546542058589964,27.849635341208,26.026194,1.8234417224335857,62.66167951771798,62.63224,0.02943922230782192,111.39854136483196,112.874886,-1.4763441942500748,0.0026281286738265,0.0061512757,-0.0035231470354449308,0.0009297598434335,0.0032718256,-0.0023420657681578394
standard_NN,10,350,3,723,22.82328998045657,24.28123,-1.4579409460571036,91.29315992182627,95.260506,-3.967345754443258,205.4096098241092,213.779,-8.369397133898616,365.1726396873052,388.1326,-22.95995918964792,0.0001444960139757,0.00018089084,-3.639482789952531e-05,8.01241515667132e-05,-0.00033476407,0.00041488822563522966
standard_NN,10,350,3,724,4.719518620313517,5.3570933,-0.6375747138844812,18.878074481254068,20.241135,-1.36306016230062,42.47566758282164,44.31702,-1.8413528334381226,75.51229792501627,85.994804,-10.482506457307949,0.002887839066605,0.001893958,0.000993881106185643,0.0012213367887312,0.0007721186,0.000449218162103129
standard_NN,10,350,3,725,16.32848496436736,16.755405,-0.42692046165803177,65.31393985746944,67.81207,-2.4981328964368146,146.95636467930626,150.7153,-3.7589368343656133,261.25575942987774,270.66595,-9.410195159966008,0.0013477888086776,0.0006824262,0.0006653625995817346,0.0008858269544482,0.00033846736,0.0005473595925770469
standard_NN,10,350,3,726,19.795511033793485,18.622742,1.1727693345747348,79.18204413517394,75.275505,3.9065390692559703,178.15959930414138,170.0502,8.109397888125756,316.72817654069576,301.52536,15.202816433273881,0.000184434989813,0.00038664095,-0.00020220596355271335,0.0001185555623363,0.0005775309,-0.00045897531951933685
standard_NN,10,350,3,727,2.4344568642220232,2.4398963,-0.005439480916526573,9.737827456888091,10.308681,-0.5708530774747018,21.910111777998207,20.746847,1.163264625288246,38.95130982755237,43.544346,-4.593036028160519,0.0033726576939966,0.0030081114,0.00036454631395595443,0.0018438815273234,0.0017197693,0.00012411220407870902
standard_NN,10,350,3,728,7.776034232672879,8.201168,-0.4251338276298551,31.10413693069152,32.184814,-1.0806775224334793,69.9843080940559,70.86844,-0.8841306266472202,124.41654772276608,128.88348,-4.466936163952667,0.0011360476795986,0.00088965107,0.00024639660971534296,0.000635778640247,0.0007021726,-6.639393573715019e-05
standard_NN,10,350,3,729,15.088662328999805,15.3875065,-0.29884415598554703,60.35464931599922,62.76497,-2.4103195560710944,135.79796096099827,138.70576,-2.907803809509545,241.41859726399687,248.20706,-6.7884645035812525,0.0001975135823886,0.0008240641,-0.000626550492161224,0.0001183990386086,0.00017598255,-5.7583515019673305e-05
standard_NN,10,350,3,730,22.200328241148654,25.898226,-3.697897543153104,88.80131296459462,103.992294,-15.190981346928822,199.8029541703379,234.84749,-35.044534232982414,355.20525185837846,413.29007,-58.084817721699665,1.0200858923463462e-05,-0.0029311655,0.002941366367849378,3.175237763357828e-06,-0.0012034996,0.001206674855749739
standard_NN,10,350,3,731,11.826310812541507,11.982562,-0.15625125258300443,47.30524325016604,49.324715,-2.019471410478488,106.4367973128736,106.529686,-0.09288866124749973,189.2209730006641,193.06897,-3.847996725898412,0.0001878495524759,-0.00015288492,0.00034073447679454144,9.1178685943781e-05,-0.00012023298,0.00021141166635108978
standard_NN,10,350,3,732,4.258804167384981,3.4568965,0.8019076238821734,17.035216669539924,14.061633,2.9735835594935374,38.32923750646482,32.786186,5.5430512882031024,68.1408666781597,60.61101,7.529855173032743,0.0005938625076527,0.0028994558,-0.002305593330252707,0.0002652633967712,0.0016834829,-0.001418219503490679
standard_NN,10,350,3,733,10.450616472858064,10.025636,0.42498075355874754,41.802465891432256,41.86477,-0.06230309050133798,94.05554825572258,89.14443,4.911116187851491,167.20986356572902,163.46634,3.743524454400898,0.000102046485343,0.0017520791,-0.0016500326299062167,4.25207167296738e-05,0.00058150716,-0.0005389864468582839
standard_NN,10,350,3,734,10.26519806986247,10.54079,-0.2755915343245423,41.06079227944988,42.567688,-1.5068957088313724,92.38678262876223,93.932976,-1.5461931402807352,164.2431691177995,163.83397,0.40920000158857306,0.0031203248098543,-0.0008672163,0.003987541133822324,0.0017496207120821,-0.00041249482,0.0021621155293651047
standard_NN,10,350,3,735,20.500990725635813,22.172045,-1.6710540283925077,82.00396290254325,88.61047,-6.60651073026925,184.5089165307224,197.2724,-12.763483371621362,328.015851610173,357.1942,-29.1783622570145,7.024558829213636e-05,0.0014910378,-0.001420792191195533,3.3618747071328135e-05,0.000980314,-0.0009466952366745449
standard_NN,10,350,3,736,8.216473521237178,7.9415946,0.2748789205596882,32.865894084948714,32.20651,0.6593854484741044,73.94826169113462,69.72524,4.223019076388525,131.46357633979486,128.5094,2.954176925732355,0.0001856042743032,-0.0005334466,0.0007190508856740913,9.106865172602254e-05,-0.00053751,0.0006285786234899612
standard_NN,10,350,3,737,5.475905731902349,5.212048,0.26385767816089434,21.9036229276094,21.61877,0.28485232824416684,49.28315158712115,46.55739,2.725763281457084,87.61449171043759,84.81232,2.8021748159063407,0.0035056360035557,0.0058454885,-0.002339852511195496,0.0013185890230823,0.0029943318,-0.0016757427409749787
standard_NN,10,350,3,738,11.802040268467303,11.758341,0.0436994328960143,47.20816107386921,46.555016,0.6531455099043697,106.21836241620572,104.96996,1.2483993424752526,188.83264429547685,187.48615,1.3464992759456038,0.0001676842908172,0.0015892579,-0.0014215735613571417,8.347402069280407e-05,0.0009675816,-0.0008841075610971961
standard_NN,10,350,3,739,1.7680090257619416,1.1602505,0.607758481213907,7.072036103047767,5.0721793,1.9998567855734022,15.912081231857474,15.580095,0.33198594071977894,28.288144412191063,22.37786,5.910285296590477,0.0635576442395264,0.022268593,0.04128905092821658,0.0347494063100534,0.011305539,0.023443867372603948
standard_NN,10,350,3,740,23.533263201206267,21.66412,1.869143480747283,94.13305280482508,89.37811,4.754940011856334,211.79936881085644,197.0437,14.755667638981436,376.5322112193003,352.62503,23.907180701722154,9.225500066163006e-05,0.00013451517,-4.226016794933019e-05,3.0184355324552822e-05,-1.7432429e-05,4.761678397359742e-05
standard_NN,10,350,3,741,4.258611667534818,4.5167203,-0.2581086274175748,17.03444667013927,18.264824,-1.2303772434349476,38.327505007813365,41.824,-3.496496304442495,68.13778668055708,73.14536,-5.007576173446822,0.0034791735963405,0.006367146,-0.0028879724411784782,0.0020158030500474,0.0033762343,-0.0013604312727389313
standard_NN,10,350,3,742,5.890543392121846,5.607932,0.28261130136256885,23.562173568487385,22.911396,0.6507775418760566,53.01489052909663,50.533054,2.481836177289992,94.24869427394954,91.12053,3.1281650991448515,0.0061128368749427,0.0036832558,0.0024295811223941245,0.0029370319829915,0.0018594336,0.0010775983832437826
standard_NN,10,350,3,743,8.70935843963217,8.376049,0.3333093978841237,34.83743375852868,32.921818,1.9156159789876668,78.38422595668953,73.62174,4.762483708154377,139.34973503411473,133.51437,5.835361254817855,0.0007306837680434,1.4910535e-05,0.0007157732326876612,0.0002777775624755,-0.00022607592,0.0005038534835667511
standard_NN,10,350,3,744,3.58729335434284,3.5110939,0.076199499438665,14.349173417371356,12.944226,1.4049471524177424,32.285640189085555,26.914984,5.370656439695907,57.39669366948543,51.303936,6.092757664846758,0.003203852546207,0.005736868,-0.0025330153510055055,0.0012557185145897,0.0028198715,-0.0015641530153470906
standard_NN,10,350,3,745,4.3731194850572335,4.549201,-0.17608152660048138,17.492477940228934,19.227936,-1.7354578507866911,39.35807536551511,39.65505,-0.29697300484621536,69.96991176091574,77.05846,-7.088544659982702,6.922992682248785e-05,0.0028144366,-0.0027452066373994904,2.926704403553005e-05,0.0017980901,-0.0017688230152746677
standard_NN,10,350,3,746,18.39583685980177,20.24738,-1.851542443176747,73.58334743920707,81.38683,-7.803485751710895,165.56253173821594,183.41217,-17.849638671940312,294.3333897568283,321.44034,-27.10694837793733,0.0001625122758177,0.00030731835,-0.00014480607122286382,7.825476855509e-05,0.00023958257,-0.00016132780369367434
standard_NN,10,350,3,747,6.667520132070138,6.322458,0.34506234169538175,26.67008052828055,26.034868,0.6352122879241051,60.00768118863123,59.764374,0.24330740933435635,106.6803221131222,100.447,6.2333235169307954,0.0007787565873301,0.003020207,-0.002241450344648364,0.000351187700825,0.0015066237,-0.0011554359947795031
standard_NN,10,350,3,748,23.62487300992673,24.593359,-0.9684859836035429,94.49949203970694,99.06461,-4.56512130257822,212.6238570893406,221.82655,-9.202696255385973,377.99796815882775,400.96646,-22.96849302281288,7.434995514011049e-05,0.0005538739,-0.0004795239363364313,2.398574146526293e-05,0.0004982213,-0.000474235572581269
standard_NN,10,350,3,749,20.297072309396807,18.428238,1.8688343943577443,81.18828923758723,73.48401,7.704280448524727,182.6736507845713,167.09145,15.582204861719731,324.7531569503489,294.87827,29.874891569489535,2.315686944939018e-05,-0.0017457673,0.001768924178779794,1.4379707688878902e-05,-0.00032951328,0.00034389298508171335
