model,training_percentage,training_samples,repeat,source_row_index,actual_f1,predicted_f1,error_f1,actual_f2,predicted_f2,error_f2,actual_f3,predicted_f3,error_f3,actual_f4,predicted_f4,error_f4,actual_peak_displacement,predicted_peak_displacement,error_peak_displacement,actual_rms_displacement,predicted_rms_displacement,error_rms_displacement
physics_guided_NN,10,350,3,0,6.186700893706153,6.126603,0.06009776718027382,24.74680357482461,24.746859,-5.5021977146907375e-05,55.680308043355375,55.287647,0.3926607960409214,98.98721429929844,98.2972,0.6900112353335999,0.0035537163708347,0.0037132269,-0.00015951050631821985,0.0018668367173623,0.002009038,-0.00014220139755795856
physics_guided_NN,10,350,3,1,9.903250120774487,9.173691,0.7295593248760497,39.61300048309796,36.447834,3.165166468205385,89.12925108697041,83.17386,5.955392444392288,158.45200193239182,148.56519,9.886816385516823,0.0061209173382417,0.005053276,0.0010676411421195308,0.0029278196685243,0.00255612,0.0003716996230411877
physics_guided_NN,10,350,3,2,4.639680631888204,4.495788,0.14389253450661244,18.558722527552817,17.79347,0.7652521448623872,41.75712568699384,41.218636,0.5384901279118068,74.23489011021127,71.75993,2.47495663853158,0.0053186435933173,0.0044353446,0.0008832989941299262,0.002820590054376,0.0024864837,0.0003341063947807487
physics_guided_NN,10,350,3,3,6.806357768124741,6.434928,0.37142982775608857,27.225431072498964,26.087252,1.1381794092909558,61.25721991312268,58.483734,2.7734857822633074,108.90172428999584,104.64114,4.260580491167715,0.0066459270300925,0.008579896,-0.0019339688015520351,0.0033518613871852,0.004309824,-0.0009579628150245111
physics_guided_NN,10,350,3,4,15.868402634520177,15.97365,-0.10524734411751879,63.47361053808071,64.03647,-0.5628579677786618,142.8156237106816,146.61652,-3.8008924025996578,253.8944421523228,256.43243,-2.537991929708454,0.0002914181937687,0.0010367298,-0.0007453115862570802,0.000185351405424,0.00048565754,-0.0003003061342603255
physics_guided_NN,10,350,3,5,12.643611494404144,13.005905,-0.3622936569630433,50.57444597761658,51.73276,-1.1583154054400637,113.79250344963732,116.50577,-2.713264372628302,202.2977839104663,206.29166,-3.9938725836743174,0.0012559713638756,-0.0010070632,0.002263034561778935,0.0006072123145144,-0.0006798233,0.001287035593429537
physics_guided_NN,10,350,3,6,9.45972756115158,9.222742,0.23698548046310286,37.83891024460632,36.30023,1.5386821257098333,85.13754805036422,84.84797,0.28957899518843533,151.35564097842527,149.54362,1.8120161004955833,0.0052110600853599,0.007032582,-0.0018215219853185728,0.0024767616399103,0.0034883628,-0.0010116011268920108
physics_guided_NN,10,350,3,7,7.027557013460982,7.136014,-0.1084569712191934,28.11022805384393,28.14078,-0.030551441395328283,63.24801312114885,63.96218,-0.7141679701597425,112.44091221537572,114.99615,-2.5552349403860006,0.0003562779189139,-0.00016139582,0.0005176737345806649,0.0001601930054747,-0.00030444976,0.0004646427625701263
physics_guided_NN,10,350,3,8,5.496248478891723,5.2195635,0.27668499469982866,21.984993915566893,21.356958,0.6280355262846662,49.46623631002551,48.246136,1.220100598355586,87.93997566226757,84.4187,3.521274490392571,0.0052667846196957,0.002834469,0.0024323155397243867,0.0027349370426037,0.0015581098,0.0011768272739373729
physics_guided_NN,10,350,3,9,8.258353189123369,8.593382,-0.33502869259049817,33.03341275649348,34.502987,-1.4695741514655012,74.32517870211032,78.30601,-3.980828683143585,132.1336510259739,138.79578,-6.662125341213596,0.0008322962233817,3.9097915e-05,0.0007931983085311279,0.00035169445793,-9.466166e-05,0.0004463561144060916
physics_guided_NN,10,350,3,10,1.929974717044784,1.7427753,0.18719939603800917,7.719898868179136,6.465797,1.2541019206998882,17.369772453403055,15.717844,1.6519284440036408,30.879595472716545,26.283049,4.596546842955803,0.0234900632577201,0.016877504,0.006612559192087281,0.0119642960333229,0.007969227,0.003995069345176308
physics_guided_NN,10,350,3,11,4.927304670559308,5.0172157,-0.08991105820045764,19.709218682237232,19.620352,0.08886689085539601,44.34574203503377,44.24044,0.10530166638142902,78.83687472894893,79.37094,-0.5340664331604472,0.0003189917155481,-0.0009703668,0.0012893585339128096,0.0001180333771677,-0.00067570334,0.0007937367178433818
physics_guided_NN,10,350,3,12,15.472698554740608,15.234495,0.2382033917767412,61.89079421896243,60.92066,0.9701361073901609,139.25428699266547,137.01927,2.235015142079533,247.5631768758497,244.51039,3.0527856404981435,0.0006305740513392,0.0009501507,-0.00031957666431365326,0.0002503300297083,0.00061979966,-0.0003694696256881913
physics_guided_NN,10,350,3,13,3.240174949311588,3.4150188,-0.17484384760918825,12.960699797246352,13.270568,-0.30986809673558113,29.16157454380429,30.474009,-1.3124340163763755,51.84279918898541,53.91242,-2.069619176493106,0.0216719214517747,0.026639959,-0.004968037391814128,0.0102374025954442,0.012980501,-0.0027430985720319767
physics_guided_NN,10,350,3,14,7.256315136126632,7.6589437,-0.40262851698005786,29.02526054450653,30.415262,-1.3900016777835091,65.30683622513969,70.1803,-4.8734616264228094,116.10104217802612,124.994194,-8.893151852735599,0.0032415115549485,0.0049832836,-0.001741772024401018,0.0012703612274022,0.0023237776,-0.001053416420286785
physics_guided_NN,10,350,3,15,4.442000092457506,4.350594,0.09140604872581637,17.768000369830023,17.188702,0.5792987401913514,39.97800083211755,39.458893,0.5191080098519265,71.0720014793201,69.28667,1.7853346092029057,0.0026040336139117,0.0039884187,-0.0013843851142014744,0.001408026651636,0.0025281573,-0.0011201306663749262
physics_guided_NN,10,350,3,16,12.033025442877864,11.913224,0.11980122260198556,48.13210177151145,47.722942,0.4091594192165289,108.29722898590076,108.918144,-0.6209152401734599,192.5284070860458,193.06636,-0.5379533875870095,0.0001476335873221,0.0012114273,-0.0010637936812500515,4.904790280904922e-05,0.00083937455,-0.000790326649206166
physics_guided_NN,10,350,3,17,3.7933805119604735,3.8302343,-0.03685377720883798,15.173522047841894,15.360305,-0.18678278461660192,34.14042460764426,34.92554,-0.7851163164280024,60.69408819136758,63.791813,-3.097724705360939,0.0039353939566326,0.0028409865,0.0010944074812841275,0.0016935033868195,0.0007981789,0.0008953244919085387
physics_guided_NN,10,350,3,18,2.4501347258980446,2.160785,0.2893497661049538,9.800538903592178,7.967693,1.8328460515719147,22.051212533082406,19.206964,2.8442480402845547,39.20215561436871,32.964626,6.237529302112854,0.0191874611705435,0.023598732,-0.004411271256219082,0.011834558380617,0.013034469,-0.001199911067412995
physics_guided_NN,10,350,3,19,3.251164306111213,3.1473224,0.103841889805671,13.004657224444854,12.4382925,0.5663647210879201,29.26047875500092,27.868738,1.3917405805624448,52.018628897779415,48.577198,3.4414308692149618,0.0430041175307428,0.026025807,0.0169783100457584,0.0236641386342238,0.013238201,0.010425937716383796
physics_guided_NN,10,350,3,20,4.237986580249869,3.919276,0.318710581180655,16.951946320999475,15.347243,1.6047030119784793,38.141879222248825,35.322853,2.8190261338699187,67.8077852839979,65.20937,2.598411809876808,0.0047768707120056,0.006465845,-0.0016889740980034025,0.0019492283195955,0.0026600694,-0.0007108410622226754
physics_guided_NN,10,350,3,21,40.64406666890176,40.28778,0.35628590718300757,162.57626667560703,160.62218,1.9540895515835928,365.7966000201158,361.36386,4.432738936131443,650.3050667024281,637.1738,13.131238577428121,1.5505257108330758e-05,0.00030255743,-0.00028705216893079875,9.130186019217458e-06,5.7046604e-05,-4.791641759594543e-05
physics_guided_NN,10,350,3,22,2.902183163048412,3.0044658,-0.1022826553567393,11.608732652193648,12.586247,-0.9775147919591838,26.119648467435702,27.887781,-1.7681326757527742,46.43493060877459,49.354618,-2.9196874637351726,0.0097184221669327,0.009236987,0.00048143541805851196,0.0050084951975183,0.004677722,0.0003307729669646733
physics_guided_NN,10,350,3,23,5.142201232783284,5.165811,-0.023609829075846633,20.568804931133137,20.70885,-0.14004592946256622,46.27981109504956,46.61847,-0.3386581432316902,82.27521972453255,84.19291,-1.9176895161901086,0.0011226691117699,-3.333756e-05,0.001156006672805196,0.0005077374228269,-0.00018834222,0.0006960796456543867
physics_guided_NN,10,350,3,24,2.1600466311698385,2.058574,0.10147266991190396,8.640186524679354,8.469388,0.17079851656167833,19.440419680528542,19.081305,0.35911513035764386,34.560746098717416,34.146946,0.4138001453482758,0.0278291828382865,0.024109725,0.0037194579292193462,0.0158586446318918,0.012514293,0.0033443514380746622
physics_guided_NN,10,350,3,25,15.039436223097557,14.148466,0.8909701128680645,60.15774489239022,56.743656,3.414088733942954,135.35492600787802,127.29529,8.05963792194052,240.63097956956088,227.10344,13.527540238506191,3.13657136574224e-05,0.0010416257,-0.0010102600291431113,1.738559044836718e-05,0.00037230324,-0.00035491765188114087
physics_guided_NN,10,350,3,26,12.689187530339115,12.345154,0.3440337217453653,50.75675012135647,49.09479,1.6619587090029526,114.20268777305203,110.05141,4.1512809127004715,203.02700048542587,195.16238,7.864616452222748,0.0009588654445881,-0.000226614,0.0011854794518487504,0.0004114017392586,-0.000117283016,0.0005286847554108143
physics_guided_NN,10,350,3,27,8.035770564195651,7.97557,0.06020036232187209,32.143082256782606,31.451187,0.691895122993543,72.32193507776086,73.13587,-0.8139368094461759,128.57232902713042,127.55915,1.013178331329641,0.0005528791614672,0.00047163252,8.12466412646527e-05,0.0002125299899266,0.0002108685,1.6614896370928031e-06
physics_guided_NN,10,350,3,28,30.800036447357083,30.71881,0.08122731954946616,123.20014578942832,123.05043,0.14971549157675668,277.2003280262137,274.84692,2.353404198088697,492.8005831577133,491.8118,0.9887850620101517,5.210402567520608e-05,-0.00029964693,0.0003517509522533404,1.614234783510892e-05,-0.00022380838,0.00023995073128781495
physics_guided_NN,10,350,3,29,6.95030101364309,7.048845,-0.09854380065744728,27.80120405457236,28.26486,-0.46365609862588286,62.55270912278782,63.43852,-0.8858094013821045,111.20481621828944,113.34371,-2.1388956347379064,0.0016745240663364,0.0021278746,-0.00045335057627414986,0.000820124024276,0.0011795136,-0.00035938961363180303
physics_guided_NN,10,350,3,30,14.6619414403532,14.441412,0.22052946830730136,58.6477657614128,57.989655,0.6581112203971742,131.95747296317882,131.09926,0.8582145403272534,234.5910630456512,230.91895,3.6721177331511967,0.0003207644041915,0.00083841855,-0.0005176541452008724,0.0001060963068559,0.00034884905,-0.0002427527405851355
physics_guided_NN,10,350,3,31,3.749525168065405,3.8523738,-0.1028486703592777,14.99810067226162,15.00244,-0.004339780314063901,33.74572651258865,34.921997,-1.1762705577238535,59.992402689046486,59.93041,0.06199421126328275,0.0610179422162491,0.059172504,0.0018454385660606545,0.0331257359560026,0.033091486,3.425045566690654e-05
physics_guided_NN,10,350,3,32,2.068929461665606,2.0565393,0.012390164561724148,8.275717846662424,7.438419,0.8372989814585665,18.620365154990456,18.587404,0.032960903891822824,33.102871386649696,32.373753,0.7291187926555551,0.0161139002143161,0.01643605,-0.00032214950036838635,0.0089729294159271,0.0093344785,-0.00036154911138041104
physics_guided_NN,10,350,3,33,11.856180485244336,11.781951,0.07422953462177695,47.42472194097735,46.83192,0.5928013171980524,106.70562436719904,106.06377,0.6418578877068484,189.6988877639094,187.2369,2.4619950637140846,0.0002760859269495,0.00053446373,-0.0002583778050881933,0.0001023009876367,0.00016120991,-5.890892731302259e-05
physics_guided_NN,10,350,3,34,7.749130820433567,7.3844166,0.36471424023337207,30.99652328173427,29.326357,1.6701663939168867,69.74217738390212,66.02358,3.7185949254060233,123.98609312693708,117.17815,6.807946764632391,0.0008412893334205,0.0010093363,-0.0001680469900568278,0.0004622929601314,0.00073344546,-0.0002711524965857633
physics_guided_NN,10,350,3,35,6.635803980157069,6.6550527,-0.01924868173868255,26.54321592062828,27.095963,-0.5527466037857813,59.722235821413626,59.547432,0.17480387561284516,106.17286368251312,107.541725,-1.3688614761782816,0.0010605453856659,0.0012980347,-0.00023748929441004345,0.0005151382196758,0.0002085204,0.000306617816427542
physics_guided_NN,10,350,3,36,10.61488749918763,10.327494,0.28739383158509035,42.45954999675052,41.43874,1.0208102201391895,95.53398749268868,92.319984,3.2140030566535245,169.83819998700207,165.05772,4.780475987978633,0.0002930875378121,0.0010566713,-0.0007635837211813468,0.0001548547260525,0.00077719224,-0.0006223375131314326
physics_guided_NN,10,350,3,37,3.2355863041003987,3.3609068,-0.12532053527032883,12.942345216401597,12.946841,-0.004496023527602588,29.120276736903588,30.01451,-0.8942324641462172,51.76938086560638,52.98354,-1.2141587156924487,0.0150253291618152,0.018846337,-0.003821007590361084,0.0074359097671304,0.009350313,-0.0019144031065907226
physics_guided_NN,10,350,3,38,13.904540915174742,14.417805,-0.513263802842836,55.61816366069897,57.284416,-1.6662525380315003,125.14086823657269,128.19804,-3.0571755866695014,222.47265464279587,227.64154,-5.168885884547876,0.0009457456538146,9.31379e-05,0.0008526077502099436,0.0005292154861014,-0.00011041428,0.0006396297654351814
physics_guided_NN,10,350,3,39,10.343716525408988,10.302255,0.04146184859014035,41.37486610163595,41.299007,0.07585868586446765,93.09344872868093,94.78532,-1.6918677386042305,165.4994644065438,165.53128,-0.03181611103431692,0.0001568621964532,-0.0007954896,0.0009523517810146373,6.356414461408556e-05,-0.00043020112,0.0004937652666856796
physics_guided_NN,10,350,3,40,6.429676602503863,6.308382,0.1212945682021056,25.718706410015454,25.052015,0.666691105450024,57.86708942253479,56.2435,1.6235896666754144,102.8748256400618,100.56142,2.313409014085238,0.0001118182888483,-0.00043911434,0.0005509326336202514,5.621150812716693e-05,-0.00038730603,0.0004435175422264776
physics_guided_NN,10,350,3,41,2.479684200489037,2.5561264,-0.07644215563584078,9.918736801956149,9.692075,0.22666202626034782,22.317157804401337,22.705866,-0.388708055584015,39.674947207824594,40.170383,-0.49543624554454624,0.0290887915426202,0.03306815,-0.003979358739285926,0.0131539099371442,0.016226234,-0.0030723239773503153
physics_guided_NN,10,350,3,42,11.698263912526665,12.526781,-0.8285171696266556,46.79305565010665,49.907387,-3.1143311296785043,105.28437521273996,112.01219,-6.727816559720978,187.1722226004266,199.0733,-11.901080622229642,0.0005724970021776,-0.0009059803,0.0014784773000075559,0.0003085021973515,-0.00071886316,0.0010273653544412996
physics_guided_NN,10,350,3,43,11.179834604337966,11.392898,-0.21306300155803015,44.71933841735186,44.695232,0.024106025994434788,100.6185114390417,103.86063,-3.242114781661428,178.87735366940746,179.45161,-0.5742607104753574,0.000422215415964,0.00056670426,-0.0001444888409617319,0.0001402285004203,0.00015280333,-1.2574831309655965e-05
physics_guided_NN,10,350,3,44,17.368906728179066,17.473484,-0.10457731112757429,69.47562691271627,70.04392,-0.5682955116001409,156.3201605536116,156.651,-0.33084042295089944,277.90250765086506,281.25034,-3.3478280424943136,0.00020018114613,0.00036102725,-0.00016084610812735117,6.875846152524547e-05,8.7408414e-05,-1.8649952876334183e-05
physics_guided_NN,10,350,3,45,2.9830500021364865,2.7967322,0.18631781486536836,11.932200008545946,11.001142,0.9310584603892078,26.84745001922838,25.811163,1.0362870706199807,47.72880003418378,46.28175,1.4470503088419804,0.0115029720158564,0.011107074,0.00039589791905750293,0.005130794793116,0.004856615,0.0002741799314786462
physics_guided_NN,10,350,3,46,4.720890989769187,4.5172067,0.20368432091542754,18.88356395907675,18.50072,0.3828448886421789,42.48801890792269,40.998417,1.489602007287921,75.534255836307,75.06915,0.4651030042757469,0.005784865705416,0.0067161596,-0.0009312939326014159,0.002787491657286,0.0025032067,0.0002842849367103097
physics_guided_NN,10,350,3,47,5.062766237591458,4.9339237,0.12884251627798182,20.25106495036584,19.753426,0.4976393522213094,45.564896138323135,45.00008,0.5648160296805571,81.00425980146333,80.92646,0.0777995353500529,0.0017031670636135,0.0016352452,6.792189968850802e-05,0.0006777865621889,0.00069382606,-1.6039500881546227e-05
physics_guided_NN,10,350,3,48,2.055085973228175,2.2290685,-0.17398254445676153,8.2203438929127,8.929849,-0.7095047780467727,18.495773759053574,20.870161,-2.374387297464981,32.8813755716508,36.84367,-3.962294319706622,0.0967923034095716,0.04889545,0.04789685496329779,0.0451798347561757,0.026243566,0.01893626915208501
physics_guided_NN,10,350,3,49,2.477903044160504,2.4945939,-0.01669081455836796,9.911612176642016,9.702601,0.20901074384172347,22.30112739744453,23.653872,-1.3527441388103512,39.64644870656806,42.40613,-2.759683037816707,0.019232999656255,0.016502703,0.002730297047550432,0.0104579709025528,0.009283061,0.001174909763267236
physics_guided_NN,10,350,3,50,5.955595748421161,5.6039853,0.35161043882033116,23.822382993684645,22.69684,1.1255427074297621,53.60036173579046,50.242733,3.357628734081473,95.28953197473858,90.31676,4.972774772590142,0.0047688682137197,0.0050034923,-0.00023462413417639928,0.0023862163284903,0.0020916725,0.0002945438241695594
physics_guided_NN,10,350,3,51,5.581267560649692,5.678747,-0.09747961647433101,22.32507024259877,22.87147,-0.5463992550818944,50.231408045847225,51.605095,-1.373686863820744,89.30028097039506,92.74951,-3.4492307483549354,0.0043352635247097,0.004862112,-0.0005268484684243218,0.0025104112520067,0.002748198,-0.00023778685674090156
physics_guided_NN,10,350,3,52,5.211641771009218,5.449436,-0.2377944167349222,20.84656708403688,22.438028,-1.5914612515344082,46.90477593908296,49.3934,-2.4886223458291497,83.3862683361475,89.6945,-6.3082354480321925,0.0001961528363204,-0.00039759226,0.0005937450954256949,7.552146715998147e-05,-0.00037981797,0.00045533943492874
physics_guided_NN,10,350,3,53,13.334704767371436,13.488748,-0.1540428293692866,53.338819069485744,53.764877,-0.42605824985019325,120.01234290634292,121.8884,-1.8760543104539522,213.35527627794292,216.93892,-3.5836427894398923,0.001803498916345,0.0015423197,0.0002611792562699912,0.0007689441868172,0.00086415984,-9.521565287625691e-05
physics_guided_NN,10,350,3,54,1.589547070487722,1.8017505,-0.21220347024561548,6.358188281950889,7.6287494,-1.2705610886240626,14.3059236343895,18.178923,-3.8729990188087413,25.432753127803554,31.067656,-5.634902435550938,0.0131680829387649,0.01502428,-0.001856197236801773,0.0071448756216065,0.007867094,-0.0007222185077174594
physics_guided_NN,10,350,3,55,1.983695920341253,1.8557681,0.12792783581519096,7.934783681365012,6.686975,1.2478086790761935,17.85326328307128,16.602808,1.250455284414052,31.739134725460048,26.627752,5.111382421382899,0.0396939400346792,0.035925012,0.003768927952817705,0.0202349661746362,0.019208213,0.001026752860222177
physics_guided_NN,10,350,3,56,1.8669041184563684,1.6173624,0.2495417384285974,7.4676164738254736,7.1115546,0.35606185117532707,16.802137066107317,16.46866,0.33347671149305924,29.87046589530189,30.54901,-0.6785434278182265,0.1432891717733956,0.08529721,0.05799195976873403,0.0704967901410945,0.04568382,0.02481297034047919
physics_guided_NN,10,350,3,57,10.477116954109777,10.187164,0.2899526474691516,41.90846781643911,40.318047,1.5904212466148877,94.294052586988,92.03027,2.263779149488002,167.63387126575643,161.95058,5.683294483529863,0.0003953383278564,-0.00034311455,0.0007384528729595625,0.0001590627483103,-0.0005491976,0.0007082603527243756
physics_guided_NN,10,350,3,58,20.375535995200487,19.870079,0.5054569546731429,81.50214398080195,78.981544,2.5205994861730403,183.3798239568044,179.03568,4.344148907976262,326.0085759232078,317.3711,8.637482173207786,0.0001199136320624,0.00015193556,-3.2021925306742764e-05,4.486649217868252e-05,9.656952e-06,3.520954019039199e-05
physics_guided_NN,10,350,3,59,12.367229006475965,12.203003,0.16422607678846468,49.46891602590386,48.824917,0.6439991863042493,111.30506105828368,110.68882,0.6162411730297777,197.87566410361543,195.91278,1.962883341896685,0.0028914706760657,0.0022975137,0.0005939570234728027,0.0014562367542712,0.0012017593,0.00025447742893080984
physics_guided_NN,10,350,3,60,7.259922346915204,7.3557396,-0.09581724659065571,29.03968938766081,28.513311,0.5263780015524127,65.33930112223683,65.22525,0.11405087809620795,116.15875755064326,113.419716,2.7390416692956023,0.0011848402323287,0.0006983793,0.0004864609331909587,0.0004181500411686,0.00019785234,0.0002202977051819187
physics_guided_NN,10,350,3,61,6.850769784298405,6.490796,0.35997369512604216,27.40307913719362,26.092154,1.3109255879992858,61.65692805868566,57.681458,3.975470539154408,109.61231654877449,103.67849,5.933826863715893,0.0016477141880633,0.0024852618,-0.0008375475763140556,0.0007949413008481,0.0014350385,-0.000640097216381159
physics_guided_NN,10,350,3,62,4.657415212883389,4.112876,0.5445392744678621,18.62966085153356,16.514793,2.1148674555374676,41.91673691595052,37.61368,4.303055122737632,74.51864340613423,65.39853,9.120114353399856,0.0047152524028116,0.005148265,-0.0004330126423246136,0.0026370878862338,0.0024738747,0.0001632131701456243
physics_guided_NN,10,350,3,63,11.818697172734336,11.47219,0.34650726947505817,47.27478869093734,45.857094,1.4176948799021858,106.36827455460902,105.565605,0.8026693910347973,189.09915476374937,185.77788,3.3212769561321807,0.0012286155864118,0.00072383514,0.0005047804473420937,0.0005710328990964,0.0002337618,0.00033727109293898245
physics_guided_NN,10,350,3,64,27.1208251382587,27.544775,-0.42394987089657477,108.4833005530348,109.93464,-1.4513384240159866,244.0874262443283,247.01529,-2.9278630623123263,433.9332022121392,443.49106,-9.557856137470196,5.843066045779509e-05,0.0006870153,-0.0006285846406244882,1.875016104149639e-05,0.00025585113,-0.00023710097221937956
physics_guided_NN,10,350,3,65,2.172957221959886,1.8733305,0.2996267480600445,8.691828887839543,7.1088653,1.5829636267616625,19.55661499763897,16.916567,2.6400481488840875,34.76731555135817,28.060728,6.706587478238056,0.1538547663382672,0.08931796,0.06453680381099211,0.0861287455147516,0.04875033,0.037378415752054375
physics_guided_NN,10,350,3,66,25.87578184662529,26.070728,-0.19494645537666244,103.50312738650116,104.307976,-0.804848382541806,232.88203661962768,234.63786,-1.7558265395520039,414.0125095460047,419.53488,-5.522372045792167,0.0001667538071048,0.0003177501,-0.0001509962840940318,0.0001010433902521,9.916054e-05,1.8828491120912876e-06
physics_guided_NN,10,350,3,67,3.667297020034559,3.1849778,0.48231925018287436,14.669188080138236,12.936698,1.7324901202383334,33.00567318031103,29.021463,3.984209786145989,58.67675232055294,52.1712,6.5055525219689585,0.0074214051378621,0.007492389,-7.098392642007883e-05,0.003210293721881,0.0028305044,0.0003797892821098248
physics_guided_NN,10,350,3,68,20.57037898451195,20.455988,0.11439105421409934,82.2815159380478,81.72588,0.5556324541610849,185.1334108606076,183.22293,1.9104799524044722,329.1260637521912,328.6264,0.49965994359746446,5.814601795745109e-05,-0.0002300464,0.00028819241456684683,3.134523541650482e-05,-0.0003992961,0.0004306413491720588
physics_guided_NN,10,350,3,69,34.419582676328304,33.8321,0.5874827617775225,137.6783307053132,135.37527,2.3030560471100614,309.7762440869548,303.50604,6.270201606486069,550.7133228212529,535.9968,14.71649664937786,0.0001190137196533,0.0007600012,-0.0006409874689564491,5.4978306269072936e-05,0.0005679271,-0.0005129487771971291
physics_guided_NN,10,350,3,70,4.3020525558207865,4.102388,0.19966465069993689,17.208210223283146,16.855223,0.3529875212567788,38.71847300238708,36.956554,1.7619185895452816,68.83284089313258,65.96773,2.8651132319997714,0.0047141106264979,0.0041751624,0.0005389482179969903,0.0022291488338951,0.0011525512,0.001076597683014346
physics_guided_NN,10,350,3,71,5.752035346796996,5.714758,0.03727742748547236,23.008141387187983,22.557837,0.45030485459520975,51.76831812117297,52.30592,-0.5376015260438294,92.03256554875192,91.62693,0.4056353119355123,0.0008137665189468,0.0024308187,-0.0016170522231943275,0.000363609865282,0.0013992098,-0.0010355999740098705
physics_guided_NN,10,350,3,72,16.70143981705965,16.636272,0.06516738663972887,66.8057592682386,66.53984,0.2659185699964155,150.31295835353689,149.79779,0.5151678261931352,267.2230370729544,266.17712,1.045913049516912,5.580284776677952e-05,0.0006327709,-0.0005769680356183125,2.413154160776149e-05,0.00024868088,-0.00022454933915114987
physics_guided_NN,10,350,3,73,5.639718874505925,5.553984,0.0857347093142744,22.5588754980237,22.287926,0.27094977780885543,50.75746987055332,51.18415,-0.426680825247459,90.2355019920948,91.34924,-1.1137411719677033,0.0008791162619948,0.0002403474,0.0006387688556335479,0.0005327910716519,-3.7123846e-05,0.0005699149173383376
physics_guided_NN,10,350,3,74,7.446400447365925,7.09904,0.34736041593281985,29.7856017894637,27.859316,1.9262859172713185,67.01760402629333,63.810783,3.2068206400628583,119.1424071578548,112.99345,6.148960807757149,0.0009541743468264,0.00044850918,0.0005056651691676931,0.000412933087482,1.4876549e-05,0.000398056538124277
physics_guided_NN,10,350,3,75,20.1760592825747,20.382599,-0.20653959437842673,80.7042371302988,81.26188,-0.5576418369863632,181.58453354317228,183.71062,-2.126083522257403,322.8169485211952,328.01086,-5.193915736617328,0.0001001592821741,0.00092321966,-0.0008230603785885975,5.970719205522564e-05,0.00032267446,-0.0002629672672568855
physics_guided_NN,10,350,3,76,27.417405294709244,27.623207,-0.2058017975759121,109.66962117883698,110.605736,-0.9361145999716172,246.75664765238324,249.09314,-2.3364919960542636,438.6784847153479,443.27737,-4.598889552230219,0.0003291094769453,-0.0006034695,0.0009325789730725181,0.0002166121354843,-4.0799077e-05,0.0002574112128808139
physics_guided_NN,10,350,3,77,17.03555819645127,16.34139,0.6941675867100585,68.14223278580508,66.54516,1.597074399574609,153.32002376806142,149.21895,4.1010754038036055,272.5689311432203,266.2767,6.292228262360936,1.266702312552735e-05,0.00013949495,-0.00012682792729190186,4.32661613079639e-06,0.00039883103,-0.000394504418414059
physics_guided_NN,10,350,3,78,6.013086916228769,5.93976,0.07332670809888597,24.052347664915075,24.645985,-0.593636984743128,54.11778224605892,53.167614,0.9501682629046257,96.2093906596603,95.73533,0.4740619853438943,0.0005599797286812,0.00015082123,0.0004091584987725846,0.0002510507078286,-2.0566795e-05,0.000271617502602513
physics_guided_NN,10,350,3,79,33.30028073763222,35.0123,-1.712017846352154,133.20112295052888,139.49895,-6.297824193025804,299.70252663869,315.66083,-15.958300998028733,532.8044918021155,554.9885,-22.184033588509465,1.8905406619291864e-06,-0.00298288,0.0029847705295110924,5.77192666891846e-07,-0.001470101,0.0014706781421852744
physics_guided_NN,10,350,3,80,4.314873250443108,4.3506675,-0.0357942262109443,17.25949300177243,17.355045,-0.09555231683108545,38.83385925398796,39.959743,-1.1258842457678995,69.03797200708972,71.897675,-2.8597025534571543,0.0172083368683871,0.019017315,-0.0018089776699725425,0.0089268269409629,0.00969792,-0.0007710927705077038
physics_guided_NN,10,350,3,81,11.34400957947625,11.141928,0.20208186036003895,45.376038317905,44.55073,0.8253066589694527,102.09608621528623,100.81648,1.2796036713409222,181.50415327162,179.03342,2.470736523573123,0.0007430520357057,0.000616164,0.0001268880308098639,0.0004322360034374,0.0001594851,0.0002727508978958653
physics_guided_NN,10,350,3,82,21.07199065573772,21.099436,-0.02744515053669261,84.28796262295087,83.81595,0.4720141366227466,189.64791590163944,187.52907,2.1188479084753737,337.1518504918035,331.0788,6.073054105084736,1.4490111019139813e-05,-0.0012367255,0.0012512155931775027,4.612300241468938e-06,-0.0010078734,0.0010124857487847196
physics_guided_NN,10,350,3,83,4.639768105722026,4.567486,0.07228229639585404,18.559072422888104,18.931847,-0.3727741957642401,41.75791295149824,41.807472,-0.04955927750566502,74.23628969155241,74.51349,-0.27719907797883536,0.0022022878431454,0.0028195807,-0.0006172928813174667,0.0010397313464146,0.0005600253,0.00047970606933272304
physics_guided_NN,10,350,3,84,3.827676379590789,3.7151968,0.11247953167513947,15.310705518363156,15.336612,-0.0259062293785437,34.449087416317106,33.813347,0.6357405535241369,61.24282207345263,59.41322,1.8296026215483323,0.0021957925127719,0.002688806,-0.000493013525577967,0.0008719442600143,0.0006417898,0.00023015444881663164
physics_guided_NN,10,350,3,85,19.56569306416669,19.891985,-0.32629187540850424,78.26277225666679,79.34453,-1.0817559415753948,176.09123757750027,178.39499,-2.303751436171609,313.0510890266672,319.40622,-6.355130455754647,0.0005941636064131,0.00012405502,0.00047010858729893345,0.0003216608842338,-3.998487e-05,0.0003616457528694563
physics_guided_NN,10,350,3,86,3.848098298505328,3.7070858,0.14101245065071355,15.392393194021311,14.380799,1.0115939005032448,34.63288468654795,33.97652,0.6563641482178753,61.56957277608525,58.12665,3.4429210121692364,0.0085035487688843,0.008366119,0.00013742965233957613,0.0041949602234061,0.0046151932,-0.00042023300948784356
physics_guided_NN,10,350,3,87,14.718219828164498,14.512795,0.2054243798612756,58.87287931265799,58.79387,0.07901029410330551,132.46397845348048,131.83943,0.6245466907851664,235.491517250632,235.87816,-0.38664131870393703,8.196989801032394e-05,0.00041770661,-0.0003357367168155506,2.8646142559281982e-05,0.00047032424,-0.00044167810225657423
physics_guided_NN,10,350,3,88,35.87543514909105,35.197025,0.678409850018781,143.5017405963642,139.7095,3.7922374225360613,322.8789163418195,317.53366,5.345255453147615,574.0069623854567,561.3575,12.649479475300495,2.438996549996655e-06,0.0018141825,-0.001811743501942304,1.5712289499159052e-06,0.0009536881,-0.0009521168826719706
physics_guided_NN,10,350,3,89,7.806175997646319,7.449729,0.35644703188704163,31.22470399058528,29.976007,1.248696529037428,70.25558397881687,67.48471,2.7708732854574976,124.8988159623411,120.5718,4.32701573040751,0.0018273986377395,0.00022384344,0.0016035551987230087,0.0007474811340773,-0.00011452118,0.000862002313134492
physics_guided_NN,10,350,3,90,9.94724223695917,10.020682,-0.07344009794073258,39.78896894783668,39.319942,0.46902647347144466,89.52518013263253,89.40194,0.12324074054268408,159.15587579134672,157.69287,1.4630046975967161,0.0006846827282828,-0.0008955951,0.0015802778480832186,0.0002607038125071,-0.0006572969,0.0009180007266487251
physics_guided_NN,10,350,3,91,10.904725327467013,10.9123335,-0.00760816099734285,43.61890130986805,43.429836,0.1890650366746911,98.14252794720312,98.00073,0.14179552532812068,174.4756052394722,175.02026,-0.5446584324027981,0.0011521675383448,0.0012393451,-8.717752138531266e-05,0.0003790625867089,0.00039696303,-1.7900447581920367e-05
physics_guided_NN,10,350,3,92,21.738414214986754,22.055397,-0.31698281870465195,86.95365685994702,88.99932,-2.0456641239397015,195.6457279348808,199.79843,-4.152703461603579,347.81462743978807,353.89523,-6.080605714508806,0.0002526875472806,0.00019211002,6.057752801026932e-05,0.0001123275482402,0.00026285072,-0.00015052317266084223
physics_guided_NN,10,350,3,93,5.822220809987998,5.7110715,0.1111493187465431,23.288883239952,22.498018,0.790864975181492,52.39998728989199,50.77792,1.6220675206048796,93.15553295980796,90.27533,2.8802033699642067,0.0015557462703617,0.0018951966,-0.00033945034908189537,0.0010735191178243,0.0014396849,-0.00036616576772971563
physics_guided_NN,10,350,3,94,4.94223023647492,5.646769,-0.7045388103085273,19.76892094589968,22.57725,-2.808328581077859,44.48007212827428,51.897892,-7.417819870016736,79.07568378359872,92.06311,-12.98742656796378,0.0087039317321548,0.006893298,0.0018106336091229455,0.0053228865153176,0.0038546838,0.0014682026821208408
physics_guided_NN,10,350,3,95,12.648392782706413,12.545912,0.10248099376598319,50.59357113082565,50.08261,0.5109600468412765,113.83553504435773,113.82999,0.00554847209210152,202.3742845233026,202.86893,-0.494642478650519,0.0006500678503681,0.0020028837,-0.0013528158521484558,0.0003157301838122,0.0011069264,-0.0007911961726300726
physics_guided_NN,10,350,3,96,4.579576803432119,4.590699,-0.011122392429697037,18.31830721372848,18.285862,0.032445244734340406,41.21619123088907,40.86508,0.35110944377969844,73.2732288549139,73.09779,0.1754352758123332,0.0025718652512607,0.0030210738,-0.0004492085092040873,0.0010011515132756,0.0011278398,-0.00012668827365627236
physics_guided_NN,10,350,3,97,4.566478297700056,4.239798,0.3266802286998116,18.265913190800223,17.394274,0.8716394328656527,41.0983046793005,39.33661,1.7616957925817474,73.06365276320089,69.31935,3.7443015669118296,0.0008949605186491,0.00011293549,0.000782025025414555,0.0005043102697453,0.00029794994,0.00020636032931343692
physics_guided_NN,10,350,3,98,3.603615425363611,3.8027985,-0.1991830842341673,14.414461701454444,14.324431,0.09003028208188546,32.4325388282725,35.164032,-2.7314931541493763,57.657846805817776,61.392544,-3.734696986906833,0.0141006641781369,0.01626354,-0.0021628766560515614,0.0064541414037406,0.0074779964,-0.0010238550014734712
physics_guided_NN,10,350,3,99,9.549235872401892,9.427283,0.12195258535355258,38.19694348960757,37.92269,0.27425214439272594,85.94312285161703,86.12065,-0.17752839350015392,152.78777395843028,151.85704,0.9307335531568413,0.0028869724739037,0.0009441139,0.0019428585911795042,0.001775079987879,0.0005525777,0.0012225022645956792
physics_guided_NN,10,350,3,100,25.57762706444893,25.697681,-0.12005436255302371,102.3105082577957,102.88024,-0.5697331362472653,230.1986435800404,233.15495,-2.9563094228892908,409.2420330311828,411.73242,-2.490388843817186,3.5998959313194545e-05,0.0014337857,-0.001397786696222563,1.1402659725646796e-05,0.0009798427,-0.0009684400747974707
physics_guided_NN,10,350,3,101,2.388208922163364,2.3116066,0.07660227657925756,9.552835688653456,8.7301,0.8227360106139052,21.49388029947028,21.798346,-0.304465266325618,38.211342754613824,36.218594,1.9927491572017146,0.0108901971227379,0.011144795,-0.00025459833230064705,0.0057073771149211,0.006251492,-0.0005441149569756915
physics_guided_NN,10,350,3,102,5.340761816954979,5.12695,0.2138120298150863,21.363047267819915,20.020056,1.342991496945892,48.06685635259481,46.63298,1.433876005915124,85.45218907127966,81.9975,3.454691512685912,0.0011231480443581,0.00079118373,0.0003319643133050754,0.0004146033315373,0.0002297981,0.00018480523425744587
physics_guided_NN,10,350,3,103,20.878560341391864,21.268305,-0.3897444834372372,83.51424136556746,85.15009,-1.6358517130458239,187.9070430725268,192.37697,-4.469925311262273,334.05696546226983,342.07736,-8.020396598277046,0.0002042901783706,0.0017103624,-0.0015060722047938655,9.979472523016213e-05,0.00053871755,-0.00043892282266708735
physics_guided_NN,10,350,3,104,5.800029701834299,5.7625074,0.03752226317463059,23.200118807337194,23.216894,-0.01677534244307921,52.200267316508686,51.21643,0.9838366524461861,92.80047522934878,91.16611,1.634368051614402,0.0003867827748253,0.002185626,-0.0017988431806371557,0.0001981109306169,0.0011126975,-0.0009145865989896211
physics_guided_NN,10,350,3,105,9.509567869166998,9.44108,0.06848777578320941,38.038271476668,37.107815,0.9304566878496416,85.58611082250299,84.50148,1.0846307199639256,152.15308590667198,149.56825,2.584833343195413,0.0094807206821437,0.0060170605,0.003463660197406543,0.0060305708981753,0.0037804674,0.002250103462457717
physics_guided_NN,10,350,3,106,6.191534467721945,5.7802134,0.4113211117038782,24.76613787088778,22.801264,1.9648740616836768,55.72381020949751,51.841805,3.8820057051029764,99.06455148355111,92.13639,6.928160797515957,0.0004841523727612,-2.4631558e-05,0.0005087839303689905,0.0002687269975853,-7.672648e-05,0.0003454534767500904
physics_guided_NN,10,350,3,107,11.42073821769062,11.662599,-0.24186039223369704,45.68295287076248,46.60218,-0.9192276101945538,102.7866439592156,105.849014,-3.062370323010967,182.7318114830499,185.80418,-3.0723724769110277,0.0005902473671949,9.341125e-05,0.0004968361204145939,0.0002477729422742,0.00026261742,-1.4844482321901028e-05
physics_guided_NN,10,350,3,108,4.91188894622407,4.9161677,-0.0042787898293967785,19.64755578489628,19.098436,0.5491194293054598,44.20700051601664,44.17957,0.027431271631876086,78.59022313958512,77.73487,0.855352228940589,0.0006978634337747,-2.2962162e-05,0.0007208255956674922,0.0002692036260709,5.438628e-05,0.00021481734539012624
physics_guided_NN,10,350,3,109,14.861769498872436,15.264647,-0.4028770312789316,59.44707799548974,62.032146,-2.5850684583676795,133.75592548985193,138.60577,-4.849848435929317,237.78831198195897,249.20857,-11.420260405736343,0.0002913726527934,0.001102883,-0.0008115103666911796,9.880204819574744e-05,0.0007307423,-0.0006319402447485944
physics_guided_NN,10,350,3,110,22.46412910495373,22.850416,-0.38628707851794886,89.85651641981495,91.88817,-2.0316519151459858,202.1771619445836,205.1053,-2.9281389587367244,359.4260656792598,368.91425,-9.488179926208943,0.0001583390564113,-0.00039044436,0.0005487834147564211,8.89868852583374e-05,-0.00034826592,0.0004372528083523418
physics_guided_NN,10,350,3,111,4.825329761379336,5.1758003,-0.35047056210699257,19.301319045517342,20.903399,-1.602079468276603,43.42796785241403,47.68307,-4.255103284060581,77.20527618206938,85.248,-8.04272491656343,0.0057705266597027,0.0044783037,0.001292222944116038,0.0028125966633712,0.0022100538,0.0006025428152685113
physics_guided_NN,10,350,3,112,10.428010877008289,10.387007,0.04100411736473397,41.71204350803316,40.448532,1.2635114035409742,93.8520978930746,92.5281,1.323998833016006,166.84817403213262,162.92912,3.919051107327931,0.0029918967576849,0.0017151755,0.0012767212994548218,0.0015877821710157,0.0009382505,0.0006495316623906396
physics_guided_NN,10,350,3,113,1.7771309449366817,1.4703144,0.30681656142990676,7.108523779746727,5.6736674,1.4348563488690411,15.994178504430137,12.759592,3.2345864481557225,28.434095118986907,23.143728,5.290366862761321,0.0360242692880304,0.030900348,0.0051239213101537395,0.0203045007841629,0.016271824,0.0040326767669958095
physics_guided_NN,10,350,3,114,12.289019590632158,12.229097,0.05992222429915017,49.15607836252863,48.395264,0.7608146906536319,110.60117631568944,109.69858,0.9025984348300682,196.62431345011453,195.7329,0.8914185526535903,9.754662266965013e-05,-0.0013468185,0.0014443651433571707,4.886034234012437e-05,-0.0009740851,0.0010229454660839862
physics_guided_NN,10,350,3,115,4.308078214917012,4.3348765,-0.026798322405985786,17.23231285966805,17.63846,-0.40614729963370877,38.77270393425311,38.957344,-0.18464012092267268,68.9292514386722,70.42961,-1.5003597673824913,0.0035557236533978,0.0050998693,-0.0015441456798098072,0.001711271758825,0.0024727932,-0.0007615214589234036
physics_guided_NN,10,350,3,116,5.439125605408498,5.1920323,0.2470932682197775,21.756502421634,21.18569,0.570812495486539,48.952130448676485,48.19002,0.7621089337839067,87.02600968653597,86.24706,0.7789470034305026,0.0010248442978199,0.001004771,2.0073317603337302e-05,0.0004185072753014,0.00042328757,-4.780290052857836e-06
physics_guided_NN,10,350,3,117,8.937083971553351,8.648939,0.2881448388629213,35.748335886213404,34.595524,1.1528120519848883,80.43375574398017,78.67434,1.7594164495465776,142.99334354485362,139.93837,3.0549737938770534,0.0006666903682739,0.00076954445,-0.00010285408275793385,0.0003392612795958,0.00031607883,2.3182446757115686e-05
physics_guided_NN,10,350,3,118,1.42848315165017,1.1845835,0.2438996069190298,5.713932606600681,4.430095,1.283837410830417,12.85634836485153,10.345766,2.510582297346648,22.85573042640272,20.401663,2.454067599864633,0.0145479856855555,0.011501999,0.003045987044958634,0.0070821030301843,0.005396754,0.0016853490149472067
physics_guided_NN,10,350,3,119,6.677879061803077,7.0117416,-0.33386257638051653,26.71151624721231,27.834694,-1.1231776614790974,60.10091155622769,62.6726,-2.5716882362527755,106.84606498884924,112.130295,-5.284229810955452,0.0016497518985362,0.0015547603,9.499163150947752e-05,0.0006505421426135,0.00067803735,-2.7495208849489996e-05
physics_guided_NN,10,350,3,120,5.497448918746255,5.6439266,-0.14647770173714303,21.98979567498501,22.51662,-0.5268249610013171,49.47704026871629,50.42133,-0.9442892295747285,87.95918269994007,89.68769,-1.728508034923209,0.0025465563815759,0.0031014455,-0.0005548891200943414,0.0014255835410219,0.0019415828,-0.0005159992290649249
physics_guided_NN,10,350,3,121,15.033435433741772,14.622617,0.4108186658584714,60.13374173496709,58.239494,1.8942474112366199,135.30091890367595,132.64688,2.6540378001603244,240.53496693986835,235.33594,5.1990294398683545,0.0001944794301099,0.0008602804,-0.0006658009853989962,8.52648176757975e-05,0.00032665982,-0.00024139500376373692
physics_guided_NN,10,350,3,122,22.80786756985916,22.594456,0.21341185086501824,91.23147027943664,90.639946,0.5915242955499167,205.27080812873243,203.33195,1.9388531726777387,364.92588111774654,361.30276,3.623116225168417,2.954715334064149e-05,9.873143e-05,-6.918427364715553e-05,1.3857814611923316e-05,-0.0002396844,0.00025354222116345576
physics_guided_NN,10,350,3,123,1.8325058136135792,1.6183604,0.2141454134136891,7.330023254454317,6.2703223,1.059700931608858,16.49255232252221,16.101122,0.39143042005639117,29.320093017817268,28.494078,0.8260153353221504,0.0094966624512623,0.0124284355,-0.0029317730457236128,0.0053058602792893,0.0067496276,-0.001443767366769498
physics_guided_NN,10,350,3,124,6.618000068936514,6.869604,-0.2516040417812597,26.47200027574605,27.093977,-0.6219766987412534,59.56200062042864,61.845505,-2.2835041403135463,105.88800110298422,110.806366,-4.918364863812656,0.0014063008426342,0.0001092726,0.0012970282410856176,0.0005962611359141,-0.00023943714,0.0008356982763220721
physics_guided_NN,10,350,3,125,4.366536082362725,3.876787,0.4897491351123584,17.4661443294509,15.844018,1.6221263469679883,39.298824741264525,35.62968,3.669144107719603,69.8645773178036,63.19824,6.666338945000859,0.0058880616620181,0.0074378,-0.0015497383952142799,0.0026836214050987,0.0037522987,-0.001068677248027063
physics_guided_NN,10,350,3,126,2.67115610967517,2.523978,0.1471781147563469,10.68462443870068,8.957303,1.7273213915205048,24.04040498707653,22.14638,1.894025516251336,42.73849775480272,39.823406,2.9150915353203004,0.0087413439507307,0.009977893,-0.001236549021798235,0.0048618842001809,0.0060718353,-0.0012099510904596926
physics_guided_NN,10,350,3,127,4.711270387854971,3.9918535,0.7194169122842924,18.845081551419884,16.223858,2.6212236717812125,42.40143349069474,37.15433,5.247102283419352,75.38032620567954,63.37057,12.009755069204928,0.0031103591169908,0.0035755676,-0.0004652085047469187,0.0018734929579194,0.0024069864,-0.000533493472367961
physics_guided_NN,10,350,3,128,24.04386606193053,23.495832,0.5480336186932249,96.1754642477221,93.996284,2.1791797628588228,216.39479455737475,210.97868,5.416111085695064,384.7018569908884,376.62125,8.080610652997791,5.390962245978184e-05,0.00088090455,-0.000826994931463974,1.6653896933989982e-05,0.00042424427,-0.0004075903695350416
physics_guided_NN,10,350,3,129,12.41606617647059,12.2223215,0.19374466615564856,49.66426470588236,48.583954,1.0803108484604849,111.7445955882353,111.459656,0.28493982651654903,198.65705882352944,196.22346,2.433593857709127,0.0009677155655496,0.0016585795,-0.000690863885482383,0.0005306516101594,0.0008409513,-0.0003102996709746391
physics_guided_NN,10,350,3,130,2.1324182057935803,2.2206228,-0.08820457214526245,8.529672823174321,8.614263,-0.08458975769726074,19.191763852142223,19.824701,-0.6329374570618782,34.118691292697285,33.40553,0.7131622704804883,0.1399415584847196,0.069719456,0.07022210234849294,0.0807647465710334,0.03771822,0.04304652502581398
physics_guided_NN,10,350,3,131,13.111650819042408,13.047951,0.0637000744135019,52.44660327616963,52.6453,-0.19869854267802367,118.00485737138168,118.6515,-0.6466395158253562,209.78641310467853,213.3307,-3.544290630673032,0.0005224422012416,0.0019441786,-0.001421736397691322,0.0001944206251694,0.00081716507,-0.0006227444445783162
physics_guided_NN,10,350,3,132,3.0906422179031225,2.819739,0.2709031145858618,12.36256887161249,10.840074,1.5224952861022363,27.815779961128108,26.53716,1.2786190877150219,49.45027548644996,45.34566,4.104614323119883,0.0122814366683881,0.009590023,0.002691413471154423,0.005540147182967,0.0042664367,0.0012737105055408999
physics_guided_NN,10,350,3,133,14.026593036231542,13.67206,0.3545330234141595,56.10637214492617,55.085567,1.0208046705609348,126.23933732608388,123.16103,3.0783036957127905,224.42548857970468,220.45697,3.968518364860927,7.501022966497949e-06,-0.0011358213,0.0011433223607781467,2.464121109239653e-06,-0.0005431037,0.0005455678490869626
physics_guided_NN,10,350,3,134,8.24463773501718,8.137018,0.10761953128182888,32.97855094006872,32.2035,0.7750520997366905,74.20173961515462,73.15543,1.046305960369466,131.9142037602749,131.06262,0.8515816899623871,0.0006111043165311,0.0011891095,-0.0005780052035242537,0.0002543370434921,0.00037708116,-0.00012274411647582913
physics_guided_NN,10,350,3,135,27.82904718475065,27.413208,0.41583917693814954,111.31618873900258,109.662704,1.6534842712291464,250.46142466275572,247.09372,3.367705180333843,445.2647549560104,441.25476,4.009994213822893,0.0001197568222336,-0.000223407,0.000343163820208562,5.5659446316274334e-05,-0.00012592405,0.00018158349887045704
physics_guided_NN,10,350,3,136,4.898991040150561,4.9248276,-0.025836535533033,19.595964160602243,19.616907,-0.020942959148733564,44.09091936135505,43.413937,0.6769827463648141,78.38385664240897,77.14201,1.2418430926042845,0.0089140784551873,0.0073788604,0.0015352180784120352,0.005290892962084,0.0044454266,0.0008454663303651263
physics_guided_NN,10,350,3,137,4.566342687557527,4.362675,0.2036674975856032,18.265370750230108,17.519567,0.7458032606060847,41.09708418801775,38.96155,2.1355325217579875,73.06148300092043,68.98835,4.073133086369651,0.0025472347813401,0.004018979,-0.0014717443657365067,0.0013051014989528,0.0021431616,-0.000838060105228132
physics_guided_NN,10,350,3,138,7.404395539731026,7.469093,-0.06469730618572189,29.617582158924105,29.866716,-0.2491342259635907,66.63955985757923,68.89158,-2.252018816737177,118.47032863569642,121.70823,-3.2379004292449878,0.0007798959699697,0.002300664,-0.0015207681140624778,0.0003743876798453,0.00121422,-0.000839832275882158
physics_guided_NN,10,350,3,139,2.5613469639474733,2.3812053,0.18014164358919693,10.245387855789891,10.051629,0.19375878932260626,23.05212267552726,23.021448,0.0306745401512849,40.98155142315957,40.82252,0.1590302134427759,0.0889863865616995,0.060548853,0.02843753343255101,0.0432868700469643,0.031599805,0.011687065287938725
physics_guided_NN,10,350,3,140,9.680229981866049,9.393712,0.28651793810384163,38.72091992746419,37.33416,1.3867600763899688,87.12206983679442,83.784,3.3380732547631737,154.88367970985675,150.75064,4.133038840716125,0.0018134004518107,0.001933891,-0.00012049052513237574,0.0009666398149844,0.0010723614,-0.00010572155183891563
physics_guided_NN,10,350,3,141,3.049184367930736,2.7017262,0.34745816973432486,12.196737471722944,10.478305,1.7184326087468698,27.442659311376627,25.367628,2.075031213842447,48.786949886891776,42.78436,6.0025909086202915,0.0073772398086829,0.008673556,-0.0012963163403229899,0.0040681650111863,0.00556843,-0.001500264816503825
physics_guided_NN,10,350,3,142,13.08631862231328,13.839804,-0.7534850733654306,52.34527448925312,55.15659,-2.811315018803519,117.77686760081954,123.804634,-6.0277664934187385,209.38109795701249,221.51091,-12.129812077167202,0.0001830420819045,-0.00094183016,0.0011248722452604166,0.000112907994169,-0.00052231405,0.0006352220411442252
physics_guided_NN,10,350,3,143,8.92731951436687,8.785184,0.142135607811694,35.70927805746748,34.900356,0.8089217647428697,80.34587562930184,78.57015,1.7757233465870002,142.83711222986992,140.40355,2.433563035533979,0.0007052229711243,-0.0004032454,0.001108468358257511,0.0003475707251902,-0.0002951796,0.0006427503302085474
physics_guided_NN,10,350,3,144,4.044983529092328,4.1201935,-0.07520995235298411,16.17993411636931,16.48635,-0.30641498946565093,36.40485176183096,38.226254,-1.8214017476905227,64.71973646547724,68.17443,-3.4546943816907287,0.0006149247278255,-0.000385459,0.0010003837164287046,0.000360343215153,-4.362541e-05,0.00040396862373282824
physics_guided_NN,10,350,3,145,9.066507260458769,9.497321,-0.430813868386446,36.26602904183508,37.081657,-0.8156283678328862,81.59856534412891,85.579735,-3.9811694581171793,145.0641161673403,148.28162,-3.217500043597198,3.819729896766109e-05,-0.0003661266,0.00040432389356699747,1.3156376015703372e-05,-0.0004718543,0.000485010667406331
physics_guided_NN,10,350,3,146,13.42726998780054,14.035069,-0.6077994778366662,53.70907995120216,56.624573,-2.9154928027040867,120.8454298902049,127.78691,-6.94148112053729,214.83631980480865,226.26465,-11.428328632691347,0.0001249730461307,9.086967e-05,3.410337865651953e-05,4.70001011013226e-05,0.00019368863,-0.00014668852448489653
physics_guided_NN,10,350,3,147,6.663668098842473,6.66757,-0.0039020152932689456,26.654672395369893,26.586939,0.0677335373376664,59.973012889582265,59.797764,0.17524906511937388,106.61868958147956,107.95495,-1.336258843813411,0.0005821285697384,0.0015982805,-0.0010161519355388164,0.0002259798641331,0.0008518834,-0.0006259035142124193
physics_guided_NN,10,350,3,148,3.391487628496284,3.382511,0.008976727998847522,13.565950513985136,13.518514,0.04743683448074165,30.52338865646656,30.300833,0.2225559080534758,54.26380205594055,53.88599,0.3778119131182862,0.0033447445083038,0.0024303882,0.0009143562700227883,0.0016333122197866,0.00063252967,0.0010007825489483334
physics_guided_NN,10,350,3,149,4.954479545156899,4.907082,0.0473974643158348,19.8179181806276,19.374525,0.4433931104371709,44.5903159064121,44.909733,-0.3194169121914143,79.27167272251039,78.54687,0.7248053519049193,0.0009654001765272,0.003247801,-0.0022824008050987147,0.00047476928586,0.0018333545,-0.001358585186322691
physics_guided_NN,10,350,3,150,6.011367773815236,5.838813,0.17255494575127095,24.045471095260943,23.262426,0.7830447189181697,54.10230996433713,53.245945,0.8563649875304904,96.18188438104376,94.030975,2.1509090392468835,0.0032401851609279,0.0035204613,-0.0002802761040698208,0.0016135898205019,0.0020528252,-0.0004392353565864798
physics_guided_NN,10,350,3,151,4.602912515609323,4.463196,0.13971671482807313,18.411650062437293,18.241726,0.16992414080643314,41.426212640483904,40.58164,0.8445743043022631,73.64660024974917,73.13102,0.5155806574640138,0.0036565600972338,0.003844294,-0.00018773390132054884,0.0013548253582353,0.0010886895,0.00026613581120318213
physics_guided_NN,10,350,3,152,7.471445561391796,7.013079,0.45836639497944276,29.885782245567185,27.946213,1.9395694770124976,67.24301005252617,63.458218,3.784792431676564,119.54312898226874,114.24825,5.294876113616397,0.002408051176181,0.0032095755,-0.0008015243688617533,0.0009512165040181,0.0013565922,-0.0004053756650134008
physics_guided_NN,10,350,3,153,4.298680966941013,4.3479357,-0.04925470963369438,17.19472386776405,17.180733,0.013991140713269345,38.68812870246912,39.532764,-0.8446357323453313,68.7788954710562,70.11513,-1.3362320924203601,0.0145250890891151,0.014638878,-0.0001137893159790463,0.008266752623768,0.00811169,0.00015506245270505321
physics_guided_NN,10,350,3,154,9.961519696258648,11.2921715,-1.3306517820128363,39.84607878503459,45.10032,-5.254240123656814,89.65367726632783,101.8268,-12.17312021902373,159.38431514013837,180.9056,-21.521278731931943,0.0005343290450003,-0.0010719424,0.0016062714330803605,0.0003047122490164,-0.00055688916,0.0008616014137435812
physics_guided_NN,10,350,3,155,3.802494141193,3.7326028,0.06989130649146214,15.209976564772,14.731515,0.47846163404690323,34.222447270737,33.591537,0.6309097951510623,60.839906259088,60.126995,0.7129111724180817,0.002337667315171,0.0026130865,-0.0002754191710642611,0.000915370152851,0.0010708992,-0.00015552903753016936
physics_guided_NN,10,350,3,156,1.8090587522250845,1.7731189,0.03593989865605374,7.236235008900337,7.6335216,-0.39728654795391094,16.28152877002576,16.528124,-0.24659508556506182,28.94494003560135,31.294325,-2.3493848392765813,0.12657816747043,0.088344894,0.03823327312085495,0.0627941426076313,0.04800152,0.014792622271957018
physics_guided_NN,10,350,3,157,15.865744505275009,15.77814,0.08760443722080957,63.46297802110004,62.676216,0.786761895611761,142.7917005474751,141.15764,1.6340619976704147,253.8519120844001,250.92487,2.9270463617438622,3.720885576926503e-05,0.00061675167,-0.0005795428136711534,1.4232428834007023e-05,0.00016255521,-0.00014832278157474762
physics_guided_NN,10,350,3,158,8.256042300482644,7.5178237,0.7382186043461694,33.024169201930576,29.9901,3.034068341334873,74.30438070434381,66.94817,7.356207181394595,132.0966768077223,119.56112,12.53555772813246,0.0052435352965902,0.0038019875,0.0014415477901409774,0.0032711917881521,0.0021423914,0.001128800387740375
physics_guided_NN,10,350,3,159,12.151822997528502,12.00358,0.14824290414471264,48.60729199011401,48.124386,0.48290615637377243,109.36640697775653,107.958244,1.4081626540260572,194.42916796045603,192.96928,1.4598839028388397,0.0001662571033781,0.0011181618,-0.0009519047286043338,6.547810727220494e-05,0.0006271834,-0.0005617053063264816
physics_guided_NN,10,350,3,160,23.54995484428793,23.274984,0.2749704845467207,94.19981937715174,93.15347,1.0463464767611157,211.94959359859132,207.27998,4.669610078083508,376.79927750860696,370.6475,6.151786053528838,3.177768661307464e-05,-0.0002633165,0.00029509418521674643,1.107390869344593e-05,-0.00038396096,0.0003950348649353814
physics_guided_NN,10,350,3,161,13.519309641027354,13.3106,0.2087093602656349,54.077238564109415,53.718197,0.3590416952129303,121.6737867692462,121.487,0.18678725752745606,216.3089542564377,216.79004,-0.48108480606231296,0.000249639490009,-0.0004497454,0.0006993848819701871,8.066250989349991e-05,-0.0002292331,0.0003098956145126975
physics_guided_NN,10,350,3,162,8.145403208820799,8.073317,0.07208663472411914,32.581612835283195,31.873146,0.708466778154289,73.30862887938719,73.71949,-0.4108611718823454,130.32645134113278,129.6741,0.6523485579296562,0.001292656229479,0.002539066,-0.0012464096698483974,0.0006162321584601,0.0012090305,-0.0005927983514662787
physics_guided_NN,10,350,3,163,2.8729771356231284,3.1274803,-0.25450313285526516,11.491908542492514,12.742082,-1.2501730996583653,25.85679422060816,27.89308,-2.0362855370822714,45.96763416997005,51.847454,-5.879819901074875,0.0060776574636114,0.0066107884,-0.0005331309413301585,0.0029435441384797,0.0025495484,0.00039399573791371826
physics_guided_NN,10,350,3,164,13.053786585878662,12.764415,0.28937179858618123,52.21514634351465,50.9586,1.256547252938475,117.48407927290796,115.1691,2.3149813725173374,208.8605853740586,205.0804,3.7801868144882746,0.0002198132185227,0.0010431228,-0.0008233096253165281,0.0001222256881609,0.00037648185,-0.00025425616573026405
physics_guided_NN,10,350,3,165,6.914075788258415,7.1056795,-0.19160372376551038,27.65630315303365,28.951534,-1.2952311182065834,62.22668209432573,64.61184,-2.3851572001078623,110.62521261213465,115.18845,-4.56324106218176,0.0145908582400218,0.004665553,0.009925305135889385,0.0077070339814973,0.0024496056,0.005257428367550386
physics_guided_NN,10,350,3,166,4.6890501256039725,4.91339,-0.2243400340029611,18.75620050241589,19.73648,-0.980280210474735,42.20145113043576,44.747326,-2.54587476678104,75.02480200966356,77.19225,-2.167451103129409,0.0072142869950008,0.0073840157,-0.00016972871788624878,0.0034188463387068,0.0028906185,0.0005282278207119195
physics_guided_NN,10,350,3,167,3.661748803522384,3.852805,-0.19105609569331428,14.646995214089538,14.619697,0.027298596963072796,32.95573923170146,34.241207,-1.285467891101277,58.58798085635815,59.216473,-0.6284917693742713,0.0112397627006563,0.011898704,-0.0006589411725012005,0.0058662779062314,0.0064572077,-0.0005909298182206184
physics_guided_NN,10,350,3,168,5.548107903853351,5.114034,0.43407372798054844,22.192431615413405,20.096949,2.095482991756178,49.932971134680166,45.520775,4.412196293371572,88.76972646165362,79.895775,8.873951620345025,0.00315308902062,0.0048408597,-0.0016877706570225838,0.0015546236145767,0.002696307,-0.0011416832957891199
physics_guided_NN,10,350,3,169,7.337626590906152,7.2124133,0.1252132799015131,29.350506363624607,29.144691,0.20581489633945083,66.03863931815538,65.32287,0.7157709709874069,117.40202545449844,115.0718,2.3302252225648488,0.0018343693741747,0.001819047,1.5322345044539287e-05,0.0010001784220899,0.00080394844,0.00019622998382919565
physics_guided_NN,10,350,3,170,3.783466432271873,3.5963037,0.18716273087111635,15.133865729087493,14.185332,0.9485334308086841,34.05119789044686,32.868835,1.1823624412281077,60.53546291634997,57.10256,3.4329047803636428,0.0175748592387951,0.009980252,0.0075946072261846645,0.0083559726236618,0.0048930757,0.003462896948889538
physics_guided_NN,10,350,3,171,4.192578830995087,3.9606912,0.23188761738729902,16.77031532398035,15.099574,1.6707412349300554,37.733209478955786,35.948387,1.784822332959692,67.0812612959214,60.294407,6.786854405052253,0.0034219534842407,0.0045280787,-0.0011061252320075736,0.0014748418718889,0.001949756,-0.0004749141851127503
physics_guided_NN,10,350,3,172,15.907873605759288,15.90151,0.0063633671118275,63.63149442303715,63.961124,-0.329629997128869,143.1708624518336,142.6987,0.4721625006617387,254.5259776921486,256.54736,-2.0213855891014134,0.0002674286185471,-0.00038014347,0.0006475720835556866,0.000147685965158,-0.00030157337,0.0004492593324817264
physics_guided_NN,10,350,3,173,7.529287417626925,7.772137,-0.24284974744265497,30.1171496705077,31.236385,-1.119235674951284,67.76358675864232,69.83161,-2.0680248746584624,120.4685986820308,124.26029,-3.7916933711918546,4.960285739719004e-05,-0.00035478448,0.0004043873400215718,2.936096086046404e-05,-0.00041859405,0.0004479550096846253
physics_guided_NN,10,350,3,174,11.221000949597205,10.993398,0.22760323688968498,44.88400379838882,44.642075,0.24192921342788054,100.98900854637483,98.067184,2.921824098132646,179.53601519355527,177.92372,1.6122938800787097,8.307858923906641e-05,0.000482027,-0.0003989484222187643,2.8701196128320285e-05,0.00024737098,-0.0002186697794293944
physics_guided_NN,10,350,3,175,4.371037361473001,4.3949976,-0.023960235267721508,17.484149445892005,17.392506,0.09164380014005147,39.33933625325701,40.176323,-0.8369866837547093,69.93659778356802,70.84659,-0.9099903511976066,0.001474688627582,0.0018127492,-0.0003380605654679672,0.0006816434680877,0.00084055035,-0.0001589068786779672
physics_guided_NN,10,350,3,176,2.026161249496456,1.888667,0.13749426207732762,8.104644997985824,7.4816737,0.6229712804870449,18.235451245468106,17.448763,0.7866883517913479,32.4185799919433,30.999723,1.4188565574950545,0.0291277236262833,0.036828306,-0.007700581945988046,0.012815315670536,0.017622713,-0.00480739732904629
physics_guided_NN,10,350,3,177,4.836701571213908,5.2081776,-0.37147599531441244,19.34680628485563,20.727148,-1.380341771174642,43.53031414092517,46.752743,-3.2224286264088136,77.38722513942253,84.6612,-7.273976337628255,0.0018642519732965,0.004139562,-0.002275310164128446,0.0008726443580653,0.0021398494,-0.0012672049973790121
physics_guided_NN,10,350,3,178,3.693784680630692,3.4776456,0.2161390450258338,14.775138722522769,14.214025,0.5611141787605618,33.24406212567623,32.52438,0.7196823954516205,59.10055489009107,57.703884,1.3966707653352088,0.0045680871379539,0.0038142812,0.0007538059406891097,0.0020591419029182,0.001644384,0.00041475790339914973
physics_guided_NN,10,350,3,179,39.81207665030063,39.779987,0.03208931509555413,159.24830660120253,158.7906,0.4577029635072165,358.3086898527057,358.53778,-0.22909090901305262,636.9932264048101,632.92163,4.071595545435116,1.279363630514613e-05,-0.0014436998,0.001456493453478329,3.815542145283997e-06,-0.0007066065,0.0007104220284918566
physics_guided_NN,10,350,3,180,12.43003756035442,12.085005,0.3450327538358646,49.72015024141768,47.91375,1.8064005465934585,111.8703380431898,109.38697,2.4833675231702728,198.8806009656707,193.59451,5.286088026217584,0.0003894848210113,0.0015522112,-0.0011627264161286999,0.0001567755462108,0.0005658102,-0.00040903464104330103
physics_guided_NN,10,350,3,181,7.248853975187079,7.3948154,-0.14596146975920998,28.99541590074832,29.162912,-0.1674964680260942,65.23968577668371,65.59556,-0.35587238982019187,115.98166360299328,116.471466,-0.4898024614598455,0.0006171102551573,0.00043074047,0.00018636978089968186,0.0003305792214,-6.178647e-07,0.0003311970861140587
physics_guided_NN,10,350,3,182,3.619498467870675,3.59009,0.02940843147846328,14.4779938714827,13.723109,0.7548846261824078,32.575486210836075,31.885954,0.6895323076378332,57.9119754859308,56.818386,1.0935894080499438,0.0070144320593859,0.011538829,-0.00452439666374671,0.0039648740421015,0.0068481723,-0.002883298242561223
physics_guided_NN,10,350,3,183,1.9798873455519888,1.9918498,-0.011962434530713884,7.919549382207957,7.5962405,0.32330886173066187,17.818986109967906,18.738127,-0.9191406447928365,31.678197528831827,32.448185,-0.7699874382091885,0.0941693071010605,0.09589985,-0.0017305430290206758,0.0449022569114365,0.051599883,-0.006697625631650508
physics_guided_NN,10,350,3,184,5.996641481246384,6.0959964,-0.09935489860591051,23.986565924985538,24.492285,-0.5057188497947358,53.96977333121747,55.159607,-1.1898336023762823,95.94626369994216,99.337036,-3.3907724328703353,0.0038583919474686,0.003461327,0.00039706500934608927,0.0019486829404366,0.0016266874,0.0003219955832344278
physics_guided_NN,10,350,3,185,13.490853166421708,13.797518,-0.30666461006754986,53.96341266568683,55.17137,-1.2079587942741057,121.4176784977954,124.83161,-3.4139331355053883,215.85365066274733,222.91104,-7.057390597018298,0.0001522279969539,8.199425e-06,0.0001440285720708403,0.0001032532258526,-5.0418243e-05,0.00015367146846102987
physics_guided_NN,10,350,3,186,2.222323046961649,2.2844255,-0.06210245009340465,8.889292187846598,8.265086,0.6242060138353676,20.000907422654844,20.28454,-0.28363275373675734,35.55716875138639,32.867107,2.6900613600289702,0.0661146114947023,0.06337928,0.002735331225556331,0.0346657305884439,0.034324963,0.0003407679426747773
physics_guided_NN,10,350,3,187,6.834854351201392,6.393791,0.44106315247092365,27.33941740480557,26.211021,1.1283959814657258,61.51368916081253,58.136887,3.376802564132845,109.35766961922228,105.26739,4.09028222908556,0.0294407228688673,0.034245335,-0.004804611696772196,0.0162392659874282,0.018079327,-0.0018400614319720142
physics_guided_NN,10,350,3,188,5.508561721758829,5.5444245,-0.035862812085165174,22.03424688703532,21.848501,0.18574568159098348,49.57705549582946,48.99242,0.5846352992962593,88.13698754814126,88.039536,0.09745202568032596,0.0001195430414754,-0.0005878219,0.000707364921365216,4.625905679853948e-05,-0.00040610338,0.00045236244008260164
physics_guided_NN,10,350,3,189,4.218381743038337,4.2307935,-0.012411733066399755,16.873526972153346,16.940409,-0.06688173451169277,37.96543568734502,37.870163,0.09527272347783367,67.49410788861339,68.76778,-1.2736686006444273,0.0164462909818377,0.01908741,-0.002641118618777801,0.0087446224236235,0.010271486,-0.0015268634712949421
physics_guided_NN,10,350,3,190,6.070715567521796,5.8192854,0.2514301747605652,24.282862270087183,23.478035,0.8048272969426513,54.63644010769616,51.16642,3.4700201247860036,97.13144908034872,90.56195,6.569498396754966,0.0089544369942032,0.008616778,0.00033765892595874307,0.0051754306945191,0.004731644,0.0004437867495403862
physics_guided_NN,10,350,3,191,17.113728212773086,17.574228,-0.46050007397007775,68.45491285109235,70.111984,-1.6570714018373423,154.0235539149578,157.83826,-3.8147029209796983,273.8196514043694,278.988,-5.168355187427494,0.0001759606813494,-0.00029836124,0.00047432191711327767,8.680755994717004e-05,-0.00041606225,0.0005028698083522392
physics_guided_NN,10,350,3,192,16.765377557509378,16.754208,0.011169946425393817,67.06151023003751,66.66335,0.398157263728919,150.88839801758442,150.0343,0.8540962597719215,268.24604092015005,266.7595,1.486549953353176,0.0002322117757241,0.00082280865,-0.0005905968759951424,9.308705975010233e-05,0.00033042935,-0.00023734228981018825
physics_guided_NN,10,350,3,193,7.972670060499945,7.8031425,0.16952751289252355,31.89068024199978,30.88712,1.003560948786891,71.75403054449951,70.49792,1.2561133692065454,127.56272096799913,122.6395,4.9232174889952205,0.0010528434173093,4.026952e-05,0.0010125738986598617,0.0003687911527509,-0.00015792523,0.0005267163802914452
physics_guided_NN,10,350,3,194,5.14007728651632,4.7432966,0.3967806632863393,20.56030914606528,18.852982,1.7073275786824667,46.26069557864688,43.604584,2.6561118384125066,82.24123658426112,77.34058,4.900652782991585,0.004602596349982,0.004339602,0.0002629945054328205,0.0017724866497323,0.0017876725,-1.5185868088892678e-05
physics_guided_NN,10,350,3,195,4.374222196008239,4.0162706,0.35795155849603155,17.496888784032954,16.486948,1.0099407707272903,39.36799976407415,37.254414,2.113586159337821,69.98755513613182,65.85405,4.13350545351463,0.0170992227250879,0.026587656,-0.009488433042710524,0.0076033468275715,0.013037274,-0.005433926832730663
physics_guided_NN,10,350,3,196,19.46692364231172,18.70678,0.760144162331251,77.86769456924688,75.0517,2.815997791903129,175.20231278080547,168.49638,6.7059291138132835,311.4707782769875,298.6838,12.786970903940642,0.000132578219273,2.4513403e-05,0.00010806481594090626,4.328241240399081e-05,-7.4177915e-05,0.00011746032734334591
physics_guided_NN,10,350,3,197,17.058624699770295,16.40662,0.6520046741355294,68.23449879908118,65.59406,2.640435993905399,153.52762229793265,147.56636,5.961261824299839,272.9379951963247,260.3647,12.57331013773097,0.0001679906112009,-0.0004152329,0.0005832235168532741,5.574806046646049e-05,-0.00033682183,0.0003925698917635899
physics_guided_NN,10,350,3,198,5.327162086150201,5.2834597,0.04370242275908787,21.308648344600805,20.957325,0.35132336291135147,47.94445877535181,47.53591,0.40854721529321836,85.23459337840322,85.51128,-0.27668286671396913,0.0016698855709417,0.0009458084,0.0007240771467929914,0.0007282481236476,0.0002465812,0.0004816669096331592
physics_guided_NN,10,350,3,199,9.437546265301124,9.19,0.2475466849178236,37.75018506120449,37.31624,0.43394665788417797,84.93791638771012,84.032265,0.9056516782374615,151.00074024481796,148.48009,2.5206529645445244,0.0005756730315145,0.0013176572,-0.0007419841495473043,0.0003322665445334,0.00080672355,-0.00047445700216901477
physics_guided_NN,10,350,3,200,22.61961912258584,22.632101,-0.012481936374122427,90.47847649034335,90.77982,-0.3013468128793022,203.57657210327253,203.85454,-0.2779658605946622,361.9139059613735,364.84943,-2.935520308157777,0.0001141156187301,-0.0015359338,0.0016500494327416142,6.600799078174634e-05,-0.0011671408,0.0012331487754551392
physics_guided_NN,10,350,3,201,13.668170793570228,14.480323,-0.8121520442593617,54.67268317428091,57.951004,-3.2783208540394,123.01353714213204,130.73325,-7.719708707477338,218.69073269712365,231.91669,-13.2259543145951,0.0001222692364372,0.0010632362,-0.0009409669153847113,4.007678039428388e-05,0.00047719484,-0.0004371180638851544
physics_guided_NN,10,350,3,202,11.35580565790681,11.223427,0.13237883905915382,45.42322263162724,45.17727,0.24595364969364653,102.20225092116132,102.58851,-0.38625768479570866,181.69289052650896,181.42726,0.2656291739698986,0.0005892622234714,0.0015994172,-0.0010101549610081347,0.0003103831629464,0.0007947251,-0.0004843419221965999
physics_guided_NN,10,350,3,203,6.099337131658988,5.955246,0.14409115997930044,24.39734852663595,23.272675,1.1246739660890768,54.894034184930895,52.765762,2.1282718558293325,97.5893941065438,93.496086,4.093307985938338,0.0008351021352413,-0.00036878738,0.0012038895184363128,0.0004688958253512,-9.699718e-05,0.0005658930060137836
physics_guided_NN,10,350,3,204,3.654229721327012,3.3860743,0.26815541674632337,14.61691888530805,13.558286,1.0586331721122484,32.88806749194311,32.136604,0.7514631828610803,58.4676755412322,54.929745,3.5379308207732123,0.051691310956815,0.030391976,0.02129933471951794,0.026566094994101,0.015612441,0.010953653879019691
physics_guided_NN,10,350,3,205,7.525671855633088,7.4093113,0.11636056107742387,30.10268742253235,29.277878,0.8248096149151642,67.73104670069779,68.15055,-0.4195041415873675,120.4107496901294,119.37414,1.0366118117114382,0.0004529241974654,0.00047213543,-1.921123692743968e-05,0.0001743365785258,0.00013270586,4.1630722294758746e-05
physics_guided_NN,10,350,3,206,8.631411966777332,8.113023,0.518389162517078,34.52564786710933,33.104813,1.4208352450390151,77.68270770099598,72.54121,5.141501341132695,138.1025914684373,131.35593,6.746664954765436,0.0001689727022992,2.219115e-05,0.00014678155180690997,6.25208944075939e-05,1.8428613e-05,4.409228165978219e-05
physics_guided_NN,10,350,3,207,5.043821261829542,5.381183,-0.33736188560087754,20.17528504731817,21.481033,-1.305748277877143,45.39439135646588,49.103886,-3.709494294168884,80.70114018927268,87.33125,-6.630112862485134,0.0009724139404781,0.00089810655,7.430739293990893e-05,0.0004515290792255,0.00032063044,0.0001308986401340262
physics_guided_NN,10,350,3,208,23.292217264160296,23.467657,-0.17543982507310218,93.1688690566412,94.26401,-1.0951385117181758,209.62995537744268,210.39853,-0.768573675291691,372.6754762265648,374.6603,-1.9848326113258281,2.659360101201349e-05,-0.0008795214,0.0009061150244971436,1.5124534713654686e-05,-0.00062904105,0.0006441655876027335
physics_guided_NN,10,350,3,209,5.350518837492076,5.373915,-0.023396357973012094,21.402075349968303,21.378923,0.023151933830607874,48.15466953742869,48.766098,-0.6114284850322491,85.60830139987321,86.002815,-0.3945138467088185,0.0025677197588472,0.002821102,-0.00025338228104130125,0.0015007865704566,0.0017502443,-0.00024945772290530226
physics_guided_NN,10,350,3,210,6.07800615537599,6.1388,-0.06079398881956699,24.31202462150396,24.8725,-0.5604748444384242,54.70205539838391,55.99953,-1.297475393852416,97.24809848601583,98.40114,-1.153039819648228,0.0017510013597737,0.0026600915,-0.0009090901409556224,0.0009906774567312,0.0016701531,-0.0006794756563508512
physics_guided_NN,10,350,3,211,28.743999303092217,28.67193,0.07206898998186517,114.97599721236888,114.206505,0.7694923905915374,258.69599372783,258.70615,-0.010152512404374647,459.90398884947547,459.72092,0.18307210142859276,2.374378387206449e-05,-0.00014387298,0.00016761676529743923,7.698980896502559e-06,-2.019217e-05,2.789115116477647e-05
physics_guided_NN,10,350,3,212,26.146974126092235,26.301615,-0.15464063526030358,104.58789650436894,105.795784,-1.2078874922130893,235.3227671348301,236.46803,-1.1452657020839752,418.35158601747577,423.90207,-5.550483074321107,8.424729520175523e-05,-0.00051771564,0.0006019629369648165,2.614202680166244e-05,-0.00032894703,0.00035508906006913066
physics_guided_NN,10,350,3,213,4.530610226306957,4.3354383,0.1951719748115961,18.12244090522783,16.796082,1.3263593622590797,40.77549203676262,38.754333,2.0211585406688712,72.48976362091132,68.28836,4.201403025208194,0.0049127912106859,0.0049875067,-7.471545087821187e-05,0.0025183498720954,0.0027626466,-0.0002442967750747862
physics_guided_NN,10,350,3,214,5.242396247518047,5.0467505,0.19564570201633824,20.96958499007219,20.070528,0.8990569596766811,47.18156622766243,45.561417,1.620149601685867,83.87833996028876,78.859276,5.019064142417662,0.0698451016483708,0.053957615,0.01588748660067754,0.0398113174750342,0.029222948,0.010588368998362026
physics_guided_NN,10,350,3,215,10.814507831856025,10.78447,0.030038227363837322,43.2580313274241,43.37057,-0.11253980905051009,97.33057048670422,99.72575,-2.3951832974754694,173.0321253096964,176.48978,-3.457651301631728,0.0005311337135578,0.001431144,-0.0009000102454950607,0.0001835374468323,0.0008588313,-0.0006752938307504944
physics_guided_NN,10,350,3,216,2.154736485165542,2.0709922,0.08374425379652362,8.618945940662169,7.7280135,0.8909324251897566,19.39262836648988,18.379766,1.012861902256482,34.475783762648675,30.780165,3.695619044020745,0.021262256864581,0.014464934,0.0067973225080703616,0.009969927364687,0.0067416383,0.0032282890693345404
physics_guided_NN,10,350,3,217,12.237226870029446,12.270188,-0.03296146157455837,48.94890748011778,49.376442,-0.4275344754486241,110.13504183026502,112.067856,-1.9328140046959135,195.7956299204712,198.0936,-2.297967491638161,0.0002909343505048,0.0009767261,-0.0006857917130223669,0.0001496760149094,0.00044605887,-0.0002963828530554936
physics_guided_NN,10,350,3,218,19.78464324541212,19.770157,0.014486385060557438,79.13857298164847,79.98658,-0.8480069133710657,178.06178920870903,179.64616,-1.5843747317206578,316.55429192659386,320.1977,-3.643400944499888,1.275368573239916e-05,0.0003369209,-0.00032416721500360497,4.492689823982283e-06,0.00054811715,-0.0005436244639882176
physics_guided_NN,10,350,3,219,13.309044120368792,13.20854,0.10050415760023768,53.23617648147517,52.89586,0.34031771682673195,119.78139708331916,119.65083,0.13056395343635074,212.94470592590068,212.50896,0.4357490167209903,4.830784369470663e-05,-0.00056655885,0.0006148666978834766,2.6325065316621536e-05,-0.00033905375,0.0003653788111638169
physics_guided_NN,10,350,3,220,11.307875009931962,11.127727,0.18014845506135657,45.23150003972785,43.91641,1.3150915009094888,101.77087508938769,100.036224,1.7346507241533118,180.9260001589114,176.66544,4.260564367895768,0.0007136289475482,-0.0006599384,0.0013735673253420784,0.0003676631191477,-0.00039507932,0.0007627424371160387
physics_guided_NN,10,350,3,221,9.478256013457584,9.378957,0.09929921871881398,37.913024053830334,37.474705,0.4383193113986934,85.30430412111826,85.72914,-0.4248371142332985,151.65209621532134,152.90562,-1.2535281743271014,0.0012844141265474,0.00023067935,0.0010537347798332312,0.0005032768036723,-0.0001447363,0.0006480131065724281
physics_guided_NN,10,350,3,222,13.894999628761749,13.115448,0.7795516307148738,55.579998515047,52.481857,3.0981412152423147,125.05499665885574,118.754944,6.3000528111994925,222.319994060188,212.57014,9.749849406867696,0.0012969932116305,4.8546182e-05,0.0012484470292604538,0.0004428263265568,-0.00041972887,0.0008625551919381302
physics_guided_NN,10,350,3,223,14.447331930863438,14.478088,-0.030756448042811968,57.78932772345375,57.559856,0.22947130865883025,130.02598737777095,131.7075,-1.6815168946899917,231.157310893815,233.81102,-2.653709003645929,0.0021759700251027,0.0017972813,0.0003786887030332339,0.0009541786954678,0.0009323336,2.1845111989915434e-05
physics_guided_NN,10,350,3,224,8.981182992244404,9.330665,-0.3494816424601854,35.92473196897762,36.97237,-1.0476381787274605,80.83064693019965,83.8723,-3.041652264136289,143.69892787591047,147.95284,-4.253907207097342,0.0011296896718485,0.0013211734,-0.0001914837175937651,0.0006860938387613,0.00092339196,-0.0002372981166777013
physics_guided_NN,10,350,3,225,7.7161672104415935,7.527839,0.18832802663422044,30.86466884176637,29.607508,1.2571611360778938,69.44550489397436,68.75288,0.6926286122360779,123.4586753670655,119.34182,4.116855603881902,0.0013026966684824,0.0018697906,-0.0005670939367869725,0.0004599777536131,0.00076588435,-0.00030590659970049504
physics_guided_NN,10,350,3,226,4.095482743334061,3.7908537,0.30462900454927055,16.381930973336242,15.602576,0.7793547175379025,36.85934469000655,35.829464,1.0298807312663172,65.52772389334497,61.764355,3.7633691875344226,0.0056955867479256,0.0064435727,-0.000747985948372761,0.0033825872859603,0.0034170002,-3.4412888562099925e-05
physics_guided_NN,10,350,3,227,10.231510924923084,9.675238,0.5562732692834356,40.926043699692336,37.542828,3.383216093491164,92.0835983243078,85.13847,6.945124813565613,163.70417479876934,151.52255,12.181622308534969,0.0031694054962731,0.0007104874,0.002458918072342783,0.0016588547677655,0.00085680705,0.0008020477197986323
physics_guided_NN,10,350,3,228,3.184881272352736,3.2237494,-0.03886812683244445,12.73952508941094,13.597684,-0.8581588171442363,28.663931451174616,29.906916,-1.2429842134982358,50.958100357643765,52.243114,-1.2850141137917817,0.0008603869216376,-0.0011135185,0.0019739054120936446,0.00043526885331,-0.000980405,0.0014156738738375417
physics_guided_NN,10,350,3,229,3.8755034178268417,3.9162467,-0.0407432347763077,15.502013671307369,15.057986,0.4440274118469194,34.879530760441575,36.149677,-1.2701465161697527,62.00805468522947,62.971104,-0.9630489829834232,0.0376220106117254,0.019051,0.018571010135841913,0.0197032850933418,0.010570738,0.009132546628747913
physics_guided_NN,10,350,3,230,13.096187721050416,12.706115,0.3900729520684827,52.38475088420167,50.76343,1.6213193351294066,117.86568948945376,114.63087,3.234822485059226,209.53900353680663,203.05139,6.487611935244132,0.0003686013558441,0.0012164694,-0.0008478680931470199,0.0001383982818233,0.0006630768,-0.0005246785366317106
physics_guided_NN,10,350,3,231,15.49589578357424,15.091831,0.4040645762988486,61.98358313429696,59.94553,2.0380531965528164,139.46306205216817,135.76006,3.7030065101759817,247.93433253718783,240.25548,7.67885463191439,0.0001286864347713,0.0006844416,-0.0005557551563760334,5.178375834028999e-05,0.00021262032,-0.00016083655971206893
physics_guided_NN,10,350,3,232,14.21872832320477,14.582069,-0.36334107376788616,56.87491329281908,57.782387,-0.9074734869660759,127.96855490884292,130.31355,-2.344997947602394,227.49965317127632,229.56642,-2.066768337512741,0.0007436961941599,-0.00024227094,0.0009859671308836985,0.0002563180051828,-0.00033346558,0.0005897835827516589
physics_guided_NN,10,350,3,233,6.365380475719864,6.373672,-0.008291532794539869,25.461521902879458,25.23231,0.22921256144879365,57.288424281478775,57.59943,-0.3110058027497402,101.84608761151785,100.305336,1.5407516129826888,0.0024841150245227,0.0048479834,-0.0023638683394931175,0.000903770183122,0.0025480408,-0.001644270639026323
physics_guided_NN,10,350,3,234,8.901793449846561,8.643822,0.25797173353796765,35.607173799386246,34.230972,1.376201509347183,80.11614104861906,78.73163,1.3845126306503062,142.42869519754498,139.91945,2.50924634500592,0.00046763572442,0.0011006804,-0.000633044717175614,0.0001891601681181,0.00040804438,-0.00021888420782678264
physics_guided_NN,10,350,3,235,3.0916709686905595,3.2562315,-0.16456057771141808,12.366683874762238,12.874482,-0.5077982800839536,27.82503871821504,30.69573,-2.8706914911355454,49.46673549904895,53.001377,-3.5346416066639392,0.0159311102514571,0.009990557,0.005940553154558544,0.0078598300226219,0.0054322416,0.0024275884263403723
physics_guided_NN,10,350,3,236,2.2236122759748773,2.4106615,-0.1870491829942389,8.89444910389951,9.25287,-0.35842050211855714,20.01251048377389,21.804506,-1.7919958181059918,35.57779641559804,38.125645,-2.5478482682398536,0.0235524198564675,0.03049633,-0.006943909212670074,0.011216628490543,0.015228258,-0.004011629955315956
physics_guided_NN,10,350,3,237,8.44635258790726,8.313792,0.13256035920852938,33.78541035162904,32.614285,1.17112583624818,76.01717329116535,76.15728,-0.14010667709636948,135.14164140651616,132.38904,2.7526033205786575,0.0004594601478973,0.000116341806,0.0003431183423460989,0.0001758827418416,1.3887485e-05,0.00016199525705811867
physics_guided_NN,10,350,3,238,5.162931939493839,5.2604623,-0.0975303445942961,20.651727757975355,20.270248,0.38147934488941715,46.46638745544455,47.378357,-0.9119694781492029,82.60691103190142,81.77438,0.8325274869795436,0.0005143995454245,0.000815427,-0.0003010274435683401,0.0002841226847598,0.0007375016,-0.0004533789146004574
physics_guided_NN,10,350,3,239,3.860819877299951,3.922434,-0.061614214268042033,15.443279509199805,15.055879,0.3874008699786131,34.74737889569956,35.096916,-0.3495373030309068,61.77311803679921,61.692837,0.08028127532460161,0.0091644046176434,0.013223753,-0.004059348693096595,0.0048632619555952,0.007897904,-0.0030346421871421886
physics_guided_NN,10,350,3,240,25.906732600360822,25.542906,0.3638267928657051,103.6269304014433,101.73666,1.8902742124784595,233.16059340324745,230.35242,2.8081764110599465,414.5077216057732,407.52597,6.981751146788838,1.841717626413301e-05,-0.00087290717,0.000891324346824344,5.6238899918926426e-06,-0.0004198716,0.0004254954805577827
physics_guided_NN,10,350,3,241,3.311690133209241,3.4384587,-0.1267685478973264,13.246760532836966,13.97651,-0.7297495150756319,29.80521119888318,32.262283,-2.4570721263121342,52.98704213134786,55.65723,-2.6701882458494026,0.0439182921568043,0.034307204,0.009611087969887952,0.025475870964637,0.017861772,0.007614098636021811
physics_guided_NN,10,350,3,242,1.7554429941860044,1.5715264,0.18391658599050875,7.021771976744017,6.0591807,0.9625912402022694,15.798986947674042,14.25873,1.5402570129816588,28.08708790697607,26.588964,1.4981234446957963,0.0134955252942232,0.013739764,-0.00024423846485339615,0.0063758596227622,0.00684657,-0.00047071032141089795
physics_guided_NN,10,350,3,243,4.334239396506373,4.1631455,0.1710938543615974,17.33695758602549,16.548742,0.7882152917139678,39.00815456855736,38.26065,0.7475039337917337,69.34783034410196,66.87155,2.47627883043009,0.0046504906813592,0.004541815,0.0001086758884579226,0.0024048445911112,0.002625361,-0.00022051649382684923
physics_guided_NN,10,350,3,244,2.831194021659799,2.7535193,0.07767472501368067,11.324776086639195,11.227206,0.09756985647562111,25.48074619493819,24.978884,0.5018624516520589,45.29910434655678,43.938656,1.360448493285297,0.0016579272123121,0.0010630261,0.0005949010737307644,0.0007943360217938,0.0003549136,0.0004394224345775122
physics_guided_NN,10,350,3,245,4.158860795694611,4.1814165,-0.02255571584103322,16.635443182778445,17.325891,-0.6904483119725313,37.42974716125151,38.23361,-0.8038610845980969,66.54177273111378,68.43429,-1.8925152937885628,0.0013990833619159,6.9039e-05,0.0013300443612519937,0.0006251215055102,-0.00030962512,0.0009347466221527645
physics_guided_NN,10,350,3,246,4.81036473360478,4.759515,0.050849924949995184,19.24145893441912,18.970978,0.27048115121599636,43.29328260244303,43.166553,0.12672910512857527,76.96583573767649,76.21467,0.7511674637507042,0.0015661768503117,0.0021054205,-0.0005392436050248707,0.0007907790158013,0.0015159347,-0.0007251556936582433
physics_guided_NN,10,350,3,247,2.2574082006840026,2.5737221,-0.31631392341572884,9.02963280273601,9.781281,-0.751648668516431,20.316673806156025,23.298319,-2.981645056759014,36.11853121094404,40.589413,-4.470881478264943,0.0055781559777944,0.0066482746,-0.0010701186264367194,0.0031235568110924,0.0041462104,-0.0010226535725314386
physics_guided_NN,10,350,3,248,7.846664457009283,7.7718415,0.07482293097778925,31.386657828037134,31.383942,0.002716177646508555,70.61998011308356,69.41242,1.2075579329077755,125.54663131214852,124.95983,0.5868000743555513,0.0090756905137689,0.010487517,-0.0014118268282024976,0.0046720260466103,0.0058011822,-0.0011291561936374265
physics_guided_NN,10,350,3,249,28.380762567846283,27.516695,0.8640675452632749,113.52305027138512,110.253426,3.2696246732405854,255.42686311061647,248.69203,6.734831250264904,454.0922010855405,436.8671,17.2251051382749,4.805989300067394e-06,-0.0008995542,0.0009043601613651764,1.5777557169770771e-06,-0.00026322127,0.0002647990265873944
physics_guided_NN,10,350,3,250,6.825494010946028,6.9538507,-0.12835673520875712,27.301976043784112,27.633932,-0.3319560698633488,61.429446098514255,62.23624,-0.8067942884486357,109.20790417513643,111.5927,-2.384792968418253,0.0002377529422988,-0.0011851917,0.00142294462111339,9.985320277419948e-05,-0.0007253526,0.0008252058155639198
physics_guided_NN,10,350,3,251,3.952458295443556,3.9595468,-0.007088508984544717,15.809833181774223,16.07644,-0.2666076293830031,35.57212465899201,36.280056,-0.7079313407638494,63.2393327270969,64.03671,-0.797379919387474,0.0012538005827487,-0.00016998587,0.0014237864521824308,0.0005612408893033,-0.00044387154,0.0010051124297863873
physics_guided_NN,10,350,3,252,9.792727195423833,9.333809,0.4589182964980516,39.17090878169533,37.32273,1.8481777636289252,88.13454475881449,85.12439,3.010155110376985,156.6836351267813,152.28285,4.400782953929735,0.0001710836195905,-8.4732135e-05,0.0002558157548826426,9.995541500483102e-05,-8.876755e-05,0.0001887229637368249
physics_guided_NN,10,350,3,253,3.4345803368084304,3.3762057,0.058374654053913844,13.738321347233722,13.646148,0.09217361926741319,30.91122303127588,30.73435,0.17687282680810767,54.95328538893489,55.39448,-0.44119627000065975,0.0026611976873825,0.0016709828,0.0009902148823017882,0.0010771851087734,0.00019199897,0.000885186135168177
physics_guided_NN,10,350,3,254,4.052307745554791,3.556805,0.49550285015379014,16.209230982219164,14.207309,2.0019222129930903,36.47076970999312,32.349808,4.1209619707353085,64.83692392887666,57.940845,6.896078439374705,0.0093625321958848,0.007920657,0.0014418749113269801,0.0038074841465917,0.0036632945,0.00014418966361550182
physics_guided_NN,10,350,3,255,3.027187167030083,3.164118,-0.1369308844988475,12.108748668120333,12.099683,0.0090658601979694,27.24468450327075,28.410147,-1.1654622099860852,48.43499467248133,52.180683,-3.7456884635049974,0.0055681303165251,0.0073613175,-0.0017931872025734206,0.0025755250879823,0.0036322393,-0.0010567142109127012
physics_guided_NN,10,350,3,256,3.980147406033314,3.8788245,0.10132293360594602,15.92058962413326,15.353433,0.5671569687987876,35.82132665429983,34.76295,1.0583757570830343,63.68235849653304,61.162388,2.5199706486326505,0.0057564682460349,0.005921736,-0.0001652676479000654,0.0031730371800023,0.003171717,1.3201304483096733e-06
physics_guided_NN,10,350,3,257,16.73289790026411,16.438307,0.29459109179243015,66.93159160105644,65.45931,1.4722791620915956,150.59608110237698,148.98972,1.60636552620511,267.72636640422576,261.85947,5.866899851491382,0.0002332219427874,0.0006507757,-0.00041755373427144576,9.261965698601845e-05,0.00015189622,-5.927656655626205e-05
physics_guided_NN,10,350,3,258,5.36858180945762,5.47826,-0.10967823082558326,21.47432723783048,21.509548,-0.0352209494253799,48.317236285118575,48.69492,-0.37768330106306536,85.89730895132192,86.35752,-0.46021210580698835,0.0004469846464748,-0.00028205983,0.0007290444775538956,0.0002364886319732,-0.0002718274,0.0005083160219249953
physics_guided_NN,10,350,3,259,9.44935743069088,9.740474,-0.29111631656253856,37.79742972276352,38.08051,-0.283079463027498,85.0442168762179,87.10904,-2.0648224304227227,151.18971889105407,155.1505,-3.960778545469367,0.0013726151480967,0.0010261234,0.0003464917352119282,0.000520055893374,0.0003342636,0.00018579228877401745
physics_guided_NN,10,350,3,260,36.69037991599079,35.141434,1.5489462001704766,146.76151966396316,140.35751,6.404006236228781,330.21341924391714,320.5983,9.61512212477652,587.0460786558526,562.7103,24.335751507415125,8.439579992652557e-06,0.001431767,-0.001423327433862626,2.556230061778608e-06,0.00096406305,-0.0009615068150413244
physics_guided_NN,10,350,3,261,8.777435505594772,8.79088,-0.013444697652298387,35.10974202237909,35.29488,-0.18513789095099042,78.99691955035294,78.66501,0.331911005431067,140.43896808951635,142.00264,-1.5636716809914617,0.0006362908549372,-1.48210065e-05,0.0006511118614534857,0.0003463602748743,-0.00016276461,0.0005091248873431908
physics_guided_NN,10,350,3,262,6.689441324651211,6.4497285,0.23971283572909208,26.757765298604845,25.573872,1.1838936860560167,60.2049719218609,58.48757,1.717400205552309,107.03106119441938,104.32003,2.7110309820170357,0.0011259458063312,-0.0011334977,0.0022594434943191835,0.0004455371934598,-0.00086954044,0.001315077632912776
physics_guided_NN,10,350,3,263,13.137181551136976,13.137823,-0.0006415537214223832,52.548726204547904,52.54811,0.0006152426338417172,118.2346339602328,118.54212,-0.30748792697423255,210.1949048181916,209.08873,1.106174959793151,0.0003282486929789,-4.471646e-05,0.0003729651532308479,0.0001391048912676,-0.00016137997,0.0003004848598986813
physics_guided_NN,10,350,3,264,30.61536480815044,30.689898,-0.07453272908100672,122.46145923260175,122.19793,0.2635298502775356,275.5382832733539,276.35556,-0.8172770293804774,489.845836930407,491.78665,-1.9408146809211075,3.097522702963724e-06,0.0008241963,-0.0008210987996524557,2.0917751936444143e-06,0.00033181888,-0.00032972710764797244
physics_guided_NN,10,350,3,265,2.90160137349155,2.8013651,0.10023623639133028,11.6064054939662,11.70737,-0.10096431041612419,26.114412361423955,26.648,-0.5335883557391305,46.4256219758648,47.531376,-1.1057539091449655,0.0643182230866209,0.05979101,0.0045272132134691195,0.0322949355780003,0.03182154,0.00047339408982967346
physics_guided_NN,10,350,3,266,8.297198007439883,8.111155,0.18604345116546916,33.18879202975953,31.367233,1.8215587533923454,74.67478206695897,72.254555,2.4202273184238123,132.75516811903813,127.75676,4.998408475483444,0.0024584463830797,0.002987366,-0.0005289195537807423,0.0012379774599722,0.001840922,-0.000602944590205851
physics_guided_NN,10,350,3,267,8.70126624102165,8.659552,0.04171462053825081,34.8050649640866,34.053955,0.751109885961597,78.31139616919484,76.57237,1.7390237326713986,139.2202598563464,136.24704,2.973220061424513,0.0019369601165026,0.002452326,-0.0005153658906847664,0.0009498812070567,0.0012573063,-0.00030742510701680303
physics_guided_NN,10,350,3,268,4.792720021340485,4.6356473,0.15707272443496745,19.17088008536194,18.313547,0.857332950962526,43.134480192064366,41.48096,1.6535193461171005,76.68352034144776,73.95585,2.727671647600104,0.0012232172921167,0.0019287992,-0.0007055819114803092,0.0004758705536272,0.0009839096,-0.0005080390337486196
physics_guided_NN,10,350,3,269,2.702378198376767,2.883208,-0.18082983804596253,10.809512793507068,11.977767,-1.1682541971545533,24.321403785390903,26.045424,-1.724019722299527,43.23805117402827,47.72822,-4.4901707192822755,0.0020694942609407,0.0013636757,0.0007058185688219956,0.0009212032511435,-5.9418777e-05,0.0009806220279436574
physics_guided_NN,10,350,3,270,9.319334939519518,9.180122,0.1392125640312365,37.27733975807807,36.918324,0.35901624123236786,83.87401445567566,82.608826,1.2651887720819133,149.10935903231228,148.05792,1.051436669031034,0.0009879169614187,0.0018063196,-0.0008184026134067657,0.0003680971261737,0.00086906116,-0.0005009640313993145
physics_guided_NN,10,350,3,271,4.881242485620905,4.7106066,0.17063591060869765,19.52496994248362,18.603477,0.921492464456275,43.93118237058814,44.023994,-0.09281207521264179,78.09987976993447,75.736916,2.3629641815555686,0.0128269563999773,0.021511158,-0.008684201574623492,0.0059999465093674,0.010695006,-0.0046950592576800055
physics_guided_NN,10,350,3,272,14.292671947859512,14.361662,-0.06898996315123007,57.17068779143805,56.99275,0.1779395309400016,128.6340475307356,129.73276,-1.098710037623789,228.6827511657522,231.05002,-2.367267144794681,0.0019166611088369,0.0013968652,0.0005197958741266239,0.0007635987457393,0.0006341162,0.00012948256689517598
physics_guided_NN,10,350,3,273,7.045485155741367,6.9050655,0.14041961924234325,28.181940622965467,27.799965,0.3819757181803105,63.40936640167231,61.905952,1.503413948059027,112.72776249186188,110.10903,2.6187308146157875,0.0069333251484901,0.0053194617,0.001613863456365495,0.0034854932360715,0.0025168455,0.0009686477620518535
physics_guided_NN,10,350,3,274,4.407115703618412,4.274465,0.13265061954248392,17.628462814473647,17.332676,0.295786880635756,39.6640413325657,39.17422,0.4898202937473428,70.51385125789459,68.43771,2.0761376348477114,0.0077605530017186,0.006599617,0.0011609358110595538,0.0045699095600456,0.0038309419,0.0007389677004128693
physics_guided_NN,10,350,3,275,37.214319500872,36.818085,0.39623478407512636,148.85727800348798,147.37653,1.480752124581727,334.928875507848,328.48187,6.447002949254227,595.4291120139519,588.32324,7.105869826451908,4.551579734047782e-05,-0.0013628294,0.0014083451500695003,1.4270137376649677e-05,-0.0013205184,0.0013347885742183163
physics_guided_NN,10,350,3,276,13.273485211988923,13.510717,-0.23723217997885016,53.0939408479557,53.73988,-0.6459387601985966,119.46136690790031,124.353546,-4.892179234677812,212.3757633918228,217.04973,-4.673965001731887,0.0034976892428968,0.00072192034,0.002775768903040503,0.0019835584359255,0.00022487513,0.0017586833097750633
physics_guided_NN,10,350,3,277,3.74602773446589,3.6862643,0.0597634579613735,14.98411093786356,14.623668,0.36044322088357994,33.714249610193015,33.333546,0.3807039253785618,59.93644375145424,57.225407,2.711037104725726,0.0091952397875411,0.008259972,0.0009352681614381748,0.0046842532596189,0.0043069934,0.00037725981237473304
physics_guided_NN,10,350,3,278,12.70223693371022,13.340418,-0.6381809282282571,50.808947734840885,52.81348,-2.0045326423563807,114.320132403392,118.535904,-4.215771527272068,203.2357909393636,210.39813,-7.162341384855154,0.001679330857394,-0.00085300574,0.002532336595857253,0.0006904056772013,-0.00046994392,0.0011603495931607477
physics_guided_NN,10,350,3,279,2.353569305420612,2.6542928,-0.3007235164635431,9.414277221682443,10.501832,-1.087554786679373,21.182123748785504,22.951681,-1.7695573882994573,37.65710888672978,41.434574,-3.7774652404674853,0.0336812896818581,0.030676344,0.003004945272273102,0.0198131262093373,0.016641913,0.003171213227469511
physics_guided_NN,10,350,3,280,15.950585933670816,16.516909,-0.5663227119590672,63.80234373468327,66.58395,-2.7816024933440744,143.55527340303735,148.78262,-5.227349887978278,255.20937493873308,266.93518,-11.725805725329423,0.0006476521125168,0.00053265697,0.00011499514627386076,0.0002960091752008,0.00012638241,0.0001696267664207542
physics_guided_NN,10,350,3,281,16.470581763807967,16.895864,-0.4252827228863687,65.88232705523187,67.137085,-1.254757905705631,148.23523587427172,150.66916,-2.433923061275152,263.5293082209275,269.66376,-6.134449103291274,0.0002146165988067,-0.0012251626,0.0014397792455399243,0.0001189184716223,-0.0008905993,0.0010095177443018375
physics_guided_NN,10,350,3,282,16.345825809393947,16.250216,0.09561027899843921,65.38330323757579,64.92503,0.4582696682398506,147.11243228454552,147.46626,-0.3538305328372928,261.53321295030315,260.607,0.9262183213969024,0.0001094458387728,-0.00047740288,0.000586848717232343,3.5893563928417205e-05,-0.00039750658,0.0004334001413568475
physics_guided_NN,10,350,3,283,3.28954259845544,3.62172,-0.33217747715185997,13.15817039382176,14.217448,-1.0592778407363461,29.605883386098963,33.358665,-3.7527820802096308,52.63268157528704,58.809696,-6.177014622222728,0.0320310694199761,0.039221734,-0.007190664388541358,0.0173829911004699,0.021344597,-0.003961605419596361
physics_guided_NN,10,350,3,284,7.2984879994898435,7.3168707,-0.01838268990224634,29.19395199795937,29.899422,-0.7054696939351608,65.6863919954086,65.54206,0.14433114335781738,116.7758079918375,118.17177,-1.3959601966390665,0.0008456361622578,-0.00063658966,0.001482225817444781,0.0004792154817527,-0.00060576637,0.0010849818521795635
physics_guided_NN,10,350,3,285,9.511313477953488,9.014035,0.497278253038937,38.04525391181395,35.519173,2.52608124335692,85.6018213015814,80.94074,4.661078808905614,152.1810156472558,143.41101,8.770004905068305,0.0086822494139865,0.0074640717,0.001218177678246793,0.0048897124716222,0.004474678,0.00041503439481851544
physics_guided_NN,10,350,3,286,2.44650227695198,2.245886,0.20061618953437765,9.78600910780792,8.414298,1.3717110502517684,22.018520492567824,21.200415,0.8181058349750501,39.14403643123168,35.661503,3.4825335930969175,0.0590871401965537,0.07895336,-0.019866222804792888,0.0294644072985578,0.042814255,-0.013349847462184386
physics_guided_NN,10,350,3,287,3.1564528777367995,3.0188143,0.1376385524041579,12.625811510947198,12.054793,0.5710181530980769,28.4080758996312,27.389357,1.0187192864720203,50.50324604378879,48.399822,2.10342380868137,0.0051615459508528,0.0050719767,8.956926309363917e-05,0.0021126505918158,0.0020432072,6.944341578611797e-05
physics_guided_NN,10,350,3,288,5.872865552500903,5.6520405,0.22082507093352,23.49146221000361,22.64284,0.8486227782409159,52.85578997250813,51.525387,1.3304031622053927,93.96584884001444,90.592476,3.3733729489011637,0.0020969147092439,0.0039026474,-0.0018057327022068439,0.0011344728085061,0.0024241046,-0.001289631796363981
physics_guided_NN,10,350,3,289,6.899066805394647,6.078354,0.8207129235587098,27.59626722157859,24.560999,3.035268304952613,62.09160124855183,55.38265,6.708952780534254,110.38506888631436,100.75335,9.631719582115139,0.0057944792830336,0.0057370747,5.740463220953e-05,0.0027517948385201,0.002493639,0.000258155827584078
physics_guided_NN,10,350,3,290,3.057340019729543,3.1247904,-0.06745041033942689,12.229360078918171,11.605641,0.6237187138669018,27.516060177565887,28.66688,-1.1508194763647772,48.917440315672685,50.164783,-1.2473431621105178,0.0098294118997986,0.011901925,-0.0020725134181444962,0.0047039950770803,0.0053641377,-0.0006601426246098966
physics_guided_NN,10,350,3,291,3.746862926135832,3.5140073,0.23285559619503626,14.987451704543329,14.2456045,0.741847189467645,33.72176633522249,32.98024,0.7415264670584278,59.94980681817332,56.55353,3.396275171444806,0.0321559775290597,0.021894075,0.010261902552615457,0.0174537840527734,0.010747996,0.0067057878938755235
physics_guided_NN,10,350,3,292,8.343765300853464,8.263067,0.0806980553700658,33.37506120341386,32.722424,0.6526376499470601,75.09388770768119,74.49789,0.5960010499663468,133.50024481365543,131.2281,2.2721411759601153,0.0023396229938415,0.0014948818,0.0008447411804271051,0.0011108897732691,0.0006742769,0.0004366128695317635
physics_guided_NN,10,350,3,293,6.912158087400874,6.4168696,0.4952884470505321,27.648632349603496,25.404064,2.2445681711366987,62.20942278660787,58.148968,4.060455043687945,110.59452939841398,102.29665,8.297875650855389,0.0017664513295426,0.0024315168,-0.0006650654388682018,0.0010284829600375,0.0014189613,-0.0003904783684168156
physics_guided_NN,10,350,3,294,4.809114876478157,4.693028,0.116086903303108,19.236459505912627,18.983356,0.2531030300825492,43.28203388830342,42.628212,0.6538219132057606,76.94583802365051,75.611305,1.334532786834103,0.0042279139598742,0.004939003,-0.0007110889563426504,0.0022359855189291,0.0021677285,6.825702221367356e-05
physics_guided_NN,10,350,3,295,13.659789750679543,13.257245,0.4025446868978051,54.63915900271818,53.233376,1.4057834534017744,122.93810775611594,120.08891,2.8491947922487526,218.55663601087272,214.1891,4.36753383802116,0.0001424359458407,0.00043917733,-0.0002967413796203598,4.659443460052538e-05,0.00023296413,-0.00018636969377173405
physics_guided_NN,10,350,3,296,2.1332323455195263,2.1110532,0.022179117141230442,8.532929382078105,8.8213415,-0.288412132509297,19.19909110967573,18.822622,0.3764688104813949,34.13171752831242,37.193058,-3.061340485603594,0.0098364897009382,0.009692481,0.00014400891330335064,0.0044436721080761,0.0040286854,0.00041498671712685096
physics_guided_NN,10,350,3,297,3.3799221720017094,3.5317004,-0.15177820069421344,13.519688688006838,13.47602,0.04366882869287281,30.41929954801539,31.842096,-1.4227967807199633,54.07875475202735,57.50925,-3.43049588884179,0.0082954048157966,0.012537857,-0.004242451770480885,0.0037508425372899,0.005972598,-0.0022217556764125403
physics_guided_NN,10,350,3,298,5.026545090163434,5.1205444,-0.09399934343031635,20.10618036065373,20.334158,-0.2279775830718549,45.2389058114709,46.840748,-1.601842021781053,80.42472144261494,83.29508,-2.870360649670218,0.001243399244433,-0.00029030017,0.0015336994176522933,0.000624505923883,-0.0004382119,0.0010627178170801491
physics_guided_NN,10,350,3,299,1.8195624528940275,1.3580188,0.46154369698124675,7.278249811576109,6.596067,0.6821828598244002,16.37606207604625,13.993662,2.3824001955530854,29.11299924630444,28.121168,0.9918311097077606,0.2723226777781321,0.12593612,0.14638655702961223,0.1255070194837914,0.06820486,0.057302162074791
physics_guided_NN,10,350,3,300,1.6465677845908904,1.3381628,0.30840500478284594,6.5862711383635615,4.892236,1.6940349056059931,14.819110061318012,12.802187,2.0169230953756294,26.34508455345425,23.219854,3.125230198595851,0.0053661383744736,0.006817461,-0.0014513226169686035,0.003018044824529,0.0045973603,-0.0015793154437062067
physics_guided_NN,10,350,3,301,16.74379218263693,16.407675,0.33611739320821954,66.97516873054772,65.96077,1.0143990772274094,150.6941296437324,147.61472,3.0794140675605206,267.9006749221909,264.19394,3.7067357132065126,0.0001430912625076,-6.8376714e-05,0.0002114679764056329,4.563881016347726e-05,-0.00020703736,0.0002526761695231514
physics_guided_NN,10,350,3,302,7.957546968299408,7.4733963,0.4841506670298772,31.83018787319764,30.281096,1.5490923684368987,71.61792271469469,68.89285,2.7250699314915607,127.32075149279054,123.41694,3.903812711052254,0.0006230565533653,0.0016397281,-0.0010166715317726036,0.0003392071044096,0.00071577873,-0.000376571628728395
physics_guided_NN,10,350,3,303,6.405124527019185,6.2810416,0.12408290485732021,25.62049810807674,25.241707,0.3787912599322105,57.646120743172666,57.281036,0.3650843662195413,102.48199243230697,100.482025,1.999967285822592,0.004755179215217,0.0062036975,-0.0014485183134731001,0.0023638548705741,0.0030864484,-0.0007225935436771082
physics_guided_NN,10,350,3,304,3.425345728870783,3.4868119,-0.061466147426214146,13.701382915483132,14.291142,-0.5897595482009503,30.828111559837044,31.349802,-0.52169045737487,54.80553166193253,57.989307,-3.1837757416319263,0.0034986044855366,0.002953255,0.0005453494021246679,0.0014357858731673,0.00065647234,0.000779313528750175
physics_guided_NN,10,350,3,305,2.917398062455377,2.7462852,0.17111286233635825,11.669592249821507,10.626828,1.0427640561569564,26.256582562098394,25.17539,1.081192318568121,46.67836899928603,44.141537,2.5368322866395445,0.0084142428281328,0.010754517,-0.0023402744514325335,0.0047443954097332,0.00614724,-0.001402844413161135
physics_guided_NN,10,350,3,306,5.754397997767394,5.555973,0.1984249447888784,23.017591991069576,22.157902,0.8596902271535605,51.78958197990654,48.843246,2.946335519945606,92.0703679642783,87.54152,4.528848799239242,0.0014149885573399,0.0024124726,-0.0009974840614038773,0.0005086532034373,0.0010940754,-0.0005854221820438192
physics_guided_NN,10,350,3,307,10.072462620194765,9.955029,0.11743408625921781,40.28985048077905,39.452522,0.8373282029470204,90.65216358175287,90.703384,-0.051220817661189244,161.1594019231162,159.35066,1.808739691670894,0.0002550996273166,0.0011365275,-0.000881427885837251,8.746424448895865e-05,0.00053592544,-0.0004484611983295936
physics_guided_NN,10,350,3,308,3.4834861818181566,3.4239953,0.05949092539420642,13.933944727272626,13.6732855,0.2606592429586616,31.35137563636341,31.57401,-0.2226352126356126,55.735778909090506,57.283573,-1.5477942415442598,0.002491632809419,0.0023254338,0.000166199037361705,0.0010508586143555,0.0008017971,0.00024906153124215754
physics_guided_NN,10,350,3,309,7.393707864071475,7.250003,0.14370500304852563,29.5748314562859,28.61639,0.958441228014415,66.54337077664327,66.21594,0.3274283938307718,118.2993258251436,114.81613,3.4831942333467225,0.0015032148082635,0.0007520649,0.0007511498849733368,0.0005255338881616,3.33803e-05,0.0004921535881512784
physics_guided_NN,10,350,3,310,5.040647502336177,5.246602,-0.20595455607446755,20.162590009344708,21.272703,-1.1101131614316593,45.3658275210256,46.489388,-1.1235599911814305,80.65036003737883,82.22901,-1.5786514982656996,0.0071872319646521,0.008119383,-0.0009321509308771701,0.0036463863795841,0.004301085,-0.0006546987572467067
physics_guided_NN,10,350,3,311,4.900127945157423,4.83051,0.06961780569209086,19.60051178062969,19.222729,0.3777830513816447,44.101151506416805,43.19064,0.9105120105671958,78.40204712251877,76.84581,1.5562371859953288,0.0134666170299488,0.00875009,0.00471652665440616,0.0073882484051204,0.0049968483,0.0023914001124716077
physics_guided_NN,10,350,3,312,9.575764391639913,9.749304,-0.17353942610911055,38.30305756655965,38.378666,-0.07560835751261408,86.18187952475922,87.690506,-1.5086264566860876,153.2122302662386,152.67407,0.5381580006136062,0.000124076545307,-0.002398665,0.002522741608390172,4.177622430828251e-05,-0.001677255,0.001719031254098386
physics_guided_NN,10,350,3,313,27.362856253186045,26.506155,0.8567012391479594,109.45142501274418,106.16771,3.2837156621582437,246.2657062786745,238.73747,7.528233744494798,437.8057000509767,425.76367,12.042028175976725,3.5870094095143644e-05,-0.0012112566,0.001247126697805497,1.6739638684653904e-05,-0.0008430003,0.0008597399458981689
physics_guided_NN,10,350,3,314,4.69416689200374,4.4983826,0.19578432364436527,18.77666756801496,18.146769,0.629898998068672,42.24750202803367,41.30559,0.941910444781719,75.10667027205984,71.35709,3.749576461024688,0.0047924994317345,0.0048552467,-6.274731704074363e-05,0.0024654522493191,0.0026507499,-0.00018529762032554187
physics_guided_NN,10,350,3,315,6.178756250881438,5.9805975,0.19815875484872336,24.71502500352576,24.037052,0.6779728489847443,55.60880625793294,52.70337,2.9054371173079403,98.860100014103,96.49152,2.368576271427216,0.0114587731610162,0.013568659,-0.0021098861520068898,0.0051586488457611,0.006820064,-0.0016614151922771537
physics_guided_NN,10,350,3,316,10.537861182235591,10.712704,-0.17484252259839295,42.151444728942366,42.945107,-0.7936617774052905,94.84075064012032,98.0717,-3.230950409684368,168.60577891576946,172.14351,-3.5377299953633496,0.0004307148077118,0.0008944739,-0.0004637591161241034,0.0001462191742387,0.0005789202,-0.00043270100806761945
physics_guided_NN,10,350,3,317,12.939376374550164,12.165894,0.7734828198626644,51.75750549820065,48.676914,3.08059128311276,116.45438737095148,109.62607,6.828319255717105,207.0300219928026,193.77711,13.25290712463854,4.9357942611402576e-05,-0.0010965721,0.001145930087499744,1.6303306754413276e-05,-0.000614132,0.0006304352822077602
physics_guided_NN,10,350,3,318,2.172886514468425,2.4010866,-0.22820005436397262,8.6915460578737,8.600791,0.09075508039567204,19.555978630215822,22.27455,-2.7185708540371074,34.7661842314948,36.398495,-1.6323104889641868,0.0189091823516967,0.021085797,-0.002176614526045114,0.0089090327873262,0.011050111,-0.002141077895518916
physics_guided_NN,10,350,3,319,8.448452699514577,8.20483,0.24362252983684307,33.79381079805831,32.52548,1.2683324350212004,76.0360742956312,74.632256,1.4038187414319765,135.17524319223324,131.3689,3.806346707858239,0.0012260455321675,0.0012230721,2.9734717836437004e-06,0.0005903631740103,0.00041422906,0.0001761341176780396
physics_guided_NN,10,350,3,320,3.427925651107885,3.5128143,-0.08488863226308663,13.711702604431542,14.458463,-0.7467601107173838,30.851330859970968,32.00073,-1.1493977472067662,54.84681041772617,57.35152,-2.50471012060391,0.024766817102743,0.016237507,0.008529310459805341,0.0127022602853013,0.008433899,0.004268361374421211
physics_guided_NN,10,350,3,321,29.097526462261825,28.067184,1.030342014019638,116.3901058490473,112.03872,4.351386671801208,261.87773816035644,255.22339,6.654349488481444,465.5604233961892,449.94952,15.610899470407958,8.511144075118383e-06,0.00023107842,-0.00022256727436227315,2.725751783619145e-06,0.00033783313,-0.0003351073794142208
physics_guided_NN,10,350,3,322,7.593919151651635,7.655772,-0.06185305751584558,30.37567660660654,30.683214,-0.30753758101553075,68.34527236486471,68.51853,-0.173259434451694,121.50270642642616,121.49007,0.01263989810584576,0.0001911250209663,-0.0003018793,0.0004930043277557876,8.624322031994738e-05,-0.0001297788,0.00021602201701046355
physics_guided_NN,10,350,3,323,8.599959126471477,8.417181,0.18277811145682854,34.39983650588591,33.449425,0.9504117622335642,77.39963213824329,76.295364,1.1042677583604785,137.59934602354363,135.82988,1.7694662628014441,0.0008660307616892,0.0006606896,0.00020534115582357252,0.0004284060834188,0.00017318323,0.0002552228526191772
physics_guided_NN,10,350,3,324,6.929553255474268,6.9181323,0.011420950329004143,27.71821302189707,27.487997,0.23021596684336032,62.36597929926842,62.33628,0.029698476514511185,110.87285208758829,111.319786,-0.4469339841890587,0.0012047397312182,0.00072507706,0.000479662673495244,0.0004367115094644,0.00010083343,0.0003358780801497382
physics_guided_NN,10,350,3,325,6.426156437982037,6.2098517,0.21630469619126558,25.70462575192815,24.859888,0.8447376751459217,57.83540794183834,55.513123,2.3222853832445907,102.8185030077126,100.53028,2.2882219408180617,0.0064396615284435,0.0048549417,0.0015847197878114429,0.0036335959839936,0.0026928617,0.0009407342686619264
physics_guided_NN,10,350,3,326,8.42516544590078,8.3157015,0.10946396122060342,33.70066178360312,33.20528,0.4953814796480387,75.82648901310701,75.465675,0.36081365910310126,134.80264713441247,135.00008,-0.19742915953284523,0.0007848245484217,0.00032486214,0.00045996241238181713,0.0004344438365734,0.00016276173,0.00027168210538372435
physics_guided_NN,10,350,3,327,4.412935087080895,4.0362105,0.3767245501241083,17.65174034832358,15.814374,1.8373663782918435,39.71641578372805,37.72332,1.993095776403834,70.60696139329433,66.05321,4.5537539958333895,0.0101735870547631,0.009157695,0.0010158921785690996,0.0047730152429422,0.004277761,0.0004952541486700629
physics_guided_NN,10,350,3,328,7.5170823389073185,7.411026,0.10605633793075597,30.06832935562928,29.717165,0.3511643623431482,67.65374105016586,66.28751,1.3662273172557065,120.2733174225171,119.17852,1.0947972198803768,0.0001234324607741,-0.0015310132,0.0016544456319626333,5.293154619055565e-05,-0.00078487926,0.0008378108054900425
physics_guided_NN,10,350,3,329,4.07272597176347,4.1274376,-0.05471161978926453,16.29090388705388,16.606922,-0.31601826260432375,36.65453374587123,37.671173,-1.0166393498318982,65.16361554821552,68.27294,-3.1093260411399513,0.0043887952069441,0.0046829903,-0.00029419504975283957,0.0022654600870637,0.002675586,-0.0004101258273395002
physics_guided_NN,10,350,3,330,4.869981394099291,4.7192926,0.15068875341325594,19.479925576397164,18.840708,0.6392177974665003,43.82983254689363,43.191154,0.6386780669131582,77.91970230558866,74.77071,3.1489884994363138,0.0037529335838289,0.0038971857,-0.00014425208638301108,0.0020964863951937,0.0025064275,-0.00040994107167565417
physics_guided_NN,10,350,3,331,2.740416792064702,2.6458628,0.09455397430041979,10.961667168258808,10.618567,0.3430997015229682,24.66375112858232,23.438334,1.2254176172297804,43.84666867303523,43.809147,0.037521791931716564,0.0027541455695849,0.002453433,0.00030071268551760304,0.0011736569136816,0.0009828593,0.00019079762533930284
physics_guided_NN,10,350,3,332,4.689752631874905,5.16694,-0.4771875803748511,18.75901052749962,21.073805,-2.3147943278470606,42.20777368687415,46.82955,-4.6217780099031955,75.03604210999848,85.55064,-10.51459418150543,0.0002595489832989,-0.0015498613,0.0018094102607525014,0.0001464727695583,-0.0008065246,0.0009529973624757126
physics_guided_NN,10,350,3,333,8.291061477848935,7.7710342,0.5200272371262784,33.16424591139574,31.0564,2.107845612323473,74.61955330064042,70.328316,4.291237565777138,132.65698364558295,124.68084,7.976144107008736,0.0012329691118306,-0.0022542048,0.003487173936397441,0.0004500177181865,-0.0015372051,0.001987222787512364
physics_guided_NN,10,350,3,334,3.914186503897979,3.746568,0.16761853934414583,15.656746015591915,14.685847,0.9708987331822474,35.227678535081814,34.2215,1.0061781383532988,62.62698406236766,59.746998,2.8799862291157083,0.0009288848416438,0.002346873,-0.001417988208911787,0.0004453038831807,0.0013169384,-0.0008716345496841448
physics_guided_NN,10,350,3,335,25.1328188831624,25.162844,-0.030024821061232387,100.53127553264956,100.421425,0.10985066692690282,226.19536994846155,226.33449,-0.13911796657751552,402.1251021305983,403.55057,-1.4254654963548319,0.0001903026817388,-0.00044156326,0.0006318659392207028,0.0001077115960306,-0.00032003288,0.00042774447527513617
physics_guided_NN,10,350,3,336,6.472741479369782,6.6250415,-0.1523000054629815,25.89096591747913,26.722443,-0.8314767094739963,58.25467331432804,60.031517,-1.776843714480556,103.56386366991651,106.945,-3.381136024907704,0.0021580220898634,0.003889631,-0.001731608924453874,0.0012516940494875,0.002275765,-0.0010240708926816894
physics_guided_NN,10,350,3,337,2.19318210332456,1.9824322,0.2107498571163693,8.772728413298237,7.77301,0.9997186362291455,19.738638929921034,18.207949,1.5306902452286515,35.09091365319295,31.901503,3.1894110439400194,0.0044848797070244,0.0027657584,0.0017191212783017797,0.0022966476773838,0.0009574199,0.0013392277562054291
physics_guided_NN,10,350,3,338,3.760549761403825,3.8071864,-0.04663660372373846,15.0421990456153,15.2107115,-0.16851243357171164,33.84494785263442,34.150043,-0.3050956349144087,60.1687961824612,60.010662,0.15813410360377844,0.0104211646201969,0.010815005,-0.00039384019794456125,0.0049680812583918,0.0055968454,-0.0006287641523724172
physics_guided_NN,10,350,3,339,2.1208016388357214,1.9180387,0.20276291298275506,8.483206555342885,7.347368,1.1358387918235984,19.087214749521493,18.739496,0.34771851844239166,33.93282622137154,32.47875,1.4540778998383388,0.0041512323247282,0.004495184,-0.0003439516125233674,0.0022118948623552,0.002720641,-0.0005087461099014604
physics_guided_NN,10,350,3,340,11.216034534800285,11.463108,-0.24707352794385606,44.86413813920113,45.727493,-0.8633551469316814,100.94431081320252,103.28281,-2.338495583281855,179.45655255680452,183.73822,-4.281667658039225,0.0002783640115919,0.001900232,-0.0016218680361819978,0.0001038740526446,0.0010114444,-0.00090757031948037
physics_guided_NN,10,350,3,341,9.523504006513493,9.848938,-0.3254339817677572,38.09401602605397,38.928005,-0.8339891924518881,85.71153605862143,88.81838,-3.10684620456216,152.37606410421589,157.22197,-4.845905500276302,0.0003770117774633,-0.00025759957,0.0006346113524426947,0.0001433844429987,-0.00021289421,0.00035627865719948723
physics_guided_NN,10,350,3,342,7.993521538074312,7.999206,-0.005684528057280147,31.974086152297247,32.26813,-0.294045103806269,71.9416938426688,72.92408,-0.9823860523507335,127.896344609189,129.32198,-1.425631098818812,0.0020092433294752,0.00090521254,0.001104030790692693,0.0009171361231079,0.00047397806,0.0004431580670011836
physics_guided_NN,10,350,3,343,7.185916582313517,7.3152027,-0.12928613069917816,28.74366632925407,29.453514,-0.7098477698670251,64.67324924082166,65.28168,-0.6084280052720885,114.97466531701627,116.93002,-1.9553578763431005,0.000724750190758,0.0029184266,-0.0021936764551616804,0.0003352589269806,0.0011716037,-0.0008363447554703502
physics_guided_NN,10,350,3,344,5.949236483628002,5.8257194,0.12351712709113638,23.796945934512006,23.322111,0.47483480475126427,53.54312835265202,53.13319,0.4099381976227221,95.18778373804804,94.341805,0.8459792336535088,0.0013048736344554,-0.000759792,0.002064665624731826,0.0005244939810539,-0.0007202457,0.0012447396865057163
physics_guided_NN,10,350,3,345,4.286441707300471,4.0379004,0.2485412594550116,17.145766829201882,16.623854,0.5219131457302026,38.57797536570424,37.896797,0.6811781855284593,68.58306731680753,67.423355,1.1597122142684668,0.0028437688609027,0.0029934736,-0.00014970468940207066,0.0011295705838431,0.0012954357,-0.0001658651241730571
physics_guided_NN,10,350,3,346,8.163261684614895,7.8374505,0.32581118031191636,32.65304673845958,31.021893,1.6311541908521576,73.46935516153405,71.12416,2.3451943949324914,130.61218695383832,125.51954,5.092648074443787,0.0006425122506983,0.00051112386,0.00013138839370304529,0.0003663341015629,0.00017402259,0.000192311516292905
physics_guided_NN,10,350,3,347,12.883432675947349,12.539511,0.3439219490186378,51.53373070378939,49.594448,1.9392826141897785,115.95089408352612,113.19801,2.7528807778620603,206.13492281515755,198.86847,7.266453576876302,0.0003697011528619,0.00050755317,-0.000137852013382279,0.0001240212290362,6.338658e-05,6.063465063232105e-05
physics_guided_NN,10,350,3,348,4.100810975148651,3.8475788,0.2532322111868588,16.403243900594603,15.310718,1.0925263178919664,36.90729877633785,35.783634,1.1236645905468379,65.61297560237841,62.45547,3.157504563560053,0.0051249133027013,0.005297657,-0.00017274379964512046,0.0023572391470778,0.0023541583,3.0808256822837526e-06
physics_guided_NN,10,350,3,349,2.419211174485898,2.4329875,-0.013776277067446774,9.676844697943592,9.574712,0.10213289832200978,21.77290057037308,22.643354,-0.8704538455204762,38.70737879177437,40.906124,-2.198745323215867,0.0054717198955274,0.005212444,0.00025927601479057254,0.0025762914917015,0.0017982478,0.0007780436896302266
physics_guided_NN,10,350,3,350,10.701749523630667,10.975968,-0.2742188372702117,42.80699809452268,44.173225,-1.3662273083093481,96.31574571267602,100.2409,-3.9251524196481995,171.2279923780907,180.70985,-9.481861747885858,0.0003357821321661,0.0025993492,-0.002263567113262939,0.0001657417502941,0.0012606988,-0.0010949570226727618
physics_guided_NN,10,350,3,351,5.433973803652028,5.0138693,0.42010451806853233,21.73589521460812,21.055323,0.6805725675133942,48.905764232868265,45.114697,3.791067730182718,86.94358085843245,80.323906,6.619674913608236,0.0066122651851279,0.008134455,-0.001522190234948947,0.0023796932777824,0.0029587916,-0.0005790982855049774
physics_guided_NN,10,350,3,352,2.136630823486991,1.9137453,0.22288553940648548,8.546523293947963,6.9883933,1.5581299872157857,19.229677411382923,17.880373,1.3493044102842902,34.186093175791854,30.524061,3.662031972788924,0.0158240593542591,0.01703971,-0.0012156513015493496,0.0072251565747535,0.007857456,-0.0006322992972457638
physics_guided_NN,10,350,3,353,10.22038488143885,10.424709,-0.20432443862950933,40.8815395257554,41.603996,-0.7224567511000686,91.98346393294966,94.783134,-2.7996705274995577,163.5261581030216,167.34492,-3.818766823736212,0.0005267987235059,-0.00020150788,0.0007283066024613537,0.0001789723380297,-0.0003001822,0.00047915454225759454
physics_guided_NN,10,350,3,354,1.9188923441770207,1.8134688,0.1054235302808415,7.675569376708085,8.047887,-0.37231747174162244,17.27003109759319,17.520182,-0.2501505582905992,30.70227750683234,32.06667,-1.3643919572789898,0.0641427245157604,0.056747157,0.0073955673890952894,0.0363574218060066,0.029482294,0.006875127931981258
physics_guided_NN,10,350,3,355,12.472953922845315,13.062733,-0.5897787736878879,49.89181569138127,51.5199,-1.6280855842534976,112.25658530560786,115.684555,-3.427969748103081,199.56726276552507,204.57722,-5.00996196592024,0.0006398875407585,-0.0023304466,0.0029703341565736627,0.0003565750539497,-0.0014806603,0.0018372353388190728
physics_guided_NN,10,350,3,356,23.06371404912152,23.104094,-0.04037950251422373,92.25485619648607,92.494896,-0.24003973857251992,207.57342644209368,207.6893,-0.11587409501569823,369.0194247859443,371.39093,-2.3715053898369547,0.0002587365177103,-0.0005240882,0.0007828247341901678,0.0001278170349477,-0.00037881517,0.0005066322011342413
physics_guided_NN,10,350,3,357,5.191202419256093,4.8685164,0.3226859740961805,20.76480967702437,19.243929,1.5208807677226126,46.72082177330484,43.502316,3.218506252064607,83.05923870809748,78.415794,4.643444335538888,0.0029997506386853,0.002469373,0.000530377703092172,0.0012198964747667,0.0008292504,0.000390646097629486
physics_guided_NN,10,350,3,358,3.14052122039465,3.118336,0.022185258099117977,12.5620848815786,12.577628,-0.01554325410255153,28.26469098355185,28.03171,0.23298131253134358,50.2483395263144,48.60909,1.6392506286093251,0.0018825751160689,0.0029026691,-0.001020094017549574,0.0009466412469067,0.0014583293,-0.0005116880180991866
physics_guided_NN,10,350,3,359,1.6540475738506275,1.5591577,0.09488984470176276,6.616190295402511,6.274896,0.34129415053556755,14.886428164655651,14.557711,0.3287175170726435,26.464761181610044,25.19248,1.2722810943297702,0.0461993728288602,0.034989454,0.011209918976683532,0.0243109014885833,0.017836448,0.006474453683417057
physics_guided_NN,10,350,3,360,2.7895649287222253,2.5583565,0.23120840520843133,11.1582597148889,9.58463,1.5736297023766923,25.106084358500027,23.974726,1.1313586352334255,44.6330388595556,42.75812,1.8749173690770817,0.0087248079923793,0.014021087,-0.005296279445488819,0.0038664131840396,0.0072480715,-0.003381658303953402
physics_guided_NN,10,350,3,361,8.146968797944385,8.26522,-0.1182508904711419,32.58787519177754,32.540123,0.04775220593769802,73.32271918149948,73.879776,-0.5570568194770829,130.35150076711017,131.46239,-1.1108863178507704,0.0011731766291016,0.0016455321,-0.0004723554583213074,0.0005947282754285,0.0006944675,-9.973923606521268e-05
physics_guided_NN,10,350,3,362,13.72963166740321,13.8909,-0.1612679907999155,54.91852666961284,55.61303,-0.6945028103676307,123.5666850066289,126.3654,-2.798717215050786,219.67410667845127,223.70958,-4.035472789322171,0.000537533282369,0.00044492172,9.261155926771193e-05,0.0002435671379168,5.338176e-06,0.00023822896199239245
physics_guided_NN,10,350,3,363,22.97014234412599,22.880247,0.08989522803712191,91.88056937650396,91.640656,0.2399138589258314,206.7312810971339,206.40213,0.32915097018076267,367.5222775060158,364.67636,2.8459164220314506,3.608331315385241e-05,-0.0008303462,0.0008664295077154232,1.276374887125046e-05,-0.00022618978,0.00023895352414724828
physics_guided_NN,10,350,3,364,33.94399390623123,34.12658,-0.18258537843674105,135.7759756249249,135.98703,-0.2110544043719642,305.495945156081,307.46643,-1.9704855079814934,543.1039024996996,547.97217,-4.868265469050357,0.0001051702643172,0.0004644902,-0.0003593199430606212,4.906070200792836e-05,0.00027468248,-0.00022562177371167254
physics_guided_NN,10,350,3,365,11.574694418145098,11.46701,0.10768487377253955,46.29877767258039,46.020947,0.2778311698948457,104.17224976330589,104.49168,-0.3194265672605212,185.1951106903216,184.54427,0.6508449432512862,0.001246911715037,0.00052269694,0.000724214778068286,0.000582441557453,0.00016838902,0.00041405254243685405
physics_guided_NN,10,350,3,366,11.111649989126107,11.088938,0.022712229726693067,44.44659995650443,44.345398,0.10120200728567852,100.00484990213496,101.071556,-1.0667061891736296,177.7863998260177,178.93814,-1.151741043122911,0.0030103932686571,0.001205993,0.0018044002673078298,0.0018462842544907,0.0005125616,0.0013337226682708825
physics_guided_NN,10,350,3,367,5.112735297639341,4.9401846,0.17255070443865783,20.45094119055737,20.086287,0.36465464575756457,46.01461767875407,45.08671,0.9279057952091492,81.80376476222946,81.412254,0.39151042873336905,0.0041105317156919,0.0049269577,-0.0008164259400061614,0.0017673698049026,0.0014754647,0.0002919051358463633
physics_guided_NN,10,350,3,368,3.534246373168988,3.5607064,-0.026460003860430792,14.136985492675953,14.044532,0.09245367047136277,31.808217358520896,32.05104,-0.2428232908931669,56.54794197070381,55.847355,0.7005870817877948,0.011593305426342,0.015315404,-0.003722098735468875,0.0056135265043575,0.0077249655,-0.0021114389525156785
physics_guided_NN,10,350,3,369,4.658699263837465,4.6141863,0.0445129769111956,18.63479705534986,18.14914,0.48565765105298553,41.92829337453718,41.352615,0.575678018091871,74.53918822139944,74.42514,0.11404784054006711,0.005238960458891,0.0052088927,3.0067711131180792e-05,0.0023920016429377,0.0024033587,-1.1357053090890225e-05
physics_guided_NN,10,350,3,370,11.583148866195224,11.685129,-0.10198029945419052,46.332595464780894,46.36406,-0.03146398346129331,104.248339795757,107.14044,-2.892102098774245,185.3303818591236,187.86407,-2.533692847907645,0.0029823553508093,0.00084940396,0.0021329513859880507,0.0016667297371465,0.00024860917,0.001418120568225834
physics_guided_NN,10,350,3,371,2.6455149580159483,2.4572637,0.18825124990132425,10.582059832063791,8.846751,1.7353086189900608,23.809634622143538,21.119902,2.6897329650390454,42.32823932825517,36.52889,5.799350625862594,0.0170143613615865,0.025368173,-0.008353811313784671,0.0093805202821647,0.013960402,-0.004579882176741474
physics_guided_NN,10,350,3,372,9.749012535703995,9.869758,-0.12074511657871945,38.99605014281598,39.270603,-0.27455303711565904,87.74111282133596,89.02445,-1.283339388136696,155.98420057126393,156.35098,-0.36678209475169865,9.141732939538696e-06,-0.0011681266,0.001177268322558162,3.243150471924133e-06,-0.0006680856,0.0006713287381485386
physics_guided_NN,10,350,3,373,4.939297936506591,4.6629324,0.2763655405715326,19.757191746026365,19.03064,0.7265520975888649,44.45368142855933,42.204586,2.2490953995065937,79.02876698410546,74.51541,4.513355607152334,0.002114203923569,0.0016175803,0.0004966236205780272,0.0007737493998735,0.00018941642,0.0005843329837676857
physics_guided_NN,10,350,3,374,7.018500883352095,6.4442477,0.5742531607263626,28.07400353340838,26.215363,1.858640984580255,63.16650795016885,57.707806,5.458702316623928,112.29601413363352,102.66368,9.632333103360082,0.0131405287505453,0.008450033,0.0046904956073825724,0.0066336897636095,0.004292726,0.0023409637125471547
physics_guided_NN,10,350,3,375,22.260983640669348,21.983868,0.27711599540567633,89.04393456267739,87.80708,1.2368514327945803,200.34885276602407,197.79999,2.5488649730553163,356.1757382507096,352.41705,3.758685028053378,0.00058135320887,-2.263294e-05,0.0006039861482326657,0.0003167682552121,-8.245644e-05,0.00039922469651721207
physics_guided_NN,10,350,3,376,12.6267080345084,12.679264,-0.05255603409511522,50.5068321380336,51.041004,-0.5341720428746015,113.6403723105756,116.41547,-2.77509399801815,202.0273285521344,204.1974,-2.170074401967156,5.963062597727358e-05,-0.0004892274,0.000548858041505422,1.9912099545971687e-05,-0.00010009802,0.00012001011872073749
physics_guided_NN,10,350,3,377,7.544442164024071,7.2777047,0.2667374482953111,30.177768656096283,28.971046,1.2067222083423772,67.89997947621664,66.05912,1.8408592979939868,120.71107462438512,116.33481,4.376266274775745,0.0009993773425788,0.0021717786,-0.0011724012431829855,0.0005338276039891,0.0012627699,-0.0007289423139683847
physics_guided_NN,10,350,3,378,2.22174795745561,2.2144396,0.007308326947187194,8.88699182982244,8.891675,-0.0046831655999231,19.99573161710049,20.088987,-0.09325573336337811,35.54796731928976,37.75664,-2.2086740686496924,0.0117537590207847,0.0122133335,-0.00045957448907772355,0.0057968016391225,0.005123563,0.0006732385282940999
physics_guided_NN,10,350,3,379,6.8806313221121975,7.2781925,-0.39756119802940404,27.52252528844879,29.094591,-1.5720658522982802,61.925681899009774,66.38433,-4.458648850501945,110.09010115379516,118.112335,-8.022234051282965,0.002477923105611,0.0010839236,0.001393999485439155,0.0011302277153225,0.00012266178,0.001007565940228043
physics_guided_NN,10,350,3,380,1.950991301639846,1.7883924,0.16259887705641085,7.803965206559384,7.472654,0.33131134074517465,17.558921714758615,16.39937,1.1595515212771694,31.21586082623753,30.073713,1.1421475236252263,0.2652438052430529,0.09390627,0.17133753676561303,0.1328213469111404,0.05155771,0.08126363837952227
physics_guided_NN,10,350,3,381,12.472014774530264,12.431029,0.04098545476708004,49.888059098121055,49.192158,0.6959013527597264,112.24813297077236,110.90313,1.3450033931356415,199.55223639248425,197.44151,2.110723330960809,0.0017475911916761,-0.0001916177,0.0019392088905504246,0.0006429509236189,-0.00019912647,0.0008420773961991466
physics_guided_NN,10,350,3,382,6.07435702558408,5.9946218,0.0797352718914528,24.29742810233632,23.790483,0.5069446276048737,54.66921323025672,53.98744,0.6817750283524262,97.18971240934528,95.74602,1.4436949532905885,0.000575566861573,0.001346924,-0.0007713571313960957,0.0002174043030753,0.00066361093,-0.0004462066288762526
physics_guided_NN,10,350,3,383,8.952744941107538,8.835171,0.11757419525792834,35.81097976443015,34.819084,0.9918955969496821,80.57470446996784,79.83628,0.7384236472139349,143.2439190577206,142.07062,1.1733013819393534,0.0012894528978122,0.0016668291,-0.00037737620858572683,0.0006647072140355,0.0010040482,-0.0003393409434478393
physics_guided_NN,10,350,3,384,3.321862933128952,3.2878716,0.033991333931564505,13.287451732515809,13.044242,0.24320982730340646,29.89676639816057,29.84728,0.049485895841232974,53.14980693006324,53.508724,-0.35891728258324207,0.0091345300601452,0.012450288,-0.0033157579897314902,0.0046316663256239,0.007312698,-0.0026810314984668194
physics_guided_NN,10,350,3,385,7.663507105849908,7.7630687,-0.09956157014496547,30.65402842339964,30.994486,-0.3404574317028981,68.97156395264918,70.77315,-1.8015836303586354,122.61611369359854,125.780754,-3.1646403957569333,0.0028689954720368,0.0019951346,0.0008738608390023322,0.0016843627789936,0.0009333189,0.0007510438562317724
physics_guided_NN,10,350,3,386,23.18838305931266,22.443558,0.7448253200548471,92.75353223725064,90.06694,2.686591929633451,208.695447533814,202.04346,6.65199050256399,371.01412894900255,362.28476,8.72936942751818,4.97774073308724e-05,0.00022003573,-0.00017025831933930338,2.83063006833003e-05,-0.00013770784,0.000166014144943449
physics_guided_NN,10,350,3,387,4.391115487818064,4.195441,0.19567471862250763,17.564461951272257,16.78028,0.7841827917263586,39.52003939036258,38.90484,0.6152008283508579,70.25784780508903,68.4366,1.8212480736437158,0.0011849056479953,0.0011301135,5.479215341282575e-05,0.0006144092041771,0.0007582913,-0.00014388207618565502
physics_guided_NN,10,350,3,388,3.348609665301315,3.4191172,-0.07050754699421713,13.39443866120526,13.813287,-0.41884812010577477,30.13748698771184,30.731184,-0.5936970180254661,53.57775464482104,55.802326,-2.2245715575715366,0.0017514331099489,0.0009421632,0.0008092698823572364,0.0007556508890755,0.0001953671,0.0005602837873791802
physics_guided_NN,10,350,3,389,4.003939030150839,3.3774722,0.626466867904135,16.015756120603356,13.877818,2.137938012998376,36.03545127135756,31.29259,4.7428620837354885,64.06302448241343,55.243343,8.81968112914194,0.0047906325620542,0.005040707,-0.0002500745046009594,0.0020189047888626,0.0018158846,0.00020302018194986787
physics_guided_NN,10,350,3,390,4.172321394699771,4.0591774,0.11314399601813019,16.689285578799083,16.162464,0.5268214369533801,37.550892552297945,37.42407,0.12682410137021094,66.75714231519633,64.2477,2.5094387629502393,0.0185906884095657,0.02044768,-0.0018569923170816786,0.0093384558077723,0.010167769,-0.0008293133486240896
physics_guided_NN,10,350,3,391,3.2311092512039945,2.9921577,0.2389515535263822,12.924437004815978,11.768552,1.1558851783389272,29.079983260835952,26.91369,2.1662926938193507,51.69774801926391,47.731617,3.966131045386959,0.0018812001668996,0.0033642447,-0.0014830445418917751,0.0008302833059693,0.0019965079,-0.0011662245622014382
physics_guided_NN,10,350,3,392,17.061946746455813,17.105707,-0.04376042212328812,68.24778698582325,68.1043,0.143485533186535,153.55752071810232,154.44518,-0.887654452796113,272.991147943293,273.72296,-0.731813482488235,0.0005843964567078,0.0012164066,-0.0006320101280095333,0.0002862804951791,0.0005738403,-0.00028755978814397934
physics_guided_NN,10,350,3,393,11.390821846645991,11.560275,-0.16945323117383282,45.56328738658397,45.971855,-0.40856777699024605,102.51739661981394,104.374306,-1.8569091052837194,182.2531495463359,185.62128,-3.368127309132859,0.0003079587942317,-0.0017783813,0.0020863400888025633,0.0002106635431538,-0.0008778725,0.0010885360600205733
physics_guided_NN,10,350,3,394,11.877593698904665,12.0439825,-0.16638880689367497,47.51037479561866,48.895706,-1.385331381139153,106.898343290142,108.375084,-1.4767406331978492,190.04149918247464,194.75365,-4.7121476681112995,7.433700839591353e-05,0.0002571848,-0.00018284777879181178,2.8138746357786715e-05,0.00032911898,-0.0003009802323400199
physics_guided_NN,10,350,3,395,15.9045775084573,15.580455,0.32412268210231865,63.6183100338292,62.696087,0.9222231502842746,143.1411975761157,140.21544,2.9257587333422634,254.4732401353168,252.51434,1.9588968735980359,8.304473068819628e-05,-0.00015644025,0.0002394849789354323,4.759184450739252e-05,-0.00023852584,0.00028611768577610334
physics_guided_NN,10,350,3,396,5.705486860312443,5.3995137,0.30597313884637867,22.82194744124977,21.918556,0.9033912278708627,51.34938174281199,48.82261,2.5267727950580863,91.28778976499908,88.292274,2.9955152899014195,0.0129033103232296,0.009968872,0.0029344381411583915,0.0074198264456097,0.004991543,0.002428283432007205
physics_guided_NN,10,350,3,397,14.021322337124378,14.488458,-0.46713534262415735,56.08528934849751,57.19525,-1.1099621163462388,126.1919010341194,129.91269,-3.7207881748649783,224.34115739399004,229.09357,-4.752409500541205,0.0020194303772175,0.0017780653,0.00024136503383007492,0.0010477655170096,0.001167932,-0.00012016642619092858
physics_guided_NN,10,350,3,398,2.5416947678303097,1.9545912,0.5871036127781246,10.16677907132124,8.039277,2.127501994600049,22.87525291047279,18.169401,4.705851741649546,40.66711628528496,33.537823,7.12929356189629,0.0173237832254538,0.014518484,0.0028052996835479203,0.007294745375962,0.006527736,0.000767009524256926
physics_guided_NN,10,350,3,399,10.087561187101244,10.234619,-0.14705795352375617,40.350244748404975,41.370148,-1.0199029566731497,90.7880506839112,93.904915,-3.1168641720458368,161.4009789936199,167.00194,-5.600958872591036,0.0006188251757838,0.0003249101,0.0002939150766313244,0.0002694587426852,-1.1325746e-05,0.0002807844883029962
physics_guided_NN,10,350,3,400,3.5251992913509334,3.4955323,0.02966701710471753,14.100797165403732,13.663051,0.43774651385343866,31.7267936221584,32.69436,-0.9675652035251936,56.40318866161493,57.12248,-0.7192898234924954,0.0118676329446304,0.019792963,-0.007925329874707445,0.005678566432419,0.009729744,-0.004051177502748789
physics_guided_NN,10,350,3,401,5.131653706318986,4.7888002,0.34285346675599815,20.526614825275946,18.992739,1.533876101521063,46.18488335687088,43.626534,2.5583498485700957,82.10645930110378,76.629135,5.477324169267845,0.0028215365585674,0.0007568696,0.0020646669421147956,0.0015179839195243,0.00048447197,0.00103351195347746
physics_guided_NN,10,350,3,402,6.7239933116782,6.318376,0.4056172473776627,26.8959732467128,25.490324,1.405649226327057,60.5159398051038,57.855064,2.6608754130139545,107.5838929868512,104.05875,3.525146648960572,0.0021453345610188,0.00080925325,0.001336081309373086,0.0009250958530255,-0.00027034263,0.0011954384819627146
physics_guided_NN,10,350,3,403,7.443883455816558,7.2933683,0.15051511627798408,29.77553382326624,28.628664,1.1468698065426075,66.99495110234903,65.046036,1.948915335747472,119.10213529306492,114.40753,4.694603554783669,0.0006688984808327,0.00021689484,0.00045200363954541487,0.0002307007610794,9.9757985e-05,0.00013094277650777545
physics_guided_NN,10,350,3,404,13.24383405236694,13.022835,0.22099927453490942,52.97533620946776,52.10424,0.8710957919872939,119.19450647130245,117.98689,1.207613771107134,211.90134483787105,211.24666,0.6546865126757382,0.0012496031265076,0.0025908558,-0.0013412526898715896,0.0006006001288903,0.0014215955,-0.0008209953290509937
physics_guided_NN,10,350,3,405,15.0739806231415,16.017773,-0.943792051419047,60.295922492566,63.738297,-3.442374016223063,135.6658256082735,143.27997,-7.614142653445242,241.183689970264,255.21295,-14.029261689892252,0.0005756027839364,-0.00032099982,0.0008966026088440307,0.0002927287939649,-0.00032400287,0.0006167316685143783
physics_guided_NN,10,350,3,406,5.541332666019742,5.384095,0.15723747406417576,22.16533066407897,21.600199,0.5651319183514296,49.87199399417768,50.235363,-0.36336901241411823,88.66132265631587,87.04998,1.611342492741656,0.0042377742035613,0.0047224844,-0.0004847101838960704,0.0019930162853602,0.0021080538,-0.0001150374845560959
physics_guided_NN,10,350,3,407,7.813126362029707,7.398327,0.41479948825041024,31.25250544811883,28.68448,2.5680247810045707,70.31813725826737,66.22789,4.090247243618933,125.01002179247531,115.85819,9.151829348627658,0.0006352701833627,8.087797e-05,0.0005543922101302817,0.0003478241656446,8.884591e-05,0.00025897825484910133
physics_guided_NN,10,350,3,408,17.040054383733615,17.576286,-0.5362319321843536,68.16021753493446,70.72017,-2.559951532448352,153.36048945360253,158.77809,-5.417601977061537,272.64087013973784,284.93015,-12.289275123934033,0.0001559688580704,0.00034209486,-0.0001861260052288804,5.6649850911800906e-05,0.00012102101,-6.437115936086963e-05
physics_guided_NN,10,350,3,409,21.027723915675555,21.159702,-0.13197838534983575,84.11089566270222,84.23861,-0.12771365126262424,189.24951524108,190.08907,-0.8395503106778222,336.4435826508089,336.90445,-0.46086681208174696,0.0002019222767886,-0.0006295996,0.0008315218903918046,7.920678583010414e-05,-0.0003758142,0.0004550209978505907
physics_guided_NN,10,350,3,410,4.013049917661316,3.738898,0.2741518787971806,16.052199670645262,14.854604,1.1975959032502423,36.11744925895184,33.991837,2.125612711100274,64.20879868258105,60.08576,4.123040473352532,0.0079939804653201,0.008562675,-0.0005686942805972206,0.004300733039607,0.004265726,3.5006961305331964e-05
physics_guided_NN,10,350,3,411,29.25139495170068,28.866783,0.38461180961083485,117.00557980680271,114.93812,2.067461825845683,263.2625545653061,259.10995,4.152599731321743,468.0223192272109,463.86447,4.1578477916640395,2.1605208344533897e-05,0.00118018,-0.0011585747908654065,1.511103039440526e-05,0.00052806624,-0.0005129552140476106
physics_guided_NN,10,350,3,412,6.231982721210787,5.9581223,0.2738604677928178,24.927930884843143,23.58616,1.3417702250531036,56.08784449089708,52.328545,3.7592998741978647,99.71172353937258,95.34717,4.364555570622585,0.0004838403459334,0.00068128767,-0.00019744732131499805,0.0001708146381893,0.00025294774,-8.213309694521219e-05
physics_guided_NN,10,350,3,413,20.30416014568943,21.190243,-0.8860826216445545,81.21664058275772,85.290405,-4.073764690679781,182.7374413112049,191.02457,-8.287125339185735,324.8665623310309,341.12146,-16.254897629906623,0.0001555644141844,0.0019533327,-0.0017977682707497392,5.183607571379122e-05,0.0012383736,-0.0011865374981556757
physics_guided_NN,10,350,3,414,3.991235087045202,3.6692865,0.32194859755850747,15.964940348180804,14.967454,0.9974863915767997,35.92111578340681,32.996452,2.924663451863843,63.85976139272322,60.635715,3.224045908104081,0.0106668275453801,0.011060109,-0.00039328181662608673,0.0041595206675923,0.0044151987,-0.0002556780273222795
physics_guided_NN,10,350,3,415,3.762099285859775,3.8450186,-0.08291933939962437,15.0483971434391,14.990155,0.058241923407361895,33.858893572737976,35.729855,-1.870961011002258,60.1935885737564,62.505344,-2.31175581711274,0.0243707623426507,0.013073441,0.01129732170148592,0.0123444705483083,0.0074455915,0.0048988790464166865
physics_guided_NN,10,350,3,416,6.396507538299827,6.526141,-0.12963362838718506,25.586030153199307,26.15987,-0.5738399945057715,57.56856784469844,59.305874,-1.7373060261511668,102.34412061279724,105.5573,-3.213176140132447,0.001023794217149,0.0007807385,0.00024305573443157528,0.0004344804456207,0.0001102817,0.0003241987487865642
physics_guided_NN,10,350,3,417,24.908560761138546,25.584526,-0.6759653008731732,99.63424304455418,102.23023,-2.595989194215349,224.1770468502469,229.20422,-5.02717678256559,398.53697217821673,409.07672,-10.539749013189521,2.7152195966694383e-05,-8.72644e-05,0.0001144165973392165,1.5638908897241834e-05,-0.00013660842,0.00015224732685805697
physics_guided_NN,10,350,3,418,3.622819326203278,3.1252744,0.49754490641873206,14.491277304813112,11.953832,2.537445632144655,32.605373935829505,28.066591,4.538782673012122,57.96510921925245,48.04405,9.921060909926275,0.0032581506491461,0.0023945798,0.0008635708325364791,0.0019707628195269,0.0014341346,0.0005366282672716271
physics_guided_NN,10,350,3,419,5.823496162508097,5.546016,0.27747994623002104,23.29398465003239,21.965866,1.3281185611652013,52.41146546257288,50.50102,1.9104469384029557,93.17593860012956,88.68448,4.49145984036393,0.0003374277845345,-0.0010390676,0.0013764954170532087,0.0001762236527486,-0.00032950513,0.0005057287810689066
physics_guided_NN,10,350,3,420,13.442647356529804,13.796609,-0.35396156833591874,53.770589426119216,55.21166,-1.4410690516639875,120.98382620876824,125.7074,-4.723571252169265,215.0823577044769,222.63467,-7.552316367788734,0.000173101544734,-0.0009778616,0.0011509631233102668,9.474766856658512e-05,-0.00070720486,0.0008019525296673482
physics_guided_NN,10,350,3,421,13.20282695903578,13.23206,-0.029233473398301513,52.81130783614312,53.210506,-0.3991986030658623,118.82544263132203,119.86427,-1.038830439967029,211.2452313445725,212.3844,-1.1391680694900117,0.0004074747434155,0.0011709264,-0.000763451634693061,0.0001945881127969,0.00064257026,-0.0004479821467182961
physics_guided_NN,10,350,3,422,12.4082680968916,12.386591,0.02167713924999859,49.6330723875664,49.49312,0.1399541014335881,111.6744128720244,112.60506,-0.9306438906709076,198.5322895502656,198.54895,-0.01666064504689757,5.550270640361247e-05,0.0017955654,-0.0017400626538221246,2.9073950366307377e-05,0.0006835389,-0.00065446495637558
physics_guided_NN,10,350,3,423,15.657620587848484,15.320122,0.33749882271176546,62.63048235139394,61.360256,1.2702261563255774,140.91858529063637,137.65298,3.265600671495747,250.5219294055757,244.87723,5.6447016223725655,0.0004056509514723,0.0007708376,-0.0003651866409543875,0.0001948710923974,0.0003478111,-0.00015293999603422655
physics_guided_NN,10,350,3,424,30.369378416441368,30.395048,-0.02566972503812437,121.47751366576549,121.72132,-0.24380744019154577,273.3244057479723,273.7005,-0.376094740308929,485.9100546630619,483.52707,2.38298557126501,0.0001736481748859,-0.0016671474,0.0018407955607737017,8.197315548142494e-05,-0.00095357856,0.0010355517202854723
physics_guided_NN,10,350,3,425,18.40985773802792,18.734816,-0.32495785950625944,73.63943095211167,74.42795,-0.7885170459352082,165.68871964225127,168.28238,-2.5936595081393534,294.55772380844667,298.6609,-4.103164863428333,0.0012131926510766,-0.000154952,0.0013681446458496005,0.0007046677832091,-0.00023263616,0.0009373039405159425
physics_guided_NN,10,350,3,426,7.962514534245007,7.3442845,0.6182299997906613,31.850058136980028,29.731884,2.118174134294481,71.66263080820507,66.463905,5.198725473732409,127.40023254792013,120.60939,6.790842289131064,0.0021292008821284,0.0027571535,-0.0006279525916660601,0.0008820786195463,0.0011727462,-0.00029066756287305967
physics_guided_NN,10,350,3,427,4.93945710779292,4.739064,0.20039289117915082,19.75782843117168,19.169958,0.587870316547658,44.45511397013629,43.926373,0.5287414420601166,79.03131372468673,75.82095,3.2103603555461007,0.0040634340343154,0.0038570317,0.00020640233690803495,0.0017823490318078,0.0010749225,0.0007074265279042918
physics_guided_NN,10,350,3,428,5.406593487330929,5.549676,-0.14308245413635579,21.62637394932372,21.761564,-0.13519030543702115,48.65934138597837,49.090565,-0.4312233418048308,86.50549579729487,86.797325,-0.2918293369824738,0.0452556505234549,0.03357671,0.011678942236454243,0.0249833880349037,0.018471098,0.006512290461265738
physics_guided_NN,10,350,3,429,5.032734798598193,4.694002,0.3387326471089356,20.130939194392774,19.181675,0.949264237117383,45.29461318738374,42.644924,2.6496890235653794,80.5237567775711,74.041725,6.482031618879688,0.0527325291980679,0.031791102,0.02094142705692601,0.0280424458243544,0.016984269,0.01105817680141281
physics_guided_NN,10,350,3,430,2.2921031718585905,2.5788033,-0.2867001289989535,9.168412687434362,10.251044,-1.082631585942103,20.628928546727312,23.725496,-3.0965677453869453,36.67365074973745,41.86495,-5.191297522967631,0.000827930204897,0.002557148,-0.001729217787877844,0.0004397163492773,0.0012736988,-0.0008339824062626538
physics_guided_NN,10,350,3,431,8.012834254898625,7.545333,0.46750134626825357,32.0513370195945,29.958036,2.0933005968650065,72.11550829408762,67.44656,4.668944573384493,128.205348078378,118.077515,10.127833429940495,8.43507535088772e-05,-0.0012333653,0.0013177160238180274,3.136059652294892e-05,-0.00090463687,0.0009359974615390219
physics_guided_NN,10,350,3,432,4.87041750536382,4.6643157,0.20610180483281404,19.48167002145528,18.628046,0.853623985688678,43.833757548274384,42.55427,1.2794858502763375,77.92668008582112,75.91018,2.0165009476375246,0.0022401708723474,0.0015062137,0.0007339571915063715,0.0011450869957384,0.0009840474,0.00016103957262153718
physics_guided_NN,10,350,3,433,7.615479703964523,7.3217144,0.2937653027194056,30.46191881585809,28.842646,1.6192731707164896,68.5393173356807,65.1871,3.352214064196332,121.84767526343236,116.27602,5.571659028080802,0.0049301660602497,0.0049738917,-4.372559659610812e-05,0.0029673878912868,0.002787764,0.00017962393994052197
physics_guided_NN,10,350,3,434,7.830061576607795,7.7313056,0.09875597739514852,31.32024630643118,31.01145,0.3087964925884066,70.47055418947016,68.87201,1.598544912126414,125.28098522572472,125.44239,-0.16140521616981118,0.0003260114475939,0.0017525257,-0.0014265142368298446,0.0001169534807633,0.0009771938,-0.0008602403395269675
physics_guided_NN,10,350,3,435,10.577914324117138,10.316815,0.2610989478354,42.31165729646855,41.592197,0.7194598782556625,95.20122891705424,95.775406,-0.5741769667348251,169.2466291858742,169.04819,0.19844193001483745,0.0028044481142366,0.0019654345,0.0008390135909372635,0.0015324955834848,0.00092144596,0.0006110496265654577
physics_guided_NN,10,350,3,436,13.967727128471353,13.86457,0.10315746446988783,55.87090851388541,54.838646,1.032262578826817,125.70954415624216,124.39394,1.315600369621066,223.4836340555416,220.24117,3.2424688944087734,0.0005507475492208,-3.4469118e-05,0.0005852166671842538,0.0002665142823246,-0.00031017483,0.0005766891121168312
physics_guided_NN,10,350,3,437,16.080892427224747,15.764291,0.316601617593399,64.32356970889899,63.140415,1.183154517248596,144.7280318450227,141.01207,3.7159621428742753,257.29427883559595,251.15753,6.1367470973146965,5.1585769511530256e-05,0.001190073,-0.001138487203747263,1.866593633812685e-05,0.0006169556,-0.0005982896927461324
physics_guided_NN,10,350,3,438,10.205851138918396,9.962238,0.24361282715081778,40.823404555673584,40.17845,0.6449530175876461,91.85266025026556,89.91962,1.9330435510468078,163.2936182226943,160.60196,2.691658994178681,0.0008900654564501,0.0021986607,-0.0013085952897666738,0.0004301743748636,0.0011228914,-0.0006927170623986967
physics_guided_NN,10,350,3,439,2.579492868283253,2.7349546,-0.15546172728254293,10.317971473133012,10.829085,-0.5111138769036092,23.21543581454928,24.889616,-1.6741801980239615,41.27188589253205,43.714306,-2.4424199851534993,0.0042785846806067,0.00834556,-0.004066975490103387,0.0029207484083382,0.005354966,-0.0024342176286371838
physics_guided_NN,10,350,3,440,15.295850253234365,14.7723,0.5235504866938374,61.18340101293745,58.650063,2.5333384519022957,137.66265227910927,132.98856,4.674096370906142,244.7336040517498,234.31471,10.418891527335745,6.571178458610668e-05,-0.000988237,0.001053948762304877,2.358489638227267e-05,-0.00047909975,0.000502684644572765
physics_guided_NN,10,350,3,441,7.594309143157296,7.433982,0.16032724771051843,30.377236572629183,29.826328,0.5509082950412925,68.34878228841566,67.088135,1.2606475227906628,121.50894629051672,118.19307,3.3158768325089056,0.0010797519905775,0.0019751117,-0.0008953596727640223,0.0003824792851575,0.00056118524,-0.00017870595419106056
physics_guided_NN,10,350,3,442,6.898629995739067,6.393101,0.505528780376518,27.594519982956268,25.793093,1.8014272552951347,62.0876699616516,56.236717,5.8509527375305055,110.37807993182508,100.39915,9.978932898133678,0.0008214035569459,0.0010663407,-0.000244937158678492,0.0004513707610513,0.0008544573,-0.00040308656005981285
physics_guided_NN,10,350,3,443,7.777813007403506,7.7043653,0.07344775395502001,31.111252029614025,30.26019,0.851062973217541,70.00031706663157,68.9344,1.0659146008112543,124.4450081184561,121.270836,3.1741722419912577,0.0002737979672987,-0.0016640708,0.0019378687290612594,9.723717577735458e-05,-0.0012201149,0.001317352054156163
physics_guided_NN,10,350,3,444,2.2007365036084017,2.43317,-0.23243357657653485,8.802946014433607,8.710008,0.09293834689210279,19.806628532475614,21.456789,-1.650160484248019,35.21178405773443,34.251118,0.9606663514355986,0.0727254122373275,0.059839632,0.01288577987520019,0.0324434627858249,0.031139722,0.0013037406918851163
physics_guided_NN,10,350,3,445,1.5685480449592062,1.2337068,0.3348412130271383,6.274192179836825,4.2592044,2.01498779217203,14.116932404632855,11.006235,3.1106972819521914,25.0967687193473,18.382246,6.714522701891244,0.0425297231493675,0.029783562,0.012746161323615245,0.0267211607510996,0.01560386,0.011117300842220797
physics_guided_NN,10,350,3,446,6.279253966662661,6.150302,0.12895203337408656,25.117015866650643,24.316975,0.800041226758065,56.51328569996395,55.478046,1.0352392827276233,100.46806346660256,98.52359,1.9444733787119333,0.0014386584783782,-0.0008450634,0.0022837218979251317,0.0005717533138448,-0.0006713026,0.00124305592252478
physics_guided_NN,10,350,3,447,11.667032511335082,11.407917,0.25911548863000355,46.66813004534033,45.280704,1.387425547049311,105.00329260201572,102.92788,2.0754132685196254,186.6725201813613,180.99385,5.678669473353494,3.284845874449921e-05,0.00035684562,-0.0003239971571528284,1.11500591916143e-05,1.2497486e-05,-1.3474266492534386e-06
physics_guided_NN,10,350,3,448,5.106397401966825,5.1471252,-0.04072784217380043,20.4255896078673,20.555462,-0.1298722756776236,45.95757661770143,46.2486,-0.2910233884020883,81.7023584314692,81.810356,-0.10799770866752567,0.0052983523610702,0.0059250793,-0.0006267269809076348,0.0028186679489898,0.0032254718,-0.0004068038754177776
physics_guided_NN,10,350,3,449,7.833954736792751,7.929698,-0.0957432536247298,31.335818947171003,31.217224,0.11859482607725269,70.50559263113476,69.99545,0.5101397502753855,125.343275788684,125.82559,-0.48231625233162845,0.0007715231481899,3.1840584e-05,0.000739682564502019,0.000286712801252,-0.00023864668,0.0005253594816247672
physics_guided_NN,10,350,3,450,9.536844296526269,9.304464,0.2323799563163078,38.14737718610508,37.621693,0.525684528634379,85.83159866873642,85.89159,-0.059987634974518755,152.5895087444203,152.08623,0.5032813274281125,0.0052137357944636,0.0017922582,0.003421477560700322,0.0031964129327083,0.00059404346,0.002602369468774087
physics_guided_NN,10,350,3,451,29.347593248471984,28.759604,0.5879897481057732,117.39037299388794,114.56581,2.824561836661374,264.1283392362479,259.27203,4.856305544841632,469.56149197555175,458.76617,10.795317659145496,1.9941814951186552e-05,0.0009770571,-0.000957115333751256,1.0716534372491029e-05,0.00039606128,-0.00038534474683545787
physics_guided_NN,10,350,3,452,7.024433946896661,6.826626,0.1978081229220514,28.097735787586643,27.30463,0.7931055080456275,63.21990552206995,61.653675,1.5662304427242475,112.39094315034656,109.796104,2.5948387191942146,0.0006015883217477,0.0012291038,-0.0006275154492906534,0.0002761832250864,0.00023072174,4.546148864317096e-05
physics_guided_NN,10,350,3,453,9.42359914975412,9.365478,0.058121587803436014,37.694396599016486,37.055607,0.6387897569754699,84.8123923477871,83.89597,0.9164191422206898,150.77758639606594,149.31683,1.4607528999721922,0.0002970198177279,-1.6793547e-05,0.0003138133645477266,0.0001501162824136,-9.2185735e-05,0.00024230201782507633
physics_guided_NN,10,350,3,454,1.3550370193236496,1.2691706,0.08586637742454073,5.420148077294599,4.773708,0.6464402106258982,12.195333173912848,11.60335,0.591983488243903,21.6805923091784,18.819395,2.861197243870784,0.0863990689536571,0.059142698,0.02725637135114664,0.0410992394309355,0.03097106,0.01012817985525858
physics_guided_NN,10,350,3,455,5.821228998938319,5.4452934,0.37593557242464737,23.28491599575328,22.194164,1.0907517196302337,52.39106099044488,48.968693,3.422368210903862,93.13966398301312,89.74735,3.392311382915466,0.0032302407516443,0.0025520106,0.0006782301670216783,0.001322795934052,0.00085141073,0.00047138520191309795
physics_guided_NN,10,350,3,456,9.625133837918709,10.373051,-0.747916851778557,38.500535351674834,40.729168,-2.2286325865575876,86.62620454126838,94.52179,-7.895585009512871,154.00214140669934,164.42128,-10.419138500527225,0.0004583349412275,0.0024515665,-0.0019932315724002676,0.0001570040989499,0.0011281834,-0.0009711793460120055
physics_guided_NN,10,350,3,457,4.735142021518095,4.685555,0.04958704028640515,18.94056808607238,18.99574,-0.05517280443055128,42.61627819366286,42.535625,0.08065273589918576,75.76227234428951,73.1341,2.6281704766137324,0.0007423741963538,-0.00066999014,0.0014123643386955032,0.0004112411618153,-0.00021507654,0.000626317697639055
physics_guided_NN,10,350,3,458,12.048392902965476,11.9114,0.13699306165688263,48.1935716118619,47.85139,0.34218077323885154,108.43553612668929,108.7787,-0.34316565553727685,192.7742864474476,192.38599,0.3883001193225937,0.0007814990602717,0.00086515635,-8.365729457659543e-05,0.0003719255023311,0.00030523754,6.668796275287081e-05
physics_guided_NN,10,350,3,459,21.13947754683293,21.221128,-0.08165091691218862,84.55791018733171,85.061165,-0.503254668625317,190.2552979214964,190.44344,-0.18813774744890566,338.23164074932686,341.37766,-3.146014279970018,0.0001067076321749,-0.0021728277,0.0022795353528169897,6.163865240561377e-05,-0.0014331605,0.0014947991576631607
physics_guided_NN,10,350,3,460,4.8769701280652855,5.1353345,-0.2583643636644508,19.507880512261146,20.202139,-0.6942583884956903,43.892731152587565,45.804913,-1.9121814145511067,78.03152204904457,81.4151,-3.3835780486116818,0.0001906628125155,-3.6257723e-05,0.00022692053548350278,7.088385859241336e-05,0.00021007641,-0.0001391925518473834
physics_guided_NN,10,350,3,461,2.592798600128094,2.6034443,-0.010645737716754589,10.371194400512376,10.049945,0.32124952288786446,23.33518740115285,23.780943,-0.44575551571726635,41.48477760204951,43.368908,-1.884130326417285,0.0090755145328503,0.008300924,0.000774590790496384,0.0038401099670633,0.0036468199,0.00019329011477076238
physics_guided_NN,10,350,3,462,5.047077164491515,4.9688807,0.07819651111016768,20.18830865796606,20.20767,-0.019361553825930855,45.423694480423634,45.6028,-0.17910398149042805,80.75323463186425,79.54592,1.2073133061806516,0.0135994968639527,0.014088939,-0.0004894420800890288,0.0065182318301061,0.0070193545,-0.0005011226660451085
physics_guided_NN,10,350,3,463,4.555845678326203,4.514738,0.04110759544046072,18.22338271330481,18.449263,-0.22587990571374306,41.00261110493583,41.503357,-0.5007458286579194,72.89353085321925,73.281334,-0.3878030701205972,0.0012804621025684,0.0004746556,0.0008058065092886508,0.0005698445171372,0.00010744675,0.00046239776622019376
physics_guided_NN,10,350,3,464,5.0040551643863145,4.5543756,0.4496795158877793,20.01622065754525,18.648396,1.3678251192151727,45.03649647947683,40.718296,4.318200428451441,80.06488263018103,72.725815,7.339067810845094,0.0032740799087478,0.005022232,-0.0017481520463334243,0.001792921318311,0.0026473487,-0.0008544273612911461
physics_guided_NN,10,350,3,465,17.331254318865753,17.336569,-0.005314513531708087,69.32501727546301,69.67887,-0.35385387932214485,155.98128886979177,156.59514,-0.613849680012919,277.30006910185205,278.47668,-1.1766154684604544,0.0002682890698234,-0.000114419905,0.00038270897482656024,0.0001486359574875,-0.00012174824,0.0002703841997237082
physics_guided_NN,10,350,3,466,23.66891828777028,23.206678,0.4622398972673487,94.67567315108111,93.04173,1.633940362995176,213.02026458993248,208.67662,4.343644106534043,378.70269260432445,371.06216,7.640528297683829,3.470749587365628e-05,-0.00013703707,0.00017174456960135343,1.730134464464268e-05,-0.00037463562,0.0003919369679469534
physics_guided_NN,10,350,3,467,8.501309975549521,8.085843,0.4154668893068454,34.005239902198085,31.9688,2.0364403111336316,76.5117897799457,71.67646,4.83532951383242,136.02095960879234,126.74666,9.274301283597026,0.0011451639476688,0.0013910189,-0.00024585490957932743,0.0005537797495862,0.0007804435,-0.0002266637367057152
physics_guided_NN,10,350,3,468,11.469806764163344,10.205214,1.2645932174104146,45.87922705665337,40.892433,4.986793890149464,103.22826087747008,93.3278,9.900463941434921,183.51690822661348,164.37149,19.145417748097856,0.0004717387290034,0.0010152647,-0.0005435259283226427,0.0002600780237704,0.00041138922,-0.00015131119720121413
physics_guided_NN,10,350,3,469,3.846689483651373,3.549044,0.2976455898372863,15.386757934605493,14.16466,1.222097480809106,34.620205352862364,32.67122,1.9489864807920512,61.54703173842197,57.027294,4.519737579486424,0.0187798117190261,0.025949918,-0.0071701060146431815,0.0100230414065008,0.013641848,-0.0036188068223710224
physics_guided_NN,10,350,3,470,2.589188253216009,2.9546278,-0.36543949908806805,10.356753012864038,11.82459,-1.4678367164450439,23.302694278944088,26.487734,-3.1850395619982947,41.42701205145615,44.72114,-3.2941297637293943,0.0023732021398305,0.0056314934,-0.003258291264677137,0.0013896212446625,0.0031061778,-0.0017165565398400062
physics_guided_NN,10,350,3,471,5.15406776380301,4.992281,0.16178680372000187,20.61627105521204,19.957123,0.6591482524776637,46.38660987422709,45.200638,1.1859720568442782,82.46508422084815,81.75294,0.7121469039536237,0.002279303530853,0.0020459164,0.0002333871374537613,0.0010623916237312,0.0009752324,8.715922699073357e-05
physics_guided_NN,10,350,3,472,6.533364890638045,6.6383066,-0.10494172709877159,26.13345956255218,26.722809,-0.5893492753384457,58.8002840157424,60.73632,-1.9360364798630698,104.53383825020872,109.11891,-4.585073492955345,0.000526063695466,0.00051284727,1.3216426046419312e-05,0.0002858742152763,9.461522e-05,0.00019125899396170215
physics_guided_NN,10,350,3,473,12.793028341790706,12.726466,0.06656216289666261,51.17211336716282,51.33433,-0.16221814528834955,115.13725507611636,115.9602,-0.8229423726141079,204.6884534686513,206.06705,-1.3785936504893357,0.0001420508456987,7.926446e-05,6.278638882680301e-05,4.691146235487304e-05,0.00019075845,-0.00014384698958096214
physics_guided_NN,10,350,3,474,9.757580841633295,9.912168,-0.15458670750000536,39.03032336653319,39.33277,-0.30244793473634246,87.81822757469968,90.01766,-2.199434473640167,156.12129346613276,159.10483,-2.98353441472662,0.0002016789333795,0.0010874612,-0.0008857823155920218,8.415177550027412e-05,0.0004918103,-0.0004076585467732485
physics_guided_NN,10,350,3,475,9.3116812821914,9.418843,-0.1071619871567453,37.2467251287656,37.299942,-0.053216887835965565,83.8051315397226,84.52447,-0.7193359285391239,148.9869005150624,150.23251,-1.2456129126719873,0.0018770066558112,0.0006460441,0.001230962563092688,0.0007147755018495,0.00010078174,0.0006139937609377293
physics_guided_NN,10,350,3,476,4.871440727523472,5.1231966,-0.25175587434420343,19.48576291009389,20.908306,-1.4225432117322825,43.84296654771125,47.814045,-3.9710784046813288,77.94305164037556,84.333534,-6.390482600347099,0.0077700990431565,0.0043100268,0.00346007227828681,0.0043934870187507,0.0021639776,0.0022295094237045378
physics_guided_NN,10,350,3,477,4.600168998009698,4.4388146,0.161354357964532,18.400675992038792,17.930298,0.4703781404762921,41.40152098208728,40.952126,0.4493954327708707,73.60270396815517,70.69065,2.912053028213762,0.0021523140169207,0.0027011752,-0.0005488611493732788,0.0014421525489619,0.0019541092,-0.000511956626168825
physics_guided_NN,10,350,3,478,2.7365041701286192,2.8341835,-0.09767928438493056,10.946016680514475,11.309497,-0.36348019906316154,24.628537531157576,25.73961,-1.111073140839494,43.78406672205791,48.662754,-4.878687336779983,0.0058070149575364,0.0049996884,0.0008073265966963179,0.002608548026528,0.00177255,0.0008359979754274478
physics_guided_NN,10,350,3,479,13.867832764128174,13.649335,0.21849785659643572,55.471331056512696,54.484295,0.9870361651552741,124.81049487715356,123.310776,1.4997191203176214,221.8853242260508,217.7393,4.146020637183625,0.0002829612411815,0.00026858092,1.4380325309492378e-05,0.0001309241807784,2.7555108e-05,0.0001033690724606439
physics_guided_NN,10,350,3,480,9.365056110978236,9.455173,-0.09011642777908868,37.46022444391295,37.895023,-0.43479890203431637,84.28550499880416,84.74415,-0.4586432555903741,149.8408977756518,150.90244,-1.061537527082578,0.0010476305274464,0.0016775565,-0.0006299260180272351,0.000452907289197,0.0008569011,-0.00040399382234990384
physics_guided_NN,10,350,3,481,4.672145588555732,4.96321,-0.2910645173402644,18.688582354222927,20.145355,-1.4567728703864482,42.04931029700159,44.557606,-2.5082954464066134,74.75432941689171,78.515656,-3.761326100686418,0.0011512595625123,0.00020031031,0.00095094924797248,0.0005579646993235,-4.9617305e-05,0.0006075820045177606
physics_guided_NN,10,350,3,482,18.04491169621069,17.051863,0.9930489795358852,72.17964678484276,68.74988,3.4297688551552596,162.4042052658962,154.3305,8.073699894802445,288.71858713937104,274.3855,14.333089092496039,7.961404994813343e-05,0.00014041323,-6.0799184527866645e-05,2.536399801157736e-05,0.00025819038,-0.000232826384726089
physics_guided_NN,10,350,3,483,11.858555658889498,11.726525,0.13203035218783832,47.434222635558,46.48393,0.9502939551380791,106.72700093000547,106.9252,-0.19820048601015117,189.736890542232,187.4637,2.2731912014116915,5.065161545413394e-05,-0.00020223571,0.00025288732300164955,2.827322056235568e-05,-0.00027889427,0.0003071674862103333
physics_guided_NN,10,350,3,484,4.274572875131773,3.9954803,0.27909257613580163,17.098291500527093,15.972699,1.125592335182855,38.47115587618596,37.079304,1.3918521347308825,68.39316600210837,63.3158,5.077366288973607,0.0010266419836355,0.0007974101,0.0002292318955098838,0.0003917176447685,0.00025316217,0.00013855547261118262
physics_guided_NN,10,350,3,485,18.642704432997824,18.061499,0.581205791030051,74.5708177319913,72.23336,2.337457441463954,167.7843398969804,163.13773,4.646614066902288,298.2832709279652,289.66058,8.62268743187144,2.2776345948410984e-05,-0.00024087256,0.00026364890182642436,7.212722337110209e-06,-6.0472426e-06,1.3259964887376883e-05
physics_guided_NN,10,350,3,486,5.983063624841268,6.2015405,-0.21847684528202294,23.932254499365072,24.709238,-0.7769835530030917,53.847572623571416,55.97341,-2.1258389364871775,95.72901799746028,97.13489,-1.405869697852225,0.0011293563503629,0.0006548614,0.00047449496116921605,0.0005113188035499,-9.5648475e-06,0.000520883651009742
physics_guided_NN,10,350,3,487,7.455756711300488,7.5299253,-0.07416863507402383,29.82302684520195,30.575249,-0.7522218730597672,67.10181040170438,67.99453,-0.8927193224167098,119.2921073808078,123.37785,-4.085746012746881,0.0001616645695494,0.0003747568,-0.00021309224210293255,6.92276303175298e-05,0.0002700885,-0.00020086086397213662
physics_guided_NN,10,350,3,488,15.963023585895812,15.983239,-0.02021558799334855,63.852094343583246,64.31964,-0.4675467696980036,143.66721227306232,144.90659,-1.2393734202970563,255.40837737433296,257.45212,-2.0437405455889177,0.000527439014806,0.0011758507,-0.0006484117314158404,0.0002567121024683,0.0005328921,-0.00027618002272472965
physics_guided_NN,10,350,3,489,9.050123738456378,9.143379,-0.09325547296940329,36.20049495382551,37.143517,-0.9430215867018319,81.45111364610742,81.914345,-0.46323114149024036,144.80197981530205,149.25186,-4.449881756963578,0.000190123235559,0.00072311197,-0.0005329887315315173,8.167704772703131e-05,0.00031624275,-0.00023456569788478534
physics_guided_NN,10,350,3,490,6.024240923737268,5.9732428,0.050998164032677984,24.09696369494907,24.1908,-0.09383601818569431,54.21816831363542,52.850063,1.3681049896608073,96.38785477979629,96.30049,0.08736344678847274,0.0002251900884384,-0.0006304215,0.0008556115942137026,8.111090485903164e-05,-0.00043928734,0.000520398242799218
physics_guided_NN,10,350,3,491,3.065720658779973,2.7892406,0.27648006010138415,12.262882635119892,10.994868,1.268014356616474,27.59148592901976,25.704557,1.886928510196519,49.05153054047957,46.30527,2.7462593917979277,0.0095350828270864,0.0089484565,0.0005866263310861097,0.0042832921269601,0.0034981493,0.0007851427897130857
physics_guided_NN,10,350,3,492,7.968024073862097,7.3246803,0.643343745492956,31.872096295448387,29.667696,2.204400296302879,71.71221666475887,65.536095,6.176121999231526,127.48838518179356,117.82524,9.663144092926373,0.0033646581469745,0.003220901,0.00014375725376313507,0.0016706080945524,0.0014043512,0.0002662568889873647
physics_guided_NN,10,350,3,493,10.107433286483412,9.830564,0.27686974125636077,40.429733145933646,39.05488,1.374854911070365,90.9668995783507,89.70998,1.2569233820616432,161.71893258373458,155.14543,6.573501065179897,0.0012127582198013,0.0010417384,0.00017101978696923772,0.0006490456458574,0.000413613,0.00023543265940824778
physics_guided_NN,10,350,3,494,16.997503871649254,16.893892,0.10361158344124632,67.99001548659702,67.01585,0.9741692341556103,152.9775348448433,150.68326,2.294276788202666,271.96006194638807,267.59476,4.365304866309941,0.0005272895416928,-0.0006358935,0.001163183033255256,0.0002607974185064,-0.00041085546,0.0006716528752274376
physics_guided_NN,10,350,3,495,7.73184203994365,7.7344494,-0.002607346653030085,30.9273681597746,31.322758,-0.3953895611726672,69.58657835949286,70.07796,-0.491378793827451,123.7094726390984,125.96552,-2.2560501270148876,0.0001029039879054,0.00054681354,-0.0004439095471329818,5.7616094548844535e-05,0.00026753318,-0.00020991708342672067
physics_guided_NN,10,350,3,496,8.2774721584624,8.294605,-0.017133096664553094,33.1098886338496,32.67735,0.43253954327342825,74.4972494261616,74.44427,0.05298215321238331,132.4395545353984,131.68745,0.752100311765588,0.0004807379311623,-0.0001582554,0.0006389933271074616,0.0001686017289916,-0.0002750549,0.00044365661732572527
physics_guided_NN,10,350,3,497,5.704889133459517,5.4503646,0.25452454376835476,22.819556533838067,21.452286,1.367270767236505,51.34400220113565,49.568188,1.775814487512605,91.27822613535228,87.35886,3.919369934180409,0.0025300261310039,0.0022980142,0.00023201189252714666,0.0012861460798805,0.001544103,-0.00025795694650957574
physics_guided_NN,10,350,3,498,10.773340529433431,10.913546,-0.14020507908707636,43.09336211773373,43.74171,-0.648348545108064,96.9600647649009,101.03367,-4.0736037531655,172.37344847093493,175.50676,-3.133311172619756,0.000697826499233,0.0012547747,-0.0005569482472520545,0.0002714411497357,0.0006917159,-0.00042027476921131123
physics_guided_NN,10,350,3,499,8.851418923480306,8.4132395,0.4381794444153648,35.405675693921225,33.673115,1.7325609173098968,79.66277031132276,75.261665,4.401104967084478,141.6227027756849,135.1066,6.516104875294275,0.0003208457310582,-9.205792e-05,0.00041290364972226796,0.0001443250593749,-0.00027506024,0.00041938530281382933
physics_guided_NN,10,350,3,500,6.536964629818418,6.715198,-0.17823341019012684,26.147858519273672,27.079275,-0.9314166119519136,58.83268166836576,59.456318,-0.6236362332455698,104.59143407709468,106.86542,-2.273983403374075,0.000349084565059,-0.00072470907,0.001073793633949661,0.0001856378518482,-0.00031886896,0.0005045068107051105
physics_guided_NN,10,350,3,501,37.123406383208525,36.569107,0.554299327544463,148.4936255328341,146.45741,2.0362128131075394,334.11065744887674,328.14923,5.9614264918454865,593.9745021313364,580.8826,13.091872736805158,5.2788917078620174e-05,0.00070891023,-0.0006561213120715857,2.751713052672088e-05,0.00023204212,-0.00020452498849666924
physics_guided_NN,10,350,3,502,11.468765948749056,10.743206,0.7255599245791338,45.87506379499622,42.427124,3.4479397715587226,103.2188935387415,96.31072,6.9081711876672784,183.5002551799849,171.98648,11.513774467094265,1.1167985842777043e-05,-0.00040800072,0.0004191687060419746,6.312840898354442e-06,-6.764562e-05,7.395845929935658e-05
physics_guided_NN,10,350,3,503,7.746600842449795,7.651942,0.09465906617416042,30.98640336979918,30.44562,0.5407837866692979,69.71940758204816,68.831894,0.8875136611497254,123.94561347919672,123.15992,0.7856937404271918,0.0004651016052427,0.0006334014,-0.00016829978352540667,0.0001686797427585,0.00020265633,-3.3976587898691576e-05
physics_guided_NN,10,350,3,504,5.813857737183127,6.213744,-0.399886426330057,23.255430948732503,25.222261,-1.966830480100505,52.32471963464815,56.712086,-4.387366089228806,93.02172379493004,103.32304,-10.301312398917617,0.0006383992138725,0.0014071293,-0.0007687301269326133,0.0003789683646119,0.00074408326,-0.00036511489138316497
physics_guided_NN,10,350,3,505,7.558766223228334,7.885519,-0.326752804481627,30.235064892913336,30.584011,-0.3489461849675237,68.028896009055,69.87549,-1.8465922721949966,120.94025957165334,123.06088,-2.1206229967060324,0.0008979711003423,0.00014528778,0.0007526833235107625,0.0003111290301485,-0.00014450347,0.0004556325024049742
physics_guided_NN,10,350,3,506,2.052027990911536,1.9994701,0.052557876203589426,8.208111963646141,7.595878,0.6122338394090807,18.46825191820382,19.414293,-0.9460413709807511,32.832447854584565,33.020267,-0.18781963198770057,0.0088355464550535,0.008821752,1.3794532684496472e-05,0.0043816524740428,0.0047614705,-0.00037981800771054973
physics_guided_NN,10,350,3,507,5.4491535196174725,4.8166,0.632553673731242,21.79661407846989,19.530478,2.266136554666179,49.042381676557255,44.51681,4.525570305707646,87.18645631387956,78.74796,8.438493362219404,0.0050243116478958,0.005393725,-0.0003694132406673557,0.0021513013277229,0.0024130095,-0.00026170819848514307
physics_guided_NN,10,350,3,508,11.824797694684513,11.927456,-0.10265820741509657,47.29919077873805,47.733715,-0.43452427863499565,106.42317925216062,108.62406,-2.200882332312034,189.1967631149522,192.79431,-3.597548408485295,0.0002660740552655,0.00012249878,0.00014357527617351597,0.0001125498461792,-7.854628e-05,0.000191096129654789
physics_guided_NN,10,350,3,509,38.47489175071352,37.187145,1.2877465175592206,153.89956700285407,148.79579,5.103775376877508,346.2740257564217,333.1211,13.152932006421679,615.5982680114163,590.8668,24.73144672235378,7.688122123916642e-05,-0.00041646644,0.0004933476636416186,2.353435482123847e-05,-0.00032289693,0.0003464312838133609
physics_guided_NN,10,350,3,510,20.16198609182005,20.647402,-0.48541571787233195,80.6479443672802,82.82831,-2.1803637381885466,181.45787482638048,186.08476,-4.626887746861712,322.5917774691208,331.70917,-9.117390011347936,0.0006472006502847,-0.0013734776,0.0020206782796705885,0.0003365394546811,-0.000855528,0.001192067447507055
physics_guided_NN,10,350,3,511,7.596354706749549,7.3756623,0.22069237993680524,30.3854188269982,29.63156,0.7538594550499589,68.36719236074595,66.781075,1.586117836820165,121.5416753079928,118.67972,2.8619572904146793,5.844647627194301e-05,0.0005578008,-0.000499354336840465,2.0830772031916287e-05,0.00026104652,-0.0002402157442114521
physics_guided_NN,10,350,3,512,38.507649234573634,37.852047,0.6556022680208997,154.03059693829454,149.97775,4.052844252747661,346.5688431111627,341.7395,4.829341158037721,616.1223877531781,601.9419,14.180493221928145,6.012825594429279e-06,0.0019550356,-0.0019490227826673943,3.468645947141803e-06,0.0009983929,-0.0009949242880324886
physics_guided_NN,10,350,3,513,10.211456714067603,9.894046,0.31741088429465414,40.84582685627042,39.654118,1.191709272041905,91.90311042660844,89.71085,2.1922568499482793,163.38330742508168,159.6187,3.7646093049644946,0.0001312163511134,-0.0003507514,0.00048196774132840944,6.639760246715507e-05,-0.00037123886,0.0004376364595091995
physics_guided_NN,10,350,3,514,11.395279411136956,11.500316,-0.1050362550617745,45.581117644547824,46.20223,-0.6211109015947542,102.5575147002326,104.02739,-1.4698748261345855,182.3244705781913,185.87718,-3.552711428644642,0.000265773124682,0.0015027189,-0.0012369457681977842,0.0001109324342722,0.00082066754,-0.0007097351068480013
physics_guided_NN,10,350,3,515,8.237774894631448,8.553715,-0.31593985756581766,32.95109957852579,34.27461,-1.323509033534755,74.13997405168303,78.283066,-4.143091744215411,131.80439831410317,139.6289,-7.824507935896833,0.000633001030152,0.0015603827,-0.000927381631257676,0.0002769351117803,0.00070063915,-0.0004237040415847458
physics_guided_NN,10,350,3,516,16.60656170031878,15.433904,1.1726580061659497,66.42624680127513,61.55528,4.870968023198955,149.45905530286902,139.75482,9.704233525525268,265.7049872051005,249.30688,16.398102439475508,2.397565110033093e-05,-0.0015858387,0.0016098143852726155,1.4565290955339462e-05,-0.0008223061,0.0008368713777302549
physics_guided_NN,10,350,3,517,4.516676120078229,4.676329,-0.15965301581654678,18.066704480312914,18.347523,-0.2808182552827887,40.65008508070406,41.95211,-1.3020252098232845,72.26681792125166,74.71864,-2.451825267224905,0.0046846364608687,0.0046391296,4.55068408232763e-05,0.0020754051349244,0.0020387855,3.6619645648348475e-05
physics_guided_NN,10,350,3,518,9.519263440096095,9.527066,-0.007802790677830629,38.07705376038438,38.218952,-0.14189841857069752,85.67337096086484,86.879585,-1.2062143052484373,152.30821504153752,154.22894,-1.9207278295562276,0.0007035759723228,0.00020352291,0.0005000530605618439,0.0003398238100473,-6.084533e-05,0.0004006691402011248
physics_guided_NN,10,350,3,519,16.594036884946302,16.814274,-0.2202369492822136,66.37614753978521,67.065285,-0.6891371892186982,149.3463319645167,151.20262,-1.85628949544423,265.50459015914083,269.58923,-4.084643239296668,0.0003716415850141,0.0010000897,-0.000628448102281158,0.0001866722447355,0.00029997696,-0.00011330471928001367
physics_guided_NN,10,350,3,520,8.737211694320672,9.170977,-0.43376494447327296,34.94884677728269,36.554325,-1.6054783264770762,78.63490524888606,83.20157,-4.5666633546295685,139.79538710913076,148.00116,-8.205772558837992,0.0002015693380491,-0.00018655037,0.0003881197107949417,7.898039191072972e-05,-0.00029625295,0.00037523334619632155
physics_guided_NN,10,350,3,521,4.1256851748156125,4.138794,-0.013108770496887523,16.50274069926245,16.175867,0.32687361857397335,37.13116657334052,36.805634,0.32553302841864706,66.0109627970498,65.266975,0.7439873942177684,0.0009816144450834,0.001363021,-0.0003814065272653496,0.0004582025484459,0.0006592437,-0.00020104117912263697
physics_guided_NN,10,350,3,522,7.658164783935409,7.6754847,-0.01731987335218843,30.63265913574164,30.630571,0.0020877703851951424,68.92348305541869,69.65437,-0.7308901135266268,122.53063654296656,123.68797,-1.1573364794943757,0.0001531046516276,-0.0013952529,0.001548357534130573,9.404109461986997e-05,-0.0008436471,0.0009376882053614555
physics_guided_NN,10,350,3,523,13.969370536831208,14.055704,-0.08633357999008062,55.877482147324834,56.27208,-0.39459732044860374,125.72433483148087,126.27935,-0.5550154492808446,223.5099285892993,226.28336,-2.7734271235913184,9.59059207991423e-05,-0.00064983865,0.0007457445709326031,5.154257423933925e-05,-0.0004019413,0.00045348387693744483
physics_guided_NN,10,350,3,524,12.141775795501944,12.039558,0.10221738485741305,48.56710318200778,48.383797,0.18330649011324596,109.27598215951753,108.775505,0.5004770935995566,194.2684127280311,194.00844,0.2599746176795463,0.0004865880755576,0.0016921131,-0.0012055250417572752,0.000232475000082,0.0008252133,-0.0005927383265248996
physics_guided_NN,10,350,3,525,2.550028780916782,2.6941907,-0.14416195966854506,10.200115123667128,10.454541,-0.2544260826927349,22.950259028251043,24.395872,-1.445613087837824,40.80046049466851,45.02844,-4.227978073446721,0.0098959616075469,0.012554878,-0.002658916761426832,0.0047377004384824,0.005932326,-0.001194625524448518
physics_guided_NN,10,350,3,526,11.540201565621164,11.277406,0.26279582679059743,46.160806262484655,44.793797,1.3670097231780147,103.86181409059049,101.982185,1.879628726820954,184.64322504993865,181.1674,3.4758208751339623,0.0001705391264895,-0.0009813815,0.001151920638736526,9.286674920912932e-05,-0.00066825416,0.0007611209062717493
physics_guided_NN,10,350,3,527,9.459397345605629,9.033848,0.425549536767738,37.83758938242251,35.66924,2.1683503382330542,85.13457611045064,81.15201,3.982568053810013,151.35035752969003,144.11652,7.233841416408779,0.0031057405270782,0.0016443079,0.0014614326631796249,0.0013018344636597,0.00089206645,0.0004097680086791776
physics_guided_NN,10,350,3,528,2.4668943649042228,2.5022242,-0.03532984202021572,9.867577459616893,9.807841,0.05973615865253734,22.20204928413801,22.915922,-0.7138728807789825,39.47030983846757,41.11014,-1.6398319156828194,0.0126737241546779,0.017469965,-0.004796240766796557,0.0057742592397636,0.008489828,-0.002715568385689872
physics_guided_NN,10,350,3,529,6.881763774309415,6.8904376,-0.008673828687411067,27.52705509723766,27.305035,0.22202045978648854,61.93587396878475,61.53624,0.39963434476131,110.10822038895064,109.70142,0.4067967439311104,0.0075987050439174,0.0051157046,0.0024830004329736057,0.0044965519507555,0.0029064252,0.0015901267931936018
physics_guided_NN,10,350,3,530,3.615736370530539,3.4458015,0.1699348740248019,14.462945482122157,14.016763,0.44618274866268415,32.54162733477486,32.586624,-0.04499681073295392,57.85178192848863,56.740627,1.1111546396702678,0.0031428726682898,0.004477654,-0.001334781449801068,0.0012340591756954,0.0021706144,-0.0009365552568481161
physics_guided_NN,10,350,3,531,7.169670764613766,7.2788324,-0.10916167099414409,28.678683058455064,28.443956,0.23472668333299396,64.5270368815239,64.733444,-0.20640733234328934,114.71473223382026,114.084915,0.6298170726874446,0.0004201411645381,0.00016831659,0.0002518245744040456,0.0002042139354975,2.8882476e-05,0.0001753314596802732
physics_guided_NN,10,350,3,532,9.053769032736689,9.358806,-0.3050366236964166,36.21507613094676,36.564342,-0.3492663678325343,81.4839212946302,83.10982,-1.6258962102526056,144.86030452378702,148.34392,-3.4836133228926656,0.0015403369009138,0.003204668,-0.001664331039822017,0.000916081516075,0.0017977381,-0.000881656619717315
physics_guided_NN,10,350,3,533,5.317715562221599,5.3639617,-0.04624613440315706,21.270862248886395,21.304987,-0.034124704848956355,47.85944005999439,48.32685,-0.46741083111889026,85.08344899554558,85.31197,-0.22852457623176292,0.0031645573634797,0.0037111014,-0.0005465440027273036,0.0017035607961663,0.0021797286,-0.0004761677919230469
physics_guided_NN,10,350,3,534,5.964191982230467,5.815704,0.1484881133645004,23.85676792892187,23.172974,0.6837942961093688,53.677727840074205,52.123177,1.5545512653671736,95.42707171568748,93.24625,2.1808253777968503,0.000112928137489,0.0014970313,-0.0013841031684276074,5.05227186256896e-05,0.00054959283,-0.0004990701158059885
physics_guided_NN,10,350,3,535,5.57921110070059,5.1442075,0.43500362313100993,22.31684440280236,20.047094,2.2697500577095866,50.21289990630532,46.17865,4.034250003961567,89.26737761120944,77.90572,11.361654039432096,0.0007397578116747,-0.0004993295,0.0012390872831697024,0.0004069847478263,6.511069e-05,0.00034187405850616415
physics_guided_NN,10,350,3,536,5.980561924235108,5.8107367,0.16982526804614295,23.92224769694043,23.561073,0.36117439371777493,53.82505731811597,52.0863,1.7387574218757322,95.68899078776172,93.61029,2.0787002604179747,0.0011721436464134,-0.0012176087,0.002389752335743918,0.0005231398582874,-0.0012685381,0.0017916779226107658
physics_guided_NN,10,350,3,537,4.445327612947614,4.1386724,0.30665526111045605,17.781310451790457,16.49318,1.2881311305013945,40.00794851652853,37.663853,2.3440958248781385,71.12524180716183,65.09324,6.032002976595422,0.0021559424395956,0.0021014803,5.4462177241583736e-05,0.0011027786523083,0.0014144988,-0.0003117201276144237
physics_guided_NN,10,350,3,538,1.6551186929301422,1.4255756,0.22954307895461734,6.620474771720569,5.345243,1.275231794578235,14.89606823637128,12.763216,2.1328522176945217,26.48189908688228,22.402067,4.079831902434037,0.0230164260534935,0.019044843,0.0039715834824733745,0.0116591744921663,0.010337839,0.0013213355890968042
physics_guided_NN,10,350,3,539,16.99136160921159,16.776459,0.2149028689772159,67.96544643684636,67.15528,0.8101653699518323,152.92225448290432,150.83994,2.0823191801699465,271.86178574738545,268.03836,3.823425151682329,0.0003622750700869,0.00030338025,5.889482055309773e-05,0.0001817700796606,5.8005866e-05,0.00012376421379358315
physics_guided_NN,10,350,3,540,6.694916618188316,6.9052906,-0.21037398544937957,26.779666472753263,27.137714,-0.3580479132330652,60.25424956369485,61.646435,-1.3921852202406981,107.11866589101304,109.19258,-2.073915285744775,0.0031711077184482,0.0029590672,0.00021204048367873653,0.0017394723823967,0.0016769049,6.256752989465195e-05
physics_guided_NN,10,350,3,541,7.978451738790416,7.5618663,0.4165854553736681,31.913806955161665,30.302044,1.6117630403667427,71.80606564911375,67.61533,4.190732091984842,127.65522782064666,121.748856,5.906372229826346,0.004854120570109,0.0050818953,-0.00022777470306981594,0.0025081882478915,0.002486396,2.1792132618262804e-05
physics_guided_NN,10,350,3,542,7.834230773128736,7.9193873,-0.08515656741691835,31.336923092514944,31.75683,-0.4199071229391578,70.50807695815864,70.66656,-0.15848035385307924,125.34769237005978,127.13089,-1.7831975225183498,0.0006470204361362,0.0007295474,-8.252696994491028e-05,0.0003350930743246,0.0002700864,6.500667551072645e-05
physics_guided_NN,10,350,3,543,4.5540857316377,4.0744653,0.47962045682690935,18.2163429265508,16.382212,1.8341312413701374,40.9867715847393,36.745743,4.241028786887739,72.8653717062032,67.15976,5.705612184718831,0.0072082890586085,0.008245088,-0.0010367991014294947,0.0028057521070871,0.0030918543,-0.0002861021690484639
physics_guided_NN,10,350,3,544,5.674429562320764,5.5968823,0.07754721902852779,22.697718249283056,22.865429,-0.1677106752774904,51.06986606088688,51.5591,-0.4892350438494475,90.79087299713224,90.28055,0.5103249014291151,0.0077256804218856,0.009307526,-0.0015818456301125387,0.0037896862736146,0.0048923073,-0.0011026210600336046
physics_guided_NN,10,350,3,545,9.00914107418707,8.847128,0.1620131597583594,36.03656429674828,34.82385,1.212715572383047,81.08226966768363,79.31314,1.769128798543008,144.14625718699313,138.83427,5.311982895000938,0.0012092522581677,0.00014858559,0.001060666668099449,0.0004631762803111,-0.0001246372,0.0005878134778978078
physics_guided_NN,10,350,3,546,12.945907244131933,13.089114,-0.14320694501601672,51.78362897652773,52.021862,-0.23823305350156687,116.5131651971874,118.83497,-2.3218033697071263,207.1345159061109,209.83498,-2.700460290178171,7.577755760771052e-05,0.0012023962,-0.0011266186759583947,4.647823319119343e-05,0.00041558692,-0.0003691086914548563
physics_guided_NN,10,350,3,547,3.328114398640752,3.40999,-0.08187567360961401,13.312457594563009,13.189536,0.12292149989748147,29.95302958776677,31.483603,-1.5305729360369398,53.24983037825204,54.545353,-1.2955225575389733,0.0145152561550858,0.013732461,0.0007827948963167655,0.0071917821741861,0.0071174046,7.437757171808654e-05
physics_guided_NN,10,350,3,548,6.430340719273352,6.1388984,0.2914423466232057,25.72136287709341,24.437113,1.2842500688658696,57.87306647346017,55.554066,2.319000769114467,102.88545150837363,97.70258,5.182868195385353,0.0027566815595487,0.0025497894,0.00020689217926653626,0.0013443577526149,0.0012557514,8.860639799503946e-05
physics_guided_NN,10,350,3,549,6.964034988096503,7.3277197,-0.3636847003190242,27.85613995238601,29.798145,-1.9420053418034442,62.67631489286854,65.91778,-3.241463122268179,111.42455980954404,117.09393,-5.669373295924714,0.01046885872535,0.005841924,0.004626934847753145,0.0050902681435385,0.0027784056,0.0023118625870832453
physics_guided_NN,10,350,3,550,1.641896009204116,1.3473796,0.2945164439651633,6.567584036816464,5.901735,0.6658492078674891,14.777064082837043,13.739389,1.0376746632813791,26.27033614726585,24.686552,1.5837840995363592,0.0452212868032776,0.033980887,0.011240399420055017,0.0246420056599265,0.017579595,0.007062411032903757
physics_guided_NN,10,350,3,551,4.048919453589192,3.4951146,0.5538048886935618,16.195677814356767,13.803258,2.3924198721570598,36.440275082302726,32.82394,3.616334805203117,64.78271125742707,55.162556,9.620155562846989,0.0077216486002886,0.006587668,0.001133980743923158,0.003949007532353,0.0032739316,0.0006750759675898119
physics_guided_NN,10,350,3,552,1.69896481582231,1.4814981,0.21746669360703907,6.79585926328924,6.5110087,0.28485052381780473,15.290683342400792,13.9591465,1.3315368427670027,27.18343705315696,27.623388,-0.4399512372483123,0.0668823166447299,0.07978323,-0.01290091437524385,0.0347879305254752,0.04239806,-0.007610131077832524
physics_guided_NN,10,350,3,553,8.091053394511503,7.758694,0.3323592226059855,32.36421357804601,30.723654,1.6405597847110513,72.81948055060353,69.72823,3.0912472132011857,129.45685431218405,124.31018,5.146673648121549,0.0016864639550526,0.0021442429,-0.00045777891463746065,0.0008848199635591,0.0011368488,-0.00025202885588299334
physics_guided_NN,10,350,3,554,8.337849791369003,8.191284,0.14656561168150262,33.35139916547601,32.23655,1.1148497880346042,75.04064812232103,73.86632,1.1743303732975932,133.40559666190404,130.52988,2.875719952919667,0.0011711922657764,0.0013301229,-0.00015893066794663252,0.0004474379094637,0.0006188425,-0.00017140457915673022
physics_guided_NN,10,350,3,555,6.711276834660852,6.2795215,0.43175536935933856,26.84510733864341,25.224419,1.6206886985066902,60.40149151194768,56.713448,3.6880439411469013,107.38042935457364,101.942215,5.438214388753323,0.0019897118994155,0.002463155,-0.0004734430610082081,0.0009987672428167,0.0011189582,-0.00012019098638235194
physics_guided_NN,10,350,3,556,2.1152573676832973,1.739724,0.3755333276518642,8.46102947073319,7.131925,1.3291043646846052,19.03731630914968,17.385553,1.651762949164329,33.84411788293276,28.94496,4.899158242429827,0.051363959467393,0.049898025,0.0014659348189650367,0.0308228699724276,0.026756858,0.004066011519273036
physics_guided_NN,10,350,3,557,3.878351466906913,3.5446975,0.3336539437898476,15.51340586762765,14.378629,1.1347771368537245,34.90516320216222,32.915703,1.9894603823380024,62.0536234705106,56.68292,5.370704921926617,0.0032448316949401,0.0031433778,0.00010145386000908396,0.0013528260717418,0.0011650923,0.00018773373107127387
physics_guided_NN,10,350,3,558,6.00180327182794,5.9041595,0.09764372592950288,24.00721308731176,24.10093,-0.09371617294214474,54.01622944645146,53.77387,0.242360885660446,96.02885234924705,94.61355,1.4153040704384523,0.0032521694556644,0.003938818,-0.000686648429108616,0.0012029070114032,0.0013646655,-0.0001617584437816769
physics_guided_NN,10,350,3,559,30.44393015945268,31.00555,-0.561620225068804,121.7757206378107,123.7078,-1.9320811810369491,273.9953714350741,280.1754,-6.180043603988395,487.1028825512428,494.77255,-7.669669938991547,1.233214566272879e-05,-0.0012017576,0.0012140897247732915,4.708995279241084e-06,-0.0006618008,0.0006665097853917067
physics_guided_NN,10,350,3,560,4.169786512702347,4.291201,-0.12141460195219445,16.679146050809386,16.903053,-0.22390723288201997,37.52807861432113,39.125557,-1.5974783314796497,66.71658420323755,68.65547,-1.9388875985202674,0.0287800943518493,0.039001904,-0.01022181007615592,0.01667497227356,0.020782214,-0.004107241384534405
physics_guided_NN,10,350,3,561,4.689550370699779,4.63142,0.058130235201732106,18.75820148279912,18.706774,0.05142772486454916,42.20595333629802,41.7869,0.41905376964763263,75.03280593119646,74.55302,0.47978926859880744,0.0009428241548873,-0.0011418749,0.0020846990894339496,0.0004116133219919,-0.0008057912,0.001217404498381803
physics_guided_NN,10,350,3,562,12.299671747422249,12.42925,-0.12957801606652097,49.198686989688994,49.271343,-0.07265624151217764,110.69704572680024,110.68351,0.013535900140084323,196.794747958756,196.53545,0.25930179176381785,0.0015396157364993,-0.00074167777,0.002281293502699455,0.0007513836384517,-0.00034906197,0.001100445609516357
physics_guided_NN,10,350,3,563,23.728149501989176,23.504446,0.22370347232608978,94.9125980079567,93.85381,1.0587848365699841,213.55334551790256,211.37692,2.1764229104806816,379.6503920318268,377.2778,2.3725905181549365,0.0017793299792269,0.0004182789,0.0013610510666789242,0.0010616834875302,0.00030981755,0.0007518659363606555
physics_guided_NN,10,350,3,564,16.075670695426826,16.582495,-0.5068240402909474,64.3026827817073,66.788795,-2.486112689484102,144.68103625884146,150.37112,-5.690088008736666,257.2107311268292,267.10962,-9.898888013795784,0.0001338815679993,0.00037956523,-0.00024568366210577224,4.553117845959576e-05,0.0002471861,-0.00020165492956705777
physics_guided_NN,10,350,3,565,6.872145138108219,6.5857444,0.2864007571572911,27.488580552432875,26.45563,1.0329512036779924,61.84930624297398,59.093063,2.7562428884817933,109.9543222097315,107.28506,2.669265141860407,0.0017171075655582,0.0021314595,-0.0004143519704726886,0.0006134650789418,0.00058996497,2.3500109392471944e-05
physics_guided_NN,10,350,3,566,13.697276776233696,13.575083,0.12219399730303238,54.78910710493478,54.335316,0.4537914005890755,123.27549098610324,122.850845,0.42464564918917347,219.15642841973911,218.21724,0.9391890398563021,0.0006797051109233,0.0009988482,-0.0003191431233799956,0.0004295262992644,0.0004319782,-2.451902694882162e-06
physics_guided_NN,10,350,3,567,5.359517553966195,5.122871,0.23664663187757196,21.43807021586478,20.625872,0.8121985575395847,48.23565798569576,45.68551,2.5501492576684157,85.75228086345912,82.44478,3.3075024210763075,0.0004521219025847,-0.0005611255,0.0010132474208731632,0.0001777737090027,-0.00038720522,0.0005649789274333085
physics_guided_NN,10,350,3,568,1.4483506050395227,0.8680752,0.5802754130648828,5.793402420158091,2.7350876,3.0583147870251564,13.035155445355706,7.69517,5.339985519666008,23.173609680632364,13.161588,10.012021965483438,0.009147537929804,0.0098982295,-0.0007506915723374755,0.0047017824258236,0.0045108013,0.00019098114031830538
physics_guided_NN,10,350,3,569,6.36154406679816,6.635936,-0.27439171658807027,25.44617626719264,26.507631,-1.061455034687242,57.25389660118345,61.159107,-3.905210607068504,101.78470506877056,107.11125,-5.326546762284124,0.0023801532957313,0.001191672,0.0011884812416118919,0.0010345501866013,0.00036861195,0.0006659382412962803
physics_guided_NN,10,350,3,570,10.12347574386519,9.972071,0.15140504989546422,40.49390297546076,39.574337,0.9195659698455287,91.11128169478673,90.26401,0.8472741264273509,161.97561190184305,159.52338,2.4522354369993025,0.0015625324948718,-0.00065606734,0.002218599830384289,0.0008007763834067,-0.00023785785,0.001038634233558768
physics_guided_NN,10,350,3,571,7.752086959363663,7.8516994,-0.09961239290074086,31.008347837454654,31.394297,-0.38594880866351033,69.76878263427298,70.657135,-0.8883523754926443,124.0333913498186,126.881424,-2.848032600376712,0.000709979928578,0.00068095425,2.9025674811314264e-05,0.00025387002429,0.00022628631,2.7583711608377174e-05
physics_guided_NN,10,350,3,572,4.985360398839296,4.882517,0.10284353787738176,19.941441595357183,19.499289,0.44215303639722237,44.86824358955367,44.58765,0.2805932904814057,79.76576638142873,77.14371,2.622059106038108,0.0037205840434205,0.003548171,0.0001724131378602451,0.001868213687736,0.0019567772,-8.856349374035464e-05
physics_guided_NN,10,350,3,573,9.527125882380249,9.108226,0.41890005993151824,38.108503529521,36.526836,1.58166713425733,85.74413294142224,82.75303,2.9911040717933304,152.43401411808398,147.2679,5.166115558513667,0.0005730253851191,-0.0004770974,0.0010501227897741691,0.0002884761355592,-0.00030583766,0.000594313796121447
physics_guided_NN,10,350,3,574,34.553400283402674,35.27159,-0.7181909031207638,138.2136011336107,140.19958,-1.9859838273268053,310.9806025506241,319.49875,-8.518146228672776,552.8544045344428,565.6019,-12.747524176494721,1.6742735984999097e-06,5.779282e-05,-5.611854495361602e-05,5.288688107036667e-07,-7.5260345e-05,7.578921341240562e-05
physics_guided_NN,10,350,3,575,7.0233569327298895,7.0022736,0.02108337315957698,28.09342773091956,27.977692,0.11573608052893647,63.210212394569005,63.176907,0.03330580887564594,112.37371092367825,111.90053,0.4731829695766834,0.0020796280878563,0.003364427,-0.0012847989273290562,0.0010588304905731,0.0018954164,-0.0008365859209981048
physics_guided_NN,10,350,3,576,13.49606438032764,13.889171,-0.39310626633984036,53.98425752131056,55.102898,-1.1186401227324083,121.46457942294876,124.27024,-2.805661360742647,215.93703008524224,221.55418,-5.617153874718696,0.0003048425813766,-5.7735866e-07,0.00030541994003881266,0.0001569517813417,-0.00017434794,0.00033129971833237087
physics_guided_NN,10,350,3,577,1.8564341224853305,1.5710157,0.2854184068862704,7.425736489941322,5.992969,1.432767453839027,16.707907102367976,13.609102,3.098804853222468,29.702945959765287,21.177519,8.525427115160795,0.0459055224335483,0.043754127,0.0021513955569556625,0.0209432920822026,0.021203697,-0.0002604046455500844
physics_guided_NN,10,350,3,578,2.4975767778021187,2.4457061,0.05187064872802205,9.990307111208477,9.543887,0.4464199728417775,22.47819100021907,22.907446,-0.42925490737370353,39.9612284448339,42.923878,-2.9626492712305534,0.00822991013197,0.011829755,-0.0035998451370209943,0.0037323099098699,0.0059471685,-0.0022148585409326647
physics_guided_NN,10,350,3,579,16.539000031070547,16.300383,0.23861741693480454,66.15600012428219,65.35889,0.7971134055321869,148.85100027963497,146.14485,2.7061485950646613,264.62400049712875,261.42847,3.1955337002537476,0.0001570167338365,-0.0002918066,0.00044882332132023387,8.396408678671484e-05,-0.00022958421,0.0003135483000165424
physics_guided_NN,10,350,3,580,2.128170833272856,2.3949592,-0.26678837807663136,8.512683333091424,10.104585,-1.5919013608172676,19.15353749945571,23.152033,-3.9984953527171427,34.050733332365695,37.219013,-3.168279881745633,0.0120904165358701,0.008757495,0.0033329212145366913,0.0070706817304676,0.004695347,0.0023753346858506625
physics_guided_NN,10,350,3,581,12.17077724408992,11.797586,0.37319080304988006,48.68310897635968,47.19806,1.4850498943284265,109.53699519680926,106.399,3.1379931216139454,194.7324359054387,190.2153,4.517134391766831,0.0001616800612916,0.0005196394,-0.00035795934366465135,7.852164078703322e-05,2.018043e-05,5.834121027636979e-05
physics_guided_NN,10,350,3,582,5.4505685841636895,5.363704,0.08686437960436333,21.80227433665476,21.39805,0.4042240284272225,49.05511725747321,48.530346,0.5247713407251666,87.20909734661903,85.509636,1.6994614213260633,0.00328521030838,0.0032915596,-6.349330075510005e-06,0.0016049914942361,0.0015900733,1.4918152732360662e-05
physics_guided_NN,10,350,3,583,26.67622754860419,26.675764,0.0004634647418839677,106.70491019441675,106.401,0.3039092178542546,240.08604793743768,240.24005,-0.15400333209356631,426.819640777667,427.49216,-0.6725162047548565,7.914309213854606e-05,0.00021303963,-0.00013389653935111826,2.472465679163253e-05,0.00014087495,-0.00011615029540264839
physics_guided_NN,10,350,3,584,13.549778269986197,13.172635,0.37714319155602105,54.19911307994478,52.90608,1.2930347413217333,121.94800442987578,119.44448,2.5035235338796866,216.79645231977912,211.11546,5.680989062943183,0.0001085191313336,-0.0013418709,0.0014503900008434759,4.065335910671977e-05,-0.00055932946,0.0005999828218100372
physics_guided_NN,10,350,3,585,6.604588979554742,6.5397844,0.06480454809722236,26.418355918218968,26.278189,0.14016721277463162,59.44130081599268,59.929367,-0.4880662494370043,105.67342367287588,107.20236,-1.5289383876709906,0.0005645443785187,0.0009975295,-0.00043298510301894005,0.0002284012909732,0.00036843662,-0.00014003533285714825
physics_guided_NN,10,350,3,586,5.416172876012137,5.3700113,0.04616154636125813,21.664691504048548,22.223059,-0.5583671965129753,48.74555588410923,48.85289,-0.1073341305392077,86.65876601619419,89.41144,-2.7526719720870574,0.005169393147522,0.0047184243,0.00045096886082866567,0.0024191604525835,0.0020725909,0.000346569583663412
physics_guided_NN,10,350,3,587,4.477485625660652,4.4243717,0.05311390630030033,17.909942502642608,16.97455,0.9353922554502248,40.29737063094587,40.238853,0.05851717635602682,71.63977001057043,70.0927,1.5470728670157428,0.0066510961375192,0.0073233517,-0.0006722555511638334,0.0033424301028246,0.00411614,-0.0007737097375100539
physics_guided_NN,10,350,3,588,34.698184689110526,34.490566,0.20761843544841696,138.7927387564421,137.68858,1.1041553824186678,312.2836622019948,310.95004,1.3336194773854118,555.1709550257684,552.6662,2.5047562952996714,5.83731373086809e-05,-0.002951568,0.003009941129876697,2.6826697242979133e-05,-0.0015466096,0.0015734362619273105
physics_guided_NN,10,350,3,589,28.49264475552102,27.588924,0.9037203475620359,113.97057902208408,110.148346,3.822233074818456,256.4338027996892,248.52449,7.909312443243891,455.8823160883363,442.75586,13.126456713336324,1.0566135803226142e-05,0.0022918046,-0.002281238509407278,5.895844310104878e-06,0.0009807217,-0.000974825825892806
physics_guided_NN,10,350,3,590,11.90980934739788,11.882029,0.027780767685966268,47.63923738959152,47.559875,0.07936190131027132,107.18828412658092,108.85707,-1.6687867962706378,190.55694955836609,191.90738,-1.3504295920245397,0.0057234491396555,-0.0010743499,0.006797798996590942,0.0032909052372724,-0.00070172426,0.0039926294978521945
physics_guided_NN,10,350,3,591,8.000472556710196,7.7422795,0.2581930271386632,32.001890226840786,30.48745,1.514440580844692,72.00425301039176,69.72981,2.2744403883214517,128.00756090736314,123.4133,4.594261346816268,0.000874064107268,0.00050102925,0.00037303485565900237,0.0003408139368077,0.00019053144,0.00015028249474942736
physics_guided_NN,10,350,3,592,15.288837851303732,15.300926,-0.012088357192361343,61.15535140521493,60.942913,0.21243834979500775,137.5995406617336,136.71877,0.8807754029445505,244.6214056208597,244.83047,-0.2090692326559349,0.0001421702250394,-0.0009223427,0.001064512929182775,7.620768391996814e-05,-0.0008246442,0.0009008518560184558
physics_guided_NN,10,350,3,593,21.13636478930044,21.056211,0.0801533177428233,84.54545915720176,83.89123,0.6542314350337932,190.227283103704,189.49817,0.7291141583914964,338.18183662880705,336.559,1.6228461502914229,0.0005502402095093,-0.00033183623,0.0008820764382338691,0.0002377520944321,-0.00035202265,0.0005897747399614596
physics_guided_NN,10,350,3,594,15.76693750830694,16.343136,-0.5761983254332943,63.06775003322776,65.26818,-2.2004308139402085,141.90243757476247,147.32823,-5.425794236760964,252.27100013291104,260.1462,-7.875209583885834,0.0006043833184623,-0.0018518957,0.0024562790261217233,0.0002997533109775,-0.0012402841,0.0015400373766934687
physics_guided_NN,10,350,3,595,6.864901543003248,6.848792,0.01610946689240844,27.459606172013,27.224619,0.23498726026983618,61.78411388702924,61.991062,-0.20694827727739806,109.83842468805196,109.219315,0.6191101128566459,0.0006943385963468,0.00014531758,0.0005490210171928749,0.000272916315901,5.9054535e-05,0.00021386178081496615
physics_guided_NN,10,350,3,596,2.6116570275003883,2.7369344,-0.12527739594626697,10.446628110001551,10.8344145,-0.38778637211514777,23.50491324750349,23.886606,-0.3816929689271724,41.78651244000621,44.23686,-2.450345927913709,0.0170165050798208,0.018308625,-0.0012921195453851932,0.0071475443854976,0.007938341,-0.0007907968521070185
physics_guided_NN,10,350,3,597,12.154760611215757,12.310406,-0.1556451199854152,48.61904244486303,49.78464,-1.165598821006114,109.39284550094185,114.42941,-5.036567340855029,194.4761697794521,200.61331,-6.137141988126018,0.0001166573402714,0.0010141438,-0.000897486470336093,3.987617676121781e-05,0.0007683959,-0.0007285197207054715
physics_guided_NN,10,350,3,598,2.35059653341914,2.3847415,-0.034145011304370865,9.40238613367656,9.70247,-0.3000836920680694,21.155368800772266,21.274576,-0.1192073863615235,37.60954453470624,38.358418,-0.7488729762800901,0.0459524064168384,0.04763344,-0.0016810328856060597,0.0252962444285374,0.025229817,6.64271722059552e-05
physics_guided_NN,10,350,3,599,5.617212418489019,5.0581956,0.5590168275161185,22.468849673956075,20.401636,2.067213550298849,50.55491176640117,46.168842,4.386069450727341,89.8753986958243,80.23641,9.638986647484458,0.0028338457052998,0.0012583622,0.0015754835042573268,0.0013990617168725,0.0006484539,0.0007506078269921706
physics_guided_NN,10,350,3,600,7.09254511445024,7.252282,-0.15973702818892033,28.37018045780096,29.03174,-0.6615597307976735,63.83290603005217,65.74661,-1.9137065187759532,113.48072183120384,118.96024,-5.479521393893819,0.0022943129150665,0.0033515657,-0.0010572527681940599,0.0010343863981899,0.0016990118,-0.0006646253746811174
physics_guided_NN,10,350,3,601,9.78927589389658,9.842108,-0.05283187893056862,39.15710357558632,39.017376,0.1397276295413974,88.10348304506923,88.4871,-0.3836156487784308,156.62841430234528,156.6637,-0.035281986717222935,0.0007124828426246,0.0005781595,0.00013432331803109776,0.000382420999332,0.00032044278,6.197822173931118e-05
physics_guided_NN,10,350,3,602,6.362749009224957,6.680286,-0.31753692140858814,25.450996036899827,26.797905,-1.3469089313618916,57.26474108302462,60.261456,-2.9967144528640546,101.80398414759932,108.03114,-6.22715904087724,0.0007349185487175,0.00060592877,0.00012898977891668802,0.0002913044816152,0.0002615031,2.9801384479626394e-05
physics_guided_NN,10,350,3,603,15.498490406629491,15.526703,-0.02821247422988371,61.99396162651797,61.5255,0.46846037529726914,139.48641365966543,139.55965,-0.07323294677988201,247.9758465060719,245.51054,2.4653026828297016,0.0001793387691547,-0.001781322,0.0019606607147549114,0.0001090993858915,-0.001029034,0.001138133414652589
physics_guided_NN,10,350,3,604,21.199336268021213,21.50589,-0.30655362455691204,84.79734507208485,86.161255,-1.3639098107276482,190.79402641219093,194.49994,-3.705912552652819,339.1893802883394,344.99072,-5.801342367910593,4.61723563287987e-05,0.0011359594,-0.001089787050054537,1.871842600853603e-05,0.0005901773,-0.0005714588850878044
physics_guided_NN,10,350,3,605,1.7621372684560792,1.525164,0.23697326031551524,7.048549073824317,6.431373,0.6171759544700688,15.859235416104712,13.209803,2.649432788541235,28.194196295297267,23.578863,4.615333151376369,0.0604082119985348,0.062971875,-0.002563663072990774,0.0303357724565455,0.033329424,-0.0029936510604432545
physics_guided_NN,10,350,3,606,2.1929501137921115,2.3278859,-0.13493575237304967,8.771800455168446,9.377032,-0.6052318247998159,19.736551024129003,21.290842,-1.5542910321454109,35.08720182067378,37.6887,-2.6014998089648884,0.0411045634797124,0.050787777,-0.009683213228890507,0.0214934233558796,0.026747812,-0.005254388229785148
physics_guided_NN,10,350,3,607,3.696186480962634,3.8709066,-0.17472011045277114,14.784745923850537,14.319739,0.4650065821146967,33.26567832866371,34.59113,-1.3254509743148049,59.13898369540215,59.181576,-0.0425920797443311,0.0309155169964484,0.04238463,-0.01146911121004307,0.0158140868883782,0.023241308,-0.007427220698053304
physics_guided_NN,10,350,3,608,19.01869613914811,19.931204,-0.9125077030149775,76.07478455659243,80.17357,-4.098784168993504,171.16826525233296,178.93103,-7.762765021104542,304.29913822636973,321.68063,-17.38149531855214,0.000110915758696,-0.0004008058,0.0005117215463450056,6.113392213999391e-05,-0.00037941796,0.0004405518868629551
physics_guided_NN,10,350,3,609,10.05306698971414,10.164478,-0.11141131228781376,40.212267958856565,40.06254,0.14972981188390833,90.47760290742728,92.31946,-1.8418551003852173,160.84907183542626,162.51021,-1.6611362944565542,0.0002091508381211,0.00036573602,-0.00015658518307350703,7.272606980302852e-05,0.00016875479,-9.602872215429771e-05
physics_guided_NN,10,350,3,610,8.475244179593128,8.839746,-0.36450229562659864,33.90097671837251,35.36118,-1.460202633434129,76.27719761633814,79.767006,-3.489808304072014,135.60390687349005,141.9731,-6.369191881392766,0.0002088280455074,-0.0010951151,0.0013039431362277555,0.0001024393820815,-0.000832919,0.0009353583552554461
physics_guided_NN,10,350,3,611,8.375622487777678,8.915438,-0.5398152105865801,33.50248995111071,35.619568,-2.117077919983039,75.3806023899991,80.82263,-5.442029445938402,134.00995980444284,144.38815,-10.378193271729032,0.0003294298451521,0.0014264534,-0.0010970235077537099,0.0001413028334386,0.00093612826,-0.0007948254238695553
physics_guided_NN,10,350,3,612,4.232825910570765,4.1411195,0.09170643043770799,16.93130364228306,16.597763,0.333540580759621,38.09543319513688,37.9606,0.1348313884962522,67.72521456913223,64.7825,2.942713348429109,0.0021552985611128,0.0019711915,0.0001841070673184778,0.0011919845850876,0.0012838978,-9.191320038228964e-05
physics_guided_NN,10,350,3,613,2.584159058928916,2.411371,0.1727880662683936,10.336636235715664,9.952411,0.38422553777865254,23.257431530360243,22.224615,1.0328164333143448,41.34654494286266,39.6338,1.7127444362708601,0.0016069605226823,0.0029865007,-0.0013795402155063244,0.0007829541140688,0.0012001694,-0.0004172153272213998
physics_guided_NN,10,350,3,614,14.274381044790012,14.565373,-0.29099237592532035,57.09752417916005,57.919712,-0.8221878874903439,128.46942940311013,130.01741,-1.547980875210186,228.3900967166402,232.43077,-4.0406741573832505,0.0008800070994667,-0.0004140762,0.0012940833024814016,0.0004470628075007,-0.00020088434,0.0006479471514405334
physics_guided_NN,10,350,3,615,4.913793455405847,4.951688,-0.03789435739932845,19.65517382162339,19.827034,-0.17186017495864192,44.22414109865263,44.51278,-0.2886381371872133,78.62069528649356,79.61096,-0.9902666275689427,0.0004682081639075,7.300923e-05,0.0003951989351080079,0.0002492424095958,5.760633e-05,0.00019163608111329319
physics_guided_NN,10,350,3,616,3.863432838065908,3.6436632,0.219769670112417,15.453731352263633,15.1615,0.2922313751518164,34.77089554259317,32.868023,1.9028726238920015,61.81492540905453,57.68987,4.125056482052578,0.0020507677230754,0.0017018003,0.0003489674540006621,0.0010340448212808,0.0006147293,0.00041931551881115893
physics_guided_NN,10,350,3,617,17.51697822512977,16.942274,0.5747041315018393,70.06791290051908,68.04438,2.0235327125307947,157.65280402616796,153.03404,4.618761667769519,280.2716516020763,272.51062,7.761031484888804,3.980656474743464e-05,-0.0004275366,0.0004673431729330538,1.3087508041205186e-05,-0.0001427123,0.00015579981415605017
physics_guided_NN,10,350,3,618,8.298270203898571,8.410756,-0.11248590724644814,33.193080815594286,32.96027,0.23281088761576996,74.68443183508714,75.20453,-0.520096973506611,132.77232326237714,133.6955,-0.9231723430916077,0.0041491113549129,0.003256527,0.0008925843464241256,0.0020808227684124,0.0016179843,0.0004628385042546876
physics_guided_NN,10,350,3,619,14.37726907483595,14.843037,-0.4657675767753773,57.5090762993438,59.428215,-1.9191387275116654,129.39542167352357,134.4637,-5.068277667296741,230.0363051973752,240.21642,-10.180110207898224,0.0002022981043054,-0.0007806718,0.0009829698810434177,0.000101409513863,-0.0008051362,0.0009065457376523045
physics_guided_NN,10,350,3,620,26.02972392909168,25.881819,0.14790515772937596,104.1188957163667,102.78765,1.3312446543549754,234.26751536182505,232.37573,1.8917829399500476,416.4755828654668,411.34152,5.134060648669902,6.089125792279704e-05,-0.0013524572,0.001413348471138327,1.9500658281493504e-05,-0.00067962956,0.0006991302221011106
physics_guided_NN,10,350,3,621,5.182720431259041,4.7532783,0.4294421757963942,20.730881725036163,19.190828,1.540053401671905,46.64448388133137,44.363472,2.2810118964680868,82.92352690014465,76.757195,6.166332381101682,0.0012562470414028,0.00013006252,0.0011261845260210764,0.0004694705770626,-0.00028174458,0.0007512151554501883
physics_guided_NN,10,350,3,622,21.90072520771264,21.436457,0.46426852741478797,87.60290083085056,86.36027,1.2426331916904019,197.10652686941376,192.78049,4.326039808866881,350.41160332340223,347.0098,3.4018071808241075,0.0001427783976786,0.00048379885,-0.0003410204549774366,4.431260169404941e-05,0.00012032694,-7.601434042988894e-05
physics_guided_NN,10,350,3,623,5.566863139867586,5.321918,0.2449451291559157,22.267452559470343,21.104902,1.1625502920142878,50.10176825880827,48.381264,1.7205045258981144,89.06981023788137,85.96277,3.10704168319387,0.0022796039345103,0.0026809624,-0.00040135850511615516,0.0011699530671123,0.0015738786,-0.0004039255061414509
physics_guided_NN,10,350,3,624,25.124582588166028,24.807043,0.31753951260450464,100.49833035266413,99.3733,1.1250317076445953,226.12124329349425,224.4258,1.695446784705183,401.9933214106565,397.69998,4.293339721203381,0.0002116130971312,0.002148312,-0.0019366989537179993,9.42670106243322e-05,0.0010913555,-0.0009970884472776224
physics_guided_NN,10,350,3,625,7.815482447706329,7.6979346,0.11754782017337018,31.26192979082532,30.795528,0.4664013789600858,70.33934202935697,67.92552,2.413820178771033,125.04771916330128,121.58835,3.459370774629406,0.0001640542338996,0.00044027023,-0.00027621599860277107,8.013038698422108e-05,-3.8401387e-05,0.00011853177441238743
physics_guided_NN,10,350,3,626,6.881997965291877,7.212159,-0.3301611915074396,27.527991861167507,28.471472,-0.9434799253315163,61.9379816876269,65.509346,-3.5713643206738794,110.11196744467004,115.38548,-5.273515343415895,0.0001573093810094,0.00043340918,-0.0002760997980857788,5.586908623458982e-05,0.00020420768,-0.0001483385950012675
physics_guided_NN,10,350,3,627,10.533647717262616,10.965394,-0.4317463028179507,42.13459086905046,43.591915,-1.4573242615647715,94.80282945536356,98.53862,-3.735790539753623,168.53836347620185,174.82993,-6.291562060907523,0.0004947319317319,0.00060048007,-0.00010574813534612419,0.0001841599015565,0.00021333115,-2.917124845093418e-05
physics_guided_NN,10,350,3,628,2.8672944865656835,2.5580566,0.30923789362439935,11.469177946262734,10.079047,1.3901307431987693,25.80565037909115,23.796263,2.009387638002284,45.87671178505094,44.657856,1.2188557975021084,0.0095578279695151,0.009020741,0.0005370868718860295,0.0048708410996247,0.0038226,0.0010482410962928002
physics_guided_NN,10,350,3,629,8.192876656355208,8.418599,-0.22572247236793608,32.771506625420834,33.093143,-0.3216368377139318,73.73588990719689,74.61093,-0.8750414892874829,131.08602650168334,132.73099,-1.6449610471447897,0.0011064599518362,0.0010265853,7.987460295441899e-05,0.000417532126353,0.0002963767,0.0001211554225803061
physics_guided_NN,10,350,3,630,3.6626206598043183,3.4547546,0.2078660688161591,14.650482639217271,13.745452,0.9050307120322127,32.963585938238865,30.206198,2.7573881995914036,58.60193055686909,54.697773,3.9041575771327643,0.0015509126601031,-0.0013360902,0.0028870028103923375,0.0007042411265603,-0.0011307377,0.0018349788400984102
physics_guided_NN,10,350,3,631,3.6156948522430192,3.6144178,0.001277060876442082,14.462779408972075,14.347566,0.11521375803213374,32.541253670187174,32.60396,-0.06270445969563809,57.85111763588831,55.80621,2.0449080716793233,0.0011457380728704,-3.1478176e-05,0.001177216248385476,0.0006656865392855,0.00034589117,0.00031979537234144326
physics_guided_NN,10,350,3,632,3.178134187154344,3.5724494,-0.39431525857014327,12.712536748617376,13.633071,-0.92053419712237,28.603207684389098,31.64588,-3.0426720610943008,50.85014699446951,52.80792,-1.9577715541144727,0.0563825542148672,0.052914836,0.0034677187022291098,0.02854838595282,0.028501125,4.726090024870233e-05
physics_guided_NN,10,350,3,633,4.467488055743761,4.5638995,-0.0964114613155651,17.869952222975044,17.799017,0.07093527046039583,40.207392501693846,41.336327,-1.1289340974272477,71.47980889190018,72.4155,-0.9356879342716979,0.0174239169501222,0.014007032,0.0034168850325501793,0.0092993935345821,0.008318777,0.0009806163384728055
physics_guided_NN,10,350,3,634,9.192614958204388,9.255988,-0.06337316282832717,36.77045983281755,36.363415,0.40704506841325383,82.7335346238395,83.10464,-0.37110252215659045,147.0818393312702,143.6806,3.401236303926453,0.000255568717009,-0.0013695302,0.0016250989356623809,0.000143165567791,-0.00077919586,0.0009223614310788959
physics_guided_NN,10,350,3,635,16.129761688759118,15.901488,0.22827338462093394,64.51904675503647,64.58983,-0.07078173617446737,145.16785519883206,144.11891,1.0489434556679953,258.0761870201459,256.17587,1.9003142174115055,0.0002407331780976,0.0005110768,-0.00027034364710763666,7.783098547888727e-05,0.00043878244,-0.00036095145921053557
physics_guided_NN,10,350,3,636,23.865177235575445,23.671497,0.19367989060474144,95.46070894230178,94.92473,0.5359805487470908,214.786595120179,211.82147,2.965122952210237,381.8428357692071,380.7446,1.0982373805352381,8.425668579248755e-05,-0.00039132772,0.0004755844035996315,2.5867086226292407e-05,-0.0003745632,0.00040043029919842674
physics_guided_NN,10,350,3,637,2.0343216301602407,1.9993099,0.035011732737450174,8.137286520640963,8.3492,-0.2119137280772989,18.308894671442168,18.7545,-0.4456047639826366,32.54914608256385,33.655598,-1.106451604203727,0.0426043886797278,0.042879984,-0.0002755951030404477,0.0210395943162012,0.021726755,-0.0006871611091327778
physics_guided_NN,10,350,3,638,4.720633632170582,4.525127,0.1955066981190683,18.882534528682328,17.786442,1.0960927257038122,42.48570268953524,40.55216,1.933544333822347,75.53013811472931,70.17521,5.354929069319155,0.0298015066342412,0.037451155,-0.007649648849481487,0.0150528016340909,0.01982773,-0.00477492745695734
physics_guided_NN,10,350,3,639,1.5183265889827338,1.4929355,0.025391050690802608,6.073306355930935,5.9198203,0.1534860472456323,13.664939300844605,13.911715,-0.24677525298840308,24.29322542372374,26.987623,-2.6943977909979395,0.0020291467781887,0.009746023,-0.007716876675583368,0.0011257707070395,0.00581931,-0.00469353926146183
physics_guided_NN,10,350,3,640,8.12194056711412,7.69541,0.42653079233384616,32.48776226845648,30.747137,1.74062519875433,73.09746510402708,68.950905,4.146560257835674,129.9510490738259,122.78389,7.167159303318101,0.000517197572938,-0.00014938175,0.0006665793273922254,0.000268858800282,-2.4130268e-05,0.00029298906805703544
physics_guided_NN,10,350,3,641,2.4128960423994736,2.5812447,-0.1683486647080703,9.651584169597896,9.9107485,-0.25916431215259195,21.716064381595263,24.298231,-2.5821667432826665,38.60633667839158,41.30984,-2.703504477614281,0.0867504660468966,0.05705042,0.02970004421290459,0.0448129175148035,0.03059518,0.014217737867596239
physics_guided_NN,10,350,3,642,11.15321599271592,11.443938,-0.290722262594139,44.612863970863685,45.64824,-1.0353751648785021,100.3789439344433,102.47392,-2.0949787950488883,178.45145588345474,183.69566,-5.244207568693696,0.0003411249764322,0.002386903,-0.002045777948194866,0.0001687008470671,0.0013751393,-0.0012064384946225463
physics_guided_NN,10,350,3,643,5.13495165490518,4.6491647,0.48578697823892014,20.53980661962072,19.088451,1.4513552341226728,46.21456489414661,42.658436,3.556129072613409,82.15922647848288,77.14637,5.012856544400847,0.0036905627747553,0.0034589474,0.00023161536581093158,0.0015533924164542,0.00165018,-9.678755269264781e-05
physics_guided_NN,10,350,3,644,6.081408260952425,6.1778774,-0.09646916519503623,24.3256330438097,24.799612,-0.4739790014783871,54.73267434857182,55.509983,-0.777308714172321,97.3025321752388,99.33279,-2.0302543848197985,0.0014189368684623,-0.0002342923,0.0016532291646893678,0.000722385353239,-0.00011248205,0.0008348674015190715
physics_guided_NN,10,350,3,645,12.933711094847313,12.330047,0.6036644410997543,51.73484437938925,49.409954,2.3248903083443295,116.40339985362584,111.19781,5.2055925416141235,206.939377517557,198.35555,8.583832473611693,6.751284386107974e-05,6.292859e-05,4.58425060922556e-06,3.34150835811097e-05,-0.00013228475,0.0001656998364892725
physics_guided_NN,10,350,3,646,7.50022014315233,7.7245116,-0.2242914802302387,30.00088057260932,30.721945,-0.7210642363506423,67.50198128837097,70.189064,-2.687082737507936,120.00352229043727,123.302505,-3.298983202726788,0.0008920367728977,0.00045358256,0.00043845421551377524,0.0003994151953752,-3.0504472e-05,0.00042991966768154744
physics_guided_NN,10,350,3,647,14.063130911971449,13.612928,0.450202521468519,56.25252364788579,54.652008,1.6005155912451627,126.56817820774302,122.58187,3.9863071750281733,225.01009459154315,220.06898,4.9411096061915885,5.089733540762051e-05,0.00038358528,-0.00033268794859077946,3.016577804491623e-05,7.352752e-05,-4.3361739043307014e-05
physics_guided_NN,10,350,3,648,10.195426598502614,10.004117,0.19130958647868823,40.781706394010456,39.513,1.268705905729206,91.75883938652352,91.03675,0.7220885930664878,163.12682557604182,161.1752,1.9516241600261992,0.0009687820744101,0.0013957076,-0.0004269255263399291,0.0004007899267047,0.0004244636,-2.3673666230653533e-05
physics_guided_NN,10,350,3,649,5.82540094927879,5.830301,-0.004899858674090929,23.30160379711516,23.486197,-0.18459272082917622,52.42860854350912,51.702488,0.7261205979524803,93.20641518846064,92.964645,0.2417698027184514,0.0003048100246069,-4.2180935e-05,0.0003469909591494572,0.0001095481952996,-0.00010611762,0.00021566581793539295
physics_guided_NN,10,350,3,650,9.069476242050948,9.289104,-0.21962821961897383,36.27790496820379,36.59873,-0.32082321172784845,81.62528617845855,83.66616,-2.040874405037542,145.11161987281517,148.41689,-3.305265503161394,0.0006318373001868,-0.0009845406,0.0016163778586069217,0.0002191042221406,-0.00062145543,0.0008405596526594358
physics_guided_NN,10,350,3,651,7.3236403581884835,7.2546844,0.06895590994629597,29.29456143275393,29.28859,0.005971955214867819,65.91276322369634,65.361084,0.551679239321345,117.17824573101574,117.704414,-0.5261686366600458,0.0131132897151626,0.012528341,0.0005849484516299609,0.007922502191362,0.0064545553,0.0014679468736024867
physics_guided_NN,10,350,3,652,28.019534299667487,27.700058,0.31947631626904993,112.07813719866996,110.592,1.4861343300176202,252.17580869700743,249.61098,2.5648315241558635,448.3125487946798,442.90155,5.410998501711049,4.203858666850339e-05,0.0010987419,-0.0010567033069880485,1.539817402109558e-05,0.00048441003,-0.00046901185907453246
physics_guided_NN,10,350,3,653,2.9054598943859173,3.0629828,-0.15752290323676332,11.62183957754367,11.257749,0.3640909737228686,26.14913904947326,27.135935,-0.9867957802386549,46.48735831017468,46.33224,0.15511725182506808,0.0250886815022804,0.028457608,-0.0033689265716694144,0.013471137952556,0.01586639,-0.0023952515455585854
physics_guided_NN,10,350,3,654,30.48198540490122,30.206171,0.27581436913461843,121.92794161960488,120.77328,1.1546643368900362,274.337868644111,270.65726,3.6806115640328585,487.7117664784195,481.82504,5.886723753810145,8.091626026923095e-05,-0.00047277514,0.0005536913968555096,2.4467510465911685e-05,-0.00039884605,0.0004233135625872827
physics_guided_NN,10,350,3,655,4.180535591678468,4.212423,-0.031887256069334846,16.72214236671387,16.76915,-0.04700741355956595,37.62482032510621,37.879932,-0.25511207845824657,66.88856946685549,65.60263,1.2859388516211112,0.0079138788314133,0.011902475,-0.003988595966848819,0.0036088217671149,0.005640057,-0.002031235148466326
physics_guided_NN,10,350,3,656,2.8459250778091865,2.7540662,0.09185884894260932,11.383700311236746,10.628913,0.754787385516531,25.61332570028268,23.64297,1.970356568812953,45.53480124494698,40.990345,4.54445624372628,0.0019146453996605,0.0021045313,-0.00018988587544795663,0.0009957859482007,0.0011907695,-0.00019498353792858397
physics_guided_NN,10,350,3,657,12.093585365846211,12.154866,-0.0612808527206834,48.374341463384845,48.232098,0.14224383765242266,108.84226829261593,109.38228,-0.5400101497668857,193.49736585353932,194.17537,-0.6780034091559912,0.0038242167486573,0.00017404143,0.003650175318657084,0.0023377799655489,0.000106926374,0.00223085359112046
physics_guided_NN,10,350,3,658,5.548507226573595,5.510386,0.03812123643077303,22.19402890629438,21.872847,0.3211823029008265,49.93656503916236,50.250587,-0.3140224242165459,88.77611562517752,89.269,-0.49288156720528775,0.0128673469630126,0.014428322,-0.0015609752404447553,0.0078307672790011,0.008036219,-0.00020545130458273116
physics_guided_NN,10,350,3,659,4.48583635922169,4.2848563,0.20098003979419943,17.94334543688676,16.930058,1.013287911251993,40.37252723299521,38.97453,1.3979979666377886,71.77338174754703,66.54525,5.228131808582191,0.0069216773298782,0.007659424,-0.0007377467664677019,0.0037892077264352,0.0040478143,-0.00025860656453536397
physics_guided_NN,10,350,3,660,19.621653356334555,20.132107,-0.5104534246713044,78.48661342533822,80.416214,-1.9296005639195926,176.594880207011,181.03719,-4.442305461934325,313.9464537013529,324.31906,-10.372607577943995,0.0006094743697761,0.0015773332,-0.0009678588281528651,0.0003082410345756,0.0007763382,-0.00046809718180741016
physics_guided_NN,10,350,3,661,6.356261662806186,6.6257133,-0.269451685582486,25.425046651224743,26.420012,-0.9949648691609987,57.20635496525567,59.373867,-2.167512069656439,101.70018660489896,106.81297,-5.112786417561978,0.0015769146076875,0.0021432159,-0.0005663012460334035,0.0007382169631515,0.0007530505,-1.4833532253250058e-05
physics_guided_NN,10,350,3,662,9.857927498260612,9.829807,0.028120216766470918,39.431709993042446,39.403095,0.028614747681118047,88.7213474843455,89.42371,-0.7023661997365309,157.72683997216978,159.55649,-1.8296480649395903,0.000403901003362,0.0008160547,-0.0004121536970461309,0.0002000883671649,0.00033180212,-0.00013171375187037379
physics_guided_NN,10,350,3,663,10.800688119338824,10.899791,-0.09910264451615625,43.2027524773553,43.1578,0.04495371026545314,97.2061930740494,98.47146,-1.2652653610091988,172.8110099094212,173.63252,-0.8215126735866249,7.665670772349662e-05,-0.0009885331,0.0010651898460209948,4.299743147576528e-05,-0.00056180934,0.0006048067733646401
physics_guided_NN,10,350,3,664,3.2067406290331624,2.9469411,0.2597994917193196,12.82696251613265,11.536078,1.2908840630686846,28.860665661298462,27.944757,0.9159081997506107,51.3078500645306,47.84744,3.4604112522747386,0.0114886187626553,0.016039299,-0.004550680084662395,0.0052722269864213,0.0071135233,-0.0018412963292170036
physics_guided_NN,10,350,3,665,7.685009490931439,7.193268,0.4917416686658136,30.74003796372576,28.398886,2.3411522367970505,69.16508541838296,65.43401,3.7310720516837392,122.96015185490305,117.33537,5.624778930098358,0.003111794005907,0.004811245,-0.0016994510108466736,0.0015346654815641,0.002362527,-0.0008278614716562675
physics_guided_NN,10,350,3,666,6.649839545484384,6.437312,0.21252741932471597,26.599358181937536,25.624044,0.9753137636025748,59.848555909359455,58.083946,1.7646096813321108,106.39743272775014,102.717964,3.679468555386862,0.00027288273706,0.0001708619,0.00010202084232952148,0.0001484048775096,3.9295363e-05,0.00010910951499725177
physics_guided_NN,10,350,3,667,20.259055166403225,20.240643,0.01841261879580358,81.03622066561289,81.175064,-0.13884342130117489,182.33149649762905,181.95071,0.38078238630092187,324.14488266245155,325.00897,-0.8640895055171995,0.000183847683228,-0.00029970793,0.0004835556114347716,9.874013242733613e-05,-0.0002967405,0.00039548063408073917
physics_guided_NN,10,350,3,668,10.384970764530848,10.309052,0.07591829718465704,41.539883058123394,41.353348,0.18653527980308127,93.46473688077764,93.135704,0.3290328402502922,166.15953223249358,166.3668,-0.20727379777986243,0.0005096330805458,-1.5656868e-05,0.0005252899481633084,0.0002793734957889,-0.00019723659,0.00047661008203460814
physics_guided_NN,10,350,3,669,14.402921392831113,14.350631,0.05229063263824152,57.61168557132445,57.65953,-0.04784506832398705,129.62629253548002,128.20738,1.4189103333315813,230.4467422852978,231.46767,-1.0209243406787607,2.6297937067925755e-06,-0.0015828762,0.0015855059907692254,1.544166300548219e-06,-0.0008387614,0.0008403055588157009
physics_guided_NN,10,350,3,670,3.089397072641674,2.7735512,0.3158458469794425,12.357588290566696,10.674005,1.6835837358181607,27.80457365377507,24.62285,3.181723235684249,49.43035316226678,44.33198,5.0983715033312365,0.0225861083222681,0.017129485,0.0054566237582021684,0.0100065258674201,0.008187232,0.0018192942596849428
physics_guided_NN,10,350,3,671,13.31308824583294,12.935826,0.37726194425823323,53.25235298333176,51.627068,1.6252854174137923,119.81779421249648,116.58866,3.229133018648824,213.00941193332704,209.02342,3.9859896921161067,0.0001383215476269,5.0612787e-05,8.77087604637821e-05,7.491211420131411e-05,-0.00019791738,0.0002728294972490662
physics_guided_NN,10,350,3,672,10.136288125091276,9.596364,0.5399241037900069,40.54515250036511,38.729122,1.8160303384998784,91.22659312582152,87.48717,3.7394257674230857,162.18061000146042,157.73682,4.443793595210423,0.0098680508769629,0.009794934,7.31171555397505e-05,0.0059322766478901,0.005328141,0.0006041354950313662
physics_guided_NN,10,350,3,673,4.272450622437737,4.2024555,0.06999510180785418,17.089802489750948,16.784372,0.3054301600390339,38.452055601939634,37.77523,0.67682519422479,68.35920995900379,66.92923,1.4299802226756668,0.0016459335209227,-0.0009870155,0.0026329490690848623,0.0009319653823905,-0.0006815353,0.001613500665028424
physics_guided_NN,10,350,3,674,4.825251641624267,4.3105645,0.5146871236494137,19.30100656649707,17.776716,1.5242903341972642,43.4272647746184,39.330826,4.096438968954338,77.20402626598828,69.938614,7.265412374386713,0.004396511333887,0.0063515203,-0.0019550089734750795,0.0016986784554819,0.00234463,-0.0006459515046527255
physics_guided_NN,10,350,3,675,2.489602111522406,2.442938,0.04666402215167853,9.958408446089624,9.366393,0.5920153567951907,22.406419003701657,22.086939,0.3194801456694307,39.8336337843585,39.186413,0.6472209730792002,0.0227942097159621,0.022525651,0.00026855833554237027,0.0129807074536298,0.012292506,0.0006882012803767403
physics_guided_NN,10,350,3,676,12.932085005531812,12.83304,0.09904476810505436,51.72834002212725,50.571808,1.1565321607991237,116.3887650497863,115.35442,1.034341526837082,206.913360088509,202.46701,4.44634959046212,0.0029802844366943,0.0006180709,0.0023622135488269385,0.001514562584493,0.0005567314,0.0009578311625268942
physics_guided_NN,10,350,3,677,3.94144034173452,4.0344496,-0.09300923559702312,15.76576136693808,15.199178,0.5665836249336849,35.47296307561068,35.816837,-0.343874235180337,63.06304546775232,61.967083,1.0959624904573957,0.0118297788424747,0.014198758,-0.002368978865597962,0.0061717146840856,0.0078111496,-0.0016394348981812077
physics_guided_NN,10,350,3,678,3.295962389168515,3.3118474,-0.015885059180483996,13.18384955667406,13.503371,-0.319521682034436,29.66366150251664,30.604662,-0.9410004390116811,52.73539822669624,53.335728,-0.6003294649541502,0.0045119465684546,0.007316462,-0.0028045156614827146,0.0026653304964548,0.0038008746,-0.001135544079517757
physics_guided_NN,10,350,3,679,12.715693045087615,12.795906,-0.08021302180691592,50.86277218035046,51.227013,-0.3642404539268824,114.44123740578854,115.776855,-1.3356180629614585,203.45108872140185,205.55661,-2.1055213860200297,0.0015762091114907,0.0025037169,-0.0009275077410252359,0.0008996610844266,0.0011670515,-0.0002673904096949515
physics_guided_NN,10,350,3,680,7.111449407938019,6.881791,0.22965829313088992,28.445797631752075,27.403202,1.0425955748673097,64.00304467144217,61.512753,2.490292138483184,113.7831905270083,107.235504,6.547686376617676,0.0006080399770383,0.0013307492,-0.0007227092711161614,0.0002172950605688,0.00071742135,-0.000500126292760173
physics_guided_NN,10,350,3,681,2.3262943217981635,2.2168057,0.10948862531073678,9.305177287192654,8.739696,0.5654817381814237,20.93664889618347,20.692259,0.24439006134460328,37.22070914877062,36.903606,0.31710273397569466,0.0532272487559678,0.07645069,-0.023223441871130283,0.0253911774587157,0.040506203,-0.015115025268840527
physics_guided_NN,10,350,3,682,6.703332993137632,6.388074,0.3152590719340189,26.81333197255053,25.96131,0.8520225395671304,60.329996938238686,57.492264,2.8377331442933738,107.25332789020212,102.30938,4.9439483125653965,0.0028042050807864,0.0034874766,-0.0006832715325861645,0.0016058745768471,0.0015808159,2.5058698150360334e-05
physics_guided_NN,10,350,3,683,3.4167048552873016,3.4456565,-0.028951682722341943,13.666819421149206,14.126922,-0.46010223259835215,30.75034369758572,32.177704,-1.4273601598361552,54.667277684596826,60.04526,-5.377983698459815,0.0409495839954854,0.07362344,-0.03267385716423979,0.022333718135023,0.03988069,-0.01754697109851849
physics_guided_NN,10,350,3,684,27.63327114374906,27.556843,0.07642833979398134,110.53308457499624,110.32444,0.2086445725548316,248.6994402937416,248.49243,0.20700865311658845,442.13233829998495,438.37814,3.7541949894380764,7.354604022319072e-05,-0.0022237292,0.0022972751961808893,2.9946699326518685e-05,-0.0011772284,0.001207175104466859
physics_guided_NN,10,350,3,685,28.812030067706008,28.43459,0.3774406817196798,115.24812027082405,113.71895,1.5291719065662335,259.3082706093541,256.71478,2.5934878945103605,460.9924810832961,457.97086,3.021625370405502,2.523627297373658e-05,0.0006100564,-0.0005848201184777712,1.3056983533431842e-05,0.00023666474,-0.0002236077550890622
physics_guided_NN,10,350,3,686,8.64887141254869,8.8163185,-0.16744709941420055,34.59548565019476,35.1717,-0.576213873731021,77.83984271293822,80.12255,-2.2827082514172474,138.38194260077904,143.65471,-5.272766261525646,0.000815304589808,0.0009423234,-0.0001270188252664975,0.0003279359671119,0.00026407122,6.38647479768242e-05
physics_guided_NN,10,350,3,687,22.79618739416724,22.377537,0.4186506204856002,91.18474957666896,89.73254,1.4522132607509946,205.1656865475052,202.57002,2.5956639644973905,364.7389983066759,360.11285,4.62614430276966,2.695011396215442e-05,0.00074619387,-0.0007192437518176328,1.363979494265097e-05,0.0002588742,-0.00024523441139542683
physics_guided_NN,10,350,3,688,2.324084041233112,2.2106082,0.11347579729085133,9.296336164932448,8.780862,0.5154743103792256,20.916756371098007,19.9909,0.9258563314251553,37.18534465972979,37.04401,0.14133449737627757,0.0182342589116,0.021346916,-0.0031126566016770538,0.0093112983554116,0.009718498,-0.00040719985966770726
physics_guided_NN,10,350,3,689,2.4808285055534465,2.436978,0.04385040382309979,9.923314022213786,10.540887,-0.6175728567534993,22.32745654998102,23.88352,-1.5560635763617547,39.69325608885514,43.461346,-3.7680895837522854,0.0985140488485558,0.06278757,0.03572647878925633,0.0443862936954511,0.03383013,0.010556165085316975
physics_guided_NN,10,350,3,690,3.855013621688679,4.175832,-0.32081817305009075,15.420054486754715,16.269615,-0.8495606865851286,34.69512259519811,37.514137,-2.819014672868299,61.68021794701886,65.18326,-3.5030401096217645,0.0959053116717678,0.04163934,0.05426597249296722,0.0510369381099283,0.022513451,0.02852348705523603
physics_guided_NN,10,350,3,691,17.94961704808851,18.157112,-0.20749507349352214,71.79846819235404,72.48,-0.6815351645795573,161.54655343279657,162.8177,-1.2711498142737412,287.19387276941615,291.0222,-3.8283135098807293,0.0003485282831036,0.0009772462,-0.0006287179240814896,0.0001684275066225,0.00035390124,-0.00018547373295518083
physics_guided_NN,10,350,3,692,5.634114891015761,5.7108893,-0.07677444843126047,22.536459564063044,22.516924,0.019535659644098757,50.70703401914186,51.534794,-0.8277598346179076,90.14583825625218,93.35807,-3.21223211728298,0.0033260561291004,0.0028764708,0.0004495853323365031,0.001721058476955,0.0016602724,6.078611431300975e-05
physics_guided_NN,10,350,3,693,8.298360489473515,8.502022,-0.20366130007726646,33.19344195789406,34.156075,-0.9626325660317221,74.68524440526163,77.18632,-2.5010730385860285,132.77376783157624,137.0359,-4.262136099087826,2.2866394499188017e-05,0.0002791882,-0.0002563218198364026,1.1330540445061387e-05,3.9635295e-05,-2.8304754807021484e-05
physics_guided_NN,10,350,3,694,5.792866871996669,5.909835,-0.11696798975870237,23.171467487986675,23.103945,0.06752270954429207,52.13580184797003,52.375156,-0.23935455461786148,92.6858699519467,93.327705,-0.6418354313540817,0.0003201137451497,5.0767007e-06,0.00031503704440457865,0.0001137790247182,-0.00014077213,0.00025455115307947726
physics_guided_NN,10,350,3,695,19.13495466765149,19.490946,-0.3559911483885507,76.53981867060597,78.203255,-1.6634360291010637,172.21459200886343,174.98994,-2.7753524491443784,306.15927468242387,313.78958,-7.630306616404255,0.0002944669230491,-0.00030237384,0.0005968407621257084,0.0001476533684983,-0.00036749517,0.0005151485416210338
physics_guided_NN,10,350,3,696,40.39555485052529,41.340473,-0.9449183245235346,161.58221940210117,165.31923,-3.7370097238753885,363.5599936547276,373.73538,-10.175388425350548,646.3288776084047,667.6341,-21.305216629876554,9.441400375201815e-05,0.0009536725,-0.0008592585082167435,4.579064833803763e-05,0.0007812756,-0.0007354849746742965
physics_guided_NN,10,350,3,697,4.392348619938861,4.35306,0.039288851262103464,17.569394479755445,16.748423,0.820971857074781,39.53113757944976,38.96564,0.5654965577212465,70.27757791902178,68.93443,1.343144935623343,0.0004764442167707,0.0007095966,-0.00023315239711699747,0.0001797047693971,0.00061789254,-0.00043818777019722244
physics_guided_NN,10,350,3,698,4.2503758006177925,4.2550426,-0.004666752330205526,17.00150320247117,16.867737,0.13376638606492008,38.253382205560136,37.983486,0.26989603002302687,68.00601280988468,67.35763,0.6483849412323366,0.0008327195242109,0.00055216864,0.00028055088436847923,0.0003721672345139,0.0003484509,2.3716327473512623e-05
physics_guided_NN,10,350,3,699,8.264012232904452,8.1936,0.07041253197671793,33.05604893161781,32.750546,0.30550342990882484,74.37611009614007,73.24839,1.127719898386161,132.22419572647124,131.87431,0.34988237197904937,0.0002509588682984,0.0005273219,-0.00027636301657585447,8.868421414837076e-05,0.00016191074,-7.322652103874998e-05
physics_guided_NN,10,350,3,700,8.07605471198222,7.6558766,0.42017807547709296,32.30421884792888,30.822493,1.481726248441575,72.68449240783998,70.02057,2.6639235601837328,129.21687539171552,123.63319,5.583689051383487,0.0021613745269,0.0015892481,0.0005721264536126917,0.0011161830707037,0.0008316758,0.0002845072967515437
physics_guided_NN,10,350,3,701,14.2229337089186,14.714504,-0.4915705330247597,56.8917348356744,59.349346,-2.4576113252142733,128.0064033802674,133.18352,-5.177114075787301,227.5669393426976,238.38298,-10.816041003982093,0.0004428414806659,0.00039257255,5.026893382246067e-05,0.0001552675495042,0.00020314528,-4.787772550466469e-05
physics_guided_NN,10,350,3,702,6.929263104376097,7.1858463,-0.25658322435925474,27.717052417504387,28.44081,-0.7237568323735424,62.36336793938487,66.31219,-3.9488192554393464,110.86820967001756,117.743546,-6.875335862208999,0.002632910235679,0.0061259386,-0.0034930283772887294,0.0012153333447168,0.0030323714,-0.001817038057070004
physics_guided_NN,10,350,3,703,16.97659418086485,16.976192,0.00040170649961623894,67.9063767234594,67.80448,0.1018952171117462,152.78934762778366,152.88039,-0.09103872475540697,271.6255068938376,272.47546,-0.8499569733498902,0.0001349380679212,0.0012044577,-0.0010695196481638168,5.308821386626992e-05,0.0006212211,-0.0005681328726097282
physics_guided_NN,10,350,3,704,6.831497759354942,6.678496,0.1530018754132918,27.32599103741977,26.991737,0.3342536716971125,61.48347983419448,59.56519,1.9182904726222176,109.30396414967908,106.9235,2.380464088643919,0.0071918077761791,0.010439541,-0.0032477334146835558,0.0031726863596985,0.0053990055,-0.002226319127862726
physics_guided_NN,10,350,3,705,2.85935397342903,2.9176958,-0.05834178729789885,11.43741589371612,11.577792,-0.14037627394745478,25.73418576086128,27.437052,-1.7028660122100092,45.74966357486448,47.728893,-1.979229705164819,0.0085457363139333,0.008455299,9.043747293369618e-05,0.0041410458204205,0.004290307,-0.00014926112025428172
physics_guided_NN,10,350,3,706,2.4877669875267743,2.6771505,-0.189383500373006,9.951067950107095,10.633883,-0.6828155261502289,22.38990288774097,24.023672,-1.6337692161408661,39.80427180042839,42.22929,-2.4250182081165335,0.0018842706390763,-0.00094709586,0.0028313665002690927,0.0011450870024938,-3.6672853e-05,0.00118175985522348
physics_guided_NN,10,350,3,707,2.451173278605219,2.2916687,0.15950462511705998,9.804693114420877,10.0508795,-0.2461863640337132,22.06055950744697,22.523085,-0.46252513305595855,39.21877245768351,41.371464,-2.152691317951259,0.1549682266181138,0.088205606,0.06676262087279825,0.0712397021824571,0.047871746,0.023367956059620026
physics_guided_NN,10,350,3,708,1.8701541496723308,1.7610816,0.10907257332497977,7.480616598689323,6.463218,1.0173983865616378,16.831387347050978,16.176569,0.654818362065626,29.922466394757294,26.555769,3.366697428082489,0.0489463112801202,0.04906763,-0.00012132008374851622,0.0250917709334481,0.026827043,-0.001735271988929487
physics_guided_NN,10,350,3,709,13.36517271273798,14.059495,-0.6943222594910239,53.46069085095192,56.72556,-3.2648683836672205,120.2865544146418,128.58475,-8.298192899811326,213.84276340380768,227.3541,-13.511332055176695,0.0002961795766746,-0.001079549,0.0013757285418828323,0.0001659880138245,-0.00077391247,0.0009399004841466023
physics_guided_NN,10,350,3,710,2.8675305533945794,3.012067,-0.14453652614948798,11.470122213578318,11.815873,-0.3457509324788113,25.807774980551216,27.157103,-1.3493276042876516,45.88048885431327,47.16969,-1.2892003241535264,0.030246708697937,0.02611174,0.004134968078992832,0.0168075716938603,0.0137953,0.003012271307014234
physics_guided_NN,10,350,3,711,5.169604339436905,5.010729,0.15887550337733458,20.67841735774762,20.022215,0.6562024682212524,46.52643905493215,44.93154,1.5948976120610538,82.71366943099048,79.33365,3.3800207493498533,0.0009109147341291,0.00087109307,3.982166352891822e-05,0.0004792415002242,0.00053551333,-5.627183235508491e-05
physics_guided_NN,10,350,3,712,2.9445639806828345,2.7331417,0.21142231999252692,11.778255922731338,9.972539,1.8057169746722561,26.50107582614552,24.160673,2.340402684666028,47.11302369092535,41.90389,5.2091349885327745,0.0090562749712983,0.016136587,-0.007080311694808878,0.0060744726513251,0.0097845085,-0.0037100358451978037
physics_guided_NN,10,350,3,713,2.348835347275052,2.2645466,0.08428871450832842,9.395341389100208,9.071528,0.32381295434679025,21.13951812547547,20.587717,0.5518010692010549,37.58136555640083,39.489582,-1.9082165053667453,0.0126314760013717,0.015209986,-0.002578509895573299,0.0053633691619596,0.006555829,-0.0011924600352087502
physics_guided_NN,10,350,3,714,3.06977565574086,2.9693925,0.10038311767018149,12.27910262296344,11.621411,0.6576912994160775,27.62798090166774,27.131712,0.49626894182887327,49.11641049185376,48.06777,1.048642394929935,0.0061619161821298,0.0077091963,-0.0015472801209099893,0.0036184813168752,0.0046530706,-0.0010345892707896427
physics_guided_NN,10,350,3,715,4.988652898520612,4.8551874,0.13346548244395162,19.954611594082447,19.620358,0.33425408065471274,44.89787608668552,44.279594,0.6182816652988024,79.81844637632979,80.27386,-0.4554107403694303,0.0019618759175075,0.0008467907,0.001115085243830622,0.0007326411208186,-6.315478e-05,0.0007957959017648063
physics_guided_NN,10,350,3,716,3.17511829308196,3.7195551,-0.5444368464596661,12.70047317232784,14.747661,-2.047187464574016,28.57606463773764,33.82921,-5.2531437362857965,50.80189268931136,57.096485,-6.294592448628094,0.0027367120014591,0.004915188,-0.002178476065202258,0.0016983443826759,0.0033108369,-0.0016124924689209323
physics_guided_NN,10,350,3,717,5.785582401500091,5.552432,0.2331503412583915,23.142329606000363,22.540045,0.6022848214544645,52.07024161350081,49.627747,2.442495031469562,92.56931842400144,90.35305,2.2162681920678438,0.0002742914990352,0.00023157295,4.271854831068767e-05,0.0001159216327758,5.4972083e-05,6.094955019559308e-05
physics_guided_NN,10,350,3,718,3.8670430047944016,3.686478,0.18056510524300995,15.468172019177606,15.05417,0.4140023643314148,34.80338704314961,33.17308,1.6303065988136751,61.872688076710425,60.691723,1.180965206837378,0.009454606510343,0.009884809,-0.00043020263349826705,0.0036640627351547,0.004098992,-0.00043492912827484617
physics_guided_NN,10,350,3,719,37.46793028688852,36.832447,0.6354832348865642,149.87172114755407,147.34317,2.5285509815384444,337.2113725819966,333.78848,3.4228899159809885,599.4868845902163,586.1086,13.378303047247528,0.000118825692371,0.0008702786,-0.0007514529366376806,5.959415156976146e-05,0.00041945005,-0.0003598558991157933
physics_guided_NN,10,350,3,720,4.6799548980400605,4.6760573,0.0038975593254608754,18.71981959216024,18.726326,-0.006506396609292864,42.11959408236054,42.22575,-0.10615588712187929,74.87927836864097,76.05914,-1.1798646977652822,0.0020432057793048,0.00033709506,0.001706110721247343,0.0008199053378851,-0.00030825863,0.00112816397148006
physics_guided_NN,10,350,3,721,6.3140088512631936,6.0334797,0.28052916071143574,25.25603540505277,24.15901,1.097025471581091,56.82607966136874,54.358273,2.467807108878503,101.0241416202111,97.212234,3.8119071231407844,0.0012380003656837,0.0014577132,-0.00021971282943907835,0.0006181596136896,0.00063384307,-1.5683454809518123e-05
physics_guided_NN,10,350,3,722,6.962408835301998,6.7948875,0.1675212925773888,27.849635341208,27.241522,0.6081135058808513,62.66167951771798,62.51354,0.14814115712227505,111.39854136483196,108.12265,3.2758912183475815,0.0026281286738265,0.004067041,-0.001438912306035713,0.0009297598434335,0.0014201476,-0.0004903877571502322
physics_guided_NN,10,350,3,723,22.82328998045657,22.67173,0.15155993895266207,91.29315992182627,91.0736,0.2195591527833045,205.4096098241092,204.64099,0.7686186131716966,365.1726396873052,365.29462,-0.12197701191354327,0.0001444960139757,-0.0011916513,0.001336147346167823,8.01241515667132e-05,-0.00096414814,0.0010442722962700716
physics_guided_NN,10,350,3,724,4.719518620313517,4.454363,0.26515575105082156,18.878074481254068,17.84004,1.0380342743448878,42.47566758282164,41.018208,1.4574600327728149,75.51229792501627,72.34918,3.16311579611002,0.002887839066605,0.0042542173,-0.0013663781929808575,0.0012213367887312,0.0019989188,-0.000777582040754574
physics_guided_NN,10,350,3,725,16.32848496436736,16.287037,0.04144806861540573,65.31393985746944,64.520515,0.7934244155749042,146.95636467930626,146.1741,0.7822618961031367,261.25575942987774,259.7923,1.4634620665964917,0.0013477888086776,0.0023031342,-0.0009553453756531017,0.0008858269544482,0.0013607531,-0.00047492613101603914
physics_guided_NN,10,350,3,726,19.795511033793485,19.286936,0.5085752275190707,79.18204413517394,76.90216,2.279883490642689,178.15959930414138,172.66623,5.493370056094506,316.72817654069576,308.68155,8.046627468430131,0.000184434989813,-0.0006884494,0.0008728844112448693,0.0001185555623363,-0.0005902594,0.0007088149462345284
physics_guided_NN,10,350,3,727,2.4344568642220232,2.4953473,-0.060890397206809777,9.737827456888091,10.15334,-0.4155128827725534,21.910111777998207,22.937197,-1.027084953569176,38.95130982755237,39.86968,-0.9183686697620814,0.0033726576939966,0.0026249911,0.0007476665769513167,0.0018438815273234,0.0018356935,8.18803849456204e-06
physics_guided_NN,10,350,3,728,7.776034232672879,7.696982,0.07905232578201016,31.10413693069152,30.689562,0.41457508681945043,69.9843080940559,70.1677,-0.18339362713550145,124.41654772276608,122.95625,1.4602946710082705,0.0011360476795986,0.0015271764,-0.0003911286754131611,0.000635778640247,0.0007598177,-0.00012403907781554984
physics_guided_NN,10,350,3,729,15.088662328999805,16.064606,-0.9759433838908205,60.35464931599922,64.451096,-4.096446265055469,135.79796096099827,144.34901,-8.551053321228295,241.41859726399687,257.87167,-16.453076319987503,0.0001975135823886,9.7286946e-05,0.0001002266367140316,0.0001183990386086,-2.7135879e-05,0.00014553491716256327
physics_guided_NN,10,350,3,730,22.200328241148654,22.398338,-0.19801007672243998,88.80131296459462,89.191864,-0.3905510490772599,199.8029541703379,198.78442,1.0185303422128982,355.20525185837846,352.4227,2.7825528837690854,1.0200858923463462e-05,-0.00095332315,0.0009635240085114225,3.175237763357828e-06,-0.0007760191,0.0007791943597492404
physics_guided_NN,10,350,3,731,11.826310812541507,11.629258,0.19705265671875338,47.30524325016604,46.090763,1.2144801581250277,106.4367973128736,104.62521,1.811583689826719,189.2209730006641,186.15929,3.0616865016406507,0.0001878495524759,0.0006166562,-0.0004288066564006204,9.1178685943781e-05,0.00020147518,-0.0001102964948581545
physics_guided_NN,10,350,3,732,4.258804167384981,4.4251285,-0.1663242925454389,17.035216669539924,17.654493,-0.6192766623692556,38.32923750646482,40.38876,-2.059522106572288,68.1408666781597,71.37504,-3.23417146881296,0.0005938625076527,-0.000959312,0.0015531745270567238,0.0002652633967712,-0.00060243736,0.0008677007546551005
physics_guided_NN,10,350,3,733,10.450616472858064,10.779168,-0.3285516561092212,41.802465891432256,43.62317,-1.8207030538802442,94.05554825572258,98.96311,-4.907563621718822,167.20986356572902,175.66205,-8.452184774114727,0.000102046485343,-0.00015786424,0.0002599107258068231,4.25207167296738e-05,0.00022387279,-0.00018135207349983298
physics_guided_NN,10,350,3,734,10.26519806986247,10.363571,-0.09837309712971809,41.06079227944988,41.54744,-0.48664729574543486,92.38678262876223,94.45374,-2.0669603521947977,164.2431691177995,166.94995,-2.7067820540754894,0.0031203248098543,0.0026594864,0.0004608384359678342,0.0017496207120821,0.0013367706,0.0004128501142367841
physics_guided_NN,10,350,3,735,20.500990725635813,20.623447,-0.12245669257707803,82.00396290254325,82.99274,-0.9887739138629996,184.5089165307224,186.13892,-1.629999484902612,328.015851610173,332.0369,-4.0210441417801235,7.024558829213636e-05,0.00048206706,-0.00041182147003640274,3.3618747071328135e-05,0.00017558558,-0.00014196683030951533
physics_guided_NN,10,350,3,736,8.216473521237178,8.082731,0.13374227428893626,32.865894084948714,32.644054,0.2218396721069169,73.94826169113462,73.4934,0.4548611174041497,131.46357633979486,129.82683,1.6367483368651676,0.0001856042743032,0.00044624932,-0.0002606450491282025,9.106865172602254e-05,0.0001775949,-8.652625410955381e-05
physics_guided_NN,10,350,3,737,5.475905731902349,5.1415663,0.33433945535205645,21.9036229276094,20.98012,0.9235032224092059,49.28315158712115,47.49036,1.792791327111381,87.61449171043759,85.52244,2.0920536611211844,0.0035056360035557,0.0037702979,-0.00026466185530836907,0.0013185890230823,0.0017715967,-0.00045300770294781135
physics_guided_NN,10,350,3,738,11.802040268467303,11.394263,0.4077770009502135,47.20816107386921,45.31255,1.8956114828047603,106.21836241620572,103.86116,2.357202137885409,188.83264429547685,182.26718,6.565462898992479,0.0001676842908172,2.536696e-05,0.00014231733034547118,8.347402069280407e-05,-8.277356e-05,0.00016624757733457274
physics_guided_NN,10,350,3,739,1.7680090257619416,1.96849,-0.2004809787775481,7.072036103047767,8.058124,-0.9860874855142443,15.912081231857474,17.276094,-1.3640132047880336,28.288144412191063,30.908285,-2.6201407288001484,0.0635576442395264,0.047001876,0.01655576830254138,0.0347494063100534,0.025195263,0.009554142983885343
physics_guided_NN,10,350,3,740,23.533263201206267,23.56519,-0.03192616036599816,94.13305280482508,94.5268,-0.39374925816319717,211.79936881085644,210.93948,0.8598851682783106,376.5322112193003,376.25525,0.2769621958627795,9.225500066163006e-05,-1.6956063e-05,0.00010921106327072705,3.0184355324552822e-05,-6.8491725e-05,9.867608028459312e-05
physics_guided_NN,10,350,3,741,4.258611667534818,4.141136,0.11747549810122404,17.03444667013927,16.54065,0.49379725607677116,38.327505007813365,37.493397,0.8341082487801614,68.13778668055708,66.86041,1.2773740829008347,0.0034791735963405,0.0023931912,0.0010859823816896305,0.0020158030500474,0.0012763555,0.0007394475804480337
physics_guided_NN,10,350,3,742,5.890543392121846,5.8298845,0.06065886300807666,23.562173568487385,24.007393,-0.4452193148133965,53.01489052909663,52.406475,0.6084154619579607,94.24869427394954,93.077835,1.1708591909417265,0.0061128368749427,0.0057424223,0.0003704145698951878,0.0029370319829915,0.0030007246,-6.3692612048583e-05
physics_guided_NN,10,350,3,743,8.70935843963217,8.336354,0.37300418395590107,34.83743375852868,32.791336,2.04609769895837,78.38422595668953,74.39828,3.98594867397469,139.34973503411473,131.80766,7.542072070247542,0.0007306837680434,-0.000518321,0.0012490047694799613,0.0002777775624755,-0.00038133812,0.0006591156815166746
physics_guided_NN,10,350,3,744,3.58729335434284,3.3048003,0.28249308235492476,14.349173417371356,13.109773,1.2394007351814142,32.285640189085555,30.512259,1.7733816594224692,57.39669366948543,52.340588,5.056106053518633,0.003203852546207,0.0031084865,9.536601304202183e-05,0.0012557185145897,0.0010629286,0.00019278993204805534
physics_guided_NN,10,350,3,745,4.3731194850572335,4.3758616,-0.002742159687639578,17.492477940228934,17.223022,0.2694554792914339,39.35807536551511,39.007545,0.3505298943237065,69.96991176091574,70.27011,-0.3001993230686395,6.922992682248785e-05,-0.00023326225,0.00030249218028203086,2.926704403553005e-05,-0.00028087798,0.0003101450267674386
physics_guided_NN,10,350,3,746,18.39583685980177,18.267815,0.12802222357129978,73.58334743920707,73.088066,0.49528133813285535,165.56253173821594,164.49495,1.0675823973956255,294.3333897568283,292.9252,1.4081883408126714,0.0001625122758177,0.0003671535,-0.00020464121833547178,7.825476855509e-05,9.47092e-06,6.878384825107891e-05
physics_guided_NN,10,350,3,747,6.667520132070138,6.8054953,-0.1379751300758585,26.67008052828055,27.241135,-0.5710541152741371,60.00768118863123,60.88801,-0.8803269290445499,106.6803221131222,110.78306,-4.1027360533817046,0.0007787565873301,0.0018756926,-0.0010969360419252542,0.000351187700825,0.0008808107,-0.0005296230223493634
physics_guided_NN,10,350,3,748,23.62487300992673,22.60048,1.024393883950168,94.49949203970694,90.97023,3.529261937167874,212.6238570893406,204.18376,8.440095492660902,377.99796815882775,363.60605,14.39191957484337,7.434995514011049e-05,0.0009962168,-0.0009218668272286091,2.398574146526293e-05,0.0006254882,-0.0006015024322169797
physics_guided_NN,10,350,3,749,20.297072309396807,20.267761,0.029311078928056844,81.18828923758723,81.05389,0.13440282401300863,182.6736507845713,180.40024,2.2734127474619186,324.7531569503489,326.248,-1.4948288894948405,2.315686944939018e-05,0.00037114887,-0.000347991998548882,1.4379707688878902e-05,-0.0001524558,0.000166835510579351
