L,b,h,E,rho,damping_ratio,force_amplitude,excitation_frequency,observation_point,simulation_time,time_step,number_of_modes,f1,f2,f3,f4,peak_displacement,rms_displacement,first_natural_frequency,modal_stiffness,modal_mass,frequency_ratio,resonance_proximity
2.949558856115305,0.0635682429845845,0.0090036246444645,194858867606.7213,7768.993170731514,0.0386390175864728,9.264402941018886,1.8298702227135024,0.65,2.0,0.002,4,2.35022920879472,9.40091683517888,21.15206287915248,37.60366734071552,0.0393891706975669,0.0208291045188379,2.350229208794714,1429.9787217107291,6.55766760875273,0.7785922393722307,0.22140776062776935
1.420986179543411,0.0569158452706312,0.0061536249575812,203097665697.7852,7650.368280594575,0.0418397685639196,9.40179237726222,3.641098457676705,0.65,2.0,0.002,4,7.120194623261565,28.48077849304626,64.08175160935409,113.92311397218504,0.0032839880065532,0.0019330078638633,7.120194623261548,3810.218495070434,1.903734649482036,0.51137625448907,0.48862374551093
2.1538416361993056,0.0227952565440999,0.0155638257249467,200267294710.12463,7941.808690999206,0.0357095242643568,0.1440212209801074,4.357023178690596,0.65,2.0,0.002,4,7.639472677308394,30.557890709233572,68.75525409577554,122.2315628369343,5.252971342271915e-05,2.682300564216134e-05,7.639472677308353,6991.18086580567,3.034338566760537,0.5703303569148603,0.42966964308513966
1.3786190393593596,0.0344684381759556,0.01539061826574,214076123300.054,7670.884858725725,0.0415555574537381,7.902142152238221,32.33347675508034,0.65,2.0,0.002,4,19.39805383414617,77.5922153365847,174.5824845073156,310.3688613463388,0.0001974511713625,6.271605993592035e-05,19.398053834146175,41669.03753076563,2.805029364361769,1.66684127343559,0.66684127343559
1.965171704731698,0.0557576076357213,0.0165236042607531,205366295611.2769,7956.821742663477,0.0381069612773835,5.234609595366929,4.08791915490207,0.65,2.0,0.002,4,9.856615259245531,39.426461036982126,88.7095373332098,157.7058441479285,0.0003313158028004,0.0001808757404339,9.856615259245531,27627.042645560512,7.203093494906555,0.41473863465124006,0.5852613653487599
2.939894179007595,0.0504682484840052,0.0058100105707387,182722934228.49905,7786.945879346676,0.0345949041200594,1.633278898740471,0.3831164910884151,0.65,2.0,0.002,4,1.4765757513771196,5.906303005508478,13.289181762394076,23.625212022033917,0.0118373819178143,0.0072176494068944,1.4765757513771134,288.89180011861083,3.356325048964453,0.25946280827861723,0.7405371917213828
2.4532702572077936,0.0338667766536112,0.0142408091431781,206370572280.90625,7731.371241381901,0.0418475239441723,8.86517189264976,9.640504680597834,0.65,2.0,0.002,4,5.543304726925984,22.173218907703937,49.88974254233386,88.69287563081575,0.0026528611395471,0.000954217554084,5.543304726925975,5548.526933033848,4.573834596111028,1.739125874457194,0.739125874457194
2.614732463238544,0.0718561258829752,0.0121749825105334,200938815307.30444,7796.629311851676,0.0288385788256302,1.11596115115603,4.0196340559911485,0.65,2.0,0.002,4,4.099411902687607,16.39764761075043,36.89470712418847,65.59059044300172,0.0036188829147834,0.0017976450892959,4.099411902687594,5916.149586742657,8.917359884441396,0.9805391971848102,0.019460802815189804
2.8368061349635707,0.0618129502529979,0.0196767445934338,193154812383.49664,7692.934633760773,0.0063165524651242,3.528814890930096,7.137484610671412,0.65,2.0,0.002,4,5.555586741973735,22.22234696789494,50.00028067776362,88.88938787157976,0.0011863865814848,0.0005431745646255,5.555586741973735,16171.266241498806,13.271634873800656,1.2847400179617527,0.28474001796175274
2.909135693745629,0.0686336366070907,0.0101470643726519,213657274045.75504,7807.52569966152,0.0206038624217478,8.412154736438222,4.4194284166,0.65,2.0,0.002,4,2.844093317830155,11.37637327132062,25.5968398604714,45.50549308528248,0.009139179480706,0.0040703956282777,2.844093317830132,2525.6446859026846,7.9090593078810345,1.5538971203560055,0.5538971203560055
2.18080672746792,0.0449711991330993,0.0065847761761599,212457491753.85944,7696.698144456142,0.046093588591076,7.780796058113796,1.1402488155023371,0.65,2.0,0.002,4,3.2985244890639427,13.19409795625577,29.686720401575485,52.77639182502308,0.0130581576667626,0.0073458263877384,3.2985244890639307,1067.4960691093918,2.485233060398186,0.34568450811348134,0.6543154918865186
1.320789551504354,0.0212007955075832,0.0164470617673119,204022688121.426,7644.368656487523,0.0121777990268157,1.395700347991966,11.050456530244988,0.65,2.0,0.002,4,22.08608550820254,88.34434203281016,198.77476957382288,353.37736813124064,5.251179160510357e-05,2.954605072393698e-05,22.086085508202412,33898.69409016151,1.76029612362122,0.500335676330739,0.49966432366926095
2.427415911059593,0.0319922977057829,0.0199403268608159,180367297809.7065,7691.916792499596,0.0068928078772623,7.848291780957173,9.226449341022713,0.65,2.0,0.002,4,7.430785911655379,29.72314364662152,66.87707320489841,118.89257458648606,0.0032424479296002,0.0014987326923036,7.430785911655347,12982.421835199275,5.955613170896608,1.2416518859130135,0.24165188591301345
2.492566871031431,0.0502995356611101,0.010228958849711,211475672699.1864,7846.7130990168835,0.0278270764687398,7.753760257834535,4.576038182482522,0.65,2.0,0.002,4,3.8757287027688734,15.502914811075494,34.88155832491986,62.01165924430197,0.0159411755534435,0.007676955899702,3.8757287027688374,2983.777805001741,5.031529274882868,1.1806910476508277,0.18069104765082766
2.96921475320186,0.0348741013898709,0.0061392254885781,202477636944.04712,7731.5142391240415,0.0195052447763619,0.1701450062824856,2.057420457542828,0.65,2.0,0.002,4,1.6159051727799931,6.463620691119973,14.543146555019945,25.854482764479894,0.0036754142327985,0.0019542236251138,1.6159051727799896,253.32862393968804,2.457495803911644,1.2732309371862827,0.27323093718628266
2.479179851592332,0.0634626499020541,0.016070127165325,182960788296.60724,7625.30862059785,0.0212503974453247,5.323207474033077,9.133403265478409,0.65,2.0,0.002,4,5.807414151799455,23.22965660719782,52.26672736619511,92.91862642879128,0.0009419962253841,0.0003723592852782,5.807414151799421,12835.072116528543,9.639910002148682,1.5727142970591195,0.5727142970591195
2.452133408451929,0.0231338425165589,0.0199209226380936,213722354101.4912,7733.986666895393,0.0228560948722363,9.640696422600197,14.881882613891774,0.65,2.0,0.002,4,7.897211684020837,31.588846736083347,71.07490515618753,126.3553869443334,0.0012371488190017,0.0004603571418843,7.897211684020817,10759.250943039051,4.369932627550896,1.8844477277978642,0.8844477277978642
2.605291675990795,0.0495777241367486,0.0159193155000871,210028102037.43365,7802.705575868093,0.0466413294314059,9.903383661167547,4.671198680494942,0.65,2.0,0.002,4,5.51768666297377,22.07074665189508,49.65917996676394,88.28298660758033,0.0068910664544248,0.0037712322178318,5.517686662973749,9641.760905766429,8.021998058840685,0.846586434826186,0.153413565173814
1.218712155950003,0.0317732179090919,0.0061786305087407,219206021634.46976,7649.142650364512,0.0140382925517612,8.115888898036253,6.504761808123185,0.65,2.0,0.002,4,10.098085708935928,40.39234283574371,90.88277138042336,161.56937134297485,0.0040111731413361,0.001934892374019,10.098085708935928,3683.6229926981923,0.9150342146818878,0.644157912263216,0.35584208773678405
2.3078108612421264,0.0626000564733527,0.0157419641148925,215003995882.4589,7845.44217401877,0.0175197718274625,1.085145464368026,9.059683139298766,0.65,2.0,0.002,4,7.016205472338986,28.064821889355944,63.14584925105088,112.25928755742378,0.0002530339807629,0.0001060132983756,7.016205472338954,17337.465937010726,8.921159128739694,1.2912511150102606,0.2912511150102606
1.071664326891283,0.0650892494997173,0.0170383567949658,188544899034.86475,7795.9596134629855,0.0352396750491445,7.451151263949621,64.34712715701,0.65,2.0,0.002,4,33.08354330855936,132.33417323423745,297.7518897770342,529.3366929369497,1.95803509045016e-05,6.111508306112802e-06,33.08354330855933,200179.27069787224,4.632712312636796,1.9449889800758493,0.9449889800758493
1.7079586686052557,0.0397037914263852,0.0084197170128929,199073519067.3257,7644.0511760497775,0.0255455214300673,0.4229413952264224,13.001610639162433,0.65,2.0,0.002,4,6.679085288516934,26.71634115406773,60.111767596652406,106.86536461627094,9.462705838909074e-05,3.703228021998666e-05,6.679085288516874,3843.210197943727,2.1822295028812944,1.946615453693287,0.9466154536932869
1.891744742882308,0.06763540990082,0.0092384719300159,188527755083.98795,7819.51949752922,0.0101889713601918,2.859617218515814,2.86945670393784,0.65,2.0,0.002,4,5.747803873811708,22.99121549524683,51.730234864305366,91.96486198098732,0.0008688141874947,0.0005126932718359,5.7478038738116854,6027.684259592223,4.621541709866114,0.4992266206249214,0.5007733793750786
1.5162165216127508,0.0415098344635636,0.0051392657813525,196694537983.20947,7601.107390305565,0.0304256946164601,7.069884812826254,6.249147141387162,0.65,2.0,0.002,4,5.156625580824973,20.62650232329989,46.40963022742476,82.50600929319957,0.0177443994548754,0.0080691413958542,5.156625580824925,1290.4795037185522,1.2293064973064942,1.211867536907239,0.21186753690723892
2.169226424431676,0.020566143657659,0.0135475983234801,205344151437.67444,7966.104500617628,0.0236174753148884,5.787229826786447,6.99279075943858,0.65,2.0,0.002,4,6.628266516264247,26.513066065056982,59.65439864637822,106.05226426022794,0.0181199570700618,0.0105601629195935,6.628266516264231,4175.377326368288,2.407332430424192,1.0549954112858755,0.054995411285875484
2.1989665245604835,0.0401538279037517,0.0156550933065243,211186633676.8309,7911.289546234751,0.0171256905227159,6.573679395929539,3.538964529360525,0.65,2.0,0.002,4,7.585029118231154,30.340116472924617,68.2652620640804,121.36046589169848,0.0011254775101438,0.0006118003567029,7.585029118231135,12419.175293801361,5.467874219428705,0.46657230634149877,0.5334276936585012
2.391732955048381,0.0292246082318251,0.0187854283450882,215703442828.32,7954.681372029696,0.0265557588958875,1.7899964395044627,12.080610751110871,0.65,2.0,0.002,4,7.754291540938887,31.017166163755547,69.78862386845,124.0686646550222,0.0003183605785779,0.0001173349898498,7.754291540938861,12397.076124760622,5.222461904548583,1.5579257869440637,0.5579257869440637
2.113168533253789,0.0776342413430926,0.0086004241968454,212150389715.36697,7884.727213742982,0.0113040426527647,9.272267757909235,7.88077796305054,0.65,2.0,0.002,4,4.530117188538315,18.12046875415326,40.77105469684484,72.48187501661305,0.0032030461686745,0.0014218901156711,4.530117188538297,4506.533545910128,5.562422817301543,1.7396410810276144,0.7396410810276144
2.147690604049195,0.0309990897121724,0.0120370015545817,206032490601.76135,7651.272829273122,0.0468767421894606,5.106674524595835,10.286294180702194,0.65,2.0,0.002,4,6.140519974482744,24.56207989793097,55.26467977034469,98.2483195917239,0.0017672089904965,0.0006251022902481,6.140519974482717,4563.653901334681,3.0657918642515094,1.6751503493918234,0.6751503493918234
1.4936695247579057,0.0282597611484638,0.0139636051067365,209754879112.12888,7874.107226718888,0.0174281042852384,8.559003880032943,19.06092071270359,0.65,2.0,0.002,4,14.647825096086516,58.59130038434606,131.83042586477865,234.36520153738425,0.0011000153952631,0.0004217093360449,14.64782509608644,19656.12576657147,2.320555150515124,1.3012799229693308,0.3012799229693308
2.714652979495376,0.0615216748220897,0.007074619886259,207237709580.9704,7841.793477935097,0.0200152441631931,2.165273568166255,4.012862482648945,0.65,2.0,0.002,4,2.2378471246394613,8.951388498557845,20.14062412175515,35.80555399423138,0.0042393185478157,0.0019969014930111,2.2378471246394374,915.9073676139545,4.6326659540858595,1.7931798997643766,0.7931798997643766
1.262474985618816,0.0387680074339708,0.0198768057207386,186290413067.4834,7719.414624919387,0.0464330368346964,9.636749825093949,16.99912689411218,0.65,2.0,0.002,4,27.78007102763461,111.12028411053844,250.02063924871152,444.4811364421538,0.0001359264855137,6.819732953507956e-05,27.780071027634506,114399.37922904771,3.7548900752320025,0.6119180500727348,0.3880819499272652
1.863794557751817,0.0576107251541161,0.0137162910805298,219962927239.5625,7710.512566483251,0.0082102752683663,3.9398339116953673,10.829595179222972,0.65,2.0,0.002,4,9.56319450710918,38.25277802843672,86.0687505639826,153.01111211374686,0.0013869255617338,0.000632751760594,9.563194507109149,20500.15017060959,5.677946912119198,1.132424439466582,0.1324244394665819
1.7876186610605709,0.0646541166826473,0.0190411687901968,193667150401.72507,7824.515980850269,0.0433544288425645,6.186499028592761,5.4037500544893815,0.65,2.0,0.002,4,13.442261441936948,53.76904576774779,120.98035297743256,215.0761830709912,0.0001575313065699,8.662203427971366e-05,13.442261441936882,61418.126389738434,8.60978192354785,0.40199709534222244,0.5980029046577775
2.761693061621145,0.0547648017757883,0.0168870032155791,190516562885.15375,7648.819119901382,0.0366102307934053,7.959438593926105,4.48389533485974,0.65,2.0,0.002,4,5.010720703150376,20.042882812601505,45.096486328353386,80.17153125040602,0.0080872833183109,0.0045238411971273,5.010720703150361,9681.753888780351,9.767735932901466,0.8948603605147274,0.1051396394852726
1.5824305011250477,0.0387545260593975,0.0131423876379665,189350175698.909,7735.114530998987,0.0253596750885073,3.9243937825361086,19.69710722654651,0.65,2.0,0.002,4,11.774804849016872,47.09921939606749,105.97324364115184,188.39687758427,0.0002840802221294,9.513202677200608e-05,11.774804849016782,17061.81677287883,3.1171528677873397,1.6728181468070153,0.6728181468070153
1.4400027866989495,0.0342243171495323,0.013403829805913,215041033441.93665,7715.431974241838,0.0197959992690119,5.551220231574745,4.209174752407192,0.65,2.0,0.002,4,15.474336608346958,61.89734643338783,139.2690294751226,247.58938573355127,0.0002465691249095,0.0001448220215847,15.474336608346846,24090.238299119155,2.5483394645503776,0.27201002918191436,0.7279899708180857
1.095646864113455,0.0437024257154414,0.0132040903198845,211193132619.66217,7959.439906642179,0.0142166201477196,6.669364270605034,26.884240392211957,0.65,2.0,0.002,4,25.69183843253149,102.76735373012598,231.22654589278343,411.0694149205039,0.0009081581212738,0.0004671686560223,25.691838432531345,65567.29142282032,2.5161535588775856,1.0464117024093837,0.04641170240938375
2.5878100744332926,0.0439198090497235,0.0173382228462561,205199280160.44104,7751.4734261206095,0.0086301479954938,0.7615072355195025,3.94149161406924,0.65,2.0,0.002,4,6.040387793959209,24.16155117583684,54.363490145632895,96.64620470334737,0.0002760382600974,0.0001380728207126,6.040387793959181,11001.225562045329,7.6375082074310745,0.652522941989091,0.347477058010909
2.287706997009551,0.0543286935359071,0.0113307327580837,203262409601.0653,7813.61612131014,0.0475111683150614,8.392244283666919,4.549681553494489,0.65,2.0,0.002,4,5.007130944861182,20.02852377944473,45.06417850375065,80.11409511777892,0.0123066466228663,0.0072758650965035,5.007130944861175,5445.620450287892,5.501862514739548,0.9086404177553681,0.09135958224463192
2.1551326629849847,0.0702903109381174,0.0097055227529784,203622461156.2948,7702.578078925751,0.0108326051545203,8.537338111204594,9.579038359656336,0.65,2.0,0.002,4,4.871861735597111,19.487446942388445,43.846755620374005,77.94978776955378,0.0017571147525796,0.0008567740131962,4.871861735597077,5305.718017837604,5.662321432567892,1.966196677887117,0.9661966778871169
1.6572086686378376,0.0542999069230856,0.0113438539098792,186420764725.37604,7844.187972956832,0.036009952972351,0.1010770832060017,10.649838588300204,0.65,2.0,0.002,4,9.130795846759309,36.52318338703723,82.17716262083377,146.0927335481489,3.150820233892465e-05,1.4752481083028309e-05,9.130795846759238,13177.466017967903,4.003638925179085,1.1663647689680976,0.1663647689680976
1.7303694060421344,0.0618369377591983,0.0139144164202073,188305486883.7568,7825.254217434044,0.0446858247712517,6.701649528335454,10.845944199329525,0.65,2.0,0.002,4,10.33710325515001,41.34841302060004,93.0339292963501,165.39365208240017,0.0021359004331399,0.0013366394212888,10.337103255150009,24574.1046891605,5.825326322469879,1.0492247133089252,0.049224713308925194
2.055089748994366,0.0425166883816096,0.0195489782457471,186917092310.67725,7727.866227050835,0.0182282211916056,5.478760844735974,11.341417300725604,0.65,2.0,0.002,4,10.32253684886958,41.29014739547832,92.90283163982625,165.16058958191329,0.0017771132363117,0.0008524833501492,10.322536848869566,27763.64653966001,6.599999251381027,1.0987044625534679,0.09870446255346788
1.3937548811453484,0.0644063582030262,0.0087859522228356,197250932535.7965,7686.968815683228,0.0100984030411198,4.050730192489896,12.458033943483654,0.65,2.0,0.002,4,10.389084089919695,41.55633635967879,93.50175680927728,166.22534543871515,0.0011397917333996,0.0004869233335199,10.389084089919633,12916.455884953937,3.031301296767648,1.1991465114399729,0.19914651143997286
1.23642253568906,0.0594493580177806,0.0154000080184269,212581074212.8428,7672.414751109302,0.0282547246743997,6.642229841642266,14.490536126255323,0.65,2.0,0.002,4,24.044327764985308,96.17731105994125,216.3989498848678,384.7092442397649,0.0001090812997065,5.261523170941984e-05,24.044327764985265,99111.05976363231,4.3424727737429984,0.6026592328922282,0.3973407671077718
1.7248112105947049,0.0266736684534987,0.0083235987938139,180978303871.3672,7878.56646279606,0.0098107317594873,8.887513033597704,7.607786488641408,0.65,2.0,0.002,4,6.080606723965827,24.32242689586331,54.72546051569244,97.28970758345324,0.0145943122658612,0.0065975185498834,6.08060672396576,2201.9437905991817,1.5085255176228793,1.2511558194771104,0.2511558194771104
2.9387508691247515,0.0759335416977967,0.006666189990059,191539064574.2929,7903.958610344457,0.0412809618129159,5.092238637567455,0.3945434041905395,0.65,2.0,0.002,4,1.723009818877588,6.892039275510352,15.507088369898293,27.568157102041408,0.0142606120637823,0.0095398771208162,1.7230098188775644,689.0076083048858,5.878801227121528,0.2289850004729285,0.7710149995270715
1.058402823361686,0.0617720222492704,0.0151322625935614,192829478051.01904,7645.086669425634,0.0096083271172229,9.69535767727011,43.63555187412363,0.65,2.0,0.002,4,30.76285581605417,123.05142326421668,276.86570234448754,492.2056930568667,9.402834473089704e-05,3.245642807290191e-05,30.762855816054095,141290.2300295861,3.7818046850382028,1.4184493187187033,0.4184493187187033
2.773383115854961,0.0689202139079794,0.0066429379706984,188911063395.32724,7846.794294031167,0.0369459550008554,0.1865085455311769,0.877443778974449,0.65,2.0,0.002,4,1.9215526087675563,7.686210435070226,17.293973478908008,30.744841740280904,0.0006526435511962,0.0003731108111966,1.9215526087675525,726.1782685802525,4.981715858321963,0.4566327119907609,0.5433672880092391
1.0625545025496128,0.0775965451606639,0.0072163016760816,194136279058.1237,7753.917853998283,0.0270243454666286,7.87589582110829,3.059422990197207,0.65,2.0,0.002,4,14.502212197280764,58.00884878912306,130.51990977552688,232.03539515649223,0.0002751911901898,0.0001824230248648,14.502212197280741,19152.59960915919,2.3067444377111057,0.21096250341522851,0.7890374965847715
2.260509328318271,0.0546228487186351,0.0109944961511077,213339732348.02536,7879.360638277351,0.0060233658547627,7.789271326231178,5.648336829173775,0.65,2.0,0.002,4,5.076710075827816,20.306840303311265,45.69039068245034,81.22736121324506,0.0149705437956536,0.0070853884608481,5.076710075827776,5441.785573571343,5.348314827439595,1.1125978724031809,0.11259787240318087
1.287475154339231,0.0429787037671055,0.0085667094934742,191626325039.35367,7728.981299721626,0.037325148757447,1.849817804229044,7.875866522337832,0.65,2.0,0.002,4,11.668956943092724,46.6758277723709,105.02061248783454,186.7033110894836,0.0003550987113333,0.0001805373689546,11.668956943092702,9847.41593218419,1.8318861133055855,0.6749417759228133,0.32505822407718665
2.802735288112801,0.0477867399886532,0.0089184677138895,215990235654.16077,7661.18059113956,0.0498174583673275,6.171197041985486,5.050547698350598,0.65,2.0,0.002,4,2.7335344059187574,10.93413762367503,24.60180965326882,43.73655049470012,0.0071445583885902,0.002981931297878,2.7335344059187445,1349.7528709847384,4.575572425606665,1.8476254359246311,0.8476254359246311
2.897311720314427,0.0375771564687315,0.0157542486194047,206520556277.394,7614.241512535109,0.0169504284355825,2.1469906238267376,3.844607581403957,0.65,2.0,0.002,4,4.432051737728389,17.728206950913556,39.8884656395555,70.91282780365422,0.0044177804217347,0.0021846006825183,4.432051737728376,5063.873675905926,6.5300045434814695,0.8674554831290147,0.13254451687098534
1.8297040110523304,0.0274314128677581,0.0111566221033317,202277348848.538,7972.284472482259,0.0066300048970386,6.252438224369247,7.793812805976443,0.65,2.0,0.002,4,7.611715186266382,30.44686074506553,68.50543667639745,121.78744298026211,0.0355941816366873,0.0174367405023924,7.611715186266382,5105.512302923565,2.2321045420782135,1.0239233359701392,0.02392333597013918
1.6431682057389023,0.0251531725662543,0.0086694069913854,180447470123.47507,7994.6503670099855,0.0150117013457932,8.16727183258519,3.483230100158354,0.65,2.0,0.002,4,6.917198853365517,27.668795413462068,62.25478968028965,110.67518165384828,0.0047778432716212,0.0027881906142659,6.917198853365494,2705.539775321341,1.4322989209015804,0.5035607872489632,0.49643921275103675
2.311839899859232,0.0297930594028714,0.0077048666957123,202356305332.5831,7750.164618363485,0.0262087317747876,3.1579999373069536,6.400764344018398,0.65,2.0,0.002,4,3.3402715954509543,13.361086381803815,30.062444359058595,53.44434552721527,0.0042694209866275,0.001897595066615,3.340271595450931,905.8206477145908,2.056453616139711,1.9162406891509987,0.9162406891509987
2.600257745282406,0.045184314821875,0.0072930075785107,186234671431.10565,7968.722304297119,0.0155167098925217,8.753745509079504,2.6149731318955767,0.65,2.0,0.002,4,2.3644985047447498,9.457994018979,21.28048654270275,37.831976075916,0.1300190520482018,0.0691288593513718,2.364498504744745,753.5416915071371,3.41404673239095,1.1059313958745223,0.10593139587452227
2.2847615034312603,0.0492951134168779,0.00698214453772,216076666514.08817,7818.726747308709,0.0178273837832637,8.79147622898537,0.9501189667692036,0.65,2.0,0.002,4,3.18839604386847,12.75358417547388,28.695564394816238,51.01433670189552,0.0127898916250215,0.0074731876806507,3.1883960438684347,1233.797475784127,3.074253084805945,0.29799276930993746,0.7020072306900625
2.8830777134761982,0.0272393202466211,0.0184418312363544,184015825825.9924,7705.815924460524,0.043091534123058,1.876971516226266,4.643068534273423,0.65,2.0,0.002,4,4.9163056087356125,19.66522243494245,44.24675047862052,78.6608897397698,0.0047080489521729,0.0027918478691874,4.916305608735597,5324.5483258020295,5.580142540147028,0.9444222763579486,0.05557772364205138
1.978084159926606,0.0309686473160646,0.0098448195343843,185612398050.69247,7872.498859165748,0.0226822663684051,7.3699077009276195,6.595492597131651,0.65,2.0,0.002,4,5.539807459210779,22.15922983684312,49.85826713289701,88.63691934737247,0.0124647861415484,0.0056965517141196,5.539807459210761,2876.1163418301676,2.373872402518222,1.190563507070206,0.19056350707020608
2.022112241002852,0.0498767432272323,0.0173012325722488,191330260488.03223,7939.965511762394,0.0140396095356702,8.803161983671517,11.056792553095214,0.65,2.0,0.002,4,9.418425462546294,37.673701850185175,84.76582916291663,150.6948074007407,0.0021028093810473,0.0009065021080576,9.41842546254629,24259.69617809337,6.927379987202916,1.173953395614174,0.1739533956141739
1.2171812339431354,0.0206063986658755,0.0157280750648321,190264669837.5417,7803.799442055109,0.010022722100247,9.854429640038868,10.118505851115565,0.65,2.0,0.002,4,23.769517034674333,95.07806813869732,213.92565331206904,380.3122725547893,0.0003244092157553,0.0001734898113657,23.769517034674188,34332.81983379878,1.5392495054690458,0.42569253032592214,0.5743074696740779
1.1267910949418598,0.0778828088989695,0.0194964100487343,206976391742.0145,7952.699299856004,0.0247297042932188,3.2027025799551723,16.97476705158601,0.65,2.0,0.002,4,35.52222960967598,142.08891843870393,319.70006648708386,568.3556737548157,9.925218316889991e-06,5.558333715085914e-06,35.52222960967581,338910.0126550877,6.803372162543833,0.4778632208087044,0.5221367791912956
1.0209583077887685,0.0658783087784404,0.0062737490582985,184264662974.6515,7912.68274800461,0.0360284767202932,5.662840980432715,22.08749235344351,0.65,2.0,0.002,4,13.17041726463679,52.68166905854716,118.53375538173113,210.72667623418863,0.0003821821501282,0.0001241617974795,13.170417264636681,11432.20900981022,1.6694420571032853,1.6770533468783622,0.6770533468783622
2.978094333761759,0.0668549047526643,0.0122107119378504,203022614212.0978,7824.869764533237,0.0164462338914417,1.935367873504854,2.3358882931547176,0.65,2.0,0.002,4,3.1799990350768548,12.71999614030742,28.6199913156917,50.87998456122968,0.0029881211212928,0.001528228983476,3.1799990350768526,3797.2880807838815,9.511736987922509,0.734556289919838,0.265443710080162
2.1022745639412297,0.0477026631134807,0.0107849733711819,203146067305.25854,7827.7623546738705,0.0080781133174703,4.207694755289709,8.443095354292717,0.65,2.0,0.002,4,5.637088501825744,22.548354007302976,50.7337965164317,90.1934160292119,0.0017599121535076,0.0008292020612862,5.63708850182571,5310.412018175791,4.233102403707059,1.4977759088859812,0.4977759088859812
2.321523229451071,0.0419394527782746,0.0084068330787847,183344654375.1007,7640.700500528351,0.0481743643443582,7.905720534780469,2.22070811197488,0.65,2.0,0.002,4,3.4648397163009195,13.859358865203678,31.183557446708274,55.43743546081471,0.0167575070843986,0.0087639549385577,3.4648397163009044,1482.031495040749,3.127025324893769,0.6409266499478161,0.3590733500521839
2.894503854757745,0.069259123964207,0.0111261417290113,204467723546.77173,7810.656678012034,0.0186488880207853,4.409669276695995,5.2151775533416425,0.65,2.0,0.002,4,3.0810176335141675,12.32407053405667,27.729158701627508,49.29628213622668,0.0030319913074667,0.0013133572054228,3.081017633514162,3264.3849847419083,8.710704217930516,1.6926802029994519,0.6926802029994519
2.5710450285492827,0.0713490608418187,0.0162758147419324,215420455792.08737,7841.674159487357,0.0426683156352423,4.2301522143891646,10.149773890840558,0.65,2.0,0.002,4,5.851829989817329,23.40731995926932,52.66646990835597,93.62927983707726,0.0004671162204742,0.0001667590749486,5.8518299898173165,15825.68859019839,11.706295381107795,1.7344615117838404,0.7344615117838404
1.7110380372704928,0.0364926245975011,0.0197001896741743,190090031420.8673,7890.283358295097,0.017769114311267,0.7978461030334992,21.41503233788514,0.65,2.0,0.002,4,14.976616334665655,59.90646533866263,134.7895470119909,239.6258613546505,3.8545009034217945e-05,1.3932322501048924e-05,14.976616334665588,42971.936082917615,4.852860146822651,1.429897906132301,0.42989790613230094
1.8105091629560868,0.0675886254952232,0.0123438320810169,189403426544.0185,7851.56557468158,0.0261099239227877,2.7142916368142207,7.452103769205376,0.65,2.0,0.002,4,8.386747921001916,33.546991684007665,75.48073128901724,134.18796673603066,0.0011263070874587,0.0005871871312358,8.386747921001898,16466.35709775206,5.9299442909320215,0.8885570234612622,0.1114429765387378
2.411137914213737,0.0673701171324059,0.0131169143631168,191042735130.1646,7693.789189881284,0.0488365686803027,4.424255302304281,5.780707175778293,0.65,2.0,0.002,4,5.098142320397856,20.392569281591424,45.8832808835807,81.5702771263657,0.0032930606175968,0.001753368739815,5.09814232039784,8410.367468647575,8.196554380803247,1.1338850138901553,0.13388501389015528
2.343481011988709,0.0675104304736343,0.0147578440711299,195855255800.24304,7973.971289927143,0.0376849407212595,5.324044333685078,3.4562618964541745,0.65,2.0,0.002,4,6.03892414834164,24.15569659336656,54.35031733507476,96.62278637346624,0.0011036781827528,0.0005704544294789,6.038924148341639,13402.283232782758,9.308933022784304,0.5723307350040662,0.42766926499593383
1.8809046904325333,0.0701379955431994,0.0140838746539216,182749532079.13644,7777.163532528331,0.0190297156450062,6.452292221225163,11.430100412455898,0.65,2.0,0.002,4,8.750549937800182,35.00219975120073,78.75494944020164,140.0087990048029,0.0009126262280496,0.0003718383898496,8.750549937800182,21840.56947697294,7.2249280451165205,1.3062150943314694,0.30621509433146943
1.7897506197657005,0.0741060411993785,0.0106012352104972,209237300309.30927,7845.494067775623,0.0223485587573825,8.09554757763057,14.48984172354796,0.65,2.0,0.002,4,7.750149608028159,31.00059843211264,69.75134647225343,124.00239372845054,0.0006407442455772,0.0002383905799365,7.750149608028124,13078.94812083471,5.515601843289557,1.8696209049356172,0.8696209049356172
2.770125906087745,0.0331503674793551,0.0151886973681166,183428718623.51352,7944.384932632784,0.0266809717930415,6.279233340920396,7.471734854775172,0.65,2.0,0.002,4,4.312750080454224,17.251000321816896,38.81475072408802,69.00400128726758,0.0030494815299589,0.0011984788180839,4.3127500804541965,4068.2439641933447,5.540368713846555,1.7324757325117917,0.7324757325117917
2.93377069612357,0.0329193028931025,0.015345650424079,206950625002.3235,7908.892753207439,0.0200897410181778,1.9255402676039752,4.776212366406446,0.65,2.0,0.002,4,4.135592604296233,16.542370417184934,37.220333438666096,66.16948166873973,0.0042633502447494,0.0020225978355977,4.135592604296226,3957.15466010844,5.8606770129933405,1.1549039819455904,0.1549039819455904
1.6169192449955003,0.0757545346403689,0.0064151225395948,219770767166.5313,7908.036287263548,0.0091971907395947,6.596673516239506,1.5339739162859425,0.65,2.0,0.002,4,5.865542495876187,23.462169983504747,52.78988246288569,93.848679934019,0.0018535639132433,0.0010973819183479,5.865542495876158,4220.041162368603,3.1069951775725495,0.2615229396708696,0.7384770603291304
1.0996870880690828,0.0630859871160157,0.0085765578020223,198060682409.1733,7747.101240237909,0.0100778154492809,3.52126132986658,13.499861366659504,0.65,2.0,0.002,4,16.26048672031207,65.04194688124828,146.34438048280862,260.1677875249931,0.0004944163763122,0.0002234835091607,16.26048672031189,24057.533668284123,2.3047524399621695,0.8302249249277432,0.16977507507225675
1.9409290002493436,0.0430976997174755,0.007065769294698,187624658886.098,7692.977272776543,0.0261659252235856,3.78392303042126,6.891188754015019,0.65,2.0,0.002,4,4.2001726452696735,16.800690581078694,37.80155380742706,67.20276232431478,0.0038020201755085,0.0015165099176441,4.200172645269618,1583.3672863950069,2.273461724007798,1.6406917848427296,0.6406917848427296
2.4503982360117544,0.065284316717833,0.0183356500069791,208617489378.22076,7869.898390438083,0.0475302783826811,5.42035506703777,9.81686563951728,0.65,2.0,0.002,4,7.129236417548504,28.516945670194016,64.16312775793655,114.06778268077606,0.0006986221743841,0.000279682558823,7.1292364175484995,23159.370186529937,11.541997454235373,1.3769869681068825,0.3769869681068825
1.7904693075177889,0.0648245480377931,0.0105731481260954,187553456819.0256,7678.198330958635,0.0234521954111747,4.846229040578322,12.944485311950812,0.65,2.0,0.002,4,7.391501728597582,29.56600691439033,66.52351555737825,118.26402765756131,0.000596720596181,0.0002155053491926,7.391501728597565,10161.670941517978,4.711292031586215,1.7512659520688292,0.7512659520688292
1.1578570904869208,0.0579934995384237,0.0130176950678616,180227382992.6801,7682.742677811356,0.0077629809197518,5.745319175277154,4.846639731340195,0.65,2.0,0.002,4,21.325816784656173,85.30326713862469,191.9323510619056,341.2130685544988,7.847567083370781e-05,4.67941314223798e-05,21.325816784656073,60287.28777758896,3.3577987407790575,0.2272663120142415,0.7727336879857585
2.625160463081928,0.0589977616665041,0.0169904919326802,214228887801.9784,7846.938977209513,0.0066530798603811,3.047701835303488,10.40012673671579,0.65,2.0,0.002,4,5.841338536343951,23.365354145375804,52.57204682709556,93.46141658150322,0.0004024484145866,0.0001840144922352,5.841338536343933,13907.597487614088,10.324466582584702,1.7804355409308603,0.7804355409308603
1.395058784880626,0.0243552595151316,0.0197123172022753,204242021234.20816,7811.897587165332,0.0449901759899331,5.9848091301187605,15.817795480969671,0.65,2.0,0.002,4,23.484223007106912,93.93689202842764,211.35800706396225,375.7475681137106,0.0002100421524401,0.0001075259812974,23.484223007106916,56958.90380807405,2.61607080554006,0.6735498754284018,0.32645012457159817
1.9813315404784748,0.059745853047109,0.0184600465536894,184417020437.1993,7956.8772616026545,0.0465086734967227,9.243737364758069,2.142422884229183,0.65,2.0,0.002,4,10.265424444709636,41.06169777883855,92.38882000238677,164.2467911153542,0.0003089874220248,0.0002132072230986,10.265424444709607,36167.953278473826,8.693814603340797,0.20870280578932154,0.7912971942106785
2.5350314173468025,0.0763906251398332,0.0129945067118884,191470840594.41656,7919.40367890373,0.0287031146236404,8.834556113052894,5.4954947250197135,0.65,2.0,0.002,4,4.5084519058794665,18.033807623517863,40.57606715291519,72.13523049407146,0.0058746803520582,0.0027347012565087,4.508451905879432,7995.770354154261,9.964274730818042,1.2189316509849175,0.21893165098491751
1.5467303004705564,0.0217645761573903,0.0099411832416765,208339204748.50613,7623.920483709016,0.0211870695952142,3.050542020714379,5.858974347919292,0.65,2.0,0.002,4,9.849960029814984,39.39984011925994,88.64964026833488,157.59936047703977,0.0012720117068617,0.0006170926733284,9.849960029814966,4886.297689009202,1.2757079118380918,0.5948221444741594,0.4051778555258406
2.396110456772184,0.0700024636683121,0.0167918211473488,219081894881.9152,7854.742159466777,0.0194551444201489,5.029483369378482,11.692395628186317,0.65,2.0,0.002,4,7.004072978628738,28.01629191451495,63.03665680765863,112.0651676580598,0.000450664473611,0.0001686234311156,7.004072978628734,21423.033095248906,11.061649592409017,1.6693709023111103,0.6693709023111103
2.010842875553579,0.0422785279231605,0.0188339245098068,183713047014.66388,7821.727869861358,0.016110760170411,8.518705050782382,8.297271473273975,0.65,2.0,0.002,4,10.236051327622512,40.94420531049005,92.1244619486026,163.7768212419602,0.001752183760817,0.0008272291610517,10.236051327622459,25902.171380671716,6.261977833363554,0.8105929921319761,0.1894070078680239
1.1168946747880566,0.0300247284096204,0.0160849793350933,196189323255.0127,7602.759535117437,0.0339690758286807,7.1003999416926655,54.16157777390735,0.65,2.0,0.002,4,29.70143127977685,118.8057251191074,267.3128815179916,475.2229004764296,6.678599902039591e-05,2.0376119800376765e-05,29.701431279776845,71411.40320112224,2.0504683688917806,1.823534268895148,0.8235342688951479
1.4505700874155536,0.0479744805374825,0.0104134263718989,207063026680.79214,7630.030478208251,0.0269941401265018,1.8251731853836184,15.105371987042444,0.65,2.0,0.002,4,11.69051415917466,46.76205663669864,105.21462743257194,187.04822654679452,0.0002936102360897,0.0001162048373436,11.69051415917465,14916.464107335527,2.764642157718836,1.2921050162013474,0.29210501620134743
1.1656641859286052,0.0795319724703588,0.0176747538659031,206401739416.24,7902.529448323443,0.0107685814889679,7.68255646162143,17.30142824002214,0.65,2.0,0.002,4,30.144586920455204,120.57834768182082,271.3012822840968,482.31339072728326,4.928902244592481e-05,2.347321258397209e-05,30.144586920455055,232264.65155980733,6.474477242912065,0.573948095081774,0.426051904918226
2.851856908280936,0.0455831734801456,0.0078599436793726,190912819366.02237,7662.059535960378,0.0468751097590655,3.1283467640607583,0.9999522255060372,0.65,2.0,0.002,4,2.1874493740106304,8.749797496042522,19.68704436609568,34.99918998417009,0.0109214116759606,0.0062867705734233,2.1874493740106282,739.4401137401109,3.914418443206856,0.4571315969121847,0.5428684030878153
2.537906994264719,0.020847404548741,0.0164009455865808,213421500058.1967,7765.060501118231,0.0272251104804445,0.6184935339599406,3.113488240627008,0.65,2.0,0.002,4,6.0533167349917765,24.213266939967102,54.479850614926,96.85306775986842,0.0003162249417788,0.0001805541645453,6.053316734991763,4873.690729114726,3.3690808460617774,0.5143441813690663,0.48565581863093366
1.050147259388408,0.0556056717906269,0.0121901896674744,211466904785.77823,7601.6610280173745,0.0081752174558783,8.610821257120216,28.168128790294805,0.65,2.0,0.002,4,26.436640463778144,105.74656185511256,237.9297641740033,422.9862474204503,0.0008713199104499,0.0003895402337765,26.436640463778012,74650.12311793263,2.705566807131671,1.0654957776835972,0.06549577768359716
1.9113594288182765,0.0629783821006383,0.00745376645099,216096090599.37115,7728.610933676615,0.049219821177758,2.925584373587386,7.368322044267394,0.65,2.0,0.002,4,4.892074260118159,19.56829704047264,44.02866834106343,78.27318816189054,0.0015815281476912,0.0006278960020587,4.89207426011813,3275.8719056400205,3.467217556241448,1.5061754283528537,0.5061754283528537
1.9088328203325564,0.0677131358347829,0.007116164144706,181594301765.6884,7879.173629940657,0.0497619973829349,1.0385022819274357,7.464956305239916,0.65,2.0,0.002,4,4.251578447430776,17.006313789723105,38.26420602687698,68.02525515889242,0.0004947974226053,0.0001848298191135,4.251578447430741,2585.815789997096,3.6235766526268334,1.7558082010108604,0.7558082010108604
2.86740137062188,0.0728197829599015,0.0141002652544853,192785177125.8324,7787.24150876525,0.0307015942505157,5.4468597105726015,2.556336947833801,0.65,2.0,0.002,4,3.8692300959211496,15.4769203836846,34.82307086329035,61.9076815347384,0.0033801237747612,0.001731785364875,3.869230095921138,6775.286283037128,11.463541289300016,0.6606836203741511,0.33931637962584893
1.4414694953308715,0.0593836872996396,0.0109086150446377,186304498820.38895,7923.523591708116,0.0244291420373276,9.159196363254171,6.327285403371081,0.65,2.0,0.002,4,11.54357824977872,46.17431299911488,103.8922042480085,184.69725199645956,0.0007683134604286,0.0003950655907126,11.543578249778701,19461.272413978673,3.699394041234165,0.5481216713277255,0.4518783286722745
1.171336359378301,0.0463202230294699,0.0094365592806562,180293378838.34583,7820.980748305513,0.0297502385800802,3.2725602407571657,15.723720288476391,0.65,2.0,0.002,4,14.974038940135298,59.89615576054119,134.76635046121768,239.5846230421648,0.0012306834258929,0.0007236140466792,14.974038940135172,17722.90106013279,2.0021525284116457,1.0500654066239827,0.05006540662398273
1.848730578869988,0.0672843756552863,0.0075190435970212,191431699084.4239,7735.234232533582,0.0097619338717035,5.067867669253072,2.709952753413275,0.65,2.0,0.002,4,4.962663176177613,19.85065270471045,44.663968585598525,79.40261081884181,0.0031168325105481,0.0016589978214574,4.962663176177567,3517.0882420325074,3.61737829240205,0.5460682414276973,0.4539317585723027
2.5212886955908007,0.0635970746138119,0.0097876217369148,182418183839.57083,7933.238150008772,0.0457195402913151,1.3655238397779252,5.778745155053126,0.65,2.0,0.002,4,3.347881638496678,13.391526553986711,30.1309347464701,53.566106215946846,0.0008538805165694,0.0003356881519035,3.3478816384966588,2754.59221792997,6.2252584797146815,1.7260900411186664,0.7260900411186664
2.677461207535741,0.0767837847501669,0.0188610724112939,205564969631.35452,7891.151086443456,0.0398887815815099,8.11253894922447,9.252573070157856,0.65,2.0,0.002,4,6.089107436049358,24.35642974419743,54.80196692444422,97.42571897678972,0.0009059935499522,0.0003464036531581,6.089107436049343,22394.246693357156,15.299225565401676,1.5195286283470462,0.5195286283470462
2.685463937612944,0.0467833695286225,0.0192946274234015,206031783588.70947,7646.3595461277,0.044829184470206,4.943725389224898,2.8650391441164462,0.65,2.0,0.002,4,6.297479388202035,25.18991755280814,56.67731449381832,100.75967021123256,0.000829343372723,0.0004669215986856,6.297479388202018,14509.92560671184,9.2676994157153,0.4549501423512302,0.5450498576487698
2.9760335368406867,0.0292681758018847,0.0117804017034014,216223272084.1956,7890.212427358179,0.032620110673771,2.6453727938618594,1.6954232849384636,0.65,2.0,0.002,4,3.1573344017381446,12.629337606952578,28.416009615643304,50.51735042781032,0.0052651912477648,0.0029476347804468,3.1573344017381357,1593.137190193984,4.048109727884463,0.53697932154577,0.46302067845423
2.1057002252208,0.0326706152007707,0.0161203263601296,206781571304.4508,7826.013014963421,0.0438501278309442,7.863999294096424,11.883403023324805,0.65,2.0,0.002,4,8.474139899100907,33.89655959640363,76.26725909190816,135.5862383856145,0.0015660790454208,0.0006093717639568,8.474139899100907,12302.383238069817,4.339485646234352,1.4023137645610046,0.40231376456100465
2.5758873383097134,0.0225316528857763,0.0101786443768784,206351250905.2748,7910.400383433812,0.0316483345458614,8.705299135765936,5.959504827836863,0.65,2.0,0.002,4,3.552792035289492,14.211168141157968,31.975128317605428,56.84467256463187,0.0147273404272863,0.0059611499831374,3.552792035289475,1164.3341553232046,2.3365674785666295,1.6774144865902045,0.6774144865902045
2.4992395277465063,0.0743060774281859,0.0172612864643867,199796683807.84637,7742.577334812093,0.0347958204413386,8.186993630562323,12.486412296240644,0.65,2.0,0.002,4,6.365580488887351,25.4623219555494,57.290224399986165,101.8492878221976,0.0004939620136953,0.0001883763881086,6.36558048888732,19851.654020604135,12.409690009556677,1.9615512392057148,0.9615512392057148
1.559646883078856,0.0585051848716369,0.0194243518497983,180942330237.09195,7850.636402804398,0.0120575732398902,8.182949159557253,23.52410952984341,0.65,2.0,0.002,4,17.38364660604176,69.53458642416705,156.45281945437586,278.1383456966682,0.0002293780175493,8.586118899743331e-05,17.38364660604175,83001.04262473923,6.95732100734971,1.3532321533542635,0.3532321533542635
1.458652502616148,0.0746811513038623,0.0113777113628696,180022166593.31616,7817.315629339992,0.0332728639662806,8.706697196762146,13.649532719483163,0.65,2.0,0.002,4,11.636293093195167,46.54517237278067,104.72663783875652,186.18068949112268,0.0011986349952233,0.0005444931371121,11.636293093195125,25896.105142552442,4.844460394061811,1.1730138292464785,0.17301382924647846
1.2100635760244691,0.0316831208075376,0.0081562041323202,216457540246.8188,7631.209522210383,0.0388025616825407,2.9482758071867434,16.793383495553336,0.65,2.0,0.002,4,13.452116950992885,53.80846780397153,121.06905255893594,215.23387121588613,0.0007453275744773,0.0003120286439645,13.452116950992888,8523.70902968039,1.193129573641382,1.2483822105273796,0.24838221052737963
1.235008764505203,0.0235894602390379,0.017520614964904,186230306838.9832,7813.959261190348,0.0462085186045419,5.717736324138301,23.2679803245974,0.65,2.0,0.002,4,25.428932463682894,101.7157298547316,228.8603921731461,406.8629194189264,0.0005078319474634,0.0003028516988351,25.428932463682838,50908.99567824897,1.9942451108740453,0.9150199426510857,0.08498005734891434
2.662256981802916,0.0433798851776941,0.0143611687678891,207109084100.6114,7806.096570668857,0.0124513362568897,7.004816905094113,3.052711634245702,0.65,2.0,0.002,4,4.732620763824725,18.9304830552989,42.59358687442253,75.7219322211956,0.0049016760137975,0.0024244217841747,4.732620763824711,5723.942061306912,6.4733946234196,0.6450361832454594,0.3549638167545406
1.8963314042320023,0.0499830901514442,0.0072105736354799,184509527002.35068,7864.622585085514,0.0446185341070357,6.975141239991213,7.545763594294572,0.65,2.0,0.002,4,4.4039365223809455,17.615746089523782,39.63542870142851,70.46298435809513,0.004487723782788,0.0016674163929969,4.403936522380896,2057.770249802228,2.68754067837465,1.7134133418923834,0.7134133418923834
2.8994902854590245,0.0795140324285553,0.0121460342841932,187097181855.2404,7795.177794731633,0.0096040816287372,8.738107478802702,3.8802124491460166,0.65,2.0,0.002,4,3.2095271296417125,12.83810851856685,28.885744166775417,51.3524340742674,0.0143462687401905,0.0067680486323993,3.2095271296416876,4438.516181975675,10.914302053877496,1.208967019879718,0.208967019879718
2.340578438840337,0.0298408268288887,0.0107172378447735,189447096246.3642,7868.738232737252,0.0400968974381282,1.5071238479738005,7.905869383933583,0.65,2.0,0.002,4,4.35268411454569,17.41073645818276,39.17415703091121,69.64294583273104,0.0009637497945187,0.0003679689054466,4.35268411454566,2202.754318455292,2.9450456008245305,1.8163204992326465,0.8163204992326465
1.0368474325042434,0.0743052219983726,0.0142361471829286,196853799170.92947,7773.72509710426,0.0391098040862178,8.351353035005351,49.98553283217613,0.65,2.0,0.002,4,30.216859230414983,120.86743692165994,271.9517330737349,483.4697476866398,4.310588643218117e-05,1.3572889461143088e-05,30.21685923041481,153668.27790930925,4.263103188898675,1.654226617366743,0.654226617366743
2.153292117561141,0.0420050402221065,0.0115040052721545,196104869758.64737,7780.214932823307,0.0063526400867738,2.548549563346274,11.172243582329568,0.65,2.0,0.002,4,5.648339813028171,22.593359252112684,50.83505831725354,90.37343700845074,0.0005406293329096,0.0002800140119239,5.648339813028166,5098.194460604493,4.047762538084897,1.977969448042105,0.9779694480421051
1.1111358338137558,0.0368366861680193,0.0100119506075231,186919777807.66376,7725.557347920796,0.0384211655026288,0.2453601512447006,30.548045330405976,0.65,2.0,0.002,4,18.08740914955228,72.34963659820912,162.78668234597052,289.39854639283647,9.789432481231238e-06,3.107084056772884e-06,18.087409149552123,20444.60355262936,1.5829464792691816,1.6889121641372502,0.6889121641372502
2.468907664685256,0.032890032857289,0.0166986416058602,183108488687.7231,7656.683659972424,0.047038566976955,2.8748172692253813,2.8621254415377866,0.65,2.0,0.002,4,6.07483643135762,24.29934572543048,54.673527882218586,97.19738290172192,0.0008552240296958,0.0004877132287595,6.074836431357617,7562.927236664059,5.191119276090613,0.4711444454312909,0.528855554568709
1.305754244252672,0.075239951496414,0.0101208060107259,182004267587.87732,7736.961470724252,0.0407505663723148,6.264816575383261,20.254963122588403,0.65,2.0,0.002,4,13.055004653319344,52.220018613277375,117.49504187987412,208.8800744531095,0.0002816842729503,9.743774388938768e-05,13.055004653319326,25880.894999822434,3.846497833584459,1.5515094525407493,0.5515094525407493
2.843405059614254,0.0708182253303498,0.0198663249645959,218581951837.2265,7725.78213808542,0.0221269081406353,7.012754103970721,1.3543610331496925,0.65,2.0,0.002,4,5.926594951135012,23.70637980454005,53.33935456021511,94.8255192181602,0.0006369106630199,0.0003930900132991,5.926594951135006,21428.116459923313,15.453034276880114,0.22852262459581751,0.7714773754041825
1.9260131730110155,0.0499556659393979,0.0143236525687098,197368383953.35928,7946.830691089525,0.0231496101431684,9.431269099008182,15.518773177289145,0.65,2.0,0.002,4,8.725821777047951,34.903287108191805,78.53239599343156,139.61314843276722,0.0007396710384007,0.000260350674913,8.725821777047894,16460.164168695188,5.475978684517128,1.7784884419836764,0.7784884419836764
2.4373793430090487,0.0228418263979572,0.0059282821553836,181020062558.40796,7839.847559805147,0.0082204025027878,9.340544732764814,4.1016869971386045,0.65,2.0,0.002,4,2.174309751314901,8.697239005259604,19.568787761834116,34.788956021038416,0.0566441234860372,0.029506683038059,2.1743097513148837,241.46990134584587,1.2937800224072067,1.8864317720408355,0.8864317720408355
2.967228427673453,0.0268675784713973,0.0178939532409507,207977175480.96304,7669.553744170976,0.0295867128181593,0.2180556347726637,5.910668166041601,0.65,2.0,0.002,4,4.799062216135073,19.19624886454029,43.19155994521566,76.78499545816116,0.0002574568477851,0.0001171594085279,4.7990622161350585,4973.915488455304,5.470485921301535,1.2316298267959898,0.23162982679598976
1.0533439992925206,0.0203193789224252,0.0109933156249909,215370134619.0151,7927.904831687171,0.0460420609212362,5.3844449613561,23.59831049492593,0.65,2.0,0.002,4,23.41698758547583,93.66795034190332,210.7528882692825,374.6718013676133,0.0016934675062944,0.0011334816967664,23.416987585475752,20191.081062461308,0.9326909961452124,1.0077432209752992,0.007743220975299225
1.4004126061858424,0.0474611347735288,0.0177457972384798,212038209688.75195,7665.219413796532,0.0353039440158077,8.582688923157711,36.15955797569031,0.65,2.0,0.002,4,21.580301843469343,86.32120737387739,194.22271659122413,345.28482949550954,0.0001096360732682,3.43313388410371e-05,21.58030184346925,83111.09533153493,4.520476746197722,1.6755816595138644,0.6755816595138644
2.9078898507125173,0.0489859042733264,0.0141211453416488,184844276349.9838,7844.014035252605,0.0299895211943808,9.326100344953025,3.4634305180921623,0.65,2.0,0.002,4,3.676013488813484,14.704053955253936,33.084121399321354,58.81621582101574,0.0351844154246668,0.0192102079380007,3.6760134888134646,4208.635362152232,7.88909835565953,0.9421702419296837,0.05782975807031632
1.6991771916640963,0.0202779394485895,0.0193058870627416,189479534533.09875,7877.648192838401,0.0071322591988189,7.507703854837139,8.864643870408218,0.65,2.0,0.002,4,14.870464664000028,59.481858656000114,133.83418197600025,237.92743462400043,0.0007664333070644,0.0003673872582173,14.870464663999996,22873.23829451943,2.620105864108735,0.5961242012745366,0.4038757987254634
2.802725407052689,0.0468358139343635,0.0167201943600787,192572466749.1128,7644.309750804476,0.0449686250756114,1.7218880169181916,4.017702567789313,0.65,2.0,0.002,4,4.844371417163157,19.37748566865263,43.59934275446841,77.50994267461051,0.0015050384851939,0.0008070735483238,4.84437141716315,7772.179597889602,8.388961955452892,0.8293547752253209,0.17064522477467914
1.3902401109074496,0.0682502800641784,0.0103124686244909,199335961115.5174,7689.12792942555,0.0358740982026019,7.832230734768981,9.990078485784055,0.65,2.0,0.002,4,12.318747375726538,49.27498950290615,110.86872638153883,197.0999580116246,0.0011363560028317,0.0005712492055802,12.318747375726494,22537.03704079535,3.761871733405387,0.8109654481160179,0.1890345518839821
2.388462882330661,0.0306590991705282,0.0196128591116319,218231888904.58817,7689.839121969882,0.0341154388869219,6.714218875682299,1.7210227394711264,0.65,2.0,0.002,4,8.30488548315253,33.21954193261012,74.74396934837277,132.87816773044048,0.0006534688512057,0.0004510920519612,8.304885483152525,15036.026661238227,5.522122718888403,0.20723015903860822,0.7927698409613918
1.1202365272897343,0.0318602610908701,0.008507364862045,197083554777.13,7648.41053596457,0.0234441465039124,8.180326824352267,7.717641364064984,0.65,2.0,0.002,4,15.604305779812938,62.41722311925175,140.43875201831645,249.668892477007,0.000777523050895,0.0004417510222118,15.604305779812787,11162.049790211002,1.161168683607127,0.4945840893511109,0.5054159106488891
2.402810971304612,0.0436987521509758,0.0054819771164663,200880477796.3105,7657.744059036401,0.0075221740192052,3.5131203695651387,0.9794893275591042,0.65,2.0,0.002,4,2.2051884167516875,8.82075366700675,19.84669575076519,35.283014668027,0.0194325275931259,0.0108235694625744,2.20518841675167,423.1047036730671,2.203924493745093,0.44417489232141477,0.5558251076785852
2.0871351376371465,0.0666529544830275,0.0175641421469436,190605130811.80725,7846.439269264845,0.0300699669866352,2.350440801283191,9.748217614422783,0.65,2.0,0.002,4,9.011270833688355,36.04508333475342,81.10143750319521,144.18033333901369,0.0006850097234558,0.0003678220572869,9.011270833688346,30730.62278010078,9.586046685459259,1.0817805606262976,0.08178056062629757
2.793510743181397,0.048533670393976,0.0059049622786133,212888541843.7523,7859.273491866854,0.0401790671408275,4.338881648737845,2.407757268610212,0.65,2.0,0.002,4,1.7857910111321202,7.143164044528481,16.07211910018908,28.572656178113924,0.041101272866943,0.0193769478989121,1.785791011132112,396.0810075243745,3.1460311336210665,1.3482861396439672,0.34828613964396715
2.082200919146492,0.077851176803916,0.0139684186929088,206904081618.6675,7916.512011441889,0.0139875611842054,5.645901846393953,9.751774168207156,0.65,2.0,0.002,4,7.468765467784516,29.875061871138065,67.21888921006065,119.50024748455226,0.0010104537094991,0.0004293634872609,7.4687654677844675,19737.689835218072,8.962701636203226,1.3056741720261729,0.30567417202617286
1.9506643537238235,0.0797100071232462,0.0145627341950918,192324262536.3436,7917.483645359629,0.0117844833664771,9.364292819339196,6.950647067324933,0.65,2.0,0.002,4,8.553237503493655,34.21295001397462,76.9791375314429,136.85180005589848,0.0019523805846969,0.0009176702931403,8.553237503493616,25889.06092141853,8.963868930722954,0.8126334694302484,0.1873665305697516
1.3498298361465142,0.0420066619227014,0.009391441851626,216792747535.11368,7995.458573980433,0.0240080315620709,2.0912348573883475,13.34605218414424,0.65,2.0,0.002,4,12.170380798667937,48.68152319467175,109.53342718801144,194.726092778687,0.0009373921324299,0.0004617616638185,12.170380798667829,12448.325088577416,2.128839160463882,1.0966010353271034,0.0966010353271034
2.697734362118723,0.0526321873929291,0.0116220591849935,187577874394.42838,7661.356170047272,0.0244386192367331,4.614148332372406,5.446090123970496,0.65,2.0,0.002,4,3.583042404161316,14.332169616645263,32.247381637451845,57.32867846658105,0.0037966189276458,0.0016717832003325,3.583042404161298,3203.85590965794,6.321342814224032,1.5199625094153166,0.5199625094153166
1.7352904857272398,0.0569349203695617,0.0115119058912512,215122794219.81607,7887.405290676245,0.0099724992414605,8.016071518221587,7.310654040816654,0.65,2.0,0.002,4,9.053327890599082,36.21331156239633,81.47995101539175,144.8532462495853,0.0026048244690761,0.0012290612746688,9.053327890599071,14513.713032843538,4.48541153508389,0.807510136511017,0.192489863488983
2.3477536458567214,0.0580680056695448,0.0054101436165574,200452926232.2714,7614.479875070175,0.0354813469886423,9.36450247320986,4.186921568875408,0.65,2.0,0.002,4,2.283594978464339,9.134379913857355,20.552354806179046,36.53751965542942,0.0225519043635269,0.0101691881673371,2.2835949784643206,578.1045280875895,2.8080735297979063,1.8334781817093688,0.8334781817093688
1.5077821758447714,0.0338061892434403,0.0197804684325233,208243943295.7104,7847.114374555422,0.0052243234382512,1.924669020689588,27.3156026870322,0.65,2.0,0.002,4,20.324497374038984,81.29798949615594,182.92047636635087,325.19195798462374,7.056351149386394e-05,2.8563770911346408e-05,20.32449737403895,64513.521351277,3.955955361621336,1.3439743273515432,0.3439743273515432
2.6414233682234864,0.0318054836551364,0.0167905447646876,208206497086.2386,7987.525489705263,0.0484510685717536,2.816665184092024,8.800527149658615,0.65,2.0,0.002,4,5.571331752341713,22.285327009366853,50.14198577107543,89.14130803746741,0.0009052464311893,0.0003354243808909,5.5713317523416945,6903.428713741812,5.633613755491358,1.5796092462021585,0.5796092462021585
2.969299067235287,0.0416921647183519,0.0171973901873016,192735964713.1384,7919.685408896596,0.0320330263488189,2.2419213827314746,4.124360551836101,0.65,2.0,0.002,4,4.363262393723431,17.453049574893726,39.26936154351088,69.8121982995749,0.0057197276046535,0.0032232925832975,4.363262393723407,6336.234842484864,8.430413305751394,0.9452469688206309,0.05475303117936914
2.1977167402007054,0.0449410045487857,0.0138353123136532,182472478442.86865,7928.850909561643,0.0147490491003951,8.065005462547676,7.23985839933335,0.65,2.0,0.002,4,6.231152042547611,24.92460817019044,56.08036838292849,99.69843268076175,0.0064593518181847,0.0029906810189759,6.231152042547583,8303.862488083314,5.417310335557682,1.1618811978745043,0.16188119787450428
2.8310350158577053,0.0610274438292113,0.0096846363566962,215430383686.422,7839.452147272376,0.0379921316911306,3.915877841930021,2.6091888848645186,0.65,2.0,0.002,4,2.872319264325246,11.489277057300985,25.85087337892721,45.95710822920394,0.0198536627783658,0.0111164605976489,2.8723192643252187,2136.1641164287976,6.5585745091692,0.9083909707639982,0.09160902923600178
1.5059907733848596,0.05091046587579,0.0118401565727597,214479406042.22244,7855.697896738907,0.0229393467616027,3.918893979245898,14.65682736221973,0.65,2.0,0.002,4,12.369225001008235,49.47690000403294,111.32302500907412,197.90760001613177,0.0006872518884942,0.0002943215646451,12.369225001008223,21537.055224967553,3.565673766142268,1.1849430632092992,0.1849430632092992
1.91203871802206,0.0688292468553772,0.0060119523076414,217126791002.69125,7686.939344728723,0.0275327641775897,7.372234738082945,1.6735824004778035,0.65,2.0,0.002,4,3.963066828962996,15.852267315851984,35.667601460666965,63.409069263407936,0.0067783051034336,0.0037986745833005,3.963066828962954,1885.520304218011,3.0409458377032315,0.4222947713742548,0.5777052286257451
2.418269321043636,0.0720633909473188,0.0075648873166459,207997378053.89453,7737.377316666295,0.0444037464649581,5.379977483621893,4.800547516862305,0.65,2.0,0.002,4,3.0412661416350897,12.16506456654036,27.371395274715805,48.66025826616144,0.0059474674808191,0.0024342144019034,3.041266141635074,1862.3195167654187,5.100181175231203,1.5784700494121797,0.5784700494121797
1.9228146229350969,0.0230577379326659,0.0127907975595781,204214935398.94632,7890.947268791225,0.0475714940190599,0.9165235528591836,2.1011447940492887,0.65,2.0,0.002,4,7.980520672805654,31.922082691222617,71.8246860552509,127.68833076489048,0.0002224951382547,0.00013448541114,7.980520672805643,5625.654761589931,2.237437362666977,0.2632841740776554,0.7367158259223445
1.3437835907540483,0.0431511657406478,0.0196003110886105,203309238267.2392,7771.752607968218,0.0304671602850669,6.723857898729075,24.7439558508598,0.65,2.0,0.002,4,25.17402297051206,100.69609188204824,226.56620673460853,402.78436752819294,0.0006801182031938,0.0004500381058219,25.174022970512013,110494.02336359414,4.416454927952673,0.9829162339227234,0.017083766077276574
2.8372432782713304,0.0537449520993356,0.0122029998331947,182610314330.8139,7610.02089637498,0.0479036631657965,4.791125716798924,5.439928013301367,0.65,2.0,0.002,4,3.36722731001125,13.468909240045,30.305045790101257,53.87563696018,0.0034307602160599,0.0013541074587038,3.3672273100112355,3169.2851949165993,7.080382417238618,1.6155511679082977,0.6155511679082977
2.1313268139009374,0.0553916060166664,0.0122120049005552,199293674629.98743,7961.058178169925,0.0236217280749417,1.9949814879411236,5.827939745479447,0.65,2.0,0.002,4,6.099264747600346,24.397058990401383,54.89338272840312,97.58823596160552,0.0035265490098178,0.0020337899131064,6.099264747600323,8428.2320547143,5.738809094843848,0.9555151295526849,0.044484870447315084
1.97814446604446,0.0453141782227365,0.0133636008365858,209145314209.8709,7741.19690899323,0.0231982562499775,2.7965754813055232,6.531621082070877,0.65,2.0,0.002,4,8.04927472647372,32.19709890589488,72.44347253826348,128.78839562357953,0.001184127536409,0.0005767332000419,8.049274726473676,11859.515995612157,4.636536977468092,0.811454609766106,0.18854539023389405
1.133283671505458,0.0638306066930089,0.0111124663756967,194055290758.56015,7874.52789282508,0.0088143507796925,8.611178143995364,31.080096796873537,0.65,2.0,0.002,4,19.476590451517104,77.90636180606842,175.28931406365393,311.62544722427367,0.0001888189964307,6.712539670443972e-05,19.47659045151703,47397.80114970167,3.164991832625477,1.595766819364049,0.5957668193640491
2.904030813660367,0.0348491364718157,0.0068488417625091,180924247272.7344,7777.698939578155,0.0095367598428159,7.77887003946309,0.5853562750754111,0.65,2.0,0.002,4,1.7760973606585106,7.104389442634043,15.984876245926596,28.41755777053617,0.056279059858329,0.0300482605594985,1.7760973606584907,335.67947004971654,2.6954514038773913,0.329574429894085,0.670425570105915
2.9286481737697256,0.0383755736562108,0.0053529216473491,190196036152.1028,7668.48197689737,0.0278072134797897,1.2158890566458145,1.8701051516552205,0.65,2.0,0.002,4,1.4093918862734651,5.637567545093861,12.68452697646119,22.55027018037545,0.0292377934077355,0.0154438447587204,1.4093918862734494,180.8904525005044,2.3067066862880092,1.3268879790417523,0.32688797904175226
2.705553286504279,0.065085070984331,0.0144231988955625,216304983100.77933,7807.8947210937,0.0335010578384161,4.175043448285497,3.711781563685505,0.65,2.0,0.002,4,4.702674834417529,18.810699337670115,42.32407350975776,75.24279735068046,0.0028856594827857,0.0014695176643452,4.702674834417509,8656.705800742144,9.915235194504474,0.7892915615853462,0.2107084384146538
2.720563772437882,0.0392238322158384,0.0104113802977738,182210816380.0491,7742.947849400822,0.016916322979471,6.143802166683706,1.7627949817570772,0.65,2.0,0.002,4,3.09423755548098,12.37695022192392,27.848137999328824,49.50780088769568,0.0127695114792908,0.006649321828617,3.0942375554809787,1625.7756871788642,4.301239069076389,0.5697025358103323,0.43029746418966774
1.2202241466874713,0.0381633588079258,0.0089096768064497,214210466375.10837,7693.298141722721,0.0186820147613342,5.23600767752781,4.825311622546995,0.65,2.0,0.002,4,14.317791591416205,57.27116636566482,128.86012432274586,229.08466546265927,0.0004137469222962,0.0002245920563477,14.317791591416071,12916.431150125043,1.5959920491244348,0.33701507608477194,0.6629849239152281
1.5215191586839378,0.0566944602395983,0.0137339392508422,215446669192.303,7804.147376177351,0.0409895319553814,7.346870106648194,19.763534684474894,0.65,2.0,0.002,4,14.134377510050893,56.53751004020357,127.20939759045804,226.15004016081429,0.0003641695078992,0.0001359481785409,14.134377510050815,36460.42683914997,4.622837619304093,1.3982599990994469,0.39825999909944687
1.8131292656369755,0.0239930769362265,0.0062343563864019,218014256020.05017,7661.904787995511,0.0164228047291889,5.785519769520316,2.462307288945725,0.65,2.0,0.002,4,4.587091618793743,18.348366475174974,41.28382456914369,73.3934659006999,0.0134857553442521,0.0072622599325535,4.58709161879372,863.0732580198029,1.0389941319376552,0.5367905186060453,0.4632094813939547
1.5074544799662992,0.0362097097239876,0.0171647968223181,216912947033.1506,7814.455898401944,0.0058574294125953,3.618805337303017,10.88319017377056,0.65,2.0,0.002,4,18.0456642447667,72.1826569790668,162.41097820290034,288.7306279162672,0.0001624339787361,7.742061246110576e-05,18.0456642447667,47063.27531639191,3.660805590977746,0.6030916915084862,0.3969083084915138
2.601445942922262,0.0677696965423671,0.005500643383324,192091488618.836,7769.140385387887,0.0313511906049909,1.5803173872655207,1.4725555618605777,0.65,2.0,0.002,4,1.832654968492208,7.330619873968832,16.49389471642987,29.322479495875328,0.0193937216246272,0.0110785095948814,1.8326549684921971,499.49134107182164,3.7670970594979702,0.8035094369520693,0.19649056304793067
2.7711940411359173,0.0485928508048189,0.0161621483906515,199391140259.8536,7785.993030560186,0.0329866486287576,2.667708670677214,3.1373695554746472,0.65,2.0,0.002,4,4.829369045148592,19.31747618059437,43.464321406337326,77.26990472237748,0.0013558697928792,0.0006844214833387,4.829369045148564,7801.2275326902845,8.472711524107977,0.6496437787512538,0.3503562212487462
1.3182354941809455,0.0788146775165568,0.0083828518742462,196867542191.3437,7823.425626707162,0.0104128571820241,8.186518668043103,7.619993044353967,0.65,2.0,0.002,4,10.97295566772364,43.89182267089456,98.75660100951276,175.56729068357825,0.0011709378489172,0.0005567113141541,10.972955667723546,16194.43664091568,3.406895862413787,0.6944339588254997,0.30556604117450026
2.4791611745787536,0.0653643012411001,0.0179542583679276,181246570538.3771,7992.399224135913,0.0485067051414922,0.4519158884704625,4.818792147951615,0.65,2.0,0.002,4,6.307881340852313,25.23152536340925,56.77093206767082,100.926101453637,0.0001139570758103,5.952807065250163e-05,6.307881340852311,18263.617185475083,11.626795359330048,0.7639319586979592,0.23606804130204084
2.0218959049041585,0.0727043608440576,0.0086907539852337,211898666571.95676,7875.803089188917,0.0176570541396813,4.274688970647899,1.621186542968751,0.65,2.0,0.002,4,5.00018199759045,20.0007279903618,45.00163797831405,80.0029119614472,0.0014305096202409,0.000797252163304,5.0001819975904445,4965.613630193453,5.030852257356274,0.3242255069415454,0.6757744930584546
2.037102452325964,0.0752499977435054,0.0051272129678359,182245741627.05655,7766.817973034029,0.0354184658039778,4.813394541793797,4.927301174406608,0.65,2.0,0.002,4,2.713888489417756,10.855553957671024,24.424996404759806,43.422215830684095,0.0067458476940684,0.0028892587033438,2.7138884894177204,887.477979344225,3.0522060657862253,1.8155871892377522,0.8155871892377522
2.2077205375044686,0.0680553146243147,0.0063544166705609,218352675571.612,7956.754721000527,0.0483358475257796,8.102650239412883,2.2599980064377485,0.65,2.0,0.002,4,3.09690598350465,12.3876239340186,27.872153851541853,49.5504957360744,0.0211987303852753,0.0111594546934019,3.0969059835046195,1438.1480163021472,3.7982872662655507,0.7297599663907839,0.2702400336092161
1.3046153494611674,0.0483383504637107,0.0160337076140912,200055768343.19293,7919.939928957672,0.0396404794047711,2.115720409877217,9.424399117248091,0.65,2.0,0.002,4,21.469050678567324,85.8762027142693,193.2214561071059,343.5048108570772,3.418872375786392e-05,1.890387349321139e-05,21.469050678567232,72859.3983501164,4.004056173227872,0.43897605247429794,0.5610239475257021
2.243425362149653,0.0540372143356845,0.0150319667827004,206842254845.07184,7983.786988106612,0.0205938143792032,3.0676925251842104,8.590662169622316,0.65,2.0,0.002,4,6.893455429148729,27.57382171659492,62.04109886233856,110.29528686637968,0.0010061132989446,0.0004310168865091,6.893455429148695,13646.868649547325,7.27443606028004,1.2462055144792918,0.24620551447929184
1.6945811625937923,0.0255057251093693,0.0142662982373294,181061814276.03857,7798.484167453329,0.0118766539705757,6.755951018063921,20.32070821756861,0.65,2.0,0.002,4,10.854857849245317,43.41943139698127,97.69372064320784,173.67772558792507,0.0006123475854933,0.0002342825371138,10.854857849245297,11184.061965145089,2.4043160021171044,1.8720381694341064,0.8720381694341064
1.1892795364987774,0.0299637579448383,0.0158467070321807,195563868460.8832,7685.815589024058,0.0303202584758685,7.5798414704869295,17.00000956967686,0.65,2.0,0.002,4,25.627115150089114,102.50846060035646,230.64403635080205,410.0338424014258,0.0002350122015011,0.0001155782763202,25.62711515008896,56265.00953510697,2.1700973642069648,0.6633602522216725,0.3366397477783275
2.8702798806141034,0.061626953694164,0.0136315148037586,213616784859.9105,7864.074900012746,0.0415015451962592,6.605854321716177,6.865310267876116,0.65,2.0,0.002,4,3.9103780504044896,15.641512201617958,35.19340245364041,62.56604880647184,0.0021864590159003,0.0008416834466006,3.9103780504044625,5723.39792890302,9.48105601341391,1.7556640763074085,0.7556640763074085
2.467897388630366,0.0576074982136699,0.0185204301216522,181585658609.6548,7902.95114496482,0.0344604906463685,8.49738623130474,10.576793178390076,0.65,2.0,0.002,4,6.609555442389217,26.43822176955687,59.48599898150296,105.75288707822747,0.000991511619091,0.0003600610186658,6.609555442389197,17944.060304231036,10.404386660397043,1.6002276205382457,0.6002276205382457
2.2694366400011816,0.0532147640394797,0.0133881074111812,192158003922.5045,7612.327133827176,0.0246522825154563,2.224388260913339,5.539336005672272,0.65,2.0,0.002,4,5.922196797688984,23.68878719075593,53.29977117920086,94.75514876302374,0.0032886010135893,0.0019056449015394,5.922196797688983,8520.836770402711,6.153990746018397,0.9353515587043453,0.06464844129565472
1.922417771675148,0.0454866154889273,0.0057712873183539,206890577248.9378,7741.335078027387,0.0404358743584176,8.337988745291662,6.143509488884622,0.65,2.0,0.002,4,3.6607395157774594,14.642958063109836,32.94665564199714,58.57183225243935,0.0115570303832478,0.0045088043069495,3.660739515777432,1033.4449646624983,1.9533945079264416,1.6782154158761344,0.6782154158761344
1.6283097761566847,0.028477356025226,0.0090040047340659,214387212049.67947,7840.966784861364,0.0220094902938755,7.9200692191823165,2.5446306316501923,0.65,2.0,0.002,4,8.052032872953193,32.20813149181277,72.46829585657875,128.8325259672511,0.0024841289173445,0.0013755078018271,8.052032872953168,4189.699197089149,1.636861855728147,0.31602337841883676,0.6839766215811632
2.3962415679572744,0.0702788131193229,0.0056022694932059,188071284428.7622,7649.969471722257,0.0277038945586843,7.477362470455561,2.926349677065983,0.65,2.0,0.002,4,2.193630366076126,8.774521464304504,19.742673294685133,35.09808585721802,0.0382368197815474,0.0184547844928859,2.193630366076088,685.5440318357654,3.6086828770345107,1.3340213202375408,0.33402132023754083
2.997659274667317,0.0568109890837899,0.018346691998098,216344329862.22568,7916.580595123049,0.0257419125982899,0.9034246041966032,1.1056497970803398,0.65,2.0,0.002,4,4.839789004534252,19.359156018137007,43.55810104080827,77.43662407254803,0.0001605851760899,9.991816019251068e-05,4.839789004534243,11436.486561254987,12.367446210220178,0.22844999979224137,0.7715500002077587
1.044921890881804,0.0241026467220944,0.0169102564766403,195057794167.6388,7867.372750983619,0.0382631732169421,4.279623357498382,16.018678850082548,0.65,2.0,0.002,4,34.96862727097456,139.87450908389823,314.71764543877106,559.4980363355929,5.057883227755846e-05,2.8078241560095885e-05,34.968627270974366,80875.20484988921,1.6753227616618651,0.4580871512614056,0.5419128487385945
1.489975188597709,0.0492264948103394,0.0108052381968104,209181161493.96423,7984.846442596352,0.0316281841005961,5.952357150675459,9.677490936197836,0.65,2.0,0.002,4,11.296230014389485,45.18492005755794,101.66607012950536,180.73968023023176,0.0016703707940351,0.0008473745473458,11.296230014389387,15939.53537640614,3.1640902857122843,0.8567009457022772,0.14329905429772283
1.1721130056326814,0.0682062309452909,0.0061709938293451,190487239426.9904,7920.499923706709,0.0458411005556746,7.699755376761002,17.997423318017834,0.65,2.0,0.002,4,9.98854069573079,39.95416278292316,89.89686626157712,159.81665113169265,0.0007112796955152,0.0002365786729478,9.988540695730666,7695.468594298565,1.953760147448781,1.8018070773551886,0.8018070773551886
1.6644890308041758,0.0501366747085359,0.0149263901189295,180962019026.93085,7800.616364839958,0.0379577944964743,1.9634311817736951,11.752762834805516,0.65,2.0,0.002,4,11.766611757219929,47.06644702887971,105.89950581497936,188.26578811551883,0.0009159087738904,0.0005578160771911,11.766611757219898,26555.394694141334,4.858365408928773,0.998823032262802,0.001176967737197998
1.856168728379604,0.0307708640472807,0.0114321703561612,185460813548.93585,7735.189223090338,0.0139519227568011,8.179408540552773,11.145662435525407,0.65,2.0,0.002,4,7.367389780574797,29.469559122299188,66.30650802517317,117.87823648919677,0.0028540427967009,0.0011801883358353,7.367389780574787,5411.451973129774,2.5253802345185234,1.5128373504701211,0.5128373504701211
2.7607398953443583,0.0679471757874781,0.0080832521924389,208657852328.1484,7949.825884551051,0.0371418762231688,1.4779248037449793,2.8826720899292217,0.65,2.0,0.002,4,2.4637858588352315,9.855143435340926,22.17407272951708,39.4205737413637,0.0068175681326683,0.0037617883536625,2.4637858588352133,1444.3628331358943,6.027131282425942,1.1700173047068476,0.17001730470684762
2.4845949138341767,0.0406926450454808,0.0160970037489025,213062802272.40228,7738.851563816433,0.0143580949961469,8.890011222779897,8.172344326997743,0.65,2.0,0.002,4,6.204098359921976,24.816393439687904,55.836885239297786,99.2655737587516,0.0037412079998735,0.0016417912810854,6.2040983599219635,9569.299866460498,6.297426077738329,1.3172493169661057,0.3172493169661057
1.991427858984344,0.0337621078549686,0.0133946780198106,196026233856.0332,7958.736527311779,0.0467563667995962,7.159306454463801,4.471251351771388,0.65,2.0,0.002,4,7.6009418495850944,30.403767398340374,68.40847664626585,121.61506959336153,0.0021124258713656,0.0010862969993747,7.6009418495850385,8174.0087559611375,3.583773401621222,0.5882496459324299,0.4117503540675701
2.483308608736851,0.0577234152200694,0.0058976972410679,191663614853.94604,7686.442720149008,0.0232328952859482,2.063698081084941,1.504356017064801,0.65,2.0,0.002,4,2.165496469125279,8.661985876501117,19.48946822212751,34.64794350600447,0.0141977244969315,0.0071861247285416,2.165496469125253,601.499516682473,3.2490813562087686,0.6946933594735816,0.3053066405264184
2.19589745802677,0.0461806958831578,0.0186812992753228,209888883915.15823,7766.734364191729,0.0273524059865634,1.074473387930316,15.153863007478185,0.65,2.0,0.002,4,9.13245862252903,36.52983449011612,82.19212760276127,146.1193379604645,7.742939688377035e-05,2.6703267322958493e-05,9.132458622529022,24222.737677585654,7.356784979660675,1.6593409982821992,0.6593409982821992
2.4463211881097013,0.070184271976244,0.0111371049765406,196918691018.4891,7798.676853782061,0.0304859020271586,1.1723944749551276,3.234344042888177,0.65,2.0,0.002,4,4.240407764363214,16.961631057452855,38.16366987926892,67.84652422981142,0.0010819239462599,0.0005560674469151,4.240407764363213,5292.873297855752,7.456182322070935,0.7627436375505935,0.2372563624494065
2.424544540650953,0.0704114557844765,0.0155808037742538,211095959754.53244,7839.628479743765,0.0102676587674731,0.3121601173644041,7.1946524160380125,0.65,2.0,0.002,4,6.236644627589604,24.94657851035841,56.12980164830643,99.78631404143366,0.0001565142888864,7.449973092196238e-05,6.236644627589567,16009.971825957075,10.42626681940971,1.1536094880587593,0.1536094880587593
2.735059492712585,0.030364092279444,0.016996812569537,198004847869.65317,7771.457564997298,0.0212802957877943,3.917184047339588,5.907454751203025,0.65,2.0,0.002,4,5.200556943958971,20.802227775835885,46.80501249563075,83.20891110334354,0.0060329715684644,0.0029216628772627,5.200556943958951,5856.342913791703,5.4848789810886,1.1359273275654096,0.1359273275654096
1.4688757726439792,0.0627451608291704,0.0144107408734902,201474125133.28204,7798.107416167979,0.0225130102622107,8.877022164271574,28.91695876023144,0.65,2.0,0.002,4,15.394318239562782,61.57727295825113,138.54886415606504,246.3090918330045,0.0001527589130112,5.064930841825735e-05,15.394318239562725,48449.74418331598,5.1785816847825155,1.8784176285193404,0.8784176285193404
2.108071777251185,0.0310323237360549,0.0122851510348598,185052905963.55524,7642.068659487031,0.0463989616028835,5.491809003692459,3.9974689326003454,0.65,2.0,0.002,4,6.168526761513029,24.674107046052114,55.516740853617264,98.69642818420846,0.0034528490144345,0.0017682635661843,6.168526761513016,4613.003393574176,3.0708678732660717,0.648042731619737,0.351957268380263
1.840985083126886,0.0377974645197886,0.0059309760893911,181672167094.5528,7638.056224456147,0.005226477296545,3.338190796118809,2.936603009594524,0.65,2.0,0.002,4,3.869970557485405,15.479882229941618,34.82973501736864,61.91952891976647,0.014846167183582,0.0077027110146321,3.869970557485402,931.8950924935891,1.5761297481818486,0.7588179201814512,0.24118207981854878
2.882673288320931,0.0433914445696846,0.0159879716708112,209022568328.4376,7707.443144273974,0.0464260792592812,7.8138502329256285,7.993665789471972,0.65,2.0,0.002,4,4.543318690629977,18.17327476251991,40.8898682156698,72.69309905007964,0.0023214900439075,0.0008616335644367,4.543318690629964,6280.285343147095,7.706784880205542,1.7594332103442192,0.7594332103442192
1.5781631110009415,0.0285843270435758,0.0131719619753866,210129090823.4593,7932.056542482584,0.0262443700900914,7.139616967144829,20.983237208563384,0.65,2.0,0.002,4,12.34315370107442,49.37261480429768,111.08838330966978,197.49045921719076,0.0005958786300151,0.0001962250538811,12.343153701074344,14174.186558039202,2.356601413513487,1.6999899471993944,0.6999899471993944
2.3674926214062806,0.0493690155113462,0.0161535030666568,213938877789.8701,7604.273860853069,0.0445428725546693,2.727804658359008,13.481406175326242,0.65,2.0,0.002,4,6.93161904486858,27.72647617947432,62.384571403817226,110.90590471789729,0.0002277452593219,8.32813523223674e-05,6.9316190448685795,13616.537369462982,7.178563939283031,1.9449144691969789,0.9449144691969789
2.4288037299581697,0.0313432288591025,0.0130531217923151,210569574368.136,7978.811465097349,0.0130335194358964,3.1128648209079235,4.262840828773213,0.65,2.0,0.002,4,5.1545114656087065,20.618045862434823,46.39060319047836,82.4721834497393,0.0053840933991368,0.0026961358388591,5.15451146560869,4158.086400783221,3.964229167227393,0.8270116105503357,0.17298838944966433
1.6434295918810655,0.077039927174256,0.0055234169269277,207896183248.83887,7980.151997195353,0.0404666883392157,8.293203162509052,3.4954185849820165,0.65,2.0,0.002,4,4.73317488676999,18.93269954707996,42.59857398092991,75.73079818831984,0.0099486650427657,0.0050520703552294,4.733174886769955,2467.861600001033,2.7903325194587594,0.7384934359286655,0.26150656407133455
1.3888582902457605,0.0474565714509899,0.0156774754969266,199394003416.1378,7960.604389964924,0.044516680331004,5.079210596568964,35.58965820959104,0.65,2.0,0.002,4,18.444740069552203,73.77896027820881,166.00266062596984,295.11584111283526,6.284462416015597e-05,2.0421561877756256e-05,18.44474006955214,55239.696866506296,4.112884098734927,1.9295288562152777,0.9295288562152777
2.33135839630826,0.0610534185827327,0.0090564283500472,180792923289.48508,7978.276227897008,0.0389878882906627,2.0909329111872044,4.381494268900655,0.65,2.0,0.002,4,3.596700742430365,14.38680296972146,32.37030668187329,57.54721187888584,0.0036418350990649,0.0017821112394933,3.5967007424303326,2626.1734292715346,5.142272145059588,1.2181981717889678,0.21819817178896783
1.3183739827029577,0.077711814094617,0.0083588930367582,196244368264.03137,7676.081905671896,0.0366414283575116,4.417674589962457,10.415105483580334,0.65,2.0,0.002,4,11.026294180323498,44.105176721294,99.2366476229115,176.42070688517595,0.0018687287020847,0.0011354744899323,11.026294180323402,15776.219154108907,3.2868814730201965,0.9445698902325911,0.05543010976740892
2.186950435353923,0.0382137187666874,0.0121586016419176,212025178501.2306,7714.81119906825,0.0064890810630795,0.8661863357411772,2.01875738980457,0.65,2.0,0.002,4,6.043187519588559,24.172750078354238,54.38868767629703,96.69100031341694,0.0002832169286171,0.0001557977985552,6.043187519588529,5651.048799128094,3.919558761831753,0.33405506336861507,0.665944936631385
1.7209785838366505,0.0619311705670304,0.0176790648679461,219714411073.1984,7770.97284058104,0.0253941956254298,7.683999357108025,11.2001848333482,0.65,2.0,0.002,4,14.392266346174573,57.56906538469829,129.53039711557113,230.27626153879316,0.0004870824710011,0.000230393254796,14.392266346174546,59869.7646951197,7.321320843441048,0.7782085575650287,0.2217914424349713
1.0025798889126445,0.0516975493762614,0.0061041784072457,219061720538.12256,7602.200469615919,0.037316733642439,2.509508488283585,28.70056306628322,0.65,2.0,0.002,4,14.781962057356813,59.12784822942725,133.0376585162113,236.511392917709,0.0001189296267792,3.962173933215038e-05,14.781962057356798,10374.075129324849,1.2026118690361174,1.9415936094897028,0.9415936094897028
2.982844183067355,0.0755232798179949,0.0070762758463559,188162580643.16693,7642.72575449641,0.0140602009333433,2.973352024367692,3.055865154485489,0.65,2.0,0.002,4,1.7894326851679434,7.157730740671774,16.10489416651149,28.63092296268709,0.0088440298114612,0.0042507082284082,1.789432685167925,770.0606158883197,6.091643006561401,1.707728477195396,0.707728477195396
1.966547190434426,0.0421528719802955,0.0100187863840081,219686251747.61115,7888.346684548243,0.0165100063595003,7.549173372923625,2.6856930070593017,0.65,2.0,0.002,4,6.199320233158186,24.797280932632745,55.79388209842368,99.18912373053098,0.002767661883624,0.0015301323817941,6.199320233158125,4969.932964349045,3.2756889247544136,0.43322379003659356,0.5667762099634064
1.0687145679371994,0.0740677597779568,0.0154545152147248,198534439775.60056,7824.34592885961,0.0164340941470552,4.0965118061177614,23.97458955518981,0.65,2.0,0.002,4,30.906874409121947,123.6274976364878,278.1618696820975,494.5099905459512,5.522189149618631e-05,2.4923040380227413e-05,30.906874409121908,180482.16176998493,4.785908295914265,0.7757041115782937,0.22429588842170634
1.473403989053207,0.0516581816362689,0.006010614576995,217258477172.3556,7649.537472777349,0.0139091335887608,7.676680116992502,2.505569072870514,0.65,2.0,0.002,4,6.690756566433186,26.763026265732744,60.21680909789868,107.05210506293098,0.0032260059085645,0.0017462173083964,6.690756566433082,3092.3967776054164,1.749786322045914,0.3744821752207705,0.6255178247792295
1.835184174658039,0.0559688753623575,0.0190319855654882,190575286964.30545,7636.774372026682,0.0481113442326686,5.642313068936474,24.81424492756784,0.65,2.0,0.002,4,12.800659753269514,51.202639013078056,115.20593777942564,204.81055605231225,0.0001031356522533,3.4715805431942965e-05,12.800659753269459,48285.278882873856,7.4643208554748,1.9385129677577715,0.9385129677577715
1.093050393110918,0.0667629413060624,0.009568729351292,193226361623.1311,7963.093735532784,0.030891662462202,4.063461518903539,34.186685526886336,0.65,2.0,0.002,4,17.889385776554477,71.5575431062179,161.0044719889903,286.2301724248716,6.674369245096486e-05,2.150672332673404e-05,17.88938577655444,35126.2950856121,2.7802365575302854,1.9110038742465316,0.9110038742465316
1.1816441106371152,0.0679024393495117,0.012742814404036,189814122453.9812,7935.4628575968145,0.0279336948936619,3.5729104788554364,24.738942425075297,0.65,2.0,0.002,4,20.23948004991208,80.95792019964831,182.15532044920872,323.83168079859325,0.0001336449732653,5.4294222261346296e-05,20.23948004991198,65605.18066333851,4.056763559193726,1.2223111643217774,0.22231116432177744
1.2919965935170463,0.0310205630012891,0.0177059397387452,189994218326.0142,7687.473244874483,0.0051606554438116,7.763349717648285,36.56553608674847,0.65,2.0,0.002,4,23.911338224571097,95.6453528982844,215.2020440211399,382.5814115931376,0.0001643598565996,6.395493591749688e-05,23.911338224571047,61567.44761686714,2.727618627638001,1.5292132854853813,0.5292132854853813
1.2485503829044686,0.047540546865674,0.0144379689195897,213084732439.4297,7784.535043352743,0.0486824122213335,5.998984175806661,28.299451521442087,0.65,2.0,0.002,4,21.972680459993995,87.89072183997598,197.754124139946,351.5628873599039,0.0001751083737703,7.244097113800876e-05,21.972680459993907,63577.70501396789,3.335638902978052,1.2879380634951416,0.2879380634951416
1.4671164876815228,0.0277374981691852,0.0116364844748503,200565024251.1095,7658.056474311208,0.0101572473147397,3.965473666836948,7.762115329825026,0.65,2.0,0.002,4,12.545563433377009,50.182253733508034,112.91007090039308,200.7290149340321,0.0007416205091798,0.0003537160305333,12.54556343337699,11266.326315929076,1.8131855437977384,0.6187139677739953,0.38128603222600466
2.026939450950591,0.0315001082179668,0.0158122319241327,191971352195.8292,7783.810001900723,0.0455300530117425,3.7920776116116905,6.247654381451943,0.65,2.0,0.002,4,8.666883867733542,34.66753547093417,78.00195480960187,138.67014188373668,0.0011059903776154,0.0005573673811918,8.66688386773349,11651.824084000707,3.929237026724948,0.7208651317818788,0.27913486821812117
1.6939200507350598,0.0582924043147617,0.0101754198026392,195842357791.3462,7616.012505119706,0.0463074125730291,4.128171003157051,6.447244090503839,0.65,2.0,0.002,4,8.154273287398698,32.617093149594794,73.38845958658828,130.46837259837918,0.00144916625044,0.0007496650120774,8.15427328739868,10043.501012047385,3.826087217877883,0.7906583288626317,0.20934167113736835
1.253604521834509,0.0297538048017169,0.013160717163098,184095182019.31525,7985.735202080034,0.0337110532301942,0.7551229636316998,18.20125630995331,0.65,2.0,0.002,4,18.23272024813093,72.93088099252373,164.09448223317838,291.7235239700949,0.0003095678159884,0.0001964032581135,18.232720248130864,25723.50825010051,1.960051691899508,0.9982743146524841,0.0017256853475159373
1.6809479524160087,0.0594079947234983,0.0106370106204068,180816542942.30383,7806.783877955617,0.0448009560138815,8.877053233013555,16.30631019374586,0.65,2.0,0.002,4,8.215297902841218,32.86119161136487,73.93768112557098,131.4447664454595,0.0006301135102845,0.0002197066748862,8.215297902841172,11047.583255783378,4.146301831854048,1.9848714418629294,0.9848714418629294
1.7480921226850152,0.0421173892320089,0.0054757572921633,196951577217.1605,7763.341678167732,0.0151155995840632,2.548500408043698,5.121699906658579,0.65,2.0,0.002,4,4.09260842398326,16.37043369593304,36.83347581584934,65.48173478373216,0.0087371888778047,0.0040354829304529,4.092608423983248,1034.781790623905,1.5649074327475896,1.2514512447965247,0.2514512447965247
2.577079843945948,0.0384265412734791,0.0159645411674633,191442696174.0533,7857.786483346642,0.0252896063357611,9.273615411570963,10.587005790388517,0.65,2.0,0.002,4,5.380210105156258,21.52084042062503,48.42189094640632,86.08336168250013,0.0016356979564185,0.0006792275532304,5.3802101051562445,7098.1316120113015,6.211347676272193,1.9677680951980339,0.9677680951980339
2.620021505751492,0.0731398804299263,0.0089047360291537,197936317908.2251,7937.156600736688,0.0494904808138609,8.514327593168135,3.19966342562904,0.65,2.0,0.002,4,2.937452554112992,11.749810216451968,26.43707298701693,46.99924086580787,0.0315775729859597,0.0184266824215969,2.9374525541129684,2306.835165764654,6.771971245004491,1.0892647171948118,0.08926471719481177
2.350585363886756,0.0496877533416509,0.0143634622167334,213986400327.6886,7872.553444390483,0.0437805436111465,7.452616050555981,8.689530538541668,0.65,2.0,0.002,4,6.145703626081328,24.582814504325317,55.31133263473196,98.33125801730124,0.0020122885963565,0.0008057999131873,6.145703626081313,9846.301011909945,6.603438633493319,1.4139195553890345,0.41391955538903447
2.3674254259136878,0.0656376339266669,0.0094297026101712,191386017324.91235,7796.332626503274,0.0173097191086923,6.706223232560375,5.836656624635944,0.65,2.0,0.002,4,3.7799369676812304,15.119747870724922,34.01943270913108,60.47899148289969,0.0047547820260155,0.0020856018483877,3.7799369676812034,3221.932501635509,5.711991934071892,1.5441148025853015,0.5441148025853015
1.0745497759860774,0.0358514997941181,0.0058558837539794,206697159023.3785,7747.348433037406,0.034342181744219,3.5356064971055443,12.119966004475833,0.65,2.0,0.002,4,11.8784379781426,47.5137519125704,106.9059418032834,190.0550076502816,0.0055459371245817,0.003485889074513,11.87843797814256,4867.744914779894,0.8738751832636982,1.0203333154390928,0.02033331543909278
1.7306464116609797,0.0225875940057489,0.0133491238637996,219797525712.94495,7771.953982728864,0.0495503699167821,1.349631695708729,9.741818809457696,0.65,2.0,0.002,4,10.747602945649028,42.99041178259611,96.72842651084126,171.96164713038445,0.0008532682394501,0.0005066784082415,10.747602945649016,9247.28560226972,2.0278288940540397,0.9064178178820335,0.09358218211796654
1.318195245746727,0.0227314635233937,0.0131178584364242,204756036417.5185,7859.808789211463,0.012750416814805,6.549227206440717,8.686984571272465,0.65,2.0,0.002,4,17.472098868108723,69.8883954724349,157.2488898129785,279.5535818897396,0.0004469077302004,0.0002527724879045,17.47209886810865,18616.66816147831,1.5447281603750196,0.4971918163265767,0.5028081836734233
1.6122256685837912,0.0685332496530371,0.0149874717825188,189542384026.81555,7887.670590628097,0.0368519501529742,7.454327498718745,15.036617359898644,0.65,2.0,0.002,4,12.816951962181196,51.26780784872478,115.35256765963076,205.07123139489912,0.0006737071948487,0.0003089615249359,12.816951962181163,42354.88963410906,6.530919106625227,1.1731820017947343,0.1731820017947343
1.8646533091189872,0.0425578710568374,0.0159729398775782,218222281512.78583,7902.230743664455,0.019855523685634,5.147927341136094,6.468019113232951,0.65,2.0,0.002,4,10.946936807867749,43.787747231471,98.52243127080972,175.15098892588398,0.0005300823302951,0.000257486628954,10.946936807867704,23693.407162171305,5.008210319833327,0.5908519640475409,0.4091480359524591
2.9599570797803167,0.0730117901854224,0.0095198053649392,210807724541.51425,7734.742617533308,0.032286327809699,6.61895960709359,4.355454508713024,0.65,2.0,0.002,4,2.572212371589346,10.288849486357384,23.149911344304115,41.155397945429534,0.0070267974223808,0.0030024742957833,2.5722123715893375,2078.2401612110066,7.95650520041082,1.6932717363542744,0.6932717363542744
1.4187254408251595,0.0579670188141939,0.0170290764824365,202176371431.58032,7974.174760614749,0.0280339961361681,2.778419178823735,20.261514710474863,0.65,2.0,0.002,4,19.31727938070851,77.26911752283404,173.8555144263766,309.07647009133615,0.000284385147958,0.0001660670423636,19.317279380708413,82257.94026212532,5.583752654947838,1.048880347545702,0.04888034754570203
1.9029051922861868,0.069703078383098,0.0180343970190716,193303118422.56848,7943.089883614156,0.021984574803926,0.3510682471987408,16.153600708348453,0.65,2.0,0.002,4,11.140925486918592,44.56370194767437,100.26832938226734,178.25480779069747,1.6156044136296176e-05,6.038557313406211e-06,11.14092548691858,46551.37286152954,9.500144641446878,1.4499334662381185,0.4499334662381185
1.0666317595623962,0.0682370699941444,0.0083369244716916,185314320177.55124,7923.281105274472,0.0429239710715394,7.373841963103056,9.9997690095583,0.65,2.0,0.002,4,16.06971066886781,64.27884267547124,144.62739601981028,257.11537070188496,0.0004247359458144,0.0002111971257635,16.06971066886781,24507.085658078915,2.403896787533007,0.6222743654576846,0.37772563454231545
2.944325334525624,0.0278129728778328,0.0144112316235565,196074121152.6721,7714.932507845327,0.0434334038727773,6.674463078465851,5.003087104168599,0.65,2.0,0.002,4,3.800168324344822,15.200673297379288,34.2015149191034,60.80269318951715,0.0107442757354262,0.0048005104372479,3.8001683243448117,2595.385332923017,4.552358357558204,1.3165435520625741,0.3165435520625741
1.6103640654889977,0.0634140988816727,0.0148077910924645,195319963292.32565,7972.435222930082,0.0404250147041503,6.111047920802184,12.639064763706012,0.65,2.0,0.002,4,12.815902901050062,51.26361160420025,115.34312610945058,205.054446416801,0.0016950959323403,0.0010666427744294,12.815902901050043,39085.82940420815,6.027832541751794,0.9862016637681031,0.013798336231896857
1.706546243085991,0.0443954326329796,0.015279242079634,195040709441.9875,7749.532424770881,0.0078559195832799,4.2247524778265895,5.598212664703311,0.65,2.0,0.002,4,11.93492867109139,47.73971468436556,107.4143580398225,190.95885873746224,0.0002887259005415,0.0001529070265003,11.934928671091381,25223.36716479455,4.48542572437033,0.4690612586787573,0.5309387413212427
2.395001112521883,0.0287072079198382,0.0163273755687386,188931593983.17307,7837.626149100526,0.0303909569481667,2.1147911050318107,6.872807489858236,0.65,2.0,0.002,4,6.337153400756932,25.34861360302773,57.03438060681239,101.39445441211092,0.0030397202953628,0.0016579228220517,6.337153400756922,6974.543416504858,4.399138196538645,1.0845259780262435,0.08452597802624351
1.941586162979404,0.0299643780372136,0.0164784710088161,212752754560.8576,7882.920030281966,0.04384317529759,3.774707574867055,14.854664928760872,0.65,2.0,0.002,4,10.297382977020453,41.18953190808181,92.67644679318406,164.75812763232722,0.0004863257357266,0.0001855687963888,10.297382977020424,15817.92238942307,3.778643964333218,1.4425670058023918,0.44256700580239183
1.2609752080406271,0.0744581814438474,0.0146127101441971,185803695337.07764,7995.937392221484,0.0235074792264971,7.356404169129196,10.40738649424702,0.65,2.0,0.002,4,20.088125309662217,80.35250123864887,180.79312778696,321.4100049545955,0.00010688592744,5.884076997558176e-05,20.08812530966209,87383.14802372415,5.48515787367919,0.5180864980586924,0.48191350194130755
2.400351571606255,0.0308581909833094,0.0178695821150867,195086497038.7898,7985.747160788967,0.0103171835491536,8.38090151649127,12.755218065625156,0.65,2.0,0.002,4,6.951039650956271,27.804158603825083,62.55935685860645,111.21663441530032,0.001264091865671,0.0005429660307352,6.9510396509562336,10081.021563721455,5.2850034513539965,1.8350086758418158,0.8350086758418158
2.3490211960868,0.0673811410892847,0.0171981541017839,180417482532.17505,7603.760964481217,0.0495054547926584,5.32152532258237,2.166267928791464,0.65,2.0,0.002,4,6.884339832428348,27.537359329713397,61.95905849185513,110.14943731885356,0.0005052499906975,0.0002905121588521,6.884339832428344,19363.77066693732,10.349171720923634,0.31466603647126273,0.6853339635287372
1.801870215451804,0.0624512615814226,0.0174052990432128,193964814713.82816,7852.430968007232,0.0330883649297295,3.101755460348558,4.995945841252196,0.65,2.0,0.002,4,12.081563605969205,48.32625442387682,108.73407245372285,193.30501769550727,0.0001126941191312,6.14475257326443e-05,12.081563605969151,44312.511929937944,7.689893822902924,0.41351815081152604,0.586481849188474
1.5592726582050604,0.0219226153626906,0.0142157915980277,194948720115.29407,7860.533999496019,0.009890013686192,0.2363958174110982,8.541760640883792,0.65,2.0,0.002,4,13.20353873275511,52.81415493102044,118.831848594796,211.25661972408176,4.264690593757488e-05,2.0396093644667744e-05,13.20353873275503,13144.617563446373,1.9098863759835158,0.6469296461935309,0.3530703538064691
2.0281173751084114,0.0485103920508023,0.0090046187540795,200636183272.79132,7704.964909163841,0.0429606592573081,3.94975386592968,2.1903176554444537,0.65,2.0,0.002,4,5.065562857377855,20.26225142951142,45.59006571640069,81.04900571804568,0.0020758164077231,0.0011692199516723,5.065562857377829,3457.395194089306,3.412980993061804,0.4323937373029192,0.5676062626970808
2.395801103578615,0.0770642392484662,0.0088625095906928,186429203755.47116,7626.91810443091,0.0374683881161324,1.7048619782504038,6.537865327117248,0.65,2.0,0.002,4,3.461520290909857,13.846081163639427,31.153682618188714,55.38432465455771,0.0007448941481074,0.0003078824170068,3.4615202909098226,2951.7050746896607,6.239926322114096,1.8887265645346951,0.8887265645346951
1.929892967384503,0.0454854270617361,0.0072973877380198,188811259412.3425,7625.923079564171,0.0101878508884582,9.781158741947255,3.11052596972542,0.65,2.0,0.002,4,4.420770442713217,17.68308177085287,39.78693398441896,70.73232708341148,0.0182691873896799,0.0091461890376111,4.420770442713214,1884.4777406645612,2.442504359068054,0.7036162610190541,0.29638373898094594
2.2184003198522166,0.0776012208672668,0.0180825156839139,193949597934.10925,7943.962578116334,0.0481315016342055,2.646252091153405,10.688937623187403,0.65,2.0,0.002,4,8.232544995931477,32.93017998372591,74.0929049633833,131.72071993490363,0.0002560871361537,0.0001101429114663,8.232544995931464,33082.81683049766,12.364441881126297,1.298375851995937,0.29837585199593697
1.5937369710148286,0.0236378445313643,0.010533175711062,190181972585.09128,7754.368516585286,0.0138631794179011,2.692774108190881,12.37180165564766,0.65,2.0,0.002,4,9.312509822365188,37.25003928946075,83.8125884012867,149.000157157843,0.0012827033595628,0.0005248779549101,9.312509822365136,5267.366210602265,1.5385098784544888,1.3285142127780911,0.3285142127780911
2.512850664782066,0.0235426965647579,0.0099184017607297,199657292681.964,7940.034068886875,0.0399392369619908,2.2397633994314226,1.0387332662466149,0.65,2.0,0.002,4,3.5716508415531054,14.286603366212422,32.14485757397795,57.14641346484969,0.0036355605616181,0.0020889568979882,3.57165084155307,1173.1530684435231,2.3294690857738796,0.29082721473270884,0.7091727852672911
2.1423677989057017,0.0303930808038451,0.0122382478571515,187745608082.48734,7719.526164013556,0.0359224134801703,2.353762317390592,5.66970904434881,0.65,2.0,0.002,4,5.962796748844586,23.851186995378345,53.66517073960127,95.40474798151338,0.0063014062231041,0.0037732376628402,5.96279674884454,4317.261925704102,3.0757331193267015,0.9508472757263571,0.04915272427364292
1.58634029196611,0.0489841206612301,0.0182555747517961,206825382426.98392,7854.911872533315,0.0347251356542025,9.21771322880721,19.08940873518669,0.65,2.0,0.002,4,16.879645206147988,67.51858082459195,151.9168068553319,270.0743232983678,0.000692627517365,0.000333878228647,16.87964520614793,62667.86047577699,5.571325124929661,1.1309129132781723,0.13091291327817234
2.39201496442004,0.0219340751737783,0.0117311209871852,207366077479.4336,7955.89239514194,0.0184653545270745,9.74474364387487,8.164657008757684,0.65,2.0,0.002,4,4.746411519518961,18.985646078075845,42.71770367567065,75.94258431230338,0.0079641167081176,0.0032613768986211,4.746411519518948,2177.5701471303623,2.448395871998676,1.7201746993874603,0.7201746993874603
2.3205896743332803,0.0691913093638058,0.0126619376012046,194021266274.31024,7627.100506872559,0.0407476587765748,0.840213041544732,3.993500879387459,0.65,2.0,0.002,4,5.377465646923322,21.509862587693288,48.397190822309895,86.03945035077315,0.000400909049822,0.0002038102990675,5.377465646923295,8851.045501273615,7.753174297345988,0.7426362419762423,0.25736375802375766
1.0949641555564589,0.0222110924366031,0.010893229934681,217209680732.03864,7892.283417360626,0.0207171238491848,9.683659609302405,21.00319087770488,0.65,2.0,0.002,4,21.61346375877388,86.45385503509551,194.5211738289649,345.81542014038206,0.0051053474260091,0.0031438407726128,21.61346375877381,19280.027585599342,1.0454401373296336,0.9717642258603184,0.02823577413968159
2.4787926899297705,0.0535173074128705,0.0050547601018496,191292620498.9521,7911.431735854005,0.0384146692374532,0.2030615001607782,1.919658487418652,0.65,2.0,0.002,4,1.834302488086392,7.3372099523455665,16.50872239277753,29.348839809382262,0.0056425759916096,0.0027085087153094,1.8343024880863843,352.3398352502542,2.652528750780097,1.0465332189683254,0.04653321896832541
1.7658779708275576,0.0303418628950637,0.006663625775952,183485172481.88693,7756.511700359749,0.0070494094994503,3.402986867550717,9.09942591001745,0.65,2.0,0.002,4,4.712873003492517,18.851492013970063,42.41585703143264,75.40596805588027,0.0027678900335742,0.00137526122156,4.712873003492489,1214.1747499993537,1.3846818068837048,1.9307598365740584,0.9307598365740584
2.32088228801783,0.0203130131086971,0.0083051868685235,186239170691.73096,7736.048902165188,0.0458742037820863,0.8890460691640394,2.8929874075109883,0.65,2.0,0.002,4,3.430428292871409,13.721713171485636,30.873854635842683,54.88685268594254,0.0074952187588268,0.0041105951700303,3.4304282928713894,703.5946203833881,1.5144888570576087,0.8433312579431461,0.15666874205685388
2.0403561186687096,0.0355096084340858,0.0123001451966321,185845416236.84344,7826.158039588016,0.0160377660865447,3.00672022902154,7.170189501477303,0.65,2.0,0.002,4,6.52873683022513,26.11494732090052,58.758631472026174,104.45978928360208,0.0047432220100675,0.0023034545556108,6.528736830225089,5868.117163956701,3.4872309795689254,1.098250655208306,0.098250655208306
2.3955975838570054,0.0294800953182206,0.0073219369187574,203700767018.64444,7617.43752462634,0.0064846682960086,4.371318062576355,2.564409021190023,0.65,2.0,0.002,4,2.991709261032772,11.966837044131088,26.92538334929495,47.86734817652435,0.0558865780080184,0.0302150193402347,2.9917092610327667,695.8988942772801,1.9694621468488498,0.8571718698042083,0.14282813019579166
1.72686467920025,0.0635171180721057,0.0052187534855946,186488170705.7951,7675.52836704405,0.0335903082769758,8.916948064297072,1.2303898389555747,0.65,2.0,0.002,4,3.91156838659355,15.6462735463742,35.20411547934195,62.5850941854968,0.0092299265500999,0.0052657834251835,3.911568386593502,1326.9536443277802,2.196818412043926,0.3145515346664037,0.6854484653335964
2.6569003326714697,0.0620222547592991,0.0127350059197987,203644515122.84903,7776.854215330281,0.0407595726882296,9.09151795815027,8.36543293217917,0.65,2.0,0.002,4,4.186125638095148,16.74450255238059,37.67513074285633,66.97801020952237,0.0019906394690567,0.0007926800140264,4.186125638095145,5645.211025385396,8.160108380978357,1.9983712041633266,0.9983712041633266
1.362142741810442,0.0391324366053781,0.0158767147447935,200367311314.47687,7617.571257429354,0.0122760508172594,9.35897059225464,7.67531261758648,0.65,2.0,0.002,4,19.899851120627165,79.59940448250866,179.0986600856445,318.39761793003464,0.0002262200108156,0.0001208079967499,19.89985112062706,50392.519663772684,3.2233441940669803,0.3856969869302532,0.6143030130697468
1.3291192603082078,0.0362035752533518,0.0174859842910176,217006300967.02457,7787.314241271378,0.0293021953533585,0.6232979973053194,39.20057491711341,0.65,2.0,0.002,4,23.693747560981425,94.7749902439257,213.24372804883288,379.0999609757028,9.047514172521071e-06,2.831673691589728e-06,23.693747560981404,72608.99935349436,3.276145646570887,1.6544691723511258,0.6544691723511258
1.8842971149289909,0.0623144035275102,0.0175748538694386,202519289682.6551,7879.992408728905,0.0387378207824561,6.796298389501138,17.557788188556014,0.65,2.0,0.002,4,11.378696361415583,45.51478544566233,102.40826725274025,182.05914178264933,0.0002798192502993,9.818450449172768e-05,11.378696361415576,41559.480034775836,8.130651594893434,1.543040400312758,0.543040400312758
1.171859598926742,0.0751439131202165,0.0110518081041513,209080681769.79083,7968.330563801692,0.0189246796733935,0.9697070345657148,15.051600117090846,0.65,2.0,0.002,4,18.69324545562747,74.77298182250988,168.23920910064723,299.0919272900395,5.373536812512247e-05,2.49090700377531e-05,18.69324545562731,53489.58459397186,3.877395225550532,0.8051892408313612,0.19481075916863877
1.3576716148289272,0.0433466758725768,0.018098763989521,213484035356.0193,7948.740459936289,0.0176206617479186,6.214418446647405,20.79604241788659,0.65,2.0,0.002,4,23.07396543680677,92.29586174722708,207.66568893126092,369.1834469889083,0.0004305068983927,0.000206176076977,23.073965436806738,88975.81744072103,4.2331901258026345,0.9012773497837312,0.0987226502162688
2.28772682946813,0.0673047457587799,0.0119527380298312,189120103925.95312,7933.012860715829,0.035797186826512,2.9666654957992526,6.6839836648308175,0.65,2.0,0.002,4,5.056361245384802,20.22544498153921,45.50725120846322,80.90177992615683,0.0013350863595902,0.0005724687884,5.05636124538477,7368.198919477935,7.3000429830461275,1.3218959920895033,0.32189599208950326
2.2123928577756216,0.0260716020051999,0.0090973481108828,201095991226.3253,7949.194886160682,0.0355573200329596,0.995039976871786,5.366930474106483,0.65,2.0,0.002,4,4.238963784093894,16.955855136375575,38.15067405684505,67.8234205455023,0.0025612776171113,0.0011474275679313,4.238963784093894,1479.5071788259147,2.0856331819649085,1.2660949107999278,0.26609491079992775
1.5289342571040936,0.0382563077874465,0.0073553496306322,214710565556.4749,7827.807549255876,0.0160175559269224,3.994865501322494,13.689730729682266,0.65,2.0,0.002,4,7.472425441715146,29.889701766860583,67.25182897543631,119.55880706744232,0.0010322593200213,0.0004023392915369,7.472425441715054,3711.8314522813744,1.683857477641445,1.832033097748812,0.832033097748812
1.5852862440939528,0.0431578012582866,0.0074720783068185,207480645548.5107,7822.934930331117,0.0452508116698365,2.484664733900679,3.5161411000176366,0.65,2.0,0.002,4,6.9431927622956255,27.772771049182506,62.48873486066063,111.09108419673,0.0009586247741209,0.0005638864417674,6.943192762295615,3805.6278861934898,1.9996230705706888,0.5064155958785597,0.49358440412144033
2.11349852080468,0.0523923991788499,0.0086439079011342,211289657639.62848,7892.93534901428,0.0093106557058249,5.671636587565279,8.72880772121072,0.65,2.0,0.002,4,4.539994591247171,18.159978364988685,40.85995132122455,72.63991345995474,0.0021810244436555,0.0010435743620301,4.539994591247155,3073.684754041984,3.7773646814211013,1.92264716306917,0.9226471630691699
1.3621446678574034,0.068491205644991,0.0110318654975396,203189779145.83728,7938.423506452207,0.0265725117997292,2.817199978425589,9.244307991722453,0.65,2.0,0.002,4,13.640036730783365,54.56014692313345,122.76033057705028,218.2405876925338,0.0001951977546131,9.68726270774502e-05,13.640036730783251,30005.58435670205,4.0851807115106435,0.6777333649593198,0.3222666350406802
1.1939628274782863,0.0328508491295728,0.0137989686733367,185038415519.23648,7640.247118105409,0.0421659865147818,1.2711613681319598,27.96225819431636,0.65,2.0,0.002,4,21.60088370277349,86.40353481109398,194.40795332496145,345.6141392443759,6.000071125990404e-05,2.416364081034992e-05,21.600883702773405,38085.899617504016,2.0675758188147144,1.2944960298418808,0.29449602984188084
1.754775944232223,0.0236244546077379,0.0093745153480777,189676812458.99243,7948.025047475642,0.0258730857234116,6.867087950718501,13.027997201321124,0.65,2.0,0.002,4,6.743917393405271,26.975669573621083,60.69525654064745,107.90267829448432,0.0022438302025456,0.0008654343441107,6.743917393405239,2772.9736314313864,1.5444061387836874,1.931814469444863,0.9318144694448629
1.0032616952597295,0.0605449106936341,0.0087556489848473,209844169282.86005,7907.900066940259,0.0375848257467892,0.3423860705293429,29.802724396615204,0.65,2.0,0.002,4,20.319218529199443,81.27687411679777,182.872966762795,325.1074964671911,1.008979790181326e-05,3.6630366473528265e-06,20.319218529199343,34275.605219735044,2.102865002188382,1.4667259153587906,0.4667259153587906
1.5205806194123828,0.0297422062307777,0.0073177235035143,209170531166.5893,7857.124101715487,0.0081412744717053,1.238923872085805,9.929081425526212,0.65,2.0,0.002,4,7.404654365717399,29.6186174628696,66.64188929145661,118.4744698514784,0.0010515883530613,0.0004651098681281,7.4046543657173896,2814.2428018679498,1.30014636033497,1.3409243612364405,0.34092436123644054
1.5908143166483089,0.0496181845138548,0.0054344139512194,190119515124.35556,7749.601403247856,0.0317212792936451,4.761370386631823,4.128748016345227,0.65,2.0,0.002,4,4.822993262580007,19.291973050320028,43.40693936322008,77.16789220128011,0.0148483821107366,0.0076916796381151,4.82299326257994,1526.3547901545353,1.662120273474796,0.8560551075986069,0.14394489240139308
2.270015831721613,0.0565519210229569,0.0115232623163218,192884240042.6905,7836.801154979548,0.0061489326712302,0.17381867109565,8.717927358923205,0.65,2.0,0.002,4,5.030670682989307,20.122682731957227,45.27603614690377,80.4907309278289,5.145696957093978e-05,2.3811493635409583e-05,5.030670682989288,5791.2463850268805,5.796429103254948,1.7329552873341538,0.7329552873341538
2.4290460029172616,0.0360424067061697,0.0158293490984965,206643937587.17496,7809.444461640679,0.0076871400609938,3.122531604690056,1.5569831137002237,0.65,2.0,0.002,4,6.257806000920703,25.03122400368281,56.32025400828633,100.12489601473123,0.0006447830015946,0.0003883689369264,6.257806000920679,8365.784102018542,5.4113138709466,0.24880654872828475,0.7511934512717152
2.6383997585879606,0.0255653646454696,0.0109172227690813,209511902244.2549,7702.980783729586,0.0388548011495098,5.091368183469057,5.750438966139874,0.65,2.0,0.002,4,3.7088150103025375,14.835260041210152,33.37933509272284,59.34104016484061,0.0078401127103622,0.0031697767177784,3.7088150103025326,1540.1522755487597,2.8361786354009912,1.550478778306822,0.5504787783068219
2.437316855490244,0.0251522478794216,0.0073737527141009,185309085890.37265,7972.992027937127,0.0461094191758845,7.994381469010003,1.112792835281082,0.65,2.0,0.002,4,2.7135106545762397,10.854042618304955,24.42159589118616,43.41617047321983,0.032663978003447,0.0180940390881273,2.713510654576233,523.8313648287217,1.8020577291359297,0.4100934092167278,0.5899065907832721
1.930203856928192,0.0324967996661483,0.0171782225106189,216560188218.0387,7964.265616900017,0.0150770476261534,3.176328650986924,5.3325368645599776,0.65,2.0,0.002,4,10.902285779610931,43.609143118443725,98.1205720164984,174.4365724737749,0.0002916186480245,0.0001642402860569,10.902285779610919,20134.117407579844,4.290794706951739,0.4891209946571668,0.5108790053428331
2.655118654342294,0.0273007867379804,0.0107486642051837,210406648220.0269,7863.135748228428,0.0245816024665046,2.320977975347025,6.808039911583412,0.65,2.0,0.002,4,3.576413486124664,14.305653944498657,32.18772137512198,57.22261577799463,0.0021657831573729,0.0009499774501461,3.576413486124661,1546.8013914089122,3.063228327985302,1.9035941839489272,0.9035941839489272
2.9904909764983003,0.0524872235172874,0.0060072288847054,202565870038.81467,7840.316518742932,0.0296477082456952,3.4262811018898938,2.1412516124174297,0.65,2.0,0.002,4,1.5482275094490037,6.192910037796015,13.934047585041032,24.77164015118406,0.0379679395809218,0.0178726376777177,1.5482275094489784,349.7866035374488,3.6963567150972256,1.3830342112830118,0.38303421128301185
1.7845522851077782,0.0724812333060771,0.0198982721143168,193560139643.31345,7610.913785372725,0.0321967049944407,9.046111894591984,4.230719806324244,0.65,2.0,0.002,4,14.28813774387925,57.152550975517,128.59323969491328,228.610203902068,0.0001576451158159,9.031245719789062e-05,14.288137743879247,78938.3450338739,9.79438166790093,0.29610015539894974,0.7038998446010503
1.8413482611951328,0.0780912500982285,0.0071792104335203,215182193673.566,7983.714081621747,0.0409777175012801,3.4304179996885984,6.861102700677961,0.65,2.0,0.002,4,4.984650842993473,19.93860337197389,44.86185758694125,79.75441348789556,0.001960207178005,0.0008126418829012,4.984650842993453,4042.213021369198,4.120880057985385,1.3764459972802496,0.37644599728024963
2.240349918693852,0.0323458492754677,0.0191517673875489,186994415790.69223,7660.570953004186,0.0192906197557445,5.778695057249053,12.195730392001645,0.65,2.0,0.002,4,8.548504599476457,34.19401839790583,76.93654139528813,136.77607359162332,0.0010259448468931,0.0003969380217232,8.548504599476459,15336.083074222433,5.315870790723505,1.4266507375744473,0.42665073757444727
2.105049105705162,0.0345919328407966,0.0052467755480677,214676443615.0447,7796.678068490585,0.040176459540982,7.256641019068176,5.602698840433389,0.65,2.0,0.002,4,2.8173102294989083,11.269240917995631,25.355792065490174,45.07696367198253,0.0153322684434068,0.0067446958458903,2.817310229498885,466.7004653537212,1.4893924667246332,1.9886694698261684,0.9886694698261684
1.4761873041313958,0.0316228889883142,0.0112926564879087,189679492020.11496,7870.649602848485,0.0282963942393295,8.28707247752084,22.68270468376243,0.65,2.0,0.002,4,11.535789949695202,46.14315979878081,103.82210954725682,184.57263919512323,0.0005421765965717,0.0001906679223098,11.53578994969518,10898.685621532744,2.0745299516211184,1.9662896761016175,0.9662896761016175
2.8179704180569525,0.0619209653239882,0.0072121177744853,210734038436.6316,7943.609973532814,0.0208087686632897,4.99211151695574,1.059505603345578,0.65,2.0,0.002,4,2.121180340969128,8.484721363876512,19.090623068722152,33.938885455506046,0.0151200389618591,0.0088369821914232,2.1211803409691257,887.850407732216,4.998329414523964,0.499488696402641,0.500511303597359
2.402416241719869,0.0297594434253435,0.0155287599742522,201934710348.3192,7632.670927503913,0.0081297996907809,1.5596295825865094,10.410119944109814,0.65,2.0,0.002,4,6.275332459262127,25.101329837048507,56.47799213335914,100.40531934819404,0.0004782631235114,0.0002068550026425,6.275332459262098,6587.02929819927,4.236979669692328,1.658895367168151,0.658895367168151
1.7567920510647392,0.0768168473680679,0.0166409356203354,213293000034.18848,7951.793510959317,0.0127029052585803,7.022812771428686,20.83047191259595,0.65,2.0,0.002,4,12.662575078695069,50.65030031478027,113.9631757082556,202.60120125912107,0.0001846478883479,6.598196017220699e-05,12.662575078695046,56518.871172879924,8.928729701188251,1.6450423222084978,0.6450423222084978
1.2528648468733408,0.0270949068824647,0.0181854650435954,202185335896.56332,7848.870810155973,0.0179519794029758,0.6493249563466529,51.80423626263514,0.65,2.0,0.002,4,26.66345686732707,106.65382746930828,239.97111180594365,426.61530987723313,6.1091921746912844e-06,1.983561681971994e-06,26.663456867327046,67996.43261680026,2.422665658857798,1.9428927209402915,0.9428927209402915
2.640578563447983,0.0470964509320377,0.0076011404359009,204611391287.82416,7895.302721555903,0.0344667628531206,3.622347137268904,2.171688676469043,0.65,2.0,0.002,4,2.51646175787474,10.06584703149896,22.64815582087266,40.26338812599584,0.031154766575231,0.0180048051972837,2.516461757874714,932.9217710124067,3.731683665496199,0.862992918399503,0.13700708160049702
2.192676322782881,0.0203067507870224,0.0136272154200106,195139701585.352,7852.000817479985,0.0458138227815153,4.464632915103341,7.677403201700007,0.65,2.0,0.002,4,6.407224946281977,25.628899785127903,57.66502451653779,102.51559914051164,0.005158701086833,0.0024520382855337,6.407224946281967,3860.7538005945366,2.3821682270135436,1.1982415579392305,0.19824155793923048
2.2452593481615875,0.0384100303923704,0.0114747531215187,202171925411.18396,7821.019175909192,0.0068837686433077,4.450869489131034,3.069231598359477,0.65,2.0,0.002,4,5.247691866150635,20.99076746460254,47.22922679535572,83.96306985841017,0.0031709035994417,0.0015746756159823,5.247691866150596,4207.113792000792,3.869794202122383,0.58487267862602,0.41512732137398
1.6009596857340591,0.0733734234269367,0.0198714397881221,192270691829.4196,7649.095221850469,0.0480728456984905,1.7935450807929916,28.00099055906404,0.65,2.0,0.002,4,17.625819080960504,70.50327632384202,158.63237172864453,282.01310529536806,2.1658499110185583e-05,7.264094333965462e-06,17.625819080960436,109493.1470015785,8.927473823897225,1.5886348560851253,0.5886348560851253
2.4228580043773302,0.0276064953281108,0.0098917009721254,184987974030.51544,7650.410038439281,0.005960639519474,7.58334480990135,2.2887686030332515,0.65,2.0,0.002,4,3.757281205925538,15.029124823702151,33.81553085332985,60.116499294808605,0.0185522912827693,0.0094430841436978,3.757281205925534,1410.4966902814458,2.5308414249877598,0.6091555243253233,0.39084447567467673
2.3781930003246265,0.0727236182713319,0.0153996204547118,214098181469.33783,7743.830138814797,0.0120930989329446,3.69718514299465,10.822647080397758,0.65,2.0,0.002,4,6.49192745769472,25.96770983077888,58.42734711925249,103.87083932311552,0.0004203460751162,0.000172292000629,6.491927457694699,17157.95276744154,10.312368288391633,1.6670930399214456,0.6670930399214456
2.1131767914468336,0.07544996536507,0.0076894764026363,188182795589.6992,7979.585759781417,0.0094084079353747,6.383356443535564,1.1717481359514623,0.65,2.0,0.002,4,3.7918761381791977,15.16750455271679,34.12688524361278,60.67001821086716,0.0039292128901489,0.0022353699349378,3.79187613817919,2776.5788968560614,4.891499308974831,0.3090154037874562,0.6909845962125438
2.4456598315507905,0.0514405336771269,0.0164139582829553,213079288155.1193,7609.289022062817,0.0085609413365292,3.431027417179598,12.193285641400816,0.65,2.0,0.002,4,6.58489806894865,26.3395922757946,59.26408262053786,105.3583691031784,0.0003914456833834,0.0001725450737952,6.584898068948613,13448.900360858015,7.856496582979163,1.8517045387382396,0.8517045387382396
2.164880321746148,0.0412775864413065,0.0145554545870431,201913383210.71677,7671.871973484997,0.0380630262892566,4.624433130046953,8.616125788820137,0.65,2.0,0.002,4,7.22468841163578,28.89875364654312,65.02219570472202,115.59501458617248,0.0021330583321103,0.0009863063510747,7.224688411635741,10281.187813060309,4.989365424463048,1.1925947941150532,0.1925947941150532
2.8931097760365097,0.0636653167311927,0.0069029917670275,217508277685.75052,7832.948060727222,0.0200013065130689,4.031680519356025,2.967280590764656,0.65,2.0,0.002,4,1.970661604868729,7.882646419474917,17.735954443818564,31.53058567789967,0.0154163719641497,0.0075488964987739,1.970661604868711,763.4564532368714,4.979668396139892,1.505728118634727,0.5057281186347271
2.054593062169644,0.0355678523636831,0.0133364962377404,185931911450.08188,7609.769611469984,0.0062266647708354,1.2154611940712008,11.562823042978533,0.65,2.0,0.002,4,7.081260627151234,28.325042508604938,63.73134564436111,113.30017003441976,0.0002985456883431,0.0001325094394128,7.08126062715119,7340.8713707676525,3.708230482824531,1.63287635518512,0.63287635518512
2.0124214033467904,0.0590053710802079,0.0101479833710971,197711513315.56567,7834.95040477656,0.0465428655875661,6.752524098591232,3.755631414735858,0.65,2.0,0.002,4,5.707803321295476,22.831213285181903,51.370229891659285,91.3248531407276,0.0031296101961506,0.001616413718504,5.707803321295447,6071.475026336045,4.720592114492143,0.6579819246265614,0.34201807537343865
2.5002235893694484,0.0675541074856788,0.0187877849554307,218528704120.7461,7894.787600470741,0.025246902735397,3.000409623390686,12.5936878012282,0.65,2.0,0.002,4,7.170198153434016,28.680792613736063,64.53178338090615,114.72317045494424,0.0002035477570661,7.339086678826982e-05,7.170198153434013,25423.69657187528,12.5261222003363,1.756393272785177,0.756393272785177
1.2135996458469316,0.0455039521923774,0.0147797182258928,199927694137.5326,7666.331787539849,0.0213373265806234,4.485320576816705,32.62469578372826,0.65,2.0,0.002,4,23.23738210233689,92.94952840934758,209.13643892103204,371.7981136373903,0.0001035063850194,3.621911914994839e-05,23.237382102336827,66693.33955351876,3.1285876680379516,1.4039746663393469,0.40397466633934687
1.833026737351776,0.0215335859981257,0.0092452898266077,189269674563.66797,7917.432804732787,0.0252181876312314,2.8750743760478183,10.122254532823996,0.65,2.0,0.002,4,6.100430857403496,24.401723429613984,54.90387771663146,97.60689371845594,0.0019863726376058,0.0007388832716937,6.100430857403469,2122.466453456154,1.4446414769564355,1.659268790914932,0.659268790914932
2.6617988528707466,0.0513102304478527,0.0161701777363853,215563119218.43408,7653.414564739199,0.0374436202984387,3.346567363076049,3.847427772520096,0.65,2.0,0.002,4,5.492286589225579,21.96914635690232,49.43057930303022,87.87658542760927,0.0014263045265067,0.0007167032018931,5.492286589225568,10064.341238641091,8.45121664996828,0.7005147510087592,0.29948524899124085
2.5694304391500657,0.0620427548161023,0.0083710616068212,194435597686.23343,7979.706785107927,0.0347544760536553,7.911344865947315,5.516309418288781,0.65,2.0,0.002,4,2.8381182452321725,11.35247298092869,25.543064207089557,45.40989192371476,0.0059307096382016,0.0026568092798028,2.8381182452321494,1693.113691573402,5.324335500971755,1.9436503139204349,0.9436503139204349
2.2073466783039617,0.0567458611180651,0.0085136170508309,186479470245.8863,7811.203520199573,0.0245933084776378,3.106174976489069,2.2949912436472832,0.65,2.0,0.002,4,3.871317648279091,15.485270593116365,34.841858834511825,61.94108237246546,0.0036123709588879,0.0018042483041414,3.871317648279088,2464.24655905391,4.164921375509809,0.592819151553599,0.407180848446401
2.435997634287447,0.020510455397892,0.0127035126586354,191669293602.38983,7813.604360063258,0.0099428964835252,8.193907540528942,5.666534507253974,0.65,2.0,0.002,4,4.807839009650108,19.23135603860043,43.27055108685098,76.92542415440172,0.0255635617325728,0.01256166513335,4.807839009650101,2262.856333938597,2.479690119047402,1.1786032136018563,0.17860321360185627
1.2766951986000217,0.0390343412596091,0.0185842979882688,191134853972.0608,7727.063302104796,0.0147855193411489,0.6385011283018771,27.287862710350517,0.65,2.0,0.002,4,25.713646778237425,102.85458711294967,231.4228210041368,411.4183484517988,5.793036420998137e-05,2.813810735546708e-05,25.713646778237333,93401.05871187427,3.5782008511784564,1.0612210296613982,0.061221029661398196
1.5623612609515751,0.068723897962164,0.0056534003282685,185876684371.25024,7942.711803935949,0.0497341092578239,0.6140370217536735,2.5491096830675724,0.65,2.0,0.002,4,5.080472745813671,20.321890983254683,45.724254712323045,81.28756393301873,0.0003590802492255,0.0002108261655633,5.080472745813664,2456.437868154,2.410670177309766,0.5017465520640874,0.49825344793591264
1.86920856823722,0.0309636608922865,0.0182507177313728,197796032718.67328,7836.309499455014,0.0212171837148504,2.9585362488740485,6.726537304005025,0.65,2.0,0.002,4,11.899992128918404,47.599968515673616,107.09992916026566,190.3998740626945,0.0002893586712629,0.0001442785173875,11.899992128918377,23137.93962896212,4.138772917775125,0.5652556095107618,0.4347443904892382
1.4890086362690678,0.0486877194260688,0.0126152358629433,188703015269.65732,7845.122269864571,0.0131542643677274,3.329490288664092,6.98838486089016,0.65,2.0,0.002,4,12.653764776642454,50.61505910656982,113.8838829897821,202.46023642627927,0.0002590438827362,0.0001304679824024,12.65376477664242,22676.759570669175,3.587416032893023,0.5522771273407908,0.4477228726592092
2.221287610690615,0.0676622192513918,0.018687145542886,196918245391.5272,7768.929229324438,0.0118963646532141,2.028928709881219,3.324382486900727,0.65,2.0,0.002,4,8.646195068130268,34.58478027252107,77.81575561317243,138.3391210900843,0.0001251143632198,6.722272651555612e-05,8.646195068130233,32198.45000666733,10.910010538686924,0.3844908032614669,0.6155091967385331
1.6931569336291896,0.0561876427374075,0.0065856795469147,204872939633.0221,7995.009111973452,0.0487786626183676,4.176604077999666,8.843650155149643,0.65,2.0,0.002,4,5.2731271028847,21.0925084115388,47.458143925962304,84.3700336461552,0.0018757170398701,0.0006779325877071,5.27312710288468,2749.310582177645,2.5045377825345954,1.6771168194128485,0.6771168194128485
2.6439535748771026,0.0564463577360836,0.0092142101511503,208963673018.11707,7880.266315370328,0.0460642507972049,1.2616020290766687,5.655964610529512,0.65,2.0,0.002,4,3.0778302672957745,12.311321069183098,27.70047240566197,49.24528427673239,0.000942141324335,0.0003830017841091,3.0778302672957545,2026.3190635220915,5.418246525991902,1.8376466924210737,0.8376466924210737
1.980943861997254,0.0651557998702591,0.0071302510854712,194028263008.0201,7600.054016822007,0.0062703135437567,6.103567387997569,7.396957569924138,0.65,2.0,0.002,4,4.163071782394973,16.652287129579893,37.467646041554765,66.60914851831957,0.0035617245903834,0.0017156107375364,4.163071782394923,2392.788380432261,3.4971700923547377,1.7768027928811818,0.7768027928811818
2.900823634960973,0.0565272845720897,0.015681909367457,181485977355.10675,7774.833213151159,0.0448077479271909,0.2140693310793204,2.9523608138077635,0.65,2.0,0.002,4,4.082832279567566,16.331329118270265,36.7454905161081,65.32531647308106,0.0001598213273319,8.223284457727468e-05,4.082832279567562,6578.430489327177,9.996304434017755,0.7231158694866756,0.2768841305133244
1.0451546458897918,0.0356007967791738,0.0143259438055589,186272596092.97748,7833.627217957282,0.0212719110038388,5.390416252576912,5.897682666434613,0.65,2.0,0.002,4,28.99909333596825,115.996373343873,260.99184002371425,463.985493375492,4.950182811310045e-05,3.4083445013971486e-05,28.999093335968052,69314.64416234447,2.0878361924846907,0.20337472617185656,0.7966252738281434
2.2480163510306506,0.0358924921615329,0.0056167721427679,184212809876.80237,7804.97831424717,0.048729577126774,7.618670693624764,3.907228259183836,0.65,2.0,0.002,4,2.4484497296792416,9.793798918716966,22.03604756711317,39.175195674867865,0.0335832116320245,0.0142548823550986,2.448449729679203,418.57541000504864,1.7686080243819713,1.5957968063717456,0.5957968063717456
2.65608078964849,0.0252382932801413,0.0145929542906358,208004979235.9873,7721.507319970738,0.012509815678033,4.538098387349982,7.58993488338645,0.65,2.0,0.002,4,4.868282103779507,19.47312841511803,43.814538934015566,77.89251366047212,0.0032709338045472,0.0014249630534306,4.868282103779475,3533.6846270386827,3.7767355606726123,1.5590581485600494,0.5590581485600494
2.964461659131276,0.0606043177693648,0.0177603594792223,210085530893.15692,7879.296909595676,0.0223053830208914,3.31096593271603,7.053149202293665,0.65,2.0,0.002,4,4.731988370479119,18.927953481916475,42.58789533431207,75.7118139276659,0.0009031825448963,0.0003873704712183,4.731988370479106,11112.344598809395,12.570675818886178,1.4905254726100572,0.4905254726100572
1.9212360480056367,0.0770618520578073,0.0104275967924508,189478663895.8881,7631.128694974939,0.0285178910991927,2.076922516092748,2.021242743232316,0.65,2.0,0.002,4,6.383190392491271,25.53276156996509,57.44871353242144,102.13104627986034,0.0003379267882486,0.0001885780481728,6.383190392491223,9475.420986249583,5.89064947883638,0.31665086249189384,0.6833491375081062
2.415650608339676,0.0529388764361074,0.0158589091932962,183504916456.26147,7998.210471624777,0.0497456855126164,4.703498272484776,10.382556864932305,0.65,2.0,0.002,4,5.902850243600936,23.611400974403743,53.12565219240843,94.44560389761496,0.0006536100496107,0.0002318260545432,5.9028502436009145,11156.507237402342,8.110450617520778,1.7589056873309115,0.7589056873309115
2.540954761929115,0.0538041403856451,0.0135399677109836,214330359269.17743,7769.875966922336,0.0452770123845876,3.78493095564549,3.9529565669632896,0.65,2.0,0.002,4,4.994451721049733,19.97780688419893,44.9500654894476,79.91122753679572,0.0028490598752111,0.00149202641519,4.994451721049718,7081.898937497086,7.191414963283665,0.7914695721860876,0.2085304278139124
1.58531459223771,0.0552449034309628,0.0065577765415062,198530880031.8137,7875.951534460351,0.0130875134728614,9.030761084806675,5.6490277367990025,0.65,2.0,0.002,4,5.940424353748471,23.761697414993883,53.46381918373624,95.04678965997552,0.037251928665137,0.0210961273204545,5.940424353748401,3150.8810304112294,2.2617121396828814,0.9509468348392438,0.049053165160756196
2.1910786218532188,0.0260969265738569,0.0090487872954013,206620825837.85428,7759.41804925334,0.0239658233834033,7.999460004288053,8.697805555155934,0.65,2.0,0.002,4,4.410381743924429,17.641526975697715,39.69343569531986,70.56610790279086,0.0054980473714128,0.0024366505476286,4.4103817439244075,1541.5192772008481,2.0074135893267977,1.9721207959237852,0.9721207959237852
2.3460525274236543,0.0399270510987332,0.0173939437269131,208621759884.69928,7651.318929169711,0.0137814899242241,6.407373290464562,5.394709576290441,0.65,2.0,0.002,4,7.482789037753606,29.931156151014424,67.34510133978245,119.7246246040577,0.0020828719531641,0.0009842252423805,7.482789037753589,13778.313960998634,6.233175245592669,0.7209490404008488,0.27905095959915116
1.929803412103066,0.0618037414846961,0.0057005730987527,215896007285.19888,7744.478962958579,0.0124369624509009,2.332098510701562,2.9685837106463824,0.65,2.0,0.002,4,3.6647793891953055,14.659117556781226,32.983014502757754,58.6364702271249,0.0087432332494909,0.0043238049530637,3.6647793891952793,1395.9310718759923,2.63274359556239,0.8100306718048398,0.18996932819516021
2.4178629471728392,0.0393995025954927,0.0156504940042511,193446348998.90417,7671.091781740483,0.0283173718275291,6.8936548190854685,6.8942954041326825,0.65,2.0,0.002,4,6.096009343203083,24.384037372812333,54.86408408882775,97.53614949124932,0.0062881984584376,0.0031325866025536,6.096009343203075,8389.356259609922,5.7184411068188075,1.130952237108967,0.13095223710896708
2.0691204880248275,0.042516406107139,0.0061316330194251,181758412776.69205,7979.918788482778,0.0321718395546778,6.469623092284704,5.726984192039552,0.65,2.0,0.002,4,3.099430277299032,12.397721109196128,27.89487249569129,49.59088443678451,0.0095884501789885,0.0040482400886496,3.09943027729899,816.2260232291088,2.1522214620362523,1.8477538384991044,0.8477538384991044
2.0442380922276677,0.0253092466772307,0.0144086162580689,198254633093.6497,7821.231658100337,0.0342027751021342,2.5784458677503017,6.101571219085836,0.65,2.0,0.002,4,7.871593775719846,31.486375102879386,70.84434398147862,125.94550041151754,0.0015351327408738,0.0007615376373625,7.871593775719794,7131.209712202136,2.915265574580281,0.7751379698869048,0.22486203011309525
2.3868844361957526,0.0251035687802465,0.0106089061377713,209775092048.25165,7888.655023936452,0.0295071504757357,7.79898032069334,1.7145298105772369,0.65,2.0,0.002,4,4.354241910427777,17.416967641711107,39.18817719385,69.66787056684443,0.0087587434386216,0.0048393336898653,4.354241910427773,1876.7018350873373,2.507323866618093,0.3937608074717182,0.6062391925282817
2.933894277269861,0.0720810376659513,0.0097834777826073,209983849839.4124,7654.732713601579,0.0358048140970433,4.961710082296346,0.6216277126668777,0.65,2.0,0.002,4,2.6993644786790147,10.79745791471606,24.294280308111134,43.18983165886424,0.0042478411101178,0.0027088592666611,2.699364478679013,2277.936335904849,7.918789310924328,0.23028669065508464,0.7697133093449153
2.5555853136284954,0.0252078553070587,0.0099229738799126,203797036117.8513,7849.494372662116,0.0349819283604145,9.945585013219356,3.238420943987408,0.65,2.0,0.002,4,3.5104955384844767,14.041982153937909,31.59445984636029,56.16792861575163,0.090584604651934,0.0522965950241978,3.5104955384844496,1220.608538144005,2.5088795753680864,0.9224968123404875,0.07750318765951247
1.1459226823202715,0.0243908414348575,0.0117678266830029,189804011293.4013,7985.077540868999,0.0459943627774011,4.106958161845544,19.96486973366017,0.65,2.0,0.002,4,19.811985889730504,79.24794355892202,178.30787300757456,316.99177423568807,0.0013958715800595,0.0009227808952708,19.811985889730355,20349.008869977595,1.3131898109307896,1.0077167349492744,0.007716734949274384
1.6595769165793903,0.0363597377110603,0.0197211581348674,190906476797.75952,7655.169963313832,0.0211756848974002,3.108326012371866,15.551571469272206,0.65,2.0,0.002,4,16.214359996316954,64.85743998526782,145.9292399668526,259.42975994107127,0.0008357030280302,0.0004881627275999,16.214359996316883,47275.348992361396,4.554863688617784,0.9591233618104427,0.040876638189557335
1.4946125246075936,0.0464630827972981,0.0137106920038799,194698562622.8552,7985.441360455315,0.0052653936166263,9.137324082632006,2.7654054471870992,0.65,2.0,0.002,4,13.742422761314932,54.96969104525973,123.6818048518344,219.8787641810389,0.000295575201228,0.0002025479361233,13.74242276131486,28343.357142720088,3.8015870805003162,0.2012312890687485,0.7987687109312516
1.4667433974313264,0.0396846932244451,0.0082253253259657,184493804762.32983,7686.971371744965,0.0457590664323429,0.9436945901876344,6.663686585747891,0.65,2.0,0.002,4,8.493512222138268,33.97404888855307,76.44160999924442,135.89619555421228,0.0005384070652038,0.000277390281835,8.493512222138218,5240.707127930205,1.840159725737858,0.7845619587594267,0.2154380412405733
2.5646749410538803,0.0373789249658757,0.0058112466898717,202985778519.57663,7613.8052212877565,0.037138539839842,7.39453454583308,2.509647067253225,0.65,2.0,0.002,4,2.068549098504873,8.274196394019492,18.61694188654386,33.09678557607797,0.1074059521714284,0.0579369703794397,2.0685490985048505,358.2544698315364,2.120802436428477,1.2132402702296023,0.21324027022960235
1.5404001453171516,0.0550824032831205,0.0168553588171751,194000439293.7651,7696.927087570229,0.03762505461243,7.880132965149768,31.01189080559001,0.65,2.0,0.002,4,16.171221463910378,64.68488585564151,145.54099317519342,258.73954342256604,0.0001094280600321,3.562096254874677e-05,16.17122146391033,56822.08911227755,5.50391617043952,1.917720988164062,0.917720988164062
2.205813793438951,0.0387189499347211,0.010642900252914,181824230614.03568,7718.315435188456,0.0447171113770325,1.795815649408211,5.018679771648076,0.65,2.0,0.002,4,4.814111747795108,19.256446991180432,43.32700573015597,77.02578796472173,0.0058851328395316,0.0034293893216911,4.814111747795104,3209.497261896542,3.5078816980052423,1.0424934099102843,0.042493409910284274
1.2383853687812758,0.0579175385956318,0.0157538981890369,199088816438.1744,7715.283354582774,0.0297516853719994,3.711002034877957,43.45361946871596,0.65,2.0,0.002,4,23.662092943397827,94.64837177359132,212.95883649058047,378.5934870943652,2.843609330971731e-05,8.80181785490862e-06,23.66209294339778,96347.8165724781,4.358889189201772,1.8364233279220732,0.8364233279220732
2.797380057795969,0.0636354703603432,0.0113837182200219,182135153646.6115,7950.4342940153665,0.0493089263063692,6.381758287009379,4.9972061910381536,0.65,2.0,0.002,4,3.157271315736401,12.629085262945605,28.41544184162761,50.51634105178242,0.0047001991362741,0.0019136500417351,3.157271315736387,3170.146058505218,8.055559824510912,1.5827610906073268,0.5827610906073268
2.326906514458173,0.0267106881428406,0.0174879392738601,187054255200.32303,7769.398157871861,0.0298483217851698,5.057584875894754,10.312886728689424,0.65,2.0,0.002,4,7.1862136779550605,28.74485471182024,64.67592310159554,114.97941884728095,0.0015528365737873,0.0006037299336681,7.186213677955061,8608.352080579312,4.222406402896418,1.4350932481072705,0.43509324810727046
1.5835477382283174,0.0340335164522705,0.0150536737315015,202911283166.59744,7700.4427631118815,0.0217009156482517,2.406967362518159,8.755209845994466,0.65,2.0,0.002,4,13.973483372762466,55.89393349104986,125.7613503548622,223.57573396419943,0.0002237751726031,0.0001068759473612,13.97348337276244,24078.824792405536,3.1236774681817288,0.6265588624136771,0.3734411375863229
2.972490219701193,0.0676530282020223,0.0164088711937994,185404587977.6217,7745.823642632806,0.0356264587079264,0.3140898487096231,4.042335322897992,0.65,2.0,0.002,4,4.119965006459677,16.479860025838708,37.079685058137095,65.91944010335483,0.000708202966985,0.0003626864135734,4.1199650064596725,8563.884105029245,12.779798020678305,0.9811576837570307,0.01884231624296928
1.9166672858261,0.0737132329236156,0.0109203612713554,208884579224.13724,7687.41165735009,0.0245343703028779,5.340381077346829,2.728821541584501,0.65,2.0,0.002,4,7.02644935656311,28.10579742625244,63.238044209068,112.42318970500976,0.0007823271936606,0.0004263873680897,7.026449356563111,11558.751184720943,5.930336510221057,0.3883642225408803,0.6116357774591197
1.6606231671867118,0.0667455568776868,0.0148337925199741,194534580542.9119,7807.41667263852,0.0142619347978323,6.970537121446673,7.960562974477163,0.65,2.0,0.002,4,12.175421275702114,48.701685102808455,109.57879148131904,194.80674041123385,0.0004681841879854,0.0002260274023007,12.175421275702075,37562.17625885075,6.418344378969746,0.653822384804351,0.34617761519564905
2.2499547182664186,0.0281851310125392,0.0079014360387708,211217473495.67944,7816.821466342428,0.0122173804187806,3.945484205281432,1.6264765400969976,0.65,2.0,0.002,4,3.679065778010567,14.716263112042268,33.1115920020951,58.865052448169074,0.0080232632622015,0.0044331969628498,3.6790657780105245,1046.4895689779246,1.9583939634147798,0.4420895515971242,0.5579104484028758
2.820649133128635,0.0224745786693311,0.0138567168072586,200118867795.8173,7926.242101046117,0.0106853060164771,5.3236288067952025,4.374130196369937,0.65,2.0,0.002,4,3.9682754832201095,15.873101932880438,35.71447934898099,63.49240773152175,0.0327519010992562,0.0179184158473692,3.968275483220099,2164.22130932673,3.481274784518464,1.102274833202987,0.10227483320298703
1.2378198671917506,0.0720035955639935,0.0089134867412789,219847766333.7168,7754.203172707437,0.0103998783919517,3.2292563756330384,17.309821550349014,0.65,2.0,0.002,4,14.046056782229437,56.18422712891775,126.41451104006497,224.736908515671,0.000373579740302,0.0001522120968123,14.046056782229346,23990.263171149098,3.0801114837449317,1.232361638481263,0.232361638481263
1.7972896417068305,0.0483128427457693,0.0137299869313462,200039328441.27103,7788.857780408259,0.0418025889481136,7.481915113254791,7.95545739340513,0.65,2.0,0.002,4,9.767513994131768,39.07005597652707,87.9076259471859,156.2802239061083,0.0017747872543488,0.0009203366135814,9.767513994131757,17487.284948962915,4.642955976615002,0.814481289526148,0.18551871047385204
1.9618396964517235,0.0720521009558414,0.0179459772448344,214307783704.6036,7760.538089988261,0.0205794254366828,2.1521574786226174,6.790566548615845,0.65,2.0,0.002,4,11.110724677486145,44.44289870994458,99.99652209737528,177.77159483977832,0.0001207884915934,5.7892573356968295e-05,11.11072467748612,47971.536329419265,9.843263671472284,0.6111722453509899,0.3888277546490101
2.5229591514052347,0.0522158160101851,0.0081778318793052,194255490687.2287,7868.495620969269,0.0074045409719241,3.487455033931817,0.6627840793896281,0.65,2.0,0.002,4,2.894594894923431,11.578379579693724,26.05135405431088,46.313518318774896,0.0044913849176012,0.0027724568637721,2.8945948949234026,1401.9983374192325,4.23849990978849,0.22897300086862996,0.7710269991313701
2.575999896524067,0.0702486500334014,0.0088012919082204,212579103828.64847,7672.838331045261,0.0227395749778794,4.977202211518718,5.219805617228306,0.65,2.0,0.002,4,3.165674507271542,12.662698029086169,28.49107056544388,50.65079211634468,0.0043387577924942,0.0018423480093701,3.165674507271533,2417.4002118533717,6.110212316140978,1.6488762837867406,0.6488762837867406
2.091351388162096,0.0526097357047916,0.0184838236448077,218872152745.86847,7881.935329217273,0.0267322275262302,4.618398193228269,9.04211562112643,0.65,2.0,0.002,4,10.098244309227669,40.39297723691067,90.884198783049,161.57190894764267,0.0011770020009605,0.0006109658711996,10.09824430922766,32265.56693328342,8.01471007507925,0.8954146230017279,0.10458537699827208
2.084430199145341,0.0777052259609592,0.0188421326574359,185851934749.96585,7669.273369955888,0.0119135348950332,7.586127291522258,4.7371476097615055,0.65,2.0,0.002,4,9.680349380206222,38.72139752082489,87.123144421856,154.88559008329955,0.0003512565290287,0.0002001194199951,9.680349380206172,43294.59335134125,11.702856077983002,0.48935709071077077,0.5106429092892293
1.1121075824349196,0.0267479015919483,0.0182317626141498,192043467083.46957,7878.554316613894,0.0103019847253814,1.7882833559531492,50.99673761688882,0.65,2.0,0.002,4,33.00204180645821,132.00816722583284,297.01837625812385,528.0326689033313,2.125331504677305e-05,7.077438417833741e-06,33.00204180645816,91859.2871367654,2.136395791881708,1.545260075602634,0.545260075602634
2.8882302309930563,0.0227936691037271,0.0164010767231531,209486069868.6879,7998.763769844016,0.020654179777448,2.926539017735121,4.633450328721588,0.65,2.0,0.002,4,4.562513206242631,18.250052824970524,41.06261885618368,73.0002112998821,0.0216891184144639,0.0104523257478185,4.56251320624263,3548.781740414256,4.318284825106394,1.0155478174576893,0.015547817457689295
1.59621859443525,0.052098970637049,0.0085021204764521,200829462742.769,7824.855813935626,0.0203210798790337,5.10862430489995,7.135882313533353,0.65,2.0,0.002,4,7.665620568815409,30.662482275261635,68.99058511933869,122.64992910104654,0.0072086569697961,0.0039090852157684,7.665620568815399,6417.257783512302,2.766273465916182,0.9308942765264067,0.06910572347359334
2.3886734129614915,0.0653180803325393,0.0057337310332242,210106389869.2458,7644.972901731815,0.0286090619520872,5.598569452181105,1.0240670175842206,0.65,2.0,0.002,4,2.388826863682548,9.555307454730192,21.499441773142934,38.22122981892077,0.0157922131952208,0.0088341772595823,2.3888268636825267,770.3756456921967,3.4195854414451663,0.4286903471964297,0.5713096528035704
2.387216704241629,0.0615310043235594,0.0196006862690642,194065779464.7556,7623.7403866875375,0.043756897598314,7.333312913254732,2.538620854002049,0.65,2.0,0.002,4,7.868777641077317,31.47511056430927,70.81899876969585,125.90044225723707,0.0005201955375546,0.0002914284352782,7.86877764107731,26826.839546479685,10.974764984427463,0.3226194676984782,0.6773805323015218
1.47993505585272,0.0520748880480353,0.0187443127374462,192022459942.9912,7705.754481639725,0.023295192566456,9.68076933509225,33.34744252520019,0.65,2.0,0.002,4,19.372331454701172,77.4893258188047,174.3509830923106,309.9573032752188,0.0001270607192119,3.985900265708544e-05,19.372331454701087,82461.1172989618,5.565775645002411,1.7213954140304448,0.7213954140304448
2.4296624083548384,0.0291884995757696,0.0128017342754299,187405181081.48645,7787.436854681837,0.0243722310969166,6.085165186314613,5.389189158079039,0.65,2.0,0.002,4,4.823915828322007,19.295663313288028,43.41524245489806,77.18265325315211,0.0163257814420949,0.0082188428749577,4.823915828321978,3247.5080422047067,3.535013331591464,1.1171814247749208,0.11718142477492077
1.323157248743044,0.0567334026225209,0.0089567906326365,186894689062.5699,7971.907300054029,0.0069351462833022,5.694966315689283,13.331562932744768,0.65,2.0,0.002,4,11.232491950827352,44.92996780330941,101.09242755744616,179.71987121323764,0.0016061139785736,0.0006965749356371,11.232491950827344,13348.944501658585,2.680001015947126,1.1868749152998783,0.18687491529987832
1.7983112599531053,0.0204068959640782,0.0193329180263393,214737661821.5488,7716.334620138411,0.0498990791404787,3.239563978109688,14.670969686987302,0.65,2.0,0.002,4,14.30031223455602,57.20124893822408,128.7028101110042,228.8049957528963,0.0013127661160752,0.0008648225703853,14.300312234556012,22098.920379316853,2.737286657180483,1.025919535626335,0.02591953562633509
1.3580894146685631,0.0740210013757631,0.019993384737298,206605606658.2138,7678.355615832003,0.0114996497987894,9.598202615443435,45.09048535742273,0.65,2.0,0.002,4,25.497393659829783,101.98957463931914,229.47654293846807,407.9582985572766,4.627578401032346e-05,1.4815620520775186e-05,25.497393659829733,198042.85802584293,7.716278074397142,1.7684350784629896,0.7684350784629896
1.358510880666335,0.0398504600347587,0.0092093032353901,213456993298.1276,7798.125882956009,0.0242441371609271,1.5437522154332366,21.031989375618597,0.65,2.0,0.002,4,11.8383140821789,47.3532563287156,106.5448267396101,189.4130253148624,0.0001306156722556,4.34415722419965e-05,11.838314082178885,10755.309996495862,1.943942790259112,1.7766034276180973,0.7766034276180973
2.580111496676812,0.0260762592142187,0.0179962016970176,200019308433.28452,7920.885223506715,0.0370683869143067,4.56747311011784,9.766577306187202,0.65,2.0,0.002,4,6.160021935980121,24.64008774392049,55.44019742382109,98.56035097568194,0.0014118253982726,0.0005180474541159,6.160021935980117,7183.442076055034,4.795217825702536,1.5854776829838104,0.5854776829838104
1.299335902149383,0.0568251972260158,0.0168779630501605,210720413654.8095,7795.538196701847,0.0379324123553319,5.877507444870538,13.259805006111383,0.65,2.0,0.002,4,23.568756069728703,94.2750242789148,212.11880462755832,377.10009711565925,8.21571798285971e-05,4.221202591997709e-05,23.56875606972868,106520.10607946872,4.857340295742779,0.5626009691339654,0.4373990308660346
2.1890862585126145,0.0302538327365806,0.0066012482320369,195049216883.2568,7921.6722914119955,0.0402802483256021,6.872987280393973,2.9930191976212885,0.65,2.0,0.002,4,3.0995113994026124,12.39804559761045,27.89560259462351,49.5921823904418,0.1205374522058675,0.0609991595578132,3.0995113994025996,656.7535510631092,1.7316344491826243,0.9656422616152222,0.03435773838477785
2.3109640137545564,0.0735562029144666,0.0128675421520471,201299589633.88837,7727.722039179874,0.0410306190937632,1.1938136583701546,4.137421213632153,0.65,2.0,0.002,4,5.5761466470288665,22.304586588115463,50.1853198232598,89.21834635246186,0.0004825944310357,0.0002447380338284,5.576146647028855,10374.273457689658,8.451417984134851,0.7419857251847385,0.2580142748152615
2.2056703326884515,0.0686157083153263,0.0111916822008029,215542401138.40283,7789.869501163976,0.025571703389644,6.591288414199396,7.196571214688422,0.65,2.0,0.002,4,5.487122893418728,21.94849157367491,49.38410604076856,87.79396629469964,0.0028794783909567,0.0012433848480952,5.487122893418715,7841.67465020622,6.597200886802169,1.3115381875846135,0.3115381875846135
1.5928364677266036,0.0671065605079061,0.0125884064675976,202827080511.37384,7818.602860166441,0.0471817108947892,0.4450444003854531,5.549117738552135,0.65,2.0,0.002,4,11.459245498313075,45.8369819932523,103.13320948481768,183.3479279730092,2.3803270073257343e-05,1.3643316323297576e-05,11.459245498312992,27269.543643894376,5.260246378117465,0.4842480894024886,0.5157519105975115
2.032393022558212,0.0728076291091625,0.0193257664381329,219041874396.7583,7727.8245887928915,0.0064478381202623,7.186388024029222,7.380320214730839,0.65,2.0,0.002,4,11.294981809561182,45.17992723824473,101.65483628605064,180.7197089529789,0.0004073861315018,0.0002016684045281,11.294981809561152,55651.820946852524,11.049651244712118,0.6534158566314316,0.34658414336856835
2.358226733144136,0.0518809251961671,0.017097998714693,215855201981.92487,7753.084217439052,0.0360511390503774,2.37588609700933,10.102415036872117,0.65,2.0,0.002,4,7.356096646494997,29.42438658597999,66.20486981845497,117.69754634391995,0.000417353276284,0.0001644314330011,7.356096646494962,17323.58000831587,8.109294197334677,1.3733390848916758,0.3733390848916758
2.268371778899317,0.031405541574381,0.0068525938600891,218763469103.95697,7863.296122324443,0.0471402911618819,4.949889140732997,0.8285562707447894,0.65,2.0,0.002,4,3.18523046663343,12.74092186653372,28.667074199700878,50.96368746613488,0.0103020127431916,0.0061858282097724,3.1852304666334157,768.7614717791142,1.9193322056769664,0.2601244335140748,0.7398755664859251
1.8841700200737528,0.055589552033925,0.0174877778611436,219733387820.4217,7729.010126060513,0.0455879508677765,8.07990363135063,3.839910006410538,0.65,2.0,0.002,4,11.909945967712924,47.639783870851694,107.1895137094163,190.5591354834068,0.0003054243855492,0.0001715367024333,11.909945967712863,39638.85411113402,7.078508732644251,0.32241204257519723,0.6775879574248027
1.789800783982377,0.0446789259812306,0.0190238402414675,206843024181.35248,7971.639354566055,0.0487483748954597,5.515379260421629,17.802150904417797,0.65,2.0,0.002,4,13.717174844561429,54.86869937824572,123.45457360105286,219.4747975129829,0.0003161499848582,0.0001320510447997,13.717174844561413,45041.44772538406,6.063498238658935,1.2978001014163638,0.2978001014163638
2.7105902358958094,0.0770220348864917,0.0081966128761914,189709793266.28412,7985.467030430049,0.0245357316630174,8.368906779960195,4.231967900004232,0.65,2.0,0.002,4,2.465645602110041,9.862582408440163,22.190810418990367,39.45032963376065,0.0101753061281468,0.004548045310658,2.465645602110029,1639.8519903152217,6.832562406931039,1.7163731464013463,0.7163731464013463
1.2972329682675277,0.0727527189235571,0.0084879455478381,204211411669.9369,7701.593458123106,0.0370606187742503,6.522591262378493,13.14938384446035,0.65,2.0,0.002,4,11.777296064827471,47.109184259309885,105.99566458344724,188.43673703723957,0.0015817929143248,0.0008043071270384,11.777296064827388,16891.62016901787,3.084752926716862,1.1165027840075,0.11650278400749992
2.9969800580835293,0.0531535482553584,0.0061781136373201,191713415896.35736,7673.909894782259,0.046611525523682,8.081482878503895,1.8464750020229723,0.65,2.0,0.002,4,1.5589613379807818,6.235845351923127,14.030652041827036,24.94338140769251,0.1426297380298091,0.0803414847521172,1.5589613379807774,362.3173513032109,3.776232331922983,1.1844264235664708,0.18442642356647077
1.967975678287441,0.0234660502090214,0.007400092746671,218017519735.2633,7797.536364466665,0.0420395238401658,2.1455652175016406,1.6462597820130886,0.65,2.0,0.002,4,4.581355110656689,18.32542044262676,41.2321959959102,73.30168177050703,0.003209679336676,0.0017908305884651,4.581355110656651,1104.0073059806207,1.332368321620128,0.35933904756340274,0.6406609524365973
1.7642693842853272,0.0697125587362926,0.0085430433405633,186229278654.1085,7738.064887646281,0.016422405818223,6.665506870811248,3.759951216392852,0.65,2.0,0.002,4,6.105480731826929,24.421922927307715,54.94932658644236,97.68769170923086,0.0027585243482205,0.0013551766091831,6.1054807318268995,5982.605543613559,4.065284108866084,0.6158321320699326,0.3841678679300674
2.1951533154065714,0.0732734567585306,0.0067672763509703,185279938400.2393,7789.826740983066,0.0176553546826026,2.841596222996612,4.191513098721354,0.65,2.0,0.002,4,3.10573037535858,12.42292150143432,27.95157337822722,49.69168600573728,0.0057057843908579,0.0025911630296127,3.1057303753585717,1614.3975464239463,4.239584081335122,1.3496062414102588,0.34960624141025876
2.3368871414115477,0.05363917044375,0.0182774431495076,206897582888.6716,7857.091892316438,0.0135395661744845,1.153247961822837,15.08700319886638,0.65,2.0,0.002,4,7.787821884704562,31.15128753881825,70.09039696234105,124.605150155273,6.602035174492805e-05,2.774072145766901e-05,7.7878218847045515,21550.573261954352,9.000508991108074,1.9372558107033209,0.9372558107033209
1.3302855554665327,0.0380658577674883,0.005758864744623,193985511874.92963,7999.529512906603,0.0198190577914509,8.61175266065648,2.575267690484076,0.65,2.0,0.002,4,7.266559045132575,29.0662361805303,65.39903140619317,116.2649447221212,0.004030601409022,0.0021763154488516,7.266559045132492,2431.4714485080503,1.166411583480691,0.35439988507478243,0.6456001149252175
1.8012352294847485,0.0638877913566012,0.0081108754272525,183657272234.344,7634.952612309809,0.0312262321931534,8.899798602174133,3.3412263240947584,0.65,2.0,0.002,4,5.559772384987199,22.2390895399488,50.0379514648848,88.95635815979519,0.0047980762478209,0.0023812806266288,5.559772384987164,4348.166336646675,3.563135913299694,0.6009645886074296,0.39903541139257037
2.602868627510472,0.0367679646574232,0.0050860653545504,180778425571.93292,7991.361044638626,0.0301927071480325,4.941343855408015,2.998831648900523,0.65,2.0,0.002,4,1.6190848775853734,6.476339510341494,14.571763898268362,25.90535804136597,0.0372892666370505,0.0186059254754539,1.6190848775853466,201.27669891211895,1.9448877077014282,1.8521769243950252,0.8521769243950252
1.114747814837646,0.0542110294877853,0.0124430691052354,196822506404.92838,7729.597470299673,0.0329801153361879,4.901255452333913,8.74117630227155,0.65,2.0,0.002,4,22.911970826618752,91.647883306475,206.2077374395688,366.5915332259,7.881709847881172e-05,4.269683194260569e-05,22.911970826618667,60228.67540176796,2.9061543722736216,0.3815113229856345,0.6184886770143655
1.1930379323406153,0.0348970484408136,0.009400112413932,208703352155.47787,7869.641674515701,0.0386186040018979,0.711374967649618,30.675084368614268,0.65,2.0,0.002,4,15.422011766636004,61.688047066544016,138.79810589972402,246.7521882661761,2.7475584960545463e-05,8.95990838262062e-06,15.422011766635952,14459.149739596834,1.5399299240582245,1.989045581911491,0.989045581911491
1.6530809238570383,0.0445334270088702,0.0120266367978996,200807890854.6556,7748.000305777325,0.0274257315931652,4.2367987482443406,19.669075133971564,0.65,2.0,0.002,4,10.159697886728088,40.63879154691235,91.4372809805528,162.5551661876494,0.0002557040061786,9.067394782951684e-05,10.159697886728024,13976.7238507079,3.4299205504075116,1.9359901596745293,0.9359901596745293
1.3926508565225475,0.0644675162719731,0.0180702708324164,208022960650.57428,7928.235078104177,0.0314258394364154,5.114554699725742,42.12751436293527,0.65,2.0,0.002,4,21.640973421179467,86.56389368471787,194.7687607906152,346.2555747388715,2.9149917983095055e-05,9.527000132158463e-06,21.64097342117938,118907.07445288879,6.4312349235673,1.9466552424904475,0.9466552424904475
2.089724039074893,0.0281925307562079,0.0063899068030433,189570089553.65768,7789.015059513686,0.0431146027262179,7.657577002154983,1.5977636159032096,0.65,2.0,0.002,4,3.2733280840031025,13.09331233601241,29.459952756027924,52.37324934404964,0.0238080601950696,0.013765963696312,3.2733280840030705,620.1673287937961,1.4661218742774564,0.488115940382379,0.5118840596176211
1.5001655406763896,0.0798416123137388,0.0183237301721651,194940758478.10284,7611.6758647632305,0.0287918701155861,8.665377841087672,31.380178767264628,0.65,2.0,0.002,4,18.684262232229923,74.73704892891969,168.1583600900693,298.9481957156788,8.661009822381989e-05,2.7337735019061843e-05,18.684262232229912,115118.28386706431,8.35281114239381,1.6794978777987049,0.6794978777987049
1.0979535845628088,0.033382739107438,0.0169095258329812,200801886577.2261,7634.647341816504,0.0170581113120209,3.308190039234212,25.37541178540868,0.65,2.0,0.002,4,32.61986246468192,130.47944985872766,293.5787621821372,521.9177994349106,8.379213410989222e-05,3.779021939758077e-05,32.619862464681745,99384.88786901665,2.3658998905273774,0.7779128993227119,0.2220871006772881
2.098462736278452,0.0728384613154601,0.0180366041298012,180585383317.62796,7705.936281426334,0.0201614710825918,5.395154050860901,2.961279431933185,0.65,2.0,0.002,4,8.9910434233618,35.9641736934472,80.9193908102562,143.8566947737888,0.0002758744550164,0.0001525922359799,8.991043423361768,33899.4102542492,10.622144762821174,0.3293588177139464,0.6706411822860536
1.9868953358066184,0.0463280945487253,0.0169729076566336,192471518290.1318,7976.12604809072,0.0177264660717577,3.379856711935917,18.279949324043987,0.65,2.0,0.002,4,9.576851509374436,38.30740603749775,86.19166358436993,153.229624149991,0.0001632066956923,6.123148098980758e-05,9.576851509374391,22560.199400977366,6.230712177384447,1.9087639926494095,0.9087639926494095
2.750046637547908,0.0298057572882101,0.0105692073126294,182091280432.8529,7896.995716422249,0.011779374084481,2.644498154919732,4.854898654512879,0.65,2.0,0.002,4,3.0430225890066964,12.172090356026786,27.387203301060264,48.68836142410714,0.0053085789382203,0.0024819567268963,3.043022589006695,1250.50269537489,3.420696497646529,1.5954198539477873,0.5954198539477873
2.3415771784870154,0.062208260429447,0.0122199293053994,191540749960.6776,7720.724184482209,0.0133495738227199,3.689634562153731,2.531199976684571,0.65,2.0,0.002,4,5.03364480641029,20.13457922564116,45.30280325769262,80.53831690256465,0.0012131607499655,0.0007110952719812,5.033644806410255,6873.503209612324,6.8715271934767275,0.5028562947987776,0.4971437052012224
1.6234927290879138,0.0457840888836114,0.0136833251638423,180022100385.74725,7741.648084045634,0.037727740002473,2.93204631805408,13.927116012596786,0.65,2.0,0.002,4,11.35184375784289,45.40737503137156,102.166593820586,181.62950012548623,0.0004545452984287,0.0001975539156017,11.35184375784281,20028.690154925487,3.9369509250491523,1.2268593815850188,0.22685938158501884
1.6781256584617656,0.0596432311895188,0.0067528116319999,191364360545.5416,7943.34585124132,0.0173196215261129,1.767623637281239,6.193590118377231,0.65,2.0,0.002,4,5.336957286725988,21.34782914690395,48.03261558053389,85.3913165876158,0.0029275393279189,0.0014169845608218,5.3369572867259745,3018.4983565202906,2.6843785073849054,1.1605095910701524,0.1605095910701524
2.1565966406774217,0.0613729754825852,0.0179489531545629,193453785771.38745,7783.861632176667,0.0336159313977726,3.2107379280318304,4.552325315055391,0.65,2.0,0.002,4,8.724119228496102,34.89647691398441,78.51707305646491,139.58590765593763,0.000249099463603,0.0001388634771713,8.724119228496084,27781.344533778745,9.245924424960537,0.5218091587040528,0.47819084129594724
2.859684672358039,0.0323167348177358,0.0181396210726941,199348957793.54352,7936.248059348536,0.0481233063865,4.279259775549675,7.329115083172423,0.65,2.0,0.002,4,5.041044569997008,20.164178279988032,45.369401129973085,80.65671311995213,0.0018354241287944,0.0007579127174605,5.041044569996993,6673.595539053694,6.652104621651399,1.4538881736522309,0.4538881736522309
1.908610318379268,0.059005494340923,0.0068255433659036,200944460047.4128,7644.283258829839,0.0436806212153669,5.667600702867789,7.229216339321474,0.65,2.0,0.002,4,4.3561375281482775,17.42455011259311,39.2052377533345,69.69820045037244,0.0037310047022762,0.0014087146135806,4.356137528148234,2200.982696627334,2.9380130916031266,1.6595473151635245,0.6595473151635245
2.306942578386292,0.0212259682951142,0.0053142617739744,192742887390.751,7901.906800925653,0.046645635585445,6.8614610944947545,3.290655566896355,0.65,2.0,0.002,4,2.2362577401125687,8.945030960450275,20.12631966101312,35.7801238418011,0.0762252694795281,0.0348854377363081,2.2362577401125425,202.9796956463974,1.028132639747132,1.4715010295417685,0.47150102954176853
2.930734369542316,0.0735049997964031,0.0198332130721087,213226568694.70703,7972.872428040678,0.0138934008290107,2.643150207472736,9.485213341989375,0.65,2.0,0.002,4,5.4148030923399615,21.65921236935985,48.73322783105965,86.63684947743938,0.0002819666322426,0.000116891561252,5.414803092339942,19714.97853064376,17.032219102352965,1.7517189785548517,0.7517189785548517
2.9979379835153708,0.0748633701500361,0.0137719843286934,188713782959.9298,7710.711090078988,0.0252294514725704,3.295523806674223,0.8193653993745743,0.65,2.0,0.002,4,3.437439628291388,13.74975851316555,30.93695665462249,54.9990340526622,0.0012114400615477,0.0007431850460054,3.43743962829137,5558.8233014268135,11.916616793169563,0.23836502978289453,0.7616349702171055
2.978707709783218,0.0721395205591533,0.0160663234467446,185485781562.2213,7612.089884473907,0.0128935626888691,9.383536548624448,6.766021111666285,0.65,2.0,0.002,4,4.0531561842810495,16.212624737124198,36.47840565852945,64.85049894849679,0.0026784254790849,0.0011658176155013,4.053156184281032,8521.930230887407,13.13988484748654,1.6693215864481854,0.6693215864481854
1.1079464633709906,0.0761925609422703,0.0111754442468058,197978127771.4355,7782.413004897267,0.0214262581207311,6.7784203151182965,4.685873502706103,0.65,2.0,0.002,4,20.821306072393025,83.2852242895721,187.39175465153724,333.1408971582884,8.130799928095659e-05,5.077385159686638e-05,20.821306072392925,62828.41376824406,3.6709665046753086,0.2250518524829298,0.7749481475170702
2.611981164771076,0.0252080266010434,0.0056659594536588,219907017894.7929,7947.782849293875,0.0447281376559791,9.517671481305513,1.9590342013325055,0.65,2.0,0.002,4,1.9808846326462253,7.923538530584901,17.82796169381603,31.694154122339604,0.4315944551800195,0.2115486857049366,1.9808846326462073,229.65528865947678,1.4825124483506034,0.988969356946087,0.011030643053912992
2.132652013970384,0.0374722433373512,0.0100782488664763,189392206490.0989,7778.514734161071,0.0259736986125053,5.306613065997243,6.282479233643202,0.65,2.0,0.002,4,4.958006029729752,19.83202411891901,44.62205426756777,79.32809647567603,0.0067408509817864,0.0029852241262616,4.958006029729725,3039.8719507455767,3.1324305591750146,1.2671382801818978,0.2671382801818978
1.759994260885606,0.0410359909716724,0.0141577283987059,191250144567.66315,7656.540133526076,0.0482693391721489,8.114346572409318,19.94266348859341,0.65,2.0,0.002,4,10.35821525079912,41.432861003196486,93.2239372571921,165.73144401278594,0.0004223991724108,0.0001451664249749,10.358215250799091,16580.664115001025,3.9144641632537507,1.925299195443435,0.9252991954434351
2.287480930848546,0.0770001062344524,0.009278316282408,207710862770.19983,7610.016081202073,0.0168074812730131,4.690825307166269,1.0744962225953727,0.65,2.0,0.002,4,4.200686583732039,16.802746334928155,37.80617925358835,67.21098533971262,0.0017777113065145,0.0010557613587271,4.200686583732034,4331.854435770223,6.218327028913599,0.2557906192660423,0.7442093807339577
1.765755231275309,0.0400825099844491,0.0159713247174353,203957380190.89117,7771.677723260822,0.014000181003104,4.264330407078829,6.2456018434424925,0.65,2.0,0.002,4,11.89930266990184,47.59721067960736,107.09372402911656,190.38884271842943,0.0003287858722526,0.0001749014559911,11.89930266990182,24553.527672692675,4.392493604197485,0.5248712480639863,0.47512875193601367
2.1538336972016974,0.0644123152274254,0.0187308296256174,198754004706.6248,7936.3597835377295,0.0327659763365318,2.120134316370033,11.391223255290775,0.65,2.0,0.002,4,9.162399059151143,36.64959623660458,82.46159153236032,146.59838494641832,0.0002504869913462,0.0001063242089611,9.162399059151104,34174.92621084493,10.311680365408444,1.243257708134159,0.24325770813415892
2.0200323647068794,0.046105174466235,0.0152457832555808,185487912334.90665,7774.275861619149,0.0451265815051341,0.457020823453282,8.467486721920839,0.65,2.0,0.002,4,8.275422445074447,33.10168978029779,74.47880200567003,132.40675912119116,0.0003425728174549,0.0002105726839304,8.275422445074415,14922.025324851578,5.51934688807492,1.0232089996759912,0.023208999675991215
1.0631589398295076,0.0225198411634842,0.0153735006140614,193462986620.41165,7621.624669822901,0.0100491039313769,6.686309273144588,58.715975834680975,0.65,2.0,0.002,4,31.0728291938486,124.2913167753944,279.65546274463736,497.1652671015776,7.804167464743204e-05,2.5042002496884408e-05,31.07282919384852,53465.69079932815,1.4026646442889077,1.8896243875438599,0.8896243875438599
1.0683760267246902,0.0408594921007524,0.0150634723825514,188983915385.4036,7985.77969478343,0.0241382164050912,0.3087643367528342,34.14797241626803,0.65,2.0,0.002,4,29.11118201219621,116.44472804878484,262.0006381097659,465.77891219513936,9.912317569129713e-06,4.1070644646451095e-06,29.11118201219603,87843.35999355228,2.625605800538133,1.1730190963033331,0.17301909630333312
1.7770569452095144,0.0522625255104962,0.0085897546355985,209109854097.5207,7923.706685288833,0.0337995360894693,9.040506903237205,10.282999663670136,0.65,2.0,0.002,4,6.336221881089028,25.34488752435611,57.02599692980125,101.37955009742444,0.0026384819256494,0.0009579994000341,6.336221881089002,5009.465402270499,3.1606098624140095,1.622891347028208,0.622891347028208
2.9186646952712167,0.0591511520451597,0.0124325983494292,184427682961.18463,7700.974516219835,0.0182648277308544,7.67155517081162,5.758562950225628,0.65,2.0,0.002,4,3.238642119483527,12.954568477934108,29.147779075351743,51.81827391173643,0.00444776450578,0.0019690923630276,3.2386421194835084,3422.2415709029133,8.26466027653138,1.778079435076325,0.7780794350763249
2.1316509265349675,0.0447192759336483,0.011238384942041,192317867577.706,7748.499013568795,0.013283356837249,2.778779973128529,6.571174934389217,0.65,2.0,0.002,4,5.587300242827898,22.349200971311596,50.28570218545109,89.39680388524637,0.0033029805329413,0.0015430825151597,5.587300242827864,5115.240956349606,4.150518370911907,1.1760912513739177,0.17609125137391768
2.351581873854093,0.058276136971337,0.0083049675250471,186126371950.72177,7949.21059081382,0.0130736276879996,0.8298128317868048,4.369801712556901,0.65,2.0,0.002,4,3.295254330263382,13.181017321053528,29.65728897237044,52.72406928421411,0.0015983877393711,0.0007487514429028,3.295254330263348,1939.1902560232882,4.523585514931287,1.3260893620334544,0.3260893620334544
2.124223731440143,0.0246020106996597,0.0113759246184542,208386519096.23325,7606.053902855519,0.0337494919586654,7.596120276934478,6.977043101692894,0.65,2.0,0.002,4,5.983710277985699,23.934841111942795,53.85339250187129,95.73936444777118,0.0127631032590218,0.0061235022090867,5.983710277985682,3195.8605434988167,2.2609292280623117,1.1660061696773196,0.16600616967731963
1.0664501370752832,0.0723880950812778,0.0143016739399865,186407534821.92847,7907.426700917709,0.0271677351321528,5.155995877737849,18.300786121810884,0.65,2.0,0.002,4,27.68529540196961,110.74118160787845,249.1676586177265,442.9647264315138,6.164971196082574e-05,2.9865757416259035e-05,27.685295401969547,132086.31204445506,4.365155851802765,0.6610291079107993,0.3389708920892007
2.63808148503034,0.0234830811051479,0.0182146088753265,181730177413.9,7651.132972551521,0.0131082967317671,2.308202743182523,5.3395645326090895,0.65,2.0,0.002,4,5.783934186088524,23.13573674435409,52.05540767479672,92.54294697741638,0.0062634527011809,0.0034040256388463,5.783934186088507,5701.187313226737,4.316769784640612,0.9231717306624593,0.07682826933754072
2.9355481246928283,0.0706342141329044,0.0095557515891322,185184992007.6017,7894.090469306126,0.0149302751799818,6.093995329951027,3.902319943858565,0.65,2.0,0.002,4,2.435384514769987,9.741538059079948,21.91846063292988,38.96615223631979,0.008748647141282,0.004125694504897,2.435384514769976,1831.2013267257576,7.82062167106203,1.6023424310173633,0.6023424310173633
2.172703656829801,0.0469577037731902,0.0135608403937875,211921709379.42035,7972.685792019699,0.0237837121339351,7.207533190881882,3.722176717363985,0.65,2.0,0.002,4,6.715838869715649,26.863355478862594,60.44254982744084,107.45342191545038,0.0018495281743521,0.0009578100525329,6.715838869715633,9820.393197857991,5.515293194494583,0.5542385381145382,0.44576146188546184
1.376549494598577,0.0489933117480608,0.0151204915690021,194684503570.2465,7937.513894510157,0.0289914791272745,4.730871321351216,31.282375197384653,0.65,2.0,0.002,4,17.91987370460858,71.67949481843432,161.27886334147723,286.7179792737373,8.805538747079465e-05,2.7591217506294524e-05,17.919873704608534,51307.24168346938,4.047147581921008,1.745680561874698,0.745680561874698
1.9980389709980844,0.0275471813212387,0.009578246873049,210166093521.37872,7938.3967632005215,0.0206444636485167,0.7062134499869915,7.827537321942776,0.65,2.0,0.002,4,5.597863397582274,22.391453590329096,50.38077057824047,89.56581436131638,0.0007078578096877,0.000290779536139,5.597863397582228,2588.6556538015957,2.0925216231057746,1.3983080268310166,0.3983080268310166
1.652260285250008,0.0716400479773271,0.0051576028488477,197442104844.38095,7977.135871411163,0.0294186359832264,4.5594133224246445,3.248799900890949,0.65,2.0,0.002,4,4.262031100912965,17.04812440365186,38.35827990821669,68.19249761460745,0.0086410513299368,0.004421389708512,4.262031100912963,1746.1927812350104,2.4350014420424793,0.7622656484592589,0.23773435154074107
1.2332080911370331,0.0704466859364259,0.0129376432885679,182445176094.4037,7933.29801552053,0.0062291352682063,1.4698698596466746,30.266112307059338,0.65,2.0,0.002,4,18.499117199213934,73.99646879685575,166.49205479292544,295.985875187423,2.6067975976350816e-05,9.854092727350018e-06,18.499117199213895,60233.43391687712,4.458367648846661,1.6360841428879358,0.6360841428879358
1.2037527970350963,0.0573822559872835,0.0170517231560292,204987329760.17447,7993.845632730123,0.0057353626180612,0.2551312897801603,29.72385992199022,0.65,2.0,0.002,4,27.02144308575702,108.08577234302808,243.1929877718132,432.34308937211233,1.1724029569232372e-05,4.9098680294326485e-06,27.021443085756907,135701.85273967974,4.7077019854351425,1.1000100856070771,0.10001008560707714
2.1543229597651337,0.039923843253738,0.010080968885572,192706355293.1728,7778.131227331194,0.0415372945486684,4.743358064219994,9.749013437411254,0.65,2.0,0.002,4,4.90253038634545,19.6101215453818,44.12277347710906,78.4404861815272,0.0014932051650807,0.0005770430909565,4.902530386345447,3199.5656192534616,3.372024306234143,1.9885676720259107,0.9885676720259107
2.8458899713397168,0.0414885744780186,0.006246094984931,186213442538.92532,7885.717998403992,0.030304648080744,5.392709691904627,0.5906718605457456,0.65,2.0,0.002,4,1.6993644205324494,6.797457682129798,15.294279784792048,27.18983072851919,0.0387911701482099,0.0208885589755534,1.6993644205324463,331.5119806854971,2.90781283421307,0.3475839869359368,0.6524160130640633
2.069603826360804,0.0269987548846511,0.0093124443319499,205647593208.89655,7890.046275529191,0.016855503208521,3.359017343545817,3.243551244474244,0.65,2.0,0.002,4,5.033157800748387,20.132631202993547,45.29842020673549,80.53052481197419,0.0050244172840376,0.0025167595773958,5.033157800748335,2052.9814685224114,2.0527884667910326,0.644436628629444,0.35556337137055605
2.782985966663735,0.0768944915453754,0.0118646649123375,219496572965.86383,7913.964532305719,0.0343934321996065,4.379353906011388,6.279021985643914,0.65,2.0,0.002,4,3.65830171436474,14.63320685745896,32.924715429282664,58.53282742983584,0.0016420679878733,0.0006447819419603,3.6583017143647227,5308.167332070297,10.046755354970752,1.7163761974548588,0.7163761974548588
2.4741976929366207,0.0611640251071343,0.0178340317219007,191462803730.3308,7725.865312095621,0.048450809433685,4.620337999710557,11.19360574187771,0.65,2.0,0.002,4,6.5762548397823215,26.30501935912929,59.1862935580409,105.22007743651714,0.0004510928959353,0.0001579944413269,6.576254839782317,17799.75943668444,10.425505633829044,1.702124691726246,0.702124691726246
1.691394061301716,0.0619128268353027,0.0197147141152372,196990307740.8236,7756.88208160568,0.0242651062564269,4.312885283692243,31.229064138580352,0.65,2.0,0.002,4,15.747404002533637,62.98961601013454,141.72663602280272,251.95846404053816,4.437092224808525e-05,1.5120991458208724e-05,15.747404002533623,78388.21737868962,8.007060546734525,1.9831245920632927,0.9831245920632927
1.168230669113764,0.0346200472433428,0.0176538257714381,205503548019.1384,7859.65962005371,0.0351591464908109,7.652739888491338,9.135699946879877,0.65,2.0,0.002,4,29.99291497173007,119.97165988692028,269.93623474557063,479.8866395476811,7.005720142197596e-05,3.971017681542342e-05,29.99291497173004,99647.38995792455,2.8058783523890254,0.3045952670986055,0.6954047329013945
2.1234798109690263,0.0649794414640221,0.0160317969825438,208995431912.7253,7911.569386375775,0.008267480906943,5.144820555787726,5.5616676638478255,0.65,2.0,0.002,4,8.286139913648846,33.14455965459538,74.57525922283962,132.57823861838153,0.0007350819682137,0.0003675932642071,8.286139913648798,23719.373925814572,8.750622734246194,0.6712012736698707,0.3287987263301293
1.725182001596934,0.0704752870097344,0.009724646909446,218576042000.01797,7609.578854546326,0.0328634396308579,1.2111711623317802,11.861055509718575,0.65,2.0,0.002,4,7.940616579208235,31.76246631683294,71.46554921287411,127.04986526733175,0.0001842945683712,7.014305515486744e-05,7.940616579208229,11198.102245859684,4.498588197493618,1.4937197119900807,0.4937197119900807
2.803444909786971,0.0232546200171253,0.014568398011474,208850919591.2359,7881.604679725804,0.0117576688346188,9.082057463981087,3.3752946475680146,0.65,2.0,0.002,4,4.326810464556024,17.307241858224096,38.94129418100422,69.22896743289638,0.0221090272436037,0.0110645970366165,4.32681046455601,2766.2613162393213,3.742809507890275,0.7800883988835333,0.21991160111646668
1.1412707450317945,0.0341185648067065,0.0052465669342481,208209445708.9188,7608.378488747893,0.0252129549329064,6.523786799756229,7.156627956676342,0.65,2.0,0.002,4,9.55501254639693,38.22005018558772,85.99511291757238,152.8802007423509,0.005240782414912,0.0025272497737853,9.55501254639677,2801.167187178087,0.7771713288457659,0.7489919999503437,0.2510080000496563
2.387680257446582,0.0768311454293218,0.0128105800850832,192723078167.7877,7963.770258127305,0.0493615206974378,0.3025532101559998,3.985985281051394,0.65,2.0,0.002,4,5.0124864685346,20.0499458741384,45.1123782168114,80.19978349655361,0.0001621984566755,8.598451476685471e-05,5.012486468534579,9281.905926927868,9.35774053729917,0.7952111803339617,0.20478881966603835
2.5983287241565023,0.0626114836880662,0.0168766238105778,185823905531.34125,7871.069493084216,0.0381659860546489,3.069667681718662,9.771758411349898,0.65,2.0,0.002,4,5.507576693027793,22.03030677211117,49.56819023725013,88.12122708844468,0.0003987246622047,0.0001449275708695,5.507576693027769,12939.522621137865,10.805314465577831,1.774239190117916,0.774239190117916
2.3957406841404567,0.0397927832818251,0.0071059370626662,217875025239.6068,7950.19056159428,0.0105901589931699,3.691509129694572,1.476955047595278,0.65,2.0,0.002,4,2.9389077249496296,11.755630899798518,26.45016952454667,47.02252359919407,0.0093302633360967,0.0056497220953096,2.938907724949621,918.2155892233825,2.692855343095196,0.5025523717729504,0.4974476282270496
2.497357703129534,0.0769471552169246,0.0125510562930258,215509856120.09457,7665.128125595352,0.0132264373148313,5.17219615203786,3.863725507285166,0.65,2.0,0.002,4,4.838624127656144,19.35449651062457,43.54761714890529,77.4179860424983,0.0038764155950743,0.0019247766298736,4.838624127656117,8543.710633587249,9.243639946399872,0.7985173895201481,0.20148261047985194
2.1094390481173546,0.0212155256010647,0.0176336337188174,218946562926.93356,7861.361924801457,0.0347203507322016,5.327000592524014,7.602648366184048,0.65,2.0,0.002,4,9.483251707926568,37.93300683170627,85.3492653713391,151.7320273268251,0.0023460103275903,0.0011652236758876,9.483251707926563,11012.975675514477,3.101918532144309,0.8016921410858877,0.1983078589141123
1.7749941091761947,0.0340632561438023,0.0126717101293204,198382464146.99533,7631.2332299652,0.0160391321332971,2.8866943562429124,9.973158754574287,0.65,2.0,0.002,4,9.298757635408846,37.19503054163538,83.68881871867961,148.78012216654153,0.002941949780937,0.001472054492887,9.29875763540879,9979.128859321892,2.9233649611225325,1.0725259379379284,0.07252593793792839
2.005592592782463,0.0425290624955619,0.0119075452365449,181836280727.4204,7819.648739276545,0.0349804598253438,1.1842477399334257,4.272739403806893,0.65,2.0,0.002,4,6.473105831730588,25.89242332692235,58.257952485575295,103.5696933076894,0.000523409490796,0.0002639737462324,6.473105831730566,6568.907817229453,3.971074324035821,0.6600756290531078,0.3399243709468922
1.931881156648927,0.0254886713837477,0.007082439871928,191739198409.33276,7709.412650524725,0.0223293462143533,4.6268628834868535,2.5667146681564006,0.65,2.0,0.002,4,4.291371818974018,17.165487275896073,38.62234637076617,68.66194910358429,0.0121106037573602,0.0059928387140422,4.2913718189739996,977.3583411443723,1.3443173297818949,0.5981105288541654,0.4018894711458346
2.58286683983357,0.0494708064605122,0.0068663107527046,198614361049.28995,7958.4267253061425,0.0312838426298386,7.564607746057889,1.7029525412202708,0.65,2.0,0.002,4,2.3315266727388764,9.326106690955504,20.98374005464989,37.30442676382202,0.0476368781565681,0.024095695136561,2.3315266727388515,749.2248972392896,3.491175553244392,0.7304023415781074,0.26959765842189265
2.959846678201817,0.0361247786522032,0.0116194384163445,208360617223.658,7724.076119773681,0.008712363249595,3.827750510180617,3.733279579176583,0.65,2.0,0.002,4,3.123636635195524,12.494546540782094,28.112729716759716,49.97818616312838,0.0164126491385248,0.0076711162388143,3.12363663519552,1848.2335511303081,4.798175153960369,1.1951708905933303,0.19517089059333026
2.251010430830215,0.054300044475682,0.0130925051498276,195676568292.84448,7701.865876544357,0.0389894893400517,5.144718425840455,1.5419155671039424,0.65,2.0,0.002,4,5.905659840046135,23.62263936018454,53.15093856041522,94.49055744073816,0.0009717526791735,0.000583373789868,5.905659840046119,8485.217821721124,6.1626343718673136,0.26109115812059724,0.7389088418794028
2.2741342699865434,0.0491580344813212,0.0064788989914684,182851683557.05695,7871.077450863542,0.0183635695137525,6.727876463070237,2.0010456199148785,0.65,2.0,0.002,4,2.7379823631432783,10.951929452573111,24.6418412682895,43.80771781029245,0.0350218888261039,0.0175844283889675,2.7379823631432423,843.6009134720405,2.850466964186544,0.7308467895379903,0.2691532104620097
2.631017029768157,0.0499991449528499,0.0069957898216434,204581914701.9425,7628.643005660441,0.0417714589294141,7.639248117869519,2.192215077307698,0.65,2.0,0.002,4,2.3731689771967197,9.492675908786875,21.358520794770477,37.97070363514751,0.103645304792834,0.0537075588700663,2.373168977196713,780.4720371184837,3.51026808923173,0.9237500988645295,0.07624990113547048
1.1051157573401875,0.0289476183823008,0.0061862720345336,200785478373.90756,7921.122897500138,0.0074671155935509,7.81612615702114,11.327136997916204,0.65,2.0,0.002,4,11.56419747032134,46.25678988128536,104.07777723289205,185.02715952514143,0.0367424034210204,0.0200260319561469,11.564197470321329,4138.063153761279,0.7838020221102032,0.9795004821550719,0.020499517844928095
2.773469304332336,0.023512417176283,0.0175651926801137,207114574572.20404,7743.997117912052,0.0165358104135735,1.1375784088274208,10.141983775951765,0.65,2.0,0.002,4,5.3549840801929,21.4199363207716,48.19485672173611,85.6797452830864,0.0003550833276285,0.0001524815192224,5.3549840801928985,5020.937927356654,4.435154441606134,1.893933506444043,0.893933506444043
2.658215432193718,0.0649651734080147,0.017930420907481,219341239081.36557,7876.058106948084,0.0467657242432128,2.790600270598336,11.854540439000758,0.65,2.0,0.002,4,6.072186180617734,24.288744722470938,54.64967562555962,97.15497888988376,0.000198041100466,7.374432404639477e-05,6.072186180617734,17749.661384106086,12.193831161884725,1.9522689335251533,0.9522689335251533
2.2127829584794645,0.0667148206297555,0.0195037001041396,190073636038.77795,7631.557912395597,0.048933711995312,6.066152408044906,2.082724595192841,0.65,2.0,0.002,4,9.014112365822216,36.056449463288864,81.12701129239994,144.22579785315546,0.0002486835891199,0.0001601191210877,9.014112365822207,35242.52622057594,10.986550589579396,0.2310515456951339,0.7689484543048661
1.9550117472554656,0.0656859537910404,0.0185499180794607,208827837868.73407,7985.284489419751,0.0401902326832179,8.681334238793072,4.562382322360588,0.65,2.0,0.002,4,11.254378234761605,45.01751293904641,101.28940411285444,180.07005175618565,0.0003143504624859,0.0001713855875755,11.254378234761548,47558.37703312823,9.510958252092923,0.405387328130549,0.594612671869451
1.125505559913235,0.0659847962010662,0.0123592628260089,192519808540.07175,7844.113846004456,0.0409788562281664,1.1283622287015125,36.23250428508364,0.65,2.0,0.002,4,21.917564779995683,87.67025911998273,197.2580830199612,350.6810364799309,1.4364618737987376e-05,4.547733561367189e-06,21.91756477999559,68271.95184098504,3.5999625657291605,1.6531263691372071,0.6531263691372071
1.90209300037051,0.0540760538257095,0.0119272686717462,206350136392.66803,7821.759609351905,0.0194321996012334,3.522734977050063,6.768040923876436,0.65,2.0,0.002,4,7.678155607281034,30.71262242912413,69.10340046552932,122.85048971649654,0.00230951855716,0.001165445045987,7.678155607281017,11166.723571889643,4.797911246718932,0.8814670176075176,0.11853298239248244
1.424187949354358,0.0790813932460042,0.0131675251490305,187673300438.2329,7658.120444361692,0.0140362053750906,3.7014011999136023,8.291623396585875,0.65,2.0,0.002,4,14.572663835729362,58.29065534291745,131.1539745215643,233.1626213716698,0.0001383177047838,6.747304453706945e-05,14.572663835729333,47607.52477801488,5.678556772659112,0.5689847436304973,0.43101525636950266
2.7478466589573878,0.0637096131705934,0.0166356554490004,211672613105.83243,7802.893308695198,0.047610843934469,2.083560079407893,5.7702633527757055,0.65,2.0,0.002,4,5.203417638468264,20.813670553873056,46.83075874621437,83.25468221549222,0.0014040151922324,0.0007784200588164,5.203417638468235,12145.073796049757,11.362216277476014,1.1089371935315837,0.10893719353158371
1.422489851734523,0.0576653440230722,0.0122908928890002,184088271703.9543,7800.669761820383,0.0441271770511007,4.447238564842047,6.282954803504298,0.65,2.0,0.002,4,13.380164362536604,53.520657450146416,120.42147926282944,214.0826298005857,0.0002078298960942,0.0001173705151397,13.38016436253651,27792.782477821358,3.932324915082605,0.4695723186402789,0.5304276813597211
1.148530953186662,0.0319989916655453,0.0198095764954407,181582268647.83972,7685.47112925383,0.0241926943429331,2.9974265379973284,39.10372407818937,0.65,2.0,0.002,4,33.09942947642082,132.3977179056833,297.8948652877874,529.5908716227332,7.142352332709468e-05,2.9471978914173564e-05,33.09942947642078,121002.80582413446,2.7976584189975924,1.1814017551585263,0.1814017551585263
2.218150878823824,0.0777577997097323,0.0063617526498299,208126510928.43225,7877.086448849111,0.0351263409576564,5.2098586811687975,5.847505937302175,0.65,2.0,0.002,4,3.0137329209415222,12.054931683766087,27.123596288473703,48.21972673506436,0.0037011728219007,0.0016493422532855,3.013732920941501,1549.5896363467252,4.321628610549065,1.9402867110982727,0.9402867110982727
2.012049679127069,0.0341985700824933,0.0186810123646488,207534025121.51425,7819.42522408471,0.0356937958758139,5.167427818442761,3.288822607415536,0.65,2.0,0.002,4,10.779770177916182,43.11908071166473,97.01793160124564,172.47632284665892,0.0003522628025222,0.000199088018624,10.779770177916166,23055.292204785164,5.025645955732816,0.30509208945410904,0.694907910545891
2.1013897045109218,0.04431141509877,0.0145014911284088,206744481913.29263,7922.836083577262,0.0158038932626131,9.650317462390108,4.460969305595485,0.65,2.0,0.002,4,7.606858591268029,30.42743436507212,68.46172732141227,121.70973746028848,0.0021697185425063,0.0010671415216882,7.606858591268028,12219.571553146043,5.349159603285143,0.5864404145380415,0.4135595854619585
1.9744069657482788,0.0361168772920088,0.0162913764812237,213468910200.2385,7848.00074773399,0.0233120478411446,5.59449979518538,12.190610341607345,0.65,2.0,0.002,4,9.883288741020843,39.53315496408338,88.9495986691876,158.13261985633352,0.0012831205147987,0.0005396822796011,9.88328874102083,17579.090097006112,4.5586231148829075,1.2334568645161523,0.23345686451615233
1.919225234286408,0.0475774726472713,0.0125862597928523,199007880341.8925,7856.5514716759135,0.0479455451284361,1.809622392087498,6.577237251356266,0.65,2.0,0.002,4,7.7981792260580916,31.19271690423237,70.18361303452284,124.77086761692946,0.000808904562301,0.0004355233601754,7.7981792260580685,10838.573601502982,4.514669569590124,0.8434324296340928,0.15656757036590718
1.8027515781610943,0.0369334602516508,0.0057881999212396,210048256921.75143,7811.09825167678,0.0135933893391313,8.944401026094713,7.876772352236782,0.65,2.0,0.002,4,4.18797903383182,16.75191613532728,37.69181130448639,67.00766454130913,0.0090363571007462,0.0041453998469298,4.187979033831765,1042.1980225098714,1.5051559870958393,1.8808051063784763,0.8808051063784763
2.6890820810183933,0.0799567835103743,0.0143402456574167,201344141273.88663,7914.753036186069,0.0078684891149551,8.113032629924804,7.098489829799,0.65,2.0,0.002,4,4.535535202663184,18.142140810652737,40.81981682396866,72.56856324261095,0.0021220121113471,0.0009776266837576,4.5355352026631826,9909.235692461369,12.20178413230845,1.5650831737852895,0.5650831737852895
2.2054792481328924,0.0563273193932116,0.0056715816415601,203757410072.0165,7658.32743761348,0.0219751580663257,9.897870210709064,3.107945184755692,0.65,2.0,0.002,4,2.7272015241368224,10.90880609654729,24.5448137172314,43.63522438618916,0.0884089018645648,0.0491509265975536,2.727201524136801,792.1809262700825,2.697926928272526,1.1396096537968172,0.13960965379681722
1.544847726766501,0.0370781981075053,0.0059241899699783,192793926301.3115,7838.980427385931,0.0120108571733049,9.535519663541898,8.375212876508915,0.65,2.0,0.002,4,5.582178994476907,22.328715977907628,50.23961095029216,89.31486391163051,0.0093637455660613,0.0041833021398949,5.582178994476874,1636.176356781348,1.330034356876534,1.5003483200369474,0.5003483200369474
1.9183921913841304,0.0581551559113552,0.0168561990251835,189659562424.87177,7945.780152771515,0.0176090407389498,7.780724954800864,4.076805847300284,0.65,2.0,0.002,4,10.146895979344263,40.58758391737705,91.32206381409836,162.3503356695082,0.0004434969946605,0.000237799756586,10.146895979344215,30368.12476501695,7.471225106698154,0.40177861836756157,0.5982213816324384
2.314611236655909,0.0611881494753425,0.0079023423291595,208345210595.4056,7724.532410792135,0.0499403312627032,7.344499864432662,4.386304962364941,0.65,2.0,0.002,4,3.473638662349956,13.894554649399824,31.2627479611496,55.578218597599296,0.0132770338003367,0.0063476161286884,3.4736386623499333,2059.0762820766854,4.322583780483558,1.2627407133353312,0.2627407133353312
2.133285353862488,0.044689746499525,0.0189468860888642,188899910214.66437,7671.800296335483,0.0290913966068352,4.330287204530762,15.31232935962652,0.65,2.0,0.002,4,9.367774454820674,37.4710978192827,84.30997009338607,149.8843912771308,0.0003156733720402,0.0001086375606092,9.367774454820632,24004.60527043486,6.92886309798966,1.6345749391678444,0.6345749391678444
2.573882271624248,0.0459798929101888,0.0115735753563136,189814250597.34503,7683.770912583772,0.0314519868306063,2.4022748505163904,1.2425117902884548,0.65,2.0,0.002,4,3.937283110260776,15.749132441043104,35.43554799234698,62.996529764172415,0.0015331645584052,0.0008687826273553,3.937283110260773,3220.4874760121493,5.262215023692931,0.3155759328178362,0.6844240671821638
2.8309710965468198,0.0357677641071132,0.005098538416477,204619246811.4549,7797.031568564952,0.0400529372150134,1.0651896001262289,1.879458893771756,0.65,2.0,0.002,4,1.4777898312556432,5.911159325022573,13.30010848130079,23.64463730009029,0.0286387306055907,0.0157560296278447,1.4777898312556235,173.52310300120675,2.012668367172047,1.2718039155641294,0.2718039155641294
1.9207743380898996,0.0727846343563992,0.0070400846536722,212423384234.439,7796.328510353322,0.0069135917683114,9.728865588217523,7.228891141134633,0.65,2.0,0.002,4,4.516588685300542,18.06635474120217,40.649298167704885,72.26541896480867,0.0055594473621965,0.0025727096171575,4.5165886853005315,3089.832143305801,3.8366666377161764,1.60052013694792,0.6005201369479201
1.1274093985295244,0.0745764213090504,0.0134928624766942,203616692995.0932,7714.357536566565,0.0280236651358935,4.319947178009773,47.2678252876118,0.65,2.0,0.002,4,24.730155904236288,98.92062361694516,222.57140313812656,395.6824944677806,2.4349313869194043e-05,7.666370554065367e-06,24.73015590423618,105650.2421323983,4.375795844236241,1.9113436029537931,0.9113436029537931
1.7253800024736838,0.0440119577126981,0.0066816561743809,182393337047.44168,7952.640756103012,0.0449441640338098,0.1255308646052338,6.600320214872904,0.65,2.0,0.002,4,4.874080075865648,19.496320303462596,43.86672068279084,77.98528121385037,0.0001486755561677,6.25497543241225e-05,4.874080075865615,1892.195461431383,2.0175343607512444,1.3541673735634547,0.35416737356345473
1.6773912668415007,0.0336847644773849,0.0078316834679549,210536451749.3032,7980.616877260113,0.0113080883991499,9.600844069823856,8.236837482010364,0.65,2.0,0.002,4,6.482776418865815,25.93110567546326,58.34498776979234,103.72442270185304,0.0107222202124639,0.0047255129843215,6.482776418865747,2929.6201211487014,1.7657511007492632,1.2705725062552002,0.27057250625520024
1.1602944197410834,0.0213511305197148,0.0067167904575483,195799852406.90253,7786.682644032837,0.0111407733596231,4.170416065206092,11.286861446616962,0.65,2.0,0.002,4,11.344479884664269,45.37791953865708,102.10031896197845,181.5116781546283,0.0291932801936209,0.0144044774956408,11.344479884664187,3291.5637709502744,0.6478483515822128,0.994921015451302,0.00507898454869804
2.0974502616536324,0.041253051437947,0.0104681127513972,184693462003.9878,7806.802886776124,0.0240886490764891,7.315626766764733,2.86287772143555,0.65,2.0,0.002,4,5.2481163894835765,20.992465557934302,47.23304750535219,83.96986223173722,0.004485320626851,0.0023776864485877,5.248116389483561,3844.3773692487302,3.5355693418449263,0.5455057603471463,0.45449423965285374
2.6051493374867283,0.0329154964362337,0.0133023014294677,194185731084.71655,7899.148831229503,0.0365917397880741,7.018017595529442,3.878059749210865,0.65,2.0,0.002,4,4.406657529840124,17.626630119360495,39.65991776856112,70.50652047744198,0.017322046983298,0.0094923284616546,4.406657529840103,3453.730578127925,4.505158958307591,0.8800456407039149,0.11995435929608511
1.472747070817969,0.0500364114863993,0.0131085777783299,202095391572.48212,7885.820839308033,0.0173591664177887,6.682546422510624,20.35587425386249,0.65,2.0,0.002,4,13.873410799502029,55.49364319800812,124.86069719551828,221.9745727920325,0.0003718110476281,0.0001375870113471,13.873410799501997,28940.96697229979,3.8087880735748363,1.467258091614586,0.4672580916145861
2.295416805409532,0.0790181288459166,0.0118211797719712,189172658611.71948,7907.888830421706,0.0386836380788213,5.274760850649427,7.677156686834471,0.65,2.0,0.002,4,4.97583382656101,19.90333530624404,44.782504439049085,79.61334122497615,0.0013280022738946,0.0005159980004188,4.975833826560996,8286.500349148357,8.477731931217685,1.542888479485351,0.542888479485351
2.1444076694648744,0.06684723211596,0.0161743596802125,213165911123.3064,7892.534386549361,0.0489427515259362,0.2828864869249116,16.39703500059794,0.65,2.0,0.002,4,8.288811877225061,33.155247508900246,74.59930689502556,132.62099003560098,1.1387941928284383e-05,3.957378904778641e-06,8.288811877225024,24816.964971248177,9.149647547326005,1.9782129505981056,0.9782129505981056
2.626138918903406,0.0397158149804958,0.013690852730426,184185825591.2439,7802.233053220319,0.0334328050638131,4.553649748347525,3.53157091706744,0.65,2.0,0.002,4,4.373639713023753,17.49455885209501,39.36275741721378,69.97823540838004,0.0067110478498349,0.0034740923331356,4.373639713023753,4206.746498321505,5.570582320754151,0.8074672695492466,0.19253273045075336
1.9067786767490735,0.0500203501681628,0.0177991371790975,184860134423.51764,7820.1674192893,0.0063855494572389,1.024037038641776,6.446658036849848,0.65,2.0,0.002,4,10.79297665778161,43.17190663112644,97.1367899200345,172.68762652450576,8.839641655128392e-05,4.335853334913586e-05,10.792976657781576,30526.30450028018,6.637920086767556,0.5973012118211062,0.4026987881788938
2.6095437316983,0.0515646023163971,0.00794521730886,208976872764.33325,7627.5685406317725,0.0282908721268844,0.6244929066670225,3.1878304816509497,0.65,2.0,0.002,4,2.76924849865116,11.07699399460464,24.92323648786044,44.30797597841856,0.0037420843608495,0.0020610582034494,2.769248498651139,1234.416590016905,4.077351523961357,1.1511536372426294,0.15115363724262942
2.7380952203669677,0.0545857903963073,0.0112710546895808,207934506843.30023,7969.255733049808,0.0270296180572797,1.0831464684446546,5.498217371536298,0.65,2.0,0.002,4,3.482179210860936,13.928716843443745,31.33961289774842,55.71486737377497,0.0008247670750876,0.0003451660682554,3.482179210860911,3213.234703756644,6.71244090560953,1.5789587607631932,0.5789587607631932
1.5966595302654962,0.0332696851524382,0.0152461490173666,216781282591.4113,7719.6556364208445,0.0194701599224051,8.556983179418351,25.9832516897084,0.65,2.0,0.002,4,14.370659726554702,57.48263890621881,129.33593753899234,229.93055562487524,0.0003446950097084,0.0001146719007279,14.370659726554612,25486.033498621953,3.126000913706464,1.8080764685907655,0.8080764685907655
2.6089887098950064,0.0586624116907092,0.009182914373573,218605930865.1326,7681.768855156084,0.0274808920261297,5.262722416909944,1.6032681300648108,0.65,2.0,0.002,4,3.26336568029747,13.05346272118988,29.37029112267723,52.21385088475952,0.0057042595490666,0.0032854189859692,3.263365680297459,2269.525714714866,5.398136813172384,0.49129282070487157,0.5087071792951284
1.5475669790260989,0.0287172017468577,0.006878539744945,206831377569.9664,7662.77733118699,0.0110045804386095,5.392398677556605,9.927273782422752,0.65,2.0,0.002,4,6.766151308186161,27.064605232744643,60.89536177367546,108.25842093097856,0.0044476688394522,0.0019162287422074,6.766151308186112,2116.8358526942193,1.171234980908175,1.4671965391037172,0.46719653910371717
1.8234288878601168,0.0596622505940635,0.0184279367262978,210125024403.67972,7652.304247820469,0.0181630505271921,5.402812404646403,8.898463008316032,0.65,2.0,0.002,4,13.169554342766428,52.67821737106571,118.52598908489789,210.71286948426285,0.0002929572586384,0.0001434217482119,13.169554342766375,52520.55447673975,7.670565950860888,0.6756844443414047,0.32431555565859527
2.3345765234620472,0.0269053618639214,0.0160911514079113,205931553193.56503,7797.501158922721,0.0287748496250906,9.55247077165924,12.656425714962753,0.65,2.0,0.002,4,6.879927646982658,27.519710587930632,61.91934882284392,110.07884235172251,0.0018096728805917,0.0006602438231169,6.879927646982622,7363.545991734401,3.9405743401929074,1.839616107084145,0.839616107084145
1.6110644010767825,0.0616355224949404,0.0171254887943063,199480429220.7151,7746.771022962484,0.038513809357873,1.9954049362338504,19.41869946390516,0.65,2.0,0.002,4,15.182252658187922,60.72901063275169,136.64027392369132,242.91604253100675,8.696983043826347e-05,3.520245100598375e-05,15.182252658187913,59939.04908940444,6.586848626336949,1.2790394087818382,0.2790394087818382
1.9558617679129195,0.0452017843509891,0.0069294169868193,181554625421.43552,7614.183490779576,0.020758055811254,7.216140577519496,1.7497925374115386,0.65,2.0,0.002,4,4.010898069038713,16.04359227615485,36.09808262134841,64.1743691046194,0.0088008985636787,0.0048970979887077,4.010898069038686,1481.2445406487996,2.3322965809575336,0.4362595377126901,0.5637404622873099
1.4895930031002909,0.0296752437711154,0.0191002851621127,215519553144.2232,7910.943485331077,0.0282947684579478,4.957018363567531,23.5015519551762,0.65,2.0,0.002,4,20.373378601087737,81.49351440435095,183.36040740978964,325.9740576174038,0.0003781495178945,0.0001670016470975,20.373378601087712,54725.01694866875,3.339643093612584,1.153542199128498,0.15354219912849798
2.5814498054856605,0.0462241633336342,0.0101876128933607,205460762070.76837,7777.777983704526,0.0186541896660813,9.144109382091871,5.351183460110915,0.65,2.0,0.002,4,3.56296039479514,14.25184157918056,32.06664355315626,57.00736631672224,0.0101441209931366,0.0046106899910675,3.5629603947951365,2369.258520734775,4.727491153042553,1.5018924902808521,0.5018924902808521
1.3190478677919588,0.0748596574572387,0.0133499286104336,180243696219.8727,7607.313816428114,0.0399934672258121,1.7031698984460577,21.639153898586745,0.65,2.0,0.002,4,16.935634066548733,67.74253626619493,152.42070659893858,270.97014506477973,6.384562095347729e-05,2.5897945009897395e-05,16.935634066548616,56774.24016583294,5.014050128014473,1.2777291841306702,0.27772918413067016
2.273841904715433,0.0421369869442119,0.0117509446276773,207286481293.6961,7918.531017283378,0.0207214357250764,8.745044837122844,3.133030135180068,0.65,2.0,0.002,4,5.272841062270547,21.091364249082183,47.45556956043493,84.36545699632875,0.0053516829248639,0.0026449790172126,5.272841062270526,4892.831367775703,4.457703206750611,0.5941825475450536,0.4058174524549464
1.0644758079492112,0.0219426765496391,0.0078175152605282,211179554453.30777,7958.668710745797,0.0107583033451013,8.469287821959593,25.137093789872957,0.65,2.0,0.002,4,16.11506721356507,64.46026885426028,145.0356049220856,257.8410754170411,0.0011641490434848,0.0004218139452212,16.115067213565034,7449.52437312773,0.7266153466239589,1.5598503845341416,0.5598503845341416
2.594918235913307,0.0204496308882874,0.0168726962371976,195734811063.2523,7602.05400349991,0.0431178921023344,4.522869521614612,8.674200073323865,0.65,2.0,0.002,4,5.765473044513173,23.06189217805269,51.88925740061856,92.24756871221076,0.0024819408901403,0.0009700134084123,5.765473044513166,4466.056602046937,3.4032558068398973,1.5045079573442548,0.5045079573442548
2.2865260317346974,0.0566077228366176,0.0165769243617793,207273848907.50775,7934.5900679829,0.0067114138521614,4.359884238255258,2.540617359544159,0.65,2.0,0.002,4,7.348368358294265,29.39347343317706,66.1353152246484,117.57389373270824,0.0004717433397602,0.0002569263647539,7.3483683582942545,18146.457799515625,8.512366020831431,0.34573897709911505,0.654261022900885
2.5230154956397937,0.07536434574951,0.0187502042674905,205975704684.30963,7971.295459244866,0.0237516846387108,0.1358008233709152,2.122593603388548,0.65,2.0,0.002,4,6.789518358947033,27.158073435788133,61.10566523052331,108.63229374315252,1.061376779902116e-05,5.941084750989372e-06,6.7895183589470305,25859.994982574535,14.20989162114718,0.31262800852308703,0.687371991476913
2.9738461696298155,0.0610995089088172,0.0074752615426923,198387091623.5013,7824.120934235913,0.014759478816001,7.351566186599957,2.645274290343911,0.65,2.0,0.002,4,1.9300011818066352,7.720004727226541,17.370010636259718,30.880018908906163,0.0398738543442968,0.0193344456866983,1.930001181806633,781.3813783095273,5.313591584254988,1.3706076013216355,0.3706076013216355
2.713150354298381,0.0637156185522739,0.0120743572095125,189782513731.4349,7890.806296507349,0.0434537090618988,4.05951718756816,5.119305864823061,0.65,2.0,0.002,4,3.6476482915112856,14.590593166045142,32.82883462360157,58.36237266418057,0.0029609620695083,0.0012727148104229,3.6476482915112727,4325.744080817081,8.235219362203297,1.4034538024777765,0.4034538024777765
1.482488653426999,0.0501271746281715,0.0119986233398098,182962007765.26865,7957.792641936296,0.0091145910484679,9.766781628782134,3.0523617317491465,0.65,2.0,0.002,4,11.870310180161152,47.48124072064461,106.83279162145038,189.92496288257843,0.000532161659301,0.0003164141866889,11.870310180161097,19735.244877817626,3.5477960654723573,0.25714254180573753,0.7428574581942624
1.6142625873240577,0.0565070221876254,0.009981517817615,197934310293.13837,7945.065650301236,0.0350674914586624,7.647778213076693,10.839255977141075,0.65,2.0,0.002,4,8.669404627686292,34.67761851074517,78.02464164917664,138.71047404298068,0.0020843999748689,0.0008837175148428,8.669404627686232,10731.958066042627,3.616934830536653,1.250288392645246,0.25028839264524594
1.129162943543215,0.0434199274812668,0.019503341347379,192330394894.2975,7889.694417125477,0.0114782485249899,6.249344126196908,42.67478615818244,0.65,2.0,0.002,4,34.24671439102194,136.98685756408776,308.2204295191975,547.947430256351,8.51388500796019e-05,3.14993802778151e-05,34.2467143910218,174655.58595546262,3.772114957267259,1.2460986963867742,0.24609869638677417
2.575978935799019,0.0242541752084447,0.0116092410489267,214402151587.592,7745.104762138784,0.027670496237161,0.3136284003069694,2.519045586483005,0.65,2.0,0.002,4,4.173970635157786,16.695882540631143,37.56573571642007,66.78353016252457,0.0005530002599739,0.0002756155340809,4.173970635157776,1931.9169952063367,2.808859055963659,0.6035130111517388,0.39648698884826117
1.7488578792026432,0.0384661466630943,0.0094692971224217,211728045653.00345,7858.368462200548,0.0109873854918951,7.109933626582047,10.947331409723402,0.65,2.0,0.002,4,7.287204582404571,29.148818329618283,65.58484124164114,116.59527331847312,0.0024656991064838,0.0010562274121061,7.287204582404562,5247.289173514186,2.5029567047488523,1.5022676097438596,0.5022676097438596
2.840124168964926,0.0783403045742941,0.0187893933566918,190158503320.13623,7848.444372199953,0.0274863931267689,5.0108709586526485,5.04839192678106,0.65,2.0,0.002,4,5.1991630836693,20.7966523346772,46.79246775302369,83.18660933870879,0.0061986347412841,0.0032727835856221,5.199163083669272,17507.1538340042,16.405479579135278,0.9710008794758164,0.02899912052418363
1.4096441817202148,0.0516982269074474,0.018071820113594,196563242735.51303,7717.4295516299135,0.0230752402662976,1.033998928329591,35.56507520167912,0.65,2.0,0.002,4,20.8126298259712,83.2505193038848,187.3136684337408,333.0020772155392,1.2415645535411616e-05,3.902710543580185e-06,20.8126298259712,86904.72329306667,5.081942238561041,1.7088217826898056,0.7088217826898056
2.311745721965681,0.0365018624378151,0.0059742016881491,182197399567.9068,7832.690919183486,0.005977555506684,8.503041920047279,1.1728101935806323,0.65,2.0,0.002,4,2.444807118171444,9.779228472685777,22.003264063542996,39.1169138907431,0.0432333308374569,0.0246180355071106,2.444807118171422,465.8701667902489,1.974312797884837,0.4797148146631004,0.5202851853368996
2.5346925417017587,0.0700972624495925,0.0109650480570558,182672150543.8776,7793.589999386221,0.0245201664662773,2.05009158770509,6.793115306226371,0.65,2.0,0.002,4,3.746766365239871,14.987065460959483,33.720897287158834,59.94826184383793,0.0007802968325457,0.0003257699300882,3.74676636523985,4207.434906519104,7.591794489102053,1.8130608220594262,0.8130608220594262
2.819234823480291,0.0230537330301128,0.0110597257034477,211212746322.15344,7897.5258760712,0.0433230273846214,7.419964313319558,6.215373630858898,0.65,2.0,0.002,4,3.2630643658791265,13.052257463516506,29.367579292912144,52.20902985406602,0.0090458943344358,0.0037818763209831,3.2630643658791243,1193.1332440902681,2.83842830287483,1.9047658685042126,0.9047658685042126
1.1088400574195378,0.0695448674863492,0.016104034002208,203670471619.6728,7775.542866057995,0.0390709558971582,7.424592252361577,13.5848722800933,0.65,2.0,0.002,4,30.39658499400219,121.58633997600876,273.5692649460197,486.34535990403504,4.223112231194155e-05,2.3432788017959464e-05,30.39658499400213,176107.85144722465,4.828023704778674,0.446921003881649,0.553078996118351
2.830430197878341,0.0605464803169224,0.0116700444109834,204566031909.55252,7820.74672295118,0.0073199818617294,4.0047711952372005,4.669702277014037,0.65,2.0,0.002,4,3.378232334519333,13.512929338077331,30.404091010674,54.05171735230933,0.0046103832859453,0.0022418748057412,3.3782323345193164,3523.472213702562,7.8204561529961865,1.3822916290564964,0.3822916290564964
2.557211925529633,0.0627736654116463,0.0126499660891925,218683722855.61783,7614.485420583953,0.0074529616119596,4.330888603966869,2.2757995969494047,0.65,2.0,0.002,4,4.700814597379042,18.803258389516166,42.30733137641138,75.21303355806467,0.0016511792864608,0.0009257022340957,4.700814597379025,6744.505553380367,7.731150621197137,0.4841287716852935,0.5158712283147064
1.333164488894663,0.0690357461484762,0.0127367276114526,182381994987.21692,7919.370953916694,0.0404752185045134,4.872393473816455,23.640885265946515,0.65,2.0,0.002,4,15.594278242684217,62.37711297073687,140.34850418415795,249.50845188294747,0.0001365312809092,4.8002324428701405e-05,15.594278242684197,44562.19824810182,4.641691919341867,1.515997399689675,0.515997399689675
2.100128218531826,0.0787224691844642,0.01991084656699,211747924016.95715,7641.382426245333,0.0261053124947019,8.559678433754634,14.53951137818578,0.65,2.0,0.002,4,10.77583596873434,43.10334387493736,96.98252371860907,172.41337549974943,0.0004438478828589,0.0001699339407734,10.775835968734292,57655.117788711446,12.576974583674133,1.3492699239642902,0.34926992396429024
2.2671380318082504,0.0218750894666519,0.0194898430002693,216363824718.80203,7633.840578530601,0.044075909675925,3.3528550636276444,2.943026994253332,0.65,2.0,0.002,4,9.15382176184031,36.61528704736124,82.3843958565628,146.46114818944497,0.0004955194469216,0.0002813127791057,9.15382176184027,12204.328020326238,3.6893446800892264,0.321508007346395,0.678491992653605
1.5546012238802476,0.0485297326112484,0.0055867976338042,181483893292.2453,7729.60922228964,0.0224305125836714,5.850359275035959,9.54452823042926,0.65,2.0,0.002,4,5.079189994519274,20.316759978077098,45.71270995067347,81.26703991230839,0.0031243094410912,0.0012790632603426,5.079189994519214,1659.0750824125812,1.6289861314081961,1.8791437691302046,0.8791437691302046
2.6198046610859262,0.0268092719030794,0.0104281694896296,196073274659.90125,7998.13056918576,0.0194439499363076,5.591862382635402,4.572051147987837,0.65,2.0,0.002,4,3.411257239970348,13.64502895988139,30.701315159733127,54.58011583952556,0.0162910536337031,0.0073189010958942,3.4112572399703462,1345.5789442820621,2.9290076440154578,1.3402833109201644,0.3402833109201644
1.803659292700556,0.0655282238742321,0.0131350149612894,204157252513.9036,7664.45734549732,0.0208526992653704,6.255378858331343,2.3451148569167306,0.65,2.0,0.002,4,9.4491451190113,37.7965804760452,85.04230607110169,151.1863219041808,0.0003772450600904,0.000229710052579,9.449145119011284,20970.542352754423,5.949286559359407,0.24818275382377797,0.751817246176222
2.8333901561707,0.0785947994074,0.009494703445281,187007415890.0424,7687.801660379338,0.0264988514908829,8.757605431220465,2.909676105565301,0.65,2.0,0.002,4,2.645003350935238,10.580013403740953,23.80503015841715,42.32005361496381,0.0433979762971134,0.0244041948048709,2.645003350935228,2244.7395569184105,8.12743996029312,1.1000651868877556,0.10006518688775556
2.539153849382177,0.074245553091103,0.0165316370838296,210101551124.83347,7902.278528640165,0.0325642494796048,2.5533183220318736,11.028276352012956,0.65,2.0,0.002,4,5.995225841533201,23.980903366132804,53.95703257379881,95.9236134645312,0.0002196390052773,8.086361370951585e-05,5.995225841533169,17473.040961974228,12.313957855318087,1.8395097438385535,0.8395097438385535
2.209649116152318,0.0550139193140037,0.0088356763040281,188256971062.9283,7930.543276028543,0.0091725501954364,5.176946127889182,4.54580295435907,0.65,2.0,0.002,4,3.998034018485212,15.992136073940848,35.98230616636691,63.968544295763394,0.0157672728847553,0.0076199601951922,3.998034018485201,2687.579679253154,4.259009823375065,1.1370095735407002,0.1370095735407002
1.6859094258598444,0.038833522664886,0.0092581512593006,204933015285.8852,7713.450139058706,0.0462583767372975,2.8887050660245017,12.361420793738237,0.65,2.0,0.002,4,7.613190117909485,30.45276047163794,68.51871106118537,121.81104188655176,0.0007222048418288,0.0002531713796817,7.613190117909473,5349.055041701415,2.3376741781738777,1.62368476319262,0.6236847631926199
2.243710603631172,0.051193085460009,0.0190493601998407,186510875056.2421,7719.755239803903,0.0438069787443887,6.695405193254665,9.930773679080543,0.65,2.0,0.002,4,8.433857939114628,33.73543175645851,75.90472145203164,134.94172702583404,0.0014112565480866,0.0006748735900183,8.433857939114617,23716.16017459068,8.445630467175762,1.177488849204291,0.17748884920429098
1.948832089785288,0.0353125339759449,0.0054686146848597,207616324351.15808,7774.035100339537,0.0237055186900505,2.574868864882238,3.94133449728296,0.65,2.0,0.002,4,3.3741565952532384,13.496626381012954,30.36740935727915,53.986505524051815,0.0207410197323242,0.0100707174259227,3.37415659525321,657.4872517826897,1.4628410234032196,1.1680947181964407,0.16809471819644073
2.279381474927087,0.0772666720876254,0.0100978861023949,191236639044.2062,7750.69699210769,0.0410427092334752,1.2974928564607613,2.505260063075827,0.65,2.0,0.002,4,4.377648275139599,17.510593100558395,39.39883447625639,70.04237240223358,0.000666668365026,0.0003484530306883,4.377648275139589,5214.2508347315115,6.892082265887717,0.5722844563148332,0.42771554368516684
2.918438894556096,0.0652885920855983,0.0068621357020121,192502288463.30756,7918.545980325256,0.0173816312182647,7.42668858028185,1.8899563821848508,0.65,2.0,0.002,4,1.8012855865987758,7.205142346395103,16.21157027938898,28.820569385580413,0.1578166464480942,0.0731832920449578,1.8012855865987532,663.1129997104165,5.176815145030432,1.0492263948847382,0.049226394884738234
2.5361137686999604,0.0500142800163669,0.0082713797825406,195870880492.6128,7892.311603135761,0.0171991372076686,6.357142789482431,1.3564389157979475,0.65,2.0,0.002,4,2.905043087863918,11.620172351455672,26.145387790775263,46.48068940582269,0.0112987651441845,0.0062634440421649,2.9050430878639095,1379.3670149868155,4.140139199345444,0.46692557554984243,0.5330744244501575
1.43674261336339,0.0229988287355749,0.014805580734014,206768521305.90125,7866.105424683534,0.0303083359482562,3.489768527739302,10.59956482858264,0.65,2.0,0.002,4,16.67474051895429,66.69896207581716,150.0726646705886,266.79584830326866,0.0003337796498374,0.0001615158339762,16.674740518954245,21121.162196752317,1.9241543462046125,0.6356659533342706,0.36433404666572944
2.965784297024693,0.054493910475678,0.0114464913414943,213490673606.36212,7899.829339509689,0.0106187768870462,6.003173872294374,3.884087138128263,0.65,2.0,0.002,4,3.0676309755911886,12.270523902364754,27.608678780320695,49.08209560945902,0.0130439238572134,0.006449826310722,3.0676309755911744,2714.6484668420153,7.307143446389615,1.2661520140569538,0.26615201405695377
1.867920365047091,0.0599170022515177,0.011635245032634,217304066413.5995,7705.886674752029,0.0256279975291077,4.987157492787013,12.137742267220617,0.65,2.0,0.002,4,8.029910254211192,32.11964101684477,72.26919228790074,128.47856406737907,0.0007180262457301,0.0002724417418258,8.029910254211137,12771.964693596836,5.017375325687728,1.5115663666172612,0.5115663666172612
1.6211848402347886,0.0329432196796662,0.0068914301024204,191619116594.57004,7861.826614634555,0.0166293572097089,8.84604528149623,3.812936768575799,0.65,2.0,0.002,4,5.869907095985839,23.47962838394336,52.829163863872544,93.91851353577344,0.0109171861133901,0.0053840464547093,5.869907095985835,1967.9931837537838,1.4467763400369313,0.6495736144075083,0.35042638559249173
1.8301250484728508,0.0497858712684936,0.008538756982943,212228669630.2505,7983.937771349957,0.0180876271236792,9.317767294706776,9.96685982812107,0.65,2.0,0.002,4,5.96013135738222,23.84052542952888,53.64118221643999,95.36210171811553,0.0031331110887704,0.0012239077306483,5.960131357382159,4355.520655307533,3.1057656199139507,1.6722550612540137,0.6722550612540137
2.1299317016451584,0.0217047051503273,0.0136889635185544,216097208201.64093,7601.732027407256,0.0430386715480152,8.03909605158122,2.852315519967912,0.65,2.0,0.002,4,7.295192648038794,29.180770592155177,65.65673383234915,116.72308236862072,0.0029366321508793,0.0016092416109161,7.295192648038742,5053.659315282417,2.405319070051278,0.39098563363295635,0.6090143663670436
1.0555334279016355,0.0739746386816335,0.012847105882643,204419965671.35712,7846.422431368775,0.0284987226759253,7.715686669276596,48.86456208209068,0.65,2.0,0.002,4,26.68802199558611,106.75208798234443,240.19219796027497,427.00835192937774,4.462381961517304e-05,1.3609099868104491e-05,26.688021995585903,110660.93829014438,3.9355174080577533,1.830954804000562,0.8309548040005621
2.80200661759791,0.0389368138786109,0.0125759105629939,219822198826.67715,7782.412912959024,0.0332712769463081,9.956397479246302,3.323878644429226,0.65,2.0,0.002,4,3.860193009434888,15.440772037739553,34.74173708491399,61.76308815095821,0.0269694417846932,0.0143407790115,3.8601930094348873,3140.7332937176357,5.338918383278512,0.8610654017312531,0.13893459826874688
2.321757550213788,0.054973559309934,0.0129264299716509,208229595964.89352,7761.21482268046,0.0080945711484052,5.420799650893113,8.460850722457334,0.65,2.0,0.002,4,5.63223146811492,22.52892587245968,50.69008321303428,90.11570348983872,0.0016483457839739,0.0007755066587977,5.632231468114887,8018.068383053528,6.402491782022493,1.5022199940389147,0.5022199940389147
2.9584492674145597,0.0426286808213408,0.0157896880053623,215502843539.52173,7757.851955260033,0.0193609619869849,6.126537176092643,5.371207960152225,0.65,2.0,0.002,4,4.311519046131023,17.246076184524092,38.8036714151792,68.98430473809637,0.0064374410691141,0.0029268239289209,4.311519046131009,5668.54259939393,7.724156422742752,1.2457808727464954,0.2457808727464954
2.51993376740146,0.0276975955106672,0.0167125753177857,217540458358.44263,7891.349986298564,0.0248550236816251,8.779113573641858,7.202261849655946,0.65,2.0,0.002,4,6.265976276454346,25.063905105817383,56.39378648808911,100.25562042326952,0.0091286739174513,0.004394916325185,6.265976276454338,7134.000097373283,4.602522090803331,1.1494237341306077,0.14942373413060772
2.0705364240131736,0.0378216082579016,0.0132248220868629,207594410353.9693,7812.312941839007,0.0324335847271948,0.4833026727505536,9.992737790164872,0.65,2.0,0.002,4,7.210599174030748,28.842396696122997,64.89539256627674,115.36958678449196,0.0001531863827934,6.012439547595645e-05,7.21059917403074,8303.568769667807,4.045408113422662,1.385840142959841,0.38584014295984104
2.0005921121017107,0.0412112102881526,0.0085190344866949,218357565486.62997,7785.351896253276,0.0467964941617547,1.7235972880417063,2.7103109967560357,0.65,2.0,0.002,4,5.111490102561448,20.445960410245792,46.00341092305303,81.78384164098317,0.0012278186284705,0.000698689103501,5.1114901025614445,2820.118349489754,2.7340883807814436,0.5302389210140225,0.4697610789859775
1.480947108190476,0.0451886336633471,0.0081683149165694,185143540365.0081,7751.999357805556,0.0309119722281657,3.663333487101572,10.725092569010489,0.65,2.0,0.002,4,8.253345938812869,33.013383755251475,74.28011344931582,132.0535350210059,0.0014993153767531,0.000618121608749,8.253345938812792,5697.768475562717,2.1187756026080278,1.2994841908387578,0.29948419083875777
2.245253074180166,0.0655285202401179,0.010227612779757,185756521105.5282,7742.296242066968,0.0391169697709361,7.892109034506222,7.27296298277475,0.65,2.0,0.002,4,4.506195960371997,18.024783841487988,40.55576364334797,72.09913536595195,0.0031178988884938,0.0011871965095036,4.506195960371985,4669.706779866311,5.8251850557715406,1.613991723115026,0.613991723115026
1.8650385360293156,0.067891819178032,0.0058011120641338,208833753371.2092,7635.291707381346,0.0431375472626189,2.098808084703183,6.023112440198359,0.65,2.0,0.002,4,3.955054019816217,15.820216079264869,35.59548617834596,63.28086431705948,0.0020847341893316,0.0008415004369225,3.9550540198161577,1731.7162213570778,2.8042204303909752,1.522890056626415,0.522890056626415
2.534455566721051,0.029679630797481,0.0087875504015266,189414168271.6081,7736.896406385987,0.0268403864519982,8.14327680967145,4.206264956967372,0.65,2.0,0.002,4,3.0693792954977317,12.277517181990923,27.62441365947958,49.1100687279637,0.0293345155112546,0.0129401368231237,3.06937929549771,951.0615985381411,2.5571004643162314,1.3703959504572445,0.3703959504572445
1.988345300928456,0.0569020013394367,0.0147592571225017,213222349434.46368,7709.355825533544,0.0100367659518973,1.9462190590440755,16.79320404105055,0.65,2.0,0.002,4,8.902612181056897,35.61044872422759,80.12350962951209,142.44179489691035,0.0001139892725496,4.69697841204735e-05,8.902612181056899,20140.33033021458,6.436828569652067,1.886323216098682,0.886323216098682
2.008285573720753,0.0352490698172743,0.0055888718228349,203405639176.87436,7760.498945924513,0.0225774616745673,9.968446679389952,1.290661183559883,0.65,2.0,0.002,4,3.216911688707397,12.867646754829588,28.95220519836657,51.47058701931835,0.0286160473179839,0.015671979545038,3.2169116887073748,627.1839583406814,1.535171600106629,0.40121125739653074,0.5987887426034693
1.5535854879492914,0.0455811946834614,0.0081731484047574,215425550808.03183,7744.469324167076,0.0346086034022444,3.95156726838892,14.764390909050489,0.65,2.0,0.002,4,8.098435006878507,32.39374002751403,72.88591506190657,129.5749601100561,0.0006393297721467,0.0002211123799932,8.098435006878418,5802.749885230505,2.2411550976133334,1.8231165523351525,0.8231165523351525
2.010306789717497,0.0340904097955538,0.0065862520619227,193532220984.11856,7926.292254220422,0.0222504257034728,7.747807479621893,6.006421792442152,0.65,2.0,0.002,4,3.651611130951943,14.60644452380777,32.86450017856749,58.42577809523108,0.0136327174374306,0.0057642176223673,3.6516111309519386,941.6765937592179,1.7888461663345072,1.6448689570283839,0.6448689570283839
2.9627907718033413,0.079569065165214,0.0167629588151438,186487351131.8417,7991.083782365248,0.0197516049350877,3.4028341339761825,6.012000262093302,0.65,2.0,0.002,4,4.183115090617266,16.732460362469062,37.6480358155554,66.92984144987625,0.0010905113631421,0.0004798204911465,4.183115090617244,10907.644352059226,15.789617350969687,1.4372065152063973,0.4372065152063973
2.010402739798092,0.0727423148581345,0.012985050906733,202019076883.1944,7727.599949230437,0.0377826929304859,0.5979522013583116,14.467731467293213,0.65,2.0,0.002,4,7.448702884032894,29.794811536131576,67.03832595629605,119.1792461445263,3.67366334965564e-05,1.3394446741135735e-05,7.448702884032841,16071.24479022813,7.337168226623319,1.9423155538001757,0.9423155538001757
1.5396806446488012,0.0433588203107579,0.0111605692422975,205361609925.92987,7720.14582093923,0.0172749715756628,3.670021206259743,15.807848669792834,0.65,2.0,0.002,4,11.010351354482989,44.04140541793195,99.09316219034687,176.1656216717278,0.0004905219965099,0.0001851003124333,11.010351354482962,13764.23424119492,2.8760071538541805,1.4357260872839022,0.43572608728390216
2.104336129704012,0.0218555553016121,0.011245538827853,211974938886.02945,7610.904095523515,0.0330773710570928,1.6679586169895828,10.65400308282146,0.65,2.0,0.002,4,6.077198676643471,24.308794706573885,54.69478808979124,97.23517882629554,0.0008298760277662,0.0002992590341611,6.077198676643436,2869.6576351748117,1.9681739545821337,1.7531108738913057,0.7531108738913057
2.4668609115481184,0.0637624661904895,0.0165879657957232,211575834331.3695,7615.629892874849,0.0173000463496157,2.3741239273328647,9.495375551574002,0.65,2.0,0.002,4,6.514981313790299,26.0599252551612,58.634831824112695,104.2397010206448,0.0003971479770516,0.0001639292054915,6.514981313790276,16648.10554965118,9.935248522470799,1.4574678106098506,0.45746781060985064
1.508055452306378,0.0542813905176471,0.0075758317593984,217649302270.42972,7954.766990562916,0.0201613212251977,7.788962600356932,2.9384934188678296,0.65,2.0,0.002,4,7.901141896654095,31.60456758661638,71.11027706988685,126.41827034646552,0.0016866981736441,0.0009192700225132,7.901141896654027,6079.047315967917,2.4665848759557467,0.37190743531795345,0.6280925646820466
1.1187257605178471,0.0618977836752923,0.015745052001944,200499214490.6811,7948.155042161017,0.0352596561240505,3.690380112784468,6.746020274312722,0.65,2.0,0.002,4,28.651624376711727,114.6064975068469,257.86461939040555,458.4259900273876,1.9610877552455555e-05,1.2484767621114724e-05,28.65162437671164,140422.7279858222,4.332905041158277,0.23544983647754236,0.7645501635224576
1.7310065964427146,0.0295843080573625,0.0098087609367485,218571305948.1643,7848.724553781255,0.0174880003745306,4.564061144904827,13.347289243374536,0.65,2.0,0.002,4,7.833268042214757,31.33307216885903,70.49941237993282,125.33228867543612,0.001265446971656,0.0004695255132782,7.833268042214683,4775.172812902961,1.97125760215669,1.7039234673758064,0.7039234673758064
2.217491267833892,0.0509340462345414,0.0137875134315325,206499812547.22644,7768.251215182709,0.0184446144462912,1.9201493784252008,12.39152092732376,0.65,2.0,0.002,4,6.555254630312757,26.22101852125103,58.99729167281482,104.88407408500412,0.0002344396485355,9.43843094143462e-05,6.555254630312716,10260.964371732445,6.048522646151895,1.8903187787737588,0.8903187787737588
2.3718443382578105,0.0451518947851579,0.0112535474983148,184911754010.9664,7720.739842119344,0.0249923174263252,8.649265172439236,8.063098756743384,0.65,2.0,0.002,4,4.439143000576335,17.75657200230534,39.95228700518702,71.02628800922136,0.0035564768683523,0.0014282620359306,4.4391430005763315,3619.4163368412233,4.652437362416099,1.816363824210339,0.816363824210339
1.3525429541060192,0.0695616934290087,0.016465214638164,186689064204.9069,7903.285468216382,0.0347422787987339,9.820019215926282,29.38263921457744,0.65,2.0,0.002,4,19.835818358315525,79.3432734332621,178.52236522483977,317.3730937330484,0.0001393574692762,4.963689748864706e-05,19.835818358315457,95088.12073035222,6.121618801721453,1.4812920084166743,0.4812920084166743
1.9698617114322663,0.0242581071737185,0.0186410231070946,210540089836.3256,7742.558425897994,0.0492767711255531,3.179971380005721,9.848641620736077,0.65,2.0,0.002,4,11.359328981924609,45.43731592769843,102.23396083732146,181.7492637107937,0.0009908310321085,0.0005486096343837,11.359328981924577,17566.368193273967,3.448394070611566,0.8670091020699932,0.13299089793000685
1.7033747979805856,0.0676998535793139,0.015827147191702,199083859292.87357,7909.852758983477,0.0484600274416686,2.0860130202919995,2.872950024955928,0.65,2.0,0.002,4,12.40924292294434,49.63697169177736,111.68318630649904,198.54788676710945,5.296688587033675e-05,3.4306820211267984e-05,12.409242922944275,43882.29181661933,7.218367544619929,0.2315169461018399,0.7684830538981601
2.349969852142096,0.0526014287628366,0.0050730195613609,188262538618.3108,7640.175869364246,0.0125440365808231,1.5589500592234358,2.731523362170505,0.65,2.0,0.002,4,2.067766461554873,8.271065846219493,18.60989815399386,33.08426338487797,0.0146393854268799,0.0069526056253408,2.0677664615548728,404.3546473919202,2.395519598856538,1.3210018698709887,0.32100186987098867
2.181717794778666,0.0426435595407229,0.0176867067642439,213006419468.4613,7644.354822761531,0.0305278531885953,3.1255678756508853,10.437323151707174,0.65,2.0,0.002,4,8.894161461744208,35.57664584697683,80.04745315569788,142.30658338790732,0.0008677306918347,0.0003950104205712,8.894161461744172,19641.723587620552,6.289409030106123,1.1735027744437172,0.1735027744437172
1.0540246859637252,0.0656680642139189,0.0098431972376399,192953019143.5812,7825.895812435015,0.0269031904115944,1.3034442989601946,31.29576521056181,0.65,2.0,0.002,4,19.94906911424825,79.796276456993,179.54162202823426,319.185105827972,2.9552545603424105e-05,9.774293114070306e-06,19.94906911424809,41884.20311043052,2.6659085672640357,1.5687832365175198,0.5687832365175198
1.0840200826087345,0.0570635494646731,0.0156601871434681,218876670432.95868,7658.305280095934,0.016080944841926,9.3311879925355,43.13294631185765,0.65,2.0,0.002,4,32.30613065669728,129.2245226267891,290.7551759102755,516.8980905071564,0.000101218776439,3.611813722681259e-05,32.306130656697185,152835.8947220204,3.709332260576111,1.3351319218699447,0.33513192186994467
1.808624231227344,0.0471093370059521,0.0180174558517095,218493434627.2055,7937.665855896093,0.0428745543538526,2.070249598459066,8.958058948862346,0.65,2.0,0.002,4,13.103847188017529,52.41538875207011,117.93462469215775,209.66155500828043,0.0001336548582316,6.890038619719714e-05,13.103847188017477,41301.80173177488,6.092725627700268,0.6836205291720622,0.3163794708279378
1.1160104076118251,0.0606120967405383,0.0092465155384565,182770608348.66724,7842.635565873457,0.0379493894358159,5.221114513782771,3.4155239302078257,0.65,2.0,0.002,4,16.251484193247663,65.00593677299065,146.26335773922895,260.0237470919626,0.0001405987966723,9.609689872171216e-05,16.251484193247617,25573.106744382298,2.452661958797774,0.21016689242616704,0.789833107573833
2.5883984413059977,0.0505125685566491,0.0061279935811771,207230083921.91165,7799.740722347387,0.0142213910499915,8.789252493679314,1.5488175482115552,0.65,2.0,0.002,4,2.13782235837306,8.551289433492238,19.240401225357537,34.20515773396895,0.0777769844597884,0.0377539289870764,2.137822358373048,563.7700767830279,3.1246332849846565,0.7244837449404615,0.2755162550595385
1.1751515266375,0.0470603149707326,0.0140171112236802,204305675167.1723,7636.914661300494,0.0487208727695596,1.3052882581032128,33.06219593421535,0.65,2.0,0.002,4,23.805717835123392,95.22287134049355,214.2514605161105,380.8914853619743,2.7311260787289265e-05,1.0209997586939631e-05,23.805717835123275,66224.31275500062,2.960023506973239,1.3888342356740424,0.3888342356740424
1.3479583887140243,0.0593130468827321,0.0199424733163688,206044244611.6739,7993.889408822559,0.0309653310015407,2.9047553339420595,44.72663520761689,0.65,2.0,0.002,4,25.26716277527423,101.06865110109692,227.40446497746805,404.2746044043877,1.617067339636871e-05,4.93304781511658e-06,25.26716277527414,160622.57080969942,6.37285268736769,1.77014869478679,0.7701486947867899
2.4324959514386086,0.0700019723141431,0.016827787368355,203841355175.5764,7655.979394594977,0.0335954866654564,8.881886908011044,9.034539855368536,0.65,2.0,0.002,4,6.654229702434062,26.616918809736248,59.88806732190656,106.467675238945,0.0015231586096726,0.0006129206177071,6.654229702434045,19174.122266020462,10.968826791149286,1.3577138541015197,0.3577138541015197
2.124018349425736,0.0275938275274376,0.0162727934041909,200307079898.47116,7889.372547350915,0.0441212822095335,6.326585369911494,10.733542273504238,0.65,2.0,0.002,4,8.241414431084308,32.965657724337234,74.17272987975878,131.86263089734894,0.0019407950369984,0.0008215796549279,8.241414431084308,10088.068759896058,3.7622252114829235,1.3023907926557268,0.30239079265572677
2.4953525309245634,0.0741518270653495,0.0089451445542432,216059025152.4537,7643.477850416301,0.0489957371478445,1.7320330684861407,2.352379889371856,0.65,2.0,0.002,4,3.463327003827533,13.853308015310132,31.169943034447797,55.41323206124053,0.0020667301549976,0.0010988544455319,3.46332700382752,2995.358989748416,6.325606098287955,0.6792254634841316,0.3207745365158684
1.452048487507959,0.061091317159028,0.0102567060715847,216794503274.64252,7683.022087660386,0.0207421782946403,9.324963411831224,21.002650149122108,0.65,2.0,0.002,4,11.717447570468403,46.86979028187361,105.45702813421563,187.47916112749445,0.000470619590398,0.0001599947724167,11.717447570468345,18945.077156276995,3.495188507574377,1.7924253573837527,0.7924253573837527
1.1517976819787143,0.0593930391197675,0.0118531641122726,207552563887.9665,7838.784282216221,0.0450163580037087,0.7631843114593676,17.288211584937272,0.65,2.0,0.002,4,20.847349430168286,83.38939772067314,187.62614487151455,333.5575908826926,3.8856562448653e-05,2.029463127327996e-05,20.847349430168176,54528.831589608024,3.1780795488928426,0.8292762417038744,0.17072375829612563
2.1586716392882987,0.068517474710746,0.0196299930504965,205492769951.62253,7697.042049335561,0.0161530641463337,7.980273703157644,19.552361690411505,0.65,2.0,0.002,4,9.869895894673006,39.47958357869202,88.82906305205705,157.9183343147681,0.0001948903399643,7.692589531938359e-05,9.869895894673006,42972.12434199851,11.173827005582773,1.981009921387756,0.9810099213877559
2.5659657573901837,0.0419526670286568,0.0144833213528704,209891461178.20508,7982.752147669098,0.024005847318001,6.517991723880247,4.637947639480852,0.65,2.0,0.002,4,5.114660020192039,20.45864008076816,46.03194018172835,81.83456032307262,0.0114469888426514,0.0062693739545863,5.114660020192012,6426.796170948311,6.223020735138849,0.9067949035069464,0.09320509649305364
2.2103537000061566,0.0446017828226187,0.0097469021362287,216645267516.40103,7737.304687232154,0.0156504155669158,9.102083024838675,7.384710901251405,0.65,2.0,0.002,4,4.786874741605566,19.147498966422265,43.081872674450096,76.58999586568906,0.0058141993757712,0.0024832836905917,4.786874741605565,3362.8242171562715,3.7174086292339186,1.5426998406844674,0.5426998406844674
1.454156219517421,0.0390771631312071,0.011189221541885,198180725113.41608,7639.071719348927,0.0070251184981833,9.959366563530656,17.10709962372242,0.65,2.0,0.002,4,12.221300122609644,48.88520049043858,109.9917011034868,195.5408019617543,0.0013903028095903,0.0005696175204608,12.221300122609604,14319.871241118759,2.4285360662058335,1.3997773929202513,0.3997773929202513
2.8476330992044177,0.0776694853355446,0.01887779154122,200525162811.64062,7785.470705262996,0.0097342816991237,2.2393005927317238,7.362453317845982,0.65,2.0,0.002,4,5.357403744340953,21.42961497736381,48.21663369906858,85.71845990945525,0.0005001079280704,0.0002235184770044,5.357403744340937,18416.581337748776,16.253261580473445,1.3742576944332396,0.37425769443323964
2.393327199980275,0.0509943504933387,0.0160415164860892,182289926783.666,7770.144832094056,0.0485131360541639,0.6308331955929998,5.862291439030613,0.65,2.0,0.002,4,6.150880663376364,24.60352265350545,55.357925970387285,98.41409061402182,0.0006101835294527,0.0003726602830094,6.150880663376351,11360.645817179935,7.606216475248868,0.9530816414527338,0.046918358547266226
2.168455720122436,0.064107765651178,0.0094404929436503,194850105483.5311,7761.941985770613,0.0392006737284815,7.746294577978223,2.610265162865443,0.65,2.0,0.002,4,4.561292635179676,18.245170540718703,41.05163371661709,72.98068216287481,0.0047407876524138,0.0024620336818257,4.561292635179634,4183.423927012691,5.0932649387946665,0.5722643495252623,0.4277356504747377
2.453950630351505,0.0679965096069527,0.0120438464510993,193903036406.91568,7908.385246941794,0.0349907260238261,2.0800630260882813,4.4166993272052215,0.65,2.0,0.002,4,4.490670788084414,17.962683152337657,40.41603709275974,71.85073260935063,0.0054349554443438,0.0027818919770985,4.490670788084385,6326.414537345806,7.946492408513902,0.9835277479980407,0.016472252001959342
2.6159027770499987,0.0702969894230448,0.0126429739275489,206473017242.7527,7802.00237229383,0.0354811732150103,8.648337400866009,2.7439653069093244,0.65,2.0,0.002,4,4.309867430199303,17.23946972079721,38.78880687179373,68.95787888318884,0.0047247321455992,0.0023903204650431,4.309867430199294,6650.758982757192,9.069506360187109,0.6366704664005036,0.3633295335994964
1.9413258803444575,0.0487415845028094,0.0056439255607471,187892126546.47263,7815.999726420717,0.0134199786637018,4.5904756172547545,2.3638299389779207,0.65,2.0,0.002,4,3.329474290151944,13.317897160607776,29.96526861136749,53.2715886424311,0.0179632217567049,0.0090809064403609,3.329474290151893,913.3662765702512,2.08705504948099,0.7099709242296269,0.29002907577037307
1.8245171929281505,0.0655785831383836,0.0084601868799178,216231674116.5704,7800.0838597253405,0.0390241916470783,8.512328894872148,12.122584180855368,0.65,2.0,0.002,4,6.067688952359284,24.270755809437137,54.609200571233565,97.08302323774856,0.0012627481055518,0.0004685300839499,6.067688952359234,5738.06650855444,3.947837082352687,1.9978914997186654,0.9978914997186654
1.1960635793203076,0.0656269286488559,0.0126335522732782,214662323529.00272,7988.363503830376,0.0153664524345597,9.293883607972155,29.24771157907615,0.65,2.0,0.002,4,20.75846360459736,83.03385441838942,186.82617244137623,332.1354176735577,0.0002132757756235,7.493757970209151e-05,20.75846360459724,67381.36448071334,3.9608614453775393,1.4089535784622738,0.40895357846227376
1.7898670862570725,0.0528763970367869,0.0103236805701229,208916264078.59744,7752.265171080657,0.0222864973936359,6.208035168830365,2.347950375657727,0.65,2.0,0.002,4,7.585672072245974,30.342688288983897,68.27104865021377,121.3707531559356,0.0010309044325692,0.0005752200236892,7.585672072245955,8603.272608167574,3.7871788844009395,0.30952437085281875,0.6904756291471812
1.1590111261847404,0.0650501800061877,0.0093940385975575,215572074030.6885,7904.82920841207,0.0364185610122972,2.8581999210711646,24.443996246422863,0.65,2.0,0.002,4,16.559849619569587,66.23939847827835,149.0386465761263,264.9575939131134,0.0001092717251091,3.963056053858534e-05,16.559849619569484,30305.639817104293,2.799309663384981,1.4761001342389213,0.4761001342389213
1.7418320362765185,0.034281699351421,0.0197130955570075,183124464519.70636,7887.955652722812,0.0265112554391596,8.183249811016559,8.313681254280775,0.65,2.0,0.002,4,14.195885472320514,56.783541889282056,127.76296925088462,227.13416755712825,0.000489029830752,0.0002386648015028,14.195885472320489,36935.383966219466,4.642564086785984,0.5856402033174337,0.4143597966825663
2.497623603768456,0.0358829130613644,0.0146308025063417,181520794848.21576,7678.756057556014,0.0469525751398889,7.418429441118321,3.1811560226008155,0.65,2.0,0.002,4,5.170840941584607,20.683363766338427,46.53756847426147,82.73345506535371,0.0044991478164261,0.0023109920929923,5.1708409415846,5314.052008467669,5.034353486431657,0.615210573780665,0.384789426219335
2.8616768623006146,0.0637597169903751,0.0160411107457547,218237456884.8672,7602.317607921251,0.0160018629517693,6.613942233307912,4.706104747498497,0.65,2.0,0.002,4,4.758982943972561,19.035931775890244,42.83084649575305,76.14372710356098,0.0198742278033074,0.0093691627199815,4.758982943972557,9947.305522198269,11.12544583727792,0.9888887610868553,0.011111238913144694
2.7860526771625094,0.0629595757990825,0.0152632140444883,219320729864.3224,7892.510041531482,0.0071196175512114,2.2606398607285065,6.333381764419131,0.65,2.0,0.002,4,4.700335641829107,18.80134256731643,42.30302077646196,75.20537026926571,0.0010634454936362,0.0004924420248082,4.700335641829106,9215.093326190923,10.565310353144564,1.3474318106258758,0.3474318106258758
1.110587805622516,0.0366164442183122,0.0138344011214514,185642394836.19745,7726.297125174988,0.0150861203859957,1.041511842740951,35.32642069814424,0.65,2.0,0.002,4,24.930827567524243,99.72331027009696,224.37744810771812,398.8932410803879,2.743591588198421e-05,9.495037735033485e-06,24.93082756752416,53329.06493244846,2.1733558589042303,1.4169774590299509,0.41697745902995087
2.8248665909041453,0.0611679932071855,0.0053463971376174,185379072365.4517,7717.528227347122,0.0452997139290041,7.496154758275885,1.9527647195690685,0.65,2.0,0.002,4,1.4889695759138022,5.955878303655209,13.40072618322422,23.823513214620835,0.0965919496261933,0.0512162381039401,1.4889695759137802,312.00604320148483,3.564770878795767,1.3114873205993194,0.3114873205993194
2.489541855633508,0.0692303566315162,0.016240292925485,191514195041.92612,7647.137560362333,0.0157252338212927,5.0784618761054965,6.597235465693948,0.65,2.0,0.002,4,5.946142065790144,23.784568263160576,53.515278592111294,95.1382730526423,0.0035363608620671,0.0016950327102522,5.94614206579011,14938.571340608556,10.702340554069627,1.1094984601275788,0.1094984601275788
2.31057130857186,0.0757937812814171,0.016511226542987,201551954847.1281,7818.008902870316,0.0432288966691133,8.253959701598983,3.7139150279922655,0.65,2.0,0.002,4,7.120578273680139,28.48231309472056,64.08520446312126,113.92925237888224,0.0008232577069793,0.000472551212001,7.120578273680108,22625.006774678386,11.303122946738245,0.5215749178293652,0.47842508217063484
2.519474456733035,0.0232651316302209,0.0050022804410758,185337963340.5357,7618.147729491775,0.0167189034992577,4.102253757301883,2.826162525763609,0.65,2.0,0.002,4,1.762523306208552,7.050093224834208,15.862709755876969,28.20037289933683,0.0671145817501205,0.0316856654314208,1.7625233062085452,136.9721830770456,1.1168707159363727,1.6034752651544297,0.6034752651544297
1.0348501054338186,0.0268637334440765,0.00907543620909,186394511036.37924,7892.86363980029,0.0097522155890555,8.673341639742794,11.167263005261676,0.65,2.0,0.002,4,18.67416215407099,74.69664861628397,168.06745938663892,298.78659446513586,0.0008957686223281,0.0004244604060277,18.674162154070878,13707.48938899642,0.9956711660103493,0.5980061066797188,0.40199389332028124
1.2517553745366183,0.052430067977617,0.0122529998258904,206559981533.46252,7695.195546253795,0.0107296816993437,9.737095935969194,19.0738440088572,0.65,2.0,0.002,4,18.37155911993959,73.48623647975836,165.34403207945633,293.94494591903344,0.003008686415545,0.0015634676353911,18.37155911993959,41227.19084640787,3.094083127962832,1.0382267440848494,0.038226744084849384
2.3419750846051803,0.0499878479901585,0.0061243035174862,182807849470.23465,7879.824642063199,0.0381445402560803,1.1841270313440058,3.976301341588487,0.65,2.0,0.002,4,2.4387122652100355,9.754849060840142,21.94841038689032,39.01939624336057,0.0033639624238832,0.0014254090504232,2.4387122652100337,663.2401911562313,2.8248147616988173,1.6304922061996636,0.6304922061996636
1.7233492072541,0.0639675212323795,0.0166585187993192,211602090704.03516,7896.043192561715,0.0154230175059145,2.9619577375436874,24.959615468125456,0.65,2.0,0.002,4,13.166619324937644,52.666477299750575,118.4995739244388,210.6659091990023,5.813410637052563e-05,2.076992891140776e-05,13.166619324937576,49620.02846274784,7.2501787426774476,1.8956738136153102,0.8956738136153102
1.4332668764117449,0.0615131055623541,0.015302743486497,201566731694.2799,7973.98312674634,0.0223436404148639,8.375043415566001,5.69359002123108,0.65,2.0,0.002,4,16.983069811553687,67.93227924621475,152.8476283039832,271.729116984859,0.0001628526792811,8.927470645477647e-05,16.983069811553687,61249.3464709205,5.3790964657212,0.33525093427795344,0.6647490657220465
2.132841301619289,0.0530545261094241,0.0174282038725817,208421310869.70712,7610.631105998917,0.0072256611715707,6.055428679314555,9.77446203182836,0.65,2.0,0.002,4,9.091290327859824,36.3651613114393,81.82161295073844,145.4606452457572,0.0034398243270017,0.0016246940405694,9.091290327859786,24486.971760922253,7.5045436767110285,1.0751457361201004,0.07514573612010045
1.6948766511407063,0.0768936920682839,0.0074717514977599,213198943363.74188,7712.587428403238,0.0062895033059011,0.5005844903053919,6.03067973865771,0.65,2.0,0.002,4,6.2010888433742615,24.80435537349705,55.80979959036836,99.21742149398818,0.0021283137174565,0.001014369131594,6.201088843374211,5700.552879045152,3.7550985112623083,0.9725194866545767,0.02748051334542334
2.833279720478911,0.0386829646561193,0.0149098822267569,219569409960.7097,7867.780317424777,0.0286292658135281,5.257107341820661,3.908425530451292,0.65,2.0,0.002,4,4.449224966696393,17.796899866785573,40.04302470026754,71.18759946714229,0.0102995866602541,0.0054672332275259,4.44922496669637,5023.8205073346235,6.4284407658942975,0.8784508672199978,0.12154913278000223
2.561530408671113,0.0561137759356065,0.009496492866636,186482936816.13,7649.3854082536,0.038362437895294,8.870039439130146,3.7457212182563855,0.65,2.0,0.002,4,3.240408383430148,12.96163353372059,29.163675450871327,51.84653413488236,0.0268345764956627,0.0140305466271016,3.2404083834301214,2164.1533646399184,5.220700787080774,1.1559410960082035,0.1559410960082035
1.2169511820232275,0.0277487267899548,0.0135995307328273,197973522685.0892,7844.773386330479,0.0062131781470145,7.07866570003703,36.18398963136376,0.65,2.0,0.002,4,20.91800282174569,83.67201128698277,188.2620253957112,334.68804514793106,0.0002073077197764,7.65399035365038e-05,20.91800282174555,31116.498374067436,1.801318658190091,1.729801355306649,0.7298013553066489
2.601520458623603,0.0526920853293728,0.0153022013534877,183007001465.8884,7638.147495823428,0.0289310649672111,8.210352687836139,3.8630714677815057,0.65,2.0,0.002,4,5.0184373582746415,20.07374943309857,45.16593622447178,80.29499773239426,0.0055848410674783,0.0027734970824397,5.018437358274641,7964.918585488925,8.010960478963888,0.7697757672339753,0.23022423276602466
1.0642146547140603,0.0641254184408731,0.0194235685998428,194751726832.95087,7884.102047013315,0.0174411366880339,9.974808065143648,22.22497649307296,0.65,2.0,0.002,4,38.651321556230165,154.60528622492066,347.8618940060715,618.4211448996826,4.28124587187866e-05,2.082010892649405e-05,38.651321556230116,308176.23452856136,5.225293773143496,0.5750120719867227,0.42498792801327734
2.6183827101445605,0.048961706276129,0.0193231209038779,183355432128.94324,7846.377376959373,0.0373992866394491,6.249712951999575,7.12812701406156,0.65,2.0,0.002,4,6.178066385674916,24.712265542699665,55.60259747107424,98.84906217079866,0.002905302213721,0.00143501626634,6.178066385674915,14644.380832812916,9.718654347552174,1.1537796082265401,0.15377960822654013
2.4642563737494108,0.0289827186556723,0.015364025516491,208719087648.1951,7741.337542375971,0.0166181832400742,3.79309016992577,5.043014336281405,0.65,2.0,0.002,4,5.95710943630634,23.82843774522536,53.61398492675707,95.31375098090145,0.0050117478526574,0.0025009943083412,5.957109436306321,5950.4105570691,4.247330319680386,0.8465539185072121,0.15344608149278793
1.2454375878067674,0.05542187372079,0.0124510295819934,180105796859.4133,7677.15948587158,0.01190624680505,0.7020119557693832,33.61470466555612,0.65,2.0,0.002,4,17.630074423621473,70.52029769448589,158.67066981259327,282.0811907779436,1.217714604182828e-05,4.270911550767162e-06,17.63007442362144,40480.60860422931,3.298974854564941,1.9066683360404801,0.9066683360404801
1.4784866159266554,0.0727534521232813,0.0151088300669782,207475614152.33627,7869.312161115429,0.0355530951785927,7.496437078928729,22.62368214422942,0.65,2.0,0.002,4,16.093126999470837,64.37250799788335,144.83814299523755,257.4900319915334,0.000201993237906,7.388421025899821e-05,16.093126999470798,65380.64951755129,6.394529818988604,1.405797775968174,0.4057977759681739
2.600050581050801,0.0253863519096059,0.006241014039077,194238264148.85425,7843.914040057268,0.0054194481418768,5.200233737596538,4.074995731876765,0.65,2.0,0.002,4,2.0831560354323058,8.332624141729223,18.748404318890756,33.33049656691689,0.0262848859161366,0.0144216776554116,2.0831560354323053,276.78555523711924,1.6156232051692727,1.9561644267473726,0.9561644267473726
1.428810765961844,0.0581166171427079,0.0135593181000446,197317440940.9255,7937.221393485832,0.0388885062084405,6.858799452803039,19.1902987086535,0.65,2.0,0.002,4,15.016411660398122,60.06564664159249,135.1477049435831,240.26258656636995,0.0003999765776783,0.0001623184711344,15.016411660398111,39778.04700305596,4.468393267639493,1.277955022987478,0.2779550229874781
2.503022937040611,0.0702314724729723,0.0065534954180736,184921064307.5944,7637.061856509393,0.0078438050558363,7.498681811081718,0.7037634734851352,0.65,2.0,0.002,4,2.334009575422441,9.336038301689763,21.00608617880197,37.34415320675905,0.0158580476160951,0.0091942813953527,2.3340095754224106,946.0866614382036,4.399121084510764,0.30152552967044605,0.698474470329554
2.1767865605849974,0.0308170490421233,0.0156997523696053,209912242002.2094,7765.579429109454,0.0327566311985938,4.8970433554282495,6.244330572979457,0.65,2.0,0.002,4,7.811281913015964,31.245127652063857,70.30153721714369,124.98051060825544,0.0024930200945234,0.0012383609033594,7.811281913015939,9850.26536633767,4.0892491291040445,0.7993989517360177,0.20060104826398228
2.395229129126605,0.0296822685515546,0.0196636432634544,187781427353.61887,7621.0854890222845,0.0429596106243679,2.102485758318504,1.8763833020480285,0.65,2.0,0.002,4,7.714663945065151,30.858655780260605,69.43197550558637,123.43462312104242,0.0002729984500836,0.0001718594371889,7.714663945065148,12516.668238210284,5.327150654382962,0.24322294728706853,0.7567770527129315
2.0428539061166635,0.0639693915476041,0.0083432113048431,217237986794.31567,7723.971917198087,0.0310014027911065,8.655714713475703,5.491362117657342,0.65,2.0,0.002,4,4.807678523625943,19.23071409450377,43.26910671263349,76.92285637801508,0.0133543494972795,0.0066101877484939,4.807678523625922,3842.236019718837,4.210691877809139,1.1422065952770464,0.14220659527704638
1.5112554879381794,0.063294754657931,0.0082459934492189,213161530230.0673,7687.646669633854,0.0363517713084234,7.855793509756361,4.656185054047855,0.65,2.0,0.002,4,8.620930915919471,34.483723663677885,77.58837824327526,137.93489465471154,0.0014256754720662,0.0007690298092366,8.620930915919386,8895.699064830398,3.0318800555843834,0.5401023508319452,0.45989764916805476
2.731701522080451,0.0503404051659511,0.0114069902876525,198929245109.4644,7640.448167473175,0.0148815321947982,9.623965526135796,4.803703153487124,0.65,2.0,0.002,4,3.536907784354256,14.147631137417022,31.8321700591883,56.59052454966809,0.0130264518021947,0.0059732368360437,3.536907784354242,2959.491327757597,5.9925250926400215,1.358164658614126,0.35816465861412605
2.5350148319617967,0.0425881660643819,0.0107035337584895,197252731260.63165,7926.017929363237,0.0194376603172917,7.604558491452576,7.125452437811333,0.65,2.0,0.002,4,3.767726895326194,15.070907581304777,33.909542057935745,60.28363032521911,0.004230357707559,0.0019059119620497,3.7677268953261707,2566.4939731144295,4.579538151385461,1.89118071340319,0.8911807134031899
1.297328290896428,0.041571130108705,0.0102221968930463,206986815536.74643,7832.313525955382,0.037224913402289,7.8610408751513905,19.829764442575165,0.65,2.0,0.002,4,14.157938700483934,56.631754801935735,127.42144830435542,226.5270192077429,0.0007154446708317,0.0002648835678382,14.157938700483871,17084.639599219205,2.158967127454528,1.4006109831438562,0.40061098314385624
1.282676185867316,0.0419258460139948,0.0114229205077524,217335762426.46912,7934.447813883528,0.0258840336960731,9.73245349872787,22.3445527205752,0.65,2.0,0.002,4,16.477054894861205,65.90821957944482,148.29349405375086,263.6328783177793,0.0006681492791052,0.0002462675040612,16.477054894861187,26120.50971422359,2.437040427034078,1.3561011274863175,0.3561011274863175
2.635568552509296,0.0588153057712152,0.0122081914514391,218891713648.55945,7754.668083631122,0.0130274686397946,5.816649034090665,1.9149715117669603,0.65,2.0,0.002,4,4.234137967837796,16.936551871351185,38.107241710540166,67.74620748540474,0.0028620151490434,0.0015906843710926,4.23413796783777,5193.246927343917,7.337518776850281,0.4522695118375821,0.5477304881624179
1.832661594925356,0.0482347156061223,0.016698453688278,200904862511.78387,7730.558889739064,0.0258459272316806,7.981714779195755,12.248149208043408,0.65,2.0,0.002,4,11.49292917121664,45.97171668486656,103.43636254094976,183.88686673946623,0.0025670960020299,0.0013969942145495,11.492929171216597,29752.286813890838,5.705571534972819,1.065711710702805,0.0657117107028049
1.2831917771375494,0.046894736795261,0.0108885907376287,183201971345.8474,7902.132069117898,0.0245200562295166,4.746336648484973,6.803407233533783,0.65,2.0,0.002,4,14.43812249468401,57.75248997873604,129.9431024521561,231.00995991494412,0.0002678809339353,0.0001485423275899,14.438122494683878,21305.06258035203,2.5888186778692543,0.47121135286383675,0.5287886471361632
1.425029982026401,0.0333894828629701,0.0101072217763106,198506126384.8708,7805.48509771588,0.0349045820978185,5.92636827359548,12.144428541194571,0.65,2.0,0.002,4,11.381514434818683,45.52605773927474,102.43362991336818,182.10423095709896,0.0039726592768914,0.0022800112050157,11.381514434818627,9598.320264534943,1.87687518802234,1.0670309835079608,0.06703098350796077
1.57044209560646,0.0481363295012179,0.0132569572154415,182543668114.39108,7886.26625426158,0.0097119664008641,1.7252114934048444,8.471811438759904,0.65,2.0,0.002,4,11.726729881347024,46.9069195253881,105.54056893212324,187.6276781015524,0.0002462075609287,0.0001146972841797,11.726729881346978,21453.283585647303,3.9516656679998903,0.7224359667596264,0.2775640332403736
1.550809651068014,0.0281949091747171,0.0055613179512496,214094614319.6497,7837.354200558877,0.0070623271810345,1.6700152391580687,3.853866537056627,0.65,2.0,0.002,4,5.480347824997722,21.921391299990887,49.323130424979496,87.68556519996355,0.0042320996153204,0.0020407142047424,5.480347824997675,1129.8541418376674,0.9528979644586197,0.7032156826758095,0.2967843173241905
2.775321324403128,0.0668144058564078,0.0153550255696236,196285735908.06424,7736.423613686564,0.0375543356911404,1.0239320867443422,5.364892471467395,0.65,2.0,0.002,4,4.553312966954946,18.213251867819785,40.97981670259452,72.85300747127914,0.0007311245335456,0.0003615317196657,4.55331296695493,9014.858504278167,11.013977212489943,1.1782393414207186,0.17823934142071862
1.998001730817066,0.0504376226333379,0.0152661269762394,186806036326.3168,7860.991932362698,0.0116703935112646,7.275866659688846,7.608284309442919,0.65,2.0,0.002,4,8.453239653869549,33.812958615478195,76.07915688482595,135.25183446191278,0.0041217868443403,0.0020540247598184,8.453239653869538,17058.183946552148,6.046815161379008,0.9000436070637328,0.09995639293626724
2.303238374913164,0.0436565521500271,0.0172050211492032,203036771052.91064,7938.217857021602,0.0137197162184345,1.9313326380735325,7.38313882809631,0.65,2.0,0.002,4,7.4375950931287695,29.75038037251508,66.93835583815894,119.00152149006033,0.0043179574490741,0.0020657910077166,7.437595093128757,14995.513760469648,6.866517798447201,0.9926782428526183,0.007321757147381702
1.920485863799977,0.0296778535259871,0.0142056827285215,216232694341.37192,7896.10153548374,0.0144300663207258,2.460220921344781,11.000421324123916,0.65,2.0,0.002,4,9.139521379037372,36.55808551614949,82.25569241133636,146.23234206459796,0.0011101519823842,0.0004785365280657,9.139521379037376,10541.32210858794,3.1966010759093937,1.2036102185126176,0.20361021851261762
2.224164509803792,0.0590097735126779,0.0165995001201409,193054320511.70303,7967.369493444768,0.037994207498094,8.06661502695375,11.217777264440675,0.65,2.0,0.002,4,7.489843344278208,29.959373377112836,67.40859009850388,119.83749350845132,0.0009035841875421,0.0003436756940336,7.4898433442781895,19221.002359692684,8.679022752941682,1.4977318948880838,0.4977318948880838
1.4831988358057362,0.0635753310144239,0.0193201028746748,191411986583.33875,7679.35259437186,0.0060114127820458,6.698031859587066,23.48129688045758,0.65,2.0,0.002,4,19.8820974375094,79.5283897500376,178.9388769375846,318.1135590001504,0.0002697816367756,0.0001104004163812,19.8820974375094,109163.18184362688,6.995069815795483,1.1810271503929943,0.18102715039299433
2.7644320328031906,0.0587168916656646,0.0164460877859579,211360640038.2763,7768.183910500311,0.0409375060764035,9.381571203644128,2.595518648334711,0.65,2.0,0.002,4,5.090170538509816,20.360682154039264,45.81153484658834,81.44272861615705,0.002279880908747,0.0013450966025796,5.090170538509807,10605.850076037135,10.36862292981029,0.5099079939853198,0.49009200601468017
1.485557970921641,0.0525109292067,0.0148920091250821,219152346177.88165,7897.881317696954,0.0103158882625583,4.805801168694772,20.305718628005472,0.65,2.0,0.002,4,16.118369239758508,64.47347695903403,145.06532315782658,257.8939078361361,0.0003081337994417,0.0001210436746367,16.118369239758433,47051.68123092609,4.587469698213229,1.2597874093812356,0.25978740938123557
1.3017118268223309,0.0481421391802519,0.0098224236822983,217179325695.43307,7853.072652171066,0.0133217344255325,9.92415656222075,20.03690379874317,0.65,2.0,0.002,4,13.823169974918883,55.29267989967554,124.40852977426997,221.17071959870216,0.0008317764891701,0.0003101160124816,13.823169974918828,18232.387852872846,2.4169547384302477,1.4495158371848662,0.4495158371848662
2.4732794677016834,0.052044437637449,0.0165426982476972,184555560506.0633,7761.904004051353,0.0227592382884791,3.582847854123381,8.708984247906818,0.65,2.0,0.002,4,5.979552059779578,23.91820823911831,53.8159685380162,95.67283295647324,0.0008395554752063,0.0003430555696498,5.979552059779572,11665.118937949836,8.264034695439253,1.456460979157001,0.4564609791570009
2.4857712546071964,0.0641560068395113,0.0064972430938285,189404796969.63092,7955.59293641465,0.0124563564349923,5.256468032792443,1.4877104532129053,0.65,2.0,0.002,4,2.3264582185533165,9.305832874213266,20.93812396697985,37.22333149685306,0.0220964124859795,0.0116923951758531,2.3264582185532983,880.6846198054596,4.121640990851645,0.6394743913080175,0.36052560869198247
2.148527997785232,0.051460111417352,0.0074372525734417,180531080387.2497,7857.915865254474,0.0397798474135642,4.93389980831658,4.327788033079232,0.65,2.0,0.002,4,3.5017251322216536,14.006900528886614,31.51552618999488,56.02760211554646,0.0125090102918455,0.0060235944058678,3.5017251322216354,1563.959462661613,3.230737324329459,1.2359016969254548,0.23590169692545482
1.102659335954732,0.0509311024267339,0.0190373840429972,218365094663.64453,7736.688825613289,0.0127222748658452,4.26519558334812,29.170586707040464,0.65,2.0,0.002,4,37.71966713868108,150.87866855472433,339.47700424812973,603.5146742188973,4.691323318715962e-05,2.0665909682394306e-05,37.71966713868091,232301.6425480766,4.135774400273321,0.7733521772552042,0.22664782274479578
1.207079187408197,0.0362256237779656,0.0075326143735276,216993655535.02585,7918.113330322902,0.0365384255257656,7.656874328540475,15.735713237166944,0.65,2.0,0.002,4,12.272022032429714,49.088088129718855,110.44819829186744,196.35235251887545,0.0019300244930719,0.0007844634744805,12.272022032429586,7753.201587182824,1.3040345157887356,1.282242909569779,0.28224290956977893
1.4871371116111136,0.0642539696733978,0.0181883878522034,212586650643.23117,7924.709631296463,0.0258361984439989,8.217900483009851,27.87692940509673,0.65,2.0,0.002,4,19.31513522831204,77.26054091324815,173.83621705480834,309.0421636529926,0.000134806046803,4.808863988594581e-05,19.31513522831194,101427.04844343735,6.886499887803621,1.443268663438348,0.44326866343834803
2.636997807753749,0.0335391435747029,0.0102812419195138,183003575225.32764,7768.299117928597,0.0350914949183719,8.397853637683022,3.9655184905354495,0.65,2.0,0.002,4,3.254034192962249,13.016136771848997,29.28630773666024,52.06454708739599,0.0301489550229128,0.0145740540217219,3.254034192962224,1476.4108248733467,3.5318582074081353,1.2186468412384888,0.21864684123848876
1.0267442662410826,0.0479238596062552,0.0176570748964275,217122303839.42276,7737.021881766575,0.0339096464674269,2.3455520398514524,48.61760310397511,0.65,2.0,0.002,4,40.23358642896794,160.93434571587176,362.10227786071147,643.737382863487,2.3665078590292543e-05,9.813670873854934e-06,40.233586428967854,214789.91868940063,3.3610630706189517,1.2083835277724788,0.20838352777247882
2.615182878323685,0.0319767254740916,0.0128818797792425,211844684021.9349,7869.86767250231,0.0101984537154171,8.965857878142995,2.167908833984518,0.65,2.0,0.002,4,4.431282497280041,17.725129989120163,39.88154247552036,70.90051995648065,0.0069120582882405,0.0040626678576178,4.431282497280023,3286.028611119431,4.23889568153917,0.4892283070003341,0.510771692999666
2.741129476605255,0.0407547687607203,0.0097436143354033,208075809571.81,7859.390775064026,0.0423431142810499,3.1618534567529326,0.6399361690094039,0.65,2.0,0.002,4,3.0255657498012267,12.102262999204909,27.23009174821104,48.40905199681963,0.0034642461400486,0.0023935730165892,3.025565749801206,1545.8234210293015,4.277469839047068,0.21150958925663763,0.7884904107433623
2.312454130097019,0.0749010610758774,0.0073694652291863,192444111645.9587,7868.56818042555,0.0424947693032073,6.555483781308926,3.9048499803542014,0.65,2.0,0.002,4,3.090462170772042,12.361848683088168,27.81415953694838,49.44739473235267,0.0133698517806506,0.0064418250554569,3.0904621707720197,1893.51778324996,5.021839029249273,1.2635165113115563,0.2635165113115563
1.3752845835772187,0.070654971183746,0.0142526631633311,203125630673.372,7810.276439678868,0.008461918456883,3.5419261521776413,22.90550422582128,0.65,2.0,0.002,4,17.425662024094425,69.7026480963777,156.8309582168498,278.8105923855108,0.0001267520393714,4.994432665343336e-05,17.42566202409432,64834.48114044409,5.408386622132384,1.3144696708882582,0.31446967088825817
1.7603912634882934,0.0757305011040339,0.0156255832600896,192040472534.3067,7637.966879551776,0.041690807814576,4.6347881440806535,3.793005384586863,0.65,2.0,0.002,4,11.464485774654596,45.85794309861838,103.18037197189136,183.4317723944735,0.0001598256428474,8.885040893301387e-05,11.464485774654529,41279.35890782291,7.95543712327143,0.3308482786879433,0.6691517213120567
1.2024121805408885,0.0398875999228446,0.0191186261504078,195204359307.3335,7910.935321618613,0.0257766772100042,4.551036874689112,50.13398974216898,0.65,2.0,0.002,4,29.78585287899249,119.14341151596996,268.07267591093245,476.57364606387983,3.2522154765434895e-05,1.0094378386957426e-05,29.78585287899243,127035.64828307574,3.6269852660938757,1.6831476992061498,0.6831476992061498
1.9066387379560137,0.0203359663318544,0.0166887966883974,219866681525.6807,7811.476348040836,0.0224716412755603,3.988243742889913,4.118776401808763,0.65,2.0,0.002,4,11.044106923519584,44.176427694078335,99.39696231167626,176.70571077631334,0.0005446451846958,0.0002937909062825,11.044106923519522,12169.76855813079,2.5273266508646577,0.3729388379097833,0.6270611620902167
1.685220762323805,0.0353479379513404,0.0107482983470938,218074731992.6981,7640.482450976096,0.0240476948899597,4.62520457891507,6.460259431340094,0.65,2.0,0.002,4,9.16848644280532,36.67394577122128,82.51637798524789,146.69578308488514,0.0016572562632382,0.0007959446112705,9.168486442805296,8117.2031619705795,2.445971457519994,0.7046156932924948,0.29538430670750515
2.9699614815233364,0.0461362595985427,0.0184516122902806,219120818290.9869,7814.31698398956,0.0378498006543656,5.765243190717962,1.8324787979558,0.65,2.0,0.002,4,5.022942993891003,20.09177197556401,45.20648694501904,80.36708790225605,0.0014766487789907,0.0008055565087569,5.022942993890992,9839.313161535285,9.878444131202368,0.3648217390053,0.6351782609947
1.55448198755502,0.0386659543935403,0.0127766257298372,213816263877.36365,7650.490014096238,0.0376582132097547,9.957174812451552,19.64023764568542,0.65,2.0,0.002,4,12.675052911162418,50.70021164464967,114.07547620046176,202.80084657859868,0.0007484293602221,0.0002598364705649,12.675052911162384,18631.557322476576,2.9375810530980866,1.5495191841281462,0.5495191841281462
1.0617856740720644,0.0437861741218887,0.0191772243150615,182035229381.8006,7899.882300417855,0.0165925677281916,8.679427438321357,57.12849263491165,0.65,2.0,0.002,4,37.02616154720987,148.10464618883947,333.2354539248888,592.4185847553579,4.539577467784582e-05,1.5092198392261694e-05,37.026161547209696,190601.95661930807,3.5216827862348357,1.5429223621268642,0.5429223621268642
1.018982983819165,0.0551869858986199,0.0128815083577234,212475087114.5241,7674.801850522655,0.0416930570531303,0.2513077415300794,37.211270309751846,0.65,2.0,0.002,4,29.599374422080224,118.3974976883209,266.3943697987221,473.5899907532836,4.492482526018127e-06,1.8543498189288e-06,29.59937442208018,96146.23980390345,2.779761288013896,1.25716407985952,0.25716407985952006
2.266399529229881,0.0521285631639725,0.0075323280840133,186604868370.40973,7924.079048501591,0.0056950319946953,7.493730259068426,4.900873602320454,0.65,2.0,0.002,4,3.226804284790355,12.90721713916142,29.0412385631132,51.62886855664568,0.0121205118385258,0.0060091934989131,3.2268042847903327,1449.3232002495056,3.5258209799846347,1.518801008608087,0.518801008608087
1.9153494171486127,0.0448886405068904,0.009482781261121,187977114917.61432,7932.174777859386,0.0092845116926044,9.031064461181291,1.4175574383443856,0.65,2.0,0.002,4,5.705915180794491,22.82366072317796,51.353236627150416,91.29464289271183,0.0029521217238265,0.0018331384508901,5.705915180794455,4156.165550665509,3.233571575304806,0.24843647222723245,0.7515635277727676
2.822538806720168,0.0351231460639508,0.0170719580394516,180610015074.3395,7814.092590507617,0.0376615708997881,8.405495792092594,8.007248518428376,0.65,2.0,0.002,4,4.671586376101312,18.68634550440525,42.0442773849118,74.74538201762098,0.0029630411412214,0.0011096074477244,4.67158637610131,5697.098477630154,6.612492971013292,1.7140319955104537,0.7140319955104537
1.1429432159031718,0.0335304647261441,0.0177849272705706,200633899738.88684,7922.761032523685,0.0216311990421286,5.945386636783942,39.47090846625006,0.65,2.0,0.002,4,31.06675683239793,124.26702732959173,279.6008114915814,497.0681093183669,0.0001209622898994,4.4946549013878806e-05,31.066756832397825,102876.09113995325,2.6999945132237877,1.2705191172413595,0.27051911724135946
2.0747258503739987,0.0392038456657928,0.0121817961987225,214600426167.80783,7697.639792581943,0.040606685290507,2.713091681853363,3.635213985876463,0.65,2.0,0.002,4,6.775723027362096,27.102892109448383,60.98150724625887,108.41156843779352,0.000849829110275,0.0004661987689145,6.775723027362051,6911.930044699083,3.8135400121727283,0.5365056941077088,0.46349430589229124
2.299359952737309,0.0445710597848759,0.0054248102528631,212071066731.7207,7650.282881522577,0.0176354367871867,9.473150975232912,1.82093775307171,0.65,2.0,0.002,4,2.449637621685901,9.798550486743606,22.046738595173117,39.19420194697442,0.0868096856088681,0.0421973840555293,2.449637621685899,503.7967920775532,2.126630187706317,0.7433498477291092,0.25665015227089083
1.4078017745390727,0.0518370003473896,0.0108716132612387,195294126283.54703,7823.995279874487,0.0098667796544727,2.2316048959288923,5.833595744407921,0.65,2.0,0.002,4,12.427121172712832,49.70848469085133,111.8440905544155,198.8339387634053,0.0001658394444779,8.785437622887953e-05,12.427121172712829,18922.3360983344,3.1036586445647485,0.46942454839960757,0.5305754516003924
1.6334561063554636,0.0662919570606049,0.0067189154064502,202248522676.76968,7837.471145176662,0.0059946844874029,0.4562585374199364,4.378432641594332,0.65,2.0,0.002,4,5.800536864260247,23.202147457040983,52.20483177834222,92.80858982816396,0.0004315250552923,0.0002191158299546,5.800536864260183,3787.1243095749164,2.8511065091135377,0.7548323101904414,0.2451676898095586
2.401641719484439,0.0779521926538694,0.0176934546627978,212685255928.64624,7890.252916120004,0.034073565896537,8.879934702012381,9.4182908159854,0.65,2.0,0.002,4,7.221853646787959,28.887414587151834,64.99668282109162,115.54965834860734,0.0012066992975576,0.0005070415285587,7.221853646787929,26907.12051882203,13.06802994974231,1.304137590793519,0.3041375907935191
1.3094203114385323,0.0221000306586607,0.0072429626840104,205386234084.3484,7890.574950741974,0.0278166498702733,9.5214899319812,15.397144393365112,0.65,2.0,0.002,4,9.772792917003962,39.091171668015846,87.95513625303566,156.3646866720634,0.0035761303194013,0.0012615519001837,9.772792917003894,3117.9129100462405,0.8269263881565003,1.5755111690308394,0.5755111690308394
2.305890343439,0.0764453954946457,0.0123804786995876,183095258547.3526,7791.73254421014,0.0404507474111814,3.6502268704561462,1.2733324285432992,0.65,2.0,0.002,4,5.1181253803763305,20.47250152150532,46.06312842338698,81.89000608602129,0.0006605848783471,0.0004075323336527,5.118125380376313,8792.51340206707,8.502202818729145,0.24878883065769616,0.7512111693423038
1.146005385141127,0.0568773307889936,0.0125041349853366,189521466389.25937,7717.10791798361,0.0226439229740634,5.0056564360128055,19.30822834454416,0.65,2.0,0.002,4,21.394961423461798,85.57984569384718,192.55465281115613,342.3193827753887,0.0004353651256983,0.0002180550973415,21.39496142346176,56831.20296439248,3.1448801314228207,0.9024661443591441,0.09753385564085593
2.959148927963364,0.0522274106659252,0.0134311494736597,180311763614.72247,7672.73631265418,0.021047988281901,9.66320935093581,1.7378796293940533,0.65,2.0,0.002,4,3.3716748358278084,13.486699343311232,30.34507352245028,53.94679737324493,0.0080156505942585,0.0046062703962297,3.3716748358277977,3573.9616131337116,7.963404525185895,0.5154351217167052,0.48456487828329475
1.7923308342873234,0.0338174325687521,0.0074694542479732,201341968320.20023,7887.87584530403,0.0269235380650004,8.225944303434925,9.861542869174665,0.65,2.0,0.002,4,5.326830710504385,21.30732284201754,47.94147639453946,85.22929136807016,0.0043457633238912,0.0016874864650839,5.326830710504354,2000.2085412879599,1.7855735785011664,1.8512964659695288,0.8512964659695288
2.998245992343984,0.0346283929076643,0.0120931500283792,216406654585.62036,7641.231856610639,0.0467712453900287,4.932740386161584,5.867589291307604,0.65,2.0,0.002,4,3.2462935433702147,12.98517417348086,29.21664189033193,51.94069669392344,0.0044449357723057,0.0017671292364727,3.2462935433701947,1995.757333633177,4.797029852408053,1.8074734194296143,0.8074734194296143
2.8810601453440654,0.0424717720481029,0.0118213559121033,192603189121.94443,7651.620982636147,0.0301567461049817,1.943432000010042,0.9944729578764075,0.65,2.0,0.002,4,3.240014171684714,12.960056686738856,29.160127545162428,51.84022674695542,0.0019239598746545,0.0011008892546241,3.2400141716847015,2293.4908367908447,5.534054770312887,0.30693475558451466,0.6930652444154853
1.0703519643688395,0.0294514004790487,0.0080872968951951,219029440975.58643,7687.481690460654,0.0282090054329623,9.368151623237942,33.47042964683289,0.65,2.0,0.002,4,17.085929899510692,68.34371959804277,153.77336909559622,273.37487839217107,0.0004305936302315,0.0001441188595361,17.085929899510663,11293.460169324044,0.9799187042844242,1.9589469138458466,0.9589469138458466
1.7971432007282622,0.028320738715334,0.0060279145722846,216260455337.808,7796.572588815605,0.0090224920783415,7.195019054808706,1.4866142002249505,0.65,2.0,0.002,4,4.457256919003365,17.82902767601346,40.11531227103029,71.31611070405384,0.011602629751326,0.0064560835647392,4.457256919003323,938.0438783112934,1.1959914673825862,0.33352670201415463,0.6664732979858454
1.102058346023468,0.0548074479583633,0.0075916808810904,208651469511.41736,7616.877386495187,0.007694417257245,2.918425382271818,14.67346235925286,0.65,2.0,0.002,4,14.834751096270834,59.339004385083335,133.5127598664375,237.3560175403333,0.0050841855205102,0.0026251558177162,14.83475109627064,15172.227481891136,1.7463411232761237,0.9891276411736811,0.010872358826318873
1.883142230264516,0.0639004741844133,0.0179102970711478,210740003989.3789,7605.103000782757,0.0109172081774508,1.160711846308026,3.1017306383420973,0.65,2.0,0.002,4,12.055541981379564,48.22216792551826,108.49987783241608,192.88867170207303,3.367701197610781e-05,2.0079019601291197e-05,12.055541981379523,47021.698654829364,8.195304558869982,0.2572867020937672,0.7427132979062328
2.6552760834974323,0.0520772500986024,0.0118535432403798,198402440997.75684,7911.9794376654545,0.0198488798635241,9.355026289892272,6.581090017476703,0.65,2.0,0.002,4,3.817587548104374,15.270350192417496,34.35828793293937,61.08140076966998,0.0049040845730832,0.0020601946587786,3.817587548104348,3730.7729344560494,6.484269695240019,1.723887123621983,0.723887123621983
1.0894070487329806,0.045104701829305,0.0195197404604112,191005751883.2304,7811.820173892182,0.02920161067867,2.67945744815526,59.10331353239224,0.65,2.0,0.002,4,36.87822716060856,147.51290864243424,331.90404444547704,590.051634569737,1.2224849018589743e-05,3.879211606465356e-06,36.87822716060851,201144.46424250476,3.7463493889051382,1.602661464039233,0.6026614640392329
2.0506871314791866,0.0276586587576111,0.0148906200976788,210550714352.71906,7849.412988714344,0.0299647075886013,3.499451700230052,11.239705733777631,0.65,2.0,0.002,4,8.31578007609287,33.26312030437148,74.84202068483586,133.05248121748593,0.0011045544767977,0.0004348566095651,8.315780076092866,9049.325650769588,3.314747791779282,1.3516117106188021,0.35161171061880214
1.6880743365183075,0.0511535662572977,0.0093870155720984,211964297937.5976,7799.311663484132,0.0466628980494852,6.264644309124833,8.76654368127682,0.65,2.0,0.002,4,7.787120198765861,31.148480795063445,70.08408178889275,124.59392318025378,0.003852290249873,0.0020311752313443,7.787120198765813,7567.1927332640025,3.160976753939374,1.125774799606437,0.1257747996064369
1.8502930709794407,0.0289112242903447,0.0199715196644835,217329154178.47095,7993.043550513085,0.0114753314466565,4.970052800697646,24.998544373379573,0.65,2.0,0.002,4,13.793110853926262,55.17244341570505,124.13799768533636,220.6897736628202,0.0001875748009297,6.77025727184053e-05,13.793110853926258,32068.931590353277,4.26972890240311,1.8123934939784558,0.8123934939784558
1.6229401015819456,0.0255984382349416,0.0164855193602294,208200719189.2792,7953.471901313776,0.0451433635446705,2.8574052673576174,19.667700213966487,0.65,2.0,0.002,4,14.520769846482008,58.08307938592803,130.68692861833807,232.3323175437121,0.0002645759240357,0.0001025048179677,14.520769846482,22671.714864092508,2.723612698534709,1.3544529953920763,0.3544529953920763
1.6990921380451192,0.0240871148415037,0.0082980565692482,187795302032.9953,7894.122673403157,0.0362510504797916,5.427623707663704,5.700464086023267,0.65,2.0,0.002,4,6.357146367377636,25.428585469510544,57.21431730639873,101.71434187804218,0.0155967597498348,0.0086141372211264,6.357146367377619,2138.6323817356765,1.3404542008254192,0.8967017206455733,0.1032982793544267
2.6464368378280865,0.0241113164121931,0.0103534150397813,200994559379.6268,7830.782813032914,0.0094582199333167,5.4327166215615375,4.747313267556651,0.65,2.0,0.002,4,3.396091423977554,13.584365695910217,30.56482281579799,54.33746278364087,0.0166748687775765,0.0080556357609276,3.396091423977547,1177.7679875134538,2.586671409499211,1.3978755795674471,0.3978755795674471
2.571455321619527,0.0644719982444184,0.0198312427586344,210944610048.3746,7713.429812280825,0.005687257960748,9.6848449293399,10.58898373300678,0.65,2.0,0.002,4,7.111834955558445,28.44733982223378,64.00651460002601,113.78935928893512,0.0010679480654766,0.0005024976191501,7.111834955558444,25318.65649770621,12.679951171612673,1.4889242789205446,0.4889242789205446
1.0606544573722343,0.0410594092443626,0.0189416603215656,203055206683.0175,7930.705374138406,0.0267581343380165,1.062678156319118,20.725860482659467,0.65,2.0,0.002,4,38.63230421571884,154.52921686287536,347.69073794146954,618.1168674515014,6.308862614316271e-06,3.307271728686822e-06,38.63230421571869,192729.1668353062,3.271044727466543,0.5364904036510082,0.4635095963489918
2.044211278059503,0.0783410919763992,0.0120502628376594,216577046225.30536,7784.623063425022,0.0098394485393722,2.378513663231808,6.438589795248189,0.65,2.0,0.002,4,6.897022338888859,27.58808935555544,62.07320104999973,110.35235742222174,0.0023992584147886,0.0012848521686615,6.897022338888828,14105.955694298342,7.51137619473355,0.9335318169036848,0.06646818309631519
1.6302016506578327,0.0732810460690628,0.008764490048997,205697861424.0387,7730.653485168495,0.0478155150358068,1.9772867685226625,11.59483852121776,0.65,2.0,0.002,4,7.714007093366843,30.85602837346737,69.4260638403016,123.42411349386948,0.0003167992653014,0.0001195207023838,7.714007093366779,9507.485175413773,4.0471178632121685,1.5030889109744379,0.5030889109744379
1.903916274623004,0.0584189895112951,0.005340612190257,211772943350.4422,7862.993469236644,0.0126522063971512,6.393398886034976,4.434572013262396,0.65,2.0,0.002,4,3.467096129652519,13.868384518610076,31.20386516687267,55.47353807444031,0.0206684913641279,0.009867759563583,3.4670961296524783,1108.2617690320349,2.335343929692094,1.2790450127227628,0.27904501272276283
1.6255199194021426,0.0736984816448344,0.0167077122380946,200845311329.4355,7633.073836966544,0.0248279683266049,3.365520217416193,9.889437578220743,0.65,2.0,0.002,4,14.707632386075552,58.83052954430221,132.36869147467996,235.32211817720884,0.0001272173621412,6.271057543115105e-05,14.707632386075552,65235.28438189767,7.639013732642015,0.6724017379971753,0.3275982620028247
1.499340757867653,0.0283699308777313,0.0179084533291044,189055901616.45337,7801.271410689955,0.0495892615100992,0.2201949191282312,21.36909244839271,0.65,2.0,0.002,4,17.782755826481736,71.13102330592694,160.04480243833564,284.5240932237078,1.7438756555676252e-05,7.981379674269124e-06,17.782755826481658,37094.53771822828,2.9713382654116844,1.2016749629194348,0.20167496291943476
1.6424895163303934,0.036429151092539,0.0090168757931757,182023816720.89423,7712.430009936153,0.0061542912636052,7.905235462436891,4.864431400619983,0.65,2.0,0.002,4,7.362895204204964,29.451580816819856,66.26605683784467,117.80632326727942,0.0045887669017338,0.0023275207406137,7.3628952042049205,4452.725881412682,2.0805060582783015,0.6606682922557319,0.33933170774426813
1.404492876067226,0.0680464421074609,0.0078166181114231,219617843888.92004,7613.105907955924,0.0298938766630122,1.7633664607909614,9.017245895992357,0.65,2.0,0.002,4,9.650769505442597,38.60307802177038,86.85692554898336,154.41231208708152,0.0012074015802079,0.0006917753851996,9.650769505442478,10455.850302513061,2.8436473266415265,0.9343551196520806,0.06564488034791938
2.7234467341070205,0.0743778079727157,0.0121855107777378,186821657494.28403,7730.752133743018,0.0181603182641766,7.199624992253428,0.9016648058099004,0.65,2.0,0.002,4,3.662165414110892,14.648661656443569,32.959488726998025,58.59464662577427,0.0027142149352605,0.0017035847460291,3.6621654141108633,5051.651734952554,9.541084715957044,0.24621083535321833,0.7537891646467817
1.6657335012326815,0.0592018571961819,0.0132420162400991,183855739498.8018,7949.596635709418,0.0280675961624132,4.786274030654907,5.79885595042219,0.65,2.0,0.002,4,10.407307314878222,41.62922925951289,93.66576583390402,166.51691703805156,0.0004157761448198,0.0002120497604796,10.407307314878176,22194.561009718036,5.190510391951466,0.5571908059380746,0.4428091940619254
1.81103805891674,0.0336253298873714,0.0063450164051925,201852837722.98117,7694.804693834098,0.0135670222221768,7.889271512559896,7.449960224148397,0.65,2.0,0.002,4,4.4928868167864495,17.971547267145798,40.43598135107805,71.88618906858319,0.0099905693181641,0.0043064444206123,4.492886816786394,1184.6912443000717,1.4866012229361956,1.6581677945488722,0.6581677945488722
1.523857287544809,0.0397042139424546,0.0053592800074448,194902078201.9472,7870.030986493877,0.0483377545062724,7.427876335649085,2.1477274585994874,0.65,2.0,0.002,4,5.2079538069921245,20.831815227968494,46.871584262929126,83.32726091187399,0.0072687031445189,0.0040582088771156,5.2079538069920845,1366.2424573879612,1.275950403588007,0.41239372279300857,0.5876062772069914
2.8513428273026875,0.0219835848983595,0.0169610618586062,185583768737.2907,7608.273675096866,0.0209601606781523,8.654158624883987,1.245054248916886,0.65,2.0,0.002,4,4.672080848611257,18.688323394445028,42.04872763750132,74.75329357778011,0.0051924179742602,0.003100420432402,4.672080848611235,3485.2790549550214,4.044428114703361,0.26648816432339256,0.7335118356766075
2.625518676147069,0.0304280650979852,0.0088270738790707,189406708349.33105,7675.64973553108,0.0486700929294576,1.7436789016144398,4.453759256980328,0.65,2.0,0.002,4,2.8844027161717034,11.537610864686814,25.959624445545334,46.150443458747255,0.0045422624894012,0.0018949539419735,2.88440271617169,888.9204370604818,2.7063961233902862,1.5440837134183396,0.5440837134183396
2.778826239175164,0.0730450008633889,0.0140425275979847,206317921800.938,7918.580282276104,0.0375248731379556,2.3265246736570497,4.655550521176246,0.65,2.0,0.002,4,4.209171034864484,16.836684139457937,37.88253931378036,67.34673655783175,0.0027360642111205,0.0015348992054812,4.209171034864469,7893.4595402875675,11.285336266676916,1.1060492630530872,0.10604926305308715
2.633137526847821,0.0263166847912474,0.0059983828543276,203777346550.2581,7658.469297677079,0.0421098885705353,3.172313271848337,0.9287677372555698,0.65,2.0,0.002,4,2.0235936789845765,8.094374715938306,18.21234311086119,32.377498863753225,0.0295888854422546,0.0172053302848601,2.023593678984552,257.3103455356996,1.5916621286709414,0.4589694793480623,0.5410305206519377
2.3621639238679606,0.0367619355769098,0.0135397071261711,189610349839.563,7978.526170947181,0.0437076570357125,2.951623635824945,6.178600753234512,0.65,2.0,0.002,4,5.363992256227234,21.45596902490893,48.27593030604511,85.82387609963574,0.0032669997678759,0.0016725711986931,5.363992256227199,5327.78108742912,4.690405071128614,1.1518660837106192,0.15186608371061916
1.601715495734091,0.0454611236572857,0.012096950689228,191658897122.66956,7916.180169258011,0.0150459865018275,6.995521401661219,18.234148187462104,0.65,2.0,0.002,4,10.520613532113885,42.08245412845554,94.68552178902496,168.32981651382215,0.0005402769829463,0.000194139954703,10.520613532113854,15234.527856116616,3.486479594971096,1.7331829680657804,0.7331829680657804
2.442108737532978,0.0708629332457205,0.0127171001219633,201597009763.75156,7734.744205090951,0.0157308439489804,7.576797494738303,8.533536393423306,0.65,2.0,0.002,4,4.936355342111757,19.74542136844703,44.42719807900582,78.98168547378812,0.001672266812183,0.0006887768783771,4.936355342111721,8187.677713206418,8.511148603479851,1.7287119346178894,0.7287119346178894
1.9293592757146591,0.042074260413309,0.0082878382471794,188335173657.4006,7900.596324228558,0.0103509656615282,0.9512252660983568,2.550017134215092,0.65,2.0,0.002,4,4.929241406459813,19.71696562583925,44.36317265813832,78.867862503357,0.0007584516664074,0.0004228120750015,4.929241406459764,2549.298284614509,2.6576680846278435,0.5173244570398394,0.4826755429601606
1.958036914627845,0.0354382858994818,0.0050524247166402,218669502986.88303,7945.539424740737,0.0281164378311467,2.6161076523781674,4.537273402461995,0.65,2.0,0.002,4,3.1348716910199985,12.539486764079994,28.213845219179987,50.157947056319976,0.0104982260540718,0.0047591467786484,3.134871691019995,540.3636192580271,1.3927938006149514,1.4473553783586275,0.4473553783586275
1.4555670149430715,0.0441015215211752,0.0169434885749723,185318436078.74725,7923.243797206486,0.0208667849328878,1.342486620400633,6.006159213989484,0.65,2.0,0.002,4,17.53781485866707,70.15125943466828,157.84033372800363,280.6050377386731,3.137900153273814e-05,1.7047055997304566e-05,17.53781485866702,52320.55413653901,4.308852585074127,0.3424690739634133,0.6575309260365867
1.0783917823665603,0.0749078269538639,0.0136210756696135,200152112187.38077,7604.234138411112,0.0453947994695347,5.484515657811405,45.92096061551724,0.65,2.0,0.002,4,27.24832863465812,108.99331453863248,245.23495771192307,435.9732581545299,3.424701023730339e-05,1.0958465632182996e-05,27.248328634658073,122625.31404460713,4.183508529612274,1.6852762322129664,0.6852762322129664
2.8897755083899126,0.0585467647040903,0.0133523480329625,206322930196.14688,7651.44818959072,0.0453667568610912,2.1650971247788395,5.291372283136404,0.65,2.0,0.002,4,3.76496214085917,15.05984856343668,33.88465926773254,60.23939425374672,0.0014849253270633,0.0006317579002018,3.7649621408591503,4836.367126731147,8.642478283897399,1.4054250972969764,0.4054250972969764
1.998668390693874,0.0224576992315402,0.0131417398496958,187373361116.46048,7890.615692572748,0.0440731170088095,7.609605325427543,2.2833404888543725,0.65,2.0,0.002,4,7.269409083618949,29.077636334475795,65.42468175257054,116.31054533790318,0.0024630875222463,0.0013908075315968,7.269409083618949,4855.094892424764,2.327232467686183,0.31410262685583396,0.685897373144166
1.9854339318062173,0.0307300285013249,0.0163837354518134,194137897544.88428,7986.564241995917,0.0167958151451158,8.239259483622131,10.118446987698412,0.65,2.0,0.002,4,9.29194151068085,37.1677660427234,83.62747359612766,148.6710641708936,0.0058320532662017,0.0028838134141435,9.291941510680827,13606.1105397626,3.9917315204596817,1.088948631033411,0.08894863103341111
1.7419665838234155,0.0786699806393431,0.0179224507748592,200096423316.5896,7934.581048105099,0.0117090220784374,5.341505166314771,13.588094498938776,0.65,2.0,0.002,4,13.449454606952914,53.797818427811656,121.04509146257624,215.19127371124665,0.0024976053704751,0.0013273851018491,13.449454606952893,69583.99319399853,9.744067059684077,1.0103082166554331,0.010308216655433133
1.6867083686007096,0.0739394825860782,0.0111688302391485,206821463877.8702,7954.910421696738,0.0441893267767316,0.1881818128508298,4.400363072970318,0.65,2.0,0.002,4,9.076890611484634,36.30756244593854,81.6920155033617,145.23024978375415,1.620374386769539e-05,9.330983087318127e-06,9.07689061148458,18020.35468183139,5.540250410742538,0.4847874962162414,0.5152125037837586
2.6569575851939047,0.05845982062088,0.0122258633091181,204740499112.80023,7610.321044182867,0.0169300628223976,1.6615992209415984,3.8457399581567153,0.65,2.0,0.002,4,4.073239405927465,16.29295762370986,36.65915465334718,65.17183049483944,0.0064735927516863,0.0034001906531158,4.073239405927443,4732.975192605148,7.225944443574788,0.944147783840138,0.05585221615986202
2.4782273038607165,0.0483416639908385,0.0103219037306276,212001361079.26584,7608.788717301408,0.029326807769185,0.8309147663541792,2.648319443429016,0.65,2.0,0.002,4,4.022706483479547,16.09082593391819,36.204358351315925,64.36330373567276,0.0010048625053866,0.000520128244851,4.022706483479522,3005.415305220554,4.704441431605242,0.6583426989528449,0.3416573010471551
2.6864220553168074,0.0495885670141395,0.0141264827909226,217071445206.963,7767.28490092324,0.014912887461829,1.0007053507875483,5.921448101923655,0.65,2.0,0.002,4,4.6922543038766005,18.7690172155064,42.23028873488941,75.07606886202561,0.0008313718528337,0.0003770547750636,4.692254303876586,6352.605795077733,7.308514064533451,1.2619623145811916,0.26196231458119157
2.4603270041107206,0.0792915272598311,0.0122302965005935,194849621197.65735,7842.333181789885,0.0412114022441452,2.4784947383752605,2.974156597865888,0.65,2.0,0.002,4,4.566754982643843,18.267019930575373,41.10079484379459,73.06807972230149,0.0011108688575502,0.0005709692104121,4.566754982643829,7702.772215948912,9.355605400906825,0.6512625724763673,0.3487374275236327
2.0919843087833403,0.0403612728275369,0.0169450432119032,182216632429.8316,7910.977797912318,0.0340714736741744,5.12145399916664,14.91673360964285,0.65,2.0,0.002,4,8.426243681085898,33.70497472434359,75.83619312977308,134.81989889737437,0.0004443289433247,0.0001519991867831,8.426243681085891,15863.312973653918,5.659344442520123,1.7702708554614848,0.7702708554614848
1.2948519069711717,0.0364057821276003,0.0096249980592926,185091047933.1616,7820.095876763303,0.0367262688435886,0.792323151620926,13.500267354236122,0.65,2.0,0.002,4,12.664159494823982,50.65663797929593,113.97743545341584,202.6265519171837,0.000404243834014,0.0002346835409013,12.664159494823897,11232.739280123134,1.774079996427053,1.0660215831736768,0.06602158317367679
2.3597568145058907,0.0409513780940107,0.0084758582377163,182263296146.3536,7711.035046683986,0.0111581909981015,3.7553252996426494,4.914765439889765,0.65,2.0,0.002,4,3.355611793031198,13.422447172124793,30.200506137280783,53.68978868849917,0.0071766264924227,0.0033680101139154,3.3556117930311866,1403.8001890283379,3.157927358831136,1.464640650654695,0.46464065065469495
2.552358218006829,0.0509585382807038,0.0182348122364908,217277251117.1049,7852.285323014141,0.0067282880843442,7.782060510087291,12.054302633958232,0.65,2.0,0.002,4,6.676615858276057,26.70646343310423,60.08954272448452,106.82585373241692,0.0008147429958021,0.0003719495870194,6.6766158582760395,16386.963130867625,9.311635354443425,1.805450978434868,0.805450978434868
2.8334980043197877,0.0360231801042598,0.0191165390038178,191068529709.83505,7967.550737098616,0.047094598671688,5.097835897300648,10.10378640739023,0.65,2.0,0.002,4,5.287189313196835,21.14875725278734,47.58470381877152,84.59502901114936,0.0008510663235001,0.0003199042602136,5.287189313196806,8578.641688059013,7.7733651657922955,1.9109938776300697,0.9109938776300697
2.9287517141274875,0.0507341797364778,0.0085274973349015,186953167098.81024,7979.409407339061,0.0450872871218065,7.435280432298288,2.441565674932948,0.65,2.0,0.002,4,2.1820604309082245,8.728241723632898,19.63854387817402,34.91296689453159,0.0662031191080927,0.037934408034291,2.182060430908211,950.2520794848584,5.055283828491587,1.1189266989808924,0.11892669898089236
2.182155233907671,0.0573077716280011,0.0153013093781218,216207710248.5385,7718.016056198615,0.0346441545143049,5.641256173199152,5.787940821514893,0.65,2.0,0.002,4,7.71204075245463,30.84816300981852,69.40836677209167,123.39265203927408,0.001351805240077,0.0006693711842607,7.712040752454598,17338.112252675815,7.384199847637003,0.750507032742624,0.24949296725737602
2.3217138382250124,0.0313801275238955,0.0144904022499293,208532896782.62903,7693.323950745675,0.0109824579521683,4.391921222058171,6.11629020752236,0.65,2.0,0.002,4,6.346329162279018,25.38531664911607,57.11696246051116,101.54126659646428,0.0168112044610259,0.0089225704007641,6.346329162279011,6457.0297031510145,4.060952036229735,0.9637524387918698,0.03624756120813022
1.4920422276595946,0.0229772795894167,0.0130279844369517,200547081982.39404,7861.444703740197,0.0145817933417165,1.8784692813883783,26.273165401355584,0.65,2.0,0.002,4,13.402976229695534,53.61190491878214,120.6267860672598,214.44761967512852,0.0001140792576886,4.237938450033172e-05,13.40297622969553,12450.636511826024,1.7556151621401783,1.9602486008402344,0.9602486008402344
1.5280570522154666,0.0656134895238216,0.018912360095089,183172762109.4845,7817.744780866843,0.0293180908252641,2.9357334508269117,14.489404378548263,0.65,2.0,0.002,4,17.778108248738675,71.1124329949547,160.00297423864808,284.4497319798188,0.0001205380705497,5.859777806250914e-05,17.77810824873864,92482.75426721717,7.411906395105507,0.8150138460078444,0.18498615399215557
1.9461694793376028,0.0729062260581345,0.0116591487028677,199104561098.4625,7853.181007085956,0.0147155629723528,2.251825613315323,7.855553497584021,0.65,2.0,0.002,4,7.02833706394532,28.11334825578128,63.25503357550788,112.45339302312512,0.0013760770703959,0.0006672409254695,7.028337063945306,12667.550014765879,6.4957264675518855,1.1176973195953073,0.11769731959530727
1.7020376562876147,0.033269979180335,0.0089633826793945,215614313667.0524,7750.957837332103,0.0132201929637348,3.70896911834973,9.701698752789476,0.65,2.0,0.002,4,7.399867965888017,29.59947186355207,66.59881169299216,118.39788745420827,0.0024793302203398,0.0010659304967179,7.39986796588797,4252.327342070838,1.9670663568837758,1.3110637645850605,0.31106376458506046
2.2830060277597752,0.0704066021806726,0.016803222521204,180397532901.36984,7780.882186484881,0.0101906025965848,1.6129685669996003,10.356549986908275,0.65,2.0,0.002,4,7.038961560929865,28.15584624371946,63.35065404836879,112.62338497487784,0.0002007796018195,8.757352303218927e-05,7.038961560929862,20553.64212165187,10.50780165596794,1.4713178779655323,0.47131787796553226
1.8519841971473845,0.0341462703784375,0.0091053307843787,181811409003.66547,7815.967524240364,0.0423896397755144,7.714205897493944,5.736352283546463,0.65,2.0,0.002,4,5.805900942125997,23.223603768503988,52.25310847913397,92.89441507401597,0.0300820164333287,0.0165755868114872,5.805900942125952,2994.5254609516223,2.250240980883609,0.9880210394092562,0.01197896059074377
1.436298369122063,0.0597756620336371,0.0165029228045421,186665445721.13895,7617.543313367167,0.0247814318885602,7.762838451325127,24.625814589253824,0.65,2.0,0.002,4,17.95664873649273,71.82659494597092,161.6098386284346,287.3063797838837,0.0002208937770225,7.964912188826917e-05,17.956648736492625,68695.00792702625,5.396533370182302,1.371403704033465,0.371403704033465
2.065745553431888,0.0561237804699788,0.0114328275679389,183343311280.5836,7971.537399533727,0.0198133940639499,3.1971929596339894,3.1717326569052244,0.65,2.0,0.002,4,5.826271862397506,23.305087449590022,52.43644676157756,93.22034979836008,0.0010557630941935,0.0005565560367945,5.826271862397461,7079.95858817278,5.28310800862633,0.5443845964990868,0.45561540350091323
1.0405222564082783,0.0349728905563232,0.006777278785322,188671765829.25775,7709.828097384367,0.0230587850921988,5.337489995540014,2.8333182900175364,0.65,2.0,0.002,4,14.041482607596889,56.16593043038755,126.37334346837198,224.6637217215502,0.0004548338539311,0.0003123197466339,14.041482607596839,7400.117615896483,0.9507207066579381,0.2017819890674957,0.7982180109325043
2.8283481062972866,0.0233525989139718,0.0092422851246641,198148967653.1761,7690.468861898448,0.0348692366350833,6.820045088716747,1.5459516675037768,0.65,2.0,0.002,4,2.65926975197112,10.63707900788448,23.93342776774008,42.54831603153792,0.0360685810210394,0.0184688547007171,2.6592697519710917,655.3220625955232,2.347309008016021,0.5813444335076927,0.4186555664923073
2.438368574183103,0.0330731184906299,0.0063688916724072,187971293758.72983,7699.097041563031,0.0099988542167721,2.373548570065993,0.9845088132187468,0.65,2.0,0.002,4,2.400049945722159,9.600199782888636,21.600449511499427,38.40079913155454,0.0118158319656963,0.006671897966408,2.4000499457221234,449.6229340113646,1.977188880478131,0.4102034688792817,0.5897965311207183
1.3559747560464126,0.0328749222447729,0.0176908483828893,180348838168.92447,7947.652144798733,0.0075014638521793,3.977418834085114,34.09100435129919,0.65,2.0,0.002,4,20.78317788528524,83.13271154114096,187.0486009675672,332.53084616456385,8.724238469444586e-05,3.09862095296916e-05,20.783177885285166,53438.89882097429,3.133818601196766,1.6403172094021379,0.6403172094021379
1.6293557006817097,0.021759136766365,0.0184648184003918,213780892059.5269,7918.739494676338,0.0210370473589118,0.8890950455475557,32.032739163112936,0.65,2.0,0.002,4,16.386979120265075,65.5479164810603,147.48281208238566,262.1916659242412,2.624213872789613e-05,8.999320219529164e-06,16.386979120265043,27478.068696483944,2.5919622229863837,1.9547678024132882,0.9547678024132882
2.8742459072116584,0.0210521971281405,0.0160843824390643,193861518333.6804,7867.448149647241,0.0474056045903264,6.573720653903461,6.753204199397194,0.65,2.0,0.002,4,4.382426709318215,17.529706837272858,39.44184038386393,70.11882734909143,0.0057857767881739,0.0022789129747616,4.3824267093181914,2902.810560722387,3.8285086629503393,1.5409736767618056,0.5409736767618056
2.5984648181590337,0.0664204393457037,0.0066718804145241,199145559793.5883,7794.503789200404,0.0404356205136963,5.902464372649932,3.795248411953706,0.65,2.0,0.002,4,2.264826317494528,9.059305269978111,20.383436857450757,36.23722107991245,0.0126234981949094,0.0053753925616434,2.264826317494519,908.771833323682,4.487715484322811,1.6757348599482138,0.6757348599482138
2.9808931613422267,0.0622359966648473,0.0110879051716938,207317469558.0111,7948.902647463548,0.0153051262420358,7.197601608389703,3.771356716286871,0.65,2.0,0.002,4,2.88968362062228,11.558734482489118,26.00715258560052,46.23493792995647,0.0134411624919467,0.0066704854039188,2.889683620622278,2695.1011803497977,8.175507946256012,1.3051105973583121,0.30511059735831214
2.4256273740219,0.0592724046519117,0.0081250317696675,216045959098.32068,7875.190774412795,0.0201277895104274,4.13576646924994,2.383111360400341,0.65,2.0,0.002,4,3.279809985410416,13.119239941641665,29.518289868693746,52.47695976656666,0.0097136026550197,0.0049822390501219,3.279809985410409,1953.3941890280953,4.5997347395180785,0.7266004344767363,0.2733995655232637
1.645810316373682,0.0501189033744009,0.0074273841170852,190251073123.14465,7780.084704146621,0.0256181580113783,9.997800118982749,4.941998550694034,0.65,2.0,0.002,4,6.148610366945264,24.594441467781056,55.33749330250737,98.37776587112424,0.0112535930329409,0.0055643232619217,6.148610366945255,3557.011236179107,2.3832607156905854,0.8037586146720355,0.19624138532796453
2.222456299920397,0.0352670037563185,0.007279212882428,207849146957.7459,7947.78791084754,0.0455692508789366,8.4300434655923,3.9473901360342665,0.65,2.0,0.002,4,3.4174187883182845,13.669675153273138,30.756769094864563,54.67870061309255,0.0434781313829982,0.0229374809447539,3.4174187883182836,1045.3425557208,2.267266068788341,1.1550794270598548,0.15507942705985478
1.3257430011091098,0.0610737244036206,0.0100921663131335,218195935674.2323,7697.438698143443,0.009451602729717,7.559695173702553,24.756758240495085,0.65,2.0,0.002,4,13.862615437072082,55.450461748288326,124.76353893364876,221.8018469931533,0.0002889694261818,0.000107165590023,13.862615437072028,23859.67249437632,3.1449546701337314,1.7858648934521728,0.7858648934521728
1.1537484893476004,0.0264795868789436,0.0196542856158961,188486691968.6461,7876.341832936265,0.0336437715957246,6.348334162044738,18.73653770982002,0.65,2.0,0.002,4,32.75233702200679,131.00934808802717,294.7710331980612,524.0373923521087,8.715275006455443e-05,4.375248378096096e-05,32.752337022006685,100142.5161766187,2.364689778283086,0.5720671992728554,0.42793280072714457
1.580394243960807,0.0589627584568683,0.0077633945770854,196858047391.2911,7968.094830272767,0.0414907842717437,5.0154108737533045,3.252881555196235,0.65,2.0,0.002,4,7.005665140401837,28.02266056160735,63.05098626361654,112.0906422464294,0.0012983371213868,0.0007338357587014,7.00566514040178,5584.417469473991,2.8821686536538733,0.46432158688784836,0.5356784131121517
1.3985372321303873,0.0466858362459576,0.0060174122099607,207882151041.1208,7766.646447889791,0.0451240039687815,2.812519696874066,13.442342549812931,0.65,2.0,0.002,4,7.217433392582692,28.86973357033077,64.95690053324424,115.47893428132308,0.0006899685343962,0.0002428856104795,7.217433392582628,3137.601500510082,1.5257117050560698,1.8624823837830848,0.8624823837830848
1.8507935799638235,0.0620772608578786,0.0188123195707192,203990201948.64145,7690.913456603336,0.0057908277639129,6.229219870848523,22.524965806194,0.65,2.0,0.002,4,12.825411986038876,51.30164794415551,115.4287078743499,205.206591776622,0.0001555969257871,6.348799995491759e-05,12.825411986038871,53973.82447417835,8.311526736783007,1.7562761984342958,0.7562761984342958
2.036608551690331,0.0259959085383418,0.007463800808814,185301852570.9905,7981.643311628003,0.017818911069975,3.6165228036004766,3.065635670357781,0.65,2.0,0.002,4,3.9315870076431088,15.726348030572437,35.38428306878798,62.90539212228974,0.0177268747265407,0.0089576770959496,3.9315870076431088,962.344222464197,1.5770117317554515,0.779745091332865,0.22025490866713504
2.394797984247443,0.0367048948525179,0.0164458887363136,218662156288.1533,7995.181301951604,0.0319906468320514,1.6912472730637365,13.160598593010423,0.65,2.0,0.002,4,6.800196916171607,27.200787664686427,61.20177224554446,108.80315065874572,0.0001934853843596,7.284612364505771e-05,6.800196916171605,10549.970647183434,5.778944674672561,1.9353261023534618,0.9353261023534618
1.299468416533541,0.0558102400730267,0.0140399661581975,193612025746.66116,7943.940022746214,0.0430456054421942,1.17963763417607,27.00847964796909,0.65,2.0,0.002,4,18.612814292660435,74.45125717064174,167.5153286339439,297.80502868256696,2.834505266258579e-05,1.0492339541449902e-05,18.612814292660307,55314.0510549669,4.04437708460209,1.4510690980578629,0.4510690980578629
2.7346060810023625,0.0624706336640868,0.0174502876873854,219035901614.71585,7936.861862206749,0.0474522058075033,1.356659042230106,9.074177877049856,0.65,2.0,0.002,4,5.558729442250442,22.23491776900177,50.028564980253975,88.93967107600707,0.0002008087989815,7.289312860351179e-05,5.558729442250435,14431.21553019251,11.830200456349457,1.632419417300548,0.632419417300548
2.956740444444953,0.0478226783732773,0.0115060246053122,196465772675.5089,7724.872029042718,0.0196562664381912,6.909586893302031,0.82317041577144,0.65,2.0,0.002,4,3.0097190146917865,12.038876058767146,27.08747113222608,48.15550423506858,0.0067827160825429,0.0038957950095289,3.009719014691778,2247.2186723816158,6.283964081480146,0.27350407521538683,0.7264959247846132
2.5309250023087344,0.0490971239925118,0.0149796181530679,194328201613.63095,7848.347530727556,0.0066028895504491,0.5513282541134371,8.6424942420729,0.65,2.0,0.002,4,5.276552305651821,21.106209222607283,47.48897075086639,84.42483689042913,0.0001513993153582,6.962011463351381e-05,5.2765523056518004,8028.687120179824,7.304395862323131,1.6379055378292724,0.6379055378292724
2.4474905803836755,0.0239838967425964,0.0179382170061248,213421207924.4437,7635.571497220113,0.0060690427905733,0.6572592485217127,12.466595006824967,0.65,2.0,0.002,4,7.1790087435002805,28.71603497400112,64.61107869150253,114.86413989600447,0.0001477892635148,6.622131264331895e-05,7.1790087435002485,8179.3784327990725,4.020051351839492,1.736534311664129,0.736534311664129
2.812362731496228,0.0786002220083639,0.0147519589894706,217996918280.8952,7630.263785050027,0.0211675255698307,0.1862755035346635,8.888000849348582,0.65,2.0,0.002,4,4.520554224983229,18.08221689993292,40.68498802484907,72.32886759973167,2.5714697835771663e-05,1.1501239474821004e-05,4.520554224983216,10036.850667996292,12.440973349572939,1.9661307899434792,0.9661307899434792
1.8641808471589785,0.028600533326198,0.0193077483492521,185799301327.8857,7808.754861540253,0.0138640921393544,0.8559818543788315,6.932897529188783,0.65,2.0,0.002,4,12.288983016522996,49.15593206609198,110.60084714870698,196.6237282643679,8.191175804212664e-05,4.068004186469081e-05,12.288983016522936,23962.781156478264,4.019255333554981,0.5641555139157794,0.43584448608422055
2.0176997112431545,0.0436165091460325,0.0182061798047405,208872551977.7612,7614.411261961158,0.0405285078487472,7.933151798319041,14.806862759741378,0.65,2.0,0.002,4,10.620807548795092,42.48323019518037,95.58726793915584,169.93292078072147,0.0007090521756471,0.0002694824316687,10.620807548795092,27164.856352327388,6.1000387986046745,1.3941371869996066,0.39413718699960665
1.1611803170165396,0.0452812560992003,0.0091708584906329,184882038972.7908,7842.230799039268,0.0168462669660619,4.683349007252836,6.676755700421144,0.65,2.0,0.002,4,14.975021905372554,59.900087621490215,134.775197148353,239.6003504859609,0.0003044338551669,0.0001654511464046,14.975021905372442,16739.112057989758,1.8907658395217604,0.44585949473808717,0.5541405052619128
1.0086115513353573,0.0542700417233444,0.0199111665867856,181545772393.07535,7683.199229483384,0.0283511589119187,8.118413290804218,15.543004339672397,0.65,2.0,0.002,4,43.141983374855926,172.5679334994237,388.27785037370336,690.2717339976948,2.251888036770295e-05,1.2263435051502769e-05,43.141983374855755,307647.11671252485,4.186902987783488,0.36027560913509726,0.6397243908649027
1.276580691631079,0.0205046165623088,0.0197979238457843,196426011278.50992,7678.410276509274,0.0103402193159974,3.767077684548621,54.5157932378064,0.65,2.0,0.002,4,27.8622511424572,111.4490045698288,250.7602602821148,445.7960182793152,4.06617194032965e-05,1.3835262686833112e-05,27.862251142457115,60975.17186022863,1.9895776394216667,1.9566183995353494,0.9566183995353494
2.703869540583658,0.0544388638366561,0.0112162079363732,212478692883.5393,7724.232153030927,0.0402627765184019,3.3468419705173904,6.777707682586129,0.65,2.0,0.002,4,3.6486640123751135,14.594656049500454,32.83797611137602,58.378624198001816,0.0015190225764246,0.0006065684556423,3.6486640123751046,3351.1482716793785,6.37626209901349,1.857586135527499,0.857586135527499
1.9089218122969476,0.0392150677066609,0.0150316940834654,199413711139.71,7629.645226532462,0.0206632037710974,1.109431065114049,2.9955383900129555,0.65,2.0,0.002,4,9.5628256488344,38.2513025953376,86.0654308395096,153.0052103813504,0.0001099671444312,6.132447719907626e-05,9.562825648834341,15497.2842457999,4.2926293104795645,0.3132482490024375,0.6867517509975625
2.6020502210994247,0.0575036596371268,0.0065128639232541,191472585150.5299,7654.871144938746,0.0408920583000995,5.376300288744103,0.4474113341013743,0.65,2.0,0.002,4,2.181495229484094,8.725980917936376,19.633457065356847,34.9039236717455,0.0120805975056139,0.0087646609054105,2.181495229484092,700.7438976882218,3.729847303367481,0.20509388608985582,0.7949061139101442
2.445057644666482,0.0253320298508143,0.0153964666827006,213944619851.6255,7739.75857003296,0.036923936386964,1.652062680663713,10.577202404390777,0.65,2.0,0.002,4,6.139868834625563,24.559475338502253,55.25881951163007,98.237901354009,0.0005174404396603,0.0001844199311998,6.139868834625537,5492.315816266247,3.6904351510537055,1.7227082026151896,0.7227082026151896
2.594642494696973,0.078591350067998,0.0108643971195233,185997687077.07578,7654.158724681983,0.0318864918495469,5.516320351967885,1.9177376333665477,0.65,2.0,0.002,4,3.607321683646816,14.429286734587262,32.46589515282134,57.717146938349046,0.0034349907307523,0.0019195465386935,3.607321683646795,4355.668882801631,8.478623996657346,0.5316236813756585,0.4683763186243415
2.6669372076001023,0.0436833675547497,0.0113069686885054,218478333010.9125,7698.953476560945,0.0223460608466823,7.72448847690183,4.085704909398999,0.65,2.0,0.002,4,3.8400616937627934,15.360246775051174,34.56055524386514,61.44098710020469,0.0392019713250838,0.0216960443651363,3.840061693762781,2951.976735685595,5.070803604394885,1.0639685596810085,0.06396855968100845
2.251979113398161,0.0321120350965724,0.0170087543101077,204711556340.22333,7945.65473167709,0.0476979398152602,3.544217679990264,2.8024418969346865,0.65,2.0,0.002,4,7.719325972565281,30.877303890261125,69.47393375308754,123.5092155610445,0.0005815475286524,0.0003200417453292,7.719325972565262,11495.36823787345,4.886572984028134,0.36304230536379173,0.6369576946362083
2.509119164972493,0.0502089412780083,0.0126381669793384,188393805729.25595,7612.334702924963,0.0414173802238299,8.56927028733607,2.8721139574809,0.65,2.0,0.002,4,4.528403734102832,18.113614936411327,40.755633606925485,72.45445974564531,0.0059632436381816,0.0030210552738463,4.528403734102808,4905.96376906251,6.060023665735783,0.6342442339783865,0.3657557660216135
2.045011747025434,0.0779504224743698,0.0120841293226653,211348895767.8626,7863.238046870668,0.02831832230651,0.5167415613928432,9.397852747481052,0.65,2.0,0.002,4,6.792854059931747,27.171416239726987,61.13568653938572,108.68566495890796,9.973329597663562e-05,3.94221485380845e-05,6.792854059931722,13796.387296978846,7.5735774759299455,1.383491042876242,0.3834910428762419
2.996456962235708,0.0495477750200259,0.0059195609866016,203834318029.2394,7647.609659992868,0.0160144269600249,3.354921121926799,2.3395685195710554,0.65,2.0,0.002,4,1.5433998735893852,6.173599494357541,13.890598862304463,24.694397977430164,0.0320368454250535,0.0162628105977033,1.543399873589376,316.03419459124444,3.360604603720034,1.5158537716671483,0.5158537716671483
2.622141900623178,0.0492480103298219,0.0164358186347727,204443738575.0506,7766.428325920928,0.0355832080988275,5.79227582451935,6.224768582880135,0.65,2.0,0.002,4,5.56140408099649,22.24561632398596,50.05263672896841,88.98246529594384,0.0047532595233337,0.00246363009146,5.561404080996488,10063.665707971932,8.24190421340971,1.1192800401161977,0.11928004011619775
1.9915247453976292,0.069798743193198,0.0137785999653878,195281224546.6752,7865.423856374618,0.0489584949674635,0.7680671399524431,6.237508601012659,0.65,2.0,0.002,4,7.849321373202623,31.397285492810493,70.64389235882362,125.58914197124196,0.0001740412492242,9.092379569055793e-05,7.849321373202612,18321.224428488393,7.532350776644207,0.7946557803464843,0.20534421965351568
1.0880288499461108,0.0250832738938774,0.0148995293637601,208875019214.1157,7987.161976351585,0.0051499644226234,2.445909042769032,49.53231831658566,0.65,2.0,0.002,4,29.185557097400952,116.7422283896038,262.6700138766086,466.9689135584152,3.8576385880278514e-05,1.37422793229655e-05,29.185557097400785,54607.889241806144,1.6239014821031048,1.6971517162164063,0.6971517162164063
1.1139721759989336,0.0669726108486016,0.0051020493135455,198759956548.32596,7642.918901717723,0.0316234502158351,9.983570137055631,4.845319982832458,0.65,2.0,0.002,4,9.507362209477357,38.02944883790942,85.5662598852962,152.11779535163768,0.0020370057297418,0.0011739930568274,9.507362209477327,5190.6924469771575,1.4546063557091276,0.5096387279746685,0.49036127202533153
2.56442239053559,0.0648794077371468,0.0172260964432813,197929625326.82428,7928.222833055945,0.0158338882046421,3.672024558033402,3.07089180218041,0.65,2.0,0.002,4,5.934778098557072,23.73911239422829,53.41300288701365,94.95644957691316,0.0006106879331162,0.0003416832925979,5.934778098557068,15797.84581847838,11.36132971486216,0.5174400375520427,0.4825599624479573
1.0642981756057004,0.0541989742156419,0.0073142468812021,217643051390.5879,7666.945999857671,0.0331987647963866,3.3297597854241623,21.13547205909873,0.65,2.0,0.002,4,15.60031740679281,62.40126962717124,140.40285666113527,249.60507850868493,0.0003092022265974,0.0001162435027368,15.600317406792724,15539.71375589133,1.617396163776533,1.3548103867358414,0.3548103867358414
2.207396478319173,0.0412495355535692,0.0078183686329497,185373847776.14783,7897.669895659625,0.0261109398912582,0.5585635565569396,6.947466935457532,0.65,2.0,0.002,4,3.525002670798583,14.100010683194332,31.72502403718725,56.40004273277733,0.0004312493179669,0.0001979819058084,3.525002670798552,1378.9965219698822,2.8111533246474933,1.9709111124967338,0.9709111124967338
2.6945272411986867,0.023303868308143,0.00908448592977,184326071360.7505,7778.815456172104,0.0336617235839088,5.356853680601416,4.585432838861732,0.65,2.0,0.002,4,2.7618564540673405,11.047425816269362,24.856708086606066,44.18970326507745,0.0168499874048561,0.0071031603084974,2.761856454067327,668.1229151306659,2.2186787580433216,1.6602719638483971,0.6602719638483971
2.251475576419244,0.0791436075269063,0.0195518298707042,209827650218.35495,7929.832182282938,0.0443284038304616,5.330702257706899,5.501320975138676,0.65,2.0,0.002,4,8.996664879266696,35.986659517066784,80.96998391340026,143.9466380682671,0.0003504728560597,0.0001762789031656,8.996664879266676,44139.49060513368,13.813524204936055,0.6114844833018935,0.38851551669810647
2.59793952801118,0.068120898661598,0.0131451377326733,219998283651.2036,7754.568121849742,0.0473929227344832,6.339594477699814,7.176233073391588,0.65,2.0,0.002,4,4.703998318875987,18.81599327550395,42.335984869883895,75.2639731020158,0.00189772749864,0.0007473929831648,4.703998318875964,7879.455726552741,9.019909231384153,1.5255602972040119,0.5255602972040119
2.2851901685524507,0.0274924396755528,0.0169387246304099,198679763337.8017,7729.658405761924,0.0420781723630684,3.4993724990284547,9.838204389688226,0.65,2.0,0.002,4,7.456962070638856,29.827848282555426,67.11265863574971,119.3113931302217,0.0012567547766079,0.0005223616400494,7.456962070638816,9028.804440294838,4.11288571227153,1.3193314243108945,0.31933142431089445
1.1777734411836622,0.0462271148371351,0.0198575852262496,189175393172.53055,7868.188668070192,0.0472353566642445,7.754713543807534,41.24912926878956,0.65,2.0,0.002,4,31.829302063320387,127.31720825328156,286.4637185698835,509.2688330131262,7.83757179762227e-05,3.183393323615624e-05,31.829302063320302,170115.43433615682,4.253336569900953,1.2959482801957052,0.2959482801957052
1.1021472346205268,0.0517299216105581,0.018783260953716,210640193159.0522,7757.248270437242,0.0492676651346553,1.921600754502792,72.91888833313017,0.65,2.0,0.002,4,36.53741281798848,146.1496512719539,328.83671536189627,584.5986050878156,4.226961623603715e-06,1.3567599519326247e-06,36.537412817988304,218909.92099943061,4.153652148627895,1.995732119741941,0.9957321197419411
1.0256924971117884,0.0309793360116121,0.0171631102686593,200938671465.2433,7850.337314950794,0.021097925393708,0.7799120569367834,65.16259796775269,0.65,2.0,0.002,4,37.42643781142789,149.70575124571155,336.83794030285105,598.8230049828462,4.734244213315297e-06,1.433512937306871e-06,37.42643781142771,118375.09018825478,2.140639815320005,1.741084692485911,0.7410846924859109
1.7825388151683017,0.0231381350108959,0.0109198578441934,185535617145.98672,7892.211118229183,0.0425013192201383,6.909372735183252,4.237989119555029,0.65,2.0,0.002,4,7.555836422498852,30.22334568999541,68.00252780248968,120.89338275998163,0.0034765288092464,0.0018279683787194,7.5558364224988175,4005.6948380632753,1.7772684426691212,0.5608894743850832,0.4391105256149168
1.0073657268977236,0.0336074304101508,0.0138879091039518,216691746668.16916,7603.812461249576,0.0320390537762125,0.1333304589444831,43.76466042553224,0.65,2.0,0.002,4,33.12815611321678,132.51262445286713,298.153405018951,530.0504978114685,2.523901533245444e-06,9.56515465691256e-07,33.12815611321666,77448.85660988615,1.7875604847888265,1.3210714256466598,0.3210714256466598
2.373090260709434,0.0609621107968519,0.0092777375284361,217341566208.02835,7969.110663288158,0.0382769964218403,4.742409050010751,1.1111225316265974,0.65,2.0,0.002,4,3.901299475667439,15.605197902669754,35.111695281006945,62.42079161067902,0.0026270629408013,0.0015316596586124,3.901299475667417,3213.471942410096,5.3480590877047485,0.28480831542328894,0.715191684576711
1.2677781387503633,0.0378163242690633,0.006296711199032,197115770527.1699,7666.9429077244195,0.0205883035688483,7.956419718976902,5.788872115555165,0.65,2.0,0.002,4,9.007537581864428,36.03015032745771,81.06783823677985,144.12060130983085,0.0039826797420779,0.0019271760476764,9.007537581864295,3706.8113364569463,1.157253705997418,0.6426697710604544,0.3573302289395456
1.533342818509941,0.0598337044501023,0.0105172915487873,193813972409.0068,7780.22339696311,0.0256140754159415,8.31326138249203,19.38816796488049,0.65,2.0,0.002,4,10.123976956638206,40.49590782655282,91.11579260974383,161.9836313062113,0.0004448185728951,0.000157835857469,10.12397695663812,15188.440100937329,3.7536272226544223,1.9150742882882599,0.9150742882882599
2.8033806076748835,0.0546230527922399,0.0159959101032547,186106649611.8154,7761.842269610417,0.0340277553416185,2.584550610815452,6.610393545133502,0.65,2.0,0.002,4,4.519315051490192,18.07726020596077,40.67383546341173,72.30904082384308,0.0009792479757607,0.0004094065890351,4.5193150514901745,7664.90502965576,9.5060874549216,1.4626981013314897,0.4626981013314897
2.586796640978145,0.0665842678071081,0.007135818874824,202041389098.7367,7769.083365777353,0.049616883355779,6.575291703677527,4.644275644592399,0.65,2.0,0.002,4,2.4659472227846604,9.863788891138642,22.193525005061947,39.455155564554566,0.0078052182544524,0.0033734459943716,2.4659472227846426,1146.1588503446485,4.774385920354302,1.8833637645123258,0.8833637645123258
1.9374340194046829,0.0444077456245977,0.006851906735759,207778574044.8321,7847.915792538634,0.037262743267138,6.5972042241750986,7.561943154594083,0.65,2.0,0.002,4,4.259023809795435,17.03609523918174,38.33121428815892,68.14438095672696,0.0049939529635386,0.0019125166187431,4.259023809795397,1656.5376166344654,2.3132439213323073,1.7755108898903662,0.7755108898903662
2.035980244010643,0.0536578595612519,0.0101502851774963,181117379199.78165,7897.440038219936,0.0159316303210314,6.481315288817933,6.415221983906835,0.65,2.0,0.002,4,5.317374800821992,21.269499203287968,47.85637320739792,85.07799681315187,0.0065431305992241,0.002939805070607,5.317374800821946,4887.601310557178,4.378662680240261,1.2064641339397755,0.20646413393977547
1.7149252652725084,0.0546324123907868,0.0125331141779614,188216480406.5274,7929.907804419296,0.0200190308007446,4.722185805251752,4.136570011640261,0.65,2.0,0.002,4,9.414399155487144,37.65759662194858,84.7295923993843,150.6303864877943,0.0004605597384654,0.0002520777710053,9.41439915548709,16290.62203146649,4.655782839559119,0.439387574641904,0.560612425358096
1.1921904659437623,0.0292115313232768,0.0130076001991094,182700739207.4966,7621.122840560044,0.0050233434874567,4.419534930973205,32.39456288280845,0.65,2.0,0.002,4,20.318695245973377,81.2747809838935,182.8682572137604,325.099123935574,0.0001746303608581,6.734996205479959e-05,20.31869524597338,28134.38877399638,1.7261801360887514,1.5943229863260133,0.5943229863260133
2.997824615432405,0.0306001250753006,0.0129259936352651,195026245198.86047,7687.36635299813,0.0443971503113793,9.581927974753675,2.7277272312165644,0.65,2.0,0.002,4,3.2850235671392354,13.140094268556942,29.565212104253124,52.560377074227766,0.0361442873451073,0.0195910322276372,3.2850235671392247,1941.680009728689,4.557649712505736,0.8303524085801357,0.1696475914198643
2.9113218824898137,0.0237418438097837,0.0090395211786507,216061695167.7607,7635.791830750453,0.0253145530448779,3.4787843958065734,4.588655008670624,0.65,2.0,0.002,4,2.572504130653195,10.29001652261278,23.152537175878752,41.16006609045112,0.0107354931456593,0.0047689770356553,2.5725041306531855,623.2267381531931,2.3854712086489145,1.7837308613010923,0.7837308613010923
1.1955823477397922,0.057941224906886,0.0176696255958999,216924064907.54016,7759.970256736475,0.0380685470533829,3.9687863526559712,22.937639604187563,0.65,2.0,0.002,4,29.63612729229294,118.54450916917176,266.7251456306364,474.17803667668704,5.777076222064948e-05,2.877319675130892e-05,29.636127292292944,164674.8264312887,4.749245005528677,0.7739756067977424,0.22602439320225765
1.763072259873756,0.062557851885713,0.0075743723355318,199845917318.8698,7983.625023619009,0.028930728096792,2.44837380037244,10.4180498788248,0.65,2.0,0.002,4,5.528193732859875,22.1127749314395,49.75374359573888,88.451099725758,0.00059537148763,0.0002310373638187,5.528193732859856,4023.416291993737,3.334791799861484,1.884530532441256,0.884530532441256
2.7886746827255697,0.0655549492465045,0.0097945993491846,181523580416.72614,7970.134383697551,0.0496405513246401,1.3575055469928297,3.9087332948559457,0.65,2.0,0.002,4,2.7255485624074365,10.902194249629746,24.529937061666928,43.60877699851898,0.0018966738621616,0.0008504466773546,2.7255485624074183,2092.6338649400745,7.135520588125271,1.434108842809774,0.4341088428097739
2.8958884148127586,0.079540672630308,0.0171715789490139,182175679229.3361,7891.452684217491,0.0130291579309242,5.735291005836816,8.068733710733754,0.65,2.0,0.002,4,4.461106160531126,17.844424642124505,40.14995544478013,71.37769856849802,0.0008895559422965,0.0003921453570262,4.461106160531123,12261.768941284246,15.606599117740316,1.8086845325763603,0.8086845325763603
2.237321223872635,0.0756002292848769,0.0088684101372169,207717063623.4342,7994.925047982858,0.0117769229259351,0.9751826779366766,5.788403751496553,0.65,2.0,0.002,4,4.094937029514766,16.379748118059062,36.85443326563289,65.51899247223625,0.0007143418745732,0.0003188544240155,4.09493702951476,3969.5001069221485,5.996276155042421,1.4135513464006708,0.4135513464006708
2.819056738681782,0.0385697548799857,0.0069250750662165,207029982566.4852,7835.837999813471,0.0457514613686885,7.452326438363773,1.8579713925167265,0.65,2.0,0.002,4,2.031047142892518,8.124188571570071,18.279424286032665,32.496754286280286,0.1545693838120642,0.0785429732276893,2.0310471428924997,480.4302878497944,2.9500585409921167,0.9147849664733588,0.08521503352664117
2.455702652399081,0.0245906749298152,0.0110767746382565,204352094793.6273,7836.078028579983,0.0131649703623769,5.871152821563626,3.527834985865663,0.65,2.0,0.002,4,4.253350635512728,17.013402542050912,38.28015571961456,68.05361016820365,0.0230604695538959,0.0112954958256381,4.253350635512714,1871.7610841296853,2.6207663520182254,0.8294249141866022,0.17057508581339775
1.3363038250826855,0.0725432860741025,0.0139388184800715,200595678002.9644,7827.036703816821,0.0087299189066133,7.430326841915371,5.543980068088374,0.65,2.0,0.002,4,17.9187163189855,71.674865275942,161.2684468708695,286.699461103768,0.0001198416262874,6.621912823994724e-05,17.91871631898541,67030.01210330121,5.288052682268229,0.30939605100028084,0.6906039489997191
1.5931696132252826,0.0513535443074095,0.005994810199456,214197683020.14737,7950.990657745688,0.0193257766426949,7.775593009316221,7.112130191183587,0.65,2.0,0.002,4,5.558753621981718,22.235014487926872,50.02878259783546,88.94005795170749,0.0094091903974304,0.0040579525264773,5.558753621981679,2378.557803596514,1.9498406600679137,1.2794469182910349,0.27944691829103485
2.558715429039682,0.0575954253307887,0.0111965605026962,205103528121.31885,7701.00663188601,0.0302608235234169,2.1353142828885754,7.409243171424812,0.65,2.0,0.002,4,4.00205199003598,16.00820796014392,36.01846791032382,64.03283184057568,0.00079436470493,0.0003245821651393,4.0020519900359455,4017.328074642605,6.353486488778537,1.8513610492497035,0.8513610492497035
2.273087006771076,0.0796953638392099,0.0054992235481947,213393587045.7425,7942.804267808905,0.0462515175842884,4.833877630594905,4.047344942605049,0.65,2.0,0.002,4,2.501510102420258,10.006040409681033,22.513590921782328,40.02416163872413,0.0090019484702031,0.0037464017355364,2.5015101024202293,977.3691247656949,3.956346828398343,1.6179606625170984,0.6179606625170984
2.834791178532284,0.0710598272031298,0.0177257113109162,189106445871.96857,7620.214395460023,0.0440340592767162,3.127422264511817,6.547448217996799,0.65,2.0,0.002,4,4.982649654517665,19.93059861807066,44.84384689065899,79.72239447228264,0.0009460259133701,0.0004112934552106,4.982649654517662,13334.1865390478,13.604609683435882,1.3140494861123475,0.3140494861123475
1.69885107690006,0.0263709470786092,0.014230582755356,184516895816.42072,7772.205051924163,0.0350405354122379,4.585399562490036,19.467258811732137,0.65,2.0,0.002,4,10.893997329134868,43.57598931653947,98.0459759622138,174.30395726615788,0.0004278507364568,0.0001415965369147,10.893997329134853,11607.86215492619,2.4775246063064933,1.7869711386534852,0.7869711386534852
2.545420194370198,0.0369877042994985,0.0137849569018112,197521553913.8057,7635.077676872117,0.0269315048513641,8.48318881508968,1.438774780203092,0.65,2.0,0.002,4,4.907001750471601,19.6280070018864,44.163015754244405,78.51202800754561,0.0035357754851148,0.0020605269669728,4.907001750471574,4709.750507381072,4.954567380496524,0.2932085320867926,0.7067914679132075
1.097179771853123,0.0584803084659897,0.0130231781773122,196294321160.77512,7733.597056751669,0.0073313349819406,6.837506007898579,23.69245174928511,0.65,2.0,0.002,4,24.714609325544583,98.85843730217832,222.43148392990125,395.4337492087133,0.0010334456972593,0.0005085413384903,24.71460932554443,77915.38306527516,3.2311414748545335,0.9586415644772971,0.04135843552270291
2.111432713340489,0.0397860365946696,0.0064708372911514,216668898069.37164,7977.031669089794,0.0165629904638843,4.406748311539661,4.671812440383714,0.65,2.0,0.002,4,3.43014809482256,13.72059237929024,30.87133285340304,54.88236951716096,0.0133276814671242,0.006118177911528,3.4301480948225556,1007.0828549993088,2.1681020692973036,1.3619856377149775,0.3619856377149775
1.5121810019447204,0.0314545253836023,0.0096618853714122,182549105429.06824,7755.824163080147,0.0371636530726033,5.032242976656691,13.035259230865297,0.65,2.0,0.002,4,9.29521537225832,37.18086148903328,83.6569383503249,148.72344595613313,0.0014962338391712,0.000570592147494,9.295215372258285,6078.905667730979,1.782160253009069,1.402362259380157,0.402362259380157
2.81293050250821,0.061523296171232,0.0137989756969282,189493265724.11185,7914.205327199705,0.0442754666076126,5.065312528893753,2.8108961134691697,0.65,2.0,0.002,4,3.8694686500390114,15.477874600156046,34.82521785035111,61.91149840062418,0.004371602906361,0.0022300031690446,3.8694686500389928,5585.797234750809,9.44980322401168,0.7264294836555516,0.2735705163444484
1.700011908517317,0.0201373722407793,0.0167189834744366,213095154182.4257,7623.481358880134,0.0331416152808043,6.64407688369719,6.411931806609831,0.65,2.0,0.002,4,13.869005197387107,55.47602078954844,124.82104677648398,221.9040831581937,0.000629423759189,0.000351118225865,13.869005197387104,16566.788801985233,2.181664562199171,0.46232096068561773,0.5376790393143822
2.8355939720391112,0.0298574082088153,0.0112485617296626,218113479410.12653,7862.835777076636,0.044064359075432,3.641167936941127,1.9293673338692665,0.65,2.0,0.002,4,3.341102593008721,13.364410372034884,30.069923337078485,53.45764148813954,0.0074103681637737,0.0039469393577081,3.341102593008704,1649.9915316516526,3.744056170743612,0.5774642592258287,0.42253574077417133
1.4727208707670891,0.0229470586250024,0.0073040274880663,182533139148.10236,7678.049696436935,0.030585637161668,9.133243083326851,8.688899852805902,0.65,2.0,0.002,4,7.445539499280283,29.78215799712113,67.00985549352255,119.12863198848451,0.0167327530542127,0.0077834494832918,7.445539499280205,2073.876399232494,0.9476125171454501,1.1669939906498243,0.16699399064982434
2.192098361116198,0.0593682448064786,0.0080405806016912,209851274909.8607,7679.985421167835,0.0168354790965236,3.1372758260179454,6.832870117842446,0.65,2.0,0.002,4,3.9661779640997055,15.864711856398822,35.695601676897354,63.45884742559529,0.0020517183567394,0.0008827681742174,3.9661779640996957,2495.3771148222772,4.018204693041562,1.7227845496825749,0.7227845496825749
1.2726814430581952,0.0656684065369153,0.0167177355271633,208091753372.7093,7898.172017306084,0.0483548038926048,9.447764870155003,32.67321156895459,0.65,2.0,0.002,4,24.023231241968094,96.0929249678724,216.20908117771293,384.3716998714896,0.0001207510483104,4.599962596719129e-05,24.023231241968002,125710.86449470553,5.517600251936743,1.3600673131712309,0.36006731317123086
2.3244258565174034,0.0269162460683447,0.0094006275918799,189514561457.5448,7777.011035029314,0.0335900409371412,4.390855579534216,2.493228800782008,0.65,2.0,0.002,4,3.894660819429008,15.578643277716033,35.051947374861065,62.31457311086413,0.0104718635361444,0.005355412361906,3.894660819428988,1369.5212505039403,2.2870189105503456,0.6401658363532541,0.3598341636467459
1.6853763607556629,0.0589460959512283,0.0124654569421115,183728728506.69843,7629.216509904703,0.0133545963027816,1.9897629510650143,12.64568409918295,0.65,2.0,0.002,4,9.7654492048166,39.0617968192664,87.88904284334942,156.2471872770656,0.000334158741852,0.000136873422451,9.765449204816527,17785.01679001412,4.724002209449549,1.2949413625484665,0.2949413625484665
1.3038919028138571,0.0694401110861783,0.0089789849650622,201650881949.87128,7704.766637134993,0.0072537716127127,5.468561181598271,10.546402534375511,0.65,2.0,0.002,4,12.251623434819171,49.006493739276685,110.26461091337256,196.02597495710677,0.0014455452755343,0.0006698637693706,12.251623434819136,18559.050340332516,3.1319061042765597,0.860816739143534,0.13918326085646604
1.881824108992285,0.0661040319604027,0.0163160908381701,197270327144.61603,7707.046970171466,0.0112607167587685,0.1135599743147939,4.268830954882367,0.65,2.0,0.002,4,10.56998063537025,42.279922541481,95.12982571833226,169.119690165924,5.644835044077195e-06,3.0355595485720666e-06,10.569980635370221,34497.627038153725,7.8213388680094456,0.40386364953192255,0.5961363504680774
1.2647507902307091,0.0501973807916252,0.006348164083515,189990310524.8084,7928.53907992511,0.023087889525507,9.96185029581166,13.749130624562511,0.65,2.0,0.002,4,8.809203028922092,35.236812115688366,79.28282726029882,140.94724846275346,0.0023874300286713,0.000872474809602,8.809203028922088,4894.747702420957,1.5977077270599567,1.5607689571260663,0.5607689571260663
2.0127468693590465,0.0335064167868906,0.018888816596532,216576823686.67505,7806.677526052139,0.0148020595957608,9.829635277575411,20.116279310770203,0.65,2.0,0.002,4,11.135982868088648,44.543931472354586,100.22384581279782,178.17572588941837,0.000533060959203,0.0001920046938309,11.135982868088615,24343.049682155925,4.972309352408073,1.8064215389928102,0.8064215389928102
2.318696189793677,0.0787958049116046,0.0177241148593678,213859802467.8356,7806.873011769915,0.0303934604938924,8.599942931398456,13.812015828909894,0.65,2.0,0.002,4,7.824059350247726,31.296237400990904,70.41653415222954,125.18494960396362,0.0004375515495684,0.0001523130429217,7.824059350247703,30547.989236655478,12.640336043797411,1.7653260552621726,0.7653260552621726
1.4312320323737269,0.0222913510756579,0.0142693053316983,191434291315.32043,7813.185689735679,0.0167515510507079,6.895645584595241,28.335370079457107,0.65,2.0,0.002,4,15.635356365619272,62.54142546247709,140.71820729057345,250.1657018499084,0.0003696889026614,0.0001235810518394,15.635356365619273,17164.16678506593,1.7784735913543888,1.8122625040874674,0.8122625040874674
1.1583956355380318,0.0433019862852055,0.0150085356412147,202982837768.19897,7860.677041278885,0.025844381226058,2.7436633838360382,27.54942128743336,0.65,2.0,0.002,4,25.772315122527523,103.08926049011008,231.9508361027477,412.3570419604404,0.0002072989553824,0.0001094030892451,25.77231512252746,77588.90306454379,2.9589185425650477,1.068954075582932,0.0689540755829321
2.195179184767228,0.0595253598144761,0.0125361386078096,195954102066.40308,7628.622371474744,0.0363309093195476,9.046889858407855,9.900190137951984,0.65,2.0,0.002,4,5.978706148441995,23.91482459376798,53.80835533597796,95.65929837507193,0.0017542648713047,0.0006349081838031,5.978706148441948,8817.106078458855,6.248156689028959,1.655908467843327,0.6559084678433269
1.778572671806082,0.0702738161751849,0.0072033562469897,216733026694.6805,7916.580974479023,0.0225994317466831,1.393214929298778,6.141631274988318,0.65,2.0,0.002,4,5.402747070338217,21.610988281352867,48.62472363304395,86.44395312541147,0.0019550245794769,0.0009517971132773,5.402747070338152,4106.735375731544,3.5637539323344614,1.1367608357434953,0.1367608357434953
1.1034840467820102,0.0249932560689529,0.0118636607269954,181599280083.1619,7911.821007107305,0.0439620577686643,0.2323944327109181,35.09341094257339,0.65,2.0,0.002,4,21.165800052394044,84.66320020957617,190.4922004715464,338.6528008383047,8.407712772652657e-06,2.707928452747172e-06,21.1658000523939,22891.971094691497,1.2943569913416642,1.6580243059890498,0.6580243059890498
1.1687556651936533,0.0514531170761497,0.0098273860734065,215111066351.56717,7684.119269957639,0.0435048386596098,6.669415253462853,9.292742187027882,0.65,2.0,0.002,4,17.260530590523206,69.04212236209283,155.34477531470887,276.1684894483713,0.0003038760604846,0.0001651911801307,17.260530590523185,26705.79793263381,2.2705838170756367,0.5383810270658782,0.4616189729341218
2.2387343259748915,0.0322948616123256,0.0184945371492984,202935229638.13348,7683.674043888014,0.0490607347859258,5.509771509450044,4.281148519707271,0.65,2.0,0.002,4,8.59927547479291,34.39710189917164,77.3934792731362,137.58840759668655,0.0007558884883993,0.0004404542398926,8.59927547479289,14996.912253156986,5.137104382919054,0.49784990982747657,0.5021500901725234
2.458938566176366,0.0287678909071914,0.0115726997601335,209365446243.5272,7650.117993013639,0.0249238924186845,1.2034057632956758,3.74810506205612,0.65,2.0,0.002,4,4.540325822122573,18.16130328849029,40.86293239910315,72.64521315396117,0.0031415782657888,0.0015965100882853,4.54032582212257,2548.3689321261495,3.1313277418804715,0.8255145575221973,0.17448544247780273
1.8369539549253855,0.0578357251434477,0.0058848855506121,208400738467.81348,7982.973512864779,0.0251500429302173,0.1975056655074946,5.1983965443829385,0.65,2.0,0.002,4,4.040527034302182,16.16210813720873,36.36474330871964,64.64843254883492,0.0003844545312465,0.0001708361910881,4.04052703430218,1608.4328699403056,2.495555134912931,1.2865639804537847,0.28656398045378473
1.250456849479832,0.0335673286431783,0.0065401511356532,218626633864.21368,7786.497691786955,0.0458016962215009,4.818656284956639,14.66694001847608,0.65,2.0,0.002,4,10.04986142498211,40.19944569992844,90.448752824839,160.79778279971376,0.0014072256540754,0.0005425683544799,10.049861424982023,4261.527761189509,1.0687729127161352,1.4594171400231337,0.4594171400231337
2.7603098949716864,0.0608610179976185,0.0152862806139232,200006491450.04315,7854.790488850202,0.0182471323650359,0.9792198591788775,7.757606761901088,0.65,2.0,0.002,4,4.590607270781248,18.362429083124997,41.31546543703124,73.44971633249997,0.0002509822974424,0.0001021516378982,4.59060727078124,8390.802702405232,10.08564069740803,1.6898868285417237,0.6898868285417237
2.7568974490013005,0.0220587645873845,0.0089324307754376,184755663611.06445,7639.20406415824,0.047553849131041,8.075136854729342,2.244722001303904,0.65,2.0,0.002,4,2.620791760110819,10.483167040443275,23.587125840997373,41.9326681617731,0.1058352426023578,0.0616392005008407,2.6207917601107953,562.6189272715325,2.07486369818075,0.8565052880084633,0.14349471199153674
2.768817054921506,0.04154894573371,0.0190185718501406,196297387244.15576,7890.494284397174,0.0137837550839042,5.354815560232015,4.254340166600911,0.65,2.0,0.002,4,5.61078707136489,22.44314828545956,50.49708364228401,89.77259314183824,0.0029509575353132,0.0014692321631909,5.6107870713648715,10727.87482098555,8.63189970054327,0.7582430258872765,0.24175697411272346
1.16136075682933,0.03941440623496,0.0085657156305646,180565062996.3942,7638.09344411535,0.0253936370772079,3.4626583916625404,7.345843263301494,0.65,2.0,0.002,4,14.001771660492672,56.00708664197069,126.01594494443404,224.02834656788275,0.0003574250973452,0.0001942237681728,14.001771660492574,11589.547446416667,1.497410103685906,0.5246366989420731,0.4753633010579269
1.9974305845046183,0.0435390369451232,0.0198429046994667,181814760720.7848,7621.55140306434,0.0421038447540216,2.733588167655119,5.8469275111087775,0.65,2.0,0.002,4,11.014986963154051,44.059947852616205,99.13488266838648,176.23979141046482,0.0001762343621555,9.736097348946496e-05,11.014986963154048,31499.00675704019,6.576111193353766,0.5308156542233945,0.4691843457766055
1.5139582319420564,0.0674945130880205,0.0083235867477106,200313626888.71075,7938.684519059825,0.0231709329032346,5.614079889671401,3.4343129917508826,0.65,2.0,0.002,4,8.271665280382326,33.0866611215293,74.44498752344094,132.3466444861172,0.0008449753069564,0.0004617488259575,8.271665280382324,9119.206729067482,3.3760698255748394,0.41519003433274143,0.5848099656672585
1.570313576465404,0.0304186198995371,0.0082596259885359,216655734440.9512,7737.295683283738,0.042238251031253,0.7374604488432788,15.811331344983923,0.65,2.0,0.002,4,8.03724787281212,32.14899149124848,72.33523085530909,128.59596596499392,0.0001406532733228,5.005680655476538e-05,8.037247872812053,3892.422133454478,1.5263195673987608,1.9672569012671117,0.9672569012671117
1.314479924358684,0.0274987294655968,0.0141724511644173,213093340987.14883,7654.162594740077,0.0459542275748144,3.652910038456931,18.94689408475701,0.65,2.0,0.002,4,19.624671933983706,78.49868773593481,176.62204740585335,313.99475094373923,0.000838032116031,0.0005565112502214,19.62467193398368,29808.751775607667,1.9605559612617174,0.9654629717374803,0.0345370282625197
1.049007580848139,0.0298189380505962,0.0131206153989574,180106026579.66473,7881.6774568120945,0.0457459245154363,7.570234318483378,19.7838314428766,0.65,2.0,0.002,4,25.84526558748265,103.38106234993062,232.6073902873439,413.52424939972246,0.0003503419244512,0.0001789358514933,25.845265587482498,42651.607380388676,1.6173859543826796,0.7654721664945242,0.2345278335054758
1.2987483127363015,0.0776929777724619,0.0076766264273274,187981679715.9796,7943.593144223086,0.0460662234863869,2.200259334480684,10.497400994421715,0.65,2.0,0.002,4,10.039196037461778,40.15678414984711,90.35276433715602,160.62713659938845,0.0010638313544155,0.0006699792373354,10.039196037461693,12241.137420216397,3.076551341077255,1.045641598714699,0.04564159871469897
1.2256098962647417,0.0668740211642996,0.0057060880111989,201754044487.57956,7824.985732617007,0.0336182593824794,3.2247003969459493,2.120857587736934,0.65,2.0,0.002,4,8.746464736577844,34.985858946311374,78.7181826292006,139.9434357852455,0.0004882952290306,0.0003051715892445,8.746464736577838,5526.1994815083135,1.8297919895603405,0.24248169421726215,0.7575183057827378
1.293721211267573,0.0392352272809679,0.0168150004495674,211272125919.6565,7628.377216983929,0.0482916691057474,8.576425272389157,43.59926707987082,0.65,2.0,0.002,4,23.97451117042424,95.89804468169694,215.7706005338181,383.5921787267878,8.660328839023419e-05,2.7509557150075564e-05,23.97451117042419,73871.20406621796,3.2554866551743276,1.818567509883431,0.8185675098834311
1.9198040880001697,0.0446551498174762,0.0051042775814441,210343066029.1305,7775.429316142823,0.0150282186080992,6.6959906053966725,3.2852206626463696,0.65,2.0,0.002,4,3.2662665640285247,13.0650662561141,29.39639907625672,52.2602650244564,0.1544992545889495,0.0692280388560087,3.2662665640284687,716.5064695802774,1.7012068749328455,1.0058029858391362,0.005802985839136188
2.471019062825163,0.0608804637720504,0.0104327885982038,181851806463.255,7603.145875958437,0.0421426797407227,3.283417879434779,1.6974769396644522,0.65,2.0,0.002,4,3.789130980022516,15.156523920090065,34.102178820202646,60.62609568036026,0.0021731318396737,0.0012387200285261,3.789130980022493,3381.8688005074655,5.9664744140995145,0.447985817490631,0.552014182509369
2.234997863637001,0.0419409922032202,0.019514541097694,196616367245.94104,7654.475055016683,0.0425299982417781,8.22658024508685,13.024986310890885,0.65,2.0,0.002,4,8.978121947654026,35.912487790616105,80.80309752888624,143.64995116246442,0.0008522994766662,0.0003281641785277,8.97812194765402,22278.7237722513,7.000991849793485,1.450747315177013,0.45074731517701294
1.7876695123700446,0.0799828910637735,0.0083753544452697,191220968216.5796,7776.842517822291,0.0170921816906298,6.950734327226491,6.279606067055804,0.65,2.0,0.002,4,5.892832360832025,23.5713294433281,53.035491247488224,94.2853177733124,0.0117675956432536,0.0066445465797539,5.892832360831964,6383.645266349938,4.656513174075146,1.065634601926676,0.06563460192667603
2.680114017043804,0.0752217416776882,0.006526526887697,217588809920.912,7627.048003051718,0.0263325297167516,8.418485104215337,0.7186342916662651,0.65,2.0,0.002,4,2.200619129472155,8.80247651788862,19.805572165249394,35.20990607155448,0.0192153905309327,0.011018114105027,2.2006191294721242,959.3007301151074,5.017706684558186,0.32656004941602423,0.6734399505839758
1.826288044375568,0.074171662240287,0.0093351241864441,186107245685.1415,7723.999899867794,0.0391690254695806,8.612554696052433,2.529288633251258,0.65,2.0,0.002,4,6.229759956376345,24.91903982550538,56.06783960738711,99.67615930202152,0.0018545627774672,0.0010149615296901,6.2297599563763395,7482.418826406193,4.883595126253052,0.40600097772025034,0.5939990222797497
2.526038593553496,0.0782120943541906,0.0185885332822666,218828406447.8485,7820.129402279055,0.0085170262948424,8.512913058269858,9.118291726124376,0.65,2.0,0.002,4,6.987781125952867,27.951124503811467,62.890030133575806,111.80449801524588,0.0013666036716766,0.0006014276712611,6.9877811259528375,27680.968925025878,14.359620563039108,1.3048908604562264,0.3048908604562264
1.9637856623388896,0.0789035788490671,0.0060803114530487,191053568853.44992,7766.68450816343,0.0312215679661247,5.504704439000784,4.334361565634593,0.65,2.0,0.002,4,3.545901401867217,14.18360560746887,31.913112616804963,56.73442242987548,0.0120865547139595,0.0058245933119312,3.545901401867183,1816.0814752203821,3.6586619272450673,1.2223581748077448,0.22235817480774478
2.889937350846963,0.066490802339901,0.016112008536748,192180639059.8408,7795.270469269743,0.0430035576029604,8.813541130619098,6.42396042507026,0.65,2.0,0.002,4,4.343514779916612,17.37405911966645,39.09163301924952,69.4962364786658,0.0027718829241973,0.0011474284023895,4.343514779916608,8987.589364194218,12.067043480825955,1.4789774527240345,0.47897745272403447
2.3922196244106635,0.0335956324546626,0.0088973258478357,191924612308.25024,7896.425090731188,0.0244523608032693,9.5990877795678,0.946641214613877,0.65,2.0,0.002,4,3.4756555411196484,13.902622164478592,31.28089987007684,55.61048865791437,0.0126322181577873,0.0076190236426847,3.475655541119628,1346.4092428018607,2.823214593659406,0.27236335805271755,0.7276366419472824
1.8412580773163316,0.0412102594053328,0.0147506602173812,199841869770.38892,7756.019119084641,0.0338072781884083,3.56565869601995,2.6221989532734065,0.65,2.0,0.002,4,10.01463648585554,40.05854594342216,90.13172837269988,160.23418377368864,0.0002737687276111,0.0001648350973661,10.014636485855485,17185.828120499933,4.340505868533702,0.2618366584725226,0.7381633415274774
2.0726772727746856,0.0230356647739461,0.0094843664632688,219515766942.49493,7864.876995651231,0.0238520374437795,2.301394719110485,8.152108180720376,0.65,2.0,0.002,4,5.2888481964731655,21.155392785892666,47.59963376825849,84.62157114357065,0.0023059539937075,0.000930222950527,5.288848196473158,1966.4578449076791,1.7807489644637275,1.5413768514204222,0.5413768514204222
2.49750239548912,0.0312035541211659,0.019889776917493,186460877270.8125,7839.751187088859,0.0468023196142102,8.341823486480589,9.633952950528489,0.65,2.0,0.002,4,7.051638838018104,28.206555352072417,63.46474954216295,112.82622140828968,0.0021891824361914,0.0008835089024351,7.0516388380180866,11927.571586250991,6.075921762255499,1.3662005629936913,0.3662005629936913
2.1599975991779354,0.0267306413005686,0.0184397346894652,192087707683.57257,7662.498926708551,0.0491834480738181,1.1187990704158035,2.7588122908950616,0.65,2.0,0.002,4,8.973088659194604,35.892354636778414,80.75779793275143,143.56941854711366,0.0001441605644266,8.261941361113966e-05,8.973088659194573,12965.862155352348,4.079037948841668,0.30745403234906776,0.6925459676509322
2.876659107000176,0.0586771104035852,0.0153997039745778,185309935574.80377,7677.066675436803,0.0454401995219196,6.379660356405476,6.871261334338192,0.65,2.0,0.002,4,4.145878051758622,16.583512207034488,37.3129024658276,66.33404882813795,0.0020534064423526,0.0007777893827749,4.145878051758602,6770.606771957513,9.977800302203097,1.6573717915855088,0.6573717915855088
2.7296336537954438,0.062433436037624,0.0193340275917894,200096766302.42896,7955.076532087101,0.0293179382283842,5.176612940601786,2.1852089459381494,0.65,2.0,0.002,4,5.90120516911022,23.60482067644088,53.11084652199198,94.41928270576352,0.0006761445392584,0.0003726485634982,5.901205169110199,18017.70477465522,13.105642035624465,0.37029875818868396,0.629701241811316
2.105213923500432,0.0291247356609171,0.0160883133532863,186289140104.80212,7888.151375539319,0.0413689198725227,5.797738536767858,5.503268265763818,0.65,2.0,0.002,4,7.999327065194516,31.997308260778063,71.99394358675065,127.98923304311226,0.001876037266749,0.0009627126691296,7.9993270651944846,9828.350313916684,3.8905767136613743,0.68796640278766,0.31203359721234003
1.7006524790291495,0.0677596456811782,0.0170249255452542,217745561125.5062,7935.468755329103,0.031726447701888,9.393670542293387,18.259928685930547,0.65,2.0,0.002,4,13.98207684092174,55.92830736368696,125.83869156829566,223.71322945474785,0.0004061554824018,0.000160901593356,13.982076840921712,60078.29794045257,7.7842094772070425,1.3059525343537473,0.30595253435374725
2.639316439070326,0.0219289637060336,0.0108995282554896,214829334932.7145,7875.500885103967,0.0289733192302045,3.9398538483179433,6.159250885355996,0.65,2.0,0.002,4,3.705627235246829,14.822508940987316,33.35064511722146,59.29003576394926,0.0060841703248086,0.0024624075101012,3.7056272352468222,1346.631155819342,2.4840793358608244,1.662134503646518,0.662134503646518
2.697665879577891,0.0276536018678108,0.0089367512295865,219743595830.90332,7676.083453617701,0.0095513984503855,6.420212488996103,2.7041503720714983,0.65,2.0,0.002,4,2.979345536488894,11.917382145955576,26.81410982840005,47.66952858382231,0.1027089847979875,0.0559513679016878,2.979345536488872,896.6660184007112,2.558758071852762,0.9076323437322117,0.09236765626778831
2.351379017248405,0.0454208549556976,0.0122283600137173,185612820718.2342,7808.602433079311,0.0444675515976044,4.658453824487921,9.233559279043298,0.65,2.0,0.002,4,4.889557108355917,19.55822843342367,44.00601397520325,78.23291373369467,0.0012028376258345,0.000457149191112,4.889557108355889,4812.694095686503,5.099052405083768,1.8884244675788393,0.8884244675788393
1.0536177608546198,0.0686462737111008,0.0185743268228212,200979699935.7105,7748.685627468788,0.0366060465609475,0.3216446339853133,70.24957224462682,0.65,2.0,0.002,4,38.64010047546868,154.5604019018747,347.7609042792181,618.2416076074988,6.689656051813918e-07,2.007992378588397e-07,38.640100475468515,306794.3872523964,5.204885489505934,1.81804838445558,0.8180483844555799
2.5238197971621705,0.0489552542233742,0.0127522096003438,215582910671.42505,7643.687861259843,0.0319731730780132,2.8933813366277383,1.2828223672142298,0.65,2.0,0.002,4,4.821183978415336,19.284735913661343,43.39065580573803,77.13894365464537,0.000958170720139,0.0005682007021732,4.821183978415328,5525.647666692759,6.02165740751199,0.26608035971194777,0.7339196402880522
1.827484649971314,0.0482109363921809,0.009354638850615,197594132023.66577,7874.236892975165,0.0067973866288911,7.970771332231933,4.513362601389335,0.65,2.0,0.002,4,6.362555556415414,25.45022222566165,57.263000007738725,101.80088890264662,0.0053118526001519,0.0026121826960378,6.3625555564153755,5185.9428022706425,3.244926100581857,0.7093631735503675,0.2906368264496325
2.0399790669321645,0.0761625973613791,0.019766370323475,193028446578.08084,7912.763639008557,0.0256414350785541,4.040296931542421,16.645459162654834,0.65,2.0,0.002,4,10.637787752204195,42.55115100881678,95.74008976983777,170.20460403526712,0.0001387189566386,4.8934248559482434e-05,10.637787752204163,54281.89004358347,12.15045614939936,1.5647481929883282,0.5647481929883282
1.2158533047168558,0.0380853382194102,0.0128252582324115,198044611021.2763,7602.049077525901,0.0470795000948763,9.0499939038598,37.402573651319926,0.65,2.0,0.002,4,20.07932889051496,80.31731556205983,180.7139600146346,321.26926224823933,0.0001676771807159,5.319969235817359e-05,20.0793288905149,35930.55381513555,2.2573857951289753,1.8627402267905577,0.8627402267905577
1.1280733782250796,0.0665558539562689,0.0128335916911167,211980607464.0215,7771.728000565624,0.0118894268322373,3.065797898314705,14.830237185642543,0.65,2.0,0.002,4,23.883173917103864,95.53269566841546,214.9485652539348,382.1307826736618,5.8954393299569526e-05,2.7425132383519626e-05,23.883173917103772,84314.68932829265,3.7442033287582372,0.6209491769024037,0.3790508230975963
2.289210679668667,0.0246359618152192,0.0071327901952254,216007435804.19385,7953.7992592418,0.0478324601913861,4.335724576550405,5.182546633560867,0.65,2.0,0.002,4,3.2163567603633094,12.865427041453238,28.94721084326979,51.46170816581295,0.0122241425706489,0.0049038931286183,3.2163567603633063,653.352462529592,1.599776694335775,1.6113096337532744,0.6113096337532744
1.6781190260331975,0.0346573327098735,0.01743682378008,191017443716.07684,7726.918436753743,0.0292004351557913,5.519253059562692,23.170091211869323,0.65,2.0,0.002,4,13.959969206011785,55.83987682404713,125.63972285410604,223.35950729618853,0.0002422966596968,7.908868962014931e-05,13.959969206011728,30143.26315577095,3.9179745239791677,1.6597523153483278,0.6597523153483278
1.7605178341256449,0.071859774789316,0.0054734832587705,193889211609.1884,7942.027391207934,0.0455589302663447,7.588598008081786,5.562039022679008,0.65,2.0,0.002,4,3.956610712114615,15.82644284845846,35.609496409031536,63.30577139383384,0.009008153522235,0.0037938098247661,3.956610712114585,1699.4087156863013,2.7497389128724894,1.4057584704122719,0.40575847041227187
1.627817630144385,0.0766931838283127,0.010155332469425,208603727647.4197,7953.097179048635,0.0126851942866262,2.135822684848483,11.08733500560158,0.65,2.0,0.002,4,8.900303007446865,35.60121202978746,80.10272706702179,142.40484811914985,0.0004619171673919,0.0001955515494186,8.90030300744681,15766.390395681388,5.041536952504145,1.2457255664582314,0.2457255664582314
2.9035633354449564,0.0423721672260509,0.0179745155030474,198701680361.79025,7939.452787188376,0.0455309720337628,4.683348269140519,2.5169159393391065,0.65,2.0,0.002,4,4.836479197631453,19.345916790525813,43.52831277868308,77.38366716210325,0.001622151857901,0.0009377082326692,4.836479197631452,8106.775272473503,8.778690726858006,0.520402515237056,0.47959748476294395
1.3752185855300672,0.0556563616580947,0.018172211369833,194978557457.95752,7640.442466374234,0.0414933306007964,4.869459158485499,26.76258349702661,0.65,2.0,0.002,4,22.010390068175507,88.04156027270203,198.0935106135796,352.1662410908081,0.0001276148929993,5.558165986400068e-05,22.01039006817544,101624.41400113015,5.313526357697807,1.215906824646525,0.215906824646525
2.5428196738593902,0.0503511400400664,0.0130866758713574,200824840808.73297,7921.471416159675,0.0463358498322643,3.2632250941856853,6.263532051008746,0.65,2.0,0.002,4,4.620971182370326,18.483884729481304,41.58874064133294,73.93553891792521,0.0019097644867815,0.0008058254025489,4.620971182370291,5594.436360871711,6.636362199189446,1.3554579338008155,0.3554579338008155
2.9982490189386564,0.0504075708243668,0.0146505948835401,211743577462.4719,7654.633273786701,0.006975964399113,9.732599601696965,5.900418683720016,0.65,2.0,0.002,4,3.88679863633296,15.547194545331838,34.98118772699663,62.18877818132735,0.0059549764907128,0.0028920419073594,3.886798636332952,5054.252586618763,8.474481226426189,1.5180664695526493,0.5180664695526493
1.3883744016908512,0.0529809273270046,0.0138200589973242,196114110889.3624,7871.846649811039,0.0244999802609777,8.786310367779292,26.36790407801647,0.65,2.0,0.002,4,16.227143051229916,64.90857220491966,146.04428746106925,259.63428881967866,0.0002464777387271,8.058498000493036e-05,16.227143051229884,41593.603340789414,4.001130161003399,1.6249258415219308,0.6249258415219308
2.799010872469037,0.0632850969140231,0.0053442956146752,200348857022.4796,7894.566777788463,0.0276873362555572,5.954365450670098,2.8685253862433275,0.65,2.0,0.002,4,1.55825970030329,6.23303880121316,14.024337302729611,24.93215520485264,0.0278505603433802,0.0137398741947647,1.55825970030328,358.2071328676015,3.7367566379111947,1.840851936095783,0.8408519360957829
2.212598796385431,0.0763283212524223,0.0101696132976742,202280071275.258,7718.519852181394,0.0126409988197718,2.032336745204691,1.4673784960615095,0.65,2.0,0.002,4,4.822118578429969,19.28847431371988,43.39906720586973,77.15389725487951,0.0005906381760494,0.0003377761759719,4.822118578429939,6084.604573764578,6.628219032402445,0.3043016201686358,0.6956983798313642
1.7231901715293454,0.0500443546568378,0.0093884963246608,214820010874.87943,7839.682642676011,0.0298073253261153,9.449138516189327,10.483470786240597,0.65,2.0,0.002,4,7.504936166963699,30.019744667854795,67.54442550267329,120.07897867141918,0.002887181804457,0.0011237943591499,7.5049361669636205,7056.779892503059,3.173604691310788,1.3968767425882112,0.39687674258821115
1.619759696668516,0.0230592031795204,0.0171388994525716,204880396827.7367,7705.218259130198,0.0444835243922715,9.210997361380434,27.44684260951145,0.65,2.0,0.002,4,15.274561051166458,61.09824420466583,137.47104946049814,244.39297681866333,0.000403096322697,0.0001287396320263,15.274561051166435,22715.90161085117,2.4662253921183854,1.7968989431231797,0.7968989431231797
1.431004025114817,0.0236318364520021,0.0124952457683917,196544204562.7534,7612.89162132627,0.0374573186166049,6.479076128054105,4.679379351456412,0.65,2.0,0.002,4,14.058780283300845,56.23512113320337,126.5290225497076,224.94048453281349,0.0006018989537282,0.0003354386591803,14.058780283300793,12550.406883418249,1.6084322850769697,0.33284390659512914,0.6671560934048708
1.902170592316953,0.0331929582069885,0.0129720839279836,203129605398.5865,7735.134694452309,0.0172453235287391,1.595153505651374,3.758730959654607,0.65,2.0,0.002,4,8.330915886879843,33.323663547519374,74.97824298191858,133.2946541900775,0.0003317819984941,0.0001802633825545,8.330915886879826,8679.371806983867,3.16769279719745,0.4511785991710886,0.5488214008289114
1.6794718954980608,0.0242746686419954,0.012129584268254,210150827185.75824,7714.048960166076,0.020077109487731,8.472424066405024,11.56330176575069,0.65,2.0,0.002,4,10.177803107254864,40.71121242901946,91.60022796529378,162.84484971607785,0.0060810642987437,0.0027680233627171,10.177803107254814,7799.956653289143,1.9073235115903124,1.1361294420706844,0.13612944207068445
1.528734279739147,0.0341733819534907,0.0168292879681899,190051919866.09232,7660.385856422264,0.0433321702761654,3.891120814681608,8.640719159278024,0.65,2.0,0.002,4,16.264540384605397,65.05816153842159,146.38086346144857,260.23264615368635,0.0001718580341867,9.500218180137718e-05,16.264540384605354,35168.16300770986,3.3674903252338315,0.5312611949032757,0.4687388050967243
2.92068412778252,0.0777307154298948,0.0052851633200634,200630882296.9484,7680.052446239896,0.0326877901909649,9.463785393657773,2.553055047066497,0.65,2.0,0.002,4,1.4359366615205928,5.743746646082371,12.923429953685336,22.97498658432949,0.0481443776049312,0.0225389304016591,1.4359366615205866,375.05949297805665,4.607547889654576,1.777971908846548,0.777971908846548
2.1634876277836623,0.041110521121445,0.0165653138242856,199197816862.88147,7688.745632562101,0.023107404207074,4.631396728675456,9.06378104011376,0.65,2.0,0.002,4,8.168355495805603,32.67342198322241,73.51519946225042,130.69368793288965,0.0025587452868479,0.0012640142198935,8.168355495805578,14919.750518704876,5.664121535593748,1.1096212750250622,0.10962127502506225
1.7792385803143045,0.0480206948730616,0.0186436387649412,216280081056.9364,7915.232853351387,0.006350699358871,9.073129057024106,7.534251056702708,0.65,2.0,0.002,4,13.959439261973849,55.837757047895394,125.63495335776464,223.3510281915816,0.0003920489209673,0.0001988337755598,13.959439261973808,48497.872817783325,6.304156801771329,0.5397244771304227,0.4602755228695773
1.896724321649524,0.0678848262571619,0.0179954444441311,189493420589.8549,7838.384716333529,0.0120695856232304,9.58694104390534,7.293290241240319,0.65,2.0,0.002,4,11.152370394001482,44.609481576005926,100.37133354601332,178.4379263040237,0.000623305402748,0.0003021620185983,11.152370394001483,44589.252021787426,9.081050290511055,0.6539677201864776,0.34603227981352236
2.747900128868116,0.0248788644812689,0.012658298108819,204892652632.452,7940.812549224764,0.0169475276301322,1.4845540036969636,4.922685939152715,0.65,2.0,0.002,4,3.8612987536195793,15.445195014478315,34.75168878257621,61.78078005791327,0.0037518598384708,0.0016995632613248,3.8612987536195784,2022.4058512707318,3.435909899406449,1.2748782866226533,0.27487828662265335
2.913367694718791,0.0719287126361567,0.0197878245221567,210647545344.10077,7942.79770058125,0.0317568937808896,8.686112403627673,2.1815813216606927,0.65,2.0,0.002,4,5.444125832471213,21.776503329884854,48.99713249224092,87.10601331953941,0.001163905177476,0.0006432053402929,5.444125832471209,19268.823110054298,16.46793498675561,0.400722060582943,0.599277939417057
2.075062746400424,0.0313241583571932,0.0114661398257015,216776228401.0606,7701.029099969851,0.033571349475549,2.099697581079867,8.313767025632083,0.65,2.0,0.002,4,6.406420867926353,25.62568347170541,57.65778781133717,102.50273388682164,0.0014630609100059,0.000622380941703,6.4064208679262995,4649.832575497454,2.8697670629603618,1.29772414223594,0.29772414223594
1.139492821372166,0.0272792535864862,0.0138291035580476,183452450960.3509,7852.466144659027,0.0373768584689776,4.2048314141246586,36.44415193466921,0.65,2.0,0.002,4,23.34311548500536,93.37246194002142,210.0880393650482,373.4898477600857,0.0001157834020721,3.871847638294869e-05,23.343115485005338,36307.09957435468,1.6877735725214158,1.5612377001724316,0.5612377001724316
1.7799593356690595,0.0314213660148477,0.0170397490466747,195180823397.108,7954.878504374592,0.020960072282592,8.413162112323619,14.255110604341851,0.65,2.0,0.002,4,12.080198884604776,48.3207955384191,108.72178996144297,193.2831821536764,0.0017920107629904,0.0007633317206529,12.080198884604748,21837.845931622345,3.7905470536648465,1.1800393967444407,0.1800393967444407
2.1074246845765847,0.0761130413842656,0.0124863891782227,198501788692.50827,7789.752862590955,0.0164350369960184,6.173683352467355,6.487706153453365,0.65,2.0,0.002,4,6.435501088658292,25.742004354633167,57.91950979792463,102.96801741853268,0.0125030260220106,0.006051648015484,6.435501088658256,12754.58001340834,7.8008457356045735,1.008112043503048,0.00811204350304795
2.316064620768226,0.0456159115859801,0.0159750917520168,183673920643.2012,7931.9946595939555,0.0141884887838901,9.445081334294754,3.119099009819392,0.65,2.0,0.002,4,6.498360670346965,25.99344268138786,58.48524603312269,103.97377072555145,0.0019023514368007,0.0010686865643635,6.49836067034695,11159.125700264643,6.6936470609722125,0.47998243988708333,0.5200175601129167
2.8148303731873465,0.025729004717553,0.0156800154024807,209114948520.90408,7966.130611075984,0.0283361266558109,3.284061148370535,7.769796595734783,0.65,2.0,0.002,4,4.59769449425993,18.39077797703972,41.37925044833937,73.56311190815887,0.0018550764518777,0.0007126713110654,4.597694494259908,3774.6708221070544,4.523130595445993,1.689933205748045,0.689933205748045
2.475656357739574,0.0747195902786334,0.0187883902357936,186283500695.5004,7681.638639048351,0.0389718252855409,6.346997870829779,12.521545085706087,0.65,2.0,0.002,4,6.845392634522717,27.38157053809087,61.60853371070446,109.52628215236348,0.0003764017160447,0.0001328272025639,6.845392634522707,24694.188282003317,13.348679073416903,1.829193116338921,0.829193116338921
1.3942996868125035,0.0605690257950624,0.0171447933679809,183465608963.60907,7745.495144125531,0.0157432340252982,9.652276785395877,27.80130460859664,0.65,2.0,0.002,4,19.462650775654367,77.85060310261747,175.16385698088934,311.4024124104699,0.0001956493713878,6.949733157355589e-05,19.46265077565435,83853.63247847096,5.607356444267321,1.4284438912798578,0.4284438912798578
1.1200723581713916,0.0447711639395887,0.0131789937565504,219640700573.1779,7980.642522769625,0.0100495210986493,9.794734801680251,38.9413648623977,0.65,2.0,0.002,4,24.98945751303343,99.95783005213372,224.90511761730085,399.83132020853486,0.0001611042699077,5.577882748944325e-05,24.989457513033418,65014.1625027439,2.6371484586123333,1.5583117337416217,0.5583117337416217
2.478189493155194,0.0783098892623323,0.0188507418546647,213108994230.9522,7941.196323751938,0.0227269543799909,7.342665627614948,10.098766838794596,0.65,2.0,0.002,4,7.210188198965517,28.84075279586207,64.89169379068966,115.36301118344828,0.0007809438431685,0.0003083042325392,7.210188198965514,29811.816732310475,14.525647627295251,1.4006245828983386,0.4006245828983386
1.214741006448435,0.0214111753562276,0.0057703561601226,183614736016.29797,7857.41563106458,0.0473385429406059,1.4197040969001429,6.101481458429791,0.65,2.0,0.002,4,8.571925581669856,34.28770232667942,77.1473302350287,137.1508093067177,0.0016297187802331,0.0008260005788502,8.571925581669822,1710.3818209018734,0.589625898695438,0.7117982301989624,0.2882017698010376
2.9709882515511694,0.030937120939437,0.0069100015925997,209158880240.023,7910.974064006985,0.0352523096453597,7.78433870472326,2.6442761969402864,0.65,2.0,0.002,4,1.8252766845709956,7.301106738283981,16.42749016113896,29.20442695313593,0.0749423490990478,0.0370125780988871,1.8252766845709936,330.42742909350716,2.51222736527824,1.4486988297677112,0.44869882976771125
1.5592392347520323,0.0379135955075129,0.014189645630271,202432671739.39352,7762.760556577967,0.0334542332325323,6.463663451117908,3.0218568872430507,0.65,2.0,0.002,4,13.51473403275474,54.05893613101896,121.63260629479264,216.23574452407584,0.0002829477626535,0.0001807780454231,13.514734032754678,23476.871042059625,3.2558581173455616,0.22359721470797694,0.776402785292023
1.081482513409225,0.0522133839665765,0.0139362064313583,215665271258.098,7800.439226298593,0.0120819840205158,1.8825633221111544,13.85711392756681,0.65,2.0,0.002,4,28.40961841814009,113.63847367256037,255.68656576326083,454.5538946902415,2.0040423359135812e-05,1.1090499653124848e-05,28.409618418140074,97796.99559005324,3.0692691572961603,0.4877613533421759,0.5122386466578241
1.2285602355536147,0.0603713647714486,0.0061605048901568,201649815802.37195,7829.621127343095,0.0058042171950381,3.83391548990931,2.3608531623668707,0.65,2.0,0.002,4,9.392499763723098,37.56999905489239,84.53249787350788,150.27999621956957,0.0005422323428115,0.0003278212351144,9.392499763722975,6229.836211784062,1.7887700159834317,0.25135514737889986,0.7486448526211001
1.41778017736133,0.0383920850539264,0.0168068588391121,187460588899.3588,7678.476019867374,0.0235281092276507,3.243688445223622,25.545932419282742,0.65,2.0,0.002,4,18.733351363250375,74.93340545300151,168.60016226925342,299.73362181200605,0.0001310717074298,4.74802460656573e-05,18.733351363250346,48660.08716085545,3.5122238535916925,1.3636605604588614,0.3636605604588614
1.7225488021025623,0.0434280496537918,0.0158209999081303,195136175590.242,7976.43365018349,0.0405346304193602,0.3737055483681817,20.01157520819663,0.65,2.0,0.002,4,11.958718095121268,47.834872380485066,107.62846285609142,191.3394895219403,1.812185072319849e-05,5.951331389404934e-06,11.958718095121226,26649.161163525227,4.720136412097281,1.67338798766071,0.6733879876607101
1.4198686261871891,0.0617624576854455,0.0088571305571179,215675528073.67267,7862.867903369668,0.0424527568209864,6.190376429468822,18.40420596649348,0.65,2.0,0.002,4,10.433641724630258,41.73456689852103,93.90277552167232,166.93826759408412,0.0004351800512718,0.0001437656688096,10.433641724630212,13123.45959903539,3.0536324538231807,1.763929263839636,0.763929263839636
2.350316891558081,0.046076108197495,0.0127504136131936,181544064188.04224,7844.606870725717,0.0436871982515117,0.1276569027586908,2.4567974551686667,0.65,2.0,0.002,4,5.035077021607368,20.14030808642947,45.31569319446631,80.56123234571788,5.103115069696192e-05,2.981254350535577e-05,5.0350770216073455,5420.503711845062,5.415863035765451,0.48793641976590546,0.5120635802340945
2.8444403067243966,0.035696180571777,0.0075259897551897,206591050120.0893,7796.352415184279,0.0071264307114165,7.899292578547249,3.2299848386787047,0.65,2.0,0.002,4,2.171247088586781,8.684988354347125,19.54122379728103,34.7399534173885,0.0439401016382864,0.0220393747051471,2.1712470885867803,554.3983105640885,2.978815899434274,1.4876173493367975,0.48761734933679746
1.4377132175892644,0.0689633610051698,0.0179085487894156,186707980787.11124,7603.00281312,0.0201258485838218,7.99535727323945,33.30123591840172,0.65,2.0,0.002,4,19.46856686403152,77.87426745612608,175.2171017762837,311.4970698245043,8.539919350029749e-05,2.698630571385104e-05,19.468566864031477,101002.92184228923,6.750038260946169,1.7105129592217878,0.7105129592217878
2.12238353406963,0.0209928448111016,0.0186844584047849,189579593117.26413,7635.400879138074,0.0348912595813073,2.018016566242697,11.354265450527098,0.65,2.0,0.002,4,9.372207689910873,37.48883075964349,84.34986920919783,149.95532303857394,0.0008053383896353,0.0003542269026548,9.372207689910843,11021.001702520509,3.178172932632638,1.2114824837641973,0.21148248376419732
2.923394493637336,0.0301792471652855,0.0053011044893693,213226522518.50616,7823.458447882926,0.0388027510861816,3.3835439961775737,0.7126628704131223,0.65,2.0,0.002,4,1.4683919377778063,5.873567751111226,13.21552744000026,23.494271004444904,0.0588652940362618,0.036014128692362,1.468391937777791,155.73086474149355,1.8294939420457972,0.4853355920025272,0.5146644079974728
2.9233763646915145,0.0710591861840933,0.0184125583978584,183032036022.28485,7811.857384251176,0.0160998107276381,5.494747248711689,6.960246534695852,0.65,2.0,0.002,4,4.728902183832428,18.915608735329712,42.56011965449186,75.66243494131885,0.0013272729666621,0.0005864797848873,4.728902183832425,13189.36256489633,14.939752694589666,1.4718525070136017,0.4718525070136017
2.4300404693925017,0.0694687813242018,0.0198045425467587,206138853196.4229,7700.906241184175,0.0095625518994429,5.93850449110706,12.48970671779469,0.65,2.0,0.002,4,7.868212247087021,31.472848988348083,70.81391022378318,125.89139595339232,0.0004262977745913,0.0001756324819888,7.868212247086983,31462.39013419976,12.873002158489056,1.5873627103054706,0.5873627103054706
2.653579763847489,0.0756502915775029,0.0139609179361076,206757906359.6632,7621.030396129222,0.0475483950959857,3.985598869222944,8.724104043857878,0.65,2.0,0.002,4,4.682773490173772,18.731093960695087,42.14496141156396,74.92437584278035,0.0006255043041422,0.0002356120611881,4.682773490173768,9244.990391980695,10.679241930604187,1.8630207209817753,0.8630207209817753
2.7473908009389167,0.0640607444948836,0.0114844163898834,194321049980.50165,7926.355298999034,0.0390677134341096,4.05010057443807,2.7822439596852067,0.65,2.0,0.002,4,3.4160204438239465,13.664081775295786,30.74418399441552,54.656327101183145,0.0070598709897785,0.0037024963163436,3.416020443823918,3690.332947993591,8.010597148573277,0.8144693526982357,0.18553064730176427
1.2650841619028272,0.0696352757354441,0.0137036032511441,210976688182.7733,7852.364803109061,0.0446978781648026,6.420828524870932,22.939314542612117,0.65,2.0,0.002,4,20.125292195860425,80.5011687834417,181.12762976274385,322.0046751337668,0.0002794762246171,0.0001388622449642,20.125292195860357,75787.58922064863,4.739733973092203,1.1398251672256756,0.13982516722567562
2.1139486648297643,0.0783147891946798,0.0128145298735736,181644306446.65305,7825.078066612879,0.0399653105011113,9.850858014706764,2.441177025161977,0.65,2.0,0.002,4,6.264834662297423,25.05933864918969,56.383511960676806,100.23735459675876,0.0014067402819651,0.0007792214516384,6.264834662297388,12861.112747181925,8.300410690770754,0.38966343993933417,0.6103365600606658
2.247600722850944,0.0574437860744402,0.0068589761982952,207958614145.69547,7712.010564348189,0.028366399840379,9.551753777628488,5.6496025296528005,0.65,2.0,0.002,4,3.1970900802520967,12.788360321008389,28.773810722268877,51.15344128403355,0.0104790393556282,0.0044103077258421,3.197090080252074,1377.9346396667427,3.414751741788679,1.7671077097731818,0.7671077097731818
1.252839779098692,0.0361548604979144,0.0143888605918,203407355605.66925,7917.358448874846,0.0333073793791512,5.800865651490335,21.350582769212306,0.65,2.0,0.002,4,21.06967144920985,84.2786857968394,189.62704304288863,337.1147431873576,0.0012597393213925,0.0008260613728712,21.069671449209814,45218.29729716451,2.5801142728517394,1.013332496459646,0.01333249645964596
1.6080062310467125,0.0428621328139274,0.0198400863108769,204751849093.50424,7817.912095128256,0.0066163046602742,8.493646000930553,6.247224887463091,0.65,2.0,0.002,4,17.805980004201587,71.22392001680635,160.2538200378143,284.8956800672254,0.0001765063993065,9.50872826590194e-05,17.805980004201523,66904.81108713293,5.345223257299994,0.3508498204529595,0.6491501795470405
1.4523877499292883,0.074033272493416,0.0099108430742588,194208718944.7657,7639.900250096824,0.007969210082682,2.271936777483393,4.7497123314371965,0.65,2.0,0.002,4,10.741507026348058,42.96602810539223,96.67356323713253,171.86411242156893,0.0001717148825832,9.21283874326504e-05,10.741507026347982,18542.48715789129,4.070781727651436,0.4421830493418256,0.5578169506581744
1.1791391789231325,0.0580286749135523,0.010483485727236,194136282105.4775,7763.287436182602,0.0278655496622802,6.231327059154932,7.925479542660328,0.65,2.0,0.002,4,17.097607526394725,68.3904301055789,153.8784677375525,273.5617204223156,0.0002127372255903,0.0001179320464403,17.09760752639466,32133.6105788943,2.7843838248271124,0.46354319049757475,0.5364568095024252
2.066776001669895,0.0617370616972486,0.0079323994241771,197454357897.30252,7777.861988116559,0.0147190617085758,5.693989517896097,1.963066250506552,0.65,2.0,0.002,4,4.242777464387261,16.971109857549045,38.18499717948535,67.88443943019618,0.0041051953117952,0.0022808769294747,4.242777464387209,2797.2702141371064,3.936172994173212,0.46268423620706695,0.5373157637929331
2.419116807896442,0.0481043191769404,0.0183872650581448,189197920712.7453,7668.15660366345,0.0339261693950111,9.722743992747526,4.565062744998687,0.65,2.0,0.002,4,7.076938238902127,28.307752955608507,63.69244415011914,113.23101182243404,0.002052860361316,0.0010195570725235,7.076938238902091,16220.699312141529,8.203874839273785,0.6450618319521898,0.3549381680478102
1.005569329253083,0.0275778323877647,0.0102865943002078,199274172701.3605,7972.850914902981,0.0419887493557864,8.035993036822632,27.01098909286724,0.65,2.0,0.002,4,23.061922826152813,92.24769130461124,207.5573054353753,368.990765218445,0.0007800468918125,0.0003609851401799,23.061922826152603,23876.912685741903,1.1371752673743036,1.171237511133995,0.171237511133995
1.9159220203323617,0.0227348392200526,0.01145339789519,205642574524.6081,7818.420898430173,0.0083877694825229,6.713754258298813,5.485291460645361,0.65,2.0,0.002,4,7.25612803871853,29.02451215487412,65.30515234846676,116.09804861949648,0.0068981563148401,0.0033825306493915,7.256128038718498,4053.8038181350225,1.9502627044204655,0.7559529588474732,0.24404704115252684
2.227903445993032,0.0466537408004559,0.0166461727248717,212420289918.2743,7806.843029487539,0.0115982617688643,3.797629926924624,13.57959914166433,0.65,2.0,0.002,4,7.932520355925075,31.7300814237003,71.39268320332569,126.9203256948012,0.0003872262520606,0.0001528360764201,7.932520355925064,16777.405943629423,6.75371431119529,1.7118896053662536,0.7118896053662536
2.573511744312474,0.0560570746609859,0.0130221694671175,200557543463.18277,7941.364457112972,0.0324892755006551,5.423289252031963,1.29016732285626,0.65,2.0,0.002,4,4.480559249771535,17.92223699908614,40.32503324794382,71.68894799634457,0.0017921937699536,0.0010275731492605,4.48055924977153,5911.929493078125,7.459419985950495,0.2879478321644887,0.7120521678355113
1.131044173907962,0.0671250034151505,0.0092475580420022,212969175460.95825,7767.795170711704,0.0069313366311348,9.642756180146677,27.54727618919174,0.65,2.0,0.002,4,17.163532550875956,68.65413020350383,154.47179295788362,274.6165208140153,0.0003128953194843,0.0001181880421409,17.16353255087586,31712.597525945614,2.7268341422846976,1.604988722894693,0.6049887228946931
2.6484303042856907,0.0362640991604313,0.0122678738029797,192325998061.5676,7962.65686365599,0.0222268546192826,4.020926014581221,7.177437502659818,0.65,2.0,0.002,4,3.897727323908165,15.59090929563266,35.07954591517349,62.363637182530645,0.0022969834389377,0.0009850110944304,3.897727323908139,2813.4900995750895,4.690970991718987,1.8414416674646208,0.8414416674646208
1.4175264055127157,0.0400227230036501,0.0112261451735159,180544960052.0916,7804.169179059058,0.0497640453430354,4.141851630804462,8.453213997206005,0.65,2.0,0.002,4,12.185039458142729,48.74015783257091,109.66535512328454,194.96063133028363,0.0006044653883893,0.0003132851011462,12.185039458142693,14567.289164179965,2.4852216292984353,0.6937371049346185,0.3062628950653815
2.9591413611731854,0.0681215528164156,0.0166921631115699,205699331039.8219,7911.598541831252,0.0110548493785916,5.407073555881609,4.961115093727119,0.65,2.0,0.002,4,4.407524833904141,17.630099335616563,39.66772350513727,70.52039734246625,0.006168833324611,0.0029695627275223,4.407524833904131,10208.134651785917,13.310584210066686,1.1256011663427485,0.12560116634274854
1.1671240642969565,0.0434165685063405,0.0088653063690949,186797623654.4427,7981.28150980346,0.013793881478478,9.597854795920789,22.40796292368667,0.65,2.0,0.002,4,14.27704453734732,57.10817814938928,128.4934008361259,228.43271259755716,0.0007305958819132,0.0002600647732222,14.277044537347225,14425.97803108896,1.792705294670285,1.5695099125781833,0.5695099125781833
1.5662908695722928,0.0767256603743579,0.0073328825734754,214939107995.6674,7908.187182246075,0.0220332884115299,8.878558026043061,13.14906916612711,0.65,2.0,0.002,4,7.06607760359421,28.26431041437684,63.5946984323479,113.05724165750736,0.0011910672056271,0.0004501573542332,7.06607760359419,6868.331823174396,3.484453926190097,1.8608724534016978,0.8608724534016978
1.905943984482742,0.0409071564619523,0.0184006763189318,198141123747.48917,7622.091875843788,0.0335534630407546,6.614223022019512,15.720469651911442,0.65,2.0,0.002,4,11.71097343391805,46.8438937356722,105.39876090526244,187.3755749426888,0.000595943894268,0.0002299345056897,11.710973433918001,29602.822585403155,5.467482404649052,1.3423708746858656,0.3423708746858656
1.727376607348076,0.0722384356056858,0.0180905376635803,194723594940.155,7923.9927107846115,0.0356511594721762,4.323012593671752,11.145629875133436,0.65,2.0,0.002,4,13.628370018215872,54.51348007286349,122.65533016394286,218.05392029145395,0.000276253220916,0.0001387167625348,13.628370018215803,65579.55752667758,8.943775978529514,0.8178255991168486,0.1821744008831514
1.1132304092635303,0.0240160415396614,0.0172946326199184,189474084870.33344,7731.535273855497,0.0324478750383041,5.881147744767859,29.41415720071053,0.65,2.0,0.002,4,31.32654584964977,125.30618339859907,281.93891264684794,501.2247335943964,0.0004833440444168,0.0002847729800214,31.32654584964962,69249.76961625689,1.7874486497337239,0.9389530956231972,0.061046904376802824
2.788212085909903,0.0545415088284114,0.0144423553593353,201312450613.91412,7748.494287508646,0.0382171863216766,1.2013283089567213,7.7684617424624305,0.65,2.0,0.002,4,4.293805117062002,17.175220468248007,38.64424605355802,68.70088187299203,0.00033105914566,0.0001272054644204,4.293805117061976,6193.308262098845,8.508995651344225,1.8092255076024453,0.8092255076024453
1.3627047172006206,0.0699698103451717,0.0119268320602784,201754246076.04172,7988.561501417386,0.0345481514383684,5.926775135745296,3.368854463138076,0.65,2.0,0.002,4,14.636184981604671,58.54473992641869,131.72566483444206,234.1789597056748,0.0001400354047337,8.903718678066679e-05,14.636184981604647,38414.188548273196,4.542303486143447,0.23017299025478222,0.7698270097452178
1.428690873895566,0.0625647749036794,0.0146613028600496,195893355368.26163,7601.76036876142,0.0250961517579284,0.1599753595894921,5.53884643812588,0.65,2.0,0.002,4,16.53400417436014,66.13601669744055,148.80603756924123,264.5440667897622,3.521290516937805e-06,1.92287408066105e-06,16.53400417436013,53757.70554941544,4.981095881489738,0.3349972807382719,0.665002719261728
2.0150092312200774,0.0693586794101113,0.0069389891884309,190723151296.38815,7978.618577817603,0.022259835362031,6.519220671638391,7.414917510335662,0.65,2.0,0.002,4,3.7888659452588898,15.15546378103556,34.099793507330006,60.62185512414224,0.0029889895845251,0.0013600281739365,3.7888659452588414,2192.552447271066,3.8687598732416184,1.957028202492686,0.9570282024926859
1.1880338159417274,0.0404665546638541,0.0152120345778748,217727766590.5852,7635.809323516417,0.0277741104773915,3.787419299368618,23.93027124315706,0.65,2.0,0.002,4,26.09686412133507,104.38745648534028,234.8717770920157,417.5498259413611,0.0002712988809489,0.0001456340885994,26.096864121334907,75071.27657419028,2.792141448583066,0.9169788037327213,0.08302119626727866
2.503882764050232,0.0397749995137595,0.0122812248613338,214516358989.06076,7974.5532948423825,0.049889750470468,7.370849475657618,6.981980229924549,0.65,2.0,0.002,4,4.6070187729288365,18.428075091715343,41.46316895635953,73.71230036686138,0.0041268663328614,0.0016416795214493,4.607018772928808,4086.4098883316105,4.876881755990719,1.5155093942640725,0.5155093942640725
1.8104943217331968,0.0495459512048026,0.0128269858554321,195883796443.67065,7833.851124598031,0.0372533592142783,5.111219653080984,11.396317271546527,0.65,2.0,0.002,4,8.873013351262157,35.49205340504863,79.85712016135942,141.96821362019452,0.0010582272478919,0.0004408665593697,8.873013351262133,14008.036944606158,4.5068724974706775,1.2843795924104486,0.28437959241044863
1.539935179433241,0.0455826371440866,0.0086979770468366,185705504714.1294,7751.719557620748,0.0481652775053822,4.246924058373224,11.639453707328313,0.65,2.0,0.002,4,8.14059207655442,32.56236830621768,73.2653286889898,130.2494732248707,0.0011260708759825,0.0004417910036462,8.14059207655434,6190.987458084857,2.36640024563334,1.4298043186380778,0.4298043186380778
1.0298738884564649,0.0499681701167265,0.0143565435148987,206348248350.99792,7732.855786020526,0.0262077057632097,6.399475005959487,30.784940522618427,0.65,2.0,0.002,4,31.70600247881537,126.82400991526148,285.35402230933835,507.29603966104594,0.0004650824021586,0.0002979153332688,31.70600247881516,113365.26684493235,2.85652019926478,0.9709499184953336,0.02905008150466637
2.476747449993929,0.0535012644223739,0.0105071807181098,200574107203.08005,7698.090222626138,0.0083362399381194,4.183624188105034,1.2090652559404536,0.65,2.0,0.002,4,3.964586907195135,15.85834762878054,35.68128216475622,63.43339051512216,0.0025050427688652,0.0014418337559092,3.9645869071951205,3325.374752770178,5.359015012326786,0.3049662636342224,0.6950337363657776
2.174836951537801,0.0544798993597369,0.0073812933801934,219945980476.59177,7636.997315323531,0.0452886569831421,4.966004901942837,2.2818377392004563,0.65,2.0,0.002,4,3.797563203700659,15.190252814802635,34.178068833305936,60.76101125921054,0.0071273251696027,0.0036594069348505,3.797563203700641,1901.3316058252044,3.3395512254597013,0.6008689301015072,0.3991310698984928
1.8610131512068169,0.0790221023672599,0.0125092254780293,188510061116.55652,7916.502200079323,0.0467934059895053,2.6974935030459504,1.695107326082174,0.65,2.0,0.002,4,7.992108829706879,31.96843531882752,71.92897946736191,127.87374127531008,0.0001686803485409,0.0001162150339786,7.9921088297068605,18361.759669806986,7.2816832575372565,0.21209762807300864,0.7879023719269913
2.8180879012808973,0.0708166977824781,0.0076822925538057,215402561120.81848,7677.025633812741,0.0270677636234156,2.040438697976421,2.0809889936061823,0.65,2.0,0.002,4,2.323485469894127,9.293941879576508,20.911369229047143,37.17576751830603,0.0180189831896493,0.0095062899385754,2.323485469894105,1254.2488235600827,5.884967161252303,0.8956324541599243,0.10436754584007568
2.9545967234806825,0.0762983971737377,0.0137637244043786,207440851743.2245,7763.80272959473,0.0449810233938071,5.572807369473544,2.904671580538972,0.65,2.0,0.002,4,3.6955467089649607,14.782186835859845,33.25992038068465,59.12874734343937,0.0052181319789154,0.0027642881733903,3.6955467089649447,6493.984072420916,12.044647399276247,0.7859923874030854,0.2140076125969146
1.5098033930830983,0.0528342947031497,0.0154445127684586,186369112900.3359,7725.804592385575,0.0372254451912525,1.6048197327783953,26.097093074912426,0.65,2.0,0.002,4,15.08960186785298,60.35840747141192,135.80641681067684,241.4336298856477,3.940635611663063e-05,1.2541611411858824e-05,15.08960186785291,42779.878463501664,4.759093608195478,1.7294752574294239,0.7294752574294239
1.4591078589403568,0.0522518168961502,0.0167274072841774,196761931377.1688,7753.341119834384,0.0342732269088732,1.656813252414108,15.890020690553712,0.65,2.0,0.002,4,17.947715829864972,71.79086331945989,161.52944246878474,287.16345327783955,0.0001318886828198,6.96725097736418e-05,17.947715829864865,62871.587511439495,4.943975619936268,0.8853505839507909,0.11464941604920909
1.0633003614297478,0.0751317347193871,0.0157530311659951,205004402578.73883,7812.997123764733,0.0306299316297578,6.423034775725889,54.62436911192631,0.65,2.0,0.002,4,32.36340625624364,129.45362502497454,291.2706563061927,517.8145000998982,2.481888237438505e-05,7.690811114662519e-06,32.36340625624344,203282.20623225483,4.916218524227506,1.6878436305321962,0.6878436305321962
2.2200117996740274,0.0345001158294759,0.0068657195299029,190334312400.19257,7931.165599231762,0.0461300588717081,9.620796576315389,2.3057182042949145,0.65,2.0,0.002,4,3.094530599262942,12.378122397051769,27.85077539336648,49.51248958820708,0.0485800500431841,0.0253335826406716,3.094530599262935,788.3484460345312,2.085301791407766,0.7450946534004536,0.25490534659954645
1.2157337112854305,0.0687045855771043,0.0186928078374393,219376355629.5262,7699.187064076334,0.0093038087617192,1.1993143322067756,50.44133800189852,0.65,2.0,0.002,4,30.612538858493423,122.45015543397368,275.51284972644083,489.8006217358948,5.524493370180744e-06,1.8021951538932123e-06,30.612538858493394,222367.87033299485,6.010541515420095,1.647734552010333,0.647734552010333
2.837006725862058,0.0346726737248875,0.0190976070348154,188172354410.01328,7628.277952889345,0.0136715444324635,8.167675325203929,7.586098917200176,0.65,2.0,0.002,4,5.343823811616109,21.37529524646444,48.09441430454498,85.50118098585774,0.0036373360562438,0.0015637770621448,5.343823811616092,8077.689641040564,7.1651149877009965,1.4196012414761798,0.41960124147617983
1.0456231446276527,0.0323477204939013,0.0174143246702801,186128527504.688,7714.111713979341,0.0333080910563079,1.9240038196076696,26.452115325593187,0.65,2.0,0.002,4,35.4771745373031,141.9086981492124,319.29457083572794,567.6347925968496,3.324812645295559e-05,1.6130369669074312e-05,35.47717453730299,112885.77549556449,2.271859319028501,0.7456094142384345,0.2543905857615655
2.916814028355922,0.0322262358765453,0.0059378052421866,194120593172.4928,7653.776788411872,0.0106961884311105,4.133761545059571,1.1977521445452748,0.65,2.0,0.002,4,1.59380663818039,6.375226552721561,14.34425974362351,25.50090621088624,0.1190541618014341,0.0673850206569178,1.5938066381803813,214.20078918062936,2.135945008227984,0.7515040506499118,0.24849594935008823
1.220341018242041,0.0283662253015941,0.0156468262553645,188123241580.7864,7739.149586350916,0.0480654106907354,5.85385924669454,38.87516863688335,0.65,2.0,0.002,4,23.48917168627647,93.95668674510588,211.40254517648827,375.82674698042354,0.0001178120380551,3.7671233954638e-05,23.48917168627642,45652.79839116253,2.095908227759165,1.6550250965041997,0.6550250965041997
2.887681020921294,0.0591457058624769,0.0134207483207098,191676781639.08707,7838.610245793327,0.0109060890110625,4.220816545110257,2.5694173173696653,0.65,2.0,0.002,4,3.6088827141568007,14.435530856627205,32.47994442741121,57.74212342650881,0.0049466275169185,0.0024261027170729,3.608882714156797,4619.165446081996,8.983762144322148,0.7119703024125572,0.2880296975874428
2.6728492493385243,0.0417554399876122,0.0156081122746074,185197683374.12308,7927.243223991802,0.0283127039846301,9.705654159039652,4.451588940938243,0.65,2.0,0.002,4,4.788366544362103,19.15346617744841,43.09529889925893,76.61386470979365,0.0207786617499575,0.0121889264627083,4.788366544362088,6249.7782705343525,6.90446603340988,0.9296675389605724,0.07033246103942759
2.5661330628861965,0.0577084359923473,0.0115341871920445,186146291535.03983,7802.236908372754,0.0121626182993667,6.089289972380442,2.940413193821912,0.65,2.0,0.002,4,3.879498001815346,15.517992007261384,34.91548201633811,62.071968029045536,0.0084910063885621,0.0043747430610908,3.879498001815345,3959.1814978012485,6.663380437727534,0.7579365145815246,0.24206348541847544
1.861825139763344,0.0411195399303385,0.0131600829876399,205144074068.7203,7632.786945093572,0.0383602186363273,1.462030847363582,7.997672113986537,0.65,2.0,0.002,4,8.924790281402247,35.69916112560899,80.32311253262023,142.79664450243595,0.0007953058750311,0.0004416714581678,8.924790281402185,12090.790202348335,3.8450227112415427,0.8961187727461102,0.10388122725388982
1.2026030096476483,0.0271013723818957,0.0164479763068706,214533273579.93472,7782.806696374821,0.0076806900156715,0.7603897995619177,34.58841688128519,0.65,2.0,0.002,4,27.075492235246585,108.30196894098634,243.67943011721923,433.20787576394537,2.924248783296976e-05,1.0995111741585212e-05,27.075492235246543,60373.27684232076,2.0860863912365883,1.2774806301123647,0.2774806301123647
1.3024793615032588,0.0533136674631666,0.0083031885010555,215182624901.06625,7933.627266754958,0.0107891204581696,5.924915441509516,16.80269075246298,0.65,2.0,0.002,4,11.558464800681016,46.23385920272406,104.02618320612912,184.93543681089625,0.0007498339292581,0.0002950468292774,11.558464800680921,12063.022840222406,2.2871576659175727,1.4537130183130476,0.45371301831304756
2.321063932770421,0.0732626652225191,0.0139067934039976,212979370849.57315,7689.076407583714,0.0208764246302536,9.427109511887622,11.056532670122907,0.65,2.0,0.002,4,6.160468373708866,24.641873494835465,55.44421536337981,98.56749397934186,0.0010552221423934,0.0004066766214433,6.160468373708849,13621.602482570146,9.091614251480173,1.7947552035668404,0.7947552035668404
1.1794625554825025,0.0215122968275697,0.008031714502347,210265977096.6646,7996.323906220448,0.0467836778775798,5.091771619823909,15.536316716777376,0.65,2.0,0.002,4,13.424821341791892,53.69928536716757,120.82339207612702,214.79714146867028,0.0024596210989632,0.0012024163529503,13.424821341791894,5797.1741955909,0.8147785442352056,1.1572829404002816,0.15728294040028157
1.3777548070106005,0.0541011138269131,0.0067382611706464,182245589926.53055,7795.148704718203,0.0412115029633021,5.360018782585587,5.670218932552846,0.65,2.0,0.002,4,7.783044897117069,31.13217958846828,70.04740407405363,124.5287183538731,0.0027535931149258,0.0013761154364643,7.7830448971170085,4681.437161309896,1.957583925052971,0.7285347839446751,0.2714652160553249
1.5603471126186708,0.0276303980465496,0.0062780606894881,185903487632.48425,7615.279320909608,0.0204598244442935,8.245878487109444,6.91409396023416,0.65,2.0,0.002,4,5.777143701433161,23.108574805732644,51.994293312898456,92.43429922293058,0.0231084276089955,0.0103806480413832,5.777143701433125,1357.9250252594725,1.0305989948636631,1.1968014502597528,0.19680145025975282
2.3846621943652506,0.0572405595181657,0.0174849310097491,213787337897.68225,7852.414109589175,0.0292262622327629,9.148681863217323,11.94743937692085,0.65,2.0,0.002,4,7.274930290582115,29.09972116232846,65.47437261523903,116.39888464931384,0.0009025743775442,0.0003223322147332,7.274930290582086,19578.763849015206,9.370609910813817,1.6422754445341776,0.6422754445341776
1.3536977362141174,0.0447457933770926,0.0145226032852445,209413274267.28952,7697.288318356141,0.0444198802707199,3.857555960039312,12.89677376929492,0.65,2.0,0.002,4,18.744054962840902,74.97621985136362,168.69649466556814,299.9048794054545,0.0001659601723533,8.49401233507647e-05,18.744054962840792,46958.36669181292,3.385525957791215,0.6880460922069515,0.31195390779304855
2.7802650150535952,0.0351616476741022,0.0099025201238586,192217671139.7096,7825.705484710013,0.0235792317004316,1.1687969214495335,5.1945788691791055,0.65,2.0,0.002,4,2.8789724153753222,11.515889661501287,25.9107517383779,46.06355864600516,0.0016843073196613,0.0007544971148849,2.878972415375295,1239.4510920310895,3.787866377657559,1.804316999161645,0.804316999161645
1.1156322081294945,0.0304945988952848,0.0167264841166265,195262619286.9151,7614.042169691836,0.0125436328570376,4.174820517647584,46.05040649693031,0.65,2.0,0.002,4,30.85984535256946,123.43938141027785,277.7386081731252,493.7575256411114,6.005536165048774e-05,2.071536133331777e-05,30.859845352569376,81448.13441102332,2.166376388904984,1.4922435926301936,0.49224359263019357
2.3369607956688263,0.0425899485518131,0.0097949497296667,213369407393.16168,7862.219004047368,0.0207902879637141,9.150186586346932,4.648959224161788,0.65,2.0,0.002,4,4.23664542879499,16.94658171517996,38.129808859154906,67.78632686071984,0.0337791888369038,0.0187316775631677,4.2366454287949775,2715.687975420943,3.8324446833791637,1.0973208172117639,0.09732081721176389
2.4310820959036,0.0265319353064814,0.0114394392181342,190247095870.2258,7826.837220054763,0.0225726238590722,2.0945282542980497,0.8996414926818707,0.65,2.0,0.002,4,4.327136611401152,17.30854644560461,38.94422950261036,69.23418578241844,0.0014866656146565,0.0010205049274299,4.32713661140114,2134.4724086247434,2.8875505486369866,0.2079068847310009,0.7920931152689991
1.956041866186212,0.0757349162944991,0.0150502624528589,207303762280.1555,7794.586712795767,0.0186415286704598,3.2082359831149208,10.184604270201532,0.65,2.0,0.002,4,9.198649711271228,36.79459884508491,82.78784740144106,147.17839538033965,0.0008866663039564,0.000424306220667,9.198649711271214,29026.145311326993,8.689233468318669,1.1071847053510708,0.10718470535107083
2.3900455021352505,0.07614783411162,0.0174659967450748,194869113006.1054,7694.761962191904,0.0104462371574097,8.748877475087077,2.4141031379329005,0.65,2.0,0.002,4,6.977248643829934,27.90899457531973,62.79523779446941,111.63597830127894,0.0007608152612377,0.0004174746995276,6.977248643829934,23504.468204432134,12.229882738967374,0.3459964322853424,0.6540035677146576
2.9040633971064493,0.0291616216099866,0.0153778921095849,200233243862.26105,7812.599732732951,0.0367920373370309,4.938530943430728,5.360353636762618,0.65,2.0,0.002,4,4.185855018253998,16.743420073015994,37.67269516428599,66.97368029206397,0.0066402434131598,0.0029693157905146,4.185855018253978,3518.9107539607276,5.087215694010798,1.2805875056318963,0.2805875056318963
1.216616242377988,0.027611524877703,0.0071982023976521,219251060959.7309,7847.064096067998,0.0324630478266732,9.868312195033443,4.186849173532376,0.65,2.0,0.002,4,11.656370397879806,46.625481591519225,104.90733358091826,186.5019263660769,0.0020008219879975,0.0010970659088531,11.656370397879792,5088.9909140603095,0.9487357375203932,0.359189784694379,0.640810215305621
2.832696039076356,0.0488546256980047,0.0099254180750703,201417391593.20013,7939.424195509449,0.0343664303252045,8.063479096676067,3.2739956053265598,0.65,2.0,0.002,4,2.8250887320076545,11.300354928030618,25.425798588068893,45.20141971212247,0.0346024820976925,0.0186191606013923,2.825088732007646,1718.056365715446,5.452723620757782,1.1589000969183358,0.15890009691833584
2.503032101199404,0.029173885105163,0.0084115629170373,184277876153.90768,7891.634116882664,0.0125896312792285,7.174338979191851,5.139765791009499,0.65,2.0,0.002,4,2.941888720583313,11.767554882333252,26.47699848524982,47.07021952933301,0.01573480688183,0.0073115799647208,2.941888720583283,828.1071805244395,2.42367471122043,1.7470972831326017,0.7470972831326017
2.517214758105338,0.0765537020300382,0.0128164222275264,194218428546.66385,7617.821815966872,0.031266926228242,3.862433268535484,8.504761572974926,0.65,2.0,0.002,4,4.631112539146427,18.524450156585708,41.68001285231784,74.09780062634283,0.0007286143838431,0.0002854864750674,4.631112539146411,7964.976410395504,9.40706376031509,1.8364402724150797,0.8364402724150797
1.912332890848272,0.051174162689753,0.0091152962027442,192505096284.6729,7862.235052538437,0.0329807367948487,6.654814899641813,4.916610921890289,0.65,2.0,0.002,4,5.592695240586528,22.37078096234611,50.33425716527875,89.48312384938444,0.0098656724150372,0.0052490275772392,5.592695240586488,4330.151574440728,3.506719704453567,0.8791129697556522,0.12088703024434777
2.5147457330929046,0.0479148401380297,0.0180274923878881,209397023551.108,7989.60566017817,0.0449826695055429,2.6200173966814906,9.173990617461202,0.65,2.0,0.002,4,6.617576870392253,26.47030748156901,59.55819183353029,105.88122992627603,0.0005290075313093,0.0002120419608512,6.617576870392236,15002.116010299616,8.677503413345207,1.3863066190445994,0.3863066190445994
2.828480020672804,0.0443167597310872,0.0086061903106553,181052701447.31564,7798.063171874565,0.0067877754618024,0.1423223732572918,3.0284400304469,0.65,2.0,0.002,4,2.350407145740541,9.401628582962166,21.153664311664876,37.606514331848665,0.0008278800242687,0.0003876445310704,2.3504071457405287,917.3493288867633,4.206189290389582,1.2884746525448243,0.2884746525448243
2.4420811093334507,0.0235309122399459,0.013967840498093,212636048618.52377,7627.010925767221,0.0280509336997982,2.6597160636725263,7.812913836875726,0.65,2.0,0.002,4,5.607633417131364,22.430533668525456,50.46870075418229,89.72213467410182,0.0021759498635643,0.0008781932592987,5.607633417131342,3799.8937662336507,3.0609235885489907,1.393264012766463,0.39326401276646306
1.558637560689475,0.0468184401395864,0.0144593855646451,200510545229.21512,7905.213173388556,0.0168155470610555,7.051354253296594,22.69783913435201,0.65,2.0,0.002,4,13.592540414164018,54.37016165665607,122.33286372747618,217.4806466266243,0.0002902537897948,9.86839479721117e-05,13.592540414163976,30419.81083542307,4.170570879259213,1.6698746844040975,0.6698746844040975
1.8724930418924357,0.0547409665874106,0.0127625786659032,207238664005.00635,7803.083537413249,0.0473274949175401,4.337478997658693,1.9449099008778064,0.65,2.0,0.002,4,8.50608120861821,34.02432483447284,76.55473087756391,136.09729933789137,0.0003617229031606,0.0002383163001516,8.506081208618182,14578.946860614695,5.103961231729648,0.22864934547148041,0.7713506545285196
2.533696385815912,0.0349700118219964,0.0163923289545279,202695902995.8556,7746.685006516484,0.0087571570107225,8.292344147089555,11.2021919737822,0.65,2.0,0.002,4,5.922775995792303,23.691103983169214,53.304983962130734,94.76441593267684,0.0016013916218156,0.0007305829772774,5.922775995792296,7790.893455002312,5.625704460278015,1.891375257436808,0.8913752574368079
2.9504108924874703,0.042245614222622,0.0110884677994179,203644509890.4532,7772.170753361139,0.0299884269509766,9.66898075408039,1.8552954334001528,0.65,2.0,0.002,4,2.956657200347198,11.826628801388791,26.609914803124777,47.306515205555165,0.021315918704078,0.0106742063999292,2.956657200347177,1853.5730010572001,5.370911656731506,0.6274976460518656,0.37250235394813436
2.4957577151292645,0.0518630805585374,0.0095203419561469,205180849137.7131,7755.579026206554,0.0404071476779862,0.1304922763768999,5.962956793470831,0.65,2.0,0.002,4,3.5648253285097065,14.259301314038826,32.08342795658736,57.0372052561553,0.0001020555166617,4.025033469767232e-05,3.5648253285096905,2397.3627767830803,4.778565149102061,1.6727206087159683,0.6727206087159683
1.3956476712393886,0.043546524140019,0.0107045058882299,183040874393.97635,7733.627301830791,0.0392806851895698,2.60806738693647,20.120670713184253,0.65,2.0,0.002,4,12.123463530919194,48.493854123676776,109.11117177827276,193.9754164947071,0.0001911560569084,6.309952734989109e-05,12.123463530919173,14596.956601311504,2.515643867685263,1.6596470688322145,0.6596470688322145
2.283023706182841,0.0795182467736593,0.0162186993639482,204129398176.98636,7757.855397529304,0.049459534621556,8.811438183690182,12.138243961272297,0.65,2.0,0.002,4,7.237796578220768,28.95118631288307,65.14016920398691,115.80474525153228,0.000619953966098,0.0002152626828546,7.237796578220768,23619.864832406773,11.421020879354383,1.677063430850965,0.6770634308509651
1.1024488901092846,0.0636015089778826,0.0132854650459029,217093594160.06915,7923.179986411877,0.0307003645407961,0.5262900543589502,40.30520037604296,0.65,2.0,0.002,4,25.94554690101829,103.78218760407316,233.5099221091646,415.12875041629263,5.422139988758334e-06,1.7734194213294264e-06,25.94554690101828,98074.83069489922,3.6903892057012047,1.5534534897185426,0.5534534897185426
2.896295369029668,0.0254935900622341,0.0098924396300534,189386890618.46375,7757.300053760267,0.0384049694684275,4.795001556111327,3.242818925360029,0.65,2.0,0.002,4,2.642205696887812,10.568822787551246,23.779851271990303,42.275291150204986,0.0339085969067837,0.0164541656065296,2.6422056968877863,780.8198351280435,2.8330735613734013,1.2273150910164548,0.22731509101645475
1.563607824684271,0.058974036744933,0.0064046420682053,209367520874.7623,7767.927931438137,0.0314288230404396,0.3560377849826316,8.953146511207505,0.65,2.0,0.002,4,6.166951159413792,24.667804637655166,55.50256043472413,98.67121855062068,0.000174417510884,6.987784768334547e-05,6.166951159413766,3443.971123421661,2.293816892795487,1.4517946193785969,0.4517946193785969
2.9864587244491982,0.0383098262240908,0.0055124850854542,197449443786.89886,7698.478811456319,0.0392954243227611,0.9607189116082232,1.6839236518222287,0.65,2.0,0.002,4,1.4193488356388373,5.677395342555349,12.774139520749536,22.7095813702214,0.0330576089129837,0.0186432402345565,1.419348835638832,193.0754597912828,2.427666633900886,1.186405772520548,0.1864057725205479
1.0618440341618267,0.074898765036692,0.0099073499128706,208191096052.60385,7877.694880844586,0.0164247422615936,0.7313973139611808,18.291468838230625,0.65,2.0,0.002,4,20.483152157584826,81.93260863033929,184.3483694182634,327.73043452135715,6.5010780969429e-05,3.0769400031309066e-05,20.483152157584758,51406.184333869925,3.1035736089109203,0.8930006816093211,0.10699931839067889
2.9128052909548723,0.0742805028673709,0.0109500889838761,217874790061.52933,7953.9250211000035,0.0315672732666112,0.9129672970164489,1.4990654993302353,0.65,2.0,0.002,4,3.062927642217318,12.251710568869273,27.566348779955867,49.00684227547709,0.0007141141822855,0.0004170586097275,3.062927642217303,3489.7044456004537,9.422267622941668,0.4894224331871704,0.5105775668128296
2.0501766059345226,0.0298250782554977,0.007488603018148,213452171622.00952,7995.653201073442,0.0300186242612801,8.406790335728964,8.27563505388363,0.65,2.0,0.002,4,4.174176701895976,16.696706807583904,37.56759031706378,66.78682723033562,0.0065234272990518,0.0027618068994426,4.1741767018959735,1259.2124924004615,1.8306175744241886,1.982578995787292,0.9825789957872919
2.547380262246845,0.0452650495766725,0.008921558370541,183474608741.1273,7910.662395993618,0.0236874393732966,5.141313561757162,3.1369279859044665,0.65,2.0,0.002,4,3.00236837062415,12.0094734824966,27.02131533561735,48.0378939299864,0.0558845508363003,0.0274096796142395,3.0023683706241395,1447.9982769490496,4.068931287308355,1.0448178233546852,0.044817823354685205
2.38486333559484,0.0767327128557422,0.0061437415710446,211016448916.7492,7630.564566337426,0.0201497871061482,7.531620804935727,3.8117403631999234,0.65,2.0,0.002,4,2.5758170819498454,10.303268327799382,23.18235373754861,41.213073311197526,0.0167440040053105,0.0079160985897376,2.575817081949844,1123.5526787222354,4.289470297043151,1.479817953654733,0.4798179536547329
2.7407984173514075,0.0299894444638017,0.0055990559093735,184220341938.2369,7842.480950680747,0.0239741541705013,2.031008502886112,1.8853285062934964,0.65,2.0,0.002,4,1.6380679921529628,6.552271968611851,14.742611929376666,26.209087874447405,0.08566149716462,0.0463627047620831,1.6380679921529582,191.16456015835578,1.8046118157999957,1.1509464291622944,0.1509464291622944
2.037860870484282,0.0592037119704444,0.0103900855094508,197563902452.09503,7672.136839349977,0.0390432140440403,1.6544121091027395,9.216611166052052,0.65,2.0,0.002,4,5.756982946121876,23.027931784487503,51.812846515096886,92.11172713795,0.0004486665260093,0.0001653645515219,5.756982946121858,6291.852841342304,4.8087138430379,1.6009446705519152,0.6009446705519152
2.682240129008643,0.0794600148845893,0.0074267368668839,211980504228.7292,7954.969159254694,0.0071993919582894,7.565496545837177,2.0261269157160227,0.65,2.0,0.002,4,2.416354725006266,9.665418900025063,21.747192525056395,38.66167560010025,0.0458247864159012,0.0253215468992505,2.4163547250062383,1451.2223411566638,6.295827776180066,0.8385055781538002,0.16149442184619978
1.9943884797961773,0.0523273478328255,0.0120343721040187,190613816629.82983,7710.54938589762,0.0078575354262495,7.105230260399134,4.702413559801997,0.65,2.0,0.002,4,6.8213086842792325,27.28523473711693,61.3917781585131,109.14093894846772,0.0027701553129403,0.0013558375451899,6.821308684279207,8894.312546223946,4.841915919824354,0.689371171640342,0.310628828359658
1.6255229434583989,0.051777637121509,0.0147491972530224,185968645050.81323,7861.855683485195,0.0221474831624616,3.5269368642016525,4.212985335125969,0.65,2.0,0.002,4,12.31030349671423,49.24121398685692,110.79273147042808,196.96485594742768,0.0001647416885229,9.017955481612744e-05,12.310303496714216,29194.16402296928,4.8797636410448835,0.3422324507474955,0.6577675492525046
1.0773631869921334,0.0467983018714081,0.0175246929485061,213904449064.62088,7761.75583249197,0.0185725231406585,5.115354299872304,61.04790502083277,0.65,2.0,0.002,4,35.94060043291474,143.76240173165897,323.4654038962327,575.0496069266359,2.39599665675349e-05,7.259533885880744e-06,35.940600432914735,174865.05063979235,3.4290405804659154,1.6985777723658877,0.6985777723658877
1.0202586746829176,0.0749238162253779,0.0118238784100145,218170731070.4246,7714.697560391687,0.0439824098037187,9.231656782556742,32.9321176931069,0.65,2.0,0.002,4,27.39096972701925,109.563878908077,246.51872754317327,438.255515632308,0.0001848980492603,8.159502623183388e-05,27.39096972701905,103265.10785559355,3.486414751043746,1.2022983494674138,0.20229834946741376
2.820040482441981,0.0385180169699497,0.0064242432991356,180100724654.08694,7844.605066085141,0.0329436072339038,9.949760397172303,1.2628199815632712,0.65,2.0,0.002,4,1.7551439312069774,7.02057572482791,15.796295380862798,28.08230289931164,0.1478228531807079,0.0783184880661093,1.7551439312069586,332.8645472261566,2.7370474818542374,0.7194965376400035,0.28050346235999646
2.917415051943868,0.0224239537305297,0.0155869550544423,192070594667.87723,7961.195661362454,0.0070301635569175,9.365153609909695,6.964420695205138,0.65,2.0,0.002,4,4.078827983400337,16.315311933601347,36.70945185060304,65.26124773440539,0.008032923380963,0.0038055972438595,4.078827983400331,2665.94085452779,4.059008801387457,1.7074563388180006,0.7074563388180006
2.849471271868211,0.0507066912991948,0.0116999961821765,202643531884.81503,7748.858435084029,0.0144865171101724,8.38293952883103,4.761410569261365,0.65,2.0,0.002,4,3.341441930603683,13.365767722414732,30.07297737543315,53.46307088965893,0.0103167709006798,0.0048285315011907,3.3414419306036782,2887.0252344529918,6.549724111461568,1.424956850410131,0.4249568504101311
2.5933555375098014,0.0464887764085009,0.0051976510751413,199470598804.31345,7924.993870905336,0.0243480933875125,7.608437699751924,2.5843646262679854,0.65,2.0,0.002,4,1.7581350506531137,7.032540202612454,15.82321545587802,28.130160810449816,0.0688795207632709,0.0348076226962207,1.7581350506530966,303.00544878675805,2.483054415365227,1.4699465921619435,0.46994659216194345
1.7688151120944142,0.0622067072823056,0.0051429336039434,200971104409.1777,7871.463906388355,0.0389191992821721,4.565703297765401,5.804804341701873,0.65,2.0,0.002,4,3.766295114066348,15.065180456265391,33.896656026597135,60.26072182506157,0.0058935231668135,0.002388822409198,3.766295114066309,1247.2241590510837,2.227183929490399,1.541250530268371,0.541250530268371
2.1377059125847118,0.0628129146357557,0.0057484182004277,192628130125.1018,7986.56276500754,0.0242494363558461,2.3026675448707787,5.562721149705124,0.65,2.0,0.002,4,2.801312716894196,11.205250867576783,25.21181445204776,44.82100347030713,0.002471164158501,0.0011889798118813,2.8013127168941585,954.9004452958021,3.082301896717173,1.9857551483479374,0.9857551483479374
2.4366097781098617,0.0279388545890978,0.0193904785765504,209878110653.2382,7931.536753534697,0.0458349973452887,1.8617234797144957,7.312193115012163,0.65,2.0,0.002,4,7.618171041465491,30.472684165861963,68.56353937318941,121.89073666344784,0.001893668170364,0.0011778850561952,7.618171041465462,11994.209447783522,5.2349248729510585,0.9598357762266204,0.04016422377337958
1.868288888712341,0.0705676573269326,0.0074143642104485,203771781915.012,7759.963283057522,0.0493606201516352,7.241702756326135,1.080945843087258,0.65,2.0,0.002,4,4.93579707564248,19.74318830256992,44.42217368078232,78.97275321027968,0.0023424704469276,0.0015392857280336,4.935797075642422,3647.771676833361,3.792742144670632,0.21900127305103337,0.7809987269489667
1.5221945560343124,0.0766215675527916,0.0195771344161533,216353436962.81845,7839.84579108247,0.0170342601793662,8.091858306847055,29.442346627257734,0.65,2.0,0.002,4,20.126404048637237,80.50561619454894,181.13763643773515,322.02246477819574,9.580016585639024e-05,3.382217186857e-05,20.126404048637195,143133.05978070802,8.950511282924065,1.4628716861744284,0.4628716861744284
1.1857968401836343,0.050914140891432,0.0158932676319344,204813191658.8321,7779.307056484807,0.0475636346553896,1.107297607513488,46.91653060563243,0.65,2.0,0.002,4,26.29846371781877,105.19385487127508,236.6861734603689,420.7754194851003,7.840897698523252e-06,2.481018154223858e-06,26.29846371781876,101904.48963598191,3.7322680204345025,1.7840027124414768,0.7840027124414768
1.07852849231044,0.0578598241381532,0.0053798284462208,211234853770.90756,7893.540375002191,0.0439447996387692,1.661356130981264,13.93693489397516,0.65,2.0,0.002,4,10.84879012031658,43.39516048126632,97.6391110828492,173.5806419250653,0.0004490080795042,0.0001882640729516,10.848790120316416,6156.605835089128,1.325009518006919,1.2846533797234778,0.2846533797234778
1.8472654136110749,0.0212275530095746,0.0171589070090284,213200310723.9645,7757.868096138901,0.0140802778971916,8.934344558746947,16.990243382449208,0.65,2.0,0.002,4,11.953167289611716,47.81266915844687,107.57850560650544,191.25067663378744,0.0014095414849945,0.0005333941622274,11.953167289611674,14721.666709693009,2.6099443617885605,1.4214009534707328,0.4214009534707328
1.7632213610457568,0.043401363449199,0.0123453942562088,198211353507.25323,7640.987562287661,0.018057630478152,1.3781820292619824,11.77330400741601,0.65,2.0,0.002,4,9.17085987887696,36.68343951550784,82.53773890989264,146.73375806203134,0.0003636146004927,0.0001467189095634,9.170859878876888,11984.351136721029,3.609397162798314,1.2837731862563178,0.28377318625631776
2.6400093898009027,0.0514645515072239,0.0155868049395792,184156646594.7544,7938.083798558948,0.0371867688982297,1.287677227578297,9.599022806010506,0.65,2.0,0.002,4,4.884400542625143,19.537602170500573,43.95960488362629,78.1504086820023,0.0002047590547946,8.142286962444539e-05,4.884400542625129,7916.600444053549,8.405362498474481,1.9652407132138052,0.9652407132138052
1.1335995948571935,0.0667747577326475,0.0147455483031192,183591614009.07785,7842.195691407237,0.0387861620255392,2.0522256811194497,24.743529481953708,0.65,2.0,0.002,4,25.17551702569233,100.7020681027693,226.5796532312309,402.8082724110772,0.0001447640332686,9.69392258948424e-05,25.175517025692237,109510.84808242889,4.376637819237787,0.9828409663524418,0.01715903364755822
1.9753788436760755,0.0759338961455846,0.0122708803122042,200054052598.62427,7797.136041801943,0.0435453085527933,6.849216945215744,1.842740675235348,0.65,2.0,0.002,4,7.2228783218047665,28.891513287219063,65.00590489624291,115.56605314887626,0.000639934128958,0.0003905203548513,7.222878321804752,14779.074977102879,7.175743698407157,0.25512553211264805,0.744874467887352
1.477781900468933,0.0381673802886458,0.0097915495930517,187001595523.87247,7675.484719228457,0.0455661679906472,7.860546786674497,8.229535140520317,0.65,2.0,0.002,4,10.035285811273202,40.141143245092806,90.31757230145882,160.56457298037122,0.0031859382974919,0.0016790118116195,10.035285811273107,8426.537688691295,2.1194830066498946,0.8200598662845949,0.17994013371540507
1.0609618182492988,0.0479100881502105,0.0193428112258045,191160392136.56503,7983.66821562682,0.04494565294655,2.9030372562363604,63.69351664632962,0.65,2.0,0.002,4,38.12826591767252,152.51306367069006,343.15439325905265,610.0522546827602,9.979721991305316e-06,3.1526822677661392e-06,38.12826591767247,225254.0702881798,3.9248114946267965,1.6705065156610661,0.6705065156610661
2.443808361955972,0.0762405992803717,0.014514817988273,180987016457.31708,7799.880743878513,0.0118832737626872,0.5730175497017211,6.780874477836311,0.65,2.0,0.002,4,5.308676784529307,21.234707138117223,47.77809106076376,84.9388285524689,0.0002269206072648,0.000102580743717,5.308676784529285,11734.249402675696,10.546855820227236,1.2773191424268568,0.27731914242685685
2.764849989935156,0.0797504538964395,0.0110525868164976,208677386491.63004,7875.227126092632,0.012836422099976,6.401831136961127,3.27550972693383,0.65,2.0,0.002,4,3.374863353182364,13.499453412729457,30.37377017864128,53.99781365091783,0.0352885424441537,0.0162666885748498,3.374863353182337,4314.931312835244,9.596254645199474,0.9705606965820346,0.029439303417965412
2.256817730784795,0.073249835452947,0.0117081753032681,187606421277.1465,7681.234351617353,0.0073074419705819,1.0972120988077292,3.8234199352937015,0.65,2.0,0.002,4,5.151501632069599,20.6060065282784,46.3635146886264,82.42402611311358,0.0006658823006981,0.000334055335542,5.151501632069566,7787.907687776999,7.433500497755806,0.7421952293466865,0.25780477065331353
1.9858593253974768,0.0736686972028362,0.0183062926090814,199456586666.35608,7947.026945783841,0.0434475831047077,9.489012232612495,8.972756897854554,0.65,2.0,0.002,4,10.54519320538247,42.18077282152988,94.90673884844222,168.7230912861195,0.0010766211033256,0.0005770881043704,10.545193205382427,46717.04656568166,10.641590922719178,0.8508859651120211,0.14911403488797892
2.6331743724561565,0.0634568066982878,0.0153306901779459,181584208726.69415,7633.474238126705,0.024444994472859,9.155531298512038,1.8056392978023432,0.65,2.0,0.002,4,4.890008775460651,19.560035101842605,44.01007897914585,78.24014040737042,0.002262312024734,0.0012224207114003,4.890008775460635,9229.768376899709,9.777138982316332,0.36925072749634347,0.6307492725036565
2.6251591783012573,0.0227498826261311,0.0109041594614629,196617711558.3348,7700.366863817612,0.0248845641300468,5.709667588424653,4.542456429448809,0.65,2.0,0.002,4,3.6254821704045943,14.50192868161838,32.62933953364135,58.00771472647352,0.0219749011159568,0.0103976936147235,3.6254821704045637,1301.067119250626,2.5073122204657974,1.2529247741251257,0.2529247741251257
1.1695494855444897,0.0448279885930488,0.0166006893220772,214022477743.46967,7893.337939345341,0.0301049005324884,7.269497847316849,40.87800073217414,0.65,2.0,0.002,4,28.65612855900676,114.62451423602704,257.90515703106075,458.4980569441081,8.74787653899246e-05,3.0853811821484166e-05,28.65612855900665,111357.49387126765,3.434983679961537,1.4265011635469558,0.4265011635469558
2.455537102080962,0.0373863695439253,0.0196306476323634,196309368719.85284,7965.1655214496095,0.040066442367271,3.735938897382168,5.992498881056701,0.65,2.0,0.002,4,7.328987672968831,29.31595069187533,65.9608890567195,117.2638027675013,0.0014218855140207,0.0007400396248321,7.328987672968803,15219.730110137634,7.1772691384764125,0.8176434657079016,0.18235653429209842
2.5776981155550294,0.0248925918285303,0.0199215172810283,214390501754.35745,7727.186313139292,0.0441759521246997,6.848973846042633,10.02151289455372,0.65,2.0,0.002,4,7.161098325279047,28.64439330111619,64.44988492751143,114.57757320446476,0.0020673939258806,0.0008161070226459,7.16109832527904,9998.503039866955,4.938737830973115,1.3994379687787935,0.39943796877879345
2.9034604262281065,0.0715807294294451,0.0064275213692061,201169780780.7218,7752.604992551037,0.0093680805918729,5.685668727221497,1.0269037516842283,0.65,2.0,0.002,4,1.7611587473927308,7.044634989570923,15.85042872653458,28.178539958283693,0.0343482289279666,0.0174211287287274,1.7611587473927066,634.0594298771605,5.178133234992565,0.5830841502530648,0.4169158497469352
1.2167505037369075,0.0600704436329843,0.0110105277852335,206850836544.70505,7752.691790806195,0.0430723482642274,0.6500060752349767,31.49340036646551,0.65,2.0,0.002,4,17.419540833800408,69.67816333520163,156.77586750420366,278.7126533408065,1.280034594042403e-05,4.047042091435092e-06,17.41954083380026,37370.26499331498,3.119557783387883,1.8079351612619339,0.8079351612619339
1.9610274296386967,0.0465369419073583,0.0070645217769855,180177960992.3545,7677.189776707138,0.0156151514381918,8.02245959172779,7.4567016342161505,0.65,2.0,0.002,4,4.035472399349908,16.141889597399633,36.31925159414918,64.56755838959853,0.00604768612027,0.0027211970873745,4.035472399349886,1591.0545046950815,2.4747797755241727,1.8477890309489973,0.8477890309489973
1.6615964389294346,0.0646604155407592,0.0133923613230383,203705132979.68048,7790.970034103385,0.0320117516585992,1.442976164553925,10.526441541408898,0.65,2.0,0.002,4,11.247099202219534,44.988396808878136,101.2238928199758,179.95358723551254,0.0004297853620004,0.0002501198713158,11.247099202219484,27991.32962524056,5.605091935081872,0.9359250196114237,0.06407498038857629
1.9739202553182136,0.0385284798592874,0.0121750310597799,214876503755.1874,7892.922954244544,0.0128195967512563,8.40211858808306,7.21957560316246,0.65,2.0,0.002,4,7.392914055405471,29.571656221621883,66.53622649864923,118.28662488648752,0.0269286632491543,0.0138045744033568,7.392914055405432,7884.614694900489,3.6541756852402547,0.976553433335772,0.023446566664227952
2.837820908962748,0.0670025108064856,0.0140546418241235,185078481112.13837,7728.049139420536,0.0185306820670878,6.436466688914912,4.872589257221572,0.65,2.0,0.002,4,3.872773462365957,15.491093849463828,34.854961161293616,61.964375397855314,0.0058147602819104,0.0026916087355433,3.872773462365935,6114.200093736148,10.326085656216724,1.2581653186202206,0.25816531862022063
1.9084196203746124,0.0290881490210395,0.0155649275810663,209086443927.8177,7618.046885550859,0.0199769098468542,5.884180705665782,17.044382395285027,0.65,2.0,0.002,4,10.152423605401044,40.60969442160418,91.37181244860942,162.43877768641673,0.0006594599181448,0.0002302300705775,10.152423605401042,13392.13770806543,3.291172983037293,1.678848623516605,0.6788486235166049
1.3281524106959366,0.0437728676089065,0.0117200852989896,195063286647.1022,7801.097699761776,0.038009676635228,6.393472921637803,19.589451544846995,0.65,2.0,0.002,4,15.06517243543538,60.26068974174152,135.58655191891842,241.0427589669661,0.0005387258608333,0.0002162316535951,15.065172435435267,23813.17798418108,2.6577211184135128,1.3003137951989203,0.3003137951989203
2.76901902622338,0.0629779297381767,0.0161981020189394,189526520268.1,7636.050953338193,0.0082785403065066,6.505463942333552,2.243075596067723,0.65,2.0,0.002,4,4.772457723321172,19.089830893284688,42.95211950989055,76.35932357313875,0.0018720697742438,0.0010187937028676,4.7724577233211685,9697.531262084445,10.78492853886427,0.4700042883788522,0.5299957116211478
2.7489705229039174,0.0519637459029407,0.0142368449462387,180318427250.48608,7704.300401727186,0.0166641340930616,7.632832754930009,3.694799908411731,0.65,2.0,0.002,4,4.132913297833901,16.531653191335604,37.19621968050512,66.12661276534241,0.0172318637452358,0.0094166960497205,4.132913297833873,5282.747180611334,7.834070961577681,0.893994052657295,0.10600594734270496
1.996519110700092,0.0574573902111974,0.0177155863784033,208067637994.25388,7640.822687549467,0.0215148403667656,5.570648903485534,16.389832316224673,0.65,2.0,0.002,4,10.51647152771804,42.06588611087216,94.64824374946238,168.26354444348866,0.0003066637048334,0.0001099955285948,10.51647152771798,33898.84199889376,7.763991036150287,1.558491578950833,0.5584915789508329
1.422666576125171,0.0360067759744062,0.0126849434412312,180207821078.9474,7776.979395247407,0.0138076373845768,7.515279372360528,21.395253274373157,0.65,2.0,0.002,4,13.680213524078097,54.72085409631238,123.12192171670286,218.88341638524952,0.000541364384297,0.0001952935261381,13.680213524077999,18668.19555389515,2.526718457415084,1.5639560915270967,0.5639560915270967
1.151999783593545,0.0751381179402057,0.01284461635574,185553085296.6912,7892.838906515927,0.0359219125312459,1.4845972339205535,14.78377123609558,0.65,2.0,0.002,4,21.279580727916787,85.11832291166715,191.51622655125112,340.4732916466686,3.4535864212385445e-05,1.6987088591827967e-05,21.279580727916784,78437.35872608577,4.387701664254378,0.6947397801264327,0.30526021987356733
2.197695422067045,0.0324556933130699,0.0056385427877614,207698186071.9665,7608.722560242328,0.048685316803658,3.56782655144204,0.5859260905495591,0.65,2.0,0.002,4,2.765805302617724,11.063221210470894,24.89224772355951,44.25288484188358,0.0104482794787735,0.0069276999469067,2.765805302617692,462.0723422891067,1.530054948075549,0.2118464701745312,0.7881535298254688
2.2171540774244383,0.0274720905614109,0.017847026043066,209735333812.7349,7714.789330384371,0.0311068297481553,9.031472152669208,8.241677011965349,0.65,2.0,0.002,4,8.583751318965213,34.33500527586085,77.25376187068692,137.3400211034434,0.0104836470000007,0.0064149707385994,8.5837513189652,12197.23827980571,4.193218730859609,0.9601486233362723,0.03985137666372773
1.4121823578354211,0.0726580878083843,0.0119222160756139,183860944772.2258,7642.24848860435,0.0139012004152926,2.899231989254554,14.540178084173291,0.65,2.0,0.002,4,13.296546164214153,53.18618465685661,119.6689154779274,212.74473862742644,0.0006103834849375,0.0002817241828246,13.296546164214115,32625.736291821304,4.674367926345984,1.0935304480276424,0.09353044802764243
1.038433609113224,0.030455050563873,0.017404322290937,202026069106.4161,7909.459909831792,0.0427179206642934,9.425438537026542,11.620264001599509,0.65,2.0,0.002,4,36.98785886155476,147.95143544621905,332.8907297539929,591.8057417848762,6.514445009681965e-05,3.7036469676579336e-05,36.98785886155476,117568.27096293218,2.176767331188364,0.31416427874600844,0.6858357212539916
1.151715415552056,0.0594778160766844,0.0090956926572843,185023111425.24585,7659.51816748604,0.0471396757517782,6.868127459618917,4.444528638991143,0.65,2.0,0.002,4,15.28223719761895,61.1289487904758,137.54013477857055,244.5157951619032,0.0002705644210919,0.0001583150182447,15.282237197618816,22000.929761117277,2.386203209638641,0.2908297117442767,0.7091702882557234
1.0576302924224543,0.0600696455379751,0.0160738645064505,191717669237.2703,7813.403289369967,0.0313720324592004,1.6923899564775808,32.0224291710151,0.65,2.0,0.002,4,32.27696894061152,129.10787576244607,290.4927204655037,516.4315030497843,9.638468739685796e-05,6.432046262974265e-05,32.276968940611454,164083.4294211981,3.989509458500502,0.9921138886967763,0.007886111303223697
1.1093687701245196,0.031901899143207,0.0148282639413059,204957967847.97656,7730.065421921431,0.0487849443428506,1.0217557570684357,44.95846067183626,0.65,2.0,0.002,4,28.13251172324141,112.53004689296564,253.1926055091727,450.1201875718626,1.4257767887635354e-05,4.7638885231968016e-06,28.132511723241265,63374.23194136853,2.0283175818594477,1.5980962209888454,0.5980962209888454
2.968155909107365,0.0456161330265324,0.0167579819107714,181969580152.52533,7672.16960047056,0.007843299402718,8.174786780614802,1.6458042347525188,0.65,2.0,0.002,4,4.200663096370229,16.802652385480915,37.80596786733206,67.21060954192366,0.003621503609987,0.0019868266933727,4.200663096370205,6063.320594977914,8.70392404221978,0.39179629429807383,0.6082037057019262
1.4172906651119968,0.0499024728213078,0.0138240283190763,180099117234.2809,7942.385003525473,0.032451102880021,1.3784496838122124,24.808349131731983,0.65,2.0,0.002,4,14.860257663510025,59.4410306540401,133.7423189715902,237.7641226161604,4.456108522423669e-05,1.4340170133281666e-05,14.860257663510014,33849.24328839572,3.882724249197438,1.6694427306364898,0.6694427306364898
1.6493003233661483,0.0749385678310381,0.0064760539641338,199120566012.61075,7820.804503818498,0.0105264777679475,7.399804660043852,5.748540774890816,0.65,2.0,0.002,4,5.447190563711528,21.788762254846112,49.02471507340376,87.15504901938445,0.0260560841594964,0.0146417712309793,5.447190563711498,3666.4173618059167,3.1299473083434717,1.0553221348977353,0.0553221348977353
2.809507268221719,0.0453789370255345,0.0177162457998152,204686514823.25787,7604.958858637022,0.0264291157196344,2.184300736759932,2.485098422794658,0.65,2.0,0.002,4,5.280035135036078,21.120140540144316,47.52031621532471,84.48056216057725,0.0006072696854383,0.0003450832351649,5.280035135036052,9452.71166060118,8.588613295999284,0.470659448135981,0.5293405518640191
2.938559691728945,0.0568279676417096,0.0182941921883324,212606111901.1843,7980.26759756974,0.0442893278911507,9.008340567516877,3.0404958435922014,0.65,2.0,0.002,4,4.958526087265877,19.83410434906351,44.6267347853929,79.33641739625403,0.0028946336859665,0.0014684309113746,4.9585260872658745,11832.112199538216,12.189821262412767,0.6131854083415194,0.38681459165848064
2.378888428616267,0.0469456782451044,0.0108290951011141,188163614965.95477,7956.455350961335,0.0249427865850073,6.116163783714657,1.6986527656662187,0.65,2.0,0.002,4,4.219697155478002,16.87878862191201,37.97727439930202,67.51515448764803,0.0038505299670436,0.002131332914362,4.219697155477995,3382.001505975361,4.811178763135524,0.4025532409265518,0.5974467590734482
1.607165010465317,0.0517897720038656,0.0169498597850888,198472509378.5173,7691.096614470211,0.0497059560626166,1.2442301829013178,29.0313616064461,0.65,2.0,0.002,4,15.115776892795758,60.46310757118303,136.04199203516183,241.8524302847321,2.0141513723371394e-05,6.652832335770058e-06,15.115776892795735,48938.373610228446,5.425363598213723,1.920600033484393,0.9206000334843929
2.2349945520031227,0.0546273179027203,0.0189926248242022,193556112428.6912,7662.870332941857,0.0108153900409535,8.236535719512549,15.098839525685024,0.65,2.0,0.002,4,8.665008891796788,34.66003556718715,77.9850800261711,138.6401422687486,0.0005134696947386,0.0002030913592226,8.66500889179675,26334.833651782883,8.884496431744525,1.7425071011732307,0.7425071011732307
1.8902938825074411,0.0569762725821307,0.007332551563085,188884784483.1043,7925.30309004683,0.016507079025538,1.0460049748778806,3.612565228820502,0.65,2.0,0.002,4,4.542723142388748,18.17089256955499,40.88450828149873,72.68357027821996,0.001927370311493,0.0009677944432269,4.542723142388698,2549.5095818482832,3.1294237410750596,0.7952422182877975,0.2047577817122025
2.2273898632900377,0.0441722420746941,0.0054629145734835,188904639817.18024,7910.43236578621,0.0161826835437513,8.19534331603968,2.538615685575301,0.65,2.0,0.002,4,2.439958205034145,9.759832820136582,21.95962384530732,39.03933128054633,0.2337616931934166,0.1044662057857901,2.4399582050341375,499.6487771353908,2.1258876927131256,1.0404340862632864,0.04043408626328637
2.0454817862310573,0.0551464883055099,0.0106546742917775,202415955207.22165,7697.606562426599,0.0443698109578699,9.607331639186382,4.666751590314825,0.65,2.0,0.002,4,5.921377032989286,23.685508131957143,53.292393296903576,94.74203252782856,0.0063859951085629,0.0033098471004982,5.92137703298928,6403.015269074227,4.625720320592333,0.7881193114904416,0.21188068850955843
2.3012701441637087,0.0435155304347678,0.0156666556429924,212647730762.81412,7721.319949954623,0.0496773529208163,9.095331760570923,7.55996592714867,0.65,2.0,0.002,4,7.039712893069664,28.158851572278657,63.35741603762699,112.63540628911464,0.0063127725863374,0.003779018236105,7.0397128930696296,11850.027737174942,6.0568906856138405,1.073902592617266,0.07390259261726606
1.6292215260003806,0.033343680558556,0.0103812350335321,186337005722.29608,7614.307125631597,0.0187422605409154,3.444843064094328,14.561823662043452,0.65,2.0,0.002,4,8.77308545593254,35.09234182373016,78.95776910339286,140.36936729492064,0.0006995024131815,0.0002528271080873,8.773085455932504,6523.903832683705,2.147054628100616,1.6598292282900888,0.6598292282900888
2.329945608302582,0.0645475313953965,0.0108042045711004,217526730274.92072,7881.559984768714,0.0082262571850374,5.992644140803416,1.7560249599842035,0.65,2.0,0.002,4,4.741117412211488,18.964469648845952,42.67005670990339,75.85787859538381,0.0021726972837896,0.0011891130564488,4.74111741221147,5682.266080355819,6.403249266033697,0.3703820866071137,0.6296179133928863
1.316037457505452,0.0226383089838721,0.0148895885698095,217340231134.97055,7997.53999372948,0.0433554148690697,8.327003711757296,23.044970476818296,0.65,2.0,0.002,4,20.32204003010752,81.28816012043006,182.8983602709677,325.15264048172025,0.0010292504249409,0.0005125354533325,20.322040030107384,28921.15931013776,1.7738682319116255,1.1339890307605365,0.13398903076053648
1.892204156442438,0.0303226038509768,0.0083709013540081,199055956177.88492,7724.821065980796,0.0131120210885512,1.167727593019266,5.0706841557858375,0.65,2.0,0.002,4,5.381568444834944,21.52627377933977,48.4341160035145,86.1050951173591,0.0076002712742858,0.004285200397167,5.381568444834907,2121.009501996451,1.8550906695518086,0.9422316575110276,0.057768342488972446
1.3593064536298565,0.0519916402342496,0.0158415795194521,183762424361.60605,7993.768963206373,0.0201515291482682,6.459912596493765,7.4428663395608785,0.65,2.0,0.002,4,18.639984116246683,74.55993646498673,167.75985704622013,298.23974585994694,0.000128336529838,6.893145882887727e-05,18.639984116246588,61379.279804386184,4.474772657509829,0.39929574473583834,0.6007042552641617
2.935290763874709,0.0250373345225435,0.0142097026107457,183840971893.32037,7783.540033872211,0.0222230760140024,6.839671659608476,5.603673035345514,0.65,2.0,0.002,4,3.634499041626176,14.537996166504705,32.71049137463558,58.15198466601881,0.0090401309920795,0.0039270173863734,3.634499041626164,2119.4356286745438,4.06416542333241,1.5418006639061577,0.5418006639061577
1.2749888619915932,0.02827694438822,0.0126537295114024,195349578293.77127,7965.265474156222,0.0279919311303013,4.574345206809647,30.629178800295563,0.65,2.0,0.002,4,17.479988010610313,69.91995204244125,157.31989209549283,279.679808169765,0.0001820688747983,5.763294936680018e-05,17.479988010610228,21916.422906276242,1.816885983665186,1.7522425519802343,0.7522425519802343
2.148742340862888,0.0534997332101425,0.0052246340890489,214449681776.07327,7847.98827224657,0.0385111026219265,4.989818950959394,3.5221337847658964,0.65,2.0,0.002,4,2.6822544888534248,10.7290179554137,24.140290399680826,42.9160718216548,0.023382497124452,0.0112801252122856,2.6822544888534177,669.3910257832657,2.3567862048326025,1.3131243882348769,0.31312438823487687
1.9538685741581647,0.0219103808102351,0.0052789905062098,205578755406.9933,7710.161005785179,0.018819291324278,8.089950006611602,1.2960445967653782,0.65,2.0,0.002,4,3.237776242077294,12.951104968309176,29.139986178695644,51.804419873236704,0.0394525131123639,0.0215904310072659,3.2377762420772354,360.5645345135736,0.8712235496456547,0.4002885004597738,0.5997114995402262
1.1050559775895514,0.0238716426491268,0.0065712804062245,213429036936.65594,7817.470849453476,0.0476324684499654,5.426202982993884,16.978695573093166,0.65,2.0,0.002,4,12.749827658775688,50.99931063510275,114.7484489289812,203.997242540411,0.0018607904148319,0.0007441959783288,12.7498276587756,4348.317252503885,0.6775679532955673,1.3316803981587055,0.33168039815870554
2.2747995186798717,0.0776561762293163,0.0114295197500934,218933068962.1706,7867.118894937913,0.0323211287759454,2.447328132809338,1.655083718201786,0.65,2.0,0.002,4,5.283464658080964,21.133858632323857,47.55118192272868,84.53543452929543,0.000505556239745,0.0002874199697625,5.283464658080918,8752.460922557037,7.942053902874648,0.3132572706188882,0.6867427293811118
2.154870563448661,0.0759142150110102,0.019770157234269,185093173686.9476,7822.3468424900275,0.0364613874493702,7.84232259319447,17.43199958058298,0.65,2.0,0.002,4,9.391255733678006,37.565022934712026,84.52130160310206,150.2600917388481,0.0002185428003745,7.447276639199806e-05,9.391255733677975,44042.15500943866,12.64915430214343,1.8561947491292456,0.8561947491292456
2.1218974017176864,0.0525078720257263,0.0102512026731569,210142519254.73407,7985.602263190208,0.0116233994271161,1.5377176370691856,8.063485823680413,0.65,2.0,0.002,4,5.29612761523449,21.18451046093796,47.66514853711042,84.73804184375184,0.0006530052698777,0.0002896166269465,5.296127615234475,5049.843490272039,4.560382799181962,1.5225248350295688,0.5225248350295688
1.4425701113612353,0.0634819219920494,0.009525187319455,202832591472.4977,7636.811899034971,0.0093238933468132,2.020503278120354,6.298197330373398,0.65,2.0,0.002,4,10.696501155425336,42.78600462170135,96.26851039882804,171.14401848680538,0.0002596790013549,0.0001261210926986,10.696501155425228,15044.780005475288,3.3307544748635256,0.5888091104612254,0.4111908895387746
1.7863471310829542,0.0235769497264156,0.0198194955015149,206150135211.8529,7877.20072417295,0.0173567957486742,8.205174250463664,17.33925022585063,0.65,2.0,0.002,4,14.40774428192282,57.63097712769128,129.66969853730538,230.52390851076512,0.001317580558383,0.0005366808225999,14.40774428192281,26942.612591513283,3.287668239955014,1.2034673774440832,0.20346737744408316
2.165288698629075,0.0437061102528734,0.0168033707217504,216526150013.8883,7698.690021391789,0.0381435447965849,6.811921340195942,9.838766425013308,0.65,2.0,0.002,4,8.618680964661472,34.47472385864589,77.56812868195325,137.89889543458355,0.0022420263286079,0.0011075022091298,8.618680964661463,17950.748388765445,6.121265449502702,1.141562898702768,0.14156289870276795
1.8759068078023864,0.0456530364054306,0.0092263335057675,205005888536.1286,7794.445000222114,0.037794250496375,3.62946581457013,2.655431424818198,0.65,2.0,0.002,4,6.097144019736072,24.388576078944286,54.87429617762464,97.55430431577716,0.0013609804976462,0.0007595147506134,6.097144019736037,4519.370241103176,3.0793941312365773,0.43552053489678916,0.5644794651032108
2.663964548405202,0.0506394911028028,0.0144049225991076,185634911868.1912,7609.264069813067,0.0072836856871243,9.048809467162338,8.13191771475642,0.65,2.0,0.002,4,4.546129482663968,18.184517930655872,40.91516534397571,72.73807172262349,0.0027552812509212,0.0012884583928601,4.546129482663953,6032.324587209596,7.393351650032044,1.7887562916468578,0.7887562916468578
2.9328543383266803,0.0443998329899203,0.0067426831807938,180850336266.6016,7764.905927623632,0.0133383568376827,8.363517591881507,3.283438692298632,0.65,2.0,0.002,4,1.7154283406766244,6.861713362706498,15.43885506608962,27.44685345082599,0.0342763442632029,0.0179473000667118,1.7154283406766189,396.0186926566987,3.4088727318744874,1.914063452515621,0.914063452515621
1.8205127549285784,0.0706788535333598,0.0114335918111537,204611019265.64285,7759.156551547334,0.0165210573726376,4.766187853921858,12.024424607808024,0.65,2.0,0.002,4,8.03307344336689,32.13229377346756,72.29766099030202,128.52917509387024,0.000615067965098,0.0002474386735709,8.03307344336685,14540.309017545478,5.707559197544547,1.4968647669637518,0.4968647669637518
2.765047512253059,0.022261381742903,0.0160500450409743,191677740318.05728,7781.055921216999,0.0288952444360223,2.57580543734129,6.489401643167297,0.65,2.0,0.002,4,4.724620011951104,18.898480047804416,42.52158010755994,75.59392019121766,0.0027960886402006,0.0011724322998949,4.724620011951102,3387.138994680333,3.8436117441833577,1.3735287973957935,0.3735287973957935
1.710534240173362,0.0593514972839551,0.0076875803510023,201480384863.46515,7719.644545118516,0.0051766100443853,7.278896046782707,2.654457206631752,0.65,2.0,0.002,4,6.086576883620063,24.346307534480253,54.779191952580575,97.385230137921,0.0026991013134601,0.001500853048392,6.086576883619993,4405.816333697756,3.0124540239653737,0.436116598440635,0.563883401559365
1.6814360843843328,0.0783755278238815,0.0120910414587675,188486194407.02936,7988.292337696471,0.028124680614083,0.823291736232936,3.2552660969219978,0.65,2.0,0.002,4,9.419872742082289,37.67949096832916,84.7788546787406,150.71796387331662,5.2013111693956986e-05,2.846550821899196e-05,9.419872742082214,22294.52965951581,6.364268687294543,0.34557431783334663,0.6544256821666534
2.674766956610851,0.0248471218362686,0.0182311656415715,211900688162.1272,7947.873718282786,0.0364292849560477,6.774115366210251,6.832531336408544,0.65,2.0,0.002,4,5.966401794528868,23.86560717811547,53.697616150759806,95.46242871246189,0.0072866316074294,0.0036582327238588,5.9664017945288474,6766.781733412791,4.815012714778198,1.145167820020759,0.1451678200207589
1.166198723160558,0.0253307266922951,0.0099761923285726,208291635606.8962,7991.3220455431165,0.0055401475878749,9.72617237824693,24.36629696343611,0.65,2.0,0.002,4,16.981480187895794,67.92592075158318,152.83332169106214,271.7036830063327,0.0010682747547292,0.0004295939385629,16.98148018789577,13405.545260830817,1.1775345566148978,1.4348747396474992,0.43487473964749923
2.096135699647995,0.0657824865408965,0.0100506480994313,210663155755.06897,7901.218399502616,0.0246021294839341,0.533279930834353,3.638114410794832,0.65,2.0,0.002,4,5.355891764377504,21.423567057510017,48.203025879397536,85.69426823004007,0.0002794751905109,0.0001419722798682,5.355891764377487,6200.277665006439,5.475046578903279,0.6792733256844836,0.3207266743155164
2.2605511507745963,0.0260293270691034,0.0140415223899266,219042281574.30676,7723.23761960229,0.0050513349265701,9.770237604311472,6.271754508487109,0.65,2.0,0.002,4,6.635582491813699,26.5423299672548,59.720242426323296,106.1693198690192,0.0360950832624603,0.0200993462841014,6.635582491813672,5545.985361842466,3.19051563412985,0.9451701514109095,0.05482984858909046
2.7105331755389823,0.0337164889085028,0.0087575685248017,203669986219.334,7924.054159641229,0.0426104805023924,9.764905992983929,4.308011359749706,0.65,2.0,0.002,4,2.740268656472066,10.961074625888264,24.6624179082486,43.844298503553055,0.0243064003041712,0.0101456453847011,2.7402686564720624,940.0351147027576,3.1710132277168674,1.5721127742620762,0.5721127742620762
2.219770667878195,0.0701364707182292,0.0131211023569021,188948419322.694,7704.666532294364,0.0095378264732481,7.385650463438991,2.3362304592378744,0.65,2.0,0.002,4,5.9796817278072085,23.918726911228838,53.81713555026488,95.67490764491534,0.0013313038623845,0.0007171900840971,5.9796817278072,11108.670004670676,7.869482809456349,0.3906947836995649,0.6093052163004351
1.6383660949227703,0.0591057951842076,0.0180078134395467,190319146901.248,7794.268870922997,0.0059345303583678,9.46536019748761,24.69724636312013,0.65,2.0,0.002,4,15.03217705893501,60.12870823574004,135.2895935304151,240.51483294296017,0.0002215865490488,8.686758768964927e-05,15.032177058934957,60624.87950161923,6.795906367544714,1.6429587189062786,0.6429587189062786
1.2185423320655109,0.0573710579513704,0.0177419272796624,193236831192.57867,7678.057267654394,0.0169259587612528,2.80204389482301,27.315934173941656,0.65,2.0,0.002,4,27.18116623168631,108.72466492674523,244.6304960851768,434.89865970698094,0.000393599765077,0.0002442980473949,27.181166231686287,138883.7824284424,4.761629782384297,1.0049581368623641,0.004958136862364126
2.59933017356616,0.0754137667389734,0.0151251880189661,215094850826.66608,7802.818012926823,0.0105871385723986,7.124618450391811,6.8360655550888,0.65,2.0,0.002,4,5.329621994637218,21.318487978548877,47.96659795173497,85.2739519141955,0.0026863695933244,0.0012128162838525,5.329621994637205,12971.401367604512,11.567362498395225,1.2826548603198153,0.28265486031981535
1.55779382927724,0.0523283080107078,0.0060452196151164,181676568910.4681,7780.894894003959,0.0148135437514952,0.1714440946123436,7.766410084886697,0.65,2.0,0.002,4,5.45828318369618,21.83313273478472,49.12454865326562,87.33253093913888,0.0001482773420505,6.36464221007274e-05,5.458283183696149,2254.9149804341682,1.9171597722585054,1.4228668289114985,0.4228668289114985
1.1897240602223766,0.0259045756472028,0.0141633466609062,201034609238.5005,7782.185320069257,0.0361364664021088,0.2665787564232391,15.86100409559262,0.65,2.0,0.002,4,23.06148559633668,92.24594238534672,207.5533703670301,368.9837695413869,1.3684554114475903e-05,6.799923007282631e-06,23.0614855963366,35661.07927740028,1.698479012770256,0.6877702665483181,0.3122297334516819
2.250728832463651,0.0527194695207301,0.00714654640953,194517086712.6725,7912.517101895573,0.0145664633299598,9.632287416935334,2.3213196219376826,0.65,2.0,0.002,4,3.171762579209129,12.687050316836515,28.54586321288216,50.74820126734606,0.0320387854130879,0.0163706432868849,3.1717625792091155,1332.4047400314107,3.3548653212359674,0.7318705495656953,0.2681294504343047
2.44241654554775,0.0593244679750739,0.0155313876800088,215559967818.0616,7782.518090524164,0.0351284516801449,4.470928754102696,8.379143609504151,0.65,2.0,0.002,4,6.213324462605678,24.853297850422717,55.919920163451096,99.41319140169084,0.0011220401629703,0.0004577511385829,6.213324462605675,13346.327947815984,8.756972562196987,1.3485765406157784,0.34857654061577836
2.130135566508426,0.0247440302878164,0.0065435446133545,218740028881.17664,7871.693965099388,0.0388611103250218,6.79006120108686,1.803924249571424,0.65,2.0,0.002,4,3.447131619636837,13.788526478547348,31.024184576731532,55.154105914189394,0.0225716809592545,0.0127763058272455,3.4471316196368167,636.8020087512333,1.3574659842858203,0.5233116830512791,0.47668831694872094
1.655615441387972,0.0501507229601087,0.0112661492954425,190294892522.20584,7801.071729918427,0.0118310779885474,3.5841064359273647,11.215538300368262,0.65,2.0,0.002,4,9.204967298334951,36.819869193339805,82.84470568501456,147.27947677335922,0.0011538446530895,0.0004921644898649,9.204967298334873,12205.081410706327,3.648685610761595,1.2184223948733734,0.21842239487337345
2.010181073676005,0.0795198794560969,0.008303279442259,209758821959.4377,7907.802626171937,0.0423885115479176,6.8824534054766495,2.606099769614772,0.65,2.0,0.002,4,4.798889565637468,19.195558262549877,43.190006090737214,76.7822330501995,0.0030876316808425,0.0016772541320642,4.798889565637427,4771.199987732698,5.247909925267223,0.5430630844843393,0.45693691551566074
2.3332095344423927,0.064392434289976,0.0162459697541947,215429805971.7928,7739.728670094422,0.0344066610250359,2.874875272808873,9.068545527447744,0.65,2.0,0.002,4,7.139329668674691,28.557318674698763,64.25396701807222,114.22927469879504,0.000603139103246,0.0002555413993764,7.139329668674681,19006.606194621625,9.44560905579562,1.270223669210557,0.27022366921055707
2.334878425619765,0.0258581792966537,0.0190562047915818,217496333593.60077,7807.760325670445,0.0279313040329315,6.384601059355672,10.407910789615377,0.65,2.0,0.002,4,8.365653151252294,33.46261260500918,75.29087836127066,133.8504504200367,0.0023124766016967,0.0009775792844941,8.365653151252278,12409.507594902962,4.491538263938027,1.2441241109855705,0.24412411098557052
2.6045491309442235,0.0691142765110745,0.0181944478850132,184551277243.6772,7717.055750761989,0.0489251090279123,5.493283983643552,3.078642963112968,0.65,2.0,0.002,4,5.947517598187039,23.79007039274816,53.52765838368335,95.16028157099262,0.0007692267097781,0.000447236404133,5.947517598187029,17647.860087204237,12.637490548454842,0.5176349480750465,0.4823650519249535
2.168785877490376,0.0273825947684594,0.0089828745484035,194129063530.65247,7994.424019148261,0.0243779755061686,2.37832648409881,5.229760728300268,0.65,2.0,0.002,4,4.267395800700897,17.06958320280359,38.40656220630808,68.27833281121436,0.0070642661009557,0.0033189973691887,4.267395800700867,1533.0255103961213,2.1323760402483365,1.2255157413430797,0.22551574134307972
2.1675410634666643,0.0690057128821397,0.0092910617680194,186909418360.05573,7961.863488649014,0.0395566839730745,4.536004187419275,7.946724985382384,0.65,2.0,0.002,4,4.344783727075535,17.37913490830214,39.10305354367982,69.51653963320857,0.0014086583219567,0.0005398998960622,4.3447837270755345,4122.859380383087,5.532258431532647,1.8290265947785873,0.8290265947785873
1.771721952213589,0.0227850845474783,0.0186428188445773,199847043691.3891,7782.026972420604,0.0281825369156352,7.962129729330584,8.243727307361892,0.65,2.0,0.002,4,13.647471599369478,54.58988639747791,122.82724439432532,218.35954558991165,0.0008662336698186,0.0004203695611267,13.647471599369478,21532.014389013475,2.928333435345932,0.604047954768615,0.39595204523138505
1.3528292089916785,0.067765967542507,0.0189216238042138,207522174106.53003,7643.730515724346,0.0196943609227304,0.9480915504551868,31.344227348055536,0.65,2.0,0.002,4,24.427627300688787,97.71050920275516,219.8486457061991,390.8420368110206,1.45042056474195e-05,5.411448305608508e-06,24.427627300688727,156174.70616319412,6.629616250154976,1.2831466176484443,0.2831466176484443
1.206244714270104,0.0780176829137287,0.0086450293174334,218663647114.2952,7872.463831879161,0.0185220995822901,3.89890595501044,22.69950790115388,0.65,2.0,0.002,4,14.19900246389482,56.796009855579285,127.7910221750534,227.18403942231717,0.0001643765437995,5.60093073715158e-05,14.19900246389467,25488.89602665466,3.2024003158346788,1.5986691993944193,0.5986691993944193
2.127215862085588,0.0431188252308578,0.0152026361550529,218502169324.8169,7863.944784280206,0.0237813302697169,5.469403782589072,14.80057786305929,0.65,2.0,0.002,4,8.030316803499518,32.121267213998074,72.27285123149566,128.4850688559923,0.0005016422512545,0.0001818098820585,8.030316803499465,13958.313198136377,5.482868680180436,1.843087667053119,0.8430876670531191
1.5171797420981905,0.0691843124169415,0.0050459165729613,204787094485.4287,7973.902860418311,0.0404536978415241,8.550978502258857,4.606844395030334,0.65,2.0,0.002,4,5.037453742390668,20.149814969562676,45.33708368151601,80.59925987825069,0.0237827274549142,0.0139230627987024,5.037453742390571,2115.473328424252,2.111668177155257,0.9145184513087187,0.08548154869128133
1.641290864911577,0.0210347746222327,0.0181403066280166,182820722378.43332,7692.881761178093,0.0294158496191436,8.18369212867718,23.925454905112154,0.65,2.0,0.002,4,14.885758013428502,59.54303205371401,133.97182212085653,238.17212821485603,0.0005403337490586,0.0001792914154696,14.885758013428438,21073.11547878691,2.4089462004694937,1.6072715197660077,0.6072715197660077
2.2130642008158894,0.0626215515213697,0.0157037991486112,219712318290.8178,7736.615304880649,0.0123285448059216,5.239755625651783,8.986681722791989,0.65,2.0,0.002,4,7.748143617712818,30.992574470851277,69.73329255941537,123.9702978834051,0.0018135698150388,0.0008215639162469,7.74814361771279,19952.560499323943,8.418671730987803,1.1598496576970792,0.15984965769707915
2.7796625413139724,0.0385099948638475,0.0169917740742091,217608622797.54968,7857.550752295728,0.0123919052830319,2.6825156938786225,7.472697940850185,0.65,2.0,0.002,4,5.247812173308077,20.991248693232308,47.23030955977269,83.96499477292923,0.001210350642571,0.0005277731878067,5.247812173308056,7769.226116363701,7.145974455592946,1.4239644434796208,0.4239644434796208
1.6321027662400889,0.048666036963762,0.0107321131238195,203421520481.65277,7852.456479843348,0.0498264671057546,6.190177723811704,14.15555014978814,0.65,2.0,0.002,4,9.298548766184918,37.19419506473968,83.68693889566427,148.7767802589587,0.0008008501761917,0.0002930651639832,9.2985487661849,11424.161911316056,3.3468347281114545,1.5223397226528734,0.5223397226528734
1.0937716429878548,0.0568718295585908,0.0157516650280857,192237572246.92075,7957.144553968373,0.025564677865237,1.7283367733242725,51.00070877568108,0.65,2.0,0.002,4,29.345594686352808,117.38237874541124,264.1103521771753,469.5295149816449,9.974920967880254e-06,3.0492622176223518e-06,29.345594686352698,132532.73049415482,3.8983208354038674,1.7379340688365466,0.7379340688365466
1.7583943588008009,0.0504492737501481,0.0171387834691595,206043806137.9993,7934.350410428047,0.0088918809013055,6.119896738742579,16.422740453101515,0.65,2.0,0.002,4,12.80857382996922,51.23429531987688,115.277164469723,204.9371812795075,0.0005240672017405,0.0002120221727186,12.808573829969163,39065.54270424777,6.031600567178872,1.2821677628680268,0.2821677628680268
2.054184894938195,0.0304695165214447,0.010940828040175,205037432180.38828,7989.290269923534,0.0347815424685384,0.2603321060908297,8.749617354357742,0.65,2.0,0.002,4,5.956112063013088,23.824448252052356,53.6050085671178,95.2977930082094,0.0001416214938028,5.723202009040024e-05,5.956112063013087,3831.0599557368228,2.7354796693149663,1.469014897938551,0.4690148979385509
2.426428054379812,0.0382610233003844,0.0190196103193254,186772564976.71725,7933.244203893639,0.0484973742139907,4.96825164704265,12.637347933348146,0.65,2.0,0.002,4,7.107668454008391,28.430673816033565,63.96901608607553,113.72269526413426,0.0005397730237356,0.0001867253397066,7.107668454008358,13968.845098921836,7.00400491135813,1.7779878190887384,0.7779878190887384
1.4246767239672056,0.0250540921168147,0.0087885704284721,207894532535.3972,7850.492346846211,0.032897567308559,8.595890156298655,6.618612593617328,0.65,2.0,0.002,4,10.10387396229703,40.41549584918812,90.93486566067328,161.66198339675248,0.003563296917885,0.0017671203919668,10.103873962297016,4962.673598308903,1.2313460883168434,0.6550569235438733,0.34494307645612665
2.470696390524691,0.0546883882512464,0.0149122086979305,183882402112.5118,7923.458937462089,0.0162548042802171,9.56651838100082,3.2897289056210712,0.65,2.0,0.002,4,5.336360292562115,21.34544117024846,48.02724263305904,85.38176468099384,0.0037021399393457,0.0018148478147151,5.336360292562082,8974.10855409742,7.982543502282501,0.6164742868292375,0.38352571317076245
2.870061478220938,0.0642645417954232,0.0158728028312126,192184512043.38983,7776.766714868669,0.0385505903311964,7.247882775151115,6.281524133516811,0.65,2.0,0.002,4,4.343703105325491,17.374812421301964,39.09332794792942,69.49924968520786,0.0026080949704635,0.0010954117625165,4.3437031053254715,8479.40376425002,11.383749021260309,1.4461218875239263,0.44612188752392634
1.444261876030707,0.0284433718419408,0.009807515435808,214756666673.56616,7922.090303803507,0.009574436017072,0.969304271575572,12.069910735012106,0.65,2.0,0.002,4,11.100685344282413,44.40274137712965,99.90616809854173,177.61096550851858,0.000991345446334,0.0004687439583994,11.100685344282342,7763.45680972366,1.595863785665823,1.0873122118742864,0.0873122118742864
1.3110242926207127,0.0641139299776578,0.0085068515976398,187506677564.4149,7707.036590343814,0.0310224401654892,2.9966356500657025,3.0272051589616438,0.65,2.0,0.002,4,11.06983866563454,44.27935466253816,99.62854799071089,177.11741865015264,0.000217438500725,0.0001276073109335,11.069838665634471,13330.04878759724,2.7554302338161367,0.27346425276814446,0.7265357472318555
1.5217554702105138,0.0373711250386903,0.0065655263548837,184594653246.87985,7667.121211803779,0.0376073951366302,8.081041197956385,3.3236977269683936,0.65,2.0,0.002,4,6.30815642419091,25.23262569676364,56.773407817718194,100.93050278705456,0.0055324664230833,0.0030777032459687,6.308156424190851,2248.6277771479845,1.4313733477264676,0.526888920227549,0.47311107977245104
1.796128742604571,0.0262116373469122,0.0084395146259601,199414146349.8581,7694.218627361154,0.0346587193048273,3.7363531833359778,9.778647507482788,0.65,2.0,0.002,4,6.039034620969796,24.156138483879182,54.35131158872815,96.62455393551672,0.002516162001353,0.000918512331181,6.039034620969764,2200.7888936185955,1.5285639407787772,1.6192401801320535,0.6192401801320535
1.2475664388217982,0.040184652469364,0.0175390395722986,216879279645.2904,7902.437368821149,0.0267039019197796,2.586110409701086,30.652115266014352,0.65,2.0,0.002,4,26.769249496539203,107.0769979861568,240.92324546885283,428.3079919446273,9.680881387156792e-05,4.289161489453751e-05,26.76924949653907,98286.28100008138,3.4742476682141223,1.145049481868264,0.14504948186826394
2.2358296029129843,0.023168358954396,0.0113425044586207,188911149997.27823,7679.828264760422,0.0344732849882244,0.2129589533289617,9.921710337006228,0.65,2.0,0.002,4,5.102862313593458,20.41144925437383,45.92576082234112,81.64579701749533,0.0001013170215858,4.0318093312693526e-05,5.102862313593441,2319.2730633228553,2.2561316951868657,1.9443421607861,0.9443421607861
2.914303976697437,0.0250360528756605,0.0142572733942995,196290542765.45557,7738.9312926350685,0.0327872351383989,2.867416171835101,1.014212914592011,0.65,2.0,0.002,4,3.8335861403873,15.3343445615492,34.5022752634857,61.3373782461968,0.0025833859704202,0.0015468488369105,3.8335861403872977,2335.3843801246626,4.025206653780379,0.26455983443469655,0.7354401655653034
2.1322102414463147,0.0537802330348543,0.0129626084118806,200220348920.60168,7606.894587903972,0.0071353035205861,5.160949425291001,12.887691559948822,0.65,2.0,0.002,4,6.633030792924413,26.53212317169765,59.69727713631973,106.1284926867906,0.000610926184613,0.0002905828461013,6.633030792924395,9819.882073776776,5.653566550304131,1.942956690883512,0.9429566908835121
2.460427470289748,0.076978123290605,0.0164905010990061,215087014655.15668,7807.834423028668,0.042454368689789,1.910741521468156,2.094216239426708,0.65,2.0,0.002,4,6.483115678677643,25.93246271471057,58.34804110809879,103.72985085884228,0.0001856003923605,0.0001039177811523,6.483115678677602,20232.037275190578,12.193049534137256,0.32302620271213134,0.6769737972878687
2.8578600342527185,0.0352863454458522,0.007136871084264,206532611174.908,7806.343775194448,0.028542558233497,9.253729866983855,2.682437576010312,0.65,2.0,0.002,4,2.0381008840057357,8.152403536022941,18.34290795605161,32.609614144091765,0.0869604218523964,0.0413649751925174,2.0381008840057215,460.66398177757407,2.8091385891771052,1.316145631975881,0.3161456319758811
1.57289245376411,0.0754885057587216,0.0053728923707938,202207921693.073,7853.590044672434,0.0097653831687838,1.4893620109327352,4.769110275727658,0.65,2.0,0.002,4,4.996941973533446,19.987767894133786,44.97247776180102,79.95107157653514,0.0088780184057283,0.0046022367668827,4.996941973533405,2469.417830863478,2.505106711292922,0.9544057747693548,0.04559422523064516
2.011840026849729,0.0498994294473254,0.0133819037558625,187440174813.3097,7658.865553074378,0.0354809583101798,4.018091418067125,5.353594511490481,0.65,2.0,0.002,4,7.416677322167231,29.666709288668923,66.75009589950508,118.66683715467568,0.0012654277487938,0.0006210345283928,7.416677322167219,11171.715885794643,5.144478737272913,0.7218319307878576,0.27816806921214243
2.8515859773224665,0.0795601616869634,0.0112510647587852,201569187028.8297,7668.220403045492,0.0362288915257369,8.389967186639852,5.2676178600716055,0.65,2.0,0.002,4,3.216730790804529,12.866923163218118,28.95057711724076,51.46769265287247,0.0047901559354798,0.0019331284611122,3.2167307908045246,3997.8777731219166,9.78679166073733,1.6375687623999586,0.6375687623999586
2.218560145281086,0.0639668023530993,0.0089128221209873,218546242212.3969,7667.054901582959,0.041052050751893,8.775470384597396,2.225225230148446,0.65,2.0,0.002,4,4.383888142638367,17.535552570553467,39.4549932837453,70.14221028221387,0.0049301476330455,0.0029370287058641,4.383888142638329,3678.902941200842,4.848860220619406,0.507591698908917,0.492408301091083
2.776162599011722,0.0706314439509825,0.0112163496929644,205990133058.86627,7793.294103144693,0.0103082659889059,8.23464110805012,4.35350796925743,0.65,2.0,0.002,4,3.3927641691991206,13.571056676796482,30.534877522792087,54.28422670718593,0.0110425758983253,0.0053423969362939,3.3927641691991157,3894.5086926958656,8.570094188230552,1.283174353460914,0.2831743534609139
1.981862020472121,0.0517706458958097,0.0096146982115324,209536784842.78757,7876.829174493502,0.039236496269956,6.098612650930841,5.8871380471061725,0.65,2.0,0.002,4,5.72496064035317,22.89984256141268,51.52464576317853,91.59937024565072,0.0142268988011357,0.0081607645278955,5.7249606403531255,5027.115158562078,3.8852063225320026,1.028328126067788,0.028328126067787895
1.0928480895552444,0.051487709020005,0.0142248164442446,187926849184.89743,7958.29233530606,0.0135543097286768,8.85669837493008,41.29287423765241,0.65,2.0,0.002,4,26.24465102197666,104.97860408790665,236.20185919779,419.9144163516266,0.0001041433563945,3.4316410515298995e-05,26.24465102197652,86604.66184145598,3.184930274048514,1.5733824847994717,0.5733824847994717
1.60263277315107,0.0635475647074132,0.0198403104962589,195176705654.735,7850.975163974265,0.0167374669741378,2.129777988102369,8.181113346440112,0.65,2.0,0.002,4,17.464729726743894,69.85891890697557,157.18256754069503,279.4356756279023,3.4619057363818314e-05,1.8657301921076645e-05,17.46472972674381,95512.11871623503,7.931859339034313,0.46843629843938217,0.5315637015606178
2.761545072345727,0.0300370658153538,0.0113286993829157,182594545376.26776,7882.15771570531,0.0171632851556596,4.311704257982969,5.821034408882017,0.65,2.0,0.002,4,3.2420997623675887,12.968399049470356,29.1788978613083,51.87359619788142,0.0051397445054001,0.0022943213410638,3.242099762367585,1536.799833834057,3.7034357916486162,1.795451971111195,0.7954519711111949
1.354413540619828,0.0289352250407905,0.0054187331760657,208888492121.81137,7730.189818344729,0.012584134005894,5.171213328203672,5.446335590151289,0.65,2.0,0.002,4,6.962843355062853,27.851373420251413,62.66559019556568,111.40549368100564,0.0107560586244171,0.0051247319187768,6.962843355062752,1570.9742512060445,0.8207976048324391,0.7821999307497282,0.21780006925027184
1.2822044481168635,0.0577026874797035,0.0093911994860716,205780083880.7196,7928.233281171812,0.0084591729944395,8.460491818470048,3.5320136851643547,0.65,2.0,0.002,4,13.196210095212145,52.78484038084857,118.76589085690928,211.13936152339429,0.0004265995980619,0.0002490932335505,13.196210095212054,18935.596461801142,2.754360683241969,0.26765364143799636,0.7323463585620036
1.6837670833000398,0.0433035901689222,0.0051667656561809,215450426724.8634,7990.938718979476,0.0438123286137262,0.1568485131369924,6.657893659838618,0.65,2.0,0.002,4,4.29100249696682,17.16400998786728,38.61902247270139,68.65603995146913,0.0002136314187601,8.430504202631351e-05,4.291002496966779,1094.1320976977584,1.5051940315040078,1.5515939840503346,0.5515939840503346
2.433245513454626,0.0655991006897691,0.013623035630416,214517054998.19315,7716.42014098026,0.0446727749559288,7.321163550033111,9.009522826370809,0.65,2.0,0.002,4,5.501159842398999,22.004639369596,49.51043858159099,88.01855747838398,0.001389227805567,0.000504894687985,5.501159842398994,10023.325741673614,8.389644906912435,1.6377496899711712,0.6377496899711712
1.278277240364453,0.040238882250915,0.0128804257135543,180171435786.6953,7876.9478687979,0.0480597090551459,2.572811347774014,3.689729694236461,0.65,2.0,0.002,4,17.095166795785666,68.38066718314266,153.856501162071,273.52266873257065,6.822478161188595e-05,4.618861940329123e-05,17.095166795785527,30104.788428282456,2.6093309022810938,0.21583467060093794,0.784165329399062
2.644437665476391,0.0331161619158265,0.0073728000772783,180040863100.70456,7842.601275669252,0.0196537935202625,6.734537989893397,3.303641902775491,0.65,2.0,0.002,4,2.2906066556625917,9.162426622650363,20.61545990096332,36.64970649060146,0.0395449541838332,0.0187662712114996,2.2906066556625815,524.4410793935057,2.531838090040667,1.442256309964261,0.4422563099642609
1.032550365330945,0.0664399293256789,0.0053398751143376,192171593139.05463,7951.865255271825,0.0360686377254704,1.8027671158248189,12.095996914419244,0.65,2.0,0.002,4,11.164723033759286,44.65889213503714,100.48250730383356,178.63556854014857,0.0010215488191635,0.0005618797365029,11.164723033759227,7167.474685643245,1.456500115092741,1.083412179401503,0.08341217940150303
1.6952282984361524,0.0204388909578145,0.0167836300686947,183974608491.91516,7784.187174255348,0.0428066427644248,2.5183929457401284,11.373398758084145,0.65,2.0,0.002,4,12.874520832373474,51.498083329493895,115.87068749136128,205.9923333179756,0.0009127628406152,0.0005025753255942,12.874520832373426,14810.733880143052,2.2633655077935457,0.883403654875088,0.11659634512491202
2.89236765050481,0.0351714706488589,0.0111401942389545,211128956986.04303,7745.736669050426,0.0448974903397153,2.5064191374557843,0.8083708977869953,0.65,2.0,0.002,4,3.1525179139465456,12.610071655786182,28.372661225518907,50.44028662314473,0.002949093759193,0.0017755367966788,3.152517913946521,1722.044549025515,4.389039804225046,0.25642071507692893,0.7435792849230711
1.0740472476816705,0.0290357950226339,0.005185351181934,202215391738.23627,7840.034292722948,0.0288963812466276,4.201263390171774,11.927691796040609,0.65,2.0,0.002,4,10.351630915864002,41.40652366345601,93.16467824277602,165.62609465382403,0.0047174295586552,0.0021732212388068,10.351630915863883,2681.640427928126,0.6339036459976816,1.1522524221532484,0.1522524221532484
2.365276236739507,0.0228704987617412,0.0067667504323467,187250272778.14917,7670.714773656755,0.0429308006915923,4.005647158416971,2.9292062163428154,0.65,2.0,0.002,4,2.709810920037333,10.839243680149334,24.38829828033601,43.356974720597336,0.0859126482382996,0.0481431589830566,2.7098109200373206,406.9876364058708,1.4039236899994483,1.080963322821975,0.08096332282197505
2.318571722838701,0.0263046955369261,0.0054033446046538,192771609697.83484,7676.743889493217,0.0494897924934537,3.099663376110452,1.3697112714501776,0.65,2.0,0.002,4,2.283935637769481,9.135742551077923,20.555420739925328,36.54297020431169,0.0341566826275974,0.0182118870097914,2.2839356377694626,260.4899640203722,1.26492139034244,0.5997153548459295,0.4002846451540705
1.303625909385028,0.0294265265909486,0.0165374608374698,187495576968.4976,7793.639319256867,0.0486675211845451,7.6123051088965825,25.64584293697589,0.65,2.0,0.002,4,21.643000916948267,86.57200366779307,194.7870082525344,346.2880146711723,0.0004548635278763,0.0002118175633114,21.64300091694825,45715.746373184564,2.472128959966959,1.184948567686521,0.18494856768652101
1.1296554445999814,0.0532437511672593,0.0125377450920248,181508954488.83395,7634.780794129653,0.0059827515807592,3.010748544415819,6.436780640012521,0.65,2.0,0.002,4,21.722381244386693,86.88952497754677,195.50143119948024,347.5580999101871,5.028295182887033e-05,2.8311525362523037e-05,21.722381244386575,53625.98191964886,2.8787281687811634,0.2963202131292992,0.7036797868707008
1.6837211124961775,0.0460933186316979,0.006196045899042,210840464905.61523,7644.587743571457,0.020166194855315,5.945296325048245,6.0173385684543925,0.65,2.0,0.002,4,5.204793609358332,20.81917443743333,46.843142484225,83.27669774973332,0.0151133147597532,0.0073127313899616,5.204793609358298,1965.6835251905864,1.8380056228827413,1.156114731933871,0.15611473193387093
2.1325113476255724,0.0493601590700471,0.0068125669214339,210130687581.92743,7964.596405621231,0.0491308166922151,2.0964092607687594,6.476218584783917,0.65,2.0,0.002,4,3.4891543990135814,13.956617596054326,31.40238959112224,55.8264703842173,0.0017939156590844,0.0007134382521464,3.4891543990135347,1372.5006955427202,2.855699205462433,1.8560997434263427,0.8560997434263427
1.0238131839984166,0.0361329715175074,0.0129662852550798,199045839537.21832,7976.066130767825,0.0429645866565759,7.540866009163751,31.533310867042765,0.65,2.0,0.002,4,28.02112511480884,112.08450045923534,252.19012603327957,448.3380018369414,0.0003706442434423,0.0001867401903014,28.021125114808804,59296.57294307048,1.912928416877694,1.1253406398866481,0.12534063988664812
2.4519979142961,0.0266315713650988,0.0199919916561003,217675589057.9492,7958.636785144767,0.0330030110274083,5.27563418018991,9.189014397214882,0.65,2.0,0.002,4,7.885525577464822,31.54210230985929,70.96973019718341,126.16840923943715,0.0025892324566316,0.0012129473099619,7.885525577464808,12752.715348935513,5.194953203604965,1.165301450987005,0.165301450987005
2.942909414121893,0.0361516807346151,0.0085879334013731,191651472417.81876,7868.362915728659,0.0154643456895762,0.9753324987670572,4.349225438301755,0.65,2.0,0.002,4,2.219105868976555,8.87642347590622,19.971952820789,35.50569390362488,0.002077790739166,0.0010875912676495,2.21910586897654,698.8182254705886,3.594582389375482,1.9598999304650724,0.9598999304650724
1.6096288215453094,0.0482886357211515,0.0050067428911138,216838127499.029,7639.639436304042,0.0357111770308777,6.325768223908634,7.732276514410045,0.65,2.0,0.002,4,4.668361270833127,18.673445083332503,42.01525143749814,74.69378033333003,0.0062093278038933,0.0023372222034754,4.668361270833097,1278.961534891255,1.4865134105178897,1.6563149391885374,0.6563149391885374
2.0989282606746635,0.0558360675308208,0.0196030218939461,214210821436.85764,7931.133276722576,0.0423666564856737,7.953998700109011,14.917041217717651,0.65,2.0,0.002,4,10.486007600421797,41.94403040168719,94.37406840379616,167.77612160674877,0.0004695495379475,0.000178577362134,10.486007600421773,39547.65794256712,9.110468191193812,1.4225663175294332,0.4225663175294332
1.2035975712611722,0.0349726283336563,0.0139176120437307,182454111493.63297,7820.033858940575,0.0313021146107304,2.9805750951715493,15.31120345934178,0.65,2.0,0.002,4,21.042817338995118,84.17126935598046,189.38535605095603,336.6850774239218,0.0001617922548889,7.695814801966805e-05,21.042817338995032,40042.431994846826,2.2906194248671152,0.7276213642252247,0.2723786357747753
1.6690115198813416,0.0734467571886017,0.015795318215969,217141125434.08957,7963.120821104984,0.0495963412261731,1.40359984516786,21.923464950306236,0.65,2.0,0.002,4,13.42667123107661,53.70668492430644,120.8400410796895,214.82673969722572,3.314464736256978e-05,1.1027820996406324e-05,13.426671231076554,54866.85860631669,7.709276976094094,1.632829505764878,0.6328295057648781
2.95609149157596,0.0484926101885422,0.0069638196821974,182068859666.65564,7978.16662897598,0.0169614235973779,5.090232674989054,0.6270882918779009,0.65,2.0,0.002,4,1.7262643950588688,6.905057580235475,15.536379555529818,27.6202303209419,0.027870915560261,0.0151442268912646,1.7262643950588474,468.47715730798996,3.9821173739590607,0.363263178961948,0.636736821038052
2.5945243845444548,0.0781876224650431,0.0065114228168205,203687149740.2268,7702.860189612311,0.0294323767597583,3.272503367078206,1.6019514292478496,0.65,2.0,0.002,4,2.2555135754704367,9.022054301881749,20.29962217923393,36.08821720752699,0.0143222493106731,0.0070922665251849,2.255513575470404,1021.7492041829613,5.087374170507679,0.7102379904380539,0.2897620095619461
1.0639703875594742,0.0456386227111426,0.0093239803025736,212967413359.88623,7871.031205032522,0.0326486400071085,9.322431009407284,6.99308804433301,0.65,2.0,0.002,4,19.427292574070893,77.70917029628357,174.84563316663807,310.8366811851343,0.0003170681265814,0.0001726627686875,19.42729257407073,26549.072565659197,1.7818250346111628,0.35996204914659924,0.6400379508534008
1.5856642680608637,0.0654223970567067,0.0192329383226415,202970924602.711,7794.163576804021,0.0387557229015618,1.0611923849415912,17.183284355373786,0.65,2.0,0.002,4,17.70046070921904,70.80184283687616,159.30414638297134,283.20737134750465,0.0001075761308443,7.039721943133664e-05,17.700460709218977,96172.68233529301,7.7754019935498,0.9707817574727968,0.029218242527203175
1.9932780461323905,0.0609701521718853,0.0085573072569428,182549419502.9952,7942.044576194137,0.0323267765314755,1.7322833021281816,3.448413483213897,0.65,2.0,0.002,4,4.68225089108148,18.72900356432592,42.14025801973333,74.91601425730369,0.0017885281569901,0.0008959184560685,4.682250891081429,3574.3223083553976,4.129758093961588,0.7364862677013532,0.26351373229864683
1.2159444333698022,0.0240412724998397,0.0105101912125744,198915464087.67645,7697.831259779695,0.0207354877644789,0.1619743368353203,13.632155831864653,0.65,2.0,0.002,4,16.385605469460096,65.54242187784038,147.4704492251409,262.1696875113616,4.508589416341017e-05,2.107866507715773e-05,16.38560546946009,12534.43933222465,1.182551840676752,0.8319592374705111,0.16804076252948885
2.2474274727456844,0.0561888759949583,0.0154743482812277,186267402824.5633,7618.377745597591,0.0405864409877804,2.249811132115438,5.276914280677261,0.65,2.0,0.002,4,6.869220047179367,27.476880188717463,61.82298042461431,109.90752075486986,0.0007106007572695,0.0003635277473071,6.869220047179329,13866.137370012426,7.44356361383541,0.7681970070014122,0.23180299299858775
1.6861633670921288,0.0229572647831432,0.0095350804302874,216223404078.00528,7764.45572807039,0.0439099402113991,5.135727500875637,9.072853914081117,0.65,2.0,0.002,4,8.025094522646974,32.100378090587895,72.22585070382276,128.40151236235158,0.0065400242511083,0.0033802878481909,8.025094522646908,3643.218559268941,1.4329306629835856,1.1305603801272894,0.13056038012728943
1.9423766588935485,0.0258991984337009,0.0095112651672502,200078724791.3818,7605.477838968472,0.0163588762873122,3.4256439244939823,6.06742630713141,0.65,2.0,0.002,4,5.863242344966246,23.452969379864985,52.76918110469622,93.81187751945994,0.0247822277642202,0.0132149671098796,5.863242344966197,2469.3917909598304,1.8195105283993143,1.0348244111622835,0.03482441116228352
1.001115703865974,0.0471844085663212,0.0161903588688923,197482606658.48215,7807.202159665368,0.0250527153004484,5.315362371220788,58.80178806777485,0.65,2.0,0.002,4,36.841210744183776,147.3648429767351,331.570896697654,589.4593719069404,2.8454914148084696e-05,9.074392922215772e-06,36.84121074418367,159967.6702409224,2.9854148888419503,1.5960872859494235,0.5960872859494235
1.2612905120514046,0.0438484450214388,0.011174835426946,187508636897.9904,7902.522845788381,0.0194630306064114,5.9309741766293005,17.50644617792463,0.65,2.0,0.002,4,15.51557556150296,62.06230224601184,139.64018005352665,248.24920898404736,0.0011271048176521,0.0005022611404202,15.515575561502901,23208.215261200825,2.4420031841957517,1.128314325725786,0.12831432572578594
1.8588671660188976,0.0697411473064688,0.0099577299290115,180382517689.13257,7864.024280848588,0.0140028381883923,5.474068107677236,1.4193198196240475,0.65,2.0,0.002,4,6.258462925399417,25.03385170159767,56.32616632859476,100.13540680639068,0.000904653056223,0.0005609069831498,6.258462925399403,7848.880948588177,5.075895089535774,0.22678409004611452,0.7732159099538854
2.017645206621653,0.0575862475034238,0.0179871590017706,216836673296.7126,7877.379136087403,0.0120376090883093,8.900279722255714,5.972056943159039,0.65,2.0,0.002,4,10.511815299598338,42.04726119839335,94.60633769638504,168.1890447935734,0.0006264961349687,0.0003101402112327,10.511815299598336,35908.15453121154,8.231479595506245,0.5681280324043779,0.4318719675956221
2.7755233514277746,0.057809118156463,0.0128146344913366,197143716730.03665,7785.760650526877,0.0144174806407377,8.247065184211662,2.1145185311410013,0.65,2.0,0.002,4,3.795654309717845,15.18261723887138,34.16088878746061,60.73046895548552,0.0060375048218305,0.0031082363477546,3.7956543097178446,4552.516695941126,8.00421059000715,0.5570893339067506,0.44291066609324936
1.3956333737405395,0.070568203215311,0.0194639625873139,198659362624.00665,7973.2955023538625,0.0499097541975477,4.913339534599624,34.01378399843263,0.65,2.0,0.002,4,22.61795895850689,90.47183583402754,203.561630626562,361.8873433361102,4.0745437226285386e-05,1.456964083112369e-05,22.61795895850685,154342.69933070295,7.642219922566654,1.503839672749945,0.503839672749945
2.6908880155233987,0.0366179779971114,0.0141535361086307,182907792299.264,7603.780821202315,0.0443614048358505,3.0160230255275846,4.354707728867429,0.65,2.0,0.002,4,4.347146450076755,17.38858580030702,39.1243180506908,69.55434320122808,0.0118743926212463,0.0062670061225501,4.347146450076727,3955.6951473562854,5.3021808306667575,1.0017393660134382,0.0017393660134381594
1.6729136769997843,0.0410923203783763,0.019267647282345,195809804125.7729,7842.45295853517,0.0285279434224942,8.774595978345472,13.484102243165667,0.65,2.0,0.002,4,15.599193065180518,62.39677226072208,140.39273758662466,249.5870890428883,0.0009427118224049,0.0004700011786762,15.599193065180494,49894.05649471148,5.193795088332263,0.8644102414030637,0.13558975859693634
2.4024599927809938,0.0580496535010527,0.0165806108374756,211069266790.21823,7602.776174796203,0.0211031793739679,8.693730924374854,11.883486477518208,0.65,2.0,0.002,4,6.863471739535032,27.453886958140128,61.77124565581529,109.81554783256053,0.0009272796296721,0.000344080234496,6.863471739535003,16347.297560237686,8.790195447045166,1.7314104185884371,0.7314104185884371
1.2746751167241872,0.0548876393728628,0.0161301119611055,199900010428.1282,7916.013230108134,0.0428488920665491,9.174633660279495,19.9232309634188,0.65,2.0,0.002,4,22.62146738091028,90.48586952364111,203.59320642819256,361.9434780945645,0.000403607364759,0.0002211160784722,22.621467380910275,90237.95417497666,4.466712072191553,0.8807223080599779,0.11927769194002213
2.114257037815404,0.0431535231563276,0.0130445346351626,208175716929.01172,7870.050978922685,0.0392303353814046,8.529603373845848,10.41878032619879,0.65,2.0,0.002,4,6.805633163656469,27.22253265462588,61.25069847290823,108.8901306185035,0.0019404911222917,0.0007272399997538,6.805633163656429,8563.41501948527,4.68328064235658,1.5309053655488454,0.5309053655488454
2.168195937825472,0.0589907960932891,0.0062666648170983,196632296086.8244,7616.645669544757,0.0272295868660033,3.365626002094575,1.413212746236724,0.65,2.0,0.002,4,3.0712432610984823,12.28497304439393,27.64118934988634,49.13989217757572,0.005967080383256,0.0034059614859086,3.0712432610984632,1136.6877417844776,3.0524812621363795,0.4601435399588873,0.5398564600411127
2.74851970165564,0.0527923854441004,0.0097040186446111,208135185516.80527,7798.376200653956,0.0065726867746903,6.537538369676431,5.853403572764501,0.65,2.0,0.002,4,3.009219231709116,12.036876926836465,27.082973085382047,48.14750770734586,0.004999138988717,0.0026460201841834,3.009219231709088,1962.742576458961,5.490298401733271,1.9451569068432601,0.9451569068432601
2.77611739002974,0.0687051422731559,0.0102434541717805,203144371872.50095,7656.410919980006,0.0487555811570119,9.038637607539806,5.772530809457042,0.65,2.0,0.002,4,3.1044867449685216,12.417946979874086,27.94038070471669,49.671787919496346,0.0048352918239436,0.001960315879065,3.1044867449685194,2845.8243663644857,7.479434047956595,1.8594155116985616,0.8594155116985616
1.2575639410950794,0.0496855265632851,0.0113890094948627,206541065770.06647,7844.74621023003,0.0098335382277064,3.0378126893004693,30.38285418951353,0.65,2.0,0.002,4,16.755940699121748,67.02376279648699,150.80346629209575,268.095051185948,8.120759412595478e-05,2.889588926993841e-05,16.75594069912169,30937.99723871436,2.791224897181361,1.8132586367476302,0.8132586367476302
1.269397482711306,0.0489696567724962,0.0114963903900076,201627813932.0748,7756.457144065977,0.0329196761816252,3.985313156918744,19.854624320940765,0.65,2.0,0.002,4,16.49449461992268,65.97797847969072,148.45045157930412,263.9119139187629,0.0003689289115039,0.0001567719555881,16.494494619922666,29768.52808348437,2.7715300861321324,1.2037121947925347,0.20371219479253466
2.233155247113698,0.0739005383721457,0.0154896856354116,201299203178.2089,7858.074384266391,0.0322877426229059,4.387899954114499,9.442209052865598,0.65,2.0,0.002,4,7.128480831348118,28.513923325392472,64.15632748213307,114.05569330156987,0.0007116862227852,0.0002934021318911,7.128480831348099,20148.790014706672,10.04373537799161,1.324575218234814,0.32457521823481406
1.9118574163780997,0.068151566168491,0.0097685403276056,195405727452.51785,7694.909795691857,0.0307565293708276,6.626740318370572,4.721734968646079,0.65,2.0,0.002,4,6.106815588469979,24.427262353879915,54.96134029622981,97.70904941551966,0.0036829087176014,0.0018447974876852,6.106815588469933,7209.811324780084,4.89705015422348,0.7731910191558793,0.2268089808441207
1.1464919723351028,0.0306880486245041,0.0065142679894717,210592517934.2336,7934.368432366737,0.0133904881937559,2.270790334138601,9.051047834975394,0.65,2.0,0.002,4,11.577588933206668,46.31035573282667,104.19830039886,185.2414229313067,0.0012957019016048,0.0005959975548637,11.577588933206663,4811.541858176364,0.9092604063061326,0.7817731210870096,0.21822687891299042
1.2058780940947995,0.069312227773922,0.0121895702407667,182485567365.3551,7703.248599859823,0.0411815200272869,7.542090615258145,32.8659358854461,0.65,2.0,0.002,4,18.50069914493682,74.00279657974728,166.5062923044314,296.01118631898913,0.0001094953644929,3.4401099836568616e-05,18.500699144936696,53025.111964573,3.924149783803174,1.776469939215292,0.7764699392152921
1.355343523975892,0.0368063318582855,0.006917218038832,188499824208.8808,7912.771702315086,0.0297426407979951,0.3340668732711265,13.495601372168984,0.65,2.0,0.002,4,8.333992519043031,33.335970076172124,75.00593267138728,133.3438803046885,0.0001011218540862,3.5543218961075896e-05,8.333992519043026,3743.415008632867,1.365218070060448,1.6193440708438092,0.6193440708438092
1.6285650544343735,0.049716389843311,0.0124453248156691,183887990092.5497,7819.327566751952,0.008380306216026,9.244431820140017,9.897329074229775,0.65,2.0,0.002,4,10.318516106433384,41.27406442573354,92.86664495790048,165.09625770293417,0.0095845285407077,0.0053158011406491,10.318516106433375,16559.3990927615,3.9395838056084407,0.9591814338554941,0.04081856614450585
2.6504614341984505,0.0715826038809323,0.0107281311825323,210258757630.2217,7830.93560123046,0.0373857800783138,1.860082465049669,5.44158697719598,0.65,2.0,0.002,4,3.5882324663942766,14.352929865577106,32.29409219754849,57.411719462308426,0.0011507197841257,0.0004858731140947,3.5882324663942584,4050.9566268361455,7.969603475422372,1.5165090411949034,0.5165090411949034
1.435474021613292,0.0693907369296155,0.0065787626798089,193302995970.10156,7895.547057521451,0.0326255544595585,6.0407024362199655,10.281386284931235,0.65,2.0,0.002,4,7.163264357625875,28.6530574305035,64.46937921863288,114.612229722014,0.0018565414195334,0.0007218200550737,7.16326435762584,5240.527234217685,2.586981289745385,1.435293432104864,0.43529343210486404
1.7120288702068118,0.0751536505287593,0.0051546070725582,198629560334.92276,7658.7057764341025,0.0192101219900677,0.3349441091773272,1.0706173514525,0.65,2.0,0.002,4,4.061130069004457,16.244520276017827,36.55017062104012,64.97808110407131,0.0002530617612493,0.0001490904786929,4.061130069004441,1653.6197677102562,2.5396982526896323,0.26362547696359667,0.7363745230364034
2.805452957533398,0.021683153374892,0.0052719897568964,194678779764.25464,7703.415186716361,0.0431119524759126,1.688795592391437,2.478444703646224,0.65,2.0,0.002,4,1.5269171931384646,6.1076687725538585,13.74225473824618,24.430675090215438,0.0334113122776771,0.0156228457408043,1.5269171931384384,113.6956914954668,1.2352455558855613,1.623169032861571,0.6231690328615711
1.4834092747950358,0.0226665209749286,0.0131902106061387,198564548176.2017,7768.549202123515,0.040290323782896,6.035325669513283,2.783340166606239,0.65,2.0,0.002,4,13.741682166005448,54.966728664021794,123.67513949404903,219.8669146560872,0.0004182084439889,0.0002900536278255,13.741682166005399,12842.42526569569,1.7226915025787464,0.20254726699266504,0.797452733007335
2.344627805304432,0.0590429138521206,0.0057061937754928,215976053832.68637,7734.095696593079,0.0242950886371413,5.186435815859945,4.580674683168233,0.65,2.0,0.002,4,2.487287445432722,9.949149781730888,22.3855870088945,39.79659912692355,0.0098354368834763,0.0044850200492755,2.487287445432688,746.0697768786312,3.0546943027367353,1.8416346255353613,0.8416346255353613
1.8512648865943628,0.0228855704207669,0.0189675413446062,195835404633.9225,7744.390654902538,0.0391781725015465,2.713324933371023,21.485925516475216,0.65,2.0,0.002,4,12.619877650200952,50.47951060080381,113.5788988518086,201.91804240321525,0.0001851061313283,6.012075892965632e-05,12.619877650200928,19564.49431067546,3.1117063164890193,1.7025462617011289,0.7025462617011289
1.4017960025622938,0.0657270740444476,0.0144034005444384,180381887081.36215,7980.222029208001,0.025051081566172,2.4005516843597734,5.61219445803717,0.65,2.0,0.002,4,15.802057343969674,63.208229375878695,142.21851609572707,252.8329175035148,5.4785273460877e-05,2.9705895033745717e-05,15.802057343969643,52199.47527071512,5.2951605641144,0.35515593545032204,0.644844064549678
1.592060270485692,0.0559886537074718,0.007023106401052,189644049388.8843,7726.859224392039,0.0252080572224232,0.4770774650168327,12.440254727117413,0.65,2.0,0.002,4,6.2245448803257535,24.89817952130301,56.02090392293178,99.59271808521206,9.74799464751252e-05,3.886074811582632e-05,6.22454488032571,3699.446267092995,2.4185873762346435,1.9985806137309843,0.9985806137309843
2.2774692002813213,0.0204883696234365,0.0144778651011351,192895517587.9893,7909.14758453912,0.0134764423761064,7.190435954574076,8.28768054355899,0.65,2.0,0.002,4,6.2506471415586615,25.00258856623465,56.25582427402796,100.01035426493858,0.0063027391526725,0.0027469344703885,6.250647141558629,4120.726829264433,2.6715550183588945,1.3258916006403165,0.3258916006403165
1.3787307150762818,0.038449673391587,0.0153127057368943,211673424639.16016,7964.407568114244,0.0227833589649169,9.923690841518692,7.287742234872415,0.65,2.0,0.002,4,18.831231358821896,75.32492543528758,169.48108222939706,301.2997017411504,0.0002672104431946,0.0001431033374305,18.831231358821846,45254.805045141555,3.2325669130286356,0.3870029577995883,0.6129970422004116
2.8440985900982163,0.0412338007457451,0.0090848840929676,192457216885.05432,7743.406062955131,0.0192618772614319,8.453126751159475,3.072363945572998,0.65,2.0,0.002,4,2.538986748810938,10.155946995243752,22.850880739298447,40.62378798097501,0.0533579533790757,0.0260390135275709,2.538986748810934,1049.784242485248,4.124957177702333,1.2100748249323698,0.21007482493236984
2.50887016987078,0.0212126910236023,0.0091209948265084,201522944475.6643,7775.105478205856,0.0329102752555918,3.875342157866714,3.020905804887147,0.65,2.0,0.002,4,3.34521621351573,13.38086485406292,30.10694592164157,53.52345941625168,0.0452616863120516,0.0261799341492346,3.3452162135157195,833.6822980827318,1.8870893221279774,0.903052482133066,0.09694751786693401
2.620876288342587,0.0594513752888573,0.0084890868760247,191519347859.77,7609.193155517151,0.0486220352241378,8.363064698754325,2.6068579292554053,0.65,2.0,0.002,4,2.811474906221844,11.245899624887372,25.30327415599659,44.98359849954949,0.0538486818426377,0.0291457824995426,2.8114749062218425,1570.3851441656661,5.032433194273438,0.9272207706660954,0.07277922933390457
1.5243455063005482,0.0292386007429326,0.0158535734572431,203157335652.4058,7625.791444716825,0.0257060405930723,2.164178987358851,31.008498518748123,0.65,2.0,0.002,4,15.96847291632363,63.87389166529452,143.71625624691268,255.4955666611781,6.174454060234322e-05,2.0580105897219944e-05,15.968472916323542,27121.181549797115,2.694152017283302,1.941857476368334,0.9418574763683341
2.37503093712607,0.0596471461113388,0.0074052857665589,214649002288.8963,7865.04909522705,0.0119324758562191,2.9473678542328514,6.072366881291026,0.65,2.0,0.002,4,3.109898768065559,12.439595072262236,27.989088912590034,49.758380289048944,0.002298935424434,0.0011875303582374,3.109898768065519,1575.1591715745003,4.1254583313788045,1.9525931016295683,0.9525931016295683
2.69543495626162,0.0206453231000498,0.0142512144175194,196387687327.78268,7677.426459463068,0.0490810032538744,4.097756908557175,3.61446507011498,0.65,2.0,0.002,4,4.498551649431092,17.994206597724368,40.48696484487982,71.97682639089747,0.0097514988044962,0.0052031009415456,4.498551649431077,2432.1661680235366,3.0443044609646477,0.8034730623960035,0.19652693760399653
2.276824166545388,0.0378500920183147,0.0058685614738442,186597768942.56177,7989.214761258394,0.0330614796122697,8.327743465886615,0.5922697726532342,0.65,2.0,0.002,4,2.4808648329932854,9.923459331973142,22.32778349693957,39.69383732789257,0.0261173721672729,0.0162572793024384,2.480864832993281,490.87185628346714,2.02023639341792,0.238735204262875,0.761264795737125
2.280145339186157,0.0306360246570168,0.0055580905735015,211667525807.09265,7666.815282976515,0.0091026290989738,9.381866976975294,4.926992436225387,0.65,2.0,0.002,4,2.5471201395541967,10.188480558216789,22.92408125598777,40.75392223286715,0.0306762672661953,0.0162173471451048,2.547120139554155,381.20989131045064,1.4883516889590322,1.9343384553065495,0.9343384553065495
1.555645756229488,0.0399587244038465,0.0062328614483258,211254879468.73465,7739.5403307895585,0.0488749615444006,2.671612358776039,6.437727551492976,0.65,2.0,0.002,4,6.101563008456978,24.40625203382791,54.9140670761128,97.62500813531165,0.0077175194389081,0.0047485925498858,6.1015630084569565,2203.6210230483025,1.499322192848754,1.05509482448515,0.05509482448514991
1.9256518143676733,0.0677003512696969,0.0057745641281294,194423247480.7775,7605.91237907893,0.0373318129146042,0.8865646052887334,2.8879784833743423,0.65,2.0,0.002,4,3.570190366538004,14.280761466152017,32.13171329884204,57.12304586460806,0.0027523022984599,0.0014272097314505,3.570190366537983,1440.627499410846,2.862920024751214,0.808914423847605,0.19108557615239496
1.9415851895648644,0.0300910657140003,0.0082819226948445,194836738637.96198,7882.831959996224,0.0425169228478398,3.1414185714443428,4.536550877319677,0.65,2.0,0.002,4,4.952697655208806,19.810790620835224,44.57427889687926,79.2431624833409,0.0126494578880992,0.007487951188549,4.9526976552087705,1846.8041214605116,1.9071175604565618,0.9159757354759118,0.08402426452408818
1.2227661790385762,0.07693516669211,0.0066828149909019,190282801921.88992,7673.053597199782,0.0053358719185295,3.209934263570636,19.716771751349658,0.65,2.0,0.002,4,10.092935767021972,40.37174306808789,90.83642190319776,161.48697227235155,0.0002194194250856,0.0001009938420446,10.092935767021835,9699.754594854176,2.4119371748233616,1.9535219688777994,0.9535219688777994
1.2437864609820295,0.061895950051273,0.0083853536385527,194126795206.5852,7601.218701188343,0.026558994619853,1.3706928896888448,21.704202408781725,0.65,2.0,0.002,4,12.4211016307716,49.6844065230864,111.7899146769444,198.7376260923456,7.953648947281432e-05,2.6074377959394405e-05,12.421101630771581,14943.85486884729,2.4534808578298803,1.747365334731062,0.747365334731062
2.4830786095248216,0.0619286772793112,0.0159813335967059,210058592566.77023,7676.302356448486,0.0207073161366081,3.983314558676459,9.507739412322522,0.65,2.0,0.002,4,6.148306693609261,24.59322677443705,55.33476024248335,98.37290709774818,0.0006687244019348,0.0002663316280992,6.148306693609229,14076.288189427783,9.432294819921651,1.5463996651639398,0.5463996651639398
2.4192390197718243,0.0654151698588491,0.0190441773920699,216276096722.22125,7829.41034468338,0.031061893363879,1.756183161201871,15.160219746656166,0.65,2.0,0.002,4,7.754854411124574,31.019417644498297,69.79368970012118,124.0776705779932,7.41946008869817e-05,2.7555538980501184e-05,7.754854411124539,28010.803327587048,11.798275411781601,1.954932864362797,0.954932864362797
2.546728444418635,0.0473037654077536,0.0141062845945235,197696812263.68985,7949.533641895428,0.0130437148019552,1.3167334290744896,4.593135135417666,0.65,2.0,0.002,4,4.918193654048968,19.67277461619587,44.26374288644071,78.69109846478348,0.0034332598149522,0.0019395104770027,4.91819365404896,6450.206751645729,6.7546468602279175,0.933906929759936,0.06609307024006394
2.2654191529628074,0.0718550843100708,0.0158612838584719,218617213833.26672,7800.492022761693,0.0477457366723295,8.870313152639632,12.742835903437392,0.65,2.0,0.002,4,7.419107000643649,29.6764280025746,66.77196300579286,118.70571201029838,0.0006319443862605,0.0002172654481026,7.419107000643628,21882.624906098965,10.070160908195486,1.7175700394039224,0.7175700394039224
2.73722619410442,0.0745881208469402,0.0180747366221232,206844640306.02197,7610.839780746312,0.0477851115854806,0.7712944540843251,2.67500673203206,0.65,2.0,0.002,4,5.702767990011786,22.811071960047144,51.32491191010608,91.24428784018858,0.0001065163445414,6.130009654567103e-05,5.702767990011782,18029.598592805043,14.042838932586546,0.4690716397225435,0.5309283602774565
1.08961060669012,0.0796424255125429,0.0095530298065552,183220770190.18857,7944.198874501901,0.0244409134271277,5.806879032638258,34.56648272917404,0.65,2.0,0.002,4,17.522256795231744,70.08902718092698,157.7003111570857,280.3561087237079,7.652005006364466e-05,2.5666887011364093e-05,17.5222567952317,39913.22895397775,3.2928886490651057,1.9727186476676082,0.9727186476676082
1.6997614262588945,0.0297862861102679,0.008961260064323,185926577802.0717,7757.698256789166,0.0442655269655704,3.5358929797491303,3.221528486419058,0.65,2.0,0.002,4,6.885360642606696,27.541442570426785,61.96824578346028,110.16577028170714,0.0016661197022334,0.0009506672099967,6.885360642606651,3293.740781406745,1.7598526029227122,0.46788086400067724,0.5321191359993227
1.1892878245793834,0.0528728445344152,0.0138880647330688,192306742838.04465,7618.781298996589,0.0073447041059521,4.590818736586318,32.356073693152105,0.65,2.0,0.002,4,22.36925617166276,89.47702468665103,201.32330554496485,357.90809874660414,0.0001003370948283,3.734897088780614e-05,22.36925617166275,65717.30044560741,3.3267249258975293,1.4464528209990548,0.4464528209990548
1.132705607541162,0.0344776071013718,0.0059106077690286,201955503560.2627,7664.135249977147,0.0324683293745063,7.929564795546349,18.008349316092197,0.65,2.0,0.002,4,10.723179096593642,42.892716386374566,96.50861186934276,171.57086554549826,0.0016959616198627,0.0005658099793159,10.723179096593508,4015.3770035326525,0.8845440623823796,1.679385297389373,0.679385297389373
1.172968392490769,0.058050992923711,0.0179573742539563,181646128002.096,7658.108986946414,0.0115875422998793,6.06252106794315,53.560880670773614,0.65,2.0,0.002,4,28.82383546151564,115.29534184606256,259.41451915364075,461.1813673842503,2.8143752659983365e-05,9.000308538665213e-06,28.823835461515607,153565.48642227135,4.681988504294676,1.8582149048930663,0.8582149048930663
1.873772225131862,0.0723808807011787,0.0068153914821865,188616070242.5164,7866.098323461929,0.0308728263425883,9.170236708999358,1.087287330110872,0.65,2.0,0.002,4,4.31018714889677,17.24074859558708,38.79168434007092,68.96299438234831,0.0045245078054119,0.0027357356423603,4.31018714889672,2666.3234636145717,3.6354723203480135,0.2522598886197286,0.7477401113802714
1.2489305356008804,0.0208390360751681,0.0186868473445497,190621270509.7415,7832.952865318575,0.0427512636742327,7.484480086311744,7.608920527914897,0.65,2.0,0.002,4,26.798571662403106,107.1942866496124,241.18714496162792,428.7771465984496,0.0001290063668917,7.543810047139086e-05,26.798571662402964,54004.56806005212,1.904791593810385,0.2839300774596814,0.7160699225403186
2.310709836230292,0.0502983330295212,0.0117953917142996,208770119628.31805,7903.302312801944,0.0430817388535606,3.810550896092728,4.060455952153481,0.65,2.0,0.002,4,5.148499425276077,20.593997701104307,46.33649482748469,82.37599080441723,0.0032609691630648,0.0016767409584049,5.148499425276067,5669.059902203707,5.417388382647675,0.7886678460560876,0.21133215394391236
2.857112129304096,0.0452957341170646,0.0114045268012821,215720579830.8732,7841.962768384069,0.0252116922075863,2.695296033715636,2.1300881915967964,0.65,2.0,0.002,4,3.322655812010408,13.290623248041632,29.903902308093677,53.16249299216653,0.0043976120833349,0.0022119213247474,3.3226558120103817,2522.2439358467122,5.7870420517942325,0.6410800010934569,0.35891999890654314
2.991214449847964,0.0653691269240625,0.0168524384755036,207976722039.91,7906.780195889461,0.0159430843703619,4.295946433466536,5.259839601431241,0.65,2.0,0.002,4,4.380305849176856,17.521223396707423,39.4227526425917,70.0848935868297,0.0032300539774031,0.0015621622752507,4.380305849176838,9867.821003701476,13.027247226482833,1.2007927716781897,0.20079277167818965
2.367654882305707,0.0444797067831214,0.0073278050699726,204753388183.64523,7879.240914092304,0.0207186676642387,9.300147391667675,5.250568515888812,0.65,2.0,0.002,4,3.021619147963975,12.0864765918559,27.19457233167578,48.3459063674236,0.0144583378058944,0.006300751837419,3.021619147963959,1095.8416190564542,3.040245161019289,1.737667210451315,0.7376672104513149
2.0933642569565087,0.0331456935439432,0.0167879715889798,203480296020.5032,7746.931119593228,0.0058236138587958,7.849585957731099,13.277821731412716,0.65,2.0,0.002,4,8.902955519374412,35.61182207749765,80.12659967436971,142.4472883099906,0.001252548848306,0.0005750266467425,8.902955519374364,14118.806412906935,4.512007778315187,1.4913948185541184,0.4913948185541184
2.975877857824849,0.0782756789761321,0.0187836458421513,210214861649.0123,7843.771747398787,0.0127476798657315,5.479179032495201,7.855366887545208,0.65,2.0,0.002,4,4.9790693541779625,19.91627741671185,44.81162418760167,79.6651096668474,0.000905917073315,0.0003942783537559,4.979069354177951,16794.724200199777,17.159980432243835,1.5776777403097926,0.5776777403097926
2.374109166507267,0.0247540093404175,0.0186177425294378,205723187107.58383,7782.524391842081,0.0346861615343503,8.802538871679106,8.153838640737813,0.65,2.0,0.002,4,7.700807743105053,30.803230972420213,69.30726968794548,123.21292388968084,0.0101588971957767,0.0060231569606735,7.700807743105023,9967.725028056375,4.257589147388576,1.058829010247453,0.058829010247452906
2.8673191452600277,0.0798198037755936,0.0073471387293169,180142748945.4111,7774.9241208292415,0.0380003073512021,0.8212745002751183,1.7018163087421585,0.65,2.0,0.002,4,1.9505439416554209,7.802175766621683,17.554895474898785,31.20870306648673,0.0074172524977808,0.0041337101161157,1.9505439416554133,981.8435872066374,6.53688875529623,0.8724829379120977,0.12751706208790226
1.3506930229078438,0.0693864573684139,0.0109775993521131,219615538294.4193,7654.884503116245,0.0344092921562139,4.542422121292381,13.25909267740766,0.65,2.0,0.002,4,14.61455271893466,58.45821087573864,131.53097447041196,233.83284350295455,0.0007277596280884,0.0004003721916355,14.614552718934545,33203.06589427536,3.9377432354996693,0.9072527180547402,0.09274728194525983
2.0194983466371603,0.0268058906819599,0.012283136132827,192463962195.02228,7780.898516832614,0.0245187211749428,9.08853791590407,7.348388028388898,0.65,2.0,0.002,4,6.792213846904175,27.1688553876167,61.12992462213757,108.6754215504668,0.0179970539484541,0.0095142681040911,6.79221384690414,4711.565173590579,2.5869186068767673,1.0818840799216385,0.08188407992163849
1.990826724870132,0.0222579764732708,0.0141077588877487,191421963371.09253,7962.028010648948,0.0286862852666839,7.827813646477229,13.70841899567307,0.65,2.0,0.002,4,7.914152072836972,31.656608291347887,71.22736865553274,126.62643316539156,0.0017965071506014,0.0006273028746792,7.914152072836922,6153.7435578536215,2.488690415280617,1.7321399525191488,0.7321399525191488
1.7043209917744553,0.0673995091031158,0.0079170062164142,216141605567.46252,7874.500004079982,0.0118732694031566,7.424306323938316,9.73401260156589,0.65,2.0,0.002,4,6.475080118824562,25.900320475298248,58.27572106942106,103.601281901193,0.0022112595624782,0.0009625547247089,6.475080118824521,5926.688940522749,3.580651917418809,1.5033038082829147,0.5033038082829147
2.3170422598974243,0.0785767940765274,0.0154351527884501,186028348366.07413,7683.73886865544,0.0441435386346237,0.5749434386497798,7.162113665833972,0.65,2.0,0.002,4,6.414688087439559,25.658752349758235,57.73219278695602,102.63500939903294,0.0002237736157138,0.0001208700897289,6.414688087439533,17538.506937361286,10.796470305787365,1.116517836597224,0.11651783659722392
1.061191386237379,0.0521044728847533,0.0172496250398872,188256921822.1776,7812.795455098211,0.0251426589074089,8.514355588275539,33.74656453153313,0.65,2.0,0.002,4,34.095238314956994,136.38095325982798,306.85714483461294,545.5238130393119,0.0005587838211316,0.0003709228144322,34.09523831495699,170990.52197431933,3.7258454879840004,0.9897735343509566,0.010226465649043393
2.3366614815903075,0.0426040404724925,0.0142807216725446,181603800394.91104,7784.690878873804,0.0285012902292067,2.221831388264368,2.5853339543858938,0.65,2.0,0.002,4,5.72835059255922,22.91340237023688,51.55515533303298,91.65360948094752,0.0006685929031604,0.0003696971523569,5.728350592559209,7168.47931772757,5.53360454433348,0.4513225775224182,0.5486774224775818
2.8341541021544936,0.0698690825928105,0.0093300185311357,214689389148.79803,7815.883497753795,0.0070172983112098,6.770797651599037,3.0350010925855164,0.65,2.0,0.002,4,2.760457662976509,11.041830651906036,24.84411896678858,44.16732260762414,0.0451288659095722,0.0239701352678525,2.760457662976501,2172.005934691315,7.2200314495668305,1.099455765357758,0.09945576535775791
2.7190175979784272,0.0735054668076557,0.014103234569059,219287115904.9912,7698.470328957123,0.0081038404446032,8.45008720364721,5.002964409342407,0.65,2.0,0.002,4,4.616664173355704,18.466656693422816,41.54997756020134,73.86662677369127,0.0147127751507709,0.0081596705762632,4.616664173355674,9129.376906150008,10.849877436894921,1.0836751865592047,0.0836751865592047
2.0081061288334654,0.043705869158034,0.0164823490018,211856947937.77573,7717.176558835997,0.0166795672208516,6.815398750790541,15.4719631752614,0.65,2.0,0.002,4,9.711071998151867,38.84428799260747,87.3996479833668,155.37715197042988,0.0005928140692353,0.0002181896785625,9.711071998151827,20781.077126278924,5.581796120066001,1.5932291695711827,0.5932291695711827
1.065184886494029,0.0240186807879193,0.0110491037439551,183211092816.1615,7705.091838565933,0.049371338438448,2.16870011409768,11.985214212744264,0.65,2.0,0.002,4,21.53244202823502,86.12976811294008,193.79197825411524,344.51907245176034,0.0001266382535869,6.745782678067082e-05,21.532442028234897,19934.040272233495,1.0890530140958468,0.5566119345417665,0.4433880654582335
2.6718640328173286,0.0328598132486728,0.0139932073090188,211931974494.77213,7727.719585603111,0.0209188306441773,6.326830478369973,2.163355067056665,0.65,2.0,0.002,4,4.654685896385101,18.618743585540404,41.89217306746592,74.47497434216162,0.0039576594749307,0.0022240960300944,4.654685896385093,4060.3041564682208,4.746987321261241,0.4647692916801889,0.5352307083198111
2.8078083775909577,0.0529696167680034,0.0072505936737231,188111618104.3664,7863.994497694845,0.0376167570011092,6.034325404941359,3.907276423887826,0.65,2.0,0.002,4,2.039642721244865,8.15857088497946,18.356784491203783,32.63428353991784,0.0125128140476667,0.0059732451516064,2.0396427212448507,696.384355351103,4.240148524712429,1.9156670838425598,0.9156670838425598
1.2776201047289757,0.0687259426422301,0.0052706761759142,212603126816.3369,7833.628309255954,0.0058565412916473,7.764676619290042,2.919919985929584,0.65,2.0,0.002,4,7.627732550855503,30.510930203422014,68.64959295769954,122.04372081368804,0.0021411622136775,0.0011726415382452,7.627732550855494,4163.632535840533,1.8126825028478577,0.382803141885474,0.617196858114526
2.360714305676547,0.0476712276557507,0.0151582329793902,192847693484.4852,7821.107414967581,0.0292855959702188,5.482930474142619,5.76660513711493,0.65,2.0,0.002,4,6.124407327043835,24.49762930817534,55.11966594339452,97.99051723270136,0.0071916952736804,0.0042593930011481,6.124407327043814,9878.123970472478,6.670933337031885,0.9415776628133598,0.05842233718664025
2.9055682991509,0.0202089154210767,0.0081918738806226,187207766948.358,7912.52180691194,0.0319136026600319,1.8556032666376443,3.563752810216529,0.65,2.0,0.002,4,2.140202198474238,8.560808793896951,19.26181978626814,34.243235175587806,0.0121918735582119,0.0054692924425835,2.140202198474221,344.1213555067175,1.903015284934226,1.665147719573962,0.6651477195739619
2.441382281783861,0.0202233129719386,0.0156387115729532,200351547942.85065,7935.788342113193,0.0414340007508569,1.789420288798538,1.4297452986986,0.65,2.0,0.002,4,5.978055741921085,23.91222296768434,53.80250167728977,95.64889187073736,0.000679335956909,0.0004368129121317,5.978055741921076,4322.438262890472,3.063720494354009,0.23916560173109805,0.760834398268902
1.720064602998533,0.0414810750129705,0.0152631850284842,187489436822.13013,7991.485352942611,0.007783766385273,9.74029819045688,3.668992331911576,0.65,2.0,0.002,4,11.330773393277456,45.32309357310983,101.97696053949711,181.2923742924393,0.0006305015466153,0.0003484429391796,11.33077339327745,22055.468507417252,4.351484518225217,0.32380775826726793,0.6761922417327321
2.0580212001471354,0.0363541154500868,0.0089621099537218,203783448772.1125,7919.173646871547,0.0399730767274075,8.70113672301618,3.539591241586674,0.65,2.0,0.002,4,4.867257851215365,19.46903140486146,43.80532066093829,77.87612561944584,0.0125981278072427,0.0063483414618818,4.867257851215354,2483.087421254037,2.654994125553242,0.7272249282422624,0.27277507175773763
1.2951716458349425,0.0733558461132916,0.0164764821678485,208075996317.2355,7725.221451676151,0.0059986828034669,5.124749891782479,16.513033635220882,0.65,2.0,0.002,4,23.11503805760807,92.46015223043229,208.03534251847267,369.84060892172914,0.000100544632027,4.5439248096093016e-05,23.11503805760802,127542.94950897226,6.046547845647944,0.7143848776742908,0.2856151223257092
2.828073133659557,0.0375892524804016,0.0068046885139452,197599902879.94168,7718.305946056473,0.0447740000065326,0.4626859238550942,2.6176553813226384,0.65,2.0,0.002,4,1.9520394957547924,7.80815798301917,17.568355461793132,31.23263193207668,0.0041713019511596,0.0019731746756563,1.952039495754783,419.94412225469057,2.7916088679835585,1.3409848453452966,0.3409848453452966
1.3602782703035932,0.0707947328206821,0.009980348451298,206639021140.1129,7996.387895341628,0.0182588926586467,2.77508822934322,6.563350240789609,0.65,2.0,0.002,4,12.433078589031611,49.732314356126444,111.89770730128453,198.92925742450575,0.0001714649182106,9.128919774609872e-05,12.433078589031588,23450.675855106678,3.842715829354285,0.5278942133109149,0.4721057866890851
1.9641360445107472,0.0539786877670814,0.0188546933512351,194076123019.7442,7836.692122429828,0.0465145335563811,7.206484264079524,8.723889462031293,0.65,2.0,0.002,4,11.028723728942818,44.11489491577127,99.25851356048535,176.4595796630851,0.0007829253549908,0.0004029204642597,11.028723728942767,37611.99790926167,7.832784012763103,0.7910153229368799,0.20898467706312007
1.2894639652614526,0.0686808951081327,0.0105889361487956,206540855021.75195,7964.130548656962,0.0401404406037241,8.276817086004723,9.854079302249174,0.65,2.0,0.002,4,14.706081331045617,58.82432532418246,132.35473197941053,235.29730129672984,0.0004849941074611,0.0002452903141054,14.706081331045601,31883.02536087251,3.7342712491367607,0.670068326186018,0.32993167381398203
1.4275439128623453,0.043873426763277,0.0127922207374089,202902338868.58163,7674.55859358488,0.0413451110816113,0.993140586888042,5.51643943488147,0.65,2.0,0.002,4,14.635685525597587,58.54274210239035,131.7211697303783,234.1709684095614,4.6704244479981126e-05,2.552576238849634e-05,14.635685525597484,25998.37859453403,3.074400120196889,0.3769170514926234,0.6230829485073766
1.9553039754144983,0.0690261710199651,0.0161803349792039,212337976459.7136,7994.936065451062,0.021664736372128,7.496203503064153,12.708719477838974,0.65,2.0,0.002,4,9.889960011500518,39.55984004600207,89.00964010350467,158.2393601840083,0.0007602035690302,0.0003051293543364,9.889960011500486,33709.27268477647,8.729725228215893,1.2850122207835732,0.28501222078357324
1.929070224618367,0.0776528593166893,0.0153277462085512,182278417428.40265,7868.018612725253,0.0076863138238824,3.141575839620683,11.76063053797444,0.65,2.0,0.002,4,8.989725169251907,35.95890067700763,80.90752652326717,143.8356027080305,0.0003671991033346,0.000159725741372,8.989725169251907,28818.524401203285,9.03273300784112,1.3082302647248911,0.3082302647248911
1.4321970435352502,0.0219360879499313,0.0139528953246427,207559181930.2443,7861.396187579234,0.0305869620270235,9.664141993524268,16.656459266264797,0.65,2.0,0.002,4,15.849266852554726,63.3970674102189,142.64340167299255,253.5882696408756,0.0044921219412892,0.0026579594072665,15.849266852554644,17087.324531043887,1.7230424448664836,1.050929321918764,0.05092932191876409
1.549418735548595,0.0548431565716623,0.0133540781380028,199501138591.2549,7843.444978289613,0.0087786351849232,4.600973621742403,8.952724829737479,0.65,2.0,0.002,4,12.721104579370342,50.88441831748137,114.48994121433309,203.53767326992548,0.0004597035471031,0.0002154570138066,12.721104579370323,28430.9519072616,4.450225501876163,0.7037694544431319,0.2962305455568681
1.6883126321816866,0.0617605402446261,0.0149074775567388,210848474824.79367,7746.371665706994,0.0073506424324159,1.7932884870138592,16.205693336142204,0.65,2.0,0.002,4,12.372678985650888,49.49071594260355,111.354110870858,197.9628637704142,0.0001446727820777,6.065628192764372e-05,12.372678985650818,36385.10914434993,6.020553986172342,1.309796637812774,0.3097966378127739
1.3120563793600597,0.0599139231140473,0.0108145636613989,195270758983.03604,7950.9918021082785,0.0478586550163637,1.784127931341874,20.20671012858448,0.65,2.0,0.002,4,14.116961018252114,56.46784407300846,127.05264916426904,225.87137629203383,9.3654291206944e-05,3.5332687294305886e-05,14.116961018252097,26590.269199142087,3.3797187917022504,1.4313781912735204,0.4313781912735204
2.219294405992888,0.0233623206092312,0.010658431226933,202466512801.06683,7891.034625585044,0.0367545224735784,1.5669879391141703,1.6666502795499651,0.65,2.0,0.002,4,4.970525786854837,19.882103147419347,44.73473208169354,79.52841258967739,0.0013379837464811,0.0007540999619009,4.970525786854795,2126.6329470351047,2.1803596621422385,0.33530663576027303,0.664693364239727
2.5734779959555576,0.0465105211544664,0.0056594155130685,213641083621.59036,7921.094989702222,0.015682133855799,3.471221494555289,2.2592294354887827,0.65,2.0,0.002,4,2.0123786068592127,8.04951442743685,18.111407461732917,32.1980577097474,0.0793204205609066,0.0413226307156405,2.012378606859206,428.92127868395085,2.6828628496726585,1.122666196007145,0.1226661960071449
1.415702728139286,0.0548922808881451,0.0178156814819299,199083243017.30392,7725.714040360638,0.0308995964243169,1.356817783692929,15.420032963736412,0.65,2.0,0.002,4,20.461411727093758,81.84564690837502,184.1527055438438,327.38258763350007,4.233220107502555e-05,2.038635776718782e-05,20.461411727093722,88394.52053363263,5.348037193907127,0.7536153012999669,0.2463846987000331
2.3053734697385107,0.0795225203316832,0.0199913286383628,200658376105.42563,7638.079634784345,0.0377529484535923,9.768974374344232,6.75767585194418,0.65,2.0,0.002,4,8.742283506226958,34.96913402490783,78.68055155604263,139.87653609963132,0.0010770819723782,0.0005411532981693,8.74228350622695,42231.52662672833,13.996752132847167,0.7729874977322372,0.22701250226776282
1.8556276187258836,0.0367895551036872,0.0152874567143573,213637778691.9512,7907.406797039591,0.0332488443105896,5.429613513396832,2.6783204945108543,0.65,2.0,0.002,4,10.464170919957477,41.8566836798299,94.17753827961728,167.4267347193196,0.0003993152538636,0.0002447402377354,10.464170919957438,17837.092985736403,4.126241950815961,0.25595152401445564,0.7440484759855444
2.745505647854287,0.0485157660297319,0.0108850776111629,202931742605.21463,7623.433228062576,0.0339672276453236,9.45632322053504,4.784865816276441,0.65,2.0,0.002,4,3.378436753239648,13.513747012958593,30.405930779156837,54.05498805183437,0.0122169469159873,0.0053670739087902,3.3784367532396247,2490.2829332907972,5.526591559987294,1.416295809500703,0.416295809500703
1.841705978549688,0.0317356855975281,0.0178253121610039,206623682948.1249,7929.704694153418,0.0192825756043591,9.954829367692232,10.254246338488043,0.65,2.0,0.002,4,12.164306216430017,48.65722486572007,109.47875594787016,194.62889946288027,0.0023151395655034,0.001103742990909,12.164306216429985,24130.524999330326,4.130782662616586,0.8429783134395221,0.15702168656047788
2.396542914563938,0.0371390137796601,0.0069836825270786,211230813364.1692,7830.4898718882205,0.048354718545861,4.124262653590904,2.371855176205129,0.65,2.0,0.002,4,2.86369981552591,11.45479926210364,25.773298339733188,45.81919704841456,0.0296465775125685,0.016440190804602,2.863699815525892,787.904755874889,2.433654946079003,0.8282485347611617,0.17175146523883833
1.0484245034854482,0.0350066321372211,0.0075525839875242,190744504738.00748,7715.490850822044,0.0436509261922244,2.113423483357866,25.944274861943907,0.65,2.0,0.002,4,15.491544877947485,61.96617951178993,139.42390390152735,247.86471804715973,0.000162182102064,5.235209355849538e-05,15.49154487794746,10131.314977369826,1.069341993019365,1.6747377402544357,0.6747377402544357
1.77630766915613,0.0407230035901695,0.0130085844908355,210874421633.75705,7751.547182539183,0.0314383771650128,9.665405991144944,11.111673412172928,0.65,2.0,0.002,4,9.750809440483264,39.00323776193305,87.75728496434937,156.0129510477322,0.0036761016145894,0.0017545147904025,9.750809440483197,13689.497590790561,3.64708961434638,1.139564205412499,0.13956420541249903
1.453011163862351,0.0690867751115343,0.0090147310258977,210988103720.4491,7732.479762722484,0.0134929649454333,7.300354740311567,10.552531551904732,0.65,2.0,0.002,4,10.113784912044698,40.45513964817879,91.0240642084023,161.82055859271517,0.0065115776738766,0.0036306920323076,10.113784912044602,14128.387727988906,3.498689820604222,1.043381053055382,0.04338105305538198
1.956103319430187,0.0459336528042191,0.0058276471482943,180874115476.1336,7846.9615336945935,0.0279427452689852,2.524418957309467,5.991325606320728,0.65,2.0,0.002,4,3.3157087127324374,13.26283485092975,29.841378414591937,53.051339403719,0.0034992460085075,0.0014627435631609,3.3157087127324187,891.6615252336023,2.054412031255202,1.8069517335204572,0.8069517335204572
2.2744144956473087,0.0759501464166302,0.0050105565247653,216037595570.07904,7799.076807862815,0.0323043966158699,4.555573922428863,1.547993824507517,0.65,2.0,0.002,4,2.3116339250178,9.2465357000712,20.804705325160203,36.9861428002848,0.0215332686170258,0.0113123310834887,2.3116339250177904,712.0250176717954,3.3751835649778146,0.669653532834185,0.33034646716581495
1.641548806922583,0.0512076561963129,0.0157257942119203,200740713231.82443,7692.199163196581,0.0413371685131493,9.78010792665482,11.533686806595506,0.65,2.0,0.002,4,13.518444235048529,54.07377694019412,121.66599811543678,216.2951077607765,0.0012003035812364,0.0006334236816129,13.518444235048477,36680.477063801045,5.084190455283566,0.8531815204513544,0.14681847954864558
2.225484313400654,0.0600821026456056,0.0187109087048967,195230118987.7852,7887.829997878345,0.0338153279506017,7.898751916773006,15.464146592130856,0.65,2.0,0.002,4,8.52255273858853,34.09021095435412,76.70297464729677,136.36084381741648,0.0003815355422095,0.0001310909272886,8.522552738588498,28293.795995388533,9.86715808823521,1.81449702529996,0.8144970252999599
2.0731360271541783,0.0460737850818614,0.006976322493381,185026554114.74146,7980.899886338273,0.0266913841813857,9.536734696561371,1.7522798956082224,0.65,2.0,0.002,4,3.5439803359113955,14.175921343645582,31.895823023202563,56.70368537458233,0.0141702286524978,0.0083086850363014,3.5439803359113897,1318.476673169075,2.6590720605990246,0.49443837987819883,0.5055616201218012
2.6848381571144357,0.071983731955977,0.0180237250420484,195449952350.66168,7612.266427639906,0.0124093520058381,0.8372368394850576,3.655709992053359,0.65,2.0,0.002,4,5.745110404959201,22.980441619836803,51.705993644632805,91.9217664793472,0.0001926315481073,9.484082322169964e-05,5.745110404959174,17275.77355125065,13.258091378039621,0.6363167518761264,0.36368324812387365
1.3720569223916064,0.0572846175545852,0.0117510684060015,204441659948.98584,7830.270871055512,0.0061825988709568,3.504366514159015,14.810783219695518,0.65,2.0,0.002,4,14.463008992698509,57.85203597079403,130.16708093428656,231.4081438831761,0.0026885473932748,0.0015334751663483,14.463008992698454,29861.48085830451,3.616048874786245,1.0240457727138685,0.02404577271386854
2.7772809935931795,0.0730859625256544,0.0126819344933921,191098112050.98672,7931.14779166587,0.0325665408293733,7.931361287011303,3.3667924973818115,0.65,2.0,0.002,4,3.6596141010425938,14.638456404170377,32.936526909383346,58.5538256166815,0.0179411063102689,0.010293047336086,3.6596141010425853,5397.288923210017,10.208110102471906,0.9199856608986855,0.0800143391013145
2.1818427899240724,0.0649820907795364,0.0127338751843276,211185411931.485,7627.845218749674,0.0200919852949817,9.602157947233993,4.992197229064284,0.65,2.0,0.002,4,6.382252096069824,25.52900838427929,57.440268864628415,102.11603353711718,0.0043732837448369,0.0021247291639186,6.382252096069806,11072.794661168939,6.885723830958443,0.7821999435181324,0.21780005648186762
1.0387381320617843,0.0249448874423808,0.0104730233896365,219000653114.9927,7818.898799523746,0.038962674635696,3.282807947092438,34.819711915010586,0.65,2.0,0.002,4,23.293732655409023,93.1749306216361,209.6435938986812,372.6997224865444,0.0001454016439702,5.0849828475366287e-05,23.293732655408828,22725.48724694233,1.0609020615841243,1.494810317870005,0.49481031787000496
1.9890904003525047,0.038115597481995,0.017790304486471,214019373138.34952,7802.094356309413,0.0372765609587825,2.926456397137882,8.841339273515741,0.65,2.0,0.002,4,10.678851250252004,42.715405001008016,96.10966125226804,170.86162000403206,0.0006194467295293,0.0003145047924087,10.678851250251974,23688.12292668101,5.261648562336677,0.8279298087710628,0.17207019122893719
1.9726517616286212,0.0403840340449571,0.0098301113108514,181092610604.61044,7868.720213630819,0.0327772390804357,6.721321735984791,10.407393857846206,0.65,2.0,0.002,4,5.495220876650799,21.980883506603195,49.4569878898572,87.92353402641278,0.00195131476571,0.0007486322304001,5.495220876650754,3673.0150738441193,3.081006874879149,1.8938990973169652,0.8938990973169652
1.932938822646849,0.0201439160114818,0.009541972959409,206778638528.1744,7954.795235599865,0.0308303179268269,5.452388551981468,6.179259177396198,0.65,2.0,0.002,4,5.904315430501727,23.61726172200691,53.13883887451556,94.46904688802763,0.0299601721246808,0.017774657095137,5.904315430501694,2033.7522222659165,1.4777439896961078,1.046566574928254,0.046566574928254
1.4478913311879165,0.0372135448138072,0.0087564963009783,190514853286.3913,7832.977896615751,0.0497085135415629,9.90375306221827,10.725143303718149,0.65,2.0,0.002,4,9.34089857638789,37.36359430555156,84.06808718749102,149.45437722220623,0.0054555537100825,0.002775426882504,9.340898576387863,6365.04286547819,1.8478396552961327,1.1481918164521572,0.14819181645215718
2.3465019326345704,0.0582846067557737,0.0068655949993824,212561734987.722,7854.061625970867,0.039716284055904,8.773291862564799,3.460220237881055,0.65,2.0,0.002,4,2.941446767606556,11.765787070426224,26.473020908459,47.06314828170489,0.0376069740704402,0.0194736327331286,2.941446767606532,1259.5024012716563,3.6873747435156066,1.17636677161309,0.1763667716130899
1.7345608865519346,0.0720895405303158,0.0185211956261533,214348002321.0865,7899.973772466266,0.0174888208654544,0.8393036482503394,15.698195574572006,0.65,2.0,0.002,4,14.540055701007818,58.16022280403127,130.86050130907037,232.64089121612508,9.938991150289993e-05,4.82483736178718e-05,14.540055701007745,76351.63763168016,9.148006810566624,1.0796516806661196,0.0796516806661196
2.408916576066834,0.0246955404610142,0.0163703162472546,218473320287.6947,7633.989901250296,0.0426252103066334,9.336502263827786,4.154847276134752,0.65,2.0,0.002,4,6.843310051860069,27.37324020744028,61.589790466740624,109.4929608297611,0.0041952540443077,0.0021210618882665,6.843310051860068,6872.442596313607,3.7172258615384504,0.6071400016437118,0.39285999835628815
2.7847767299483537,0.0221646578080921,0.0148612826787367,216466463169.3658,7959.71013179451,0.0268274133727407,4.773761943099836,7.517579143525736,0.65,2.0,0.002,4,4.5315989866421305,18.12639594656852,40.78439087977917,72.50558378627409,0.0035782344133839,0.0014007653276857,4.531598986642109,2959.6315104163778,3.6506900635503867,1.6589241823218392,0.6589241823218392
2.771253239736613,0.0381028215246251,0.0123045293426894,180145759847.8708,7943.925712527281,0.0187656750010902,2.785839293450852,6.904028261833635,0.65,2.0,0.002,4,3.459682682644598,13.838730730578392,31.137144143801383,55.35492292231357,0.0015205219052769,0.0007359271792676,3.459682682644589,2438.573260264338,5.160639653960736,1.9955669045798679,0.9955669045798679
1.6917276753973298,0.0394859442646837,0.0072918807352876,219485748884.7584,7692.183728637039,0.0341071955264234,0.516269835706734,1.972700770250999,0.65,2.0,0.002,4,6.1714361717146735,24.68574468685869,55.542925545432055,98.74297874743478,0.0002485266747918,0.0001404573174296,6.17143617171466,2816.8544836068345,1.8734072312916574,0.31965019411404,0.6803498058859601
2.164407114868193,0.0445115729159585,0.0173662367823547,217229881001.1839,7813.504746836365,0.035327910216252,1.5439731604818612,17.696193240371212,0.65,2.0,0.002,4,8.863268552417471,35.453074209669886,79.76941697175725,141.81229683867954,7.725218149072865e-05,2.7200955951572798e-05,8.863268552417466,20271.27431097118,6.536322876907913,1.9965764475842893,0.9965764475842893
1.243934803672058,0.0546472135645558,0.0177568089520759,200268563897.6286,7969.514135969925,0.0071510853614275,9.20018576143937,51.1001502897283,0.65,2.0,0.002,4,26.08491388163664,104.33965552654657,234.7642249347298,417.3586221061863,4.6142837112335016e-05,1.6860834902601384e-05,26.084913881636524,129202.51404081612,4.809859750575955,1.9589924859097276,0.9589924859097276
1.7869141479766435,0.0735742997217609,0.0050406091051368,191950362824.9053,7822.016914021019,0.0200342236846979,2.7932473728589278,3.645537842473394,0.65,2.0,0.002,4,3.546010294881852,14.184041179527409,31.914092653936667,56.736164718109634,0.0298499626817527,0.0142353187206034,3.5460102948818464,1286.593402865203,2.5918006784862233,1.0280674728257844,0.028067472825784368
1.8978341930850324,0.0629920736971079,0.0106555286158327,197490391244.48743,7665.468447688814,0.0355833705344621,0.8615550174244527,13.501964495252317,0.65,2.0,0.002,4,6.809125748306205,27.23650299322482,61.28213173475586,108.94601197289929,8.644165644565456e-05,3.206089036714786e-05,6.8091257483061804,8936.558917747285,4.882338393798047,1.9829218895848748,0.9829218895848748
1.1153853433328802,0.0248326968027867,0.0159051635894203,214562978829.686,7657.319535700996,0.017974335551471,2.0307917296837905,7.620858729258581,0.65,2.0,0.002,4,30.687148672888014,122.74859469155209,276.18433805599216,490.9943787662083,2.5393282917295764e-05,1.5458150297739332e-05,30.68714867288796,62705.63149349295,1.6866840355859154,0.24834039846757075,0.7516596015324293
1.1327177614922097,0.0333563914686362,0.0051945133314332,200392296237.14288,7950.319941934411,0.0324299540612897,5.052054525296323,17.205305822194514,0.65,2.0,0.002,4,9.216773310954512,36.86709324381805,82.9509597985906,147.4683729752722,0.001235782957413,0.0004272143346321,9.216773310954348,2616.482274983494,0.7801897642120988,1.8667385256991849,0.8667385256991849
1.3766530294827684,0.0431896765236619,0.0151189188316828,200383551441.69443,7887.492853096398,0.0377087920417068,0.4074419101029574,33.24059815824137,0.65,2.0,0.002,4,18.233185280911474,72.9327411236459,164.09866752820326,291.7309644945836,7.216240219324077e-06,2.2703861533456678e-06,18.233185280911407,46528.49356431704,3.5451463201757303,1.8230823438755621,0.8230823438755621
1.8456300341998144,0.0603155424762137,0.0063140480275753,193796362911.0469,7672.140694800097,0.0091439471530831,7.7571231131439164,1.8405002999181437,0.65,2.0,0.002,4,4.224374078230892,16.89749631292357,38.01936670407802,67.58998525169427,0.0070631556227246,0.0039586603998942,4.22437407823089,1899.5590809695882,2.6963007403875263,0.4356859183950205,0.5643140816049794
1.9352242567656768,0.0354623120851023,0.019143922121979,192702239217.0629,7622.114371909008,0.007645965345735,2.0907141923550907,4.779901231407441,0.65,2.0,0.002,4,11.654757052791272,46.61902821116509,104.89281347512144,186.47611284466035,0.0001385986970205,7.485850616870899e-05,11.65475705279122,26849.791494529123,5.006967021078842,0.41012448477102265,0.5898755152289774
1.3725710774212936,0.0201350917001381,0.013671797005158,197501809614.69977,7621.984290849589,0.0183310553238518,2.4671496200834344,11.208201145271044,0.65,2.0,0.002,4,16.750843606600135,67.00337442640054,150.75759245940122,268.01349770560216,0.0003265657124008,0.000158425538218,16.75084360660005,15950.900822438918,1.4399655771473767,0.6691126374587407,0.3308873625412593
1.1216597350027229,0.0291860225482026,0.0099691519012935,206803726965.9428,7775.614044891238,0.038038778069821,8.689218869174606,29.000857160110183,0.65,2.0,0.002,4,18.530069163957915,74.12027665583166,166.77062247562122,296.48110662332664,0.0004997673700019,0.000166741675431,18.5300691639579,17199.37930861511,1.2688169069552837,1.5650700978773784,0.5650700978773784
2.8676593617265658,0.0288764536751861,0.0196893369580566,213128885271.7573,7648.281770579062,0.0096136273950378,9.775239605662254,3.775022990265588,0.65,2.0,0.002,4,5.731185147736071,22.924740590944285,51.58066632962464,91.69896236377714,0.0053819464733111,0.0027351327383754,5.731185147736065,8085.092771857445,6.234999075652961,0.6586810394280839,0.34131896057191613
1.4803464592593376,0.0243511147459674,0.0103353643235768,207006651809.8226,7917.22925109766,0.0205617318286235,0.9298664898267148,17.134319592663417,0.65,2.0,0.002,4,10.93537916152363,43.74151664609452,98.41841245371266,174.96606658437807,0.0001826683172379,6.519128181393526e-05,10.93537916152363,6962.7156594558965,1.4748614749099447,1.5668701870851351,0.5668701870851351
2.788223485233478,0.0492554569479309,0.0078697237998653,219919963358.7329,7618.812895291342,0.0297339819347411,2.2745268464451835,4.655587346689786,0.65,2.0,0.002,4,2.4661657139569835,9.864662855827934,22.19549142561285,39.458651423311736,0.0035328402193988,0.0016235538820595,2.4661657139569826,988.5598876177626,4.117169399698254,1.887783663661376,0.8877836636613761
2.0118476069265467,0.0771698451765282,0.0117975059919343,190466793965.2916,7658.631471511603,0.045549387636192,2.374952572102703,3.6153703281988863,0.65,2.0,0.002,4,6.591182682987891,26.364730731951564,59.32064414689103,105.45892292780626,0.0004280096626846,0.0002307252883268,6.59118268298789,12029.30473995594,7.013811546616746,0.5485161771544133,0.45148382284558675
2.72126080279226,0.0348008226335688,0.0150177373827197,185174512138.33096,7710.061010240685,0.0112394523305038,2.9068555893323693,6.374791620373912,0.65,2.0,0.002,4,4.506663425257559,18.026653701030234,40.559970827318025,72.10661480412094,0.0023379125946995,0.0010646697545017,4.506663425257531,4396.043552539601,5.482668662162948,1.414525785228709,0.414525785228709
2.402469229843497,0.0573187970800005,0.0114039256051299,212647108695.71863,7971.993387792481,0.0367568906747107,4.247617403933887,9.218510824675793,0.65,2.0,0.002,4,4.627157022453533,18.50862808981413,41.6444132020818,74.03451235925652,0.0009056026285516,0.000359716098673,4.627157022453499,5290.959326202109,6.259594657083666,1.9922623718932666,0.9922623718932666
1.720356076863504,0.0486687161708634,0.0098334343044627,196926568451.613,7832.298859601453,0.0207337871922908,4.6949165867464,8.258591642151082,0.65,2.0,0.002,4,7.554492845166588,30.217971380666352,67.99043560649929,120.8718855226654,0.0049334538080852,0.0024612579059494,7.554492845166512,7264.455651917507,3.2242797201155335,1.0932026558784902,0.09320265587849019
1.4699210696894722,0.0280052042438337,0.0058276676685158,219067694167.9853,7814.710730904244,0.0378340007279313,7.752437124000181,5.401614554106544,0.65,2.0,0.002,4,6.475431543192169,25.90172617276868,58.27888388872952,103.6069046910747,0.01900549775786,0.0098485026129377,6.4754315431921015,1551.699491315044,0.9373687007515065,0.8341705904968593,0.16582940950314073
2.0246169245765,0.0531451490685164,0.0112653016649607,206571707539.56268,7729.915951113443,0.0382846764857448,5.100642069598384,5.38399522278814,0.65,2.0,0.002,4,6.442202733413375,25.7688109336535,57.97982460072039,103.075243734614,0.0034949393305822,0.0018152262642527,6.442202733413343,7675.7815564245875,4.684832787134153,0.8357382475505358,0.16426175244946417
2.297121051838614,0.0251563385820157,0.0186539163403314,193403281843.2944,7689.8771854348115,0.039730836095428,2.3890966822159307,16.01684844578328,0.65,2.0,0.002,4,8.039031542161354,32.156126168645415,72.35128387945218,128.62450467458166,0.0002422726735012,8.562716194139863e-05,8.03903154216134,10574.453896661114,4.144677524234391,1.9923853217619119,0.9923853217619119
2.9042917175507235,0.0304264178379228,0.0178801605095668,204623230378.92896,7924.327135259836,0.0449852615639317,8.059450985059462,6.157987913675485,0.65,2.0,0.002,4,4.884458958252546,19.537835833010185,43.960130624272914,78.15134333204074,0.0065992067416919,0.002996962205915,4.884458958252533,5896.408194190235,6.260296096714721,1.260730813035344,0.26073081303534407
1.7745833441719332,0.0269439686786811,0.0179838562738301,204366163271.12375,7658.440873840805,0.0240743481295071,4.2254875290925,17.137307132960714,0.65,2.0,0.002,4,13.376841738314702,53.50736695325881,120.39157564483234,214.02946781303524,0.0005633247345787,0.0002199863427824,13.376841738314663,23260.447823832215,3.292692368832916,1.2811175812804247,0.28111758128042474
1.827041457721078,0.0447970011077277,0.0057165098293786,188785455507.7588,7947.730179689927,0.0432434885606906,1.1404702978657897,0.8805620073189212,0.65,2.0,0.002,4,3.784653402536036,15.138613610144144,34.06188062282432,60.55445444057657,0.0013062499647772,0.0008469303584736,3.7846534025360095,1051.3646729968104,1.8592655279487498,0.2326664858475222,0.7673335141524777
1.9404846676440688,0.0644721194563805,0.0105784921380793,197176192714.74533,7860.930731202969,0.0337813889057358,9.71474107343838,7.739823024560833,0.65,2.0,0.002,4,6.380031809331112,25.52012723732445,57.42028628398001,102.0805089492978,0.0046813300915008,0.0021224982892378,6.380031809331085,8359.019322463979,5.201755132858377,1.2131323566821395,0.21313235668213948
1.7389420923625056,0.0364521441376039,0.0159390686579058,192386081201.08737,7816.0567809332115,0.0465450590871327,5.438832224310466,15.541708362234122,0.65,2.0,0.002,4,11.858095036383268,47.432380145533074,106.7228553274494,189.7295205821323,0.0006117955719611,0.0002511002662227,11.858095036383238,21918.884105619094,3.9484700697760595,1.3106412382890127,0.3106412382890127
1.8042518901470064,0.062813091823535,0.0145764496899686,201637392242.63824,7660.647928986694,0.0308948925804653,3.056050132004088,15.276006331358069,0.65,2.0,0.002,4,10.416923110014435,41.66769244005775,93.75230799012994,166.670769760231,0.0002111472384101,7.947207008761768e-05,10.416923110014366,27106.4884204492,6.327535722115172,1.4664605056624058,0.4664605056624058
2.7229508041754698,0.0707346937390242,0.0159089142950003,213174399316.00037,7649.731392393176,0.0392411999786153,3.347537421542866,9.047216314194031,0.65,2.0,0.002,4,5.13611379426906,20.54445517707624,46.22502414842155,82.17782070830496,0.0004913899961467,0.0001804286576461,5.1361137942690425,12205.56860548415,11.72003759774198,1.761490628242906,0.7614906282429059
1.081639937877069,0.0710693945925199,0.0117698276583394,216234898684.9276,7814.537282421882,0.0264124897378829,2.034325817716308,25.08308293350318,0.65,2.0,0.002,4,23.996350036662168,95.98540014664869,215.96715032995957,383.9416005865947,0.0001735416097395,0.0001021394873072,23.996350036662093,80363.49565595403,3.5351569992417824,1.045287424761714,0.0452874247617141
1.7693669453226828,0.0308423717460085,0.010281807108883,191498920741.9369,7669.814852650716,0.039383422403958,5.013258554009434,13.801100348754126,0.65,2.0,0.002,4,7.441382213728959,29.76552885491584,66.97243992356063,119.06211541966334,0.0010673727846039,0.0003748569750551,7.441382213728954,4703.888018943704,2.151741092682343,1.8546420479910077,0.8546420479910077
1.3083512756124196,0.0725757090490673,0.0069539248858107,216704913283.2447,7868.784344513683,0.0287673307215738,2.8561667471417658,8.18844227798422,0.65,2.0,0.002,4,9.666985840134345,38.66794336053738,87.00287256120912,154.67177344214952,0.0011314114077709,0.0005690482959839,9.666985840134322,9584.405812761075,2.597905158335481,0.8470522677284116,0.15294773227158842
2.098194847758695,0.0316036205257427,0.0176926467941203,184092761829.67853,7794.619871796068,0.043674756100676,5.341238170627668,13.90178183143466,0.65,2.0,0.002,4,8.856279526435628,35.42511810574251,79.70651573792065,141.70047242297005,0.0006823950972654,0.0002419249447755,8.856279526435623,14158.028255758614,4.572359896819649,1.5697090171937802,0.5697090171937802
1.5933519202701545,0.045471182038024,0.0068406113530631,190848798969.5155,7913.208055507287,0.0368195187173904,4.081981628579012,7.437017586633082,0.65,2.0,0.002,4,6.0002476849409705,24.00099073976388,54.00222916446873,96.00396295905551,0.0043298768827812,0.001939636652084,6.000247684940966,2787.1705885647307,1.9609452022822977,1.2394517655159516,0.2394517655159516
2.921264526814053,0.065619519581812,0.0167256748983017,213361357643.0804,7701.795279660646,0.0198646519860017,1.2724747651974964,4.138089132109942,0.65,2.0,0.002,4,4.677707188945187,18.71082875578075,42.09936470050669,74.843315023123,0.00136239702317,0.000703354510261,4.677707188945186,10665.356078894261,12.346661950915884,0.8846404798251327,0.11535952017486728
2.0351656880190814,0.0425829505317894,0.0068445858076712,184234133855.5642,7661.214753462438,0.0142620653023087,7.562485452718172,3.2596364627717613,0.65,2.0,0.002,4,3.674625738673317,14.698502954693266,33.07163164805985,58.794011818773065,0.053796867413424,0.0295144781166282,3.6746257386732775,1211.2569925020182,2.27221977471427,0.8870662469012837,0.11293375309871634
1.3999759234350828,0.0638134207685431,0.0192241398390248,188869811495.71985,7981.261283085131,0.0196373210455145,5.622686953813826,31.650740770521523,0.65,2.0,0.002,4,21.636178036957453,86.54471214782981,194.72560233261711,346.17884859131925,6.841964883439757e-05,2.3942674245456703e-05,21.63617803695738,126660.69660087377,6.853636117977533,1.462861911954042,0.462861911954042
1.137089755846757,0.0641884674436284,0.014518139029461,199174190888.0454,7619.336541990421,0.0465607137376533,4.8266657903747525,23.931085288978327,0.65,2.0,0.002,4,26.03206761589942,104.12827046359769,234.2886085430948,416.5130818543908,0.0001904813786616,0.0001148715165458,26.032067615899397,108000.78930551255,4.036917419966655,0.9192925295861681,0.08070747041383186
1.709603838275198,0.0207796009203077,0.0092088293079912,193224022165.63916,7709.6982140872415,0.0415341568934413,7.623271336181494,10.385305990474793,0.65,2.0,0.002,4,7.152445850264219,28.60978340105688,64.37201265237798,114.43913360422752,0.0052869087955057,0.0020840810247076,7.152445850264189,2546.908755804199,1.261085385214173,1.4519936547427608,0.45199365474276076
1.467494708823846,0.0793853822411268,0.0192300278145806,190620844385.2925,7776.724861843971,0.0452654573711389,4.122328848279193,38.46314211818119,0.65,2.0,0.002,4,20.0467006759048,80.18680270361921,180.4203060831432,320.74721081447683,2.188978252206066e-05,7.052894723659914e-06,20.046700675904784,138200.394713314,8.710914179388075,1.9186769304343494,0.9186769304343494
1.7793423719657313,0.0296568454148905,0.009136431132426,215191058242.4348,7789.752853164548,0.0203608994985819,2.239509345313494,7.379175339874369,0.65,2.0,0.002,4,6.877602450432264,27.510409801729057,61.89842205389037,110.04163920691624,0.00604298091234,0.0032380687033976,6.877602450432236,3506.619279359994,1.877823382588528,1.0729284504385115,0.07292845043851148
2.773682323306126,0.0241464014667924,0.0148115020741955,186118846838.7889,7684.353346219303,0.0438893416510887,8.962384143011985,1.4987855402543282,0.65,2.0,0.002,4,4.29641707016727,17.18566828066908,38.66775363150544,68.74267312267632,0.0073993617108205,0.0041316954754053,4.296417070167258,2777.5262628104488,3.811409135031464,0.3488454486091084,0.6511545513908916
2.146369107460507,0.0423255149485325,0.010217966462156,183294571360.9239,7629.259685880805,0.0220459348843479,9.269365585414972,7.401628240235452,0.65,2.0,0.002,4,4.929677532439972,19.718710129759888,44.36709779195975,78.87484051903955,0.0059061778178838,0.0024944174948537,4.929677532439947,3397.1935759309113,3.540980494874392,1.5014426788626092,0.5014426788626092
2.091658387520248,0.0360566514597306,0.005498497441468,182063029735.2922,7878.00421055475,0.0487915630696432,4.601414997898142,1.2731412494394423,0.65,2.0,0.002,4,2.7396466141566567,10.958586456626628,24.656819527409912,43.83434582650651,0.0180263278134986,0.0103704756960144,2.7396466141566127,484.0109858276502,1.6334520432331372,0.464710026052529,0.535289973947471
2.1362549418976746,0.0335266154344862,0.0113825342008129,215528322468.78183,7887.702487806598,0.034299500751555,2.886686148289175,2.508174495926004,0.65,2.0,0.002,4,5.9120618761305845,23.648247504522335,53.20855688517526,94.59299001808937,0.0012515467563333,0.0006893743039838,5.91206187613057,4436.4946396887335,3.2151577252398176,0.4242469968138422,0.5757530031861577
2.426549243937896,0.0483822734064031,0.0195294913966783,214866550099.18695,7805.922796151978,0.0473228468837743,8.13273919643581,6.808754588216424,0.65,2.0,0.002,4,7.890676675985533,31.562706703942133,71.0160900838698,126.25082681576852,0.0024798429208987,0.0013604672580497,7.890676675985516,21996.257901854508,8.948712792027974,0.862886019514421,0.137113980485579
1.7778421966633369,0.0767792612215958,0.014571788197899,211214543508.9511,7614.87989403302,0.0433591835963829,4.234619144701347,16.810995766477713,0.65,2.0,0.002,4,11.009968208796217,44.03987283518487,99.08971387916596,176.15949134073946,0.0001898161412749,6.798024443708872e-05,11.009968208796167,36242.23046305665,7.573263210357265,1.5268886746691008,0.5268886746691008
1.9012711802274225,0.0308082793912434,0.0161710901920395,207917639587.13025,7812.916055600866,0.0120523636051619,5.612961375035555,3.9790325873625454,0.65,2.0,0.002,4,10.464524811842754,41.858099247371015,94.1807233065848,167.43239698948406,0.000593414810026,0.0003199195439192,10.464524811842734,15996.785886509007,3.700274740720568,0.38024015986463733,0.6197598401353627
2.071696026675218,0.0646343989321692,0.0102733082285213,204631211300.0565,7765.295750951795,0.0287209948452452,6.401874799347252,1.654625593935709,0.65,2.0,0.002,4,5.571786197506043,22.28714479002417,50.1460757775544,89.14857916009669,0.0015708038473541,0.0009070345924498,5.571786197506,6546.010451207582,5.34106755789385,0.29696501898732935,0.7030349810126706
2.5702771781844733,0.0570478666149018,0.0106532251960702,216751519042.672,7863.869082564744,0.0468157490079685,4.7966833573624745,3.9092574821553576,0.65,2.0,0.002,4,3.838958160477609,15.355832641910435,34.55062344429848,61.42333056764174,0.0179429472849908,0.0094385422176339,3.838958160477591,3573.4955803224175,6.141956761732961,1.0183120833150785,0.018312083315078498
1.122332688980808,0.0266631266903984,0.0056040899183594,204080438412.0964,7932.7456724466,0.0231197352623902,0.9978849517431349,8.925200555969656,0.65,2.0,0.002,4,10.232459825379362,40.92983930151745,92.09213842841427,163.7193572060698,0.0014296962629098,0.0007103382872791,10.232459825379296,2749.483715584477,0.6651679552248027,0.8722438893757218,0.12775611062427816
2.905373789059124,0.0722544144935627,0.0066794435116291,202777180657.13248,7861.31869699432,0.0196592823677828,2.71555050420267,2.3251484437632137,0.65,2.0,0.002,4,1.822331346795584,7.289325387182336,16.400982121160258,29.157301548729343,0.0199241383850965,0.0099637435213006,1.8223313467955797,722.5809656221334,5.511528898732806,1.275919688179538,0.27591968817953805
1.9226788429255608,0.0707535532763697,0.0184392976397683,184538309335.0512,7624.811440758457,0.0104759683675203,6.746812406619538,12.89754885491523,0.65,2.0,0.002,4,11.127275695081115,44.50910278032446,100.14548125573003,178.03641112129785,0.0008841220320282,0.000387404580963,11.127275695081117,46745.08172204589,9.563095431572183,1.1590931336963883,0.15909313369638833
2.342438016554808,0.0330136412424048,0.0077291000660311,202260010191.25647,7878.382567606171,0.0243784735579197,7.834749773144953,5.396255956855498,0.65,2.0,0.002,4,3.236372094276889,12.945488377107557,29.127348848492005,51.78195350843023,0.0149373422208074,0.0062710495493356,3.236372094276882,973.5856586860448,2.3544937157088475,1.6673781010527495,0.6673781010527495
2.430985993581797,0.0280523376023218,0.0051449458064037,197365951374.4149,7635.807570535321,0.021098865286077,2.3150536563404023,3.7118488808291015,0.65,2.0,0.002,4,2.0070295830233973,8.02811833209359,18.063266247210574,32.11247332837436,0.0158776785415572,0.0076597576266724,2.0070295830233875,213.02206096772616,1.33954496895969,1.849424100285346,0.849424100285346
1.3847477096694931,0.0373317778492623,0.0083441185136026,195530145786.55975,7802.6724505722195,0.0089201125714806,9.105467865075758,2.018767198275341,0.65,2.0,0.002,4,9.8776488031094,39.5105952124376,88.89883922798461,158.0423808497504,0.0012345482721229,0.0008166328348324,9.87764880310935,6482.015586426088,1.6828413412251981,0.2043773005616337,0.7956226994383663
1.7235171686403965,0.0592020438675355,0.0158902152404317,202367350870.0728,7605.594709390524,0.0060087193727913,8.829263319703047,6.701459364243572,0.65,2.0,0.002,4,12.512135529121972,50.04854211648789,112.60921976209777,200.19416846595155,0.0004673902005198,0.0002394684820854,12.512135529121931,38107.274996820604,6.16574099676552,0.5355967691243401,0.46440323087565993
1.823190821795676,0.0460672579117502,0.0195126443600915,207289853746.1876,7678.565853073026,0.0498801746675327,2.6411095454670126,19.84132614825679,0.65,2.0,0.002,4,13.830252123813544,55.321008495254176,124.4722691143219,221.2840339810167,0.0001059656754539,4.0224426813468926e-05,13.83025212381353,47512.80452617873,6.292029278069686,1.4346322807877907,0.4346322807877907
2.084438369849554,0.0423697483914099,0.0183219496034887,216723792305.4615,7703.532037922579,0.009305064968273,9.911690019614069,4.76491409344483,0.65,2.0,0.002,4,10.142176626654996,40.56870650661999,91.27958963989498,162.27482602647996,0.0008184814413502,0.0004369545346513,10.142176626654967,25310.376262599588,6.232704336990378,0.4698117838849318,0.5301882161150682
1.839748783253241,0.042269462246154,0.0163150303457601,205213026406.7744,7737.628639906897,0.0229037264398727,4.142999207171526,4.8109347063883225,0.65,2.0,0.002,4,11.256376546575028,45.02550618630011,101.30738891917524,180.10202474520045,0.000284103077458,0.0001536426931949,11.256376546574987,24553.193229437085,4.908525140445914,0.42739639052428113,0.5726036094757189
1.4798896978891918,0.0756796941077443,0.0189174271995621,199849816511.22757,7984.858937577721,0.023707272192996,3.9350507978195233,36.25966524295412,0.65,2.0,0.002,4,19.59525341672737,78.3810136669095,176.35728075054638,313.524054667638,2.6958252757045567e-05,8.54650568233268e-06,19.59525341672729,128224.06598931544,8.458786018361833,1.850431044285522,0.8504310442855221
1.8988316812523356,0.0269758055404454,0.0077387333935844,193917777484.14236,7668.44666624201,0.0400231597370964,0.2396464183817139,4.554489091165847,0.65,2.0,0.002,4,4.894195491295563,19.576781965182253,44.04775942166007,78.30712786072901,0.001376877636947,0.0008198369764789,4.894195491295562,1437.244131960475,1.5198760875952328,0.9305899405256919,0.06941005947430812
1.636128294217359,0.0407728673216654,0.0137772173246195,203857298715.63367,7725.879965454853,0.0198643048598941,6.971045630542856,16.367632149454554,0.65,2.0,0.002,4,11.987957848655796,47.951831394623184,107.89162063790216,191.80732557849277,0.0007967111894773,0.0003004287037461,11.987957848655753,20142.72530426742,3.5503247410172105,1.3653394811769302,0.36533948117693016
1.0228698775178522,0.0789458354134517,0.019140403792167,191251437699.86224,7823.4333360663,0.0396718328115342,9.212631458569788,51.4587906957361,0.65,2.0,0.002,4,41.015048759530295,164.06019503812118,369.1354388357727,656.2407801524847,3.983032385393205e-05,1.6448709586076803e-05,41.01504875953026,401526.5815188691,6.045999407347777,1.2546319522241,0.25463195222410007
1.4640405734501845,0.0277193677059889,0.0139039741342327,185910490691.26688,7673.217054134649,0.0478468732079612,0.3887400606948236,7.76476740074291,0.65,2.0,0.002,4,14.478553885541364,57.91421554216545,130.30698496987227,231.6568621686618,3.257658461722552e-05,1.793928158500082e-05,14.478553885541288,17915.66699235608,2.1648253810481277,0.5362944021983463,0.46370559780165366
1.3232364473831333,0.0324762564200116,0.0139412293601763,193332024143.2844,7600.357232819617,0.0060932432167953,4.140179943947896,20.80412327467747,0.65,2.0,0.002,4,18.209176822048967,72.83670728819587,163.8825913984407,291.34682915278347,0.0006772382331606,0.0002873674580713,18.20917682204885,29802.23682893836,2.2767141067962364,1.1425076200856312,0.14250762008563123
1.216755068494878,0.0282708644648788,0.0136686577590497,195105190206.98425,7918.984835500252,0.0487390143138746,8.141936871219484,19.339012199460136,0.65,2.0,0.002,4,20.780139145216545,83.12055658086618,187.02125230694887,332.4822263234647,0.0012244198324204,0.0007657611560746,20.78013914521644,31736.88346098501,1.8616911653010402,0.9306488308049635,0.06935116919503648
2.7370604211541254,0.0642098852965765,0.0055204863783652,206930576585.54868,7927.097969781306,0.0171972341858229,6.568792187542222,1.8593624124216863,0.65,2.0,0.002,4,1.707233988929289,6.828935955717156,15.3651059003636,27.315743822868622,0.17386371582191,0.0825777201669138,1.7072339889292856,442.48004017337445,3.845456042635053,1.0891081272273697,0.08910812722736972
2.464773865008532,0.0623462581972375,0.0063394695207243,184368287386.34616,7952.112885422901,0.0140381349351335,3.106244605054959,3.261994181698314,0.65,2.0,0.002,4,2.2783993810871994,9.113597524348798,20.5055944297848,36.45439009739519,0.0118384986127598,0.0057483831211509,2.27839938108718,793.8023454915993,3.8734052166777375,1.431704295908733,0.43170429590873294
1.5723007254267132,0.0427065824266785,0.0166433816046259,217763237551.45563,7969.734070739193,0.0126807634307305,0.6980934262063401,26.990185712997384,0.65,2.0,0.002,4,15.957687738759612,63.83075095503845,143.6191896488365,255.3230038201538,1.935541661940117e-05,6.59765652587153e-06,15.957687738759532,44769.8357215632,4.453339851142329,1.6913594347031295,0.6913594347031295
1.6852527161039847,0.0573811231972458,0.0164856549147353,218232675541.59024,7855.558064369101,0.0208210744282667,7.24028230742573,22.86391575911712,0.65,2.0,0.002,4,13.87320341993155,55.4928136797262,124.85883077938396,221.9712547189048,0.0002112500704497,7.023974364599736e-05,13.873203419931471,47577.38609934004,6.261629010418386,1.6480631810147608,0.6480631810147608
2.5913334546562217,0.0321021351441514,0.0079565737650925,197829974335.33096,7977.976235332133,0.0313454732856056,6.386825659248443,0.5819762226227606,0.65,2.0,0.002,4,2.675521355767542,10.702085423070168,24.07969220190788,42.80834169228067,0.01435776866168,0.0090990753252632,2.6755213557675206,746.1439760526446,2.640256112420337,0.2175188104435109,0.7824811895564892
1.4581853306258086,0.0295438692807357,0.0170921858930478,192274481687.02924,7870.317004086991,0.0293061267293994,8.277373298776226,27.951807219290554,0.65,2.0,0.002,4,18.016321518812127,72.06528607524851,162.14689366930915,288.26114430099403,0.0002978175202603,0.000100582789773,18.016321518812088,37130.595908430834,2.897610023218156,1.5514713805536906,0.5514713805536906
1.2932462857287057,0.0459179634188647,0.0092600872450373,184753101690.48105,7804.816773385382,0.0124534886455555,5.946320344998661,6.174167602138478,0.65,2.0,0.002,4,12.215081417691149,48.8603256707646,109.93573275922036,195.4413026830584,0.0005939200113796,0.0003386199590001,12.215081417691085,12640.49616060377,2.1459107346268462,0.5054544780353605,0.4945455219646395
2.0329148713610867,0.0661989428712103,0.0054823449410455,192475459499.80252,7850.987490217467,0.0474788612667735,3.997142158876827,5.824328120198511,0.65,2.0,0.002,4,2.9783982317649937,11.913592927059977,26.80558408588495,47.6543717082399,0.0037898945366035,0.0016278327239543,2.97839823176495,1014.2760286582406,2.8962156372264496,1.9555236294735205,0.9555236294735205
1.8548498945457876,0.0505684811077552,0.0077142892412193,198520613989.4532,7749.212155637716,0.0349758997094484,4.404735062615212,8.248311480591104,0.65,2.0,0.002,4,5.146140774759092,20.58456309903637,46.31526697283183,82.33825239614548,0.0023546100424791,0.0008848626221756,5.146140774759025,2931.130901407487,2.8035748321437257,1.6028149717644176,0.6028149717644176
1.424456268506402,0.0766354693005279,0.0137729202107781,198666303991.62305,7764.583315876904,0.0088138435540194,2.1205351911565757,11.285153810517697,0.65,2.0,0.002,4,15.568976853801692,62.27590741520677,140.12079168421525,249.10362966082707,0.000106866175125,4.884832987030154e-05,15.568976853801642,55856.409441522985,5.837046220699886,0.7248487756446296,0.2751512243553704
2.0393734915583632,0.0466659252918114,0.0177155254361523,196767430013.25592,7776.707855416535,0.030979764397338,7.068109296753919,15.531850923406074,0.65,2.0,0.002,4,9.71557405845255,38.8622962338102,87.44016652607296,155.4491849352408,0.0005067500655274,0.000175520918784,9.715574058452498,24429.419528813807,6.555660851799245,1.5986549873389566,0.5986549873389566
1.8584707668954543,0.0202128168981544,0.0111928215879717,191252884603.2834,7829.68001204984,0.0458832732282978,5.110910434302974,10.283476748365253,0.65,2.0,0.002,4,7.262553710450999,29.050214841804,65.36298339405899,116.20085936721598,0.0030906267356498,0.0012172374670267,7.2625537104509785,3427.477608453468,1.6460240448725416,1.4159587878251554,0.4159587878251554
1.4791550792147024,0.0467307482164151,0.0156959017537431,215533209153.2889,7857.218249322606,0.0159244927273958,1.5482988667923392,29.215753986154017,0.65,2.0,0.002,4,17.03769332013914,68.15077328055656,153.3392398812523,272.60309312222626,3.508815567666757e-05,1.1595061753482897e-05,17.037693320139084,48845.309579276436,4.262275684289616,1.7147716793106074,0.7147716793106074
1.8601834908771784,0.0339753753944658,0.0059411173691617,182846501118.11795,7672.858550122073,0.0192465287091101,1.5651212971335722,3.2579081019986806,0.65,2.0,0.002,4,3.800585839241225,15.2023433569649,34.20527255317103,60.8093734278596,0.011787741065318,0.0059780810224649,3.8005858392411622,821.440680119465,1.4405070168932517,0.8572120825059869,0.1427879174940131
1.251866008634105,0.0368905489949401,0.016499775274311,209157600090.62607,7682.048100562947,0.0264290987555104,1.060170930502253,37.08498074480468,0.65,2.0,0.002,4,24.910927763717723,99.64371105487088,224.19834987345956,398.5748442194836,1.875110855152057e-05,6.486975446559574e-06,24.91092776371763,71703.03900343076,2.9268335278812256,1.4887033151297706,0.4887033151297706
1.484152974329695,0.0362390097896114,0.0194206684302305,208003300274.73328,7931.121817753776,0.0250865456311305,7.787579932478616,40.2394793458162,0.65,2.0,0.002,4,20.47405646576513,81.89622586306054,184.26650819188623,327.58490345224214,8.177858323400413e-05,2.6944665266202832e-05,20.474056465765035,68547.45223151942,4.142130595581569,1.9653887060974562,0.9653887060974562
2.3279144902148854,0.0606124540203686,0.0161197540403614,185061464342.90823,7927.406956101785,0.035966651069343,0.4020002592373278,5.2401438276746495,0.65,2.0,0.002,4,6.516974747530209,26.067898990120835,58.65277272777188,104.27159596048334,0.0001425406014681,7.24115280106731e-05,6.516974747530175,15116.117984386046,9.015471814775529,0.8040761289830956,0.19592387101690445
1.974914938674812,0.0780391753729385,0.0099365576492251,211378278633.33145,7842.976047278265,0.0249723921483332,4.201753242729448,6.998935023291057,0.65,2.0,0.002,4,5.997332879204176,23.989331516816705,53.97599591283759,95.95732606726682,0.0026306568128152,0.001228405456697,5.997332879204162,8527.54387263082,6.005482642660342,1.1670079290679305,0.1670079290679305
2.0385997162761007,0.0520804914936114,0.0126622809081231,210010534264.2125,7902.9971566623135,0.0198312239483169,3.5724529363328106,1.63574419979667,0.65,2.0,0.002,4,7.121998963629193,28.48799585451677,64.09799067266273,113.95198341806709,0.0004723189673483,0.0002925690965268,7.1219989636291645,10637.617164575751,5.312278161912325,0.22967487192151206,0.770325128078488
1.8781580299056917,0.0546196116251356,0.0167251207991459,182781393545.4452,7881.191218164875,0.0459738880212657,4.448047648181706,2.318008613668305,0.65,2.0,0.002,4,10.353908294849216,41.41563317939686,93.18517465364296,165.66253271758745,0.0001881957381745,0.0001222869407532,10.353908294849205,28614.109601930584,6.761014563393486,0.22387764577956062,0.7761223542204394
2.193923601506145,0.059598779009878,0.0127407201200725,218635698503.59143,7657.71880813571,0.0080317755961604,8.180045057878685,1.329977346009642,0.65,2.0,0.002,4,6.413440335996553,25.65376134398621,57.72096302396898,102.61504537594485,0.0011434741328365,0.0007233909320142,6.413440335996524,10357.718697798364,6.378554307805331,0.20737346515019683,0.7926265348498032
1.3454584328735075,0.0582667791722254,0.0112902164935632,192218459082.04535,7863.714508825675,0.0220341221367762,1.7664705159112408,14.965459945387542,0.65,2.0,0.002,4,13.982171680402836,55.92868672161135,125.83954512362554,223.7147468864454,0.0004690557458775,0.000243598055862,13.982171680402736,26859.647372481468,3.4800966815205046,1.0703244308152053,0.07032443081520534
2.5571804141282533,0.0413587815208094,0.0187908314592267,213607711340.6132,7632.893376903578,0.0456326624570812,2.306009849048513,12.834815465466518,0.65,2.0,0.002,4,6.893128552780991,27.572514211123963,62.03815697502892,110.29005684449584,0.0002282323405453,8.065317504319014e-05,6.8931285527809845,14227.441049052331,7.584628301811121,1.8619724508530167,0.8619724508530167
2.3448322339216623,0.0348471439323798,0.0099120620070394,196227550013.90347,7845.848101456556,0.0433491839144863,6.187674606105486,6.160664716127007,0.65,2.0,0.002,4,4.088177614355908,16.352710457423633,36.79359852920318,65.41084182969453,0.006514194271289,0.0026569082658272,4.088177614355893,2096.3902127588794,3.1772608767985218,1.5069464434454718,0.5069464434454718
2.481401751613655,0.0752757104866237,0.013430954206876,191025227232.62576,7628.38532594064,0.0169749247113141,6.221808968765076,9.66850152031886,0.65,2.0,0.002,4,4.949610278818345,19.79844111527338,44.54649250936511,79.19376446109352,0.0008500836195653,0.0003828662405506,4.949610278818316,9254.717981034277,9.568887363997849,1.9533864235119427,0.9533864235119427
1.248196023284334,0.0697322746296535,0.0119487376469299,199609210828.0016,7727.494185465426,0.007088595438283,2.0166507345346787,27.766217495357644,0.65,2.0,0.002,4,17.674886586955267,70.69954634782107,159.0739792825974,282.7981853912843,4.866929505481351e-05,1.833095548724396e-05,17.674886586955203,49558.75089644753,4.0183461334002155,1.5709417629785676,0.5709417629785676
1.1600388510532191,0.0746535769837944,0.016169689463023,217272959270.91803,7787.995972933421,0.0235981624528761,3.6482321957707455,37.68187610589393,0.65,2.0,0.002,4,28.77900966491584,115.11603865966336,259.0110869842425,460.46415463865344,3.753339641109152e-05,1.3929108431018531e-05,28.779009664915822,178292.05260142835,5.452812421333815,1.3093527728937626,0.3093527728937626
1.0319393195605675,0.0531342540297948,0.0139106037179916,183984986100.86215,7817.971223147463,0.0244275597882203,4.432506644878913,56.19044051848304,0.65,2.0,0.002,4,28.73499130724471,114.93996522897883,258.6149217652024,459.75986091591534,2.305868491052756e-05,7.381755270512362e-06,28.73499130724454,97189.79715862688,2.9815273588026634,1.955470941949321,0.955470941949321
2.7827483341434096,0.0333530722185994,0.0109899768322453,201646388700.45383,7926.718701127464,0.0420457843214039,8.607785067183466,3.682215155596519,0.65,2.0,0.002,4,3.2458367199479743,12.983346879791895,29.212530479531768,51.93338751916759,0.0390902375689595,0.0217857207604612,3.245836719947952,1681.4465941576966,4.042685929975189,1.1344425099903253,0.13444250999032525
2.4200337601092468,0.058133621240611,0.0161599208404248,201264516747.8176,7790.453528436165,0.0252289508505584,6.440348199826048,3.5789313889805023,0.65,2.0,0.002,4,6.359571739203768,25.438286956815077,57.23614565283392,101.75314782726028,0.0013099694212553,0.0006664127770638,6.359571739203744,14139.571688052782,8.855656774668095,0.5627629557062919,0.43723704429370813
2.7570325727945235,0.0635293951536676,0.0166327503069356,195146683170.54065,7722.930089406221,0.0056470025292983,7.895311128357498,2.447935044810368,0.65,2.0,0.002,4,4.987685522534555,19.95074209013822,44.889169702811,79.80296836055288,0.001970515734725,0.0011263353782424,4.987685522534548,11048.177835069833,11.249488946897044,0.4907957876956169,0.5092042123043832
1.176859028686563,0.0747591546759652,0.0186564148076242,194056634635.828,7917.375552670104,0.0151086850243442,0.4008915504888466,17.366449688155004,0.65,2.0,0.002,4,30.240027455288537,120.96010982115416,272.1602470975968,483.8404392846166,2.5438712784648213e-06,1.2192391704772047e-06,30.240027455288537,234580.74647001803,6.4978288040787,0.5742868360100601,0.42571316398993986
2.755891153440293,0.0409010978142505,0.0165941151550181,212786327366.1972,7795.385757767704,0.010418851245705,3.407162515912582,10.24818210100224,0.65,2.0,0.002,4,5.176214749504024,20.704858998016096,46.58593274553621,82.81943599206438,0.0006023862893576,0.0002955306354152,5.176214749504014,7711.574337106621,7.290523946986125,1.9798603027403803,0.9798603027403803
1.2154818919117931,0.0749607107082564,0.0084532098634232,181496502247.0472,7821.940987756593,0.0216915027738097,8.31491845701089,20.68188461361661,0.65,2.0,0.002,4,12.497719731825772,49.99087892730309,112.47947758643195,199.9635157092124,0.0004426168255944,0.0001486250400335,12.49771973182576,18574.181210333907,3.0122317318137175,1.6548526497157452,0.6548526497157452
2.774423862045356,0.042602100101614,0.0128502290770367,210747526072.17255,7748.5993688482895,0.0342096194582425,0.8591305468625335,4.206981931327947,0.65,2.0,0.002,4,3.947881795244149,15.791527180976594,35.53093615719734,63.166108723906376,0.0030336625497827,0.0017544468432463,3.9478817952441196,3620.7281532432235,5.884477417248247,1.0656301656234888,0.06563016562348878
1.054200553949475,0.0329943878445045,0.0077637124171826,200178969788.49945,7774.076692183811,0.0262264786487702,8.791321790024963,17.520722009581686,0.65,2.0,0.002,4,16.0744835411484,64.2979341645936,144.67035187033562,257.1917366583744,0.0036685190683661,0.0018364730592211,16.074483541148272,10707.43319728433,1.0496670878662702,1.0899710690381597,0.08997106903815966
2.154706418193161,0.0359392073233768,0.0176427962331766,207310671345.07263,7601.565962323762,0.0304553575249712,2.3951633005153186,2.0486513051179087,0.65,2.0,0.002,4,8.99869964740711,35.99479858962844,80.988296826664,143.97919435851375,0.0002082248492722,0.0001306333308544,8.998699647407076,16600.315416903777,5.192746125366679,0.22766081605004074,0.7723391839499593
2.573960232728851,0.0629404585588302,0.0050591523632841,181069914919.2738,7678.01328621522,0.0075254409972763,5.360296742176028,0.4562452895530247,0.65,2.0,0.002,4,1.681520113203591,6.726080452814364,15.133681018832322,26.904321811257457,0.0295269660307829,0.018210518428182,1.681520113203568,351.23050464142193,3.1465045067992157,0.2713290706251521,0.7286709293748479
1.729580054516728,0.0604617583275708,0.0139324150014462,189763569827.79343,7617.455051259051,0.0435209814433881,4.97383614807295,13.8476714777663,0.65,2.0,0.002,4,10.540853810620998,42.16341524248399,94.867684295589,168.65366096993597,0.0005043133309545,0.0002063099245873,10.540853810620959,24341.03637190468,5.5491664024005205,1.3137144036485349,0.31371440364853487
1.570145632223945,0.0719214230252023,0.0143735052346534,218018160618.35123,7730.380838386796,0.0292115107331565,1.991352031373328,6.241934993163442,0.65,2.0,0.002,4,14.039704440003216,56.15881776001286,126.35733996002892,224.63527104005144,5.882019190777086e-05,3.22830985345153e-05,14.039704440003195,48821.08873286891,6.273816223947205,0.44459162369389743,0.5554083763061026
2.779610543619027,0.0654614046837802,0.0062097710899978,194217674857.5497,7884.765417103124,0.0122610563605265,5.08404789744172,1.396353544978708,0.65,2.0,0.002,4,1.8087849306099248,7.235139722439699,16.279064375489323,28.9405588897588,0.0567038892295348,0.0314306003963445,1.808784930609908,575.3567891467012,4.454548000366548,0.771984286991969,0.22801571300803103
1.9100169737312724,0.0737241357556527,0.0070222852628008,182052473218.14893,7798.332463989862,0.0289865534036949,2.7402229438124825,8.143239123634604,0.65,2.0,0.002,4,4.217263009815376,16.869052039261504,37.955367088338384,67.47620815704602,0.0009914308355968,0.0004184480582401,4.217263009815365,2707.1869337531684,3.85564584203363,1.9309298719766403,0.9309298719766403
2.9482192379611645,0.0217006262342839,0.0161066803216719,217077214502.38663,7629.91261369094,0.0099576520297759,6.950375274652116,6.1237856326972935,0.65,2.0,0.002,4,4.481909466739002,17.927637866956008,40.33718520065102,71.71055146782403,0.0096684840120933,0.0043629689343788,4.481909466739001,3117.5508507204613,3.931222728083781,1.3663340766124192,0.36633407661241923
1.4927044835664536,0.0705242091063343,0.0099530194339659,207441994780.236,7942.563852262296,0.0084985100116268,7.673741611262625,7.802958594309943,0.65,2.0,0.002,4,10.35152687578596,41.40610750314384,93.16374188207362,165.62443001257537,0.0013976589513642,0.0006657003000567,10.351526875785886,17602.169464288865,4.160999207346695,0.7537978394822593,0.2462021605177407
2.8720246255420965,0.0246826911204412,0.0177291165179214,187204582208.7663,7880.512373725624,0.0132735216759537,6.040134193384309,2.981878522216711,0.65,2.0,0.002,4,4.750300015582271,19.001200062329083,42.75270014024044,76.00480024931633,0.0057101383056449,0.0028566869713316,4.750300015582265,4411.578759489548,4.952132106610777,0.6277242516126025,0.3722757483873975
1.781628587158684,0.0348378845297562,0.0199125396251982,205848587282.49805,7958.564544245902,0.04779618210528,5.854281924675585,23.739362640655884,0.65,2.0,0.002,4,14.46698849035106,57.86795396140424,130.20289641315955,231.47181584561696,0.0001977659673923,6.510324983168745e-05,14.466988490350998,40636.50573956557,4.918133894323996,1.6409332637880547,0.6409332637880547
2.5901300620914123,0.0654601430865636,0.0156932108978496,182049620874.74487,7715.279863297469,0.0409304032093877,8.965964249121562,4.277083815894229,0.65,2.0,0.002,4,5.1524877445994735,20.60995097839789,46.37238970139526,82.43980391359158,0.0053807683214636,0.0028448305066018,5.1524877445994495,10757.855194603122,10.264363473852121,0.830100725688718,0.16989927431128204
1.1118817479489,0.0418630643538225,0.015303473832781,193668171811.63104,7626.52512704839,0.0193028015180366,2.525310504002607,5.933097663032085,0.65,2.0,0.002,4,28.28575990752106,113.14303963008425,254.57183916768955,452.572158520337,2.090124851420328e-05,1.3784011771938447e-05,28.285759907520976,85796.93820421572,2.716291355510137,0.20975563967275695,0.7902443603272431
2.81175620925105,0.0658333301221273,0.0179774520533869,183463845901.48093,7959.25371247182,0.0259717926411851,7.709573847015406,6.476933427032192,0.65,2.0,0.002,4,4.950409662442995,19.80163864977198,44.55368696198696,79.20655459908792,0.0026523506419879,0.0011595421665052,4.95040966244298,12812.562449653942,13.24323175099686,1.3083631191516152,0.3083631191516152
1.9770901071086115,0.0336139401925295,0.0125504640745457,196487848047.28693,7671.733906613724,0.0148728080916101,2.952601636859951,8.79723549684365,0.65,2.0,0.002,4,7.368128570914253,29.472514283657013,66.31315713822828,117.89005713462804,0.0021873839270475,0.0009795568933639,7.368128570914248,6857.145013953699,3.199404904396519,1.1939579246174956,0.19395792461749561
2.147529282443497,0.0473765223265434,0.0153410929981665,207294244522.2177,7860.237280639352,0.0078057461702417,9.639468994021485,6.228516329193711,0.65,2.0,0.002,4,7.746101115395368,30.984404461581477,69.71491003855832,123.93761784632588,0.0038497984210067,0.0018576522407126,7.7461011153953425,14530.825800831637,6.134289046084346,0.804084046464945,0.19591595353505498
1.1505768018503832,0.054953811139598,0.0065425272738016,217972042804.89703,7858.667590440515,0.030004082753601,2.058429214057569,13.317575017497054,0.65,2.0,0.002,4,11.802377635651718,47.20951054260687,106.22139872086548,188.83804217042749,0.0008364191675846,0.0003991384594372,11.802377635651679,8938.746998368153,1.6254660217808001,1.1283806897746085,0.12838068977460848
2.3149120216350925,0.041606823623067,0.0090672853600262,203274561202.89145,7981.021913950592,0.010483372944042,6.481354986817462,7.133715786530346,0.65,2.0,0.002,4,3.872129038559516,15.488516154238065,34.84916134703565,61.95406461695226,0.0045541236682451,0.0021595097039099,3.872129038559494,2062.833728261629,3.485016539374094,1.8423238780245363,0.8423238780245363
1.238865882892474,0.0292981395889935,0.007484257708106,199111636272.7353,7842.954181371799,0.0129381023684486,7.153716442595889,7.863818848617276,0.65,2.0,0.002,4,11.141351675152146,44.56540670060858,100.27216507636932,178.26162680243434,0.0030834301911394,0.0014420796988088,11.141351675152132,5220.333574624809,1.0652774954609525,0.7058226935027521,0.29417730649724794
1.733448345835935,0.063051171960537,0.0192440456435119,206761497204.94528,7818.86650837764,0.025186901360771,8.299125223672403,25.826046823323487,0.65,2.0,0.002,4,14.933677129310686,59.73470851724274,134.40309416379617,238.93883406897095,0.0001425133000372,4.5907824108279264e-05,14.933677129310691,72394.82141612994,8.222696285213397,1.729382964402925,0.729382964402925
2.994115658127723,0.0328050016671816,0.0065014003798911,202480288434.77203,7930.877497469997,0.0077337823938485,4.952031334660906,0.537206352589675,0.65,2.0,0.002,4,1.66161259669226,6.6464503867690405,14.95451337023034,26.58580154707616,0.0445798627730797,0.0240804317865749,1.6616125966922575,276.01080487296247,2.5322512545079645,0.3233042128225809,0.6766957871774191
2.3295173380464367,0.0597321580578964,0.0128774711737484,198556865785.75388,7883.840183799488,0.0324722516661604,4.950807566775376,2.311189521681878,0.65,2.0,0.002,4,5.400096174266972,21.600384697067888,48.60086556840275,86.40153878827155,0.0012833961831489,0.0007023753503242,5.400096174266948,8131.586408168008,7.063379741771812,0.4279904370398768,0.5720095629601232
1.5102783007898433,0.0784022333227042,0.006288983031435,186427615516.6939,7775.327005952714,0.0404452907528697,8.855153495538437,9.55116332309568,0.65,2.0,0.002,4,6.121974305851512,24.487897223406048,55.09776875266361,97.9515888936242,0.0027573556986624,0.0010248030149785,6.12197430585148,4283.484983467797,2.8950395890891487,1.560144300828987,0.560144300828987
1.501729614914461,0.0717295348528288,0.010758348623392,187984601510.172,7787.178874604094,0.0164839088441752,2.4346327361287208,13.092655960320378,0.65,2.0,0.002,4,10.6282665918256,42.5130663673024,95.6543993264304,170.0522654692096,0.0003919393732062,0.0001624356868142,10.628266591825524,20121.953635433118,4.512170776432688,1.2318712413922963,0.2318712413922963
1.0254530989012494,0.0462364253260577,0.0075874461683101,218343409872.24817,7923.435507307977,0.0382786306484666,4.587987113792276,11.445484116930226,0.65,2.0,0.002,4,17.175387878269635,68.70155151307854,154.57849090442673,274.80620605231417,0.0004102725384153,0.0002062898356693,17.17538787826954,16597.85822315155,1.4252111340886118,0.6663886835074717,0.3336113164925283
1.0371920631849207,0.0441960726529171,0.0066673711123888,184310656755.78223,7885.044406745628,0.0499773744210447,2.0253680252470723,8.332658716921427,0.65,2.0,0.002,4,13.58747209066801,54.34988836267204,122.28724881601212,217.39955345068816,0.0003047831212298,0.0001540062096719,13.587472090667994,8782.30887667107,1.2049572539908906,0.6132604108636497,0.3867395891363503
1.5815122859197588,0.0489128082315603,0.0098409446370742,182927623991.4817,7724.851623157126,0.0148498669986378,8.172311463157731,5.418092156475798,0.65,2.0,0.002,4,8.68191392874396,34.72765571497584,78.13722535869564,138.91062285990336,0.0021191458185225,0.001026940836096,8.681913928743898,8749.49114043499,2.9403031354302738,0.6240665596254868,0.37593344037451315
2.0615073423670185,0.0438232048988482,0.0170192752537283,184648166906.27145,7772.427204693648,0.0242712917273362,2.385036819758451,3.299057201421712,0.65,2.0,0.002,4,8.851048347103557,35.40419338841423,79.65943512393203,141.6167735536569,0.0002313011772445,0.0001246148330608,8.851048347103557,18480.16795014198,5.97525922574567,0.3727306723503895,0.6272693276496105
1.0807964377112411,0.0287991992582479,0.0119378967735957,186300535907.3621,7807.502169985537,0.0465229257246531,2.0840348261545247,8.894914275204068,0.65,2.0,0.002,4,22.637072374599114,90.54828949839646,203.73365137139203,362.1931579935858,6.638308911322218e-05,3.647596361411956e-05,22.637072374598976,29345.026760598226,1.4505551805782917,0.3929357174819584,0.6070642825180417
2.15869318876922,0.057532300975097,0.0135560797496766,187446498691.0272,7889.224238829884,0.0082959422862429,5.9528801170142565,6.335149833929341,0.65,2.0,0.002,4,6.42988259090466,25.71953036361864,57.868943318141945,102.87812145447457,0.0184890411769696,0.0084759993330374,6.429882590904627,10839.44153237891,6.641116285785331,0.9852667983223691,0.014733201677630925
1.0514439022168534,0.0539750758120886,0.0110185928125019,202063608505.48044,7721.803282599001,0.0473657384774418,5.9543372031911215,44.62354054982793,0.65,2.0,0.002,4,23.11893693518919,92.47574774075676,208.0704324167027,369.90299096302704,5.876490411680635e-05,1.926067205743567e-05,23.118936935189158,50943.60766174781,2.4143167072699847,1.930172683758083,0.930172683758083
1.5983757047704077,0.0656719734516437,0.0053414618227808,184164647012.46112,7664.746036001311,0.0190588251592628,4.089573429780846,4.919596854720662,0.65,2.0,0.002,4,4.647141442524014,18.588565770096057,41.82427298271613,74.35426308038423,0.0224903978270369,0.0127860392152434,4.647141442523992,1831.9700028660318,2.1487546983275525,1.058628603318063,0.058628603318062966
2.550638427571056,0.0546535730071107,0.0088963004078931,215017561083.5186,7604.326453951583,0.0152347985057269,4.096951206336251,4.138280184473548,0.65,2.0,0.002,4,3.2972166637963785,13.188866655185514,29.674949974167408,52.755466620742055,0.0103527637900835,0.0050642194889478,3.2972166637963767,2023.7756376334894,4.715281822331356,1.2550828794213302,0.25508287942133023
1.9564292583392424,0.0667338159031943,0.0153225576443814,185216230137.5877,7909.385124402154,0.0240567041696565,6.0178014783093845,5.181178228123597,0.65,2.0,0.002,4,8.784162849811688,35.13665139924675,79.05746564830518,140.546605596987,0.0006302190435801,0.000310087629866,8.784162849811686,24099.864058042625,7.911413771407639,0.5898317593502573,0.41016824064974267
2.837591233363127,0.0343409018625059,0.0140051432522057,185740771817.94028,7898.911484568846,0.0107386005501299,9.999826635578168,1.400114784843637,0.65,2.0,0.002,4,3.824609868496639,15.298439473986557,34.421488816469754,61.19375789594622,0.0079962709881083,0.0044504911722807,3.8246098684966263,3112.5788086701605,5.389969864285794,0.3660804194373929,0.6339195805626071
1.6026490143138838,0.0417665333531702,0.0156333190495474,194523068450.43387,7601.2593604784,0.0462623585301,5.9351014898947945,8.089064368785637,0.65,2.0,0.002,4,13.96195981980464,55.84783927921856,125.65763837824176,223.39135711687425,0.0003679004264728,0.00018818774946,13.961959819804559,30607.376231847087,3.977164896751016,0.5793645357230994,0.4206354642769006
2.837595985964685,0.0684100668314273,0.0065620203141083,185356625746.14236,7627.844400719442,0.0271960193635077,0.8996404161527949,2.737274192344007,0.65,2.0,0.002,4,1.8216663960610076,7.286665584244029,16.394997564549065,29.14666233697612,0.0039798532412678,0.0019842161872519,1.8216663960609853,636.4692215355437,4.858251305054831,1.5026210058344673,0.5026210058344673
1.9489718484431415,0.0273578090154133,0.0098642515276983,202731041569.9112,7740.429755397519,0.041609681391754,9.48425953087587,3.830375955380098,0.65,2.0,0.002,4,6.026426283703343,24.105705134813373,54.23783655333009,96.4228205392535,0.0086335987862322,0.0043363970357242,6.026426283703329,2918.5391888899676,2.0355702516728678,0.6355965832915282,0.36440341670847176
1.02507041935695,0.074587537029762,0.0146271983626883,203320570648.8497,7680.635804344945,0.0364975783442886,6.804820972415623,10.02999673810428,0.65,2.0,0.002,4,32.47693801025076,129.90775204100305,292.29244209225686,519.6310081640122,3.063590538289997e-05,1.7272589124589037e-05,32.476938010250734,178837.33311988597,4.294852917446697,0.3088344330656573,0.6911655669343427
2.307182743175113,0.0257900289748275,0.0121856860819193,181989150135.90872,7758.030289474444,0.0461921546363486,2.3988017253654887,9.607888412976967,0.65,2.0,0.002,4,5.027617897766925,20.1104715910677,45.24856107990233,80.4418863642708,0.0009990517826293,0.0003791520388332,5.027617897766907,2806.658349939715,2.8125826017516196,1.9110220005471092,0.9110220005471092
1.0121112813193147,0.0785115998998122,0.0058221179101979,181739115791.493,7955.98479027573,0.0489216564623384,8.460894776958895,5.5576501202114015,0.65,2.0,0.002,4,12.3177377212359,49.2709508849436,110.8596394911231,197.0838035397744,0.0006989712391117,0.0003911937417022,12.317737721235778,11023.732850503691,1.8403780219921342,0.4511908149034553,0.5488091850965446
2.974983778698132,0.0633007599701328,0.0173816162275353,217726662369.99347,7615.831385888427,0.0398488929816505,3.92482971004224,8.400950183480637,0.65,2.0,0.002,4,4.761539091458368,19.046156365833472,42.85385182312531,76.18462546333389,0.0006848842980865,0.0002543728124596,4.761539091458344,11156.435335385648,12.464389375557616,1.7643350232178037,0.7643350232178037
2.5011455213449683,0.0506159464781282,0.0080146613961481,214016341922.1374,7736.061283694304,0.009624954237728,4.218410344736488,3.767986224574438,0.65,2.0,0.002,4,3.0556248231500454,12.22249929260018,27.500623408350403,48.889997170400726,0.0164542216667779,0.007822340200182,3.055624823150042,1446.6424447531115,3.9246542934816637,1.2331311737054236,0.23313117370542358
1.676569836371879,0.0670630718834749,0.0127902943051179,199067111042.3552,7636.439168262891,0.0463550214712722,2.9024248721049046,9.367689687247047,0.65,2.0,0.002,4,10.534666792888576,42.1386671715543,94.8120011359972,168.5546686862172,0.0006409627278287,0.0003627358085347,10.534666792888531,24057.35482413809,5.490937870853445,0.8892250577465576,0.11077494225344242
2.449710452457049,0.0232372652112954,0.0056094801726973,197689721347.89743,7752.741205867423,0.0295586833393097,7.05616645424932,1.62166339620374,0.65,2.0,0.002,4,2.1403596837366305,8.561438734946522,19.263237153629674,34.24575493978609,0.1527977385614665,0.0804588178777115,2.140359683736603,223.8622885103958,1.2377920203930872,0.7576592890091576,0.24234071099084242
1.7418423543988677,0.0733158142285572,0.0108177961039801,213807505099.63965,7822.245208052633,0.0053426616900155,1.96849345774183,15.85982906665783,0.65,2.0,0.002,4,8.452712784596137,33.81085113838455,76.07441506136524,135.2434045535382,0.0001398863216342,6.329403167788926e-05,8.452712784596104,15240.481628119307,5.4031463426014605,1.876300481374473,0.876300481374473
2.0221334109129563,0.0717749608582042,0.0059189346007365,183051713317.75467,7662.064367533616,0.016905696492639,7.119393712706295,3.716273248577108,0.65,2.0,0.002,4,3.2082424919834454,12.83296996793378,28.87418242785101,51.331879871735126,0.0325159595887027,0.0163466608207539,3.2082424919834174,1337.3227138754978,3.2911078247843033,1.158351732408984,0.15835173240898404
2.321584487696822,0.0555298597455485,0.0147158431679836,204431662747.20752,7606.668827315336,0.0128508282304843,1.7391628192640194,2.4153000552912145,0.65,2.0,0.002,4,6.418332981030227,25.67333192412091,57.76499682927204,102.69332769648364,0.0003045366729809,0.0001662350266266,6.4183329810302014,11734.509992614741,7.215405342075051,0.3763126753363825,0.6236873246636174
1.8804656527281696,0.0747132371241683,0.0111350636889383,193867444364.0784,7642.953121039609,0.0211140909062239,3.436166251215884,12.39646584998045,0.65,2.0,0.002,4,7.191392511903209,28.76557004761284,64.72253260712888,115.06228019045136,0.0003884864354399,0.0001429241959279,7.191392511903206,12205.978152207284,5.978426089332543,1.7237921347585738,0.7237921347585738
2.507404189660225,0.0500017187339405,0.0085019528654736,212435050141.7436,7649.807286947731,0.0238115867806107,8.191493686025124,5.307832076961809,0.65,2.0,0.002,4,3.231373001053064,12.925492004212256,29.08235700947758,51.70196801684902,0.010060763630573,0.0042322468050689,3.2313730010530413,1680.6697857673762,4.077072852618077,1.6425934348130315,0.6425934348130315
2.485017971622843,0.0608435866794883,0.0052199266430508,213456394064.7428,7660.340206016222,0.0290070056880953,7.788950217411798,2.7051963944462365,0.65,2.0,0.002,4,2.023322641741712,8.093290566966846,18.209903775675407,32.373162267867386,0.0572536463988865,0.0269989635094727,2.023322641741699,488.5587803319204,3.0229210383271456,1.3370069304011607,0.3370069304011607
2.606964092583301,0.0675650496925908,0.0149720114827242,215769303329.1386,7935.210101438168,0.0109960703698073,9.571126469102486,9.40296638476442,0.65,2.0,0.002,4,5.209006763905967,20.836027055623862,46.88106087515371,83.34410822249546,0.0014795751858327,0.0006525242922185,5.209006763905963,11208.18563495702,10.463229130170172,1.8051361441722578,0.8051361441722578
2.1485489623526863,0.0288864848375475,0.0189289194514226,211917252541.4248,7693.527709704431,0.0184000220639669,3.877001746830508,9.07302271851474,0.65,2.0,0.002,4,9.758542620672689,39.03417048269075,87.8268835860542,156.136681930763,0.0028350921663138,0.001480108694097,9.758542620672676,16989.90554432847,4.519197288799924,0.9297518155317865,0.07024818446821346
2.418200528663677,0.070612438396509,0.0174648745511811,189243503077.0938,7863.211494761548,0.0170181273513795,6.321562834285674,5.720157462301687,0.65,2.0,0.002,4,6.643862132721783,26.575448530887133,59.79475919449605,106.30179412354852,0.002587551467815,0.001293028308609,6.64386213272175,20431.954495424616,11.724894735911082,0.8609687178981761,0.13903128210182392
2.659937661361912,0.0533725065593747,0.0189252185901458,185792390865.6775,7742.283437355089,0.040234640530209,3.14975150758163,5.925652013853173,0.65,2.0,0.002,4,5.941644585380637,23.76657834152255,53.474801268425736,95.0663133660902,0.0038539927102132,0.002094429844009,5.941644585380629,14495.797359948738,10.400854786447432,0.9973083931060426,0.002691606893957421
1.1275151457157984,0.0535655168196775,0.0086127442254332,199832317530.0755,7995.764532353928,0.009071281221569,5.981115026192611,7.632811770613279,0.65,2.0,0.002,4,15.357796187567512,61.43118475027005,138.2201656881076,245.7247390010802,0.0003372089085332,0.0001916330350349,15.357796187567391,19364.07565170762,2.079597249565849,0.4969991577823044,0.5030008422176956
1.4849657060566654,0.0487918040330639,0.0152488753648821,189130115018.53683,7732.294296821947,0.0468673077915117,0.5808359694848849,15.963875563565653,0.65,2.0,0.002,4,15.508163685131343,62.03265474052538,139.5734731661821,248.13061896210152,0.0001087587583826,7.141199817497895e-05,15.508163685131251,40556.45472001749,4.271490989110354,1.0293852894312254,0.029385289431225425
1.5339877246577194,0.0596003518281184,0.0050726532636033,195098651894.36685,7943.185475172429,0.0311241286332366,2.680174594640124,8.748835980685328,0.65,2.0,0.002,4,4.844516567118256,19.378066268473024,43.6006491040643,77.5122650738921,0.0015115024197986,0.0005811831302767,4.844516567118165,1706.5979544186375,1.8419192772031319,1.8059254952429045,0.8059254952429045
2.871136844064017,0.0562022767866832,0.0054136694096119,209374508204.0424,7652.293747588418,0.0444770367330775,9.488470044818282,2.260916476485224,0.65,2.0,0.002,4,1.5576837407982853,6.230734963193141,14.019153667184568,24.922939852772565,0.0870411403151463,0.0417631186454375,1.557683740798272,320.1691483994563,3.342421149325202,1.451460535452828,0.45146053545282805
1.143174604303832,0.0221859168385916,0.0116476698086793,204685143107.38583,7947.554093356721,0.0099861977764687,2.047060980254133,23.66139265723095,0.65,2.0,0.002,4,20.51018524283592,82.04074097134368,184.59166718552328,328.1629638853747,0.0003985813603752,0.0001623632794097,20.510185242835885,19495.36625716714,1.173903767060536,1.15364109963345,0.15364109963345007
1.4196727541397332,0.0235692263283937,0.0072343731458316,194208937612.84744,7768.492820987483,0.0294103010489107,8.15452114581909,1.824115330383444,0.65,2.0,0.002,4,8.138041242198085,32.55216496879234,73.24237117978278,130.20865987516936,0.0031361310897882,0.0019734877623336,8.138041242198081,2458.3332931346035,0.9402454775578987,0.22414672967309163,0.7758532703269083
1.0399398844571273,0.0552720089348271,0.0089679554178316,207461169172.4373,7911.037134945659,0.0324975725166416,9.89798517273851,26.135067736372505,0.65,2.0,0.002,4,19.255638491853507,77.02255396741403,173.30074642668157,308.0902158696561,0.0004678568963978,0.0001726516085334,19.255638491853325,29845.98643051223,2.0389677318689867,1.3572683007852338,0.35726830078523375
2.148542939839172,0.031233837565391,0.010525759063382,190683651065.4965,7931.572392594986,0.0115003129783672,6.497173769239749,9.992188105833298,0.65,2.0,0.002,4,5.069576564491896,20.278306257967586,45.626189080427054,81.11322503187033,0.0024631397983279,0.0011956999892486,5.069576564491874,2842.2038033727745,2.8012515290827924,1.9710103947971085,0.9710103947971085
1.3198746753253072,0.0792227248846241,0.0146477558116979,186941793883.1692,7905.835334469511,0.0320845323866199,7.253256935370487,23.21372214358372,0.65,2.0,0.002,4,18.54019398993372,74.16077595973488,166.86174590940348,296.6431038389395,0.0002120766988038,8.555558068090247e-05,18.54019398993364,82159.84604963192,6.054403092318356,1.2520754721437952,0.2520754721437952
1.3053802676828414,0.0612520361065923,0.0057105876009423,191463750596.5525,7655.915036187947,0.0248484843327777,4.202102342744177,8.658613691175892,0.65,2.0,0.002,4,7.599424303779743,30.39769721511897,68.39481873401769,121.5907888604759,0.0043006332352506,0.0020257590392817,7.59942430377968,3984.98420604882,1.747855320484807,1.1393775824399501,0.13937758243995013
2.0499896438567404,0.0213737714186273,0.0099461349650377,196917096920.16623,7797.707904695683,0.0155055238695706,0.4375921769845379,3.931125757560976,0.65,2.0,0.002,4,5.393100318314993,21.57240127325997,48.53790286483494,86.28960509303988,0.0008933952643306,0.0004369355499258,5.393100318314941,1951.0162076779711,1.699120356202974,0.7289176031476539,0.27108239685234614
1.3888679739579994,0.0367080758822383,0.0094906222900355,180462819024.7651,7812.172110320757,0.0267211229885068,1.333567065915205,21.25726151561346,0.65,2.0,0.002,4,10.722843899840065,42.89137559936026,96.5055950985606,171.56550239744104,0.0001029454043304,3.673816313103043e-05,10.722843899840006,8579.041824556989,1.889988149072374,1.982427583034258,0.9824275830342579
1.6838538770913207,0.063058348858494,0.0171114740896442,219949734802.6706,7718.544822804466,0.0233573878009077,1.4545306524933004,18.03797437851833,0.65,2.0,0.002,4,14.608374087834546,58.433496351338185,131.47536679051092,233.73398540535277,8.429849403920866e-05,3.410718881945672e-05,14.608374087834525,59074.94893918183,7.011966860973188,1.2347694733214623,0.23476947332146225
2.653068512029394,0.0363263691733575,0.0190563638222106,214767852391.77148,7904.908242771915,0.0321686354747351,2.223117754107031,6.600295035283143,0.65,2.0,0.002,4,6.3989479843029375,25.59579193721175,57.59053185872644,102.383167748847,0.0033181599016678,0.0019337316208508,6.3989479843029144,11734.22002202558,7.259008930008453,1.0314656489588832,0.03146564895888315
1.617939084818632,0.0784855600127366,0.0086221712782307,208922843499.2418,7829.561317428735,0.0363591522286159,6.475183671430893,11.357876113246483,0.65,2.0,0.002,4,7.715175616122338,30.860702464489357,69.43658054510104,123.4428098579574,0.0010462811212518,0.0004063642044285,7.7151756161223135,10072.270406305877,4.286235289946997,1.4721474504756653,0.4721474504756653
2.765457367151744,0.0295801595386209,0.0189816210524569,208867226661.2256,7800.286294587857,0.0060409630571294,2.606539123762351,9.957198431837892,0.65,2.0,0.002,4,5.8238274112307735,23.29530964492309,52.41444670107697,93.18123857969238,0.0006963274773177,0.0003151237837479,5.823827411230765,8108.827374743171,6.055936684052819,1.7097344630502385,0.7097344630502385
1.4358539568660624,0.0292115540706122,0.0081738017829292,183848375354.623,7833.151666794783,0.0177192519276903,9.137875278039155,11.358387014951465,0.65,2.0,0.002,4,8.709524547547236,34.838098190188944,78.38572092792514,139.35239276075578,0.0054516118184418,0.0022179379702794,8.709524547547238,4021.0938092316637,1.342751274280453,1.3041339918090242,0.30413399180902423
2.733610465902263,0.0547244437294381,0.0175155175733643,218549795082.3512,7892.864597709844,0.0063954719492742,7.144141711438406,6.7911600081892844,0.65,2.0,0.002,4,5.592897336538138,22.37158934615255,50.336076028843245,89.4863573846102,0.0038477802320585,0.0017752953882922,5.592897336538123,12769.651581476248,10.34059707655365,1.2142472138408424,0.21424721384084244
1.4819851165578684,0.0514335204080744,0.0186977115131603,194127992445.70468,7789.083796154495,0.0469780127574672,5.043204783567306,33.83489851771024,0.65,2.0,0.002,4,19.272183327170584,77.08873330868234,173.44964994453525,308.35493323472934,5.905769175509948e-05,1.880392513820941e-05,19.272183327170538,81387.27382311947,5.550536056993306,1.7556339073429592,0.7556339073429592
2.7607606002553844,0.0521720247866825,0.0143268804479113,190927487660.03503,7620.207878548802,0.0317555424000889,3.018076412707354,5.949744303221089,0.65,2.0,0.002,4,4.266524202761379,17.066096811045515,38.398717824852405,68.26438724418206,0.0018413947434115,0.0007721350608467,4.266524202761364,5650.190160008706,7.862395759061994,1.3945178839886383,0.3945178839886383
1.1861991752353591,0.0396241749336523,0.0187958590521269,217563824491.28864,7825.305792412618,0.0103185642149735,4.620265442173901,30.404717942560847,0.65,2.0,0.002,4,31.938821090173203,127.7552843606928,287.44938981155883,511.0211374427713,0.0003485460830327,0.0001719399312921,31.938821090173196,139203.0822732741,3.4566177174293826,0.9519674460343699,0.04803255396563011
2.387039946409752,0.0200007901133724,0.0058916295992646,207938497635.02225,7921.160059182708,0.0372965706900227,6.663821201280161,3.5392093933029765,0.65,2.0,0.002,4,2.4022509406496577,9.60900376259863,21.62025846584692,38.43601505039452,0.0627787371362929,0.0284696147343265,2.4022509406496404,253.80346615722968,1.1140407268179757,1.4732887948608187,0.47328879486081865
2.862472471380204,0.0271840153100673,0.0067565534885016,183508360476.43076,7863.145314016211,0.023837373535567,7.765782019804248,2.543730250191356,0.65,2.0,0.002,4,1.8063487899711812,7.225395159884726,16.257139109740635,28.901580639538903,0.104299694339899,0.0493478366643519,1.8063487899711654,266.2621360727331,2.0670284304888678,1.408216543955479,0.408216543955479
2.353209725113939,0.035653757447843,0.0165344133265575,196449016341.1836,7922.013605882626,0.01733239335412,7.923771692559758,12.352079888520292,0.65,2.0,0.002,4,6.742235409923388,26.96894163969355,60.68011868931049,107.8757665587742,0.0011817895726387,0.0004634141859902,6.742235409923379,9861.15713888767,5.494906644384845,1.8320451804961027,0.8320451804961027
2.6720164297052573,0.0279302580158196,0.0116813119427275,181549568920.7241,7853.106657774758,0.015897299667858,9.3105128966077,4.683150744757537,0.65,2.0,0.002,4,3.5671345449469185,14.268538179787674,32.10421090452227,57.074152719150696,0.0236478745553341,0.0108101916938679,3.5671345449469034,1719.5543660333406,3.4230811408172377,1.3128606969399428,0.3128606969399428
2.5123574567428264,0.0465457307019565,0.0123002517252922,210474445363.1874,7701.5183958005455,0.0093718322317191,9.581623268201817,6.741588099351761,0.65,2.0,0.002,4,4.619467334759872,18.477869339039486,41.57520601283885,73.91147735615795,0.0059971193709462,0.0027290743654613,4.619467334759839,4666.219686559077,5.5388760171898594,1.4593864640244822,0.45938646402448224
1.0703106230542874,0.022697208344681,0.0078737935245022,204328340452.27808,7607.059949804449,0.0179034766140716,0.6758522241006634,14.96701254435757,0.65,2.0,0.002,4,16.152862219342552,64.61144887737021,145.37575997408297,258.44579550948083,0.00054444400963,0.0002777268324538,16.15286221934244,7493.968432605333,0.7275337507936763,0.9265857865385084,0.07341421346149157
1.4725351545566607,0.0369983503512095,0.0113602564723545,191107917218.5284,7746.697239571984,0.0225932276267737,6.078259153289605,7.030223108291557,0.65,2.0,0.002,4,11.799594832897531,47.198379331590125,106.1963534960778,188.7935173263605,0.0008922937720748,0.0004315657966758,11.799594832897514,13177.004146805826,2.397302044865253,0.5958020769231118,0.4041979230768882
1.0566227002740711,0.028288059975432,0.0139364704053958,211923975168.1877,7979.386304109447,0.0128912935674266,2.827726019881968,8.674810359795906,0.65,2.0,0.002,4,29.170742105499173,116.68296842199668,262.53667894949257,466.7318736879868,4.215239429015493e-05,2.3686079076320917e-05,29.17074210549905,55830.31590943229,1.6619402005248731,0.2973805166979484,0.7026194833020516
2.628658711600257,0.0491882762382009,0.0152051205536357,199063769463.6309,7897.834508511492,0.0110447845618502,4.5188748528169,4.027457725192225,0.65,2.0,0.002,4,5.009481897026952,20.03792758810781,45.08533707324257,80.15171035243124,0.0040906098326389,0.0020358661021655,5.009481897026941,7691.465001569031,7.76360995903039,0.8039669187311498,0.19603308126885022
1.726683219917405,0.0679368271434775,0.005017790313033,207454929443.74805,7686.322424486427,0.0362411147425799,4.435219944533753,0.9377947944312308,0.65,2.0,0.002,4,3.964779197367275,15.8591167894691,35.683012776305475,63.4364671578764,0.0036559905930262,0.0023766772415575,3.9647791973672524,1403.8373364043878,2.2621377122230997,0.23653140509160214,0.7634685949083979
1.153277322901763,0.0562480523130242,0.0197988661377363,206879381506.3177,7884.304614008772,0.0493063268694476,6.812314386300781,9.416064120267082,0.65,2.0,0.002,4,34.576336437299446,138.30534574919778,311.1870279356951,553.2213829967911,2.372479375331872e-05,1.426067016234583e-05,34.57633643729934,238964.0926042574,5.0630819883267675,0.27232683073124747,0.7276731692687526
2.502415711318716,0.0594304597083191,0.0191794965052796,215111823182.76337,7877.7261447783185,0.0122446006485699,4.88349426053732,3.0032420896463488,0.65,2.0,0.002,4,7.257369593149874,29.029478372599492,65.31632633834886,116.11791349039798,0.00048025628897,0.0002612093732991,7.25736959314985,23361.184083227345,11.235092007303928,0.41381964237856583,0.5861803576214342
2.980486694813901,0.0485933072030134,0.0154911724208793,208398437538.4237,7937.829299741916,0.0283156331837339,1.1657126316235868,7.952860510799056,0.65,2.0,0.002,4,4.051683553307028,16.20673421322811,36.46515197976324,64.82693685291244,0.0002925262601788,0.0001278477711693,4.051683553307014,5770.991920217631,8.90470819905768,1.962853319161086,0.962853319161086
2.0712000516629097,0.0216053156124021,0.0061406977602094,218950999416.19357,7898.494118053275,0.0476711104371,3.461303450081203,3.9742017502199656,0.65,2.0,0.002,4,3.417465950443358,13.669863801773433,30.757193553990223,54.67945520709373,0.0330019234337965,0.0172359252539009,3.4174659504433573,500.36026980420644,1.0852122534966975,1.1629089529639298,0.16290895296392982
1.1906793718164022,0.0410813747573084,0.0176402858437415,214790242126.6945,7723.84514788317,0.0373501438358655,5.816166864281267,58.61883992140236,0.65,2.0,0.002,4,29.753338797161227,119.01335518864492,267.7800491744511,476.0534207545796,2.776458474414505e-05,8.838098458773695e-06,29.75333879716108,116460.89697046207,3.3323374882442534,1.9701600657669884,0.9701600657669884
1.6614197053911968,0.0397240461503005,0.0139898593212659,205081293730.15155,7839.424842225929,0.0080824157163533,9.69842107616619,17.457549224036637,0.65,2.0,0.002,4,11.754517608603914,47.018070434415655,105.79065847743524,188.07228173766265,0.0008869069779472,0.0003676894176818,11.754517608603914,19741.02715607409,3.61909836731661,1.4851778529182937,0.48517785291829374
1.2239666477425746,0.042125123184014,0.0127515714765442,216799033836.0713,7926.625331781618,0.0223917216347486,8.87348301455539,17.776998019839255,0.65,2.0,0.002,4,20.185443781337064,80.74177512534825,181.6689940320336,322.967100501393,0.0009643952195651,0.0004684264847179,20.185443781336936,41914.96935095326,2.60575039574035,0.8806840321378279,0.11931596786217213
2.6380494674387487,0.0625311281792839,0.0163411418817186,191950752634.75415,7751.642325108317,0.0275653818794854,5.902991379330993,7.656213406686769,0.65,2.0,0.002,4,5.298388895183019,21.19355558073208,47.68550005664718,84.77422232292831,0.0015021480254925,0.0006194561469147,5.298388895182989,11579.044687098864,10.447811529856217,1.445007823726829,0.4450078237268289
1.627460086564552,0.0338486447176487,0.0058871250082816,200120884025.9021,7750.177698100662,0.0068148134963766,8.142825638465474,8.475728081050429,0.65,2.0,0.002,4,5.121559180416153,20.48623672166461,46.09403262374537,81.94494688665844,0.0086436331078766,0.0039912132374314,5.121559180416076,1301.3696697717096,1.2567142890752614,1.654911674839196,0.6549116748391961
2.1231236097076684,0.0200847432282291,0.0102236696782164,206035458769.0876,7818.930546922103,0.0301938035905261,1.657727334441207,3.85668568006289,0.65,2.0,0.002,4,5.279378632495193,21.11751452998077,47.51440769245673,84.47005811992308,0.0034441063954923,0.001703287276972,5.279378632495146,1875.3878157820236,1.704377266066285,0.7305188637777508,0.26948113622224923
1.3619664677697696,0.0347450687741222,0.0143574841603611,185635665328.20355,7634.248532134569,0.0083163745414151,6.100881383195863,28.529251636167675,0.65,2.0,0.002,4,17.307021444397247,69.22808577758899,155.76319299957524,276.91234311035595,0.0002307843571658,8.319581665346007e-05,17.30702144439724,30667.518473509917,2.593428237957912,1.6484206556179763,0.6484206556179763
2.6666427556291805,0.0579109285186939,0.0116330310353537,198474904309.94333,7998.66291145338,0.0113604727140622,2.134609170643313,4.897996736382157,0.65,2.0,0.002,4,3.695188246400965,14.780752985603858,33.25669421760868,59.12301194241543,0.0023556549340759,0.0011135076963471,3.6951882464009613,3872.919984960393,7.184650591436726,1.3255066886383142,0.3255066886383142
1.8605240151565536,0.071146848709497,0.0079990322283712,201006279419.1204,7625.315219700169,0.0380679301321719,9.426788390665694,9.24058597678129,0.65,2.0,0.002,4,5.379873351696205,21.51949340678482,48.418860165265855,86.07797362713929,0.0026855872648299,0.0009798746121677,5.379873351696161,4612.751322520883,4.036976314194936,1.7176214703767938,0.7176214703767938
2.1836113542892823,0.0759918732700658,0.00858554981626,208792948472.43015,7675.751401765703,0.0335981742643991,1.463421860444901,7.331588434794727,0.65,2.0,0.002,4,4.258377338974289,17.033509355897156,38.3253960507686,68.13403742358862,0.0005804812422589,0.0002226179358312,4.2583773389742445,3914.2587631428196,5.4676601390410795,1.7216859501137483,0.7216859501137483
1.5176698363702343,0.0707471502861565,0.0055329487704353,202380375098.91843,7888.648614011987,0.0175989959220264,8.648569983875857,3.489659929384409,0.65,2.0,0.002,4,5.517142360099308,22.06856944039723,49.65428124089377,88.27427776158892,0.0067482530315469,0.0033309809784638,5.517142360099271,2815.811874452212,2.3432332362789103,0.632512214044377,0.36748778595562304
1.14744662562682,0.0628630832841605,0.0074340840705988,206647780930.07,7760.2830711436145,0.0062701614098414,0.6497426624163105,11.979855646565465,0.65,2.0,0.002,4,13.211992766599703,52.84797106639881,118.90793489939732,211.39188426559525,0.0002872918023536,0.0001348410166883,13.211992766599632,14338.3639016224,2.0806700087007903,0.9067410085820625,0.09325899141793748
1.22737699056915,0.0799645151612787,0.0157996516122863,205172889532.41052,7735.9133981943905,0.0440511396298334,9.109609961673067,36.72315243398459,0.65,2.0,0.002,4,24.49204212633621,97.96816850534483,220.42837913702587,391.87267402137934,7.459638350899405e-05,2.6181070744369576e-05,24.4920421263362,142041.13446856898,5.997971531212736,1.4993911999888454,0.4993911999888454
1.8060975653405424,0.034989480419109,0.0115526704878445,218304493036.8697,7803.683715897449,0.0261270289264937,7.48811075365306,7.494100192489411,0.65,2.0,0.002,4,8.493970210440056,33.97588084176022,76.4457318939605,135.9035233670409,0.0060539192497468,0.0031110025161893,8.493970210440041,8113.56937788526,2.848595279916692,0.8822847274974336,0.11771527250256641
2.460580535965832,0.0637442432847824,0.0080227936990811,197963725454.4475,7924.469876411655,0.0221688576743289,9.844125661170295,2.572608263948874,0.65,2.0,0.002,4,3.0032218144831826,12.01288725793273,27.028996330348644,48.05154903173092,0.0441524424007152,0.0241605562447041,3.003221814483156,1775.3294547712258,4.985909624323568,0.856616135225966,0.14338386477403398
2.511393018848505,0.0406971099092039,0.0074040872027463,206636588024.09973,7800.347491810708,0.0292653750945054,8.291187356131534,2.207668128136342,0.65,2.0,0.002,4,2.739794879962034,10.959179519848137,24.658153919658307,43.83671807939255,0.0571739328573918,0.0298909591464528,2.7397948799620075,874.6404680773779,2.9514384537044966,0.8057786165973693,0.19422138340263073
2.654016029215999,0.0583696661294316,0.016026206663928,208468684796.87183,7943.373794029273,0.0132706431435248,0.1081637066633852,6.7512030613933085,0.65,2.0,0.002,4,5.285314357632797,21.141257430531187,47.56782921869518,84.56502972212475,4.9747462199874094e-05,2.238114912426857e-05,5.285314357632793,10874.214031020634,9.860444514481175,1.27735128027788,0.2773512802778799
1.1123347779154404,0.0349862478630886,0.0163294617727204,196490724779.57132,7824.206792900742,0.0475190879911946,0.5580905063418763,30.272958750923685,0.65,2.0,0.002,4,29.990310326399296,119.96124130559718,269.9127929375937,479.8449652223888,4.0796374414178495e-05,2.770550213115235e-05,29.99031032639917,88274.79865252196,2.4860798845063887,1.0094246582128799,0.009424658212879855
1.098939828174152,0.0294058226927272,0.0090667414998505,185101693185.3676,7973.638508882534,0.0179743634639202,5.061599478638246,32.70264037121865,0.65,2.0,0.002,4,16.40248257744668,65.60993030978672,147.6223431970201,262.4397212391469,0.0002156192285108,7.500867484523212e-05,16.40248257744655,12406.918677251433,1.1681134609609642,1.9937616282662514,0.9937616282662514
1.134587695462311,0.0441677055466637,0.0089088349172214,192997200448.4485,7665.182898314922,0.0346478031250541,5.313646239127727,10.82666846011964,0.65,2.0,0.002,4,15.74665347521066,62.98661390084264,141.71988127689593,251.9464556033705,0.0005562267704027,0.000276272578634,15.74665347521052,16749.144271245008,1.7110249637991863,0.6875536111316437,0.3124463888683563
2.245084969721522,0.0376286186169076,0.0179550864031781,191340723470.3816,7660.630324873801,0.0482201380401943,9.651292421319644,11.568627325697715,0.65,2.0,0.002,4,8.072771162726989,32.291084650907955,72.65494046454289,129.16433860363182,0.0015327584220936,0.0006002868098091,8.072771162726985,14947.827829751903,5.809958986730698,1.4330428910349329,0.4330428910349329
1.2916855416876865,0.0584460059797356,0.0095177031327386,203006813972.4893,7973.5146238691,0.0181106129716936,5.1736669834140585,21.565373817258944,0.65,2.0,0.002,4,13.052034766394138,52.20813906557655,117.46831289754724,208.8325562623062,0.0002857190843923,9.70482329224253e-05,13.052034766394087,19265.477213526054,2.8645973810707193,1.6522614445361958,0.6522614445361958
2.5567198667073083,0.0496374408647799,0.0150241060750885,188001981292.33905,7933.286173271541,0.0400740827539306,3.802743981299284,9.814955669699332,0.65,2.0,0.002,4,5.073483540703787,20.293934162815148,45.66135186633408,81.17573665126059,0.000625795773996,0.0002425888860271,5.073483540703763,7685.578154000046,7.563177534559473,1.934559477912066,0.9345594779120661
1.490662692566795,0.0239729191766081,0.0151628463776036,180946454141.37057,7923.78825394349,0.046811967131804,7.13265224523038,18.81896560354068,0.65,2.0,0.002,4,14.786310850460625,59.1452434018425,133.07679765414562,236.58097360737,0.000907055740573,0.0003799498244736,14.786310850460579,18529.483130689467,2.1467620249075474,1.2727289310947014,0.2727289310947014
2.3842270958797944,0.0449832127699873,0.0199586751728906,199197255448.5149,7975.706354556927,0.0342324702995067,9.482608055568774,8.682586824806823,0.65,2.0,0.002,4,7.956513844008925,31.8260553760357,71.60862459608033,127.3042215041428,0.0040311736781225,0.0021776823943909,7.956513844008923,21334.100769207424,8.53628605048592,1.0912551646403048,0.09125516464030481
1.1803439529789823,0.0460024349875645,0.0102911730778744,208818366114.238,7831.61064327962,0.0271204595301649,4.921122614819452,33.54196338366859,0.65,2.0,0.002,4,17.29560587094534,69.18242348378136,155.6604528385081,276.72969393512545,0.0001130059236628,3.7505481593276754e-05,17.29560587094534,25840.842623755947,2.18814135501209,1.9393343970687542,0.9393343970687542
1.6409823233560323,0.0785677034415024,0.0109951420274545,207417108830.44052,7609.291032938703,0.0230027650760639,8.763565371892865,12.55116773626078,0.65,2.0,0.002,4,9.666571835089636,38.666287340358544,86.99914651580671,154.66514936143415,0.0011945467708781,0.0004797737712764,9.666571835089588,19896.088613898213,5.393404640861539,1.298409399979849,0.29840939997984894
1.5067361271252018,0.0453707364037873,0.0092756016364288,200618648109.94055,7818.640949559563,0.043106416718261,2.586653866609546,17.159833790545026,0.65,2.0,0.002,4,9.384625671256586,37.53850268502634,84.46163104130927,150.15401074010538,0.0002647772385707,8.917202658591345e-05,9.384625671256511,8618.86419924127,2.478885073492499,1.8285048750641844,0.8285048750641844
1.0724096269121512,0.0782259750254193,0.0070926035135936,189302489342.0996,7989.9869127618895,0.0396964848494018,9.372109135747216,22.485703090456585,0.65,2.0,0.002,4,13.611897104389367,54.44758841755747,122.50707393950432,217.79035367022988,0.0004471938354829,0.0001466140102822,13.611897104389223,17387.233873817473,2.377023329090124,1.6519154470544712,0.6519154470544712
2.913777200632384,0.0314311836192441,0.0077477090545051,197801411833.2613,7675.722543680227,0.0120518805328523,1.0492074232407465,2.8406690014931586,0.65,2.0,0.002,4,2.1006076156423985,8.402430462569594,18.90546854078159,33.609721850278376,0.0096994823473496,0.0047038623423426,2.100607615642387,474.38315617756,2.7232007134476457,1.3523082465948566,0.3523082465948566
2.3561881217596565,0.0707604536784745,0.0056038060990988,197985307536.90723,7956.995075874931,0.038732837851529,9.91889639332652,2.640564916764631,0.65,2.0,0.002,4,2.283149582945521,9.132598331782084,20.54834624650969,36.53039332712834,0.0776493436644271,0.044240030228036,2.283149582945498,764.94680011808,3.717087326196266,1.1565448608750506,0.1565448608750506
1.8333319960797605,0.0392927409344539,0.0162323116950058,212055577353.7089,7796.502978556547,0.0451863958791336,1.524696091177727,20.35583509393337,0.65,2.0,0.002,4,11.420952273240454,45.683809092961816,102.78857045916408,182.7352363718473,7.465929082246566e-05,2.4435778705875835e-05,11.420952273240434,23472.969792494558,4.5583080331289425,1.7823238033861308,0.7823238033861308
2.557501807931589,0.0630134113495397,0.0117404225321568,190889662473.8064,7638.5563848614,0.0456171078444728,4.612185269352749,2.2958384929652604,0.65,2.0,0.002,4,4.068802813171375,16.2752112526855,36.619225318542384,65.100845010742,0.0028333757615506,0.0014960042597777,4.0688028131713665,4722.880796005454,7.2262662889258875,0.5642540566314159,0.4357459433685841
1.696342839639632,0.0733020967829183,0.0098865784576181,197763412670.2462,7989.158664796851,0.0435776383604169,7.019733095791586,5.792033909914383,0.65,2.0,0.002,4,7.751227112935431,31.004908451741723,69.7610440164189,124.0196338069669,0.001861993254688,0.0009398952497824,7.7512271129353785,11647.90329212309,4.910741747255907,0.747240898186113,0.25275910181388705
1.8095193161140208,0.0232976232885122,0.0179137941868148,180627501091.33212,7959.393454298191,0.0406336416620811,0.85064978040987,17.756476903075953,0.65,2.0,0.002,4,11.817955149020204,47.271820596080815,106.36159634118184,189.0872823843233,8.835343556383974e-05,3.210582439856789e-05,11.817955149020145,16571.308859044646,3.0054700206422376,1.5024999400635046,0.5024999400635046
2.959708143190679,0.0431501448971356,0.014729676391658,186092682511.26532,7856.558853305721,0.0163697929229701,6.171547314164173,1.3343844286382665,0.65,2.0,0.002,4,3.710847857025859,14.843391428103436,33.397630713232736,59.37356571241374,0.003930454077087,0.0021478137084353,3.7108478570258336,4017.2860646921727,7.389698573656816,0.35959017455049946,0.6404098254495005
2.056189120922017,0.0398556183298136,0.0172723516160314,217134685126.93652,7809.120119784831,0.0370113257256795,9.312337888699163,5.328510864066179,0.65,2.0,0.002,4,9.768281363253148,39.073125453012594,87.91453226927834,156.29250181205038,0.0010000251165162,0.0005299895464097,9.768281363253147,20819.5934088609,5.526831017125519,0.5454911325661914,0.4545088674338086
1.7486017942849446,0.0406344917278952,0.0050845922723377,219288194985.4923,7842.602332949219,0.0231047880765766,5.483311336732568,1.0883336210500285,0.65,2.0,0.002,4,3.987319870243554,15.949279480974216,35.885878832191985,63.79711792389686,0.0080074625822298,0.0046798950858853,3.987319870243511,889.188779523762,1.4166810449661202,0.2729486613732754,0.7270513386267246
1.1901914964598692,0.0635429376962856,0.0062673982823528,217437592908.02505,7654.963172015121,0.0481496110659086,8.028753343242457,13.564780903942248,0.65,2.0,0.002,4,10.69248439650902,42.769937586036086,96.2323595685812,171.07975034414434,0.0018567672632859,0.0007946289539659,10.692484396509018,8188.446642719527,1.8141973840666112,1.2686276080394379,0.26862760803943786
2.971242203024016,0.0791028018032522,0.0185916021614777,211937933793.1223,7707.652200289122,0.0194382533330234,5.51810012792826,6.055959446109052,0.65,2.0,0.002,4,5.00741117945253,20.02964471781012,45.06670061507277,80.11857887124047,0.0022947017934725,0.0010395506612569,5.007411179452523,16669.596919908054,16.839874577082302,1.2093992742116235,0.20939927421162352
1.3148160994083895,0.0408416947237881,0.0067929410780376,210059293396.95544,7851.02419929302,0.0267995136996298,3.067613769726436,14.900982614299505,0.65,2.0,0.002,4,9.216475379331426,36.8659015173257,82.94827841398285,147.4636060693028,0.0007117509995311,0.0002485741404574,9.216475379331355,4801.892210860545,1.4319337848347014,1.6167766961886632,0.6167766961886632
2.822788093634939,0.0657845338468006,0.0166765641296906,214474661867.75067,7910.665860312766,0.0305857963583011,7.171335265654024,4.6881138411630605,0.65,2.0,0.002,4,4.941522231761167,19.766088927044667,44.4737000858505,79.06435570817867,0.0098613549809704,0.0056981780223758,4.941522231761142,11807.907580742174,12.248748047060456,0.9487185570127917,0.05128144298720827
1.9180396635731132,0.0249968556494164,0.011190038327604,207914212127.10095,7951.947462057894,0.0149644297378637,8.779012247621921,13.827039747509676,0.65,2.0,0.002,4,7.052628338507973,28.21051335403189,63.47365504657176,112.84205341612756,0.0020314908404393,0.0008682407482482,7.052628338507935,4188.70503664745,2.133133550745719,1.9605513127656102,0.9605513127656102
1.1209344387728093,0.0321943839120354,0.0165311649746972,210174013284.1636,7901.550132526043,0.0056846622842129,8.07099283445024,30.474021088741445,0.65,2.0,0.002,4,30.768452080089293,123.07380832035716,276.91606872080365,492.2952332814287,0.0031203950641791,0.0018468616194028,30.76845208008919,88088.0767306626,2.3569268026877275,0.9904307506084039,0.00956924939159609
1.7239870842857143,0.0539584349478674,0.0183944565484554,204200782398.17905,7610.232612144987,0.0375172180485393,9.29734261141603,19.706812449612688,0.65,2.0,0.002,4,14.537105251686585,58.14842100674633,130.8339472651793,232.59368402698533,0.0003930847029596,0.0001492801894665,14.537105251686578,54320.512165144755,6.5110083107836685,1.3556215015590072,0.3556215015590072
2.980671043000255,0.0747690301334269,0.0055095251318998,201213278704.08057,7626.165210739154,0.0465757215645969,4.471294635581805,1.376792435853606,0.65,2.0,0.002,4,1.444410177022048,5.777640708088192,12.999691593198431,23.11056283235277,0.1094983148280189,0.0524354268788622,1.4444101770220386,385.626609569664,4.681943601906625,0.953186607070409,0.04681339292959097
1.7424359883439833,0.0474401940063142,0.0157807442370855,205392493377.4477,7871.35144543575,0.039524603621071,9.489510747784198,14.35976740613754,0.65,2.0,0.002,4,12.039562402687254,48.15824961074902,108.35606162418532,192.63299844299607,0.0012193741879915,0.0005485226772073,12.039562402687244,29378.608287688025,5.13393159557316,1.1927150610500945,0.1927150610500945
2.1790240615781924,0.0547657792832924,0.0097369635425146,218494047117.7169,7854.208524231222,0.0466877248988231,3.0758972647538947,5.852307598088762,0.65,2.0,0.002,4,4.904529340550968,19.618117362203872,44.14076406495871,78.47246944881549,0.003190406736893,0.001561730528784,4.9045293405509565,4333.329206028718,4.563176563227674,1.1932455066995962,0.19324550669959617
2.2630334996902546,0.0687768046776232,0.0075604001742966,197363458813.4805,7651.534891390781,0.0482036948593414,0.7206480573053313,1.0806893334991574,0.65,2.0,0.002,4,3.3997827344473794,13.599130937789518,30.598044610026413,54.39652375115807,0.0006253652702587,0.0003514802994846,3.3997827344473697,2054.274112749077,4.501905024678459,0.31787011638989987,0.6821298836101002
1.729028155087268,0.0412449698622375,0.0120457379872953,187885323832.2338,7875.7606087080385,0.0124508770138185,0.1512919208776917,8.844175232696518,0.65,2.0,0.002,4,8.923982526028901,35.695930104115604,80.31584273426012,142.78372041646242,0.0004045327883762,0.0001974369346237,8.923982526028883,10635.211686105438,3.382742808816178,0.991056986821793,0.008943013178207004
1.353920164937048,0.0781808192081643,0.0135845384118724,184166626769.7486,7768.543305962175,0.0370642212364012,0.7742862031164321,10.970152264454953,0.65,2.0,0.002,4,16.36152191066886,65.44608764267544,147.25369719601971,261.78435057070175,2.5961044286943397e-05,1.306587946673665e-05,16.361521910668834,59027.56772906735,5.58531607370664,0.6704848316892612,0.3295151683107388
2.8799611668706526,0.0311776503570761,0.0066817336675487,201854147825.7809,7834.966934673103,0.0318717546804914,1.7283344675050392,2.777632350945961,0.65,2.0,0.002,4,1.8541523082927336,7.416609233170935,16.687370774634605,29.66643693268374,0.0153678434035613,0.0075571023394009,1.8541523082927247,318.98987340408814,2.350316487789512,1.4980605091194275,0.49806050911942745
2.87946854745766,0.0707435493004226,0.018673942034202,195285668841.81223,7691.121948979836,0.0132306737746654,8.750223688258082,8.686343634431372,0.65,2.0,0.002,4,5.146131981173395,20.58452792469358,46.31518783056056,82.33811169877433,0.0013069516180757,0.000547405972324,5.146131981173376,15293.83743733695,14.628334831971003,1.6879364280219622,0.6879364280219622
1.8050142517888368,0.0570805466229457,0.0096708096831156,186900477507.93103,7947.747004202906,0.0486874692435711,4.639979856375573,5.1474284841134335,0.65,2.0,0.002,4,6.527005949087934,26.108023796351738,58.74305354179141,104.43209518540696,0.0025674387333656,0.0013434372725643,6.527005949087881,6659.373714108418,3.959548197240623,0.788635482220261,0.21136451777973897
2.885851240849288,0.0259708951021246,0.0162752130073183,188600568766.6088,7602.688887067608,0.0167276220298424,8.563607368685394,2.004366206716272,0.65,2.0,0.002,4,4.4136302143789,17.6545208575156,39.7226719294101,70.6180834300624,0.0066316292613742,0.0036650444073266,4.413630214378901,3565.9593467431123,4.636868322639201,0.45413097821071824,0.5458690217892818
2.506737227901091,0.0761628512200894,0.0067505553751828,217055665366.5823,7840.587014069792,0.0395015714344528,0.6323696247286991,2.847754413674437,0.65,2.0,0.002,4,2.563081464455493,10.252325857821972,23.06773318009944,41.00930343128789,0.0038514338117179,0.002206179917702,2.5630814644554576,1310.3721333249937,5.05254385900735,1.1110666801530866,0.11106668015308663
2.858874853355398,0.0418308068615289,0.0065179916889016,186987360196.82565,7973.098430402983,0.0161203679766059,6.656461157929735,0.8425163576027745,0.65,2.0,0.002,4,1.751238633703498,7.004954534813992,15.76114770333148,28.019818139255968,0.0485727424560629,0.0288835815847508,1.7512386337034929,376.22938650235824,3.1074369001224476,0.4810974023688786,0.5189025976311215
1.9928349648786168,0.0479454464214353,0.0050820966325194,211465988499.744,7732.286426698442,0.0445443628902142,3.793299816824725,3.693485693792727,0.65,2.0,0.002,4,3.034560500946713,12.138242003786852,27.311044508520418,48.55296801514741,0.0210458287427446,0.0103957912592786,3.0345605009467054,682.4815183282561,1.877325404857361,1.217140239135273,0.21714023913527303
1.728841038723944,0.0727909421686342,0.0189112596784289,212093609632.104,7710.283378424105,0.0449179162985854,0.4255231468129149,14.46147206534632,0.65,2.0,0.002,4,15.04763358741487,60.19053434965948,135.42870228673382,240.76213739863792,4.5885184347516106e-05,2.991016201010912e-05,15.047633587414824,82014.25764292447,9.174728183975798,0.9610462656029355,0.03895373439706451
1.205477271143703,0.07410788181411,0.0161580724138701,187248399111.84875,7913.864146332348,0.0376633765679252,7.311603073667674,19.70630912522199,0.65,2.0,0.002,4,24.5253668829222,98.1014675316888,220.7283019462998,392.4058701267552,0.0001474318380823,7.331926178618765e-05,24.52536688292215,135632.05255788803,5.711781318667151,0.803507210281293,0.19649278971870698
1.200821887825228,0.0514259404716071,0.0192989032234752,184001714730.3679,7988.47492324872,0.0494438157679163,5.651060346014979,23.25405103186093,0.65,2.0,0.002,4,29.126190696524468,116.50476278609788,262.1357162687202,466.0190511443915,8.9314054317485e-05,4.624957218076581e-05,29.126190696524368,159424.2787782477,4.760223532701289,0.7983897130301986,0.20161028696980143
1.937440418332269,0.024433875861274,0.0058196064334846,193239010699.3316,7681.422043223391,0.0088975194938724,0.3419289529773468,6.914998539822039,0.65,2.0,0.002,4,3.5260847554520702,14.10433902180828,31.734762799068637,56.41735608723312,0.0006563536549495,0.000345928705411,3.5260847554520276,519.363227036113,1.0580981759547963,1.961098220662472,0.9610982206624721
2.56002200043383,0.0576703191377832,0.0129187400430947,204882278602.2813,7729.466630072916,0.0105366516469593,3.633577491940812,7.455031200022618,0.65,2.0,0.002,4,4.601924110752577,18.40769644301031,41.4173169967732,73.63078577204124,0.0013343716439636,0.000597841785172,4.601924110752571,6162.7476430966435,7.371158375309966,1.6199813427178544,0.6199813427178544
2.680350290610433,0.0692188143803065,0.0141995404392622,202853685978.02908,7654.531912557809,0.0251029192289493,4.890266352620809,4.754669531180828,0.65,2.0,0.002,4,4.61373414435133,18.45493657740532,41.52360729916197,73.81974630962128,0.0116516695007319,0.0059541491584931,4.613734144351317,8473.122992782855,10.082741719344797,1.0305469241226353,0.030546924122635266
2.8020822961440235,0.0602433741060464,0.0112509386717452,190952469314.46243,7752.264402056386,0.0264222767915028,7.1668412865397135,1.1635604184497066,0.65,2.0,0.002,4,3.2248134026984547,12.89925361079382,29.023320624286093,51.59701444317528,0.0056856496315495,0.0031633177898627,3.224813402698451,3022.36164490479,7.3616897771769025,0.3608148048119824,0.6391851951880176
2.9514822574058703,0.0740186957079252,0.0094111698189928,184847072237.04727,7625.900700280035,0.0139097209458143,2.298863352037241,4.340458384758678,0.65,2.0,0.002,4,2.4118662791565013,9.647465116626003,21.70679651240851,38.58986046650402,0.0025063950267646,0.0012214775130158,2.4118662791564858,1800.3318017132963,7.839463911154645,1.7996264644807294,0.7996264644807294
2.2394356926375063,0.0252394639329693,0.0173457017116623,212266365237.4759,7632.024798848313,0.0449688738978582,9.595692174194369,2.301379434519812,0.65,2.0,0.002,4,8.27112608572521,33.08450434290084,74.4401347715269,132.33801737160337,0.001564071491706,0.0009190207089995,8.271126085725166,10104.37353283435,3.7412813867320924,0.2782425767262427,0.7217574232737574
1.464902255000298,0.0666378967670788,0.0170249784338017,196530315685.1621,7683.712861569811,0.0333522624134098,2.6357402731296964,8.49527418732732,0.65,2.0,0.002,4,18.19398120570406,72.77592482281624,163.74583085133654,291.10369929126495,4.280918220426641e-05,2.3860554622242943e-05,18.193981205704013,83439.72247179899,6.384951911391245,0.4669277213864527,0.5330722786135473
1.6220715024019057,0.020223165504044,0.0199596215066848,189602402721.49103,7989.240794094692,0.0343864771991207,9.04894272859087,32.52583251461837,0.65,2.0,0.002,4,16.757557937092795,67.03023174837118,150.81802143383516,268.1209269934847,0.0002514682088577,8.233885488191252e-05,16.757557937092724,28995.33582562441,2.6154531634406566,1.9409649446965478,0.9409649446965478
2.380141398547724,0.0652699477879939,0.0081752427793646,213300797166.99377,7845.596846446526,0.00811859528123,8.640822553955733,1.0248231263435847,0.65,2.0,0.002,4,3.411989151764589,13.647956607058358,30.707902365881303,54.59182642823343,0.0071619740916727,0.0040551952695299,3.411989151764548,2289.748031776335,4.982102683401321,0.30035943279995075,0.6996405672000492
1.6493616643998534,0.0760655669393009,0.013534008047297,200580399255.38956,7769.322377687744,0.0230301900435337,8.197866120887328,16.270932046028314,0.65,2.0,0.002,4,11.4624265721156,45.8497062884624,103.1618391490404,183.3988251538496,0.0004807295488943,0.0001778180475567,11.462426572115575,34213.41691932973,6.596044542314246,1.41950152907503,0.4195015290750299
1.7289659211049238,0.064188243291454,0.0112374947056573,201722935911.14,7893.480011119294,0.0077237317089429,4.604000271182742,3.20031587024478,0.65,2.0,0.002,4,8.617261478695056,34.469045914780224,77.5553533082555,137.8761836591209,0.0004884901052933,0.0002665978231992,8.617261478695053,14429.398258768118,4.922094428369061,0.37138432878671535,0.6286156712132847
1.3705751582080457,0.061169981141113,0.0082193712368116,212932172249.21832,7854.289261814628,0.0182352962426743,2.5663239209967137,10.054238576818724,0.65,2.0,0.002,4,10.330690126850994,41.32276050740398,92.97621114165896,165.2910420296159,0.0031448916602768,0.0018582750207205,10.330690126850959,11401.844173873102,2.7061800917244634,0.9732397790817772,0.026760220918222832
1.796487807304679,0.0693460372656822,0.0057589522180767,188730136871.7165,7668.037635588061,0.0287180361366105,0.8972524208106328,3.2875243659250515,0.65,2.0,0.002,4,4.014234052798691,16.056936211194763,36.12810647518823,64.22774484477905,0.0023498566853743,0.0011938279029013,4.014234052798629,1749.881969108313,2.750702600168234,0.8189667873583673,0.18103321264163275
1.1002194918237194,0.0530840230814688,0.0075035224222949,184506343086.60587,7704.143341941731,0.036923027216516,6.749375338743936,22.19252467457003,0.65,2.0,0.002,4,13.755590623577538,55.02236249431015,123.80031561219783,220.0894499772406,0.0004845336396336,0.0001614044097031,13.75559062357745,12610.169646961844,1.6881176385877732,1.613345822936272,0.613345822936272
2.261552545820847,0.0611805566880877,0.0151219570968033,199720025911.3188,7756.40901928148,0.0393070467680191,3.070097060003933,3.9083290631272303,0.65,2.0,0.002,4,6.803060693746272,27.21224277498509,61.22754624371645,108.84897109994036,0.0005564271989525,0.0002868144295239,6.803060693746232,14826.110872906629,8.114444902693428,0.574495692316841,0.42550430768315906
1.3618533044617362,0.0744262173293728,0.0056697363346141,189314091397.74823,7716.823732125811,0.0270588894080713,5.905807212846479,7.469669411436414,0.65,2.0,0.002,4,6.865997479500448,27.46398991800179,61.79397731550402,109.85595967200716,0.0082957198137673,0.0043552837621227,6.8659974795003444,4126.622475650359,2.217316675704695,1.0879219565312164,0.08792195653121637
1.9882545522331685,0.0316966907242836,0.0160431655460539,188992778916.21573,7674.182667531213,0.0147598348006928,3.0458767944477816,12.377023123410206,0.65,2.0,0.002,4,9.132336112930622,36.52934445172249,82.19102501637559,146.11737780688995,0.000698970624226,0.0002801362820696,9.132336112930577,12773.256124405469,3.879521021473677,1.3552964948240833,0.3552964948240833
2.007577225300936,0.0301671907764307,0.0138239145744975,213371955468.50745,7972.965625458133,0.0421389670772345,1.970789202989379,11.92914181707504,0.65,2.0,0.002,4,8.04589753987728,32.18359015950912,72.41307785889552,128.7343606380365,0.0004518952775659,0.000173365871864,8.045897539877245,8529.75976412088,3.3375522042277304,1.4826365558288033,0.48263655582880327
2.7692675020800834,0.0668686402173952,0.013273368362878,198368447337.5859,7847.817017097003,0.037924842490117,1.436007923378127,6.845110392720089,0.65,2.0,0.002,4,3.945867025977641,15.783468103910565,35.51280323379878,63.13387241564226,0.0004618213814807,0.0001788034979527,3.9458670259776163,5928.325606521968,9.644671072248961,1.7347544526096048,0.7347544526096048
2.444631561706049,0.0427907528592059,0.0138318622025908,189284878837.4779,7859.137405318915,0.0167423146516955,8.307167513315923,7.56150584098155,0.65,2.0,0.002,4,5.150549893646891,20.60219957458757,46.35494904282202,82.40879829835026,0.0037465363294696,0.0016334543174161,5.1505498936468825,5954.64418536457,5.685764686952323,1.4680968046360527,0.46809680463605274
2.810588219874245,0.0236343820646554,0.0089739227222031,212592002716.97107,7673.492887195485,0.0149061931099462,9.758997985537428,4.995097670969436,0.65,2.0,0.002,4,2.7114028624363256,10.845611449745302,24.40262576192693,43.38244579898121,0.0255693561496251,0.0123613176735334,2.7114028624362985,663.7961592479807,2.2871091855149035,1.8422558079330016,0.8422558079330016
2.4547905831513863,0.0661242290117413,0.0154070329620465,180138168994.2851,7909.536117938775,0.032208021024358,9.882995686071904,8.7211506943418,0.65,2.0,0.002,4,5.532822449393976,22.131289797575903,49.79540204454578,88.52515919030361,0.0017928554160701,0.0006797006996328,5.532822449393965,11952.762872309868,9.890428314205998,1.5762571045989495,0.5762571045989495
1.1256331991776496,0.0454431701770219,0.0122311966918745,216872389285.5337,7726.270598558352,0.0125900813045765,0.1743317613178468,9.714631787732024,0.65,2.0,0.002,4,23.1911129894446,92.7644519577784,208.72001690500144,371.0578078311136,3.520328798851643e-06,1.8829344949896364e-06,23.191112989444573,51318.895840789635,2.416987382816424,0.41889459087856784,0.5811054091214322
1.247638185353949,0.0429889323415752,0.0181929133957217,184262718807.6305,7793.441700701648,0.0430152618893628,5.613929977937987,14.910787306689055,0.65,2.0,0.002,4,25.769635838464588,103.07854335385836,231.92672254618125,412.3141734154334,8.369780287968106e-05,4.248827867419037e-05,25.769635838464577,99683.47393312013,3.8023042508510225,0.5786184717609684,0.42138152823903163
1.5556903699425149,0.0708641204571929,0.0141665862286578,202617108801.67413,7839.309742841529,0.0477764159013173,2.8303253435759186,5.694281590566238,0.65,2.0,0.002,4,13.4942043157705,53.976817263082,121.4478388419345,215.907269052328,8.844576034465858e-05,4.912708905083892e-05,13.494204315770435,44006.507451998885,6.121566936565597,0.42197979646057626,0.5780202035394237
1.9152953339007908,0.0577596908611017,0.0126770103029855,205661808495.71872,7921.054808301797,0.0258088330195525,4.208710362228652,9.626367093258011,0.65,2.0,0.002,4,7.9847240590908,31.9388962363632,71.86251653181719,127.7555849454528,0.0013060916711491,0.0005674730472609,7.984724059090789,13980.092266414082,5.554314624278351,1.2055979670704053,0.20559796707040534
1.0802966580261355,0.0390863958088859,0.0150983357384148,189224229020.98813,7780.164551868527,0.0469376041455054,8.284842607873093,34.84454150632435,0.65,2.0,0.002,4,28.9311867242703,115.7247468970812,260.3806805184327,462.8989875883248,0.0002137600558469,9.603737210396312e-05,28.931186724270177,81949.96203818281,2.4800276535629973,1.2043937857928757,0.2043937857928757
1.3657025089726782,0.0250650244134524,0.0084261117836617,217285401392.41248,7931.648389265727,0.0178604288345107,2.140529997794132,5.171409519428615,0.65,2.0,0.002,4,10.722049387066082,42.88819754826433,96.49844448359477,171.55279019305732,0.0005351979065417,0.0003017188737058,10.72204938706602,5191.588441547084,1.143891712464757,0.48231539818002267,0.5176846018199773
2.126502161081088,0.0720053696434666,0.0156448570744872,208669338421.99783,7963.896584523643,0.0364735427960776,2.628696756483403,4.260316680513653,0.65,2.0,0.002,4,8.03037286404646,32.12149145618584,72.27335577641813,128.48596582474335,0.0002369500416695,0.0001303328979268,8.03037286404643,24284.49557893,9.538891934934089,0.5305253881283564,0.46947461187164363
1.8183528641368825,0.075237999737683,0.0077118303561836,187409173914.0179,7741.505946490055,0.0077197453240171,0.8417201376595921,1.1435748705617763,0.65,2.0,0.002,4,5.203710039333115,20.81484015733246,46.83339035399804,83.25936062932983,0.0002437743668313,0.0001504943569748,5.203710039333093,4365.703569287778,4.08383634040389,0.2197614513333523,0.7802385486666477
2.270895131492492,0.0341798746457948,0.0190111123449492,193813555590.45615,7841.875254125344,0.0302429393939465,8.548120201852464,3.361477753245508,0.65,2.0,0.002,4,8.310453687130881,33.241814748523524,74.79408318417794,132.9672589940941,0.0010961178693281,0.000595501574989,8.310453687130854,15775.175909504394,5.785821179098989,0.4044878751265916,0.5955121248734083
2.33683255745391,0.03314875579842,0.0103494371609497,206386213562.39917,7614.238648896426,0.0102107724257155,2.9071631300193297,1.751397530393496,0.65,2.0,0.002,4,4.474225780992097,17.89690312396839,40.26803202892888,71.58761249587356,0.0025401395652355,0.0013896070751405,4.474225780992093,2412.1459202098963,3.0521652810374555,0.39144147303293886,0.6085585269670611
1.1214464451782744,0.0768593907054969,0.0053451351064269,213965700450.6307,7744.362422623181,0.01175179650473,3.8371616827971176,19.764823029203075,0.65,2.0,0.002,4,10.13001548647162,40.52006194588648,91.17013937824456,162.0802477835459,0.0003086134607779,0.0001262062259532,10.130015486471526,7227.195315657001,1.7839794050947406,1.9511147890739833,0.9511147890739833
2.3129796767017377,0.0507933676904473,0.0072867510211288,190335850564.8409,7808.690713721289,0.0379897386765664,4.042691277329292,1.8877769107764872,0.65,2.0,0.002,4,3.0492338947923625,12.19693557916945,27.443105053131266,48.7877423166778,0.0101541256208586,0.0051639137899663,3.049233894792323,1226.8803072602823,3.3424196939924085,0.6190987559204801,0.38090124407951986
2.233289644202454,0.0742178407451684,0.0176929707128895,200614667104.36716,7886.660851165016,0.0226595635297426,7.782837152625445,4.107792392018596,0.65,2.0,0.002,4,8.112872794053201,32.451491176212805,73.01585514647881,129.80596470485122,0.0005528968934556,0.000319225020514,8.112872794053184,30048.746866044654,11.564245303478852,0.5063301861493069,0.4936698138506931
2.317983427512482,0.0698750889519809,0.0078416064417598,216090333441.08456,7862.956030423571,0.0382230746190496,0.9604314537174504,6.42863251700227,0.65,2.0,0.002,4,3.469272303027592,13.877089212110366,31.223450727248327,55.508356848441466,0.0005348594496192,0.0002186249970054,3.469272303027577,2372.630496870678,4.993368230038819,1.8530204479458439,0.8530204479458439
1.3909730191640082,0.0607716205525374,0.0082113843400508,183966278823.95255,7682.794063856336,0.0240230315422428,1.843769161813491,4.166560213003264,0.65,2.0,0.002,4,9.417112048424814,37.668448193699255,84.75400843582332,150.67379277479702,0.0002537337830847,0.0001396760404992,9.417112048424809,9335.12875900441,2.666398768730701,0.44244564486202553,0.5575543551379745
2.3716505061318878,0.0612992949679455,0.0096655570572536,191707666751.9896,7954.938758435821,0.0471655013006297,4.080444755996232,7.054000167155884,0.65,2.0,0.002,4,3.82521704700104,15.30086818800416,34.42695342300936,61.20347275201664,0.0016923216883619,0.0006574480488269,3.825217047001011,3228.5818834618394,5.589074565407508,1.8440784092725548,0.8440784092725548
1.0049229668491186,0.0474691048283907,0.01120732910358,213675334236.78027,7816.288636529307,0.0325114461471222,2.1048094305555822,8.912077719356382,0.65,2.0,0.002,4,26.311326101562983,105.24530440625192,236.8019349140669,420.9812176250077,3.0531786357994335e-05,1.683523099897339e-05,26.311326101562905,57103.37048665556,2.089375662788127,0.3387164023947467,0.6612835976052533
2.240063085423341,0.0672072027213505,0.0058595443181078,214011347406.21536,7944.307077981842,0.020402108342961,6.624140253106189,2.541355782555102,0.65,2.0,0.002,4,2.748292723613273,10.993170894453094,24.734634512519463,43.972683577812376,0.0750819605801833,0.0381395700974489,2.7482927236132304,1044.8444793327706,3.5040148626312777,0.9247034570662237,0.0752965429337763
2.614580849604768,0.0515593470646697,0.0083594277729509,203216745488.4353,7687.224811348128,0.0051362145444083,2.4353705531860985,1.56137332419862,0.65,2.0,0.002,4,2.850995992612848,11.40398397045139,25.658963933515626,45.61593588180556,0.005500619676973,0.002914038951617,2.8509959926128268,1389.8840510812886,4.3313733589547745,0.5476588982391667,0.4523411017608333
1.7398400078680187,0.0636760392630187,0.0143853832251284,189860804646.27957,7893.376749646095,0.0190000814783321,2.561063265729312,10.076085015153936,0.65,2.0,0.002,4,10.568620559072668,42.274482236290666,95.117585031654,169.09792894516266,0.0012001869567315,0.0006812207626524,10.568620559072652,27735.49849945386,6.2898404266592625,0.9533964209268637,0.04660357907313628
2.0443056189663285,0.0604917625713911,0.0135762546067045,199889150526.76608,7790.048064179253,0.0482691974846719,8.636672950624034,6.634870659721707,0.65,2.0,0.002,4,7.46177459844916,29.84709839379664,67.15597138604244,119.38839357518656,0.0038323618570244,0.0021921811038334,7.461774598449157,14373.951181231545,6.539313780059923,0.88918132974704,0.11081867025296
2.201997167727595,0.0615221512266728,0.0166969747511534,208073900910.43628,7821.350117654491,0.0086874811370089,8.64269391679927,15.86704073032303,0.65,2.0,0.002,4,8.053811735455339,32.21524694182136,72.48430561909805,128.86098776728542,0.000424748290637,0.0001968843338153,8.053811735455303,22651.682958619193,8.845813749011,1.970128089842421,0.9701280898424209
1.4300354877438215,0.0465369123472172,0.0066296856374525,184995210435.98157,7759.438502398734,0.0364847160193294,3.455050047126416,10.345248204406436,0.65,2.0,0.002,4,7.177838031885223,28.71135212754089,64.60054228696701,114.84540851016357,0.0015402710225644,0.0006016279900477,7.177838031885122,3481.646395005847,1.711739276197371,1.4412763506854243,0.44127635068542426
2.8162734473308006,0.0243639724449268,0.0187518186526745,187274599158.03925,7872.509211047366,0.0420396971329265,2.4882620224152547,2.106072403993287,0.65,2.0,0.002,4,5.228846065766525,20.9153842630661,47.05961459189873,83.6615370522644,0.0011242140631966,0.0006172977914844,5.228846065766513,5466.645934674689,5.064650677760673,0.4027795765076804,0.5972204234923195
2.7856012848155998,0.0471768190325876,0.0156160958533702,213086568056.42535,7711.074661947129,0.0103593842570655,6.28579287709853,6.055678696501808,0.65,2.0,0.002,4,4.797162114728352,19.18864845891341,43.17445903255518,76.75459383565364,0.0049120167068823,0.0022622229880526,4.797162114728339,7188.421167874407,7.912340842821247,1.2623460603738088,0.2623460603738088
1.9065721499363055,0.070301893256185,0.0061194444675396,212043045304.3137,7614.933901137663,0.006263150536128,4.667025942137194,2.4101849307093253,0.65,2.0,0.002,4,4.028224901452121,16.112899605808483,36.254024113069086,64.45159842323393,0.0061645832743093,0.0030735767080477,4.028224901452072,2000.5783397157145,3.1229742692117295,0.5983243214251804,0.40167567857481956
2.479322717429968,0.0474283522205519,0.0198169082787082,215640824211.1417,7634.820074005021,0.0257202795338663,9.093919414448504,4.634018748435785,0.65,2.0,0.002,4,7.769000009290972,31.076000037163887,69.92100008361875,124.30400014865556,0.0013894963942713,0.0006825270997541,7.769000009290966,21196.579639304106,8.895611477639733,0.5964755750925409,0.4035244249074591
2.312512016234269,0.056805674245598,0.0185646605482826,199074161604.218,7737.883584719355,0.0280182732312995,2.0274804098688124,10.587152849495958,0.65,2.0,0.002,4,7.984442954354293,31.93777181741717,71.85998658918864,127.75108726966867,0.0002934907355199,0.0001185622863079,7.9844429543542885,23746.735069657538,9.435282886037145,1.3259726332846162,0.32597263328461623
1.7729807237149176,0.0280640386413786,0.0112707543771676,208813703101.41272,7660.945587724272,0.0057560168899346,9.04994906214588,12.39252900593658,0.65,2.0,0.002,4,8.488139732319194,33.952558929276776,76.39325759087274,135.8102357171071,0.0030961367981103,0.0013972373391881,8.488139732319176,6110.043868125093,2.1481250072995213,1.4599817388433385,0.4599817388433385
1.4427969859466578,0.0368342782060145,0.0107535142624053,215207455752.9376,7976.522473447748,0.02240399666182,0.5568945645759671,15.593706557964865,0.65,2.0,0.002,4,12.16721204134554,48.668848165382165,109.50490837210988,194.67539266152863,0.0001059240417947,4.170536997546409e-05,12.167212041345488,13320.891574289622,2.279247059988059,1.2816170627236365,0.2816170627236365
1.1877507011757948,0.0650924499640503,0.0102011197182595,214584941431.95547,7604.500311639574,0.0470473538859062,4.890420320364342,7.495190599951989,0.65,2.0,0.002,4,17.41769925213492,69.67079700853968,156.75929326921428,278.6831880341587,0.0001439203259078,7.978460419553438e-05,17.417699252134778,35915.81746448189,2.9987788844019287,0.430320359276691,0.569679640723309
1.05661707368908,0.0511325372840177,0.0121336412247675,193835410281.63263,7863.470916762335,0.0234964510325622,5.760463638003276,43.87259848529039,0.65,2.0,0.002,4,24.467780263515387,97.87112105406156,220.21002237163847,391.4844842162462,6.403453737027927e-05,2.0013955112837923e-05,24.46778026351523,60917.10925037517,2.5774509326963764,1.7930763646226775,0.7930763646226775
2.870988669547089,0.0338567045527172,0.0186660684852951,187350248142.46625,7607.253095666019,0.0150899146441173,4.978616415114953,4.21782969299509,0.65,2.0,0.002,4,5.096034451346188,20.38413780538475,45.86431006211569,81.536551221539,0.0059140075337882,0.0029760999249419,5.096034451346168,7075.40549476848,6.901236126789574,0.8276689911075676,0.17233100889243236
2.049622375218408,0.0756714935277793,0.0194033900678445,185115295374.09265,7739.60169022218,0.0364165088517885,2.29342914392071,8.036411915784743,0.65,2.0,0.002,4,10.242854608116746,40.97141843246698,92.18569147305072,163.88567372986793,0.0002081677363355,0.0001030239593528,10.242854608116733,48236.31713950451,11.645882091174755,0.7845871315420663,0.21541286845793373
2.785565646776104,0.0288012722108891,0.0125558265952949,192716366350.26093,7954.954376521663,0.0135246957124759,2.277459015905526,5.186431842977675,0.65,2.0,0.002,4,3.6115049972985935,14.446019989194378,32.50354497568735,57.78407995677751,0.0037394359754176,0.0016888205551482,3.6115049972985687,2063.0713754507683,4.006619278716872,1.4360860214390296,0.43608602143902964
1.549000982178352,0.0530187992104283,0.0186206879834894,196949213991.94293,7860.627797575053,0.0153004364206608,8.033137745955623,12.073097865259466,0.65,2.0,0.002,4,17.61449108850887,70.45796435403548,158.53041979657985,281.831857416142,0.0002797700400366,0.0001317390476619,17.61449108850882,73621.46882592158,6.010416120808167,0.6854071346481082,0.3145928653518918
1.805345541271639,0.0700696147621462,0.0191036662838052,199156675676.00684,7654.895409445041,0.0323767768195476,7.4347343930977425,11.828806140864636,0.65,2.0,0.002,4,13.556672518157749,54.22669007263099,122.01005266341971,216.90676029052395,0.000647620881102,0.0003339915240611,13.556672518157695,67109.19093146118,9.249453129471947,0.872544949730196,0.12745505026980397
1.929742247715782,0.07288332226129,0.0145314390918662,204941150174.8163,7716.894042452806,0.011015623559828,9.615606669877158,3.543850849155515,0.65,2.0,0.002,4,9.118692823024606,36.47477129209842,82.06823540722147,145.8990851683937,0.0006438731737215,0.0003455792171411,9.118692823024576,25886.512330501,7.885852204510037,0.38863584045811256,0.6113641595418875
1.876583862075136,0.0741794518445125,0.006425657212544,185324121644.72055,7830.423071113224,0.0260471841843513,3.9577995984176337,6.671295070797787,0.65,2.0,0.002,4,4.025169885110713,16.10067954044285,36.226528965996415,64.4027181617714,0.002653581228885,0.0010617060137293,4.025169885110684,2240.0233659802357,3.5020664490914313,1.657394659409348,0.657394659409348
2.318910262745791,0.0589986863684155,0.0089351751516875,183464313476.55096,7821.97550472805,0.0168369120191129,8.74736932324005,2.2802863956904,0.65,2.0,0.002,4,3.6490684766213386,14.596273906485354,32.84161628959205,58.38509562594142,0.011533483461083,0.005834883122486,3.649068476621327,2513.272468586285,4.780967711910825,0.6248954795722872,0.3751045204277128
2.320351628639401,0.0318437846380169,0.0062794486330986,189280998152.28,7984.782874314017,0.048305534078782,3.8809969507915865,2.024987277069479,0.65,2.0,0.002,4,2.574928135634152,10.299712542536607,23.17435322070737,41.19885017014644,0.0376655180488223,0.0201848752059686,2.5749281356341456,484.8674958272247,1.8523929057252746,0.7864247739755933,0.2135752260244067
2.4552930406611164,0.0555384484316586,0.0118198749760522,202343651602.3709,7692.902555668672,0.0231992252928174,1.3295565571317534,4.275096808205493,0.65,2.0,0.002,4,4.559688213420753,18.23875285368301,41.03719392078678,72.95501141473204,0.00372164885778,0.0021249900043911,4.559688213420743,5088.622396619475,6.199693139653703,0.9375853365636715,0.06241466343632851
1.9586605455224229,0.0608468124966778,0.0115417559480027,185514259149.43295,7994.673294519653,0.0374163666258134,6.125395669775529,7.008987595247026,0.65,2.0,0.002,4,6.5715993547393765,26.286397418957502,59.14439419265439,105.14558967583002,0.0056034478089983,0.0032922304831399,6.571599354739347,9374.357523641964,5.4984416357649195,1.0665573503339398,0.06655735033393984
2.223004080014644,0.0308518880392066,0.0193615722150051,192977711623.4177,7856.7166079052,0.0164532041715598,5.799114292262665,10.336958718242307,0.65,2.0,0.002,4,8.804858615468307,35.21943446187323,79.24372753921477,140.8777378474929,0.0022653462362399,0.0009900052497638,8.804858615468275,15965.34212431438,5.216434031433357,1.1740062128973265,0.17400621289732654
2.0311694030784557,0.0674313164116203,0.0164535672718333,192788320208.8447,7935.708946560831,0.0482943479006467,4.792796262084083,12.24853684793996,0.65,2.0,0.002,4,8.913423215970512,35.65369286388205,80.22080894373461,142.6147714555282,0.0004245316599158,0.0001675773205044,8.913423215970475,28046.093825600536,8.94177197321671,1.374167539357253,0.374167539357253
1.2162272920744168,0.0481860525268404,0.0085860011378275,181472313926.6964,7991.613480872917,0.0380312072266608,2.2402366083144414,11.59391145629645,0.65,2.0,0.002,4,12.542342591849032,50.16937036739613,112.88108332664132,200.6774814695845,0.0009285755594275,0.0005413796969208,12.54234259184893,12486.72555697011,2.010627004821737,0.9243816592787977,0.07561834072120233
2.9224592852758358,0.0494637665921543,0.0078565058604386,190832829512.94965,7919.233498834865,0.033530291608029,4.699797639811614,1.6317025532354323,0.65,2.0,0.002,4,2.0476075613168385,8.190430245267354,18.428468051851542,32.761720981069416,0.0419810271305154,0.0235044451192562,2.0476075613168327,744.3401249662511,4.49695192842469,0.7968824612984294,0.20311753870157057
2.049938043410658,0.0342442996803944,0.0152256305499412,209906791482.7326,7939.257012223759,0.0496577916013586,4.647612318566996,11.886721124540443,0.65,2.0,0.002,4,8.447853723490528,33.79141489396211,76.03068351141476,135.16565957584845,0.0008944255126971,0.0003517652785028,8.44785372349053,11953.819251664645,4.242815798973313,1.4070699509731832,0.4070699509731832
2.3286270806547757,0.0443832116864042,0.0172103057699905,186678916796.30817,7609.084829253544,0.0090521537349038,7.251357570904858,7.352205993822058,0.65,2.0,0.002,4,7.12852005983944,28.51408023935776,64.15668053855497,114.05632095743104,0.0153264422259042,0.0081041897445495,7.128520059839428,13575.885762293343,6.7672105032994025,1.031379014452499,0.03137901445249902
2.501731997642316,0.0466953129479687,0.0079808756410484,217321107772.8827,7915.0153273754895,0.0101464111107431,2.76267781344416,5.238620765328871,0.65,2.0,0.002,4,3.029865193124197,12.119460772496788,27.26878673811777,48.477843089987154,0.0038839131929612,0.0018115827434894,3.0298651931241674,1337.1888005116405,3.6896602872462765,1.7289946685473496,0.7289946685473496
1.101023675879815,0.0499816828157512,0.0194230919383588,191385551209.07687,7961.72131893096,0.0117991696895247,0.165364292416842,41.13999627237911,0.65,2.0,0.002,4,35.62094129447981,142.48376517791925,320.5884716503183,569.935060711677,2.742294889308409e-06,1.0847251323917249e-06,35.62094129447982,213144.13869674547,4.255032429332925,1.1549384934068145,0.15493849340681454
1.2986910299821677,0.0720278577258192,0.0068301944485167,208225404556.352,7766.800104858959,0.0310585881994231,0.331218603520382,1.901961068541273,0.65,2.0,0.002,4,9.508158951270373,38.03263580508149,85.57343056143336,152.13054322032596,2.907438664075761e-05,2.0452744199598383e-05,9.508158951270243,8855.317606764913,2.4811415340850558,0.20003463112984457,0.7999653688701555
1.8779939255939493,0.0657016678196841,0.0057056905498662,199995660386.74057,7798.792165070326,0.0050798915818575,7.408685634707055,1.3430234992732129,0.65,2.0,0.002,4,3.714887909653799,14.859551638615194,33.433991186884185,59.43820655446078,0.0081707151199435,0.0045149826970516,3.7148879096537715,1495.6408120034089,2.7452136030852254,0.3615246359878414,0.6384753640121585
2.8496817596889894,0.0338282175602146,0.0163809665097815,213430558342.827,7751.004232745331,0.0442217348321513,9.887657522549386,9.321409707108446,0.65,2.0,0.002,4,4.799824570137519,19.199298280550074,43.19842113123767,76.7971931222003,0.0024440176395429,0.0009539776919629,4.79982457013749,5566.131267333512,6.1198810132493255,1.9420313327912806,0.9420313327912806
2.67657651465339,0.0688885009151995,0.007438096006795,205807235981.75363,7895.093480212865,0.0300931247921535,3.2405661406514428,4.292324293173363,0.65,2.0,0.002,4,2.40371730188541,9.61486920754164,21.63345571696869,38.45947683016656,0.0045650230762791,0.0020469022383763,2.4037173018853957,1234.9289548175939,5.413965172911189,1.7857026239344396,0.7857026239344396
2.085807294456305,0.048968221055897,0.0146461460448875,181393762219.47983,7614.170316773218,0.020721564729291,6.916527151998723,10.429693292303275,0.65,2.0,0.002,4,7.450821022245705,29.80328408898282,67.05738920021135,119.21313635593128,0.0014937187704273,0.0005902335355097,7.450821022245668,12481.663210961364,5.6951407373739995,1.399804566659659,0.399804566659659
1.862778176707084,0.0654760224244066,0.0177185426470117,187984660865.89755,7632.614362184305,0.0225750641560176,5.388089041185416,10.091935443248216,0.65,2.0,0.002,4,11.491044753749549,45.96417901499819,103.41940278374594,183.85671605999275,0.0008557418274941,0.0004226380378743,11.49104475374951,42992.58135521862,8.247356217113857,0.8782435069670436,0.12175649303295644
2.787504651509141,0.0224240934053144,0.0090505716976557,197947938492.7234,7808.728812633603,0.0089441095164559,8.317279110460209,5.002487409149171,0.65,2.0,0.002,4,2.659251341161181,10.637005364644724,23.933262070450628,42.548021458578894,0.0226553370591234,0.0115771127278931,2.6592513411611582,616.6452112771965,2.2088023343665517,1.8811638191991442,0.8811638191991442
1.8583937242683743,0.0697556386078694,0.0101295783964329,197101256585.8968,7840.100437134347,0.0185964991530692,4.382124999803006,5.97072732621001,0.65,2.0,0.002,4,6.668513687518811,26.674054750075243,60.0166231876693,106.69621900030096,0.0038645342389941,0.0019538112860206,6.668513687518804,9036.866787380319,5.1475437898171785,0.8953610363558505,0.10463896364414949
1.145317498801535,0.061052091274464,0.0111745071170623,210817076556.77597,7653.068452413226,0.0321507748967066,0.2285717427780232,12.588047594175226,0.65,2.0,0.002,4,20.27406957272291,81.09627829089165,182.4666261545062,324.3851131635666,7.318483154621456e-06,3.5460490350224727e-06,20.274069572722855,48517.902939596446,2.9899258615138637,0.6208939724223617,0.37910602757763834
2.346135430804174,0.0370181062592243,0.0071255428108042,183277443928.9409,7855.151598729823,0.0317686917662755,8.600274364281725,2.173943023856591,0.65,2.0,0.002,4,2.8354257265982707,11.341702906393085,25.518831539384436,45.36681162557233,0.0529079305406632,0.0271893933236572,2.835425726598258,771.446996811062,2.430579356170351,0.76670780104148,0.23329219895852005
2.2848812750828613,0.063213050720831,0.0147817179425349,208851546863.4035,7658.026857973778,0.0465167479240091,2.9295268997891664,11.43703415275897,0.65,2.0,0.002,4,6.704822629046297,26.819290516185188,60.34340366141666,107.27716206474076,0.0003241396497203,0.0001132449837768,6.7048226290462605,14508.299521124034,8.174895116480888,1.7057922014539335,0.7057922014539335
2.988557347831682,0.0562849227977354,0.0062651734165746,182611089379.1464,7629.9686785037875,0.0315451736280928,8.114834103041114,1.439923364880244,0.65,2.0,0.002,4,1.5561138160389698,6.224455264155879,14.005024344350728,24.89782105662352,0.2411507352639238,0.1102175251936008,1.5561138160389525,384.3456576213628,4.020494985052806,0.9253329351869208,0.07466706481307916
2.3589620098326893,0.0764282780022239,0.0150851669396035,214297081110.53372,7986.513126551407,0.0198501183022003,5.431066097932053,8.254755862258653,0.65,2.0,0.002,4,6.367471414884816,25.469885659539266,57.307242733963335,101.87954263815703,0.0012509035904157,0.0005347758130285,6.367471414884782,17383.855403262456,10.86056342588362,1.296394647797256,0.2963946477972561
1.2609736357237975,0.0361766019693131,0.0147836655262309,194505729100.63184,7647.298765322118,0.0491708058426349,1.1714517075938256,17.843728811680688,0.65,2.0,0.002,4,21.262363542904403,85.04945417161761,191.3612718861396,340.19781668647045,7.898537752556013e-05,4.2159515049208416e-05,21.26236354290437,46023.19702291702,2.5786593155077386,0.839216617459984,0.160783382540016
1.5991251289108197,0.0774168514856665,0.0167803741309728,216909303946.63596,7893.559181103789,0.0423054014534607,9.645336676502524,15.856296440757834,0.65,2.0,0.002,4,15.59799056766234,62.39196227064936,140.38191510896107,249.56784908259743,0.0012083080822236,0.0007887892780363,15.597990567662299,78751.62234855244,8.19902981905699,1.0165602019038948,0.016560201903894844
2.686116481931503,0.0234090607039988,0.0166536058243524,195061549311.86328,7721.335053072879,0.0127860764604483,9.960555975515016,1.6549259227271071,0.65,2.0,0.002,4,5.260505600307504,21.04202240123001,47.34455040276752,84.16808960492006,0.0049276842372981,0.0027672941743215,5.260505600307486,4416.6626084173,4.042774458222119,0.31459446077395564,0.6854055392260443
2.954342741502538,0.0270893774234872,0.0090236143682999,207358660653.52396,7839.351006625917,0.0490101522420883,0.4425663087136348,4.292636082828542,0.65,2.0,0.002,4,2.411065785675473,9.644263142701892,21.699592071079252,38.57705257080757,0.0012525495475863,0.000530088718879,2.411065785675458,649.6334825637742,2.8306784817572543,1.7803894478250266,0.7803894478250266
1.6929077582036436,0.023313969889454,0.0059693671823157,183628658027.2757,7673.457008222262,0.04866804159006,2.8859010064152857,7.718986211732197,0.65,2.0,0.002,4,4.620251909328026,18.481007637312103,41.58226718395224,73.92403054924841,0.0047236289430255,0.001744634243176,4.6202519093280054,761.7806479964621,0.9039385098635391,1.6706851408140835,0.6706851408140835
1.6796561072509029,0.0731465381384254,0.0180834274108217,192561498095.94843,7868.679831711198,0.0202228172175746,6.814085904374061,18.763025435200134,0.65,2.0,0.002,4,14.378151159179358,57.51260463671744,129.40336043261422,230.0504185468697,0.000263361071344,0.0001012783553533,14.3781511591793,71339.91757894405,8.741113840909515,1.304967879908638,0.30496787990863794
1.5884883061879815,0.0239228391640712,0.0192054875619208,196662156862.35605,7798.368681579554,0.0219095039656895,9.87998577166941,28.30482022556615,0.65,2.0,0.002,4,17.331855678449855,69.32742271379942,155.98670110604868,277.3096908551977,0.0003895268352346,0.0001264490105962,17.33185567844985,33747.819057354995,2.8457441199171174,1.6331096191136596,0.6331096191136596
1.6847951750802823,0.0329726073807967,0.0179716899099352,186534471792.14423,7919.543539809521,0.0424547887255213,3.230567768886558,22.2685177369294,0.65,2.0,0.002,4,13.93328195914869,55.73312783659476,125.3995376323382,222.93251134637904,0.0001492225660758,4.997498466711507e-05,13.933281959148692,30298.844152560665,3.9532972745229333,1.5982248692173873,0.5982248692173873
1.9019026358484576,0.0236186543793626,0.0081255485488614,197781970718.33105,7706.164065997709,0.0198132189886411,0.68341460099119,6.160596401868992,0.65,2.0,0.002,4,5.160355331865564,20.64142132746225,46.44319798679008,82.56568530984902,0.0021789683992962,0.001010020030887,5.160355331865512,1478.5068041764928,1.4063854871814614,1.1938318208102705,0.1938318208102705
2.4135565150186813,0.0415510669526354,0.0105725356074008,197231876989.76224,7614.68487503218,0.0287517380909562,8.13267142007537,5.81788569931549,0.65,2.0,0.002,4,4.1884761961918295,16.753904784767318,37.69628576572647,67.01561913906927,0.0090012836037123,0.0037784466444958,4.1884761961918135,2795.841768417304,4.036832677951793,1.3890220277735241,0.3890220277735241
1.9789238584795956,0.0625387773758613,0.0074979314897379,195990744324.0,7935.78287360563,0.0473454651973471,3.310576576193732,2.2031429882752667,0.65,2.0,0.002,4,4.314549396847215,17.25819758738886,38.83094457162494,69.03279034955544,0.0022392797035245,0.0013477371323688,4.3145493968472,2705.8913102139504,3.6819655447846236,0.5106310730583324,0.48936892694166756
2.847750078240843,0.0564714747709934,0.0184060401000862,184409008193.833,7970.156878231671,0.0284022190397339,6.71737697168037,4.312700818660119,0.65,2.0,0.002,4,4.950436613604295,19.80174645441718,44.55392952243866,79.20698581766872,0.0055704387699217,0.0028802767513035,4.950436613604282,11412.34744070395,11.795822806380528,0.8711758487743075,0.12882415122569246
1.8905360790392332,0.0736066910847135,0.0160632182378521,188777725947.7317,7862.866598608713,0.0109514893326645,2.021232291736217,14.833385419285284,0.65,2.0,0.002,4,9.985660475475033,39.94264190190013,89.87094427927529,159.77056760760053,0.0001184331818716,4.868367985730199e-05,9.985660475474985,34593.86322290492,8.787912749464835,1.4854686333183893,0.4854686333183893
2.931146427108923,0.0366664262514514,0.0112812568959516,208026192012.8408,7710.617340364744,0.0375714992451997,7.116253681367521,4.583347564600627,0.65,2.0,0.002,4,3.09261706893274,12.37046827573096,27.833553620394657,49.48187310292384,0.0116945992479332,0.0051554515807319,3.092617068932719,1764.9596255633915,4.67436628994445,1.4820288003462287,0.48202880034622875
2.504697046596771,0.0271659852075383,0.0153762805046997,206693760952.1579,7748.295151874028,0.0486651286120772,8.957582464855479,4.414772066764252,0.65,2.0,0.002,4,5.740249186638035,22.96099674655214,51.66224267974232,91.84398698620856,0.0080071169621868,0.0042453040146799,5.740249186638028,5272.6548702576065,4.053294101526748,0.7690906654437267,0.23090933455627327
1.1119355469458554,0.0791769482439932,0.0076834353816191,193421961478.20996,7801.873954869673,0.0218512223688833,1.0636566942392691,7.779249456148298,0.65,2.0,0.002,4,14.030685678345916,56.12274271338367,126.27617110511326,224.49097085353463,6.723334029722279e-05,3.393487025420824e-05,14.030685678345824,20507.856863513785,2.6387773637135057,0.554445423016949,0.445554576983051
2.9593135452220576,0.0468581673124876,0.018235522529718,218071510546.26025,7779.748176060085,0.0239161178339452,8.944908927832966,1.3118722457877574,0.65,2.0,0.002,4,4.998989201096822,19.995956804387287,44.99090280987139,79.98382721754915,0.001976063484333,0.0011664938492379,4.998989201096813,9704.075587786168,9.836260837764621,0.26242750144367655,0.7375724985563235
2.904634213999594,0.0433570615058932,0.0165969298422765,181241435700.22363,7929.625487522828,0.0375528605505088,8.976494953369079,5.746174030014887,0.65,2.0,0.002,4,4.264582531308344,17.058330125233375,38.38124278177509,68.2333205009335,0.0059623541181128,0.0025640988430955,4.264582531308321,5949.966381751244,8.28708375155082,1.347417710368952,0.34741771036895197
2.758503061254964,0.0261300154683235,0.019374500226527,184299861099.51276,7744.812656919741,0.0322837778210244,8.394629895720671,2.582028109830411,0.65,2.0,0.002,4,5.632093649057138,22.528374596228552,50.68884284151424,90.1134983849142,0.0031547186041428,0.001758229601413,5.632093649057128,6772.110542450072,5.407849127152446,0.45844907253320794,0.541550927466792
1.5255613314290477,0.0750016365894166,0.01133006618317,190881415534.37024,7998.935884628112,0.0095994188643966,6.154275805010485,17.453797921010445,0.65,2.0,0.002,4,10.783706824767068,43.13482729906827,97.05336142290362,172.53930919627308,0.0003499829517131,0.0001355178160652,10.783706824767004,23802.959637984437,5.1848366575770335,1.618534164979727,0.6185341649797269
1.9640707746266328,0.0754161601857607,0.0128134623688278,211552005968.962,7851.786676544127,0.0284242312687828,9.487617469798163,8.538069974656409,0.65,2.0,0.002,4,7.818182661961619,31.27273064784648,70.36364395765457,125.0909225913859,0.0042008335123138,0.002190730834841,7.818182661961586,17980.340277806125,7.451205546464411,1.092078599825679,0.09207859982567901
1.230971747245898,0.0783836392110471,0.0188349973747295,193003726523.24585,7703.541175969555,0.0246387332160516,6.93040629315952,23.76281229964996,0.65,2.0,0.002,4,28.212156903004303,112.8486276120172,253.9094121270387,451.3945104480688,0.0001125943941556,5.389115746188751e-05,28.212156903004168,219953.9688381849,7.000023290538742,0.8422898107843565,0.1577101892156435
1.7527189469616524,0.0791978926954593,0.0157664035400546,218047786400.1537,7647.391430886816,0.0432740155635852,6.407031451512955,5.212499774239712,0.65,2.0,0.002,4,12.426719925520242,49.70687970208097,111.8404793296822,198.82751880832387,0.0001952046178052,0.0001078989232558,12.426719925520201,51016.96598218382,8.368389192824976,0.419459021003204,0.580540978996796
2.369149453835938,0.0399881101257065,0.0079207101014186,192538816151.46707,7950.065452587727,0.0495396943153835,2.712776621419279,1.567147507492366,0.65,2.0,0.002,4,3.1490695477034496,12.596278190813798,28.34162592933104,50.3851127632552,0.0050542447215523,0.0029610462308384,3.1490695477034167,1167.756802449208,2.982827680739087,0.4976541431532594,0.5023458568467406
1.006155202031052,0.0614158241339002,0.0156089728943186,219828907943.8768,7672.40617775792,0.0382811146279583,9.484877501190114,50.90579768113203,0.65,2.0,0.002,4,37.42400259986927,149.69601039947707,336.81602339882346,598.7840415979083,6.109145119058885e-05,2.2399837446080157e-05,37.42400259986919,204588.57812326073,3.7001657431700212,1.360244606259993,0.3602446062599931
1.0146962781285254,0.0413218659392142,0.0142327504213722,185190287602.89343,7958.642764858973,0.0120323289702685,9.106956095539548,17.82460508776871,0.65,2.0,0.002,4,30.23678072938016,120.94712291752064,272.1310265644214,483.7884916700826,0.0001436050621166,6.738352303418175e-05,30.23678072938001,85712.60192931096,2.3747278261603464,0.5895007556293574,0.41049924437064256
1.2553485344542985,0.0545106063137575,0.0139877111618343,186701017105.236,7814.099258537482,0.0462857942064868,1.244996496588857,10.653924081920309,0.65,2.0,0.002,4,19.67347828024908,78.69391312099631,177.0613045222417,314.77565248398525,2.8675281016727015e-05,1.5577512314206483e-05,19.673478280249043,57142.98898119415,3.7397357519669447,0.5415373900921319,0.45846260990786813
1.8738762603903572,0.055902880098987,0.0194020021614802,210258761956.01355,7858.28504555248,0.0384724460123518,7.220995959074017,18.694227090195398,0.65,2.0,0.002,4,12.96006400901664,51.84025603606656,116.64057608114976,207.36102414426625,0.0002742540079374,0.000101908618938,12.960064009016609,52953.35158344642,7.985818280205688,1.4424486697897019,0.4424486697897019
1.0689010330577178,0.0523210803419305,0.0149132184556509,208167587388.32855,7843.1524333101,0.0185165161295901,2.2882108766730087,11.043288734900564,0.65,2.0,0.002,4,30.492067089031668,121.96826835612669,274.428603801285,487.8730734245067,1.761859031247639e-05,9.422444395145896e-06,30.49206708903151,120054.84996457216,3.2707416349430654,0.3621692390567058,0.6378307609432943
1.92559787563357,0.0695846329983625,0.0152576702650111,205726701741.6022,7859.930969025311,0.0171711535722115,3.779941472312387,2.69381099566304,0.65,2.0,0.002,4,9.546017992923815,38.18407197169527,85.91416193631436,152.73628788678107,0.0001918827872771,0.0001114836769597,9.54601799292379,28904.145472934313,8.03444533803573,0.2821921137860719,0.7178078862139281
2.592575748652311,0.0725893602350056,0.0145438253654298,198186117392.5839,7941.299302247006,0.0400302643807394,4.749040934998693,6.096406463361937,0.65,2.0,0.002,4,4.901576996264889,19.606307985059555,44.114192966384,78.42523194023822,0.0021504288502866,0.0009751271070251,4.901576996264881,10308.038645220173,10.867875212295484,1.2437642962678226,0.2437642962678226
2.8019716931224017,0.0521803014747134,0.0119440894699242,211406387542.68143,7820.44435392322,0.0453814472875656,8.941325867600348,4.142021972309352,0.65,2.0,0.002,4,3.5867255986686435,14.346902394674574,32.280530388017795,57.387609578698296,0.0175709010465785,0.0092018718261837,3.5867255986686253,3468.0140745606086,6.828492077397446,1.154819865184794,0.15481986518479407
2.254260436696451,0.066440897302376,0.009791595079517,192352672080.7033,7958.727723542628,0.0094732676160811,1.6578209082711528,4.036453712491254,0.65,2.0,0.002,4,4.295382165089893,17.18152866035957,38.65843948580903,68.72611464143829,0.0066754839636985,0.0035571777846077,4.295382165089873,4250.793726866792,5.83588432681973,0.9397193444851021,0.06028065551489792
1.7747858595287074,0.0764704165595111,0.0098596932012772,212596090362.0801,7899.530800187338,0.0350565741526341,9.21196468230459,6.879350927693023,0.65,2.0,0.002,4,7.363388657183033,29.45355462873213,66.27049791464731,117.81421851492853,0.0068742314562595,0.0040516792679498,7.363388657182999,11313.299992723521,5.285354459053062,0.9342642698864203,0.0657357301135797
1.6973145202082631,0.0732362281359731,0.0052594476664125,217585678693.67203,7743.288670080691,0.0214197240060638,7.286339195693189,3.944642452265811,0.65,2.0,0.002,4,4.388308665803503,17.553234663214013,39.494777992231526,70.21293865285605,0.0273594172012585,0.0151355164418975,4.388308665803488,1924.3229506900593,2.5311849984141457,0.8988981297065523,0.10110187029344775
1.8461831847531245,0.0690296671342982,0.018893920556243,217547833696.02045,7880.035535587152,0.0085509673186929,4.482069738253753,7.231385170298261,0.65,2.0,0.002,4,13.207330640444455,52.82932256177783,118.86597576400013,211.3172902471113,0.0001494694805605,7.608546478271466e-05,13.207330640444427,65331.20565444106,9.487042267431049,0.5475281392709136,0.4524718607290864
2.9558339581476805,0.0446945601316435,0.0169052322583995,183392770892.4733,7822.184684055105,0.0410926904143575,9.254546505476895,7.139940090439165,0.65,2.0,0.002,4,4.248321748420316,16.993286993681263,38.23489573578284,67.97314797472505,0.0032568786554522,0.0012361055039054,4.248321748420293,6223.697154925583,8.734819066761993,1.680649563111386,0.680649563111386
2.3641865103565345,0.0722177805241799,0.0121317590789635,197298418319.5764,7694.857027403656,0.0295178162543356,5.972319375847275,4.763721000999674,0.65,2.0,0.002,4,4.98369075128656,19.93476300514624,44.85321676157905,79.73905202058496,0.0113567837950666,0.0064119415302815,4.983690751286554,7814.156706949227,7.969300598683896,0.9558620786753083,0.04413792132469174
2.6046546888166704,0.0302470434720392,0.0119232482463273,183596985007.58017,7764.720295974779,0.0421879898148466,8.938201518233495,4.395287013568067,0.65,2.0,0.002,4,3.8751935151785,15.500774060714,34.8767416366065,62.003096242856,0.0295436800653595,0.0158440511419539,3.875193515178472,2162.0713316255515,3.6468969534373237,1.134210974588102,0.13421097458810194
2.3834362249952563,0.0650886904867511,0.0165885406228415,201596640813.3617,7814.424843160906,0.0373500311201801,7.0067178741242016,9.456727611015044,0.65,2.0,0.002,4,6.725483312781034,26.90193325112413,60.529349815029306,107.60773300449654,0.0011016671218817,0.0004346657051033,6.725483312781032,17955.23150569182,10.055050900963503,1.4061037952534334,0.40610379525343343
1.2128390637427655,0.0799462838284543,0.014985271041598,206005000622.35187,7636.176290793653,0.0453665029503481,0.3870950817242473,15.19947269011441,0.65,2.0,0.002,4,23.993213130689764,95.97285252275906,215.93891817620792,383.8914100910362,5.003582188303112e-06,2.500306399552268e-06,23.99321313068969,126080.68826319656,5.547687769984894,0.6334905044740666,0.36650949552593337
2.755345498937664,0.0597221874414824,0.0160237591755351,180542803555.54205,7771.004801184173,0.0193019282629487,8.53406148217772,8.843156423084313,0.65,2.0,0.002,4,4.613101795644591,18.45240718257837,41.51791616080132,73.80962873031346,0.0014729192552464,0.0006418958523693,4.6131017956445675,8607.344268472078,10.245268884450269,1.9169653770557429,0.9169653770557429
1.4725431589901452,0.0371243004405235,0.0183378490442445,216615499581.21924,7708.39682594136,0.026359635599001,9.818072129010838,28.434616841657625,0.65,2.0,0.002,4,20.328452289957102,81.31380915982841,182.95607060961396,325.25523663931364,0.0002869581558876,0.0001026612437674,20.328452289957024,63034.32971406044,3.8637478170775155,1.3987595531660486,0.3987595531660486
1.81019901968256,0.0401411311393077,0.0163261239005879,209902857444.20364,7794.617517327882,0.0057266601897801,1.8345365208814504,3.4055323339702217,0.65,2.0,0.002,4,11.723882634296332,46.89553053718533,105.514943708667,187.5821221487413,0.0001038223632771,5.942642204409504e-05,11.723882634296304,25088.02618518972,4.62342517330697,0.29047820079739567,0.7095217992026044
1.0774452024579924,0.0397366190285895,0.0124323701190302,194252699346.2776,7824.239790026557,0.0266274116821754,6.811633738453009,33.88818117322328,0.65,2.0,0.002,4,24.196650792732814,96.78660317093129,217.76985713459533,387.1464126837251,0.0001899449867986,6.71752155127025e-05,24.19665079273275,48130.72921477165,2.082342635720626,1.400531894414135,0.40053189441413495
1.4672298453477517,0.0325476696283923,0.0051743697539057,191276269814.13223,7698.694716811928,0.0393960450506156,5.740128071062415,2.82543914955558,0.65,2.0,0.002,4,5.432658503954085,21.73063401581634,48.89392653558676,86.92253606326535,0.0074400642620502,0.0042307755251675,5.432658503954037,1108.2740468636298,0.951179789894251,0.5200840707177063,0.47991592928229365
2.747865236983769,0.0258079767120417,0.0109431531218794,200039265353.75308,7832.848775964613,0.0193597435541345,7.1595314806954455,2.704841386739562,0.65,2.0,0.002,4,3.3210745520838207,13.284298208335285,29.889670968754388,53.13719283334113,0.0393984820751657,0.0195150345548927,3.3210745520838074,1323.4227525374563,3.039356269200644,0.8144476567207473,0.18555234327925274
1.7164401380356982,0.0745223701712621,0.010829482342684,200365859237.375,7646.599732251489,0.0381830425483721,7.032999275722784,13.904288501045976,0.65,2.0,0.002,4,8.532126995172415,34.12850798068966,76.78914295655174,136.51403192275865,0.0006387772434008,0.0002207775520471,8.53212699517236,15220.738993693489,5.296163451705094,1.6296391871468026,0.6296391871468026
2.7273684443862,0.0756825747963007,0.0075795147077442,210170107473.9788,7739.99130378113,0.0231474276750313,2.816374639935881,3.1540571404416258,0.65,2.0,0.002,4,2.4076772435758578,9.630708974303433,21.66909519218272,38.52283589721373,0.0087829534557667,0.0042950945241567,2.407677243575836,1385.631858151633,6.054685470469088,1.3099999797968271,0.30999997979682714
2.623849720115273,0.0277137323278778,0.0142428012107874,210953583976.4499,7724.962068603154,0.0085872010715346,1.6438650343584875,1.7883539727110231,0.65,2.0,0.002,4,4.90221131831267,19.60884527325068,44.11990186481403,78.43538109300272,0.0009979238929207,0.0005398753825807,4.902211318312654,3795.2425948620667,4.000329346267923,0.3648055656088233,0.6351944343911766
1.4112581330951934,0.0740905639621861,0.0083451254724276,213619016979.7,7880.662078343357,0.0149409055144781,7.142100024559824,2.4414540021979683,0.65,2.0,0.002,4,9.892084390072934,39.56833756029174,89.02875951065641,158.27335024116695,0.0005331090572397,0.0003289334334705,9.892084390072885,13282.208735533128,3.4382301073170147,0.2468088530106019,0.7531911469893982
1.6211142617192644,0.0712535810634994,0.0081152452216536,181313284868.33145,7896.596886342986,0.0429041196949522,6.463089102402587,7.005531597913172,0.65,2.0,0.002,4,6.709628543513264,26.838514174053056,60.38665689161938,107.35405669621224,0.0077095915214973,0.0047192267689487,6.709628543513231,6577.920714968463,3.701109572593102,1.0441012572426256,0.04410125724262559
2.434779320891808,0.0455162892557156,0.0176156616943797,216340715580.80173,7666.666073633751,0.0386259060924283,0.3053213361142841,4.998583096036041,0.65,2.0,0.002,4,7.157722600373582,28.630890401494327,64.41950340336224,114.5235616059773,7.813401289072503e-05,3.937519024954333e-05,7.157722600373568,15136.010819367399,7.48345181157444,0.698348256158343,0.30165174384165705
2.3099918484029285,0.0797333179751465,0.0052370485874494,202303339873.0553,7900.403501153023,0.0422048672606245,5.497528522104137,2.9633150684126246,0.65,2.0,0.002,4,2.2520179740552084,9.008071896220834,20.26816176649688,36.032287584883335,0.0237847898422974,0.011394314414436,2.25201797405519,762.8859316059553,3.810273625164756,1.3158487643313999,0.31584876433139986
2.3817735928625705,0.0629354427973409,0.0091274532452001,187825985459.4958,7685.5409901824,0.0139163388544397,5.285443689945586,1.6018655609959247,0.65,2.0,0.002,4,3.6067707230247015,14.427082892098806,32.46093650722232,57.70833156839522,0.0044058863859456,0.0024404793111657,3.6067707230246753,2700.1422266978598,5.257627731707264,0.4441273604584945,0.5558726395415055
1.1584391021461948,0.0774331489525603,0.0113870383464736,194020825795.8927,7742.521233907324,0.0220520485163962,9.455468596153947,6.026124437228967,0.65,2.0,0.002,4,19.26090070222552,77.04360280890207,173.34810632002964,308.17441123560826,0.0001518733630266,8.420105591985398e-05,19.260900702225374,57913.02405653722,3.9542427032113108,0.3128682573257188,0.6871317426742811
2.782780167421014,0.0342736294630863,0.0188138674205949,188690559302.9848,7988.570403137019,0.0238932113768536,5.373902267945081,3.950603295478397,0.65,2.0,0.002,4,5.354144483860745,21.41657793544298,48.187300354746704,85.66631174177192,0.0035487860797506,0.001755067381323,5.354144483860743,8111.404461223779,7.167309312814,0.7378589254337256,0.26214107456627445
1.9708498082129449,0.0709093111741513,0.0098755839985558,186452548251.4329,7709.720245399877,0.0114407442806058,4.107421446313991,2.325996134961078,0.65,2.0,0.002,4,5.6695662479778,22.6782649919112,51.0260962318002,90.7130599676448,0.0010985752903306,0.0005987657953481,5.669566247977795,6751.303200718884,5.320203042500675,0.4102599799042312,0.5897400200957688
2.683507839707277,0.0420755647331496,0.0183428144079436,201843014178.40335,7886.994656477767,0.0063574648567493,8.967700495397192,3.4135451899460407,0.65,2.0,0.002,4,5.843063113433132,23.37225245373253,52.58756802089819,93.48900981493011,0.0029176434750633,0.0014860325470825,5.843063113433124,11008.324836198695,8.167334539629424,0.5842047439293178,0.41579525607068224
1.9697275896640456,0.0679949036112743,0.0120881949802513,214000072521.6609,7925.0963038887985,0.0358786624921643,6.192564899843856,8.315368651431351,0.65,2.0,0.002,4,7.341470541380499,29.365882165521995,66.07323487242449,117.46352866208798,0.0026121651482057,0.0013073354771084,7.341470541380492,13650.369183835353,6.415323184306798,1.13265708887088,0.13265708887088
2.4075396155320994,0.0413215922213599,0.0139324955886517,188941764033.5693,7667.35585945815,0.0262017110812425,3.5965595142375126,7.074009165448219,0.65,2.0,0.002,4,5.410687565891906,21.642750263567624,48.69618809302715,86.5710010542705,0.0022163858258578,0.0009508099287904,5.410687565891878,6141.291032796756,5.313675494130799,1.3074140909635328,0.3074140909635328
1.3015870332680348,0.0628671941604342,0.0120460733301566,214115635386.9857,7962.980926734363,0.0442618206419558,0.7374128620322263,26.121017826274663,0.65,2.0,0.002,4,16.719168820381075,66.8766752815243,150.47251938342964,267.5067011260972,1.9301280095166164e-05,6.534761115338726e-06,16.71916882038103,43308.942190270674,3.924537412120437,1.5623394982669578,0.5623394982669578
