L,b,h,E,rho,damping_ratio,force_amplitude,excitation_frequency,observation_point,simulation_time,time_step,number_of_modes,f1,f2,f3,f4,peak_displacement,rms_displacement
2.949558856115305,0.0635682429845845,0.0090036246444645,194858867606.7213,7768.993170731514,0.0386390175864728,9.264402941018886,1.8298702227135024,0.65,2.0,0.002,4,2.35022920879472,9.40091683517888,21.15206287915248,37.60366734071552,0.0393891706975669,0.0208291045188379
1.420986179543411,0.0569158452706312,0.0061536249575812,203097665697.7852,7650.368280594575,0.0418397685639196,9.40179237726222,3.641098457676705,0.65,2.0,0.002,4,7.120194623261565,28.48077849304626,64.08175160935409,113.92311397218504,0.0032839880065532,0.0019330078638633
2.1538416361993056,0.0227952565440999,0.0155638257249467,200267294710.12463,7941.808690999206,0.0357095242643568,0.1440212209801074,4.357023178690596,0.65,2.0,0.002,4,7.639472677308394,30.557890709233572,68.75525409577554,122.2315628369343,5.252971342271915e-05,2.682300564216134e-05
1.3786190393593596,0.0344684381759556,0.01539061826574,214076123300.054,7670.884858725725,0.0415555574537381,7.902142152238221,32.33347675508034,0.65,2.0,0.002,4,19.39805383414617,77.5922153365847,174.5824845073156,310.3688613463388,0.0001974511713625,6.271605993592035e-05
1.965171704731698,0.0557576076357213,0.0165236042607531,205366295611.2769,7956.821742663477,0.0381069612773835,5.234609595366929,4.08791915490207,0.65,2.0,0.002,4,9.856615259245531,39.426461036982126,88.7095373332098,157.7058441479285,0.0003313158028004,0.0001808757404339
2.939894179007595,0.0504682484840052,0.0058100105707387,182722934228.49905,7786.945879346676,0.0345949041200594,1.633278898740471,0.3831164910884151,0.65,2.0,0.002,4,1.4765757513771196,5.906303005508478,13.289181762394076,23.625212022033917,0.0118373819178143,0.0072176494068944
2.4532702572077936,0.0338667766536112,0.0142408091431781,206370572280.90625,7731.371241381901,0.0418475239441723,8.86517189264976,9.640504680597834,0.65,2.0,0.002,4,5.543304726925984,22.173218907703937,49.88974254233386,88.69287563081575,0.0026528611395471,0.000954217554084
2.614732463238544,0.0718561258829752,0.0121749825105334,200938815307.30444,7796.629311851676,0.0288385788256302,1.11596115115603,4.0196340559911485,0.65,2.0,0.002,4,4.099411902687607,16.39764761075043,36.89470712418847,65.59059044300172,0.0036188829147834,0.0017976450892959
2.8368061349635707,0.0618129502529979,0.0196767445934338,193154812383.49664,7692.934633760773,0.0063165524651242,3.528814890930096,7.137484610671412,0.65,2.0,0.002,4,5.555586741973735,22.22234696789494,50.00028067776362,88.88938787157976,0.0011863865814848,0.0005431745646255
2.909135693745629,0.0686336366070907,0.0101470643726519,213657274045.75504,7807.52569966152,0.0206038624217478,8.412154736438222,4.4194284166,0.65,2.0,0.002,4,2.844093317830155,11.37637327132062,25.5968398604714,45.50549308528248,0.009139179480706,0.0040703956282777
2.18080672746792,0.0449711991330993,0.0065847761761599,212457491753.85944,7696.698144456142,0.046093588591076,7.780796058113796,1.1402488155023371,0.65,2.0,0.002,4,3.2985244890639427,13.19409795625577,29.686720401575485,52.77639182502308,0.0130581576667626,0.0073458263877384
1.320789551504354,0.0212007955075832,0.0164470617673119,204022688121.426,7644.368656487523,0.0121777990268157,1.395700347991966,11.050456530244988,0.65,2.0,0.002,4,22.08608550820254,88.34434203281016,198.77476957382288,353.37736813124064,5.251179160510357e-05,2.954605072393698e-05
2.427415911059593,0.0319922977057829,0.0199403268608159,180367297809.7065,7691.916792499596,0.0068928078772623,7.848291780957173,9.226449341022713,0.65,2.0,0.002,4,7.430785911655379,29.72314364662152,66.87707320489841,118.89257458648606,0.0032424479296002,0.0014987326923036
2.492566871031431,0.0502995356611101,0.010228958849711,211475672699.1864,7846.7130990168835,0.0278270764687398,7.753760257834535,4.576038182482522,0.65,2.0,0.002,4,3.8757287027688734,15.502914811075494,34.88155832491986,62.01165924430197,0.0159411755534435,0.007676955899702
2.96921475320186,0.0348741013898709,0.0061392254885781,202477636944.04712,7731.5142391240415,0.0195052447763619,0.1701450062824856,2.057420457542828,0.65,2.0,0.002,4,1.6159051727799931,6.463620691119973,14.543146555019945,25.854482764479894,0.0036754142327985,0.0019542236251138
2.479179851592332,0.0634626499020541,0.016070127165325,182960788296.60724,7625.30862059785,0.0212503974453247,5.323207474033077,9.133403265478409,0.65,2.0,0.002,4,5.807414151799455,23.22965660719782,52.26672736619511,92.91862642879128,0.0009419962253841,0.0003723592852782
2.452133408451929,0.0231338425165589,0.0199209226380936,213722354101.4912,7733.986666895393,0.0228560948722363,9.640696422600197,14.881882613891774,0.65,2.0,0.002,4,7.897211684020837,31.588846736083347,71.07490515618753,126.3553869443334,0.0012371488190017,0.0004603571418843
2.605291675990795,0.0495777241367486,0.0159193155000871,210028102037.43365,7802.705575868093,0.0466413294314059,9.903383661167547,4.671198680494942,0.65,2.0,0.002,4,5.51768666297377,22.07074665189508,49.65917996676394,88.28298660758033,0.0068910664544248,0.0037712322178318
1.218712155950003,0.0317732179090919,0.0061786305087407,219206021634.46976,7649.142650364512,0.0140382925517612,8.115888898036253,6.504761808123185,0.65,2.0,0.002,4,10.098085708935928,40.39234283574371,90.88277138042336,161.56937134297485,0.0040111731413361,0.001934892374019
2.3078108612421264,0.0626000564733527,0.0157419641148925,215003995882.4589,7845.44217401877,0.0175197718274625,1.085145464368026,9.059683139298766,0.65,2.0,0.002,4,7.016205472338986,28.064821889355944,63.14584925105088,112.25928755742378,0.0002530339807629,0.0001060132983756
1.071664326891283,0.0650892494997173,0.0170383567949658,188544899034.86475,7795.9596134629855,0.0352396750491445,7.451151263949621,64.34712715701,0.65,2.0,0.002,4,33.08354330855936,132.33417323423745,297.7518897770342,529.3366929369497,1.95803509045016e-05,6.111508306112802e-06
1.7079586686052557,0.0397037914263852,0.0084197170128929,199073519067.3257,7644.0511760497775,0.0255455214300673,0.4229413952264224,13.001610639162433,0.65,2.0,0.002,4,6.679085288516934,26.71634115406773,60.111767596652406,106.86536461627094,9.462705838909074e-05,3.703228021998666e-05
1.891744742882308,0.06763540990082,0.0092384719300159,188527755083.98795,7819.51949752922,0.0101889713601918,2.859617218515814,2.86945670393784,0.65,2.0,0.002,4,5.747803873811708,22.99121549524683,51.730234864305366,91.96486198098732,0.0008688141874947,0.0005126932718359
1.5162165216127508,0.0415098344635636,0.0051392657813525,196694537983.20947,7601.107390305565,0.0304256946164601,7.069884812826254,6.249147141387162,0.65,2.0,0.002,4,5.156625580824973,20.62650232329989,46.40963022742476,82.50600929319957,0.0177443994548754,0.0080691413958542
2.169226424431676,0.020566143657659,0.0135475983234801,205344151437.67444,7966.104500617628,0.0236174753148884,5.787229826786447,6.99279075943858,0.65,2.0,0.002,4,6.628266516264247,26.513066065056982,59.65439864637822,106.05226426022794,0.0181199570700618,0.0105601629195935
2.1989665245604835,0.0401538279037517,0.0156550933065243,211186633676.8309,7911.289546234751,0.0171256905227159,6.573679395929539,3.538964529360525,0.65,2.0,0.002,4,7.585029118231154,30.340116472924617,68.2652620640804,121.36046589169848,0.0011254775101438,0.0006118003567029
2.391732955048381,0.0292246082318251,0.0187854283450882,215703442828.32,7954.681372029696,0.0265557588958875,1.7899964395044627,12.080610751110871,0.65,2.0,0.002,4,7.754291540938887,31.017166163755547,69.78862386845,124.0686646550222,0.0003183605785779,0.0001173349898498
2.113168533253789,0.0776342413430926,0.0086004241968454,212150389715.36697,7884.727213742982,0.0113040426527647,9.272267757909235,7.88077796305054,0.65,2.0,0.002,4,4.530117188538315,18.12046875415326,40.77105469684484,72.48187501661305,0.0032030461686745,0.0014218901156711
2.147690604049195,0.0309990897121724,0.0120370015545817,206032490601.76135,7651.272829273122,0.0468767421894606,5.106674524595835,10.286294180702194,0.65,2.0,0.002,4,6.140519974482744,24.56207989793097,55.26467977034469,98.2483195917239,0.0017672089904965,0.0006251022902481
1.4936695247579057,0.0282597611484638,0.0139636051067365,209754879112.12888,7874.107226718888,0.0174281042852384,8.559003880032943,19.06092071270359,0.65,2.0,0.002,4,14.647825096086516,58.59130038434606,131.83042586477865,234.36520153738425,0.0011000153952631,0.0004217093360449
2.714652979495376,0.0615216748220897,0.007074619886259,207237709580.9704,7841.793477935097,0.0200152441631931,2.165273568166255,4.012862482648945,0.65,2.0,0.002,4,2.2378471246394613,8.951388498557845,20.14062412175515,35.80555399423138,0.0042393185478157,0.0019969014930111
1.262474985618816,0.0387680074339708,0.0198768057207386,186290413067.4834,7719.414624919387,0.0464330368346964,9.636749825093949,16.99912689411218,0.65,2.0,0.002,4,27.78007102763461,111.12028411053844,250.02063924871152,444.4811364421538,0.0001359264855137,6.819732953507956e-05
1.863794557751817,0.0576107251541161,0.0137162910805298,219962927239.5625,7710.512566483251,0.0082102752683663,3.9398339116953673,10.829595179222972,0.65,2.0,0.002,4,9.56319450710918,38.25277802843672,86.0687505639826,153.01111211374686,0.0013869255617338,0.000632751760594
1.7876186610605709,0.0646541166826473,0.0190411687901968,193667150401.72507,7824.515980850269,0.0433544288425645,6.186499028592761,5.4037500544893815,0.65,2.0,0.002,4,13.442261441936948,53.76904576774779,120.98035297743256,215.0761830709912,0.0001575313065699,8.662203427971366e-05
2.761693061621145,0.0547648017757883,0.0168870032155791,190516562885.15375,7648.819119901382,0.0366102307934053,7.959438593926105,4.48389533485974,0.65,2.0,0.002,4,5.010720703150376,20.042882812601505,45.096486328353386,80.17153125040602,0.0080872833183109,0.0045238411971273
1.5824305011250477,0.0387545260593975,0.0131423876379665,189350175698.909,7735.114530998987,0.0253596750885073,3.9243937825361086,19.69710722654651,0.65,2.0,0.002,4,11.774804849016872,47.09921939606749,105.97324364115184,188.39687758427,0.0002840802221294,9.513202677200608e-05
1.4400027866989495,0.0342243171495323,0.013403829805913,215041033441.93665,7715.431974241838,0.0197959992690119,5.551220231574745,4.209174752407192,0.65,2.0,0.002,4,15.474336608346958,61.89734643338783,139.2690294751226,247.58938573355127,0.0002465691249095,0.0001448220215847
1.095646864113455,0.0437024257154414,0.0132040903198845,211193132619.66217,7959.439906642179,0.0142166201477196,6.669364270605034,26.884240392211957,0.65,2.0,0.002,4,25.69183843253149,102.76735373012598,231.22654589278343,411.0694149205039,0.0009081581212738,0.0004671686560223
2.5878100744332926,0.0439198090497235,0.0173382228462561,205199280160.44104,7751.4734261206095,0.0086301479954938,0.7615072355195025,3.94149161406924,0.65,2.0,0.002,4,6.040387793959209,24.16155117583684,54.363490145632895,96.64620470334737,0.0002760382600974,0.0001380728207126
2.287706997009551,0.0543286935359071,0.0113307327580837,203262409601.0653,7813.61612131014,0.0475111683150614,8.392244283666919,4.549681553494489,0.65,2.0,0.002,4,5.007130944861182,20.02852377944473,45.06417850375065,80.11409511777892,0.0123066466228663,0.0072758650965035
2.1551326629849847,0.0702903109381174,0.0097055227529784,203622461156.2948,7702.578078925751,0.0108326051545203,8.537338111204594,9.579038359656336,0.65,2.0,0.002,4,4.871861735597111,19.487446942388445,43.846755620374005,77.94978776955378,0.0017571147525796,0.0008567740131962
1.6572086686378376,0.0542999069230856,0.0113438539098792,186420764725.37604,7844.187972956832,0.036009952972351,0.1010770832060017,10.649838588300204,0.65,2.0,0.002,4,9.130795846759309,36.52318338703723,82.17716262083377,146.0927335481489,3.150820233892465e-05,1.4752481083028309e-05
1.7303694060421344,0.0618369377591983,0.0139144164202073,188305486883.7568,7825.254217434044,0.0446858247712517,6.701649528335454,10.845944199329525,0.65,2.0,0.002,4,10.33710325515001,41.34841302060004,93.0339292963501,165.39365208240017,0.0021359004331399,0.0013366394212888
2.055089748994366,0.0425166883816096,0.0195489782457471,186917092310.67725,7727.866227050835,0.0182282211916056,5.478760844735974,11.341417300725604,0.65,2.0,0.002,4,10.32253684886958,41.29014739547832,92.90283163982625,165.16058958191329,0.0017771132363117,0.0008524833501492
1.3937548811453484,0.0644063582030262,0.0087859522228356,197250932535.7965,7686.968815683228,0.0100984030411198,4.050730192489896,12.458033943483654,0.65,2.0,0.002,4,10.389084089919695,41.55633635967879,93.50175680927728,166.22534543871515,0.0011397917333996,0.0004869233335199
1.23642253568906,0.0594493580177806,0.0154000080184269,212581074212.8428,7672.414751109302,0.0282547246743997,6.642229841642266,14.490536126255323,0.65,2.0,0.002,4,24.044327764985308,96.17731105994125,216.3989498848678,384.7092442397649,0.0001090812997065,5.261523170941984e-05
1.7248112105947049,0.0266736684534987,0.0083235987938139,180978303871.3672,7878.56646279606,0.0098107317594873,8.887513033597704,7.607786488641408,0.65,2.0,0.002,4,6.080606723965827,24.32242689586331,54.72546051569244,97.28970758345324,0.0145943122658612,0.0065975185498834
2.9387508691247515,0.0759335416977967,0.006666189990059,191539064574.2929,7903.958610344457,0.0412809618129159,5.092238637567455,0.3945434041905395,0.65,2.0,0.002,4,1.723009818877588,6.892039275510352,15.507088369898293,27.568157102041408,0.0142606120637823,0.0095398771208162
1.058402823361686,0.0617720222492704,0.0151322625935614,192829478051.01904,7645.086669425634,0.0096083271172229,9.69535767727011,43.63555187412363,0.65,2.0,0.002,4,30.76285581605417,123.05142326421668,276.86570234448754,492.2056930568667,9.402834473089704e-05,3.245642807290191e-05
2.773383115854961,0.0689202139079794,0.0066429379706984,188911063395.32724,7846.794294031167,0.0369459550008554,0.1865085455311769,0.877443778974449,0.65,2.0,0.002,4,1.9215526087675563,7.686210435070226,17.293973478908008,30.744841740280904,0.0006526435511962,0.0003731108111966
1.0625545025496128,0.0775965451606639,0.0072163016760816,194136279058.1237,7753.917853998283,0.0270243454666286,7.87589582110829,3.059422990197207,0.65,2.0,0.002,4,14.502212197280764,58.00884878912306,130.51990977552688,232.03539515649223,0.0002751911901898,0.0001824230248648
2.260509328318271,0.0546228487186351,0.0109944961511077,213339732348.02536,7879.360638277351,0.0060233658547627,7.789271326231178,5.648336829173775,0.65,2.0,0.002,4,5.076710075827816,20.306840303311265,45.69039068245034,81.22736121324506,0.0149705437956536,0.0070853884608481
1.287475154339231,0.0429787037671055,0.0085667094934742,191626325039.35367,7728.981299721626,0.037325148757447,1.849817804229044,7.875866522337832,0.65,2.0,0.002,4,11.668956943092724,46.6758277723709,105.02061248783454,186.7033110894836,0.0003550987113333,0.0001805373689546
2.802735288112801,0.0477867399886532,0.0089184677138895,215990235654.16077,7661.18059113956,0.0498174583673275,6.171197041985486,5.050547698350598,0.65,2.0,0.002,4,2.7335344059187574,10.93413762367503,24.60180965326882,43.73655049470012,0.0071445583885902,0.002981931297878
2.897311720314427,0.0375771564687315,0.0157542486194047,206520556277.394,7614.241512535109,0.0169504284355825,2.1469906238267376,3.844607581403957,0.65,2.0,0.002,4,4.432051737728389,17.728206950913556,39.8884656395555,70.91282780365422,0.0044177804217347,0.0021846006825183
1.8297040110523304,0.0274314128677581,0.0111566221033317,202277348848.538,7972.284472482259,0.0066300048970386,6.252438224369247,7.793812805976443,0.65,2.0,0.002,4,7.611715186266382,30.44686074506553,68.50543667639745,121.78744298026211,0.0355941816366873,0.0174367405023924
1.6431682057389023,0.0251531725662543,0.0086694069913854,180447470123.47507,7994.6503670099855,0.0150117013457932,8.16727183258519,3.483230100158354,0.65,2.0,0.002,4,6.917198853365517,27.668795413462068,62.25478968028965,110.67518165384828,0.0047778432716212,0.0027881906142659
2.311839899859232,0.0297930594028714,0.0077048666957123,202356305332.5831,7750.164618363485,0.0262087317747876,3.1579999373069536,6.400764344018398,0.65,2.0,0.002,4,3.3402715954509543,13.361086381803815,30.062444359058595,53.44434552721527,0.0042694209866275,0.001897595066615
2.600257745282406,0.045184314821875,0.0072930075785107,186234671431.10565,7968.722304297119,0.0155167098925217,8.753745509079504,2.6149731318955767,0.65,2.0,0.002,4,2.3644985047447498,9.457994018979,21.28048654270275,37.831976075916,0.1300190520482018,0.0691288593513718
2.2847615034312603,0.0492951134168779,0.00698214453772,216076666514.08817,7818.726747308709,0.0178273837832637,8.79147622898537,0.9501189667692036,0.65,2.0,0.002,4,3.18839604386847,12.75358417547388,28.695564394816238,51.01433670189552,0.0127898916250215,0.0074731876806507
2.8830777134761982,0.0272393202466211,0.0184418312363544,184015825825.9924,7705.815924460524,0.043091534123058,1.876971516226266,4.643068534273423,0.65,2.0,0.002,4,4.9163056087356125,19.66522243494245,44.24675047862052,78.6608897397698,0.0047080489521729,0.0027918478691874
1.978084159926606,0.0309686473160646,0.0098448195343843,185612398050.69247,7872.498859165748,0.0226822663684051,7.3699077009276195,6.595492597131651,0.65,2.0,0.002,4,5.539807459210779,22.15922983684312,49.85826713289701,88.63691934737247,0.0124647861415484,0.0056965517141196
2.022112241002852,0.0498767432272323,0.0173012325722488,191330260488.03223,7939.965511762394,0.0140396095356702,8.803161983671517,11.056792553095214,0.65,2.0,0.002,4,9.418425462546294,37.673701850185175,84.76582916291663,150.6948074007407,0.0021028093810473,0.0009065021080576
1.2171812339431354,0.0206063986658755,0.0157280750648321,190264669837.5417,7803.799442055109,0.010022722100247,9.854429640038868,10.118505851115565,0.65,2.0,0.002,4,23.769517034674333,95.07806813869732,213.92565331206904,380.3122725547893,0.0003244092157553,0.0001734898113657
1.1267910949418598,0.0778828088989695,0.0194964100487343,206976391742.0145,7952.699299856004,0.0247297042932188,3.2027025799551723,16.97476705158601,0.65,2.0,0.002,4,35.52222960967598,142.08891843870393,319.70006648708386,568.3556737548157,9.925218316889991e-06,5.558333715085914e-06
1.0209583077887685,0.0658783087784404,0.0062737490582985,184264662974.6515,7912.68274800461,0.0360284767202932,5.662840980432715,22.08749235344351,0.65,2.0,0.002,4,13.17041726463679,52.68166905854716,118.53375538173113,210.72667623418863,0.0003821821501282,0.0001241617974795
2.978094333761759,0.0668549047526643,0.0122107119378504,203022614212.0978,7824.869764533237,0.0164462338914417,1.935367873504854,2.3358882931547176,0.65,2.0,0.002,4,3.1799990350768548,12.71999614030742,28.6199913156917,50.87998456122968,0.0029881211212928,0.001528228983476
2.1022745639412297,0.0477026631134807,0.0107849733711819,203146067305.25854,7827.7623546738705,0.0080781133174703,4.207694755289709,8.443095354292717,0.65,2.0,0.002,4,5.637088501825744,22.548354007302976,50.7337965164317,90.1934160292119,0.0017599121535076,0.0008292020612862
2.321523229451071,0.0419394527782746,0.0084068330787847,183344654375.1007,7640.700500528351,0.0481743643443582,7.905720534780469,2.22070811197488,0.65,2.0,0.002,4,3.4648397163009195,13.859358865203678,31.183557446708274,55.43743546081471,0.0167575070843986,0.0087639549385577
2.894503854757745,0.069259123964207,0.0111261417290113,204467723546.77173,7810.656678012034,0.0186488880207853,4.409669276695995,5.2151775533416425,0.65,2.0,0.002,4,3.0810176335141675,12.32407053405667,27.729158701627508,49.29628213622668,0.0030319913074667,0.0013133572054228
2.5710450285492827,0.0713490608418187,0.0162758147419324,215420455792.08737,7841.674159487357,0.0426683156352423,4.2301522143891646,10.149773890840558,0.65,2.0,0.002,4,5.851829989817329,23.40731995926932,52.66646990835597,93.62927983707726,0.0004671162204742,0.0001667590749486
1.7110380372704928,0.0364926245975011,0.0197001896741743,190090031420.8673,7890.283358295097,0.017769114311267,0.7978461030334992,21.41503233788514,0.65,2.0,0.002,4,14.976616334665655,59.90646533866263,134.7895470119909,239.6258613546505,3.8545009034217945e-05,1.3932322501048924e-05
1.8105091629560868,0.0675886254952232,0.0123438320810169,189403426544.0185,7851.56557468158,0.0261099239227877,2.7142916368142207,7.452103769205376,0.65,2.0,0.002,4,8.386747921001916,33.546991684007665,75.48073128901724,134.18796673603066,0.0011263070874587,0.0005871871312358
2.411137914213737,0.0673701171324059,0.0131169143631168,191042735130.1646,7693.789189881284,0.0488365686803027,4.424255302304281,5.780707175778293,0.65,2.0,0.002,4,5.098142320397856,20.392569281591424,45.8832808835807,81.5702771263657,0.0032930606175968,0.001753368739815
2.343481011988709,0.0675104304736343,0.0147578440711299,195855255800.24304,7973.971289927143,0.0376849407212595,5.324044333685078,3.4562618964541745,0.65,2.0,0.002,4,6.03892414834164,24.15569659336656,54.35031733507476,96.62278637346624,0.0011036781827528,0.0005704544294789
1.8809046904325333,0.0701379955431994,0.0140838746539216,182749532079.13644,7777.163532528331,0.0190297156450062,6.452292221225163,11.430100412455898,0.65,2.0,0.002,4,8.750549937800182,35.00219975120073,78.75494944020164,140.0087990048029,0.0009126262280496,0.0003718383898496
1.7897506197657005,0.0741060411993785,0.0106012352104972,209237300309.30927,7845.494067775623,0.0223485587573825,8.09554757763057,14.48984172354796,0.65,2.0,0.002,4,7.750149608028159,31.00059843211264,69.75134647225343,124.00239372845054,0.0006407442455772,0.0002383905799365
2.770125906087745,0.0331503674793551,0.0151886973681166,183428718623.51352,7944.384932632784,0.0266809717930415,6.279233340920396,7.471734854775172,0.65,2.0,0.002,4,4.312750080454224,17.251000321816896,38.81475072408802,69.00400128726758,0.0030494815299589,0.0011984788180839
2.93377069612357,0.0329193028931025,0.015345650424079,206950625002.3235,7908.892753207439,0.0200897410181778,1.9255402676039752,4.776212366406446,0.65,2.0,0.002,4,4.135592604296233,16.542370417184934,37.220333438666096,66.16948166873973,0.0042633502447494,0.0020225978355977
1.6169192449955003,0.0757545346403689,0.0064151225395948,219770767166.5313,7908.036287263548,0.0091971907395947,6.596673516239506,1.5339739162859425,0.65,2.0,0.002,4,5.865542495876187,23.462169983504747,52.78988246288569,93.848679934019,0.0018535639132433,0.0010973819183479
1.0996870880690828,0.0630859871160157,0.0085765578020223,198060682409.1733,7747.101240237909,0.0100778154492809,3.52126132986658,13.499861366659504,0.65,2.0,0.002,4,16.26048672031207,65.04194688124828,146.34438048280862,260.1677875249931,0.0004944163763122,0.0002234835091607
1.9409290002493436,0.0430976997174755,0.007065769294698,187624658886.098,7692.977272776543,0.0261659252235856,3.78392303042126,6.891188754015019,0.65,2.0,0.002,4,4.2001726452696735,16.800690581078694,37.80155380742706,67.20276232431478,0.0038020201755085,0.0015165099176441
2.4503982360117544,0.065284316717833,0.0183356500069791,208617489378.22076,7869.898390438083,0.0475302783826811,5.42035506703777,9.81686563951728,0.65,2.0,0.002,4,7.129236417548504,28.516945670194016,64.16312775793655,114.06778268077606,0.0006986221743841,0.000279682558823
1.7904693075177889,0.0648245480377931,0.0105731481260954,187553456819.0256,7678.198330958635,0.0234521954111747,4.846229040578322,12.944485311950812,0.65,2.0,0.002,4,7.391501728597582,29.56600691439033,66.52351555737825,118.26402765756131,0.000596720596181,0.0002155053491926
1.1578570904869208,0.0579934995384237,0.0130176950678616,180227382992.6801,7682.742677811356,0.0077629809197518,5.745319175277154,4.846639731340195,0.65,2.0,0.002,4,21.325816784656173,85.30326713862469,191.9323510619056,341.2130685544988,7.847567083370781e-05,4.67941314223798e-05
2.625160463081928,0.0589977616665041,0.0169904919326802,214228887801.9784,7846.938977209513,0.0066530798603811,3.047701835303488,10.40012673671579,0.65,2.0,0.002,4,5.841338536343951,23.365354145375804,52.57204682709556,93.46141658150322,0.0004024484145866,0.0001840144922352
1.395058784880626,0.0243552595151316,0.0197123172022753,204242021234.20816,7811.897587165332,0.0449901759899331,5.9848091301187605,15.817795480969671,0.65,2.0,0.002,4,23.484223007106912,93.93689202842764,211.35800706396225,375.7475681137106,0.0002100421524401,0.0001075259812974
1.9813315404784748,0.059745853047109,0.0184600465536894,184417020437.1993,7956.8772616026545,0.0465086734967227,9.243737364758069,2.142422884229183,0.65,2.0,0.002,4,10.265424444709636,41.06169777883855,92.38882000238677,164.2467911153542,0.0003089874220248,0.0002132072230986
2.5350314173468025,0.0763906251398332,0.0129945067118884,191470840594.41656,7919.40367890373,0.0287031146236404,8.834556113052894,5.4954947250197135,0.65,2.0,0.002,4,4.5084519058794665,18.033807623517863,40.57606715291519,72.13523049407146,0.0058746803520582,0.0027347012565087
1.5467303004705564,0.0217645761573903,0.0099411832416765,208339204748.50613,7623.920483709016,0.0211870695952142,3.050542020714379,5.858974347919292,0.65,2.0,0.002,4,9.849960029814984,39.39984011925994,88.64964026833488,157.59936047703977,0.0012720117068617,0.0006170926733284
2.396110456772184,0.0700024636683121,0.0167918211473488,219081894881.9152,7854.742159466777,0.0194551444201489,5.029483369378482,11.692395628186317,0.65,2.0,0.002,4,7.004072978628738,28.01629191451495,63.03665680765863,112.0651676580598,0.000450664473611,0.0001686234311156
2.010842875553579,0.0422785279231605,0.0188339245098068,183713047014.66388,7821.727869861358,0.016110760170411,8.518705050782382,8.297271473273975,0.65,2.0,0.002,4,10.236051327622512,40.94420531049005,92.1244619486026,163.7768212419602,0.001752183760817,0.0008272291610517
1.1168946747880566,0.0300247284096204,0.0160849793350933,196189323255.0127,7602.759535117437,0.0339690758286807,7.1003999416926655,54.16157777390735,0.65,2.0,0.002,4,29.70143127977685,118.8057251191074,267.3128815179916,475.2229004764296,6.678599902039591e-05,2.0376119800376765e-05
1.4505700874155536,0.0479744805374825,0.0104134263718989,207063026680.79214,7630.030478208251,0.0269941401265018,1.8251731853836184,15.105371987042444,0.65,2.0,0.002,4,11.69051415917466,46.76205663669864,105.21462743257194,187.04822654679452,0.0002936102360897,0.0001162048373436
1.1656641859286052,0.0795319724703588,0.0176747538659031,206401739416.24,7902.529448323443,0.0107685814889679,7.68255646162143,17.30142824002214,0.65,2.0,0.002,4,30.144586920455204,120.57834768182082,271.3012822840968,482.31339072728326,4.928902244592481e-05,2.347321258397209e-05
2.851856908280936,0.0455831734801456,0.0078599436793726,190912819366.02237,7662.059535960378,0.0468751097590655,3.1283467640607583,0.9999522255060372,0.65,2.0,0.002,4,2.1874493740106304,8.749797496042522,19.68704436609568,34.99918998417009,0.0109214116759606,0.0062867705734233
2.537906994264719,0.020847404548741,0.0164009455865808,213421500058.1967,7765.060501118231,0.0272251104804445,0.6184935339599406,3.113488240627008,0.65,2.0,0.002,4,6.0533167349917765,24.213266939967102,54.479850614926,96.85306775986842,0.0003162249417788,0.0001805541645453
1.050147259388408,0.0556056717906269,0.0121901896674744,211466904785.77823,7601.6610280173745,0.0081752174558783,8.610821257120216,28.168128790294805,0.65,2.0,0.002,4,26.436640463778144,105.74656185511256,237.9297641740033,422.9862474204503,0.0008713199104499,0.0003895402337765
1.9113594288182765,0.0629783821006383,0.00745376645099,216096090599.37115,7728.610933676615,0.049219821177758,2.925584373587386,7.368322044267394,0.65,2.0,0.002,4,4.892074260118159,19.56829704047264,44.02866834106343,78.27318816189054,0.0015815281476912,0.0006278960020587
1.9088328203325564,0.0677131358347829,0.007116164144706,181594301765.6884,7879.173629940657,0.0497619973829349,1.0385022819274357,7.464956305239916,0.65,2.0,0.002,4,4.251578447430776,17.006313789723105,38.26420602687698,68.02525515889242,0.0004947974226053,0.0001848298191135
2.86740137062188,0.0728197829599015,0.0141002652544853,192785177125.8324,7787.24150876525,0.0307015942505157,5.4468597105726015,2.556336947833801,0.65,2.0,0.002,4,3.8692300959211496,15.4769203836846,34.82307086329035,61.9076815347384,0.0033801237747612,0.001731785364875
1.4414694953308715,0.0593836872996396,0.0109086150446377,186304498820.38895,7923.523591708116,0.0244291420373276,9.159196363254171,6.327285403371081,0.65,2.0,0.002,4,11.54357824977872,46.17431299911488,103.8922042480085,184.69725199645956,0.0007683134604286,0.0003950655907126
1.171336359378301,0.0463202230294699,0.0094365592806562,180293378838.34583,7820.980748305513,0.0297502385800802,3.2725602407571657,15.723720288476391,0.65,2.0,0.002,4,14.974038940135298,59.89615576054119,134.76635046121768,239.5846230421648,0.0012306834258929,0.0007236140466792
1.848730578869988,0.0672843756552863,0.0075190435970212,191431699084.4239,7735.234232533582,0.0097619338717035,5.067867669253072,2.709952753413275,0.65,2.0,0.002,4,4.962663176177613,19.85065270471045,44.663968585598525,79.40261081884181,0.0031168325105481,0.0016589978214574
2.5212886955908007,0.0635970746138119,0.0097876217369148,182418183839.57083,7933.238150008772,0.0457195402913151,1.3655238397779252,5.778745155053126,0.65,2.0,0.002,4,3.347881638496678,13.391526553986711,30.1309347464701,53.566106215946846,0.0008538805165694,0.0003356881519035
2.677461207535741,0.0767837847501669,0.0188610724112939,205564969631.35452,7891.151086443456,0.0398887815815099,8.11253894922447,9.252573070157856,0.65,2.0,0.002,4,6.089107436049358,24.35642974419743,54.80196692444422,97.42571897678972,0.0009059935499522,0.0003464036531581
2.685463937612944,0.0467833695286225,0.0192946274234015,206031783588.70947,7646.3595461277,0.044829184470206,4.943725389224898,2.8650391441164462,0.65,2.0,0.002,4,6.297479388202035,25.18991755280814,56.67731449381832,100.75967021123256,0.000829343372723,0.0004669215986856
2.9760335368406867,0.0292681758018847,0.0117804017034014,216223272084.1956,7890.212427358179,0.032620110673771,2.6453727938618594,1.6954232849384636,0.65,2.0,0.002,4,3.1573344017381446,12.629337606952578,28.416009615643304,50.51735042781032,0.0052651912477648,0.0029476347804468
2.1057002252208,0.0326706152007707,0.0161203263601296,206781571304.4508,7826.013014963421,0.0438501278309442,7.863999294096424,11.883403023324805,0.65,2.0,0.002,4,8.474139899100907,33.89655959640363,76.26725909190816,135.5862383856145,0.0015660790454208,0.0006093717639568
2.5758873383097134,0.0225316528857763,0.0101786443768784,206351250905.2748,7910.400383433812,0.0316483345458614,8.705299135765936,5.959504827836863,0.65,2.0,0.002,4,3.552792035289492,14.211168141157968,31.975128317605428,56.84467256463187,0.0147273404272863,0.0059611499831374
2.4992395277465063,0.0743060774281859,0.0172612864643867,199796683807.84637,7742.577334812093,0.0347958204413386,8.186993630562323,12.486412296240644,0.65,2.0,0.002,4,6.365580488887351,25.4623219555494,57.290224399986165,101.8492878221976,0.0004939620136953,0.0001883763881086
1.559646883078856,0.0585051848716369,0.0194243518497983,180942330237.09195,7850.636402804398,0.0120575732398902,8.182949159557253,23.52410952984341,0.65,2.0,0.002,4,17.38364660604176,69.53458642416705,156.45281945437586,278.1383456966682,0.0002293780175493,8.586118899743331e-05
1.458652502616148,0.0746811513038623,0.0113777113628696,180022166593.31616,7817.315629339992,0.0332728639662806,8.706697196762146,13.649532719483163,0.65,2.0,0.002,4,11.636293093195167,46.54517237278067,104.72663783875652,186.18068949112268,0.0011986349952233,0.0005444931371121
1.2100635760244691,0.0316831208075376,0.0081562041323202,216457540246.8188,7631.209522210383,0.0388025616825407,2.9482758071867434,16.793383495553336,0.65,2.0,0.002,4,13.452116950992885,53.80846780397153,121.06905255893594,215.23387121588613,0.0007453275744773,0.0003120286439645
1.235008764505203,0.0235894602390379,0.017520614964904,186230306838.9832,7813.959261190348,0.0462085186045419,5.717736324138301,23.2679803245974,0.65,2.0,0.002,4,25.428932463682894,101.7157298547316,228.8603921731461,406.8629194189264,0.0005078319474634,0.0003028516988351
2.662256981802916,0.0433798851776941,0.0143611687678891,207109084100.6114,7806.096570668857,0.0124513362568897,7.004816905094113,3.052711634245702,0.65,2.0,0.002,4,4.732620763824725,18.9304830552989,42.59358687442253,75.7219322211956,0.0049016760137975,0.0024244217841747
1.8963314042320023,0.0499830901514442,0.0072105736354799,184509527002.35068,7864.622585085514,0.0446185341070357,6.975141239991213,7.545763594294572,0.65,2.0,0.002,4,4.4039365223809455,17.615746089523782,39.63542870142851,70.46298435809513,0.004487723782788,0.0016674163929969
2.8994902854590245,0.0795140324285553,0.0121460342841932,187097181855.2404,7795.177794731633,0.0096040816287372,8.738107478802702,3.8802124491460166,0.65,2.0,0.002,4,3.2095271296417125,12.83810851856685,28.885744166775417,51.3524340742674,0.0143462687401905,0.0067680486323993
2.340578438840337,0.0298408268288887,0.0107172378447735,189447096246.3642,7868.738232737252,0.0400968974381282,1.5071238479738005,7.905869383933583,0.65,2.0,0.002,4,4.35268411454569,17.41073645818276,39.17415703091121,69.64294583273104,0.0009637497945187,0.0003679689054466
1.0368474325042434,0.0743052219983726,0.0142361471829286,196853799170.92947,7773.72509710426,0.0391098040862178,8.351353035005351,49.98553283217613,0.65,2.0,0.002,4,30.216859230414983,120.86743692165994,271.9517330737349,483.4697476866398,4.310588643218117e-05,1.3572889461143088e-05
2.153292117561141,0.0420050402221065,0.0115040052721545,196104869758.64737,7780.214932823307,0.0063526400867738,2.548549563346274,11.172243582329568,0.65,2.0,0.002,4,5.648339813028171,22.593359252112684,50.83505831725354,90.37343700845074,0.0005406293329096,0.0002800140119239
1.1111358338137558,0.0368366861680193,0.0100119506075231,186919777807.66376,7725.557347920796,0.0384211655026288,0.2453601512447006,30.548045330405976,0.65,2.0,0.002,4,18.08740914955228,72.34963659820912,162.78668234597052,289.39854639283647,9.789432481231238e-06,3.107084056772884e-06
2.468907664685256,0.032890032857289,0.0166986416058602,183108488687.7231,7656.683659972424,0.047038566976955,2.8748172692253813,2.8621254415377866,0.65,2.0,0.002,4,6.07483643135762,24.29934572543048,54.673527882218586,97.19738290172192,0.0008552240296958,0.0004877132287595
1.305754244252672,0.075239951496414,0.0101208060107259,182004267587.87732,7736.961470724252,0.0407505663723148,6.264816575383261,20.254963122588403,0.65,2.0,0.002,4,13.055004653319344,52.220018613277375,117.49504187987412,208.8800744531095,0.0002816842729503,9.743774388938768e-05
2.843405059614254,0.0708182253303498,0.0198663249645959,218581951837.2265,7725.78213808542,0.0221269081406353,7.012754103970721,1.3543610331496925,0.65,2.0,0.002,4,5.926594951135012,23.70637980454005,53.33935456021511,94.8255192181602,0.0006369106630199,0.0003930900132991
1.9260131730110155,0.0499556659393979,0.0143236525687098,197368383953.35928,7946.830691089525,0.0231496101431684,9.431269099008182,15.518773177289145,0.65,2.0,0.002,4,8.725821777047951,34.903287108191805,78.53239599343156,139.61314843276722,0.0007396710384007,0.000260350674913
2.4373793430090487,0.0228418263979572,0.0059282821553836,181020062558.40796,7839.847559805147,0.0082204025027878,9.340544732764814,4.1016869971386045,0.65,2.0,0.002,4,2.174309751314901,8.697239005259604,19.568787761834116,34.788956021038416,0.0566441234860372,0.029506683038059
2.967228427673453,0.0268675784713973,0.0178939532409507,207977175480.96304,7669.553744170976,0.0295867128181593,0.2180556347726637,5.910668166041601,0.65,2.0,0.002,4,4.799062216135073,19.19624886454029,43.19155994521566,76.78499545816116,0.0002574568477851,0.0001171594085279
1.0533439992925206,0.0203193789224252,0.0109933156249909,215370134619.0151,7927.904831687171,0.0460420609212362,5.3844449613561,23.59831049492593,0.65,2.0,0.002,4,23.41698758547583,93.66795034190332,210.7528882692825,374.6718013676133,0.0016934675062944,0.0011334816967664
1.4004126061858424,0.0474611347735288,0.0177457972384798,212038209688.75195,7665.219413796532,0.0353039440158077,8.582688923157711,36.15955797569031,0.65,2.0,0.002,4,21.580301843469343,86.32120737387739,194.22271659122413,345.28482949550954,0.0001096360732682,3.43313388410371e-05
2.9078898507125173,0.0489859042733264,0.0141211453416488,184844276349.9838,7844.014035252605,0.0299895211943808,9.326100344953025,3.4634305180921623,0.65,2.0,0.002,4,3.676013488813484,14.704053955253936,33.084121399321354,58.81621582101574,0.0351844154246668,0.0192102079380007
1.6991771916640963,0.0202779394485895,0.0193058870627416,189479534533.09875,7877.648192838401,0.0071322591988189,7.507703854837139,8.864643870408218,0.65,2.0,0.002,4,14.870464664000028,59.481858656000114,133.83418197600025,237.92743462400043,0.0007664333070644,0.0003673872582173
2.802725407052689,0.0468358139343635,0.0167201943600787,192572466749.1128,7644.309750804476,0.0449686250756114,1.7218880169181916,4.017702567789313,0.65,2.0,0.002,4,4.844371417163157,19.37748566865263,43.59934275446841,77.50994267461051,0.0015050384851939,0.0008070735483238
1.3902401109074496,0.0682502800641784,0.0103124686244909,199335961115.5174,7689.12792942555,0.0358740982026019,7.832230734768981,9.990078485784055,0.65,2.0,0.002,4,12.318747375726538,49.27498950290615,110.86872638153883,197.0999580116246,0.0011363560028317,0.0005712492055802
2.388462882330661,0.0306590991705282,0.0196128591116319,218231888904.58817,7689.839121969882,0.0341154388869219,6.714218875682299,1.7210227394711264,0.65,2.0,0.002,4,8.30488548315253,33.21954193261012,74.74396934837277,132.87816773044048,0.0006534688512057,0.0004510920519612
1.1202365272897343,0.0318602610908701,0.008507364862045,197083554777.13,7648.41053596457,0.0234441465039124,8.180326824352267,7.717641364064984,0.65,2.0,0.002,4,15.604305779812938,62.41722311925175,140.43875201831645,249.668892477007,0.000777523050895,0.0004417510222118
2.402810971304612,0.0436987521509758,0.0054819771164663,200880477796.3105,7657.744059036401,0.0075221740192052,3.5131203695651387,0.9794893275591042,0.65,2.0,0.002,4,2.2051884167516875,8.82075366700675,19.84669575076519,35.283014668027,0.0194325275931259,0.0108235694625744
2.0871351376371465,0.0666529544830275,0.0175641421469436,190605130811.80725,7846.439269264845,0.0300699669866352,2.350440801283191,9.748217614422783,0.65,2.0,0.002,4,9.011270833688355,36.04508333475342,81.10143750319521,144.18033333901369,0.0006850097234558,0.0003678220572869
2.793510743181397,0.048533670393976,0.0059049622786133,212888541843.7523,7859.273491866854,0.0401790671408275,4.338881648737845,2.407757268610212,0.65,2.0,0.002,4,1.7857910111321202,7.143164044528481,16.07211910018908,28.572656178113924,0.041101272866943,0.0193769478989121
2.082200919146492,0.077851176803916,0.0139684186929088,206904081618.6675,7916.512011441889,0.0139875611842054,5.645901846393953,9.751774168207156,0.65,2.0,0.002,4,7.468765467784516,29.875061871138065,67.21888921006065,119.50024748455226,0.0010104537094991,0.0004293634872609
1.9506643537238235,0.0797100071232462,0.0145627341950918,192324262536.3436,7917.483645359629,0.0117844833664771,9.364292819339196,6.950647067324933,0.65,2.0,0.002,4,8.553237503493655,34.21295001397462,76.9791375314429,136.85180005589848,0.0019523805846969,0.0009176702931403
1.3498298361465142,0.0420066619227014,0.009391441851626,216792747535.11368,7995.458573980433,0.0240080315620709,2.0912348573883475,13.34605218414424,0.65,2.0,0.002,4,12.170380798667937,48.68152319467175,109.53342718801144,194.726092778687,0.0009373921324299,0.0004617616638185
2.697734362118723,0.0526321873929291,0.0116220591849935,187577874394.42838,7661.356170047272,0.0244386192367331,4.614148332372406,5.446090123970496,0.65,2.0,0.002,4,3.583042404161316,14.332169616645263,32.247381637451845,57.32867846658105,0.0037966189276458,0.0016717832003325
1.7352904857272398,0.0569349203695617,0.0115119058912512,215122794219.81607,7887.405290676245,0.0099724992414605,8.016071518221587,7.310654040816654,0.65,2.0,0.002,4,9.053327890599082,36.21331156239633,81.47995101539175,144.8532462495853,0.0026048244690761,0.0012290612746688
2.3477536458567214,0.0580680056695448,0.0054101436165574,200452926232.2714,7614.479875070175,0.0354813469886423,9.36450247320986,4.186921568875408,0.65,2.0,0.002,4,2.283594978464339,9.134379913857355,20.552354806179046,36.53751965542942,0.0225519043635269,0.0101691881673371
1.5077821758447714,0.0338061892434403,0.0197804684325233,208243943295.7104,7847.114374555422,0.0052243234382512,1.924669020689588,27.3156026870322,0.65,2.0,0.002,4,20.324497374038984,81.29798949615594,182.92047636635087,325.19195798462374,7.056351149386394e-05,2.8563770911346408e-05
2.6414233682234864,0.0318054836551364,0.0167905447646876,208206497086.2386,7987.525489705263,0.0484510685717536,2.816665184092024,8.800527149658615,0.65,2.0,0.002,4,5.571331752341713,22.285327009366853,50.14198577107543,89.14130803746741,0.0009052464311893,0.0003354243808909
2.969299067235287,0.0416921647183519,0.0171973901873016,192735964713.1384,7919.685408896596,0.0320330263488189,2.2419213827314746,4.124360551836101,0.65,2.0,0.002,4,4.363262393723431,17.453049574893726,39.26936154351088,69.8121982995749,0.0057197276046535,0.0032232925832975
2.1977167402007054,0.0449410045487857,0.0138353123136532,182472478442.86865,7928.850909561643,0.0147490491003951,8.065005462547676,7.23985839933335,0.65,2.0,0.002,4,6.231152042547611,24.92460817019044,56.08036838292849,99.69843268076175,0.0064593518181847,0.0029906810189759
2.8310350158577053,0.0610274438292113,0.0096846363566962,215430383686.422,7839.452147272376,0.0379921316911306,3.915877841930021,2.6091888848645186,0.65,2.0,0.002,4,2.872319264325246,11.489277057300985,25.85087337892721,45.95710822920394,0.0198536627783658,0.0111164605976489
1.5059907733848596,0.05091046587579,0.0118401565727597,214479406042.22244,7855.697896738907,0.0229393467616027,3.918893979245898,14.65682736221973,0.65,2.0,0.002,4,12.369225001008235,49.47690000403294,111.32302500907412,197.90760001613177,0.0006872518884942,0.0002943215646451
1.91203871802206,0.0688292468553772,0.0060119523076414,217126791002.69125,7686.939344728723,0.0275327641775897,7.372234738082945,1.6735824004778035,0.65,2.0,0.002,4,3.963066828962996,15.852267315851984,35.667601460666965,63.409069263407936,0.0067783051034336,0.0037986745833005
2.418269321043636,0.0720633909473188,0.0075648873166459,207997378053.89453,7737.377316666295,0.0444037464649581,5.379977483621893,4.800547516862305,0.65,2.0,0.002,4,3.0412661416350897,12.16506456654036,27.371395274715805,48.66025826616144,0.0059474674808191,0.0024342144019034
1.9228146229350969,0.0230577379326659,0.0127907975595781,204214935398.94632,7890.947268791225,0.0475714940190599,0.9165235528591836,2.1011447940492887,0.65,2.0,0.002,4,7.980520672805654,31.922082691222617,71.8246860552509,127.68833076489048,0.0002224951382547,0.00013448541114
1.3437835907540483,0.0431511657406478,0.0196003110886105,203309238267.2392,7771.752607968218,0.0304671602850669,6.723857898729075,24.7439558508598,0.65,2.0,0.002,4,25.17402297051206,100.69609188204824,226.56620673460853,402.78436752819294,0.0006801182031938,0.0004500381058219
2.8372432782713304,0.0537449520993356,0.0122029998331947,182610314330.8139,7610.02089637498,0.0479036631657965,4.791125716798924,5.439928013301367,0.65,2.0,0.002,4,3.36722731001125,13.468909240045,30.305045790101257,53.87563696018,0.0034307602160599,0.0013541074587038
2.1313268139009374,0.0553916060166664,0.0122120049005552,199293674629.98743,7961.058178169925,0.0236217280749417,1.9949814879411236,5.827939745479447,0.65,2.0,0.002,4,6.099264747600346,24.397058990401383,54.89338272840312,97.58823596160552,0.0035265490098178,0.0020337899131064
1.97814446604446,0.0453141782227365,0.0133636008365858,209145314209.8709,7741.19690899323,0.0231982562499775,2.7965754813055232,6.531621082070877,0.65,2.0,0.002,4,8.04927472647372,32.19709890589488,72.44347253826348,128.78839562357953,0.001184127536409,0.0005767332000419
1.133283671505458,0.0638306066930089,0.0111124663756967,194055290758.56015,7874.52789282508,0.0088143507796925,8.611178143995364,31.080096796873537,0.65,2.0,0.002,4,19.476590451517104,77.90636180606842,175.28931406365393,311.62544722427367,0.0001888189964307,6.712539670443972e-05
2.904030813660367,0.0348491364718157,0.0068488417625091,180924247272.7344,7777.698939578155,0.0095367598428159,7.77887003946309,0.5853562750754111,0.65,2.0,0.002,4,1.7760973606585106,7.104389442634043,15.984876245926596,28.41755777053617,0.056279059858329,0.0300482605594985
2.9286481737697256,0.0383755736562108,0.0053529216473491,190196036152.1028,7668.48197689737,0.0278072134797897,1.2158890566458145,1.8701051516552205,0.65,2.0,0.002,4,1.4093918862734651,5.637567545093861,12.68452697646119,22.55027018037545,0.0292377934077355,0.0154438447587204
2.705553286504279,0.065085070984331,0.0144231988955625,216304983100.77933,7807.8947210937,0.0335010578384161,4.175043448285497,3.711781563685505,0.65,2.0,0.002,4,4.702674834417529,18.810699337670115,42.32407350975776,75.24279735068046,0.0028856594827857,0.0014695176643452
2.720563772437882,0.0392238322158384,0.0104113802977738,182210816380.0491,7742.947849400822,0.016916322979471,6.143802166683706,1.7627949817570772,0.65,2.0,0.002,4,3.09423755548098,12.37695022192392,27.848137999328824,49.50780088769568,0.0127695114792908,0.006649321828617
1.2202241466874713,0.0381633588079258,0.0089096768064497,214210466375.10837,7693.298141722721,0.0186820147613342,5.23600767752781,4.825311622546995,0.65,2.0,0.002,4,14.317791591416205,57.27116636566482,128.86012432274586,229.08466546265927,0.0004137469222962,0.0002245920563477
1.5215191586839378,0.0566944602395983,0.0137339392508422,215446669192.303,7804.147376177351,0.0409895319553814,7.346870106648194,19.763534684474894,0.65,2.0,0.002,4,14.134377510050893,56.53751004020357,127.20939759045804,226.15004016081429,0.0003641695078992,0.0001359481785409
1.8131292656369755,0.0239930769362265,0.0062343563864019,218014256020.05017,7661.904787995511,0.0164228047291889,5.785519769520316,2.462307288945725,0.65,2.0,0.002,4,4.587091618793743,18.348366475174974,41.28382456914369,73.3934659006999,0.0134857553442521,0.0072622599325535
1.5074544799662992,0.0362097097239876,0.0171647968223181,216912947033.1506,7814.455898401944,0.0058574294125953,3.618805337303017,10.88319017377056,0.65,2.0,0.002,4,18.0456642447667,72.1826569790668,162.41097820290034,288.7306279162672,0.0001624339787361,7.742061246110576e-05
2.601445942922262,0.0677696965423671,0.005500643383324,192091488618.836,7769.140385387887,0.0313511906049909,1.5803173872655207,1.4725555618605777,0.65,2.0,0.002,4,1.832654968492208,7.330619873968832,16.49389471642987,29.322479495875328,0.0193937216246272,0.0110785095948814
2.7711940411359173,0.0485928508048189,0.0161621483906515,199391140259.8536,7785.993030560186,0.0329866486287576,2.667708670677214,3.1373695554746472,0.65,2.0,0.002,4,4.829369045148592,19.31747618059437,43.464321406337326,77.26990472237748,0.0013558697928792,0.0006844214833387
1.3182354941809455,0.0788146775165568,0.0083828518742462,196867542191.3437,7823.425626707162,0.0104128571820241,8.186518668043103,7.619993044353967,0.65,2.0,0.002,4,10.97295566772364,43.89182267089456,98.75660100951276,175.56729068357825,0.0011709378489172,0.0005567113141541
2.4791611745787536,0.0653643012411001,0.0179542583679276,181246570538.3771,7992.399224135913,0.0485067051414922,0.4519158884704625,4.818792147951615,0.65,2.0,0.002,4,6.307881340852313,25.23152536340925,56.77093206767082,100.926101453637,0.0001139570758103,5.952807065250163e-05
2.0218959049041585,0.0727043608440576,0.0086907539852337,211898666571.95676,7875.803089188917,0.0176570541396813,4.274688970647899,1.621186542968751,0.65,2.0,0.002,4,5.00018199759045,20.0007279903618,45.00163797831405,80.0029119614472,0.0014305096202409,0.000797252163304
2.037102452325964,0.0752499977435054,0.0051272129678359,182245741627.05655,7766.817973034029,0.0354184658039778,4.813394541793797,4.927301174406608,0.65,2.0,0.002,4,2.713888489417756,10.855553957671024,24.424996404759806,43.422215830684095,0.0067458476940684,0.0028892587033438
2.2077205375044686,0.0680553146243147,0.0063544166705609,218352675571.612,7956.754721000527,0.0483358475257796,8.102650239412883,2.2599980064377485,0.65,2.0,0.002,4,3.09690598350465,12.3876239340186,27.872153851541853,49.5504957360744,0.0211987303852753,0.0111594546934019
1.3046153494611674,0.0483383504637107,0.0160337076140912,200055768343.19293,7919.939928957672,0.0396404794047711,2.115720409877217,9.424399117248091,0.65,2.0,0.002,4,21.469050678567324,85.8762027142693,193.2214561071059,343.5048108570772,3.418872375786392e-05,1.890387349321139e-05
2.243425362149653,0.0540372143356845,0.0150319667827004,206842254845.07184,7983.786988106612,0.0205938143792032,3.0676925251842104,8.590662169622316,0.65,2.0,0.002,4,6.893455429148729,27.57382171659492,62.04109886233856,110.29528686637968,0.0010061132989446,0.0004310168865091
1.6945811625937923,0.0255057251093693,0.0142662982373294,181061814276.03857,7798.484167453329,0.0118766539705757,6.755951018063921,20.32070821756861,0.65,2.0,0.002,4,10.854857849245317,43.41943139698127,97.69372064320784,173.67772558792507,0.0006123475854933,0.0002342825371138
1.1892795364987774,0.0299637579448383,0.0158467070321807,195563868460.8832,7685.815589024058,0.0303202584758685,7.5798414704869295,17.00000956967686,0.65,2.0,0.002,4,25.627115150089114,102.50846060035646,230.64403635080205,410.0338424014258,0.0002350122015011,0.0001155782763202
2.8702798806141034,0.061626953694164,0.0136315148037586,213616784859.9105,7864.074900012746,0.0415015451962592,6.605854321716177,6.865310267876116,0.65,2.0,0.002,4,3.9103780504044896,15.641512201617958,35.19340245364041,62.56604880647184,0.0021864590159003,0.0008416834466006
2.467897388630366,0.0576074982136699,0.0185204301216522,181585658609.6548,7902.95114496482,0.0344604906463685,8.49738623130474,10.576793178390076,0.65,2.0,0.002,4,6.609555442389217,26.43822176955687,59.48599898150296,105.75288707822747,0.000991511619091,0.0003600610186658
2.2694366400011816,0.0532147640394797,0.0133881074111812,192158003922.5045,7612.327133827176,0.0246522825154563,2.224388260913339,5.539336005672272,0.65,2.0,0.002,4,5.922196797688984,23.68878719075593,53.29977117920086,94.75514876302374,0.0032886010135893,0.0019056449015394
1.922417771675148,0.0454866154889273,0.0057712873183539,206890577248.9378,7741.335078027387,0.0404358743584176,8.337988745291662,6.143509488884622,0.65,2.0,0.002,4,3.6607395157774594,14.642958063109836,32.94665564199714,58.57183225243935,0.0115570303832478,0.0045088043069495
1.6283097761566847,0.028477356025226,0.0090040047340659,214387212049.67947,7840.966784861364,0.0220094902938755,7.9200692191823165,2.5446306316501923,0.65,2.0,0.002,4,8.052032872953193,32.20813149181277,72.46829585657875,128.8325259672511,0.0024841289173445,0.0013755078018271
2.3962415679572744,0.0702788131193229,0.0056022694932059,188071284428.7622,7649.969471722257,0.0277038945586843,7.477362470455561,2.926349677065983,0.65,2.0,0.002,4,2.193630366076126,8.774521464304504,19.742673294685133,35.09808585721802,0.0382368197815474,0.0184547844928859
2.997659274667317,0.0568109890837899,0.018346691998098,216344329862.22568,7916.580595123049,0.0257419125982899,0.9034246041966032,1.1056497970803398,0.65,2.0,0.002,4,4.839789004534252,19.359156018137007,43.55810104080827,77.43662407254803,0.0001605851760899,9.991816019251068e-05
1.044921890881804,0.0241026467220944,0.0169102564766403,195057794167.6388,7867.372750983619,0.0382631732169421,4.279623357498382,16.018678850082548,0.65,2.0,0.002,4,34.96862727097456,139.87450908389823,314.71764543877106,559.4980363355929,5.057883227755846e-05,2.8078241560095885e-05
1.489975188597709,0.0492264948103394,0.0108052381968104,209181161493.96423,7984.846442596352,0.0316281841005961,5.952357150675459,9.677490936197836,0.65,2.0,0.002,4,11.296230014389485,45.18492005755794,101.66607012950536,180.73968023023176,0.0016703707940351,0.0008473745473458
1.1721130056326814,0.0682062309452909,0.0061709938293451,190487239426.9904,7920.499923706709,0.0458411005556746,7.699755376761002,17.997423318017834,0.65,2.0,0.002,4,9.98854069573079,39.95416278292316,89.89686626157712,159.81665113169265,0.0007112796955152,0.0002365786729478
1.6644890308041758,0.0501366747085359,0.0149263901189295,180962019026.93085,7800.616364839958,0.0379577944964743,1.9634311817736951,11.752762834805516,0.65,2.0,0.002,4,11.766611757219929,47.06644702887971,105.89950581497936,188.26578811551883,0.0009159087738904,0.0005578160771911
1.856168728379604,0.0307708640472807,0.0114321703561612,185460813548.93585,7735.189223090338,0.0139519227568011,8.179408540552773,11.145662435525407,0.65,2.0,0.002,4,7.367389780574797,29.469559122299188,66.30650802517317,117.87823648919677,0.0028540427967009,0.0011801883358353
2.7607398953443583,0.0679471757874781,0.0080832521924389,208657852328.1484,7949.825884551051,0.0371418762231688,1.4779248037449793,2.8826720899292217,0.65,2.0,0.002,4,2.4637858588352315,9.855143435340926,22.17407272951708,39.4205737413637,0.0068175681326683,0.0037617883536625
2.4845949138341767,0.0406926450454808,0.0160970037489025,213062802272.40228,7738.851563816433,0.0143580949961469,8.890011222779897,8.172344326997743,0.65,2.0,0.002,4,6.204098359921976,24.816393439687904,55.836885239297786,99.2655737587516,0.0037412079998735,0.0016417912810854
1.991427858984344,0.0337621078549686,0.0133946780198106,196026233856.0332,7958.736527311779,0.0467563667995962,7.159306454463801,4.471251351771388,0.65,2.0,0.002,4,7.6009418495850944,30.403767398340374,68.40847664626585,121.61506959336153,0.0021124258713656,0.0010862969993747
2.483308608736851,0.0577234152200694,0.0058976972410679,191663614853.94604,7686.442720149008,0.0232328952859482,2.063698081084941,1.504356017064801,0.65,2.0,0.002,4,2.165496469125279,8.661985876501117,19.48946822212751,34.64794350600447,0.0141977244969315,0.0071861247285416
2.19589745802677,0.0461806958831578,0.0186812992753228,209888883915.15823,7766.734364191729,0.0273524059865634,1.074473387930316,15.153863007478185,0.65,2.0,0.002,4,9.13245862252903,36.52983449011612,82.19212760276127,146.1193379604645,7.742939688377035e-05,2.6703267322958493e-05
2.4463211881097013,0.070184271976244,0.0111371049765406,196918691018.4891,7798.676853782061,0.0304859020271586,1.1723944749551276,3.234344042888177,0.65,2.0,0.002,4,4.240407764363214,16.961631057452855,38.16366987926892,67.84652422981142,0.0010819239462599,0.0005560674469151
2.424544540650953,0.0704114557844765,0.0155808037742538,211095959754.53244,7839.628479743765,0.0102676587674731,0.3121601173644041,7.1946524160380125,0.65,2.0,0.002,4,6.236644627589604,24.94657851035841,56.12980164830643,99.78631404143366,0.0001565142888864,7.449973092196238e-05
2.735059492712585,0.030364092279444,0.016996812569537,198004847869.65317,7771.457564997298,0.0212802957877943,3.917184047339588,5.907454751203025,0.65,2.0,0.002,4,5.200556943958971,20.802227775835885,46.80501249563075,83.20891110334354,0.0060329715684644,0.0029216628772627
1.4688757726439792,0.0627451608291704,0.0144107408734902,201474125133.28204,7798.107416167979,0.0225130102622107,8.877022164271574,28.91695876023144,0.65,2.0,0.002,4,15.394318239562782,61.57727295825113,138.54886415606504,246.3090918330045,0.0001527589130112,5.064930841825735e-05
2.108071777251185,0.0310323237360549,0.0122851510348598,185052905963.55524,7642.068659487031,0.0463989616028835,5.491809003692459,3.9974689326003454,0.65,2.0,0.002,4,6.168526761513029,24.674107046052114,55.516740853617264,98.69642818420846,0.0034528490144345,0.0017682635661843
1.840985083126886,0.0377974645197886,0.0059309760893911,181672167094.5528,7638.056224456147,0.005226477296545,3.338190796118809,2.936603009594524,0.65,2.0,0.002,4,3.869970557485405,15.479882229941618,34.82973501736864,61.91952891976647,0.014846167183582,0.0077027110146321
2.882673288320931,0.0433914445696846,0.0159879716708112,209022568328.4376,7707.443144273974,0.0464260792592812,7.8138502329256285,7.993665789471972,0.65,2.0,0.002,4,4.543318690629977,18.17327476251991,40.8898682156698,72.69309905007964,0.0023214900439075,0.0008616335644367
1.5781631110009415,0.0285843270435758,0.0131719619753866,210129090823.4593,7932.056542482584,0.0262443700900914,7.139616967144829,20.983237208563384,0.65,2.0,0.002,4,12.34315370107442,49.37261480429768,111.08838330966978,197.49045921719076,0.0005958786300151,0.0001962250538811
2.3674926214062806,0.0493690155113462,0.0161535030666568,213938877789.8701,7604.273860853069,0.0445428725546693,2.727804658359008,13.481406175326242,0.65,2.0,0.002,4,6.93161904486858,27.72647617947432,62.384571403817226,110.90590471789729,0.0002277452593219,8.32813523223674e-05
2.4288037299581697,0.0313432288591025,0.0130531217923151,210569574368.136,7978.811465097349,0.0130335194358964,3.1128648209079235,4.262840828773213,0.65,2.0,0.002,4,5.1545114656087065,20.618045862434823,46.39060319047836,82.4721834497393,0.0053840933991368,0.0026961358388591
1.6434295918810655,0.077039927174256,0.0055234169269277,207896183248.83887,7980.151997195353,0.0404666883392157,8.293203162509052,3.4954185849820165,0.65,2.0,0.002,4,4.73317488676999,18.93269954707996,42.59857398092991,75.73079818831984,0.0099486650427657,0.0050520703552294
1.3888582902457605,0.0474565714509899,0.0156774754969266,199394003416.1378,7960.604389964924,0.044516680331004,5.079210596568964,35.58965820959104,0.65,2.0,0.002,4,18.444740069552203,73.77896027820881,166.00266062596984,295.11584111283526,6.284462416015597e-05,2.0421561877756256e-05
2.33135839630826,0.0610534185827327,0.0090564283500472,180792923289.48508,7978.276227897008,0.0389878882906627,2.0909329111872044,4.381494268900655,0.65,2.0,0.002,4,3.596700742430365,14.38680296972146,32.37030668187329,57.54721187888584,0.0036418350990649,0.0017821112394933
1.3183739827029577,0.077711814094617,0.0083588930367582,196244368264.03137,7676.081905671896,0.0366414283575116,4.417674589962457,10.415105483580334,0.65,2.0,0.002,4,11.026294180323498,44.105176721294,99.2366476229115,176.42070688517595,0.0018687287020847,0.0011354744899323
2.186950435353923,0.0382137187666874,0.0121586016419176,212025178501.2306,7714.81119906825,0.0064890810630795,0.8661863357411772,2.01875738980457,0.65,2.0,0.002,4,6.043187519588559,24.172750078354238,54.38868767629703,96.69100031341694,0.0002832169286171,0.0001557977985552
1.7209785838366505,0.0619311705670304,0.0176790648679461,219714411073.1984,7770.97284058104,0.0253941956254298,7.683999357108025,11.2001848333482,0.65,2.0,0.002,4,14.392266346174573,57.56906538469829,129.53039711557113,230.27626153879316,0.0004870824710011,0.000230393254796
1.0025798889126445,0.0516975493762614,0.0061041784072457,219061720538.12256,7602.200469615919,0.037316733642439,2.509508488283585,28.70056306628322,0.65,2.0,0.002,4,14.781962057356813,59.12784822942725,133.0376585162113,236.511392917709,0.0001189296267792,3.962173933215038e-05
2.982844183067355,0.0755232798179949,0.0070762758463559,188162580643.16693,7642.72575449641,0.0140602009333433,2.973352024367692,3.055865154485489,0.65,2.0,0.002,4,1.7894326851679434,7.157730740671774,16.10489416651149,28.63092296268709,0.0088440298114612,0.0042507082284082
1.966547190434426,0.0421528719802955,0.0100187863840081,219686251747.61115,7888.346684548243,0.0165100063595003,7.549173372923625,2.6856930070593017,0.65,2.0,0.002,4,6.199320233158186,24.797280932632745,55.79388209842368,99.18912373053098,0.002767661883624,0.0015301323817941
1.0687145679371994,0.0740677597779568,0.0154545152147248,198534439775.60056,7824.34592885961,0.0164340941470552,4.0965118061177614,23.97458955518981,0.65,2.0,0.002,4,30.906874409121947,123.6274976364878,278.1618696820975,494.5099905459512,5.522189149618631e-05,2.4923040380227413e-05
1.473403989053207,0.0516581816362689,0.006010614576995,217258477172.3556,7649.537472777349,0.0139091335887608,7.676680116992502,2.505569072870514,0.65,2.0,0.002,4,6.690756566433186,26.763026265732744,60.21680909789868,107.05210506293098,0.0032260059085645,0.0017462173083964
1.835184174658039,0.0559688753623575,0.0190319855654882,190575286964.30545,7636.774372026682,0.0481113442326686,5.642313068936474,24.81424492756784,0.65,2.0,0.002,4,12.800659753269514,51.202639013078056,115.20593777942564,204.81055605231225,0.0001031356522533,3.4715805431942965e-05
1.093050393110918,0.0667629413060624,0.009568729351292,193226361623.1311,7963.093735532784,0.030891662462202,4.063461518903539,34.186685526886336,0.65,2.0,0.002,4,17.889385776554477,71.5575431062179,161.0044719889903,286.2301724248716,6.674369245096486e-05,2.150672332673404e-05
1.1816441106371152,0.0679024393495117,0.012742814404036,189814122453.9812,7935.4628575968145,0.0279336948936619,3.5729104788554364,24.738942425075297,0.65,2.0,0.002,4,20.23948004991208,80.95792019964831,182.15532044920872,323.83168079859325,0.0001336449732653,5.4294222261346296e-05
1.2919965935170463,0.0310205630012891,0.0177059397387452,189994218326.0142,7687.473244874483,0.0051606554438116,7.763349717648285,36.56553608674847,0.65,2.0,0.002,4,23.911338224571097,95.6453528982844,215.2020440211399,382.5814115931376,0.0001643598565996,6.395493591749688e-05
1.2485503829044686,0.047540546865674,0.0144379689195897,213084732439.4297,7784.535043352743,0.0486824122213335,5.998984175806661,28.299451521442087,0.65,2.0,0.002,4,21.972680459993995,87.89072183997598,197.754124139946,351.5628873599039,0.0001751083737703,7.244097113800876e-05
1.4671164876815228,0.0277374981691852,0.0116364844748503,200565024251.1095,7658.056474311208,0.0101572473147397,3.965473666836948,7.762115329825026,0.65,2.0,0.002,4,12.545563433377009,50.182253733508034,112.91007090039308,200.7290149340321,0.0007416205091798,0.0003537160305333
2.026939450950591,0.0315001082179668,0.0158122319241327,191971352195.8292,7783.810001900723,0.0455300530117425,3.7920776116116905,6.247654381451943,0.65,2.0,0.002,4,8.666883867733542,34.66753547093417,78.00195480960187,138.67014188373668,0.0011059903776154,0.0005573673811918
1.6939200507350598,0.0582924043147617,0.0101754198026392,195842357791.3462,7616.012505119706,0.0463074125730291,4.128171003157051,6.447244090503839,0.65,2.0,0.002,4,8.154273287398698,32.617093149594794,73.38845958658828,130.46837259837918,0.00144916625044,0.0007496650120774
1.253604521834509,0.0297538048017169,0.013160717163098,184095182019.31525,7985.735202080034,0.0337110532301942,0.7551229636316998,18.20125630995331,0.65,2.0,0.002,4,18.23272024813093,72.93088099252373,164.09448223317838,291.7235239700949,0.0003095678159884,0.0001964032581135
1.6809479524160087,0.0594079947234983,0.0106370106204068,180816542942.30383,7806.783877955617,0.0448009560138815,8.877053233013555,16.30631019374586,0.65,2.0,0.002,4,8.215297902841218,32.86119161136487,73.93768112557098,131.4447664454595,0.0006301135102845,0.0002197066748862
1.7480921226850152,0.0421173892320089,0.0054757572921633,196951577217.1605,7763.341678167732,0.0151155995840632,2.548500408043698,5.121699906658579,0.65,2.0,0.002,4,4.09260842398326,16.37043369593304,36.83347581584934,65.48173478373216,0.0087371888778047,0.0040354829304529
2.577079843945948,0.0384265412734791,0.0159645411674633,191442696174.0533,7857.786483346642,0.0252896063357611,9.273615411570963,10.587005790388517,0.65,2.0,0.002,4,5.380210105156258,21.52084042062503,48.42189094640632,86.08336168250013,0.0016356979564185,0.0006792275532304
2.620021505751492,0.0731398804299263,0.0089047360291537,197936317908.2251,7937.156600736688,0.0494904808138609,8.514327593168135,3.19966342562904,0.65,2.0,0.002,4,2.937452554112992,11.749810216451968,26.43707298701693,46.99924086580787,0.0315775729859597,0.0184266824215969
2.350585363886756,0.0496877533416509,0.0143634622167334,213986400327.6886,7872.553444390483,0.0437805436111465,7.452616050555981,8.689530538541668,0.65,2.0,0.002,4,6.145703626081328,24.582814504325317,55.31133263473196,98.33125801730124,0.0020122885963565,0.0008057999131873
2.3674254259136878,0.0656376339266669,0.0094297026101712,191386017324.91235,7796.332626503274,0.0173097191086923,6.706223232560375,5.836656624635944,0.65,2.0,0.002,4,3.7799369676812304,15.119747870724922,34.01943270913108,60.47899148289969,0.0047547820260155,0.0020856018483877
1.0745497759860774,0.0358514997941181,0.0058558837539794,206697159023.3785,7747.348433037406,0.034342181744219,3.5356064971055443,12.119966004475833,0.65,2.0,0.002,4,11.8784379781426,47.5137519125704,106.9059418032834,190.0550076502816,0.0055459371245817,0.003485889074513
1.7306464116609797,0.0225875940057489,0.0133491238637996,219797525712.94495,7771.953982728864,0.0495503699167821,1.349631695708729,9.741818809457696,0.65,2.0,0.002,4,10.747602945649028,42.99041178259611,96.72842651084126,171.96164713038445,0.0008532682394501,0.0005066784082415
1.318195245746727,0.0227314635233937,0.0131178584364242,204756036417.5185,7859.808789211463,0.012750416814805,6.549227206440717,8.686984571272465,0.65,2.0,0.002,4,17.472098868108723,69.8883954724349,157.2488898129785,279.5535818897396,0.0004469077302004,0.0002527724879045
1.6122256685837912,0.0685332496530371,0.0149874717825188,189542384026.81555,7887.670590628097,0.0368519501529742,7.454327498718745,15.036617359898644,0.65,2.0,0.002,4,12.816951962181196,51.26780784872478,115.35256765963076,205.07123139489912,0.0006737071948487,0.0003089615249359
1.8646533091189872,0.0425578710568374,0.0159729398775782,218222281512.78583,7902.230743664455,0.019855523685634,5.147927341136094,6.468019113232951,0.65,2.0,0.002,4,10.946936807867749,43.787747231471,98.52243127080972,175.15098892588398,0.0005300823302951,0.000257486628954
2.9599570797803167,0.0730117901854224,0.0095198053649392,210807724541.51425,7734.742617533308,0.032286327809699,6.61895960709359,4.355454508713024,0.65,2.0,0.002,4,2.572212371589346,10.288849486357384,23.149911344304115,41.155397945429534,0.0070267974223808,0.0030024742957833
1.4187254408251595,0.0579670188141939,0.0170290764824365,202176371431.58032,7974.174760614749,0.0280339961361681,2.778419178823735,20.261514710474863,0.65,2.0,0.002,4,19.31727938070851,77.26911752283404,173.8555144263766,309.07647009133615,0.000284385147958,0.0001660670423636
1.9029051922861868,0.069703078383098,0.0180343970190716,193303118422.56848,7943.089883614156,0.021984574803926,0.3510682471987408,16.153600708348453,0.65,2.0,0.002,4,11.140925486918592,44.56370194767437,100.26832938226734,178.25480779069747,1.6156044136296176e-05,6.038557313406211e-06
1.0666317595623962,0.0682370699941444,0.0083369244716916,185314320177.55124,7923.281105274472,0.0429239710715394,7.373841963103056,9.9997690095583,0.65,2.0,0.002,4,16.06971066886781,64.27884267547124,144.62739601981028,257.11537070188496,0.0004247359458144,0.0002111971257635
2.944325334525624,0.0278129728778328,0.0144112316235565,196074121152.6721,7714.932507845327,0.0434334038727773,6.674463078465851,5.003087104168599,0.65,2.0,0.002,4,3.800168324344822,15.200673297379288,34.2015149191034,60.80269318951715,0.0107442757354262,0.0048005104372479
1.6103640654889977,0.0634140988816727,0.0148077910924645,195319963292.32565,7972.435222930082,0.0404250147041503,6.111047920802184,12.639064763706012,0.65,2.0,0.002,4,12.815902901050062,51.26361160420025,115.34312610945058,205.054446416801,0.0016950959323403,0.0010666427744294
1.706546243085991,0.0443954326329796,0.015279242079634,195040709441.9875,7749.532424770881,0.0078559195832799,4.2247524778265895,5.598212664703311,0.65,2.0,0.002,4,11.93492867109139,47.73971468436556,107.4143580398225,190.95885873746224,0.0002887259005415,0.0001529070265003
2.395001112521883,0.0287072079198382,0.0163273755687386,188931593983.17307,7837.626149100526,0.0303909569481667,2.1147911050318107,6.872807489858236,0.65,2.0,0.002,4,6.337153400756932,25.34861360302773,57.03438060681239,101.39445441211092,0.0030397202953628,0.0016579228220517
1.941586162979404,0.0299643780372136,0.0164784710088161,212752754560.8576,7882.920030281966,0.04384317529759,3.774707574867055,14.854664928760872,0.65,2.0,0.002,4,10.297382977020453,41.18953190808181,92.67644679318406,164.75812763232722,0.0004863257357266,0.0001855687963888
1.2609752080406271,0.0744581814438474,0.0146127101441971,185803695337.07764,7995.937392221484,0.0235074792264971,7.356404169129196,10.40738649424702,0.65,2.0,0.002,4,20.088125309662217,80.35250123864887,180.79312778696,321.4100049545955,0.00010688592744,5.884076997558176e-05
2.400351571606255,0.0308581909833094,0.0178695821150867,195086497038.7898,7985.747160788967,0.0103171835491536,8.38090151649127,12.755218065625156,0.65,2.0,0.002,4,6.951039650956271,27.804158603825083,62.55935685860645,111.21663441530032,0.001264091865671,0.0005429660307352
2.3490211960868,0.0673811410892847,0.0171981541017839,180417482532.17505,7603.760964481217,0.0495054547926584,5.32152532258237,2.166267928791464,0.65,2.0,0.002,4,6.884339832428348,27.537359329713397,61.95905849185513,110.14943731885356,0.0005052499906975,0.0002905121588521
1.801870215451804,0.0624512615814226,0.0174052990432128,193964814713.82816,7852.430968007232,0.0330883649297295,3.101755460348558,4.995945841252196,0.65,2.0,0.002,4,12.081563605969205,48.32625442387682,108.73407245372285,193.30501769550727,0.0001126941191312,6.14475257326443e-05
1.5592726582050604,0.0219226153626906,0.0142157915980277,194948720115.29407,7860.533999496019,0.009890013686192,0.2363958174110982,8.541760640883792,0.65,2.0,0.002,4,13.20353873275511,52.81415493102044,118.831848594796,211.25661972408176,4.264690593757488e-05,2.0396093644667744e-05
2.0281173751084114,0.0485103920508023,0.0090046187540795,200636183272.79132,7704.964909163841,0.0429606592573081,3.94975386592968,2.1903176554444537,0.65,2.0,0.002,4,5.065562857377855,20.26225142951142,45.59006571640069,81.04900571804568,0.0020758164077231,0.0011692199516723
2.395801103578615,0.0770642392484662,0.0088625095906928,186429203755.47116,7626.91810443091,0.0374683881161324,1.7048619782504038,6.537865327117248,0.65,2.0,0.002,4,3.461520290909857,13.846081163639427,31.153682618188714,55.38432465455771,0.0007448941481074,0.0003078824170068
1.929892967384503,0.0454854270617361,0.0072973877380198,188811259412.3425,7625.923079564171,0.0101878508884582,9.781158741947255,3.11052596972542,0.65,2.0,0.002,4,4.420770442713217,17.68308177085287,39.78693398441896,70.73232708341148,0.0182691873896799,0.0091461890376111
2.2184003198522166,0.0776012208672668,0.0180825156839139,193949597934.10925,7943.962578116334,0.0481315016342055,2.646252091153405,10.688937623187403,0.65,2.0,0.002,4,8.232544995931477,32.93017998372591,74.0929049633833,131.72071993490363,0.0002560871361537,0.0001101429114663
1.5937369710148286,0.0236378445313643,0.010533175711062,190181972585.09128,7754.368516585286,0.0138631794179011,2.692774108190881,12.37180165564766,0.65,2.0,0.002,4,9.312509822365188,37.25003928946075,83.8125884012867,149.000157157843,0.0012827033595628,0.0005248779549101
2.512850664782066,0.0235426965647579,0.0099184017607297,199657292681.964,7940.034068886875,0.0399392369619908,2.2397633994314226,1.0387332662466149,0.65,2.0,0.002,4,3.5716508415531054,14.286603366212422,32.14485757397795,57.14641346484969,0.0036355605616181,0.0020889568979882
2.1423677989057017,0.0303930808038451,0.0122382478571515,187745608082.48734,7719.526164013556,0.0359224134801703,2.353762317390592,5.66970904434881,0.65,2.0,0.002,4,5.962796748844586,23.851186995378345,53.66517073960127,95.40474798151338,0.0063014062231041,0.0037732376628402
1.58634029196611,0.0489841206612301,0.0182555747517961,206825382426.98392,7854.911872533315,0.0347251356542025,9.21771322880721,19.08940873518669,0.65,2.0,0.002,4,16.879645206147988,67.51858082459195,151.9168068553319,270.0743232983678,0.000692627517365,0.000333878228647
2.39201496442004,0.0219340751737783,0.0117311209871852,207366077479.4336,7955.89239514194,0.0184653545270745,9.74474364387487,8.164657008757684,0.65,2.0,0.002,4,4.746411519518961,18.985646078075845,42.71770367567065,75.94258431230338,0.0079641167081176,0.0032613768986211
2.3205896743332803,0.0691913093638058,0.0126619376012046,194021266274.31024,7627.100506872559,0.0407476587765748,0.840213041544732,3.993500879387459,0.65,2.0,0.002,4,5.377465646923322,21.509862587693288,48.397190822309895,86.03945035077315,0.000400909049822,0.0002038102990675
1.0949641555564589,0.0222110924366031,0.010893229934681,217209680732.03864,7892.283417360626,0.0207171238491848,9.683659609302405,21.00319087770488,0.65,2.0,0.002,4,21.61346375877388,86.45385503509551,194.5211738289649,345.81542014038206,0.0051053474260091,0.0031438407726128
2.4787926899297705,0.0535173074128705,0.0050547601018496,191292620498.9521,7911.431735854005,0.0384146692374532,0.2030615001607782,1.919658487418652,0.65,2.0,0.002,4,1.834302488086392,7.3372099523455665,16.50872239277753,29.348839809382262,0.0056425759916096,0.0027085087153094
1.7658779708275576,0.0303418628950637,0.006663625775952,183485172481.88693,7756.511700359749,0.0070494094994503,3.402986867550717,9.09942591001745,0.65,2.0,0.002,4,4.712873003492517,18.851492013970063,42.41585703143264,75.40596805588027,0.0027678900335742,0.00137526122156
2.32088228801783,0.0203130131086971,0.0083051868685235,186239170691.73096,7736.048902165188,0.0458742037820863,0.8890460691640394,2.8929874075109883,0.65,2.0,0.002,4,3.430428292871409,13.721713171485636,30.873854635842683,54.88685268594254,0.0074952187588268,0.0041105951700303
2.0403561186687096,0.0355096084340858,0.0123001451966321,185845416236.84344,7826.158039588016,0.0160377660865447,3.00672022902154,7.170189501477303,0.65,2.0,0.002,4,6.52873683022513,26.11494732090052,58.758631472026174,104.45978928360208,0.0047432220100675,0.0023034545556108
2.3955975838570054,0.0294800953182206,0.0073219369187574,203700767018.64444,7617.43752462634,0.0064846682960086,4.371318062576355,2.564409021190023,0.65,2.0,0.002,4,2.991709261032772,11.966837044131088,26.92538334929495,47.86734817652435,0.0558865780080184,0.0302150193402347
1.72686467920025,0.0635171180721057,0.0052187534855946,186488170705.7951,7675.52836704405,0.0335903082769758,8.916948064297072,1.2303898389555747,0.65,2.0,0.002,4,3.91156838659355,15.6462735463742,35.20411547934195,62.5850941854968,0.0092299265500999,0.0052657834251835
2.6569003326714697,0.0620222547592991,0.0127350059197987,203644515122.84903,7776.854215330281,0.0407595726882296,9.09151795815027,8.36543293217917,0.65,2.0,0.002,4,4.186125638095148,16.74450255238059,37.67513074285633,66.97801020952237,0.0019906394690567,0.0007926800140264
1.362142741810442,0.0391324366053781,0.0158767147447935,200367311314.47687,7617.571257429354,0.0122760508172594,9.35897059225464,7.67531261758648,0.65,2.0,0.002,4,19.899851120627165,79.59940448250866,179.0986600856445,318.39761793003464,0.0002262200108156,0.0001208079967499
1.3291192603082078,0.0362035752533518,0.0174859842910176,217006300967.02457,7787.314241271378,0.0293021953533585,0.6232979973053194,39.20057491711341,0.65,2.0,0.002,4,23.693747560981425,94.7749902439257,213.24372804883288,379.0999609757028,9.047514172521071e-06,2.831673691589728e-06
1.8842971149289909,0.0623144035275102,0.0175748538694386,202519289682.6551,7879.992408728905,0.0387378207824561,6.796298389501138,17.557788188556014,0.65,2.0,0.002,4,11.378696361415583,45.51478544566233,102.40826725274025,182.05914178264933,0.0002798192502993,9.818450449172768e-05
1.171859598926742,0.0751439131202165,0.0110518081041513,209080681769.79083,7968.330563801692,0.0189246796733935,0.9697070345657148,15.051600117090846,0.65,2.0,0.002,4,18.69324545562747,74.77298182250988,168.23920910064723,299.0919272900395,5.373536812512247e-05,2.49090700377531e-05
1.3576716148289272,0.0433466758725768,0.018098763989521,213484035356.0193,7948.740459936289,0.0176206617479186,6.214418446647405,20.79604241788659,0.65,2.0,0.002,4,23.07396543680677,92.29586174722708,207.66568893126092,369.1834469889083,0.0004305068983927,0.000206176076977
2.28772682946813,0.0673047457587799,0.0119527380298312,189120103925.95312,7933.012860715829,0.035797186826512,2.9666654957992526,6.6839836648308175,0.65,2.0,0.002,4,5.056361245384802,20.22544498153921,45.50725120846322,80.90177992615683,0.0013350863595902,0.0005724687884
2.2123928577756216,0.0260716020051999,0.0090973481108828,201095991226.3253,7949.194886160682,0.0355573200329596,0.995039976871786,5.366930474106483,0.65,2.0,0.002,4,4.238963784093894,16.955855136375575,38.15067405684505,67.8234205455023,0.0025612776171113,0.0011474275679313
1.5289342571040936,0.0382563077874465,0.0073553496306322,214710565556.4749,7827.807549255876,0.0160175559269224,3.994865501322494,13.689730729682266,0.65,2.0,0.002,4,7.472425441715146,29.889701766860583,67.25182897543631,119.55880706744232,0.0010322593200213,0.0004023392915369
1.5852862440939528,0.0431578012582866,0.0074720783068185,207480645548.5107,7822.934930331117,0.0452508116698365,2.484664733900679,3.5161411000176366,0.65,2.0,0.002,4,6.9431927622956255,27.772771049182506,62.48873486066063,111.09108419673,0.0009586247741209,0.0005638864417674
2.11349852080468,0.0523923991788499,0.0086439079011342,211289657639.62848,7892.93534901428,0.0093106557058249,5.671636587565279,8.72880772121072,0.65,2.0,0.002,4,4.539994591247171,18.159978364988685,40.85995132122455,72.63991345995474,0.0021810244436555,0.0010435743620301
1.3621446678574034,0.068491205644991,0.0110318654975396,203189779145.83728,7938.423506452207,0.0265725117997292,2.817199978425589,9.244307991722453,0.65,2.0,0.002,4,13.640036730783365,54.56014692313345,122.76033057705028,218.2405876925338,0.0001951977546131,9.68726270774502e-05
1.1939628274782863,0.0328508491295728,0.0137989686733367,185038415519.23648,7640.247118105409,0.0421659865147818,1.2711613681319598,27.96225819431636,0.65,2.0,0.002,4,21.60088370277349,86.40353481109398,194.40795332496145,345.6141392443759,6.000071125990404e-05,2.416364081034992e-05
1.754775944232223,0.0236244546077379,0.0093745153480777,189676812458.99243,7948.025047475642,0.0258730857234116,6.867087950718501,13.027997201321124,0.65,2.0,0.002,4,6.743917393405271,26.975669573621083,60.69525654064745,107.90267829448432,0.0022438302025456,0.0008654343441107
1.0032616952597295,0.0605449106936341,0.0087556489848473,209844169282.86005,7907.900066940259,0.0375848257467892,0.3423860705293429,29.802724396615204,0.65,2.0,0.002,4,20.319218529199443,81.27687411679777,182.872966762795,325.1074964671911,1.008979790181326e-05,3.6630366473528265e-06
1.5205806194123828,0.0297422062307777,0.0073177235035143,209170531166.5893,7857.124101715487,0.0081412744717053,1.238923872085805,9.929081425526212,0.65,2.0,0.002,4,7.404654365717399,29.6186174628696,66.64188929145661,118.4744698514784,0.0010515883530613,0.0004651098681281
1.5908143166483089,0.0496181845138548,0.0054344139512194,190119515124.35556,7749.601403247856,0.0317212792936451,4.761370386631823,4.128748016345227,0.65,2.0,0.002,4,4.822993262580007,19.291973050320028,43.40693936322008,77.16789220128011,0.0148483821107366,0.0076916796381151
2.270015831721613,0.0565519210229569,0.0115232623163218,192884240042.6905,7836.801154979548,0.0061489326712302,0.17381867109565,8.717927358923205,0.65,2.0,0.002,4,5.030670682989307,20.122682731957227,45.27603614690377,80.4907309278289,5.145696957093978e-05,2.3811493635409583e-05
2.4290460029172616,0.0360424067061697,0.0158293490984965,206643937587.17496,7809.444461640679,0.0076871400609938,3.122531604690056,1.5569831137002237,0.65,2.0,0.002,4,6.257806000920703,25.03122400368281,56.32025400828633,100.12489601473123,0.0006447830015946,0.0003883689369264
2.6383997585879606,0.0255653646454696,0.0109172227690813,209511902244.2549,7702.980783729586,0.0388548011495098,5.091368183469057,5.750438966139874,0.65,2.0,0.002,4,3.7088150103025375,14.835260041210152,33.37933509272284,59.34104016484061,0.0078401127103622,0.0031697767177784
2.437316855490244,0.0251522478794216,0.0073737527141009,185309085890.37265,7972.992027937127,0.0461094191758845,7.994381469010003,1.112792835281082,0.65,2.0,0.002,4,2.7135106545762397,10.854042618304955,24.42159589118616,43.41617047321983,0.032663978003447,0.0180940390881273
1.930203856928192,0.0324967996661483,0.0171782225106189,216560188218.0387,7964.265616900017,0.0150770476261534,3.176328650986924,5.3325368645599776,0.65,2.0,0.002,4,10.902285779610931,43.609143118443725,98.1205720164984,174.4365724737749,0.0002916186480245,0.0001642402860569
2.655118654342294,0.0273007867379804,0.0107486642051837,210406648220.0269,7863.135748228428,0.0245816024665046,2.320977975347025,6.808039911583412,0.65,2.0,0.002,4,3.576413486124664,14.305653944498657,32.18772137512198,57.22261577799463,0.0021657831573729,0.0009499774501461
2.9904909764983003,0.0524872235172874,0.0060072288847054,202565870038.81467,7840.316518742932,0.0296477082456952,3.4262811018898938,2.1412516124174297,0.65,2.0,0.002,4,1.5482275094490037,6.192910037796015,13.934047585041032,24.77164015118406,0.0379679395809218,0.0178726376777177
1.7845522851077782,0.0724812333060771,0.0198982721143168,193560139643.31345,7610.913785372725,0.0321967049944407,9.046111894591984,4.230719806324244,0.65,2.0,0.002,4,14.28813774387925,57.152550975517,128.59323969491328,228.610203902068,0.0001576451158159,9.031245719789062e-05
1.8413482611951328,0.0780912500982285,0.0071792104335203,215182193673.566,7983.714081621747,0.0409777175012801,3.4304179996885984,6.861102700677961,0.65,2.0,0.002,4,4.984650842993473,19.93860337197389,44.86185758694125,79.75441348789556,0.001960207178005,0.0008126418829012
2.240349918693852,0.0323458492754677,0.0191517673875489,186994415790.69223,7660.570953004186,0.0192906197557445,5.778695057249053,12.195730392001645,0.65,2.0,0.002,4,8.548504599476457,34.19401839790583,76.93654139528813,136.77607359162332,0.0010259448468931,0.0003969380217232
2.105049105705162,0.0345919328407966,0.0052467755480677,214676443615.0447,7796.678068490585,0.040176459540982,7.256641019068176,5.602698840433389,0.65,2.0,0.002,4,2.8173102294989083,11.269240917995631,25.355792065490174,45.07696367198253,0.0153322684434068,0.0067446958458903
1.4761873041313958,0.0316228889883142,0.0112926564879087,189679492020.11496,7870.649602848485,0.0282963942393295,8.28707247752084,22.68270468376243,0.65,2.0,0.002,4,11.535789949695202,46.14315979878081,103.82210954725682,184.57263919512323,0.0005421765965717,0.0001906679223098
2.8179704180569525,0.0619209653239882,0.0072121177744853,210734038436.6316,7943.609973532814,0.0208087686632897,4.99211151695574,1.059505603345578,0.65,2.0,0.002,4,2.121180340969128,8.484721363876512,19.090623068722152,33.938885455506046,0.0151200389618591,0.0088369821914232
2.402416241719869,0.0297594434253435,0.0155287599742522,201934710348.3192,7632.670927503913,0.0081297996907809,1.5596295825865094,10.410119944109814,0.65,2.0,0.002,4,6.275332459262127,25.101329837048507,56.47799213335914,100.40531934819404,0.0004782631235114,0.0002068550026425
1.7567920510647392,0.0768168473680679,0.0166409356203354,213293000034.18848,7951.793510959317,0.0127029052585803,7.022812771428686,20.83047191259595,0.65,2.0,0.002,4,12.662575078695069,50.65030031478027,113.9631757082556,202.60120125912107,0.0001846478883479,6.598196017220699e-05
1.2528648468733408,0.0270949068824647,0.0181854650435954,202185335896.56332,7848.870810155973,0.0179519794029758,0.6493249563466529,51.80423626263514,0.65,2.0,0.002,4,26.66345686732707,106.65382746930828,239.97111180594365,426.61530987723313,6.1091921746912844e-06,1.983561681971994e-06
2.640578563447983,0.0470964509320377,0.0076011404359009,204611391287.82416,7895.302721555903,0.0344667628531206,3.622347137268904,2.171688676469043,0.65,2.0,0.002,4,2.51646175787474,10.06584703149896,22.64815582087266,40.26338812599584,0.031154766575231,0.0180048051972837
2.192676322782881,0.0203067507870224,0.0136272154200106,195139701585.352,7852.000817479985,0.0458138227815153,4.464632915103341,7.677403201700007,0.65,2.0,0.002,4,6.407224946281977,25.628899785127903,57.66502451653779,102.51559914051164,0.005158701086833,0.0024520382855337
2.2452593481615875,0.0384100303923704,0.0114747531215187,202171925411.18396,7821.019175909192,0.0068837686433077,4.450869489131034,3.069231598359477,0.65,2.0,0.002,4,5.247691866150635,20.99076746460254,47.22922679535572,83.96306985841017,0.0031709035994417,0.0015746756159823
1.6009596857340591,0.0733734234269367,0.0198714397881221,192270691829.4196,7649.095221850469,0.0480728456984905,1.7935450807929916,28.00099055906404,0.65,2.0,0.002,4,17.625819080960504,70.50327632384202,158.63237172864453,282.01310529536806,2.1658499110185583e-05,7.264094333965462e-06
2.4228580043773302,0.0276064953281108,0.0098917009721254,184987974030.51544,7650.410038439281,0.005960639519474,7.58334480990135,2.2887686030332515,0.65,2.0,0.002,4,3.757281205925538,15.029124823702151,33.81553085332985,60.116499294808605,0.0185522912827693,0.0094430841436978
2.3781930003246265,0.0727236182713319,0.0153996204547118,214098181469.33783,7743.830138814797,0.0120930989329446,3.69718514299465,10.822647080397758,0.65,2.0,0.002,4,6.49192745769472,25.96770983077888,58.42734711925249,103.87083932311552,0.0004203460751162,0.000172292000629
2.1131767914468336,0.07544996536507,0.0076894764026363,188182795589.6992,7979.585759781417,0.0094084079353747,6.383356443535564,1.1717481359514623,0.65,2.0,0.002,4,3.7918761381791977,15.16750455271679,34.12688524361278,60.67001821086716,0.0039292128901489,0.0022353699349378
2.4456598315507905,0.0514405336771269,0.0164139582829553,213079288155.1193,7609.289022062817,0.0085609413365292,3.431027417179598,12.193285641400816,0.65,2.0,0.002,4,6.58489806894865,26.3395922757946,59.26408262053786,105.3583691031784,0.0003914456833834,0.0001725450737952
2.164880321746148,0.0412775864413065,0.0145554545870431,201913383210.71677,7671.871973484997,0.0380630262892566,4.624433130046953,8.616125788820137,0.65,2.0,0.002,4,7.22468841163578,28.89875364654312,65.02219570472202,115.59501458617248,0.0021330583321103,0.0009863063510747
2.8931097760365097,0.0636653167311927,0.0069029917670275,217508277685.75052,7832.948060727222,0.0200013065130689,4.031680519356025,2.967280590764656,0.65,2.0,0.002,4,1.970661604868729,7.882646419474917,17.735954443818564,31.53058567789967,0.0154163719641497,0.0075488964987739
2.054593062169644,0.0355678523636831,0.0133364962377404,185931911450.08188,7609.769611469984,0.0062266647708354,1.2154611940712008,11.562823042978533,0.65,2.0,0.002,4,7.081260627151234,28.325042508604938,63.73134564436111,113.30017003441976,0.0002985456883431,0.0001325094394128
2.0124214033467904,0.0590053710802079,0.0101479833710971,197711513315.56567,7834.95040477656,0.0465428655875661,6.752524098591232,3.755631414735858,0.65,2.0,0.002,4,5.707803321295476,22.831213285181903,51.370229891659285,91.3248531407276,0.0031296101961506,0.001616413718504
2.5002235893694484,0.0675541074856788,0.0187877849554307,218528704120.7461,7894.787600470741,0.025246902735397,3.000409623390686,12.5936878012282,0.65,2.0,0.002,4,7.170198153434016,28.680792613736063,64.53178338090615,114.72317045494424,0.0002035477570661,7.339086678826982e-05
1.2135996458469316,0.0455039521923774,0.0147797182258928,199927694137.5326,7666.331787539849,0.0213373265806234,4.485320576816705,32.62469578372826,0.65,2.0,0.002,4,23.23738210233689,92.94952840934758,209.13643892103204,371.7981136373903,0.0001035063850194,3.621911914994839e-05
1.833026737351776,0.0215335859981257,0.0092452898266077,189269674563.66797,7917.432804732787,0.0252181876312314,2.8750743760478183,10.122254532823996,0.65,2.0,0.002,4,6.100430857403496,24.401723429613984,54.90387771663146,97.60689371845594,0.0019863726376058,0.0007388832716937
2.6617988528707466,0.0513102304478527,0.0161701777363853,215563119218.43408,7653.414564739199,0.0374436202984387,3.346567363076049,3.847427772520096,0.65,2.0,0.002,4,5.492286589225579,21.96914635690232,49.43057930303022,87.87658542760927,0.0014263045265067,0.0007167032018931
2.5694304391500657,0.0620427548161023,0.0083710616068212,194435597686.23343,7979.706785107927,0.0347544760536553,7.911344865947315,5.516309418288781,0.65,2.0,0.002,4,2.8381182452321725,11.35247298092869,25.543064207089557,45.40989192371476,0.0059307096382016,0.0026568092798028
2.2073466783039617,0.0567458611180651,0.0085136170508309,186479470245.8863,7811.203520199573,0.0245933084776378,3.106174976489069,2.2949912436472832,0.65,2.0,0.002,4,3.871317648279091,15.485270593116365,34.841858834511825,61.94108237246546,0.0036123709588879,0.0018042483041414
2.435997634287447,0.020510455397892,0.0127035126586354,191669293602.38983,7813.604360063258,0.0099428964835252,8.193907540528942,5.666534507253974,0.65,2.0,0.002,4,4.807839009650108,19.23135603860043,43.27055108685098,76.92542415440172,0.0255635617325728,0.01256166513335
1.2766951986000217,0.0390343412596091,0.0185842979882688,191134853972.0608,7727.063302104796,0.0147855193411489,0.6385011283018771,27.287862710350517,0.65,2.0,0.002,4,25.713646778237425,102.85458711294967,231.4228210041368,411.4183484517988,5.793036420998137e-05,2.813810735546708e-05
1.5623612609515751,0.068723897962164,0.0056534003282685,185876684371.25024,7942.711803935949,0.0497341092578239,0.6140370217536735,2.5491096830675724,0.65,2.0,0.002,4,5.080472745813671,20.321890983254683,45.724254712323045,81.28756393301873,0.0003590802492255,0.0002108261655633
1.86920856823722,0.0309636608922865,0.0182507177313728,197796032718.67328,7836.309499455014,0.0212171837148504,2.9585362488740485,6.726537304005025,0.65,2.0,0.002,4,11.899992128918404,47.599968515673616,107.09992916026566,190.3998740626945,0.0002893586712629,0.0001442785173875
1.4890086362690678,0.0486877194260688,0.0126152358629433,188703015269.65732,7845.122269864571,0.0131542643677274,3.329490288664092,6.98838486089016,0.65,2.0,0.002,4,12.653764776642454,50.61505910656982,113.8838829897821,202.46023642627927,0.0002590438827362,0.0001304679824024
2.221287610690615,0.0676622192513918,0.018687145542886,196918245391.5272,7768.929229324438,0.0118963646532141,2.028928709881219,3.324382486900727,0.65,2.0,0.002,4,8.646195068130268,34.58478027252107,77.81575561317243,138.3391210900843,0.0001251143632198,6.722272651555612e-05
1.6931569336291896,0.0561876427374075,0.0065856795469147,204872939633.0221,7995.009111973452,0.0487786626183676,4.176604077999666,8.843650155149643,0.65,2.0,0.002,4,5.2731271028847,21.0925084115388,47.458143925962304,84.3700336461552,0.0018757170398701,0.0006779325877071
2.6439535748771026,0.0564463577360836,0.0092142101511503,208963673018.11707,7880.266315370328,0.0460642507972049,1.2616020290766687,5.655964610529512,0.65,2.0,0.002,4,3.0778302672957745,12.311321069183098,27.70047240566197,49.24528427673239,0.000942141324335,0.0003830017841091
1.980943861997254,0.0651557998702591,0.0071302510854712,194028263008.0201,7600.054016822007,0.0062703135437567,6.103567387997569,7.396957569924138,0.65,2.0,0.002,4,4.163071782394973,16.652287129579893,37.467646041554765,66.60914851831957,0.0035617245903834,0.0017156107375364
2.900823634960973,0.0565272845720897,0.015681909367457,181485977355.10675,7774.833213151159,0.0448077479271909,0.2140693310793204,2.9523608138077635,0.65,2.0,0.002,4,4.082832279567566,16.331329118270265,36.7454905161081,65.32531647308106,0.0001598213273319,8.223284457727468e-05
1.0451546458897918,0.0356007967791738,0.0143259438055589,186272596092.97748,7833.627217957282,0.0212719110038388,5.390416252576912,5.897682666434613,0.65,2.0,0.002,4,28.99909333596825,115.996373343873,260.99184002371425,463.985493375492,4.950182811310045e-05,3.4083445013971486e-05
2.2480163510306506,0.0358924921615329,0.0056167721427679,184212809876.80237,7804.97831424717,0.048729577126774,7.618670693624764,3.907228259183836,0.65,2.0,0.002,4,2.4484497296792416,9.793798918716966,22.03604756711317,39.175195674867865,0.0335832116320245,0.0142548823550986
2.65608078964849,0.0252382932801413,0.0145929542906358,208004979235.9873,7721.507319970738,0.012509815678033,4.538098387349982,7.58993488338645,0.65,2.0,0.002,4,4.868282103779507,19.47312841511803,43.814538934015566,77.89251366047212,0.0032709338045472,0.0014249630534306
2.964461659131276,0.0606043177693648,0.0177603594792223,210085530893.15692,7879.296909595676,0.0223053830208914,3.31096593271603,7.053149202293665,0.65,2.0,0.002,4,4.731988370479119,18.927953481916475,42.58789533431207,75.7118139276659,0.0009031825448963,0.0003873704712183
1.9212360480056367,0.0770618520578073,0.0104275967924508,189478663895.8881,7631.128694974939,0.0285178910991927,2.076922516092748,2.021242743232316,0.65,2.0,0.002,4,6.383190392491271,25.53276156996509,57.44871353242144,102.13104627986034,0.0003379267882486,0.0001885780481728
2.415650608339676,0.0529388764361074,0.0158589091932962,183504916456.26147,7998.210471624777,0.0497456855126164,4.703498272484776,10.382556864932305,0.65,2.0,0.002,4,5.902850243600936,23.611400974403743,53.12565219240843,94.44560389761496,0.0006536100496107,0.0002318260545432
2.540954761929115,0.0538041403856451,0.0135399677109836,214330359269.17743,7769.875966922336,0.0452770123845876,3.78493095564549,3.9529565669632896,0.65,2.0,0.002,4,4.994451721049733,19.97780688419893,44.9500654894476,79.91122753679572,0.0028490598752111,0.00149202641519
1.58531459223771,0.0552449034309628,0.0065577765415062,198530880031.8137,7875.951534460351,0.0130875134728614,9.030761084806675,5.6490277367990025,0.65,2.0,0.002,4,5.940424353748471,23.761697414993883,53.46381918373624,95.04678965997552,0.037251928665137,0.0210961273204545
2.1910786218532188,0.0260969265738569,0.0090487872954013,206620825837.85428,7759.41804925334,0.0239658233834033,7.999460004288053,8.697805555155934,0.65,2.0,0.002,4,4.410381743924429,17.641526975697715,39.69343569531986,70.56610790279086,0.0054980473714128,0.0024366505476286
2.3460525274236543,0.0399270510987332,0.0173939437269131,208621759884.69928,7651.318929169711,0.0137814899242241,6.407373290464562,5.394709576290441,0.65,2.0,0.002,4,7.482789037753606,29.931156151014424,67.34510133978245,119.7246246040577,0.0020828719531641,0.0009842252423805
1.929803412103066,0.0618037414846961,0.0057005730987527,215896007285.19888,7744.478962958579,0.0124369624509009,2.332098510701562,2.9685837106463824,0.65,2.0,0.002,4,3.6647793891953055,14.659117556781226,32.983014502757754,58.6364702271249,0.0087432332494909,0.0043238049530637
2.4178629471728392,0.0393995025954927,0.0156504940042511,193446348998.90417,7671.091781740483,0.0283173718275291,6.8936548190854685,6.8942954041326825,0.65,2.0,0.002,4,6.096009343203083,24.384037372812333,54.86408408882775,97.53614949124932,0.0062881984584376,0.0031325866025536
2.0691204880248275,0.042516406107139,0.0061316330194251,181758412776.69205,7979.918788482778,0.0321718395546778,6.469623092284704,5.726984192039552,0.65,2.0,0.002,4,3.099430277299032,12.397721109196128,27.89487249569129,49.59088443678451,0.0095884501789885,0.0040482400886496
2.0442380922276677,0.0253092466772307,0.0144086162580689,198254633093.6497,7821.231658100337,0.0342027751021342,2.5784458677503017,6.101571219085836,0.65,2.0,0.002,4,7.871593775719846,31.486375102879386,70.84434398147862,125.94550041151754,0.0015351327408738,0.0007615376373625
2.3868844361957526,0.0251035687802465,0.0106089061377713,209775092048.25165,7888.655023936452,0.0295071504757357,7.79898032069334,1.7145298105772369,0.65,2.0,0.002,4,4.354241910427777,17.416967641711107,39.18817719385,69.66787056684443,0.0087587434386216,0.0048393336898653
2.933894277269861,0.0720810376659513,0.0097834777826073,209983849839.4124,7654.732713601579,0.0358048140970433,4.961710082296346,0.6216277126668777,0.65,2.0,0.002,4,2.6993644786790147,10.79745791471606,24.294280308111134,43.18983165886424,0.0042478411101178,0.0027088592666611
2.5555853136284954,0.0252078553070587,0.0099229738799126,203797036117.8513,7849.494372662116,0.0349819283604145,9.945585013219356,3.238420943987408,0.65,2.0,0.002,4,3.5104955384844767,14.041982153937909,31.59445984636029,56.16792861575163,0.090584604651934,0.0522965950241978
1.1459226823202715,0.0243908414348575,0.0117678266830029,189804011293.4013,7985.077540868999,0.0459943627774011,4.106958161845544,19.96486973366017,0.65,2.0,0.002,4,19.811985889730504,79.24794355892202,178.30787300757456,316.99177423568807,0.0013958715800595,0.0009227808952708
1.6595769165793903,0.0363597377110603,0.0197211581348674,190906476797.75952,7655.169963313832,0.0211756848974002,3.108326012371866,15.551571469272206,0.65,2.0,0.002,4,16.214359996316954,64.85743998526782,145.9292399668526,259.42975994107127,0.0008357030280302,0.0004881627275999
1.4946125246075936,0.0464630827972981,0.0137106920038799,194698562622.8552,7985.441360455315,0.0052653936166263,9.137324082632006,2.7654054471870992,0.65,2.0,0.002,4,13.742422761314932,54.96969104525973,123.6818048518344,219.8787641810389,0.000295575201228,0.0002025479361233
1.4667433974313264,0.0396846932244451,0.0082253253259657,184493804762.32983,7686.971371744965,0.0457590664323429,0.9436945901876344,6.663686585747891,0.65,2.0,0.002,4,8.493512222138268,33.97404888855307,76.44160999924442,135.89619555421228,0.0005384070652038,0.000277390281835
2.5646749410538803,0.0373789249658757,0.0058112466898717,202985778519.57663,7613.8052212877565,0.037138539839842,7.39453454583308,2.509647067253225,0.65,2.0,0.002,4,2.068549098504873,8.274196394019492,18.61694188654386,33.09678557607797,0.1074059521714284,0.0579369703794397
1.5404001453171516,0.0550824032831205,0.0168553588171751,194000439293.7651,7696.927087570229,0.03762505461243,7.880132965149768,31.01189080559001,0.65,2.0,0.002,4,16.171221463910378,64.68488585564151,145.54099317519342,258.73954342256604,0.0001094280600321,3.562096254874677e-05
2.205813793438951,0.0387189499347211,0.010642900252914,181824230614.03568,7718.315435188456,0.0447171113770325,1.795815649408211,5.018679771648076,0.65,2.0,0.002,4,4.814111747795108,19.256446991180432,43.32700573015597,77.02578796472173,0.0058851328395316,0.0034293893216911
1.2383853687812758,0.0579175385956318,0.0157538981890369,199088816438.1744,7715.283354582774,0.0297516853719994,3.711002034877957,43.45361946871596,0.65,2.0,0.002,4,23.662092943397827,94.64837177359132,212.95883649058047,378.5934870943652,2.843609330971731e-05,8.80181785490862e-06
2.797380057795969,0.0636354703603432,0.0113837182200219,182135153646.6115,7950.4342940153665,0.0493089263063692,6.381758287009379,4.9972061910381536,0.65,2.0,0.002,4,3.157271315736401,12.629085262945605,28.41544184162761,50.51634105178242,0.0047001991362741,0.0019136500417351
2.326906514458173,0.0267106881428406,0.0174879392738601,187054255200.32303,7769.398157871861,0.0298483217851698,5.057584875894754,10.312886728689424,0.65,2.0,0.002,4,7.1862136779550605,28.74485471182024,64.67592310159554,114.97941884728095,0.0015528365737873,0.0006037299336681
1.5835477382283174,0.0340335164522705,0.0150536737315015,202911283166.59744,7700.4427631118815,0.0217009156482517,2.406967362518159,8.755209845994466,0.65,2.0,0.002,4,13.973483372762466,55.89393349104986,125.7613503548622,223.57573396419943,0.0002237751726031,0.0001068759473612
2.972490219701193,0.0676530282020223,0.0164088711937994,185404587977.6217,7745.823642632806,0.0356264587079264,0.3140898487096231,4.042335322897992,0.65,2.0,0.002,4,4.119965006459677,16.479860025838708,37.079685058137095,65.91944010335483,0.000708202966985,0.0003626864135734
1.9166672858261,0.0737132329236156,0.0109203612713554,208884579224.13724,7687.41165735009,0.0245343703028779,5.340381077346829,2.728821541584501,0.65,2.0,0.002,4,7.02644935656311,28.10579742625244,63.238044209068,112.42318970500976,0.0007823271936606,0.0004263873680897
1.6606231671867118,0.0667455568776868,0.0148337925199741,194534580542.9119,7807.41667263852,0.0142619347978323,6.970537121446673,7.960562974477163,0.65,2.0,0.002,4,12.175421275702114,48.701685102808455,109.57879148131904,194.80674041123385,0.0004681841879854,0.0002260274023007
2.2499547182664186,0.0281851310125392,0.0079014360387708,211217473495.67944,7816.821466342428,0.0122173804187806,3.945484205281432,1.6264765400969976,0.65,2.0,0.002,4,3.679065778010567,14.716263112042268,33.1115920020951,58.865052448169074,0.0080232632622015,0.0044331969628498
2.820649133128635,0.0224745786693311,0.0138567168072586,200118867795.8173,7926.242101046117,0.0106853060164771,5.3236288067952025,4.374130196369937,0.65,2.0,0.002,4,3.9682754832201095,15.873101932880438,35.71447934898099,63.49240773152175,0.0327519010992562,0.0179184158473692
1.2378198671917506,0.0720035955639935,0.0089134867412789,219847766333.7168,7754.203172707437,0.0103998783919517,3.2292563756330384,17.309821550349014,0.65,2.0,0.002,4,14.046056782229437,56.18422712891775,126.41451104006497,224.736908515671,0.000373579740302,0.0001522120968123
1.7972896417068305,0.0483128427457693,0.0137299869313462,200039328441.27103,7788.857780408259,0.0418025889481136,7.481915113254791,7.95545739340513,0.65,2.0,0.002,4,9.767513994131768,39.07005597652707,87.9076259471859,156.2802239061083,0.0017747872543488,0.0009203366135814
1.9618396964517235,0.0720521009558414,0.0179459772448344,214307783704.6036,7760.538089988261,0.0205794254366828,2.1521574786226174,6.790566548615845,0.65,2.0,0.002,4,11.110724677486145,44.44289870994458,99.99652209737528,177.77159483977832,0.0001207884915934,5.7892573356968295e-05
2.5229591514052347,0.0522158160101851,0.0081778318793052,194255490687.2287,7868.495620969269,0.0074045409719241,3.487455033931817,0.6627840793896281,0.65,2.0,0.002,4,2.894594894923431,11.578379579693724,26.05135405431088,46.313518318774896,0.0044913849176012,0.0027724568637721
2.575999896524067,0.0702486500334014,0.0088012919082204,212579103828.64847,7672.838331045261,0.0227395749778794,4.977202211518718,5.219805617228306,0.65,2.0,0.002,4,3.165674507271542,12.662698029086169,28.49107056544388,50.65079211634468,0.0043387577924942,0.0018423480093701
2.091351388162096,0.0526097357047916,0.0184838236448077,218872152745.86847,7881.935329217273,0.0267322275262302,4.618398193228269,9.04211562112643,0.65,2.0,0.002,4,10.098244309227669,40.39297723691067,90.884198783049,161.57190894764267,0.0011770020009605,0.0006109658711996
2.084430199145341,0.0777052259609592,0.0188421326574359,185851934749.96585,7669.273369955888,0.0119135348950332,7.586127291522258,4.7371476097615055,0.65,2.0,0.002,4,9.680349380206222,38.72139752082489,87.123144421856,154.88559008329955,0.0003512565290287,0.0002001194199951
1.1121075824349196,0.0267479015919483,0.0182317626141498,192043467083.46957,7878.554316613894,0.0103019847253814,1.7882833559531492,50.99673761688882,0.65,2.0,0.002,4,33.00204180645821,132.00816722583284,297.01837625812385,528.0326689033313,2.125331504677305e-05,7.077438417833741e-06
2.8882302309930563,0.0227936691037271,0.0164010767231531,209486069868.6879,7998.763769844016,0.020654179777448,2.926539017735121,4.633450328721588,0.65,2.0,0.002,4,4.562513206242631,18.250052824970524,41.06261885618368,73.0002112998821,0.0216891184144639,0.0104523257478185
1.59621859443525,0.052098970637049,0.0085021204764521,200829462742.769,7824.855813935626,0.0203210798790337,5.10862430489995,7.135882313533353,0.65,2.0,0.002,4,7.665620568815409,30.662482275261635,68.99058511933869,122.64992910104654,0.0072086569697961,0.0039090852157684
2.3886734129614915,0.0653180803325393,0.0057337310332242,210106389869.2458,7644.972901731815,0.0286090619520872,5.598569452181105,1.0240670175842206,0.65,2.0,0.002,4,2.388826863682548,9.555307454730192,21.499441773142934,38.22122981892077,0.0157922131952208,0.0088341772595823
2.387216704241629,0.0615310043235594,0.0196006862690642,194065779464.7556,7623.7403866875375,0.043756897598314,7.333312913254732,2.538620854002049,0.65,2.0,0.002,4,7.868777641077317,31.47511056430927,70.81899876969585,125.90044225723707,0.0005201955375546,0.0002914284352782
1.47993505585272,0.0520748880480353,0.0187443127374462,192022459942.9912,7705.754481639725,0.023295192566456,9.68076933509225,33.34744252520019,0.65,2.0,0.002,4,19.372331454701172,77.4893258188047,174.3509830923106,309.9573032752188,0.0001270607192119,3.985900265708544e-05
2.4296624083548384,0.0291884995757696,0.0128017342754299,187405181081.48645,7787.436854681837,0.0243722310969166,6.085165186314613,5.389189158079039,0.65,2.0,0.002,4,4.823915828322007,19.295663313288028,43.41524245489806,77.18265325315211,0.0163257814420949,0.0082188428749577
1.323157248743044,0.0567334026225209,0.0089567906326365,186894689062.5699,7971.907300054029,0.0069351462833022,5.694966315689283,13.331562932744768,0.65,2.0,0.002,4,11.232491950827352,44.92996780330941,101.09242755744616,179.71987121323764,0.0016061139785736,0.0006965749356371
1.7983112599531053,0.0204068959640782,0.0193329180263393,214737661821.5488,7716.334620138411,0.0498990791404787,3.239563978109688,14.670969686987302,0.65,2.0,0.002,4,14.30031223455602,57.20124893822408,128.7028101110042,228.8049957528963,0.0013127661160752,0.0008648225703853
1.3580894146685631,0.0740210013757631,0.019993384737298,206605606658.2138,7678.355615832003,0.0114996497987894,9.598202615443435,45.09048535742273,0.65,2.0,0.002,4,25.497393659829783,101.98957463931914,229.47654293846807,407.9582985572766,4.627578401032346e-05,1.4815620520775186e-05
1.358510880666335,0.0398504600347587,0.0092093032353901,213456993298.1276,7798.125882956009,0.0242441371609271,1.5437522154332366,21.031989375618597,0.65,2.0,0.002,4,11.8383140821789,47.3532563287156,106.5448267396101,189.4130253148624,0.0001306156722556,4.34415722419965e-05
2.580111496676812,0.0260762592142187,0.0179962016970176,200019308433.28452,7920.885223506715,0.0370683869143067,4.56747311011784,9.766577306187202,0.65,2.0,0.002,4,6.160021935980121,24.64008774392049,55.44019742382109,98.56035097568194,0.0014118253982726,0.0005180474541159
1.299335902149383,0.0568251972260158,0.0168779630501605,210720413654.8095,7795.538196701847,0.0379324123553319,5.877507444870538,13.259805006111383,0.65,2.0,0.002,4,23.568756069728703,94.2750242789148,212.11880462755832,377.10009711565925,8.21571798285971e-05,4.221202591997709e-05
2.1890862585126145,0.0302538327365806,0.0066012482320369,195049216883.2568,7921.6722914119955,0.0402802483256021,6.872987280393973,2.9930191976212885,0.65,2.0,0.002,4,3.0995113994026124,12.39804559761045,27.89560259462351,49.5921823904418,0.1205374522058675,0.0609991595578132
2.3109640137545564,0.0735562029144666,0.0128675421520471,201299589633.88837,7727.722039179874,0.0410306190937632,1.1938136583701546,4.137421213632153,0.65,2.0,0.002,4,5.5761466470288665,22.304586588115463,50.1853198232598,89.21834635246186,0.0004825944310357,0.0002447380338284
2.2056703326884515,0.0686157083153263,0.0111916822008029,215542401138.40283,7789.869501163976,0.025571703389644,6.591288414199396,7.196571214688422,0.65,2.0,0.002,4,5.487122893418728,21.94849157367491,49.38410604076856,87.79396629469964,0.0028794783909567,0.0012433848480952
1.5928364677266036,0.0671065605079061,0.0125884064675976,202827080511.37384,7818.602860166441,0.0471817108947892,0.4450444003854531,5.549117738552135,0.65,2.0,0.002,4,11.459245498313075,45.8369819932523,103.13320948481768,183.3479279730092,2.3803270073257343e-05,1.3643316323297576e-05
2.032393022558212,0.0728076291091625,0.0193257664381329,219041874396.7583,7727.8245887928915,0.0064478381202623,7.186388024029222,7.380320214730839,0.65,2.0,0.002,4,11.294981809561182,45.17992723824473,101.65483628605064,180.7197089529789,0.0004073861315018,0.0002016684045281
2.358226733144136,0.0518809251961671,0.017097998714693,215855201981.92487,7753.084217439052,0.0360511390503774,2.37588609700933,10.102415036872117,0.65,2.0,0.002,4,7.356096646494997,29.42438658597999,66.20486981845497,117.69754634391995,0.000417353276284,0.0001644314330011
2.268371778899317,0.031405541574381,0.0068525938600891,218763469103.95697,7863.296122324443,0.0471402911618819,4.949889140732997,0.8285562707447894,0.65,2.0,0.002,4,3.18523046663343,12.74092186653372,28.667074199700878,50.96368746613488,0.0103020127431916,0.0061858282097724
1.8841700200737528,0.055589552033925,0.0174877778611436,219733387820.4217,7729.010126060513,0.0455879508677765,8.07990363135063,3.839910006410538,0.65,2.0,0.002,4,11.909945967712924,47.639783870851694,107.1895137094163,190.5591354834068,0.0003054243855492,0.0001715367024333
1.789800783982377,0.0446789259812306,0.0190238402414675,206843024181.35248,7971.639354566055,0.0487483748954597,5.515379260421629,17.802150904417797,0.65,2.0,0.002,4,13.717174844561429,54.86869937824572,123.45457360105286,219.4747975129829,0.0003161499848582,0.0001320510447997
2.7105902358958094,0.0770220348864917,0.0081966128761914,189709793266.28412,7985.467030430049,0.0245357316630174,8.368906779960195,4.231967900004232,0.65,2.0,0.002,4,2.465645602110041,9.862582408440163,22.190810418990367,39.45032963376065,0.0101753061281468,0.004548045310658
1.2972329682675277,0.0727527189235571,0.0084879455478381,204211411669.9369,7701.593458123106,0.0370606187742503,6.522591262378493,13.14938384446035,0.65,2.0,0.002,4,11.777296064827471,47.109184259309885,105.99566458344724,188.43673703723957,0.0015817929143248,0.0008043071270384
2.9969800580835293,0.0531535482553584,0.0061781136373201,191713415896.35736,7673.909894782259,0.046611525523682,8.081482878503895,1.8464750020229723,0.65,2.0,0.002,4,1.5589613379807818,6.235845351923127,14.030652041827036,24.94338140769251,0.1426297380298091,0.0803414847521172
1.967975678287441,0.0234660502090214,0.007400092746671,218017519735.2633,7797.536364466665,0.0420395238401658,2.1455652175016406,1.6462597820130886,0.65,2.0,0.002,4,4.581355110656689,18.32542044262676,41.2321959959102,73.30168177050703,0.003209679336676,0.0017908305884651
1.7642693842853272,0.0697125587362926,0.0085430433405633,186229278654.1085,7738.064887646281,0.016422405818223,6.665506870811248,3.759951216392852,0.65,2.0,0.002,4,6.105480731826929,24.421922927307715,54.94932658644236,97.68769170923086,0.0027585243482205,0.0013551766091831
2.1951533154065714,0.0732734567585306,0.0067672763509703,185279938400.2393,7789.826740983066,0.0176553546826026,2.841596222996612,4.191513098721354,0.65,2.0,0.002,4,3.10573037535858,12.42292150143432,27.95157337822722,49.69168600573728,0.0057057843908579,0.0025911630296127
2.3368871414115477,0.05363917044375,0.0182774431495076,206897582888.6716,7857.091892316438,0.0135395661744845,1.153247961822837,15.08700319886638,0.65,2.0,0.002,4,7.787821884704562,31.15128753881825,70.09039696234105,124.605150155273,6.602035174492805e-05,2.774072145766901e-05
1.3302855554665327,0.0380658577674883,0.005758864744623,193985511874.92963,7999.529512906603,0.0198190577914509,8.61175266065648,2.575267690484076,0.65,2.0,0.002,4,7.266559045132575,29.0662361805303,65.39903140619317,116.2649447221212,0.004030601409022,0.0021763154488516
1.8012352294847485,0.0638877913566012,0.0081108754272525,183657272234.344,7634.952612309809,0.0312262321931534,8.899798602174133,3.3412263240947584,0.65,2.0,0.002,4,5.559772384987199,22.2390895399488,50.0379514648848,88.95635815979519,0.0047980762478209,0.0023812806266288
2.602868627510472,0.0367679646574232,0.0050860653545504,180778425571.93292,7991.361044638626,0.0301927071480325,4.941343855408015,2.998831648900523,0.65,2.0,0.002,4,1.6190848775853734,6.476339510341494,14.571763898268362,25.90535804136597,0.0372892666370505,0.0186059254754539
1.114747814837646,0.0542110294877853,0.0124430691052354,196822506404.92838,7729.597470299673,0.0329801153361879,4.901255452333913,8.74117630227155,0.65,2.0,0.002,4,22.911970826618752,91.647883306475,206.2077374395688,366.5915332259,7.881709847881172e-05,4.269683194260569e-05
1.1930379323406153,0.0348970484408136,0.009400112413932,208703352155.47787,7869.641674515701,0.0386186040018979,0.711374967649618,30.675084368614268,0.65,2.0,0.002,4,15.422011766636004,61.688047066544016,138.79810589972402,246.7521882661761,2.7475584960545463e-05,8.95990838262062e-06
1.6530809238570383,0.0445334270088702,0.0120266367978996,200807890854.6556,7748.000305777325,0.0274257315931652,4.2367987482443406,19.669075133971564,0.65,2.0,0.002,4,10.159697886728088,40.63879154691235,91.4372809805528,162.5551661876494,0.0002557040061786,9.067394782951684e-05
1.3926508565225475,0.0644675162719731,0.0180702708324164,208022960650.57428,7928.235078104177,0.0314258394364154,5.114554699725742,42.12751436293527,0.65,2.0,0.002,4,21.640973421179467,86.56389368471787,194.7687607906152,346.2555747388715,2.9149917983095055e-05,9.527000132158463e-06
2.089724039074893,0.0281925307562079,0.0063899068030433,189570089553.65768,7789.015059513686,0.0431146027262179,7.657577002154983,1.5977636159032096,0.65,2.0,0.002,4,3.2733280840031025,13.09331233601241,29.459952756027924,52.37324934404964,0.0238080601950696,0.013765963696312
1.5001655406763896,0.0798416123137388,0.0183237301721651,194940758478.10284,7611.6758647632305,0.0287918701155861,8.665377841087672,31.380178767264628,0.65,2.0,0.002,4,18.684262232229923,74.73704892891969,168.1583600900693,298.9481957156788,8.661009822381989e-05,2.7337735019061843e-05
1.0979535845628088,0.033382739107438,0.0169095258329812,200801886577.2261,7634.647341816504,0.0170581113120209,3.308190039234212,25.37541178540868,0.65,2.0,0.002,4,32.61986246468192,130.47944985872766,293.5787621821372,521.9177994349106,8.379213410989222e-05,3.779021939758077e-05
2.098462736278452,0.0728384613154601,0.0180366041298012,180585383317.62796,7705.936281426334,0.0201614710825918,5.395154050860901,2.961279431933185,0.65,2.0,0.002,4,8.9910434233618,35.9641736934472,80.9193908102562,143.8566947737888,0.0002758744550164,0.0001525922359799
1.9868953358066184,0.0463280945487253,0.0169729076566336,192471518290.1318,7976.12604809072,0.0177264660717577,3.379856711935917,18.279949324043987,0.65,2.0,0.002,4,9.576851509374436,38.30740603749775,86.19166358436993,153.229624149991,0.0001632066956923,6.123148098980758e-05
2.750046637547908,0.0298057572882101,0.0105692073126294,182091280432.8529,7896.995716422249,0.011779374084481,2.644498154919732,4.854898654512879,0.65,2.0,0.002,4,3.0430225890066964,12.172090356026786,27.387203301060264,48.68836142410714,0.0053085789382203,0.0024819567268963
2.3415771784870154,0.062208260429447,0.0122199293053994,191540749960.6776,7720.724184482209,0.0133495738227199,3.689634562153731,2.531199976684571,0.65,2.0,0.002,4,5.03364480641029,20.13457922564116,45.30280325769262,80.53831690256465,0.0012131607499655,0.0007110952719812
1.6234927290879138,0.0457840888836114,0.0136833251638423,180022100385.74725,7741.648084045634,0.037727740002473,2.93204631805408,13.927116012596786,0.65,2.0,0.002,4,11.35184375784289,45.40737503137156,102.166593820586,181.62950012548623,0.0004545452984287,0.0001975539156017
1.6781256584617656,0.0596432311895188,0.0067528116319999,191364360545.5416,7943.34585124132,0.0173196215261129,1.767623637281239,6.193590118377231,0.65,2.0,0.002,4,5.336957286725988,21.34782914690395,48.03261558053389,85.3913165876158,0.0029275393279189,0.0014169845608218
2.1565966406774217,0.0613729754825852,0.0179489531545629,193453785771.38745,7783.861632176667,0.0336159313977726,3.2107379280318304,4.552325315055391,0.65,2.0,0.002,4,8.724119228496102,34.89647691398441,78.51707305646491,139.58590765593763,0.000249099463603,0.0001388634771713
2.859684672358039,0.0323167348177358,0.0181396210726941,199348957793.54352,7936.248059348536,0.0481233063865,4.279259775549675,7.329115083172423,0.65,2.0,0.002,4,5.041044569997008,20.164178279988032,45.369401129973085,80.65671311995213,0.0018354241287944,0.0007579127174605
1.908610318379268,0.059005494340923,0.0068255433659036,200944460047.4128,7644.283258829839,0.0436806212153669,5.667600702867789,7.229216339321474,0.65,2.0,0.002,4,4.3561375281482775,17.42455011259311,39.2052377533345,69.69820045037244,0.0037310047022762,0.0014087146135806
2.306942578386292,0.0212259682951142,0.0053142617739744,192742887390.751,7901.906800925653,0.046645635585445,6.8614610944947545,3.290655566896355,0.65,2.0,0.002,4,2.2362577401125687,8.945030960450275,20.12631966101312,35.7801238418011,0.0762252694795281,0.0348854377363081
2.930734369542316,0.0735049997964031,0.0198332130721087,213226568694.70703,7972.872428040678,0.0138934008290107,2.643150207472736,9.485213341989375,0.65,2.0,0.002,4,5.4148030923399615,21.65921236935985,48.73322783105965,86.63684947743938,0.0002819666322426,0.000116891561252
2.9979379835153708,0.0748633701500361,0.0137719843286934,188713782959.9298,7710.711090078988,0.0252294514725704,3.295523806674223,0.8193653993745743,0.65,2.0,0.002,4,3.437439628291388,13.74975851316555,30.93695665462249,54.9990340526622,0.0012114400615477,0.0007431850460054
2.978707709783218,0.0721395205591533,0.0160663234467446,185485781562.2213,7612.089884473907,0.0128935626888691,9.383536548624448,6.766021111666285,0.65,2.0,0.002,4,4.0531561842810495,16.212624737124198,36.47840565852945,64.85049894849679,0.0026784254790849,0.0011658176155013
1.1079464633709906,0.0761925609422703,0.0111754442468058,197978127771.4355,7782.413004897267,0.0214262581207311,6.7784203151182965,4.685873502706103,0.65,2.0,0.002,4,20.821306072393025,83.2852242895721,187.39175465153724,333.1408971582884,8.130799928095659e-05,5.077385159686638e-05
2.611981164771076,0.0252080266010434,0.0056659594536588,219907017894.7929,7947.782849293875,0.0447281376559791,9.517671481305513,1.9590342013325055,0.65,2.0,0.002,4,1.9808846326462253,7.923538530584901,17.82796169381603,31.694154122339604,0.4315944551800195,0.2115486857049366
2.132652013970384,0.0374722433373512,0.0100782488664763,189392206490.0989,7778.514734161071,0.0259736986125053,5.306613065997243,6.282479233643202,0.65,2.0,0.002,4,4.958006029729752,19.83202411891901,44.62205426756777,79.32809647567603,0.0067408509817864,0.0029852241262616
1.759994260885606,0.0410359909716724,0.0141577283987059,191250144567.66315,7656.540133526076,0.0482693391721489,8.114346572409318,19.94266348859341,0.65,2.0,0.002,4,10.35821525079912,41.432861003196486,93.2239372571921,165.73144401278594,0.0004223991724108,0.0001451664249749
2.287480930848546,0.0770001062344524,0.009278316282408,207710862770.19983,7610.016081202073,0.0168074812730131,4.690825307166269,1.0744962225953727,0.65,2.0,0.002,4,4.200686583732039,16.802746334928155,37.80617925358835,67.21098533971262,0.0017777113065145,0.0010557613587271
1.765755231275309,0.0400825099844491,0.0159713247174353,203957380190.89117,7771.677723260822,0.014000181003104,4.264330407078829,6.2456018434424925,0.65,2.0,0.002,4,11.89930266990184,47.59721067960736,107.09372402911656,190.38884271842943,0.0003287858722526,0.0001749014559911
2.1538336972016974,0.0644123152274254,0.0187308296256174,198754004706.6248,7936.3597835377295,0.0327659763365318,2.120134316370033,11.391223255290775,0.65,2.0,0.002,4,9.162399059151143,36.64959623660458,82.46159153236032,146.59838494641832,0.0002504869913462,0.0001063242089611
2.0200323647068794,0.046105174466235,0.0152457832555808,185487912334.90665,7774.275861619149,0.0451265815051341,0.457020823453282,8.467486721920839,0.65,2.0,0.002,4,8.275422445074447,33.10168978029779,74.47880200567003,132.40675912119116,0.0003425728174549,0.0002105726839304
1.0631589398295076,0.0225198411634842,0.0153735006140614,193462986620.41165,7621.624669822901,0.0100491039313769,6.686309273144588,58.715975834680975,0.65,2.0,0.002,4,31.0728291938486,124.2913167753944,279.65546274463736,497.1652671015776,7.804167464743204e-05,2.5042002496884408e-05
1.0683760267246902,0.0408594921007524,0.0150634723825514,188983915385.4036,7985.77969478343,0.0241382164050912,0.3087643367528342,34.14797241626803,0.65,2.0,0.002,4,29.11118201219621,116.44472804878484,262.0006381097659,465.77891219513936,9.912317569129713e-06,4.1070644646451095e-06
1.7770569452095144,0.0522625255104962,0.0085897546355985,209109854097.5207,7923.706685288833,0.0337995360894693,9.040506903237205,10.282999663670136,0.65,2.0,0.002,4,6.336221881089028,25.34488752435611,57.02599692980125,101.37955009742444,0.0026384819256494,0.0009579994000341
2.9186646952712167,0.0591511520451597,0.0124325983494292,184427682961.18463,7700.974516219835,0.0182648277308544,7.67155517081162,5.758562950225628,0.65,2.0,0.002,4,3.238642119483527,12.954568477934108,29.147779075351743,51.81827391173643,0.00444776450578,0.0019690923630276
2.1316509265349675,0.0447192759336483,0.011238384942041,192317867577.706,7748.499013568795,0.013283356837249,2.778779973128529,6.571174934389217,0.65,2.0,0.002,4,5.587300242827898,22.349200971311596,50.28570218545109,89.39680388524637,0.0033029805329413,0.0015430825151597
2.351581873854093,0.058276136971337,0.0083049675250471,186126371950.72177,7949.21059081382,0.0130736276879996,0.8298128317868048,4.369801712556901,0.65,2.0,0.002,4,3.295254330263382,13.181017321053528,29.65728897237044,52.72406928421411,0.0015983877393711,0.0007487514429028
2.124223731440143,0.0246020106996597,0.0113759246184542,208386519096.23325,7606.053902855519,0.0337494919586654,7.596120276934478,6.977043101692894,0.65,2.0,0.002,4,5.983710277985699,23.934841111942795,53.85339250187129,95.73936444777118,0.0127631032590218,0.0061235022090867
1.0664501370752832,0.0723880950812778,0.0143016739399865,186407534821.92847,7907.426700917709,0.0271677351321528,5.155995877737849,18.300786121810884,0.65,2.0,0.002,4,27.68529540196961,110.74118160787845,249.1676586177265,442.9647264315138,6.164971196082574e-05,2.9865757416259035e-05
2.63808148503034,0.0234830811051479,0.0182146088753265,181730177413.9,7651.132972551521,0.0131082967317671,2.308202743182523,5.3395645326090895,0.65,2.0,0.002,4,5.783934186088524,23.13573674435409,52.05540767479672,92.54294697741638,0.0062634527011809,0.0034040256388463
2.9355481246928283,0.0706342141329044,0.0095557515891322,185184992007.6017,7894.090469306126,0.0149302751799818,6.093995329951027,3.902319943858565,0.65,2.0,0.002,4,2.435384514769987,9.741538059079948,21.91846063292988,38.96615223631979,0.008748647141282,0.004125694504897
2.172703656829801,0.0469577037731902,0.0135608403937875,211921709379.42035,7972.685792019699,0.0237837121339351,7.207533190881882,3.722176717363985,0.65,2.0,0.002,4,6.715838869715649,26.863355478862594,60.44254982744084,107.45342191545038,0.0018495281743521,0.0009578100525329
1.376549494598577,0.0489933117480608,0.0151204915690021,194684503570.2465,7937.513894510157,0.0289914791272745,4.730871321351216,31.282375197384653,0.65,2.0,0.002,4,17.91987370460858,71.67949481843432,161.27886334147723,286.7179792737373,8.805538747079465e-05,2.7591217506294524e-05
1.9980389709980844,0.0275471813212387,0.009578246873049,210166093521.37872,7938.3967632005215,0.0206444636485167,0.7062134499869915,7.827537321942776,0.65,2.0,0.002,4,5.597863397582274,22.391453590329096,50.38077057824047,89.56581436131638,0.0007078578096877,0.000290779536139
1.652260285250008,0.0716400479773271,0.0051576028488477,197442104844.38095,7977.135871411163,0.0294186359832264,4.5594133224246445,3.248799900890949,0.65,2.0,0.002,4,4.262031100912965,17.04812440365186,38.35827990821669,68.19249761460745,0.0086410513299368,0.004421389708512
1.2332080911370331,0.0704466859364259,0.0129376432885679,182445176094.4037,7933.29801552053,0.0062291352682063,1.4698698596466746,30.266112307059338,0.65,2.0,0.002,4,18.499117199213934,73.99646879685575,166.49205479292544,295.985875187423,2.6067975976350816e-05,9.854092727350018e-06
1.2037527970350963,0.0573822559872835,0.0170517231560292,204987329760.17447,7993.845632730123,0.0057353626180612,0.2551312897801603,29.72385992199022,0.65,2.0,0.002,4,27.02144308575702,108.08577234302808,243.1929877718132,432.34308937211233,1.1724029569232372e-05,4.9098680294326485e-06
2.1543229597651337,0.039923843253738,0.010080968885572,192706355293.1728,7778.131227331194,0.0415372945486684,4.743358064219994,9.749013437411254,0.65,2.0,0.002,4,4.90253038634545,19.6101215453818,44.12277347710906,78.4404861815272,0.0014932051650807,0.0005770430909565
2.8458899713397168,0.0414885744780186,0.006246094984931,186213442538.92532,7885.717998403992,0.030304648080744,5.392709691904627,0.5906718605457456,0.65,2.0,0.002,4,1.6993644205324494,6.797457682129798,15.294279784792048,27.18983072851919,0.0387911701482099,0.0208885589755534
2.069603826360804,0.0269987548846511,0.0093124443319499,205647593208.89655,7890.046275529191,0.016855503208521,3.359017343545817,3.243551244474244,0.65,2.0,0.002,4,5.033157800748387,20.132631202993547,45.29842020673549,80.53052481197419,0.0050244172840376,0.0025167595773958
2.782985966663735,0.0768944915453754,0.0118646649123375,219496572965.86383,7913.964532305719,0.0343934321996065,4.379353906011388,6.279021985643914,0.65,2.0,0.002,4,3.65830171436474,14.63320685745896,32.924715429282664,58.53282742983584,0.0016420679878733,0.0006447819419603
2.4741976929366207,0.0611640251071343,0.0178340317219007,191462803730.3308,7725.865312095621,0.048450809433685,4.620337999710557,11.19360574187771,0.65,2.0,0.002,4,6.5762548397823215,26.30501935912929,59.1862935580409,105.22007743651714,0.0004510928959353,0.0001579944413269
1.691394061301716,0.0619128268353027,0.0197147141152372,196990307740.8236,7756.88208160568,0.0242651062564269,4.312885283692243,31.229064138580352,0.65,2.0,0.002,4,15.747404002533637,62.98961601013454,141.72663602280272,251.95846404053816,4.437092224808525e-05,1.5120991458208724e-05
1.168230669113764,0.0346200472433428,0.0176538257714381,205503548019.1384,7859.65962005371,0.0351591464908109,7.652739888491338,9.135699946879877,0.65,2.0,0.002,4,29.99291497173007,119.97165988692028,269.93623474557063,479.8866395476811,7.005720142197596e-05,3.971017681542342e-05
2.1234798109690263,0.0649794414640221,0.0160317969825438,208995431912.7253,7911.569386375775,0.008267480906943,5.144820555787726,5.5616676638478255,0.65,2.0,0.002,4,8.286139913648846,33.14455965459538,74.57525922283962,132.57823861838153,0.0007350819682137,0.0003675932642071
1.725182001596934,0.0704752870097344,0.009724646909446,218576042000.01797,7609.578854546326,0.0328634396308579,1.2111711623317802,11.861055509718575,0.65,2.0,0.002,4,7.940616579208235,31.76246631683294,71.46554921287411,127.04986526733175,0.0001842945683712,7.014305515486744e-05
2.803444909786971,0.0232546200171253,0.014568398011474,208850919591.2359,7881.604679725804,0.0117576688346188,9.082057463981087,3.3752946475680146,0.65,2.0,0.002,4,4.326810464556024,17.307241858224096,38.94129418100422,69.22896743289638,0.0221090272436037,0.0110645970366165
1.1412707450317945,0.0341185648067065,0.0052465669342481,208209445708.9188,7608.378488747893,0.0252129549329064,6.523786799756229,7.156627956676342,0.65,2.0,0.002,4,9.55501254639693,38.22005018558772,85.99511291757238,152.8802007423509,0.005240782414912,0.0025272497737853
2.387680257446582,0.0768311454293218,0.0128105800850832,192723078167.7877,7963.770258127305,0.0493615206974378,0.3025532101559998,3.985985281051394,0.65,2.0,0.002,4,5.0124864685346,20.0499458741384,45.1123782168114,80.19978349655361,0.0001621984566755,8.598451476685471e-05
2.5983287241565023,0.0626114836880662,0.0168766238105778,185823905531.34125,7871.069493084216,0.0381659860546489,3.069667681718662,9.771758411349898,0.65,2.0,0.002,4,5.507576693027793,22.03030677211117,49.56819023725013,88.12122708844468,0.0003987246622047,0.0001449275708695
2.3957406841404567,0.0397927832818251,0.0071059370626662,217875025239.6068,7950.19056159428,0.0105901589931699,3.691509129694572,1.476955047595278,0.65,2.0,0.002,4,2.9389077249496296,11.755630899798518,26.45016952454667,47.02252359919407,0.0093302633360967,0.0056497220953096
2.497357703129534,0.0769471552169246,0.0125510562930258,215509856120.09457,7665.128125595352,0.0132264373148313,5.17219615203786,3.863725507285166,0.65,2.0,0.002,4,4.838624127656144,19.35449651062457,43.54761714890529,77.4179860424983,0.0038764155950743,0.0019247766298736
2.1094390481173546,0.0212155256010647,0.0176336337188174,218946562926.93356,7861.361924801457,0.0347203507322016,5.327000592524014,7.602648366184048,0.65,2.0,0.002,4,9.483251707926568,37.93300683170627,85.3492653713391,151.7320273268251,0.0023460103275903,0.0011652236758876
1.7749941091761947,0.0340632561438023,0.0126717101293204,198382464146.99533,7631.2332299652,0.0160391321332971,2.8866943562429124,9.973158754574287,0.65,2.0,0.002,4,9.298757635408846,37.19503054163538,83.68881871867961,148.78012216654153,0.002941949780937,0.001472054492887
2.005592592782463,0.0425290624955619,0.0119075452365449,181836280727.4204,7819.648739276545,0.0349804598253438,1.1842477399334257,4.272739403806893,0.65,2.0,0.002,4,6.473105831730588,25.89242332692235,58.257952485575295,103.5696933076894,0.000523409490796,0.0002639737462324
1.931881156648927,0.0254886713837477,0.007082439871928,191739198409.33276,7709.412650524725,0.0223293462143533,4.6268628834868535,2.5667146681564006,0.65,2.0,0.002,4,4.291371818974018,17.165487275896073,38.62234637076617,68.66194910358429,0.0121106037573602,0.0059928387140422
2.58286683983357,0.0494708064605122,0.0068663107527046,198614361049.28995,7958.4267253061425,0.0312838426298386,7.564607746057889,1.7029525412202708,0.65,2.0,0.002,4,2.3315266727388764,9.326106690955504,20.98374005464989,37.30442676382202,0.0476368781565681,0.024095695136561
2.959846678201817,0.0361247786522032,0.0116194384163445,208360617223.658,7724.076119773681,0.008712363249595,3.827750510180617,3.733279579176583,0.65,2.0,0.002,4,3.123636635195524,12.494546540782094,28.112729716759716,49.97818616312838,0.0164126491385248,0.0076711162388143
2.251010430830215,0.054300044475682,0.0130925051498276,195676568292.84448,7701.865876544357,0.0389894893400517,5.144718425840455,1.5419155671039424,0.65,2.0,0.002,4,5.905659840046135,23.62263936018454,53.15093856041522,94.49055744073816,0.0009717526791735,0.000583373789868
2.2741342699865434,0.0491580344813212,0.0064788989914684,182851683557.05695,7871.077450863542,0.0183635695137525,6.727876463070237,2.0010456199148785,0.65,2.0,0.002,4,2.7379823631432783,10.951929452573111,24.6418412682895,43.80771781029245,0.0350218888261039,0.0175844283889675
2.631017029768157,0.0499991449528499,0.0069957898216434,204581914701.9425,7628.643005660441,0.0417714589294141,7.639248117869519,2.192215077307698,0.65,2.0,0.002,4,2.3731689771967197,9.492675908786875,21.358520794770477,37.97070363514751,0.103645304792834,0.0537075588700663
1.1051157573401875,0.0289476183823008,0.0061862720345336,200785478373.90756,7921.122897500138,0.0074671155935509,7.81612615702114,11.327136997916204,0.65,2.0,0.002,4,11.56419747032134,46.25678988128536,104.07777723289205,185.02715952514143,0.0367424034210204,0.0200260319561469
2.773469304332336,0.023512417176283,0.0175651926801137,207114574572.20404,7743.997117912052,0.0165358104135735,1.1375784088274208,10.141983775951765,0.65,2.0,0.002,4,5.3549840801929,21.4199363207716,48.19485672173611,85.6797452830864,0.0003550833276285,0.0001524815192224
2.658215432193718,0.0649651734080147,0.017930420907481,219341239081.36557,7876.058106948084,0.0467657242432128,2.790600270598336,11.854540439000758,0.65,2.0,0.002,4,6.072186180617734,24.288744722470938,54.64967562555962,97.15497888988376,0.000198041100466,7.374432404639477e-05
2.2127829584794645,0.0667148206297555,0.0195037001041396,190073636038.77795,7631.557912395597,0.048933711995312,6.066152408044906,2.082724595192841,0.65,2.0,0.002,4,9.014112365822216,36.056449463288864,81.12701129239994,144.22579785315546,0.0002486835891199,0.0001601191210877
1.9550117472554656,0.0656859537910404,0.0185499180794607,208827837868.73407,7985.284489419751,0.0401902326832179,8.681334238793072,4.562382322360588,0.65,2.0,0.002,4,11.254378234761605,45.01751293904641,101.28940411285444,180.07005175618565,0.0003143504624859,0.0001713855875755
1.125505559913235,0.0659847962010662,0.0123592628260089,192519808540.07175,7844.113846004456,0.0409788562281664,1.1283622287015125,36.23250428508364,0.65,2.0,0.002,4,21.917564779995683,87.67025911998273,197.2580830199612,350.6810364799309,1.4364618737987376e-05,4.547733561367189e-06
1.90209300037051,0.0540760538257095,0.0119272686717462,206350136392.66803,7821.759609351905,0.0194321996012334,3.522734977050063,6.768040923876436,0.65,2.0,0.002,4,7.678155607281034,30.71262242912413,69.10340046552932,122.85048971649654,0.00230951855716,0.001165445045987
1.424187949354358,0.0790813932460042,0.0131675251490305,187673300438.2329,7658.120444361692,0.0140362053750906,3.7014011999136023,8.291623396585875,0.65,2.0,0.002,4,14.572663835729362,58.29065534291745,131.1539745215643,233.1626213716698,0.0001383177047838,6.747304453706945e-05
2.7478466589573878,0.0637096131705934,0.0166356554490004,211672613105.83243,7802.893308695198,0.047610843934469,2.083560079407893,5.7702633527757055,0.65,2.0,0.002,4,5.203417638468264,20.813670553873056,46.83075874621437,83.25468221549222,0.0014040151922324,0.0007784200588164
1.422489851734523,0.0576653440230722,0.0122908928890002,184088271703.9543,7800.669761820383,0.0441271770511007,4.447238564842047,6.282954803504298,0.65,2.0,0.002,4,13.380164362536604,53.520657450146416,120.42147926282944,214.0826298005857,0.0002078298960942,0.0001173705151397
1.148530953186662,0.0319989916655453,0.0198095764954407,181582268647.83972,7685.47112925383,0.0241926943429331,2.9974265379973284,39.10372407818937,0.65,2.0,0.002,4,33.09942947642082,132.3977179056833,297.8948652877874,529.5908716227332,7.142352332709468e-05,2.9471978914173564e-05
2.218150878823824,0.0777577997097323,0.0063617526498299,208126510928.43225,7877.086448849111,0.0351263409576564,5.2098586811687975,5.847505937302175,0.65,2.0,0.002,4,3.0137329209415222,12.054931683766087,27.123596288473703,48.21972673506436,0.0037011728219007,0.0016493422532855
2.012049679127069,0.0341985700824933,0.0186810123646488,207534025121.51425,7819.42522408471,0.0356937958758139,5.167427818442761,3.288822607415536,0.65,2.0,0.002,4,10.779770177916182,43.11908071166473,97.01793160124564,172.47632284665892,0.0003522628025222,0.000199088018624
2.1013897045109218,0.04431141509877,0.0145014911284088,206744481913.29263,7922.836083577262,0.0158038932626131,9.650317462390108,4.460969305595485,0.65,2.0,0.002,4,7.606858591268029,30.42743436507212,68.46172732141227,121.70973746028848,0.0021697185425063,0.0010671415216882
1.9744069657482788,0.0361168772920088,0.0162913764812237,213468910200.2385,7848.00074773399,0.0233120478411446,5.59449979518538,12.190610341607345,0.65,2.0,0.002,4,9.883288741020843,39.53315496408338,88.9495986691876,158.13261985633352,0.0012831205147987,0.0005396822796011
1.919225234286408,0.0475774726472713,0.0125862597928523,199007880341.8925,7856.5514716759135,0.0479455451284361,1.809622392087498,6.577237251356266,0.65,2.0,0.002,4,7.7981792260580916,31.19271690423237,70.18361303452284,124.77086761692946,0.000808904562301,0.0004355233601754
1.8027515781610943,0.0369334602516508,0.0057881999212396,210048256921.75143,7811.09825167678,0.0135933893391313,8.944401026094713,7.876772352236782,0.65,2.0,0.002,4,4.18797903383182,16.75191613532728,37.69181130448639,67.00766454130913,0.0090363571007462,0.0041453998469298
2.6890820810183933,0.0799567835103743,0.0143402456574167,201344141273.88663,7914.753036186069,0.0078684891149551,8.113032629924804,7.098489829799,0.65,2.0,0.002,4,4.535535202663184,18.142140810652737,40.81981682396866,72.56856324261095,0.0021220121113471,0.0009776266837576
2.2054792481328924,0.0563273193932116,0.0056715816415601,203757410072.0165,7658.32743761348,0.0219751580663257,9.897870210709064,3.107945184755692,0.65,2.0,0.002,4,2.7272015241368224,10.90880609654729,24.5448137172314,43.63522438618916,0.0884089018645648,0.0491509265975536
1.544847726766501,0.0370781981075053,0.0059241899699783,192793926301.3115,7838.980427385931,0.0120108571733049,9.535519663541898,8.375212876508915,0.65,2.0,0.002,4,5.582178994476907,22.328715977907628,50.23961095029216,89.31486391163051,0.0093637455660613,0.0041833021398949
1.9183921913841304,0.0581551559113552,0.0168561990251835,189659562424.87177,7945.780152771515,0.0176090407389498,7.780724954800864,4.076805847300284,0.65,2.0,0.002,4,10.146895979344263,40.58758391737705,91.32206381409836,162.3503356695082,0.0004434969946605,0.000237799756586
2.314611236655909,0.0611881494753425,0.0079023423291595,208345210595.4056,7724.532410792135,0.0499403312627032,7.344499864432662,4.386304962364941,0.65,2.0,0.002,4,3.473638662349956,13.894554649399824,31.2627479611496,55.578218597599296,0.0132770338003367,0.0063476161286884
2.133285353862488,0.044689746499525,0.0189468860888642,188899910214.66437,7671.800296335483,0.0290913966068352,4.330287204530762,15.31232935962652,0.65,2.0,0.002,4,9.367774454820674,37.4710978192827,84.30997009338607,149.8843912771308,0.0003156733720402,0.0001086375606092
2.573882271624248,0.0459798929101888,0.0115735753563136,189814250597.34503,7683.770912583772,0.0314519868306063,2.4022748505163904,1.2425117902884548,0.65,2.0,0.002,4,3.937283110260776,15.749132441043104,35.43554799234698,62.996529764172415,0.0015331645584052,0.0008687826273553
2.8309710965468198,0.0357677641071132,0.005098538416477,204619246811.4549,7797.031568564952,0.0400529372150134,1.0651896001262289,1.879458893771756,0.65,2.0,0.002,4,1.4777898312556432,5.911159325022573,13.30010848130079,23.64463730009029,0.0286387306055907,0.0157560296278447
1.9207743380898996,0.0727846343563992,0.0070400846536722,212423384234.439,7796.328510353322,0.0069135917683114,9.728865588217523,7.228891141134633,0.65,2.0,0.002,4,4.516588685300542,18.06635474120217,40.649298167704885,72.26541896480867,0.0055594473621965,0.0025727096171575
1.1274093985295244,0.0745764213090504,0.0134928624766942,203616692995.0932,7714.357536566565,0.0280236651358935,4.319947178009773,47.2678252876118,0.65,2.0,0.002,4,24.730155904236288,98.92062361694516,222.57140313812656,395.6824944677806,2.4349313869194043e-05,7.666370554065367e-06
1.7253800024736838,0.0440119577126981,0.0066816561743809,182393337047.44168,7952.640756103012,0.0449441640338098,0.1255308646052338,6.600320214872904,0.65,2.0,0.002,4,4.874080075865648,19.496320303462596,43.86672068279084,77.98528121385037,0.0001486755561677,6.25497543241225e-05
1.6773912668415007,0.0336847644773849,0.0078316834679549,210536451749.3032,7980.616877260113,0.0113080883991499,9.600844069823856,8.236837482010364,0.65,2.0,0.002,4,6.482776418865815,25.93110567546326,58.34498776979234,103.72442270185304,0.0107222202124639,0.0047255129843215
1.1602944197410834,0.0213511305197148,0.0067167904575483,195799852406.90253,7786.682644032837,0.0111407733596231,4.170416065206092,11.286861446616962,0.65,2.0,0.002,4,11.344479884664269,45.37791953865708,102.10031896197845,181.5116781546283,0.0291932801936209,0.0144044774956408
2.0974502616536324,0.041253051437947,0.0104681127513972,184693462003.9878,7806.802886776124,0.0240886490764891,7.315626766764733,2.86287772143555,0.65,2.0,0.002,4,5.2481163894835765,20.992465557934302,47.23304750535219,83.96986223173722,0.004485320626851,0.0023776864485877
2.6051493374867283,0.0329154964362337,0.0133023014294677,194185731084.71655,7899.148831229503,0.0365917397880741,7.018017595529442,3.878059749210865,0.65,2.0,0.002,4,4.406657529840124,17.626630119360495,39.65991776856112,70.50652047744198,0.017322046983298,0.0094923284616546
1.472747070817969,0.0500364114863993,0.0131085777783299,202095391572.48212,7885.820839308033,0.0173591664177887,6.682546422510624,20.35587425386249,0.65,2.0,0.002,4,13.873410799502029,55.49364319800812,124.86069719551828,221.9745727920325,0.0003718110476281,0.0001375870113471
2.295416805409532,0.0790181288459166,0.0118211797719712,189172658611.71948,7907.888830421706,0.0386836380788213,5.274760850649427,7.677156686834471,0.65,2.0,0.002,4,4.97583382656101,19.90333530624404,44.782504439049085,79.61334122497615,0.0013280022738946,0.0005159980004188
2.1444076694648744,0.06684723211596,0.0161743596802125,213165911123.3064,7892.534386549361,0.0489427515259362,0.2828864869249116,16.39703500059794,0.65,2.0,0.002,4,8.288811877225061,33.155247508900246,74.59930689502556,132.62099003560098,1.1387941928284383e-05,3.957378904778641e-06
2.626138918903406,0.0397158149804958,0.013690852730426,184185825591.2439,7802.233053220319,0.0334328050638131,4.553649748347525,3.53157091706744,0.65,2.0,0.002,4,4.373639713023753,17.49455885209501,39.36275741721378,69.97823540838004,0.0067110478498349,0.0034740923331356
1.9067786767490735,0.0500203501681628,0.0177991371790975,184860134423.51764,7820.1674192893,0.0063855494572389,1.024037038641776,6.446658036849848,0.65,2.0,0.002,4,10.79297665778161,43.17190663112644,97.1367899200345,172.68762652450576,8.839641655128392e-05,4.335853334913586e-05
2.6095437316983,0.0515646023163971,0.00794521730886,208976872764.33325,7627.5685406317725,0.0282908721268844,0.6244929066670225,3.1878304816509497,0.65,2.0,0.002,4,2.76924849865116,11.07699399460464,24.92323648786044,44.30797597841856,0.0037420843608495,0.0020610582034494
2.7380952203669677,0.0545857903963073,0.0112710546895808,207934506843.30023,7969.255733049808,0.0270296180572797,1.0831464684446546,5.498217371536298,0.65,2.0,0.002,4,3.482179210860936,13.928716843443745,31.33961289774842,55.71486737377497,0.0008247670750876,0.0003451660682554
1.5966595302654962,0.0332696851524382,0.0152461490173666,216781282591.4113,7719.6556364208445,0.0194701599224051,8.556983179418351,25.9832516897084,0.65,2.0,0.002,4,14.370659726554702,57.48263890621881,129.33593753899234,229.93055562487524,0.0003446950097084,0.0001146719007279
2.6089887098950064,0.0586624116907092,0.009182914373573,218605930865.1326,7681.768855156084,0.0274808920261297,5.262722416909944,1.6032681300648108,0.65,2.0,0.002,4,3.26336568029747,13.05346272118988,29.37029112267723,52.21385088475952,0.0057042595490666,0.0032854189859692
1.5475669790260989,0.0287172017468577,0.006878539744945,206831377569.9664,7662.77733118699,0.0110045804386095,5.392398677556605,9.927273782422752,0.65,2.0,0.002,4,6.766151308186161,27.064605232744643,60.89536177367546,108.25842093097856,0.0044476688394522,0.0019162287422074
1.8234288878601168,0.0596622505940635,0.0184279367262978,210125024403.67972,7652.304247820469,0.0181630505271921,5.402812404646403,8.898463008316032,0.65,2.0,0.002,4,13.169554342766428,52.67821737106571,118.52598908489789,210.71286948426285,0.0002929572586384,0.0001434217482119
2.3345765234620472,0.0269053618639214,0.0160911514079113,205931553193.56503,7797.501158922721,0.0287748496250906,9.55247077165924,12.656425714962753,0.65,2.0,0.002,4,6.879927646982658,27.519710587930632,61.91934882284392,110.07884235172251,0.0018096728805917,0.0006602438231169
1.6110644010767825,0.0616355224949404,0.0171254887943063,199480429220.7151,7746.771022962484,0.038513809357873,1.9954049362338504,19.41869946390516,0.65,2.0,0.002,4,15.182252658187922,60.72901063275169,136.64027392369132,242.91604253100675,8.696983043826347e-05,3.520245100598375e-05
1.9558617679129195,0.0452017843509891,0.0069294169868193,181554625421.43552,7614.183490779576,0.020758055811254,7.216140577519496,1.7497925374115386,0.65,2.0,0.002,4,4.010898069038713,16.04359227615485,36.09808262134841,64.1743691046194,0.0088008985636787,0.0048970979887077
1.4895930031002909,0.0296752437711154,0.0191002851621127,215519553144.2232,7910.943485331077,0.0282947684579478,4.957018363567531,23.5015519551762,0.65,2.0,0.002,4,20.373378601087737,81.49351440435095,183.36040740978964,325.9740576174038,0.0003781495178945,0.0001670016470975
2.5814498054856605,0.0462241633336342,0.0101876128933607,205460762070.76837,7777.777983704526,0.0186541896660813,9.144109382091871,5.351183460110915,0.65,2.0,0.002,4,3.56296039479514,14.25184157918056,32.06664355315626,57.00736631672224,0.0101441209931366,0.0046106899910675
1.3190478677919588,0.0748596574572387,0.0133499286104336,180243696219.8727,7607.313816428114,0.0399934672258121,1.7031698984460577,21.639153898586745,0.65,2.0,0.002,4,16.935634066548733,67.74253626619493,152.42070659893858,270.97014506477973,6.384562095347729e-05,2.5897945009897395e-05
2.273841904715433,0.0421369869442119,0.0117509446276773,207286481293.6961,7918.531017283378,0.0207214357250764,8.745044837122844,3.133030135180068,0.65,2.0,0.002,4,5.272841062270547,21.091364249082183,47.45556956043493,84.36545699632875,0.0053516829248639,0.0026449790172126
1.0644758079492112,0.0219426765496391,0.0078175152605282,211179554453.30777,7958.668710745797,0.0107583033451013,8.469287821959593,25.137093789872957,0.65,2.0,0.002,4,16.11506721356507,64.46026885426028,145.0356049220856,257.8410754170411,0.0011641490434848,0.0004218139452212
2.594918235913307,0.0204496308882874,0.0168726962371976,195734811063.2523,7602.05400349991,0.0431178921023344,4.522869521614612,8.674200073323865,0.65,2.0,0.002,4,5.765473044513173,23.06189217805269,51.88925740061856,92.24756871221076,0.0024819408901403,0.0009700134084123
2.2865260317346974,0.0566077228366176,0.0165769243617793,207273848907.50775,7934.5900679829,0.0067114138521614,4.359884238255258,2.540617359544159,0.65,2.0,0.002,4,7.348368358294265,29.39347343317706,66.1353152246484,117.57389373270824,0.0004717433397602,0.0002569263647539
2.5230154956397937,0.07536434574951,0.0187502042674905,205975704684.30963,7971.295459244866,0.0237516846387108,0.1358008233709152,2.122593603388548,0.65,2.0,0.002,4,6.789518358947033,27.158073435788133,61.10566523052331,108.63229374315252,1.061376779902116e-05,5.941084750989372e-06
2.9738461696298155,0.0610995089088172,0.0074752615426923,198387091623.5013,7824.120934235913,0.014759478816001,7.351566186599957,2.645274290343911,0.65,2.0,0.002,4,1.9300011818066352,7.720004727226541,17.370010636259718,30.880018908906163,0.0398738543442968,0.0193344456866983
2.713150354298381,0.0637156185522739,0.0120743572095125,189782513731.4349,7890.806296507349,0.0434537090618988,4.05951718756816,5.119305864823061,0.65,2.0,0.002,4,3.6476482915112856,14.590593166045142,32.82883462360157,58.36237266418057,0.0029609620695083,0.0012727148104229
1.482488653426999,0.0501271746281715,0.0119986233398098,182962007765.26865,7957.792641936296,0.0091145910484679,9.766781628782134,3.0523617317491465,0.65,2.0,0.002,4,11.870310180161152,47.48124072064461,106.83279162145038,189.92496288257843,0.000532161659301,0.0003164141866889
1.6142625873240577,0.0565070221876254,0.009981517817615,197934310293.13837,7945.065650301236,0.0350674914586624,7.647778213076693,10.839255977141075,0.65,2.0,0.002,4,8.669404627686292,34.67761851074517,78.02464164917664,138.71047404298068,0.0020843999748689,0.0008837175148428
1.129162943543215,0.0434199274812668,0.019503341347379,192330394894.2975,7889.694417125477,0.0114782485249899,6.249344126196908,42.67478615818244,0.65,2.0,0.002,4,34.24671439102194,136.98685756408776,308.2204295191975,547.947430256351,8.51388500796019e-05,3.14993802778151e-05
2.575978935799019,0.0242541752084447,0.0116092410489267,214402151587.592,7745.104762138784,0.027670496237161,0.3136284003069694,2.519045586483005,0.65,2.0,0.002,4,4.173970635157786,16.695882540631143,37.56573571642007,66.78353016252457,0.0005530002599739,0.0002756155340809
1.7488578792026432,0.0384661466630943,0.0094692971224217,211728045653.00345,7858.368462200548,0.0109873854918951,7.109933626582047,10.947331409723402,0.65,2.0,0.002,4,7.287204582404571,29.148818329618283,65.58484124164114,116.59527331847312,0.0024656991064838,0.0010562274121061
2.840124168964926,0.0783403045742941,0.0187893933566918,190158503320.13623,7848.444372199953,0.0274863931267689,5.0108709586526485,5.04839192678106,0.65,2.0,0.002,4,5.1991630836693,20.7966523346772,46.79246775302369,83.18660933870879,0.0061986347412841,0.0032727835856221
1.4096441817202148,0.0516982269074474,0.018071820113594,196563242735.51303,7717.4295516299135,0.0230752402662976,1.033998928329591,35.56507520167912,0.65,2.0,0.002,4,20.8126298259712,83.2505193038848,187.3136684337408,333.0020772155392,1.2415645535411616e-05,3.902710543580185e-06
2.311745721965681,0.0365018624378151,0.0059742016881491,182197399567.9068,7832.690919183486,0.005977555506684,8.503041920047279,1.1728101935806323,0.65,2.0,0.002,4,2.444807118171444,9.779228472685777,22.003264063542996,39.1169138907431,0.0432333308374569,0.0246180355071106
2.5346925417017587,0.0700972624495925,0.0109650480570558,182672150543.8776,7793.589999386221,0.0245201664662773,2.05009158770509,6.793115306226371,0.65,2.0,0.002,4,3.746766365239871,14.987065460959483,33.720897287158834,59.94826184383793,0.0007802968325457,0.0003257699300882
2.819234823480291,0.0230537330301128,0.0110597257034477,211212746322.15344,7897.5258760712,0.0433230273846214,7.419964313319558,6.215373630858898,0.65,2.0,0.002,4,3.2630643658791265,13.052257463516506,29.367579292912144,52.20902985406602,0.0090458943344358,0.0037818763209831
1.1088400574195378,0.0695448674863492,0.016104034002208,203670471619.6728,7775.542866057995,0.0390709558971582,7.424592252361577,13.5848722800933,0.65,2.0,0.002,4,30.39658499400219,121.58633997600876,273.5692649460197,486.34535990403504,4.223112231194155e-05,2.3432788017959464e-05
2.830430197878341,0.0605464803169224,0.0116700444109834,204566031909.55252,7820.74672295118,0.0073199818617294,4.0047711952372005,4.669702277014037,0.65,2.0,0.002,4,3.378232334519333,13.512929338077331,30.404091010674,54.05171735230933,0.0046103832859453,0.0022418748057412
2.557211925529633,0.0627736654116463,0.0126499660891925,218683722855.61783,7614.485420583953,0.0074529616119596,4.330888603966869,2.2757995969494047,0.65,2.0,0.002,4,4.700814597379042,18.803258389516166,42.30733137641138,75.21303355806467,0.0016511792864608,0.0009257022340957
1.333164488894663,0.0690357461484762,0.0127367276114526,182381994987.21692,7919.370953916694,0.0404752185045134,4.872393473816455,23.640885265946515,0.65,2.0,0.002,4,15.594278242684217,62.37711297073687,140.34850418415795,249.50845188294747,0.0001365312809092,4.8002324428701405e-05
2.100128218531826,0.0787224691844642,0.01991084656699,211747924016.95715,7641.382426245333,0.0261053124947019,8.559678433754634,14.53951137818578,0.65,2.0,0.002,4,10.77583596873434,43.10334387493736,96.98252371860907,172.41337549974943,0.0004438478828589,0.0001699339407734
2.2671380318082504,0.0218750894666519,0.0194898430002693,216363824718.80203,7633.840578530601,0.044075909675925,3.3528550636276444,2.943026994253332,0.65,2.0,0.002,4,9.15382176184031,36.61528704736124,82.3843958565628,146.46114818944497,0.0004955194469216,0.0002813127791057
1.5546012238802476,0.0485297326112484,0.0055867976338042,181483893292.2453,7729.60922228964,0.0224305125836714,5.850359275035959,9.54452823042926,0.65,2.0,0.002,4,5.079189994519274,20.316759978077098,45.71270995067347,81.26703991230839,0.0031243094410912,0.0012790632603426
2.6198046610859262,0.0268092719030794,0.0104281694896296,196073274659.90125,7998.13056918576,0.0194439499363076,5.591862382635402,4.572051147987837,0.65,2.0,0.002,4,3.411257239970348,13.64502895988139,30.701315159733127,54.58011583952556,0.0162910536337031,0.0073189010958942
1.803659292700556,0.0655282238742321,0.0131350149612894,204157252513.9036,7664.45734549732,0.0208526992653704,6.255378858331343,2.3451148569167306,0.65,2.0,0.002,4,9.4491451190113,37.7965804760452,85.04230607110169,151.1863219041808,0.0003772450600904,0.000229710052579
2.8333901561707,0.0785947994074,0.009494703445281,187007415890.0424,7687.801660379338,0.0264988514908829,8.757605431220465,2.909676105565301,0.65,2.0,0.002,4,2.645003350935238,10.580013403740953,23.80503015841715,42.32005361496381,0.0433979762971134,0.0244041948048709
2.539153849382177,0.074245553091103,0.0165316370838296,210101551124.83347,7902.278528640165,0.0325642494796048,2.5533183220318736,11.028276352012956,0.65,2.0,0.002,4,5.995225841533201,23.980903366132804,53.95703257379881,95.9236134645312,0.0002196390052773,8.086361370951585e-05
2.209649116152318,0.0550139193140037,0.0088356763040281,188256971062.9283,7930.543276028543,0.0091725501954364,5.176946127889182,4.54580295435907,0.65,2.0,0.002,4,3.998034018485212,15.992136073940848,35.98230616636691,63.968544295763394,0.0157672728847553,0.0076199601951922
1.6859094258598444,0.038833522664886,0.0092581512593006,204933015285.8852,7713.450139058706,0.0462583767372975,2.8887050660245017,12.361420793738237,0.65,2.0,0.002,4,7.613190117909485,30.45276047163794,68.51871106118537,121.81104188655176,0.0007222048418288,0.0002531713796817
2.243710603631172,0.051193085460009,0.0190493601998407,186510875056.2421,7719.755239803903,0.0438069787443887,6.695405193254665,9.930773679080543,0.65,2.0,0.002,4,8.433857939114628,33.73543175645851,75.90472145203164,134.94172702583404,0.0014112565480866,0.0006748735900183
1.948832089785288,0.0353125339759449,0.0054686146848597,207616324351.15808,7774.035100339537,0.0237055186900505,2.574868864882238,3.94133449728296,0.65,2.0,0.002,4,3.3741565952532384,13.496626381012954,30.36740935727915,53.986505524051815,0.0207410197323242,0.0100707174259227
2.279381474927087,0.0772666720876254,0.0100978861023949,191236639044.2062,7750.69699210769,0.0410427092334752,1.2974928564607613,2.505260063075827,0.65,2.0,0.002,4,4.377648275139599,17.510593100558395,39.39883447625639,70.04237240223358,0.000666668365026,0.0003484530306883
2.918438894556096,0.0652885920855983,0.0068621357020121,192502288463.30756,7918.545980325256,0.0173816312182647,7.42668858028185,1.8899563821848508,0.65,2.0,0.002,4,1.8012855865987758,7.205142346395103,16.21157027938898,28.820569385580413,0.1578166464480942,0.0731832920449578
2.5361137686999604,0.0500142800163669,0.0082713797825406,195870880492.6128,7892.311603135761,0.0171991372076686,6.357142789482431,1.3564389157979475,0.65,2.0,0.002,4,2.905043087863918,11.620172351455672,26.145387790775263,46.48068940582269,0.0112987651441845,0.0062634440421649
1.43674261336339,0.0229988287355749,0.014805580734014,206768521305.90125,7866.105424683534,0.0303083359482562,3.489768527739302,10.59956482858264,0.65,2.0,0.002,4,16.67474051895429,66.69896207581716,150.0726646705886,266.79584830326866,0.0003337796498374,0.0001615158339762
2.965784297024693,0.054493910475678,0.0114464913414943,213490673606.36212,7899.829339509689,0.0106187768870462,6.003173872294374,3.884087138128263,0.65,2.0,0.002,4,3.0676309755911886,12.270523902364754,27.608678780320695,49.08209560945902,0.0130439238572134,0.006449826310722
1.867920365047091,0.0599170022515177,0.011635245032634,217304066413.5995,7705.886674752029,0.0256279975291077,4.987157492787013,12.137742267220617,0.65,2.0,0.002,4,8.029910254211192,32.11964101684477,72.26919228790074,128.47856406737907,0.0007180262457301,0.0002724417418258
1.6211848402347886,0.0329432196796662,0.0068914301024204,191619116594.57004,7861.826614634555,0.0166293572097089,8.84604528149623,3.812936768575799,0.65,2.0,0.002,4,5.869907095985839,23.47962838394336,52.829163863872544,93.91851353577344,0.0109171861133901,0.0053840464547093
1.8301250484728508,0.0497858712684936,0.008538756982943,212228669630.2505,7983.937771349957,0.0180876271236792,9.317767294706776,9.96685982812107,0.65,2.0,0.002,4,5.96013135738222,23.84052542952888,53.64118221643999,95.36210171811553,0.0031331110887704,0.0012239077306483
2.1299317016451584,0.0217047051503273,0.0136889635185544,216097208201.64093,7601.732027407256,0.0430386715480152,8.03909605158122,2.852315519967912,0.65,2.0,0.002,4,7.295192648038794,29.180770592155177,65.65673383234915,116.72308236862072,0.0029366321508793,0.0016092416109161
1.0555334279016355,0.0739746386816335,0.012847105882643,204419965671.35712,7846.422431368775,0.0284987226759253,7.715686669276596,48.86456208209068,0.65,2.0,0.002,4,26.68802199558611,106.75208798234443,240.19219796027497,427.00835192937774,4.462381961517304e-05,1.3609099868104491e-05
2.80200661759791,0.0389368138786109,0.0125759105629939,219822198826.67715,7782.412912959024,0.0332712769463081,9.956397479246302,3.323878644429226,0.65,2.0,0.002,4,3.860193009434888,15.440772037739553,34.74173708491399,61.76308815095821,0.0269694417846932,0.0143407790115
2.321757550213788,0.054973559309934,0.0129264299716509,208229595964.89352,7761.21482268046,0.0080945711484052,5.420799650893113,8.460850722457334,0.65,2.0,0.002,4,5.63223146811492,22.52892587245968,50.69008321303428,90.11570348983872,0.0016483457839739,0.0007755066587977
2.9584492674145597,0.0426286808213408,0.0157896880053623,215502843539.52173,7757.851955260033,0.0193609619869849,6.126537176092643,5.371207960152225,0.65,2.0,0.002,4,4.311519046131023,17.246076184524092,38.8036714151792,68.98430473809637,0.0064374410691141,0.0029268239289209
2.51993376740146,0.0276975955106672,0.0167125753177857,217540458358.44263,7891.349986298564,0.0248550236816251,8.779113573641858,7.202261849655946,0.65,2.0,0.002,4,6.265976276454346,25.063905105817383,56.39378648808911,100.25562042326952,0.0091286739174513,0.004394916325185
2.0705364240131736,0.0378216082579016,0.0132248220868629,207594410353.9693,7812.312941839007,0.0324335847271948,0.4833026727505536,9.992737790164872,0.65,2.0,0.002,4,7.210599174030748,28.842396696122997,64.89539256627674,115.36958678449196,0.0001531863827934,6.012439547595645e-05
2.0005921121017107,0.0412112102881526,0.0085190344866949,218357565486.62997,7785.351896253276,0.0467964941617547,1.7235972880417063,2.7103109967560357,0.65,2.0,0.002,4,5.111490102561448,20.445960410245792,46.00341092305303,81.78384164098317,0.0012278186284705,0.000698689103501
1.480947108190476,0.0451886336633471,0.0081683149165694,185143540365.0081,7751.999357805556,0.0309119722281657,3.663333487101572,10.725092569010489,0.65,2.0,0.002,4,8.253345938812869,33.013383755251475,74.28011344931582,132.0535350210059,0.0014993153767531,0.000618121608749
2.245253074180166,0.0655285202401179,0.010227612779757,185756521105.5282,7742.296242066968,0.0391169697709361,7.892109034506222,7.27296298277475,0.65,2.0,0.002,4,4.506195960371997,18.024783841487988,40.55576364334797,72.09913536595195,0.0031178988884938,0.0011871965095036
1.8650385360293156,0.067891819178032,0.0058011120641338,208833753371.2092,7635.291707381346,0.0431375472626189,2.098808084703183,6.023112440198359,0.65,2.0,0.002,4,3.955054019816217,15.820216079264869,35.59548617834596,63.28086431705948,0.0020847341893316,0.0008415004369225
2.534455566721051,0.029679630797481,0.0087875504015266,189414168271.6081,7736.896406385987,0.0268403864519982,8.14327680967145,4.206264956967372,0.65,2.0,0.002,4,3.0693792954977317,12.277517181990923,27.62441365947958,49.1100687279637,0.0293345155112546,0.0129401368231237
1.988345300928456,0.0569020013394367,0.0147592571225017,213222349434.46368,7709.355825533544,0.0100367659518973,1.9462190590440755,16.79320404105055,0.65,2.0,0.002,4,8.902612181056897,35.61044872422759,80.12350962951209,142.44179489691035,0.0001139892725496,4.69697841204735e-05
2.008285573720753,0.0352490698172743,0.0055888718228349,203405639176.87436,7760.498945924513,0.0225774616745673,9.968446679389952,1.290661183559883,0.65,2.0,0.002,4,3.216911688707397,12.867646754829588,28.95220519836657,51.47058701931835,0.0286160473179839,0.015671979545038
1.5535854879492914,0.0455811946834614,0.0081731484047574,215425550808.03183,7744.469324167076,0.0346086034022444,3.95156726838892,14.764390909050489,0.65,2.0,0.002,4,8.098435006878507,32.39374002751403,72.88591506190657,129.5749601100561,0.0006393297721467,0.0002211123799932
2.010306789717497,0.0340904097955538,0.0065862520619227,193532220984.11856,7926.292254220422,0.0222504257034728,7.747807479621893,6.006421792442152,0.65,2.0,0.002,4,3.651611130951943,14.60644452380777,32.86450017856749,58.42577809523108,0.0136327174374306,0.0057642176223673
2.9627907718033413,0.079569065165214,0.0167629588151438,186487351131.8417,7991.083782365248,0.0197516049350877,3.4028341339761825,6.012000262093302,0.65,2.0,0.002,4,4.183115090617266,16.732460362469062,37.6480358155554,66.92984144987625,0.0010905113631421,0.0004798204911465
2.010402739798092,0.0727423148581345,0.012985050906733,202019076883.1944,7727.599949230437,0.0377826929304859,0.5979522013583116,14.467731467293213,0.65,2.0,0.002,4,7.448702884032894,29.794811536131576,67.03832595629605,119.1792461445263,3.67366334965564e-05,1.3394446741135735e-05
1.5396806446488012,0.0433588203107579,0.0111605692422975,205361609925.92987,7720.14582093923,0.0172749715756628,3.670021206259743,15.807848669792834,0.65,2.0,0.002,4,11.010351354482989,44.04140541793195,99.09316219034687,176.1656216717278,0.0004905219965099,0.0001851003124333
2.104336129704012,0.0218555553016121,0.011245538827853,211974938886.02945,7610.904095523515,0.0330773710570928,1.6679586169895828,10.65400308282146,0.65,2.0,0.002,4,6.077198676643471,24.308794706573885,54.69478808979124,97.23517882629554,0.0008298760277662,0.0002992590341611
2.4668609115481184,0.0637624661904895,0.0165879657957232,211575834331.3695,7615.629892874849,0.0173000463496157,2.3741239273328647,9.495375551574002,0.65,2.0,0.002,4,6.514981313790299,26.0599252551612,58.634831824112695,104.2397010206448,0.0003971479770516,0.0001639292054915
1.508055452306378,0.0542813905176471,0.0075758317593984,217649302270.42972,7954.766990562916,0.0201613212251977,7.788962600356932,2.9384934188678296,0.65,2.0,0.002,4,7.901141896654095,31.60456758661638,71.11027706988685,126.41827034646552,0.0016866981736441,0.0009192700225132
1.1187257605178471,0.0618977836752923,0.015745052001944,200499214490.6811,7948.155042161017,0.0352596561240505,3.690380112784468,6.746020274312722,0.65,2.0,0.002,4,28.651624376711727,114.6064975068469,257.86461939040555,458.4259900273876,1.9610877552455555e-05,1.2484767621114724e-05
1.7310065964427146,0.0295843080573625,0.0098087609367485,218571305948.1643,7848.724553781255,0.0174880003745306,4.564061144904827,13.347289243374536,0.65,2.0,0.002,4,7.833268042214757,31.33307216885903,70.49941237993282,125.33228867543612,0.001265446971656,0.0004695255132782
2.217491267833892,0.0509340462345414,0.0137875134315325,206499812547.22644,7768.251215182709,0.0184446144462912,1.9201493784252008,12.39152092732376,0.65,2.0,0.002,4,6.555254630312757,26.22101852125103,58.99729167281482,104.88407408500412,0.0002344396485355,9.43843094143462e-05
2.3718443382578105,0.0451518947851579,0.0112535474983148,184911754010.9664,7720.739842119344,0.0249923174263252,8.649265172439236,8.063098756743384,0.65,2.0,0.002,4,4.439143000576335,17.75657200230534,39.95228700518702,71.02628800922136,0.0035564768683523,0.0014282620359306
1.3525429541060192,0.0695616934290087,0.016465214638164,186689064204.9069,7903.285468216382,0.0347422787987339,9.820019215926282,29.38263921457744,0.65,2.0,0.002,4,19.835818358315525,79.3432734332621,178.52236522483977,317.3730937330484,0.0001393574692762,4.963689748864706e-05
1.9698617114322663,0.0242581071737185,0.0186410231070946,210540089836.3256,7742.558425897994,0.0492767711255531,3.179971380005721,9.848641620736077,0.65,2.0,0.002,4,11.359328981924609,45.43731592769843,102.23396083732146,181.7492637107937,0.0009908310321085,0.0005486096343837
1.7033747979805856,0.0676998535793139,0.015827147191702,199083859292.87357,7909.852758983477,0.0484600274416686,2.0860130202919995,2.872950024955928,0.65,2.0,0.002,4,12.40924292294434,49.63697169177736,111.68318630649904,198.54788676710945,5.296688587033675e-05,3.4306820211267984e-05
2.349969852142096,0.0526014287628366,0.0050730195613609,188262538618.3108,7640.175869364246,0.0125440365808231,1.5589500592234358,2.731523362170505,0.65,2.0,0.002,4,2.067766461554873,8.271065846219493,18.60989815399386,33.08426338487797,0.0146393854268799,0.0069526056253408
2.181717794778666,0.0426435595407229,0.0176867067642439,213006419468.4613,7644.354822761531,0.0305278531885953,3.1255678756508853,10.437323151707174,0.65,2.0,0.002,4,8.894161461744208,35.57664584697683,80.04745315569788,142.30658338790732,0.0008677306918347,0.0003950104205712
1.0540246859637252,0.0656680642139189,0.0098431972376399,192953019143.5812,7825.895812435015,0.0269031904115944,1.3034442989601946,31.29576521056181,0.65,2.0,0.002,4,19.94906911424825,79.796276456993,179.54162202823426,319.185105827972,2.9552545603424105e-05,9.774293114070306e-06
1.0840200826087345,0.0570635494646731,0.0156601871434681,218876670432.95868,7658.305280095934,0.016080944841926,9.3311879925355,43.13294631185765,0.65,2.0,0.002,4,32.30613065669728,129.2245226267891,290.7551759102755,516.8980905071564,0.000101218776439,3.611813722681259e-05
1.808624231227344,0.0471093370059521,0.0180174558517095,218493434627.2055,7937.665855896093,0.0428745543538526,2.070249598459066,8.958058948862346,0.65,2.0,0.002,4,13.103847188017529,52.41538875207011,117.93462469215775,209.66155500828043,0.0001336548582316,6.890038619719714e-05
1.1160104076118251,0.0606120967405383,0.0092465155384565,182770608348.66724,7842.635565873457,0.0379493894358159,5.221114513782771,3.4155239302078257,0.65,2.0,0.002,4,16.251484193247663,65.00593677299065,146.26335773922895,260.0237470919626,0.0001405987966723,9.609689872171216e-05
2.5883984413059977,0.0505125685566491,0.0061279935811771,207230083921.91165,7799.740722347387,0.0142213910499915,8.789252493679314,1.5488175482115552,0.65,2.0,0.002,4,2.13782235837306,8.551289433492238,19.240401225357537,34.20515773396895,0.0777769844597884,0.0377539289870764
1.1751515266375,0.0470603149707326,0.0140171112236802,204305675167.1723,7636.914661300494,0.0487208727695596,1.3052882581032128,33.06219593421535,0.65,2.0,0.002,4,23.805717835123392,95.22287134049355,214.2514605161105,380.8914853619743,2.7311260787289265e-05,1.0209997586939631e-05
1.3479583887140243,0.0593130468827321,0.0199424733163688,206044244611.6739,7993.889408822559,0.0309653310015407,2.9047553339420595,44.72663520761689,0.65,2.0,0.002,4,25.26716277527423,101.06865110109692,227.40446497746805,404.2746044043877,1.617067339636871e-05,4.93304781511658e-06
2.4324959514386086,0.0700019723141431,0.016827787368355,203841355175.5764,7655.979394594977,0.0335954866654564,8.881886908011044,9.034539855368536,0.65,2.0,0.002,4,6.654229702434062,26.616918809736248,59.88806732190656,106.467675238945,0.0015231586096726,0.0006129206177071
2.124018349425736,0.0275938275274376,0.0162727934041909,200307079898.47116,7889.372547350915,0.0441212822095335,6.326585369911494,10.733542273504238,0.65,2.0,0.002,4,8.241414431084308,32.965657724337234,74.17272987975878,131.86263089734894,0.0019407950369984,0.0008215796549279
2.4953525309245634,0.0741518270653495,0.0089451445542432,216059025152.4537,7643.477850416301,0.0489957371478445,1.7320330684861407,2.352379889371856,0.65,2.0,0.002,4,3.463327003827533,13.853308015310132,31.169943034447797,55.41323206124053,0.0020667301549976,0.0010988544455319
1.452048487507959,0.061091317159028,0.0102567060715847,216794503274.64252,7683.022087660386,0.0207421782946403,9.324963411831224,21.002650149122108,0.65,2.0,0.002,4,11.717447570468403,46.86979028187361,105.45702813421563,187.47916112749445,0.000470619590398,0.0001599947724167
1.1517976819787143,0.0593930391197675,0.0118531641122726,207552563887.9665,7838.784282216221,0.0450163580037087,0.7631843114593676,17.288211584937272,0.65,2.0,0.002,4,20.847349430168286,83.38939772067314,187.62614487151455,333.5575908826926,3.8856562448653e-05,2.029463127327996e-05
2.1586716392882987,0.068517474710746,0.0196299930504965,205492769951.62253,7697.042049335561,0.0161530641463337,7.980273703157644,19.552361690411505,0.65,2.0,0.002,4,9.869895894673006,39.47958357869202,88.82906305205705,157.9183343147681,0.0001948903399643,7.692589531938359e-05
2.5659657573901837,0.0419526670286568,0.0144833213528704,209891461178.20508,7982.752147669098,0.024005847318001,6.517991723880247,4.637947639480852,0.65,2.0,0.002,4,5.114660020192039,20.45864008076816,46.03194018172835,81.83456032307262,0.0114469888426514,0.0062693739545863
2.2103537000061566,0.0446017828226187,0.0097469021362287,216645267516.40103,7737.304687232154,0.0156504155669158,9.102083024838675,7.384710901251405,0.65,2.0,0.002,4,4.786874741605566,19.147498966422265,43.081872674450096,76.58999586568906,0.0058141993757712,0.0024832836905917
1.454156219517421,0.0390771631312071,0.011189221541885,198180725113.41608,7639.071719348927,0.0070251184981833,9.959366563530656,17.10709962372242,0.65,2.0,0.002,4,12.221300122609644,48.88520049043858,109.9917011034868,195.5408019617543,0.0013903028095903,0.0005696175204608
2.8476330992044177,0.0776694853355446,0.01887779154122,200525162811.64062,7785.470705262996,0.0097342816991237,2.2393005927317238,7.362453317845982,0.65,2.0,0.002,4,5.357403744340953,21.42961497736381,48.21663369906858,85.71845990945525,0.0005001079280704,0.0002235184770044
2.393327199980275,0.0509943504933387,0.0160415164860892,182289926783.666,7770.144832094056,0.0485131360541639,0.6308331955929998,5.862291439030613,0.65,2.0,0.002,4,6.150880663376364,24.60352265350545,55.357925970387285,98.41409061402182,0.0006101835294527,0.0003726602830094
2.168455720122436,0.064107765651178,0.0094404929436503,194850105483.5311,7761.941985770613,0.0392006737284815,7.746294577978223,2.610265162865443,0.65,2.0,0.002,4,4.561292635179676,18.245170540718703,41.05163371661709,72.98068216287481,0.0047407876524138,0.0024620336818257
2.453950630351505,0.0679965096069527,0.0120438464510993,193903036406.91568,7908.385246941794,0.0349907260238261,2.0800630260882813,4.4166993272052215,0.65,2.0,0.002,4,4.490670788084414,17.962683152337657,40.41603709275974,71.85073260935063,0.0054349554443438,0.0027818919770985
2.6159027770499987,0.0702969894230448,0.0126429739275489,206473017242.7527,7802.00237229383,0.0354811732150103,8.648337400866009,2.7439653069093244,0.65,2.0,0.002,4,4.309867430199303,17.23946972079721,38.78880687179373,68.95787888318884,0.0047247321455992,0.0023903204650431
1.9413258803444575,0.0487415845028094,0.0056439255607471,187892126546.47263,7815.999726420717,0.0134199786637018,4.5904756172547545,2.3638299389779207,0.65,2.0,0.002,4,3.329474290151944,13.317897160607776,29.96526861136749,53.2715886424311,0.0179632217567049,0.0090809064403609
1.8245171929281505,0.0655785831383836,0.0084601868799178,216231674116.5704,7800.0838597253405,0.0390241916470783,8.512328894872148,12.122584180855368,0.65,2.0,0.002,4,6.067688952359284,24.270755809437137,54.609200571233565,97.08302323774856,0.0012627481055518,0.0004685300839499
1.1960635793203076,0.0656269286488559,0.0126335522732782,214662323529.00272,7988.363503830376,0.0153664524345597,9.293883607972155,29.24771157907615,0.65,2.0,0.002,4,20.75846360459736,83.03385441838942,186.82617244137623,332.1354176735577,0.0002132757756235,7.493757970209151e-05
1.7898670862570725,0.0528763970367869,0.0103236805701229,208916264078.59744,7752.265171080657,0.0222864973936359,6.208035168830365,2.347950375657727,0.65,2.0,0.002,4,7.585672072245974,30.342688288983897,68.27104865021377,121.3707531559356,0.0010309044325692,0.0005752200236892
1.1590111261847404,0.0650501800061877,0.0093940385975575,215572074030.6885,7904.82920841207,0.0364185610122972,2.8581999210711646,24.443996246422863,0.65,2.0,0.002,4,16.559849619569587,66.23939847827835,149.0386465761263,264.9575939131134,0.0001092717251091,3.963056053858534e-05
1.7418320362765185,0.034281699351421,0.0197130955570075,183124464519.70636,7887.955652722812,0.0265112554391596,8.183249811016559,8.313681254280775,0.65,2.0,0.002,4,14.195885472320514,56.783541889282056,127.76296925088462,227.13416755712825,0.000489029830752,0.0002386648015028
2.497623603768456,0.0358829130613644,0.0146308025063417,181520794848.21576,7678.756057556014,0.0469525751398889,7.418429441118321,3.1811560226008155,0.65,2.0,0.002,4,5.170840941584607,20.683363766338427,46.53756847426147,82.73345506535371,0.0044991478164261,0.0023109920929923
2.8616768623006146,0.0637597169903751,0.0160411107457547,218237456884.8672,7602.317607921251,0.0160018629517693,6.613942233307912,4.706104747498497,0.65,2.0,0.002,4,4.758982943972561,19.035931775890244,42.83084649575305,76.14372710356098,0.0198742278033074,0.0093691627199815
2.7860526771625094,0.0629595757990825,0.0152632140444883,219320729864.3224,7892.510041531482,0.0071196175512114,2.2606398607285065,6.333381764419131,0.65,2.0,0.002,4,4.700335641829107,18.80134256731643,42.30302077646196,75.20537026926571,0.0010634454936362,0.0004924420248082
1.110587805622516,0.0366164442183122,0.0138344011214514,185642394836.19745,7726.297125174988,0.0150861203859957,1.041511842740951,35.32642069814424,0.65,2.0,0.002,4,24.930827567524243,99.72331027009696,224.37744810771812,398.8932410803879,2.743591588198421e-05,9.495037735033485e-06
2.8248665909041453,0.0611679932071855,0.0053463971376174,185379072365.4517,7717.528227347122,0.0452997139290041,7.496154758275885,1.9527647195690685,0.65,2.0,0.002,4,1.4889695759138022,5.955878303655209,13.40072618322422,23.823513214620835,0.0965919496261933,0.0512162381039401
2.489541855633508,0.0692303566315162,0.016240292925485,191514195041.92612,7647.137560362333,0.0157252338212927,5.0784618761054965,6.597235465693948,0.65,2.0,0.002,4,5.946142065790144,23.784568263160576,53.515278592111294,95.1382730526423,0.0035363608620671,0.0016950327102522
2.31057130857186,0.0757937812814171,0.016511226542987,201551954847.1281,7818.008902870316,0.0432288966691133,8.253959701598983,3.7139150279922655,0.65,2.0,0.002,4,7.120578273680139,28.48231309472056,64.08520446312126,113.92925237888224,0.0008232577069793,0.000472551212001
2.519474456733035,0.0232651316302209,0.0050022804410758,185337963340.5357,7618.147729491775,0.0167189034992577,4.102253757301883,2.826162525763609,0.65,2.0,0.002,4,1.762523306208552,7.050093224834208,15.862709755876969,28.20037289933683,0.0671145817501205,0.0316856654314208
1.0348501054338186,0.0268637334440765,0.00907543620909,186394511036.37924,7892.86363980029,0.0097522155890555,8.673341639742794,11.167263005261676,0.65,2.0,0.002,4,18.67416215407099,74.69664861628397,168.06745938663892,298.78659446513586,0.0008957686223281,0.0004244604060277
1.2517553745366183,0.052430067977617,0.0122529998258904,206559981533.46252,7695.195546253795,0.0107296816993437,9.737095935969194,19.0738440088572,0.65,2.0,0.002,4,18.37155911993959,73.48623647975836,165.34403207945633,293.94494591903344,0.003008686415545,0.0015634676353911
2.3419750846051803,0.0499878479901585,0.0061243035174862,182807849470.23465,7879.824642063199,0.0381445402560803,1.1841270313440058,3.976301341588487,0.65,2.0,0.002,4,2.4387122652100355,9.754849060840142,21.94841038689032,39.01939624336057,0.0033639624238832,0.0014254090504232
1.7233492072541,0.0639675212323795,0.0166585187993192,211602090704.03516,7896.043192561715,0.0154230175059145,2.9619577375436874,24.959615468125456,0.65,2.0,0.002,4,13.166619324937644,52.666477299750575,118.4995739244388,210.6659091990023,5.813410637052563e-05,2.076992891140776e-05
1.4332668764117449,0.0615131055623541,0.015302743486497,201566731694.2799,7973.98312674634,0.0223436404148639,8.375043415566001,5.69359002123108,0.65,2.0,0.002,4,16.983069811553687,67.93227924621475,152.8476283039832,271.729116984859,0.0001628526792811,8.927470645477647e-05
2.132841301619289,0.0530545261094241,0.0174282038725817,208421310869.70712,7610.631105998917,0.0072256611715707,6.055428679314555,9.77446203182836,0.65,2.0,0.002,4,9.091290327859824,36.3651613114393,81.82161295073844,145.4606452457572,0.0034398243270017,0.0016246940405694
1.6948766511407063,0.0768936920682839,0.0074717514977599,213198943363.74188,7712.587428403238,0.0062895033059011,0.5005844903053919,6.03067973865771,0.65,2.0,0.002,4,6.2010888433742615,24.80435537349705,55.80979959036836,99.21742149398818,0.0021283137174565,0.001014369131594
2.833279720478911,0.0386829646561193,0.0149098822267569,219569409960.7097,7867.780317424777,0.0286292658135281,5.257107341820661,3.908425530451292,0.65,2.0,0.002,4,4.449224966696393,17.796899866785573,40.04302470026754,71.18759946714229,0.0102995866602541,0.0054672332275259
2.561530408671113,0.0561137759356065,0.009496492866636,186482936816.13,7649.3854082536,0.038362437895294,8.870039439130146,3.7457212182563855,0.65,2.0,0.002,4,3.240408383430148,12.96163353372059,29.163675450871327,51.84653413488236,0.0268345764956627,0.0140305466271016
1.2169511820232275,0.0277487267899548,0.0135995307328273,197973522685.0892,7844.773386330479,0.0062131781470145,7.07866570003703,36.18398963136376,0.65,2.0,0.002,4,20.91800282174569,83.67201128698277,188.2620253957112,334.68804514793106,0.0002073077197764,7.65399035365038e-05
2.601520458623603,0.0526920853293728,0.0153022013534877,183007001465.8884,7638.147495823428,0.0289310649672111,8.210352687836139,3.8630714677815057,0.65,2.0,0.002,4,5.0184373582746415,20.07374943309857,45.16593622447178,80.29499773239426,0.0055848410674783,0.0027734970824397
1.0642146547140603,0.0641254184408731,0.0194235685998428,194751726832.95087,7884.102047013315,0.0174411366880339,9.974808065143648,22.22497649307296,0.65,2.0,0.002,4,38.651321556230165,154.60528622492066,347.8618940060715,618.4211448996826,4.28124587187866e-05,2.082010892649405e-05
2.6183827101445605,0.048961706276129,0.0193231209038779,183355432128.94324,7846.377376959373,0.0373992866394491,6.249712951999575,7.12812701406156,0.65,2.0,0.002,4,6.178066385674916,24.712265542699665,55.60259747107424,98.84906217079866,0.002905302213721,0.00143501626634
2.4642563737494108,0.0289827186556723,0.015364025516491,208719087648.1951,7741.337542375971,0.0166181832400742,3.79309016992577,5.043014336281405,0.65,2.0,0.002,4,5.95710943630634,23.82843774522536,53.61398492675707,95.31375098090145,0.0050117478526574,0.0025009943083412
1.2454375878067674,0.05542187372079,0.0124510295819934,180105796859.4133,7677.15948587158,0.01190624680505,0.7020119557693832,33.61470466555612,0.65,2.0,0.002,4,17.630074423621473,70.52029769448589,158.67066981259327,282.0811907779436,1.217714604182828e-05,4.270911550767162e-06
1.4784866159266554,0.0727534521232813,0.0151088300669782,207475614152.33627,7869.312161115429,0.0355530951785927,7.496437078928729,22.62368214422942,0.65,2.0,0.002,4,16.093126999470837,64.37250799788335,144.83814299523755,257.4900319915334,0.000201993237906,7.388421025899821e-05
2.600050581050801,0.0253863519096059,0.006241014039077,194238264148.85425,7843.914040057268,0.0054194481418768,5.200233737596538,4.074995731876765,0.65,2.0,0.002,4,2.0831560354323058,8.332624141729223,18.748404318890756,33.33049656691689,0.0262848859161366,0.0144216776554116
1.428810765961844,0.0581166171427079,0.0135593181000446,197317440940.9255,7937.221393485832,0.0388885062084405,6.858799452803039,19.1902987086535,0.65,2.0,0.002,4,15.016411660398122,60.06564664159249,135.1477049435831,240.26258656636995,0.0003999765776783,0.0001623184711344
2.503022937040611,0.0702314724729723,0.0065534954180736,184921064307.5944,7637.061856509393,0.0078438050558363,7.498681811081718,0.7037634734851352,0.65,2.0,0.002,4,2.334009575422441,9.336038301689763,21.00608617880197,37.34415320675905,0.0158580476160951,0.0091942813953527
2.1767865605849974,0.0308170490421233,0.0156997523696053,209912242002.2094,7765.579429109454,0.0327566311985938,4.8970433554282495,6.244330572979457,0.65,2.0,0.002,4,7.811281913015964,31.245127652063857,70.30153721714369,124.98051060825544,0.0024930200945234,0.0012383609033594
2.395229129126605,0.0296822685515546,0.0196636432634544,187781427353.61887,7621.0854890222845,0.0429596106243679,2.102485758318504,1.8763833020480285,0.65,2.0,0.002,4,7.714663945065151,30.858655780260605,69.43197550558637,123.43462312104242,0.0002729984500836,0.0001718594371889
2.0428539061166635,0.0639693915476041,0.0083432113048431,217237986794.31567,7723.971917198087,0.0310014027911065,8.655714713475703,5.491362117657342,0.65,2.0,0.002,4,4.807678523625943,19.23071409450377,43.26910671263349,76.92285637801508,0.0133543494972795,0.0066101877484939
1.5112554879381794,0.063294754657931,0.0082459934492189,213161530230.0673,7687.646669633854,0.0363517713084234,7.855793509756361,4.656185054047855,0.65,2.0,0.002,4,8.620930915919471,34.483723663677885,77.58837824327526,137.93489465471154,0.0014256754720662,0.0007690298092366
2.731701522080451,0.0503404051659511,0.0114069902876525,198929245109.4644,7640.448167473175,0.0148815321947982,9.623965526135796,4.803703153487124,0.65,2.0,0.002,4,3.536907784354256,14.147631137417022,31.8321700591883,56.59052454966809,0.0130264518021947,0.0059732368360437
2.5350148319617967,0.0425881660643819,0.0107035337584895,197252731260.63165,7926.017929363237,0.0194376603172917,7.604558491452576,7.125452437811333,0.65,2.0,0.002,4,3.767726895326194,15.070907581304777,33.909542057935745,60.28363032521911,0.004230357707559,0.0019059119620497
1.297328290896428,0.041571130108705,0.0102221968930463,206986815536.74643,7832.313525955382,0.037224913402289,7.8610408751513905,19.829764442575165,0.65,2.0,0.002,4,14.157938700483934,56.631754801935735,127.42144830435542,226.5270192077429,0.0007154446708317,0.0002648835678382
1.282676185867316,0.0419258460139948,0.0114229205077524,217335762426.46912,7934.447813883528,0.0258840336960731,9.73245349872787,22.3445527205752,0.65,2.0,0.002,4,16.477054894861205,65.90821957944482,148.29349405375086,263.6328783177793,0.0006681492791052,0.0002462675040612
2.635568552509296,0.0588153057712152,0.0122081914514391,218891713648.55945,7754.668083631122,0.0130274686397946,5.816649034090665,1.9149715117669603,0.65,2.0,0.002,4,4.234137967837796,16.936551871351185,38.107241710540166,67.74620748540474,0.0028620151490434,0.0015906843710926
1.832661594925356,0.0482347156061223,0.016698453688278,200904862511.78387,7730.558889739064,0.0258459272316806,7.981714779195755,12.248149208043408,0.65,2.0,0.002,4,11.49292917121664,45.97171668486656,103.43636254094976,183.88686673946623,0.0025670960020299,0.0013969942145495
1.2831917771375494,0.046894736795261,0.0108885907376287,183201971345.8474,7902.132069117898,0.0245200562295166,4.746336648484973,6.803407233533783,0.65,2.0,0.002,4,14.43812249468401,57.75248997873604,129.9431024521561,231.00995991494412,0.0002678809339353,0.0001485423275899
1.425029982026401,0.0333894828629701,0.0101072217763106,198506126384.8708,7805.48509771588,0.0349045820978185,5.92636827359548,12.144428541194571,0.65,2.0,0.002,4,11.381514434818683,45.52605773927474,102.43362991336818,182.10423095709896,0.0039726592768914,0.0022800112050157
1.57044209560646,0.0481363295012179,0.0132569572154415,182543668114.39108,7886.26625426158,0.0097119664008641,1.7252114934048444,8.471811438759904,0.65,2.0,0.002,4,11.726729881347024,46.9069195253881,105.54056893212324,187.6276781015524,0.0002462075609287,0.0001146972841797
1.550809651068014,0.0281949091747171,0.0055613179512496,214094614319.6497,7837.354200558877,0.0070623271810345,1.6700152391580687,3.853866537056627,0.65,2.0,0.002,4,5.480347824997722,21.921391299990887,49.323130424979496,87.68556519996355,0.0042320996153204,0.0020407142047424
2.775321324403128,0.0668144058564078,0.0153550255696236,196285735908.06424,7736.423613686564,0.0375543356911404,1.0239320867443422,5.364892471467395,0.65,2.0,0.002,4,4.553312966954946,18.213251867819785,40.97981670259452,72.85300747127914,0.0007311245335456,0.0003615317196657
1.998001730817066,0.0504376226333379,0.0152661269762394,186806036326.3168,7860.991932362698,0.0116703935112646,7.275866659688846,7.608284309442919,0.65,2.0,0.002,4,8.453239653869549,33.812958615478195,76.07915688482595,135.25183446191278,0.0041217868443403,0.0020540247598184
2.303238374913164,0.0436565521500271,0.0172050211492032,203036771052.91064,7938.217857021602,0.0137197162184345,1.9313326380735325,7.38313882809631,0.65,2.0,0.002,4,7.4375950931287695,29.75038037251508,66.93835583815894,119.00152149006033,0.0043179574490741,0.0020657910077166
1.920485863799977,0.0296778535259871,0.0142056827285215,216232694341.37192,7896.10153548374,0.0144300663207258,2.460220921344781,11.000421324123916,0.65,2.0,0.002,4,9.139521379037372,36.55808551614949,82.25569241133636,146.23234206459796,0.0011101519823842,0.0004785365280657
2.224164509803792,0.0590097735126779,0.0165995001201409,193054320511.70303,7967.369493444768,0.037994207498094,8.06661502695375,11.217777264440675,0.65,2.0,0.002,4,7.489843344278208,29.959373377112836,67.40859009850388,119.83749350845132,0.0009035841875421,0.0003436756940336
1.4831988358057362,0.0635753310144239,0.0193201028746748,191411986583.33875,7679.35259437186,0.0060114127820458,6.698031859587066,23.48129688045758,0.65,2.0,0.002,4,19.8820974375094,79.5283897500376,178.9388769375846,318.1135590001504,0.0002697816367756,0.0001104004163812
2.7644320328031906,0.0587168916656646,0.0164460877859579,211360640038.2763,7768.183910500311,0.0409375060764035,9.381571203644128,2.595518648334711,0.65,2.0,0.002,4,5.090170538509816,20.360682154039264,45.81153484658834,81.44272861615705,0.002279880908747,0.0013450966025796
1.485557970921641,0.0525109292067,0.0148920091250821,219152346177.88165,7897.881317696954,0.0103158882625583,4.805801168694772,20.305718628005472,0.65,2.0,0.002,4,16.118369239758508,64.47347695903403,145.06532315782658,257.8939078361361,0.0003081337994417,0.0001210436746367
1.3017118268223309,0.0481421391802519,0.0098224236822983,217179325695.43307,7853.072652171066,0.0133217344255325,9.92415656222075,20.03690379874317,0.65,2.0,0.002,4,13.823169974918883,55.29267989967554,124.40852977426997,221.17071959870216,0.0008317764891701,0.0003101160124816
2.4732794677016834,0.052044437637449,0.0165426982476972,184555560506.0633,7761.904004051353,0.0227592382884791,3.582847854123381,8.708984247906818,0.65,2.0,0.002,4,5.979552059779578,23.91820823911831,53.8159685380162,95.67283295647324,0.0008395554752063,0.0003430555696498
2.4857712546071964,0.0641560068395113,0.0064972430938285,189404796969.63092,7955.59293641465,0.0124563564349923,5.256468032792443,1.4877104532129053,0.65,2.0,0.002,4,2.3264582185533165,9.305832874213266,20.93812396697985,37.22333149685306,0.0220964124859795,0.0116923951758531
2.148527997785232,0.051460111417352,0.0074372525734417,180531080387.2497,7857.915865254474,0.0397798474135642,4.93389980831658,4.327788033079232,0.65,2.0,0.002,4,3.5017251322216536,14.006900528886614,31.51552618999488,56.02760211554646,0.0125090102918455,0.0060235944058678
1.102659335954732,0.0509311024267339,0.0190373840429972,218365094663.64453,7736.688825613289,0.0127222748658452,4.26519558334812,29.170586707040464,0.65,2.0,0.002,4,37.71966713868108,150.87866855472433,339.47700424812973,603.5146742188973,4.691323318715962e-05,2.0665909682394306e-05
1.207079187408197,0.0362256237779656,0.0075326143735276,216993655535.02585,7918.113330322902,0.0365384255257656,7.656874328540475,15.735713237166944,0.65,2.0,0.002,4,12.272022032429714,49.088088129718855,110.44819829186744,196.35235251887545,0.0019300244930719,0.0007844634744805
1.4871371116111136,0.0642539696733978,0.0181883878522034,212586650643.23117,7924.709631296463,0.0258361984439989,8.217900483009851,27.87692940509673,0.65,2.0,0.002,4,19.31513522831204,77.26054091324815,173.83621705480834,309.0421636529926,0.000134806046803,4.808863988594581e-05
2.636997807753749,0.0335391435747029,0.0102812419195138,183003575225.32764,7768.299117928597,0.0350914949183719,8.397853637683022,3.9655184905354495,0.65,2.0,0.002,4,3.254034192962249,13.016136771848997,29.28630773666024,52.06454708739599,0.0301489550229128,0.0145740540217219
1.0267442662410826,0.0479238596062552,0.0176570748964275,217122303839.42276,7737.021881766575,0.0339096464674269,2.3455520398514524,48.61760310397511,0.65,2.0,0.002,4,40.23358642896794,160.93434571587176,362.10227786071147,643.737382863487,2.3665078590292543e-05,9.813670873854934e-06
2.615182878323685,0.0319767254740916,0.0128818797792425,211844684021.9349,7869.86767250231,0.0101984537154171,8.965857878142995,2.167908833984518,0.65,2.0,0.002,4,4.431282497280041,17.725129989120163,39.88154247552036,70.90051995648065,0.0069120582882405,0.0040626678576178
2.741129476605255,0.0407547687607203,0.0097436143354033,208075809571.81,7859.390775064026,0.0423431142810499,3.1618534567529326,0.6399361690094039,0.65,2.0,0.002,4,3.0255657498012267,12.102262999204909,27.23009174821104,48.40905199681963,0.0034642461400486,0.0023935730165892
2.312454130097019,0.0749010610758774,0.0073694652291863,192444111645.9587,7868.56818042555,0.0424947693032073,6.555483781308926,3.9048499803542014,0.65,2.0,0.002,4,3.090462170772042,12.361848683088168,27.81415953694838,49.44739473235267,0.0133698517806506,0.0064418250554569
1.3752845835772187,0.070654971183746,0.0142526631633311,203125630673.372,7810.276439678868,0.008461918456883,3.5419261521776413,22.90550422582128,0.65,2.0,0.002,4,17.425662024094425,69.7026480963777,156.8309582168498,278.8105923855108,0.0001267520393714,4.994432665343336e-05
1.7603912634882934,0.0757305011040339,0.0156255832600896,192040472534.3067,7637.966879551776,0.041690807814576,4.6347881440806535,3.793005384586863,0.65,2.0,0.002,4,11.464485774654596,45.85794309861838,103.18037197189136,183.4317723944735,0.0001598256428474,8.885040893301387e-05
1.2024121805408885,0.0398875999228446,0.0191186261504078,195204359307.3335,7910.935321618613,0.0257766772100042,4.551036874689112,50.13398974216898,0.65,2.0,0.002,4,29.78585287899249,119.14341151596996,268.07267591093245,476.57364606387983,3.2522154765434895e-05,1.0094378386957426e-05
1.9066387379560137,0.0203359663318544,0.0166887966883974,219866681525.6807,7811.476348040836,0.0224716412755603,3.988243742889913,4.118776401808763,0.65,2.0,0.002,4,11.044106923519584,44.176427694078335,99.39696231167626,176.70571077631334,0.0005446451846958,0.0002937909062825
1.685220762323805,0.0353479379513404,0.0107482983470938,218074731992.6981,7640.482450976096,0.0240476948899597,4.62520457891507,6.460259431340094,0.65,2.0,0.002,4,9.16848644280532,36.67394577122128,82.51637798524789,146.69578308488514,0.0016572562632382,0.0007959446112705
2.9699614815233364,0.0461362595985427,0.0184516122902806,219120818290.9869,7814.31698398956,0.0378498006543656,5.765243190717962,1.8324787979558,0.65,2.0,0.002,4,5.022942993891003,20.09177197556401,45.20648694501904,80.36708790225605,0.0014766487789907,0.0008055565087569
1.55448198755502,0.0386659543935403,0.0127766257298372,213816263877.36365,7650.490014096238,0.0376582132097547,9.957174812451552,19.64023764568542,0.65,2.0,0.002,4,12.675052911162418,50.70021164464967,114.07547620046176,202.80084657859868,0.0007484293602221,0.0002598364705649
1.0617856740720644,0.0437861741218887,0.0191772243150615,182035229381.8006,7899.882300417855,0.0165925677281916,8.679427438321357,57.12849263491165,0.65,2.0,0.002,4,37.02616154720987,148.10464618883947,333.2354539248888,592.4185847553579,4.539577467784582e-05,1.5092198392261694e-05
1.018982983819165,0.0551869858986199,0.0128815083577234,212475087114.5241,7674.801850522655,0.0416930570531303,0.2513077415300794,37.211270309751846,0.65,2.0,0.002,4,29.599374422080224,118.3974976883209,266.3943697987221,473.5899907532836,4.492482526018127e-06,1.8543498189288e-06
2.266399529229881,0.0521285631639725,0.0075323280840133,186604868370.40973,7924.079048501591,0.0056950319946953,7.493730259068426,4.900873602320454,0.65,2.0,0.002,4,3.226804284790355,12.90721713916142,29.0412385631132,51.62886855664568,0.0121205118385258,0.0060091934989131
1.9153494171486127,0.0448886405068904,0.009482781261121,187977114917.61432,7932.174777859386,0.0092845116926044,9.031064461181291,1.4175574383443856,0.65,2.0,0.002,4,5.705915180794491,22.82366072317796,51.353236627150416,91.29464289271183,0.0029521217238265,0.0018331384508901
2.822538806720168,0.0351231460639508,0.0170719580394516,180610015074.3395,7814.092590507617,0.0376615708997881,8.405495792092594,8.007248518428376,0.65,2.0,0.002,4,4.671586376101312,18.68634550440525,42.0442773849118,74.74538201762098,0.0029630411412214,0.0011096074477244
1.1429432159031718,0.0335304647261441,0.0177849272705706,200633899738.88684,7922.761032523685,0.0216311990421286,5.945386636783942,39.47090846625006,0.65,2.0,0.002,4,31.06675683239793,124.26702732959173,279.6008114915814,497.0681093183669,0.0001209622898994,4.4946549013878806e-05
2.0747258503739987,0.0392038456657928,0.0121817961987225,214600426167.80783,7697.639792581943,0.040606685290507,2.713091681853363,3.635213985876463,0.65,2.0,0.002,4,6.775723027362096,27.102892109448383,60.98150724625887,108.41156843779352,0.000849829110275,0.0004661987689145
2.299359952737309,0.0445710597848759,0.0054248102528631,212071066731.7207,7650.282881522577,0.0176354367871867,9.473150975232912,1.82093775307171,0.65,2.0,0.002,4,2.449637621685901,9.798550486743606,22.046738595173117,39.19420194697442,0.0868096856088681,0.0421973840555293
1.4078017745390727,0.0518370003473896,0.0108716132612387,195294126283.54703,7823.995279874487,0.0098667796544727,2.2316048959288923,5.833595744407921,0.65,2.0,0.002,4,12.427121172712832,49.70848469085133,111.8440905544155,198.8339387634053,0.0001658394444779,8.785437622887953e-05
1.6334561063554636,0.0662919570606049,0.0067189154064502,202248522676.76968,7837.471145176662,0.0059946844874029,0.4562585374199364,4.378432641594332,0.65,2.0,0.002,4,5.800536864260247,23.202147457040983,52.20483177834222,92.80858982816396,0.0004315250552923,0.0002191158299546
2.401641719484439,0.0779521926538694,0.0176934546627978,212685255928.64624,7890.252916120004,0.034073565896537,8.879934702012381,9.4182908159854,0.65,2.0,0.002,4,7.221853646787959,28.887414587151834,64.99668282109162,115.54965834860734,0.0012066992975576,0.0005070415285587
1.3094203114385323,0.0221000306586607,0.0072429626840104,205386234084.3484,7890.574950741974,0.0278166498702733,9.5214899319812,15.397144393365112,0.65,2.0,0.002,4,9.772792917003962,39.091171668015846,87.95513625303566,156.3646866720634,0.0035761303194013,0.0012615519001837
2.305890343439,0.0764453954946457,0.0123804786995876,183095258547.3526,7791.73254421014,0.0404507474111814,3.6502268704561462,1.2733324285432992,0.65,2.0,0.002,4,5.1181253803763305,20.47250152150532,46.06312842338698,81.89000608602129,0.0006605848783471,0.0004075323336527
1.146005385141127,0.0568773307889936,0.0125041349853366,189521466389.25937,7717.10791798361,0.0226439229740634,5.0056564360128055,19.30822834454416,0.65,2.0,0.002,4,21.394961423461798,85.57984569384718,192.55465281115613,342.3193827753887,0.0004353651256983,0.0002180550973415
2.959148927963364,0.0522274106659252,0.0134311494736597,180311763614.72247,7672.73631265418,0.021047988281901,9.66320935093581,1.7378796293940533,0.65,2.0,0.002,4,3.3716748358278084,13.486699343311232,30.34507352245028,53.94679737324493,0.0080156505942585,0.0046062703962297
1.7923308342873234,0.0338174325687521,0.0074694542479732,201341968320.20023,7887.87584530403,0.0269235380650004,8.225944303434925,9.861542869174665,0.65,2.0,0.002,4,5.326830710504385,21.30732284201754,47.94147639453946,85.22929136807016,0.0043457633238912,0.0016874864650839
2.998245992343984,0.0346283929076643,0.0120931500283792,216406654585.62036,7641.231856610639,0.0467712453900287,4.932740386161584,5.867589291307604,0.65,2.0,0.002,4,3.2462935433702147,12.98517417348086,29.21664189033193,51.94069669392344,0.0044449357723057,0.0017671292364727
2.8810601453440654,0.0424717720481029,0.0118213559121033,192603189121.94443,7651.620982636147,0.0301567461049817,1.943432000010042,0.9944729578764075,0.65,2.0,0.002,4,3.240014171684714,12.960056686738856,29.160127545162428,51.84022674695542,0.0019239598746545,0.0011008892546241
1.0703519643688395,0.0294514004790487,0.0080872968951951,219029440975.58643,7687.481690460654,0.0282090054329623,9.368151623237942,33.47042964683289,0.65,2.0,0.002,4,17.085929899510692,68.34371959804277,153.77336909559622,273.37487839217107,0.0004305936302315,0.0001441188595361
1.7971432007282622,0.028320738715334,0.0060279145722846,216260455337.808,7796.572588815605,0.0090224920783415,7.195019054808706,1.4866142002249505,0.65,2.0,0.002,4,4.457256919003365,17.82902767601346,40.11531227103029,71.31611070405384,0.011602629751326,0.0064560835647392
1.102058346023468,0.0548074479583633,0.0075916808810904,208651469511.41736,7616.877386495187,0.007694417257245,2.918425382271818,14.67346235925286,0.65,2.0,0.002,4,14.834751096270834,59.339004385083335,133.5127598664375,237.3560175403333,0.0050841855205102,0.0026251558177162
1.883142230264516,0.0639004741844133,0.0179102970711478,210740003989.3789,7605.103000782757,0.0109172081774508,1.160711846308026,3.1017306383420973,0.65,2.0,0.002,4,12.055541981379564,48.22216792551826,108.49987783241608,192.88867170207303,3.367701197610781e-05,2.0079019601291197e-05
2.6552760834974323,0.0520772500986024,0.0118535432403798,198402440997.75684,7911.9794376654545,0.0198488798635241,9.355026289892272,6.581090017476703,0.65,2.0,0.002,4,3.817587548104374,15.270350192417496,34.35828793293937,61.08140076966998,0.0049040845730832,0.0020601946587786
1.0894070487329806,0.045104701829305,0.0195197404604112,191005751883.2304,7811.820173892182,0.02920161067867,2.67945744815526,59.10331353239224,0.65,2.0,0.002,4,36.87822716060856,147.51290864243424,331.90404444547704,590.051634569737,1.2224849018589743e-05,3.879211606465356e-06
2.0506871314791866,0.0276586587576111,0.0148906200976788,210550714352.71906,7849.412988714344,0.0299647075886013,3.499451700230052,11.239705733777631,0.65,2.0,0.002,4,8.31578007609287,33.26312030437148,74.84202068483586,133.05248121748593,0.0011045544767977,0.0004348566095651
1.6880743365183075,0.0511535662572977,0.0093870155720984,211964297937.5976,7799.311663484132,0.0466628980494852,6.264644309124833,8.76654368127682,0.65,2.0,0.002,4,7.787120198765861,31.148480795063445,70.08408178889275,124.59392318025378,0.003852290249873,0.0020311752313443
1.8502930709794407,0.0289112242903447,0.0199715196644835,217329154178.47095,7993.043550513085,0.0114753314466565,4.970052800697646,24.998544373379573,0.65,2.0,0.002,4,13.793110853926262,55.17244341570505,124.13799768533636,220.6897736628202,0.0001875748009297,6.77025727184053e-05
1.6229401015819456,0.0255984382349416,0.0164855193602294,208200719189.2792,7953.471901313776,0.0451433635446705,2.8574052673576174,19.667700213966487,0.65,2.0,0.002,4,14.520769846482008,58.08307938592803,130.68692861833807,232.3323175437121,0.0002645759240357,0.0001025048179677
1.6990921380451192,0.0240871148415037,0.0082980565692482,187795302032.9953,7894.122673403157,0.0362510504797916,5.427623707663704,5.700464086023267,0.65,2.0,0.002,4,6.357146367377636,25.428585469510544,57.21431730639873,101.71434187804218,0.0155967597498348,0.0086141372211264
2.6464368378280865,0.0241113164121931,0.0103534150397813,200994559379.6268,7830.782813032914,0.0094582199333167,5.4327166215615375,4.747313267556651,0.65,2.0,0.002,4,3.396091423977554,13.584365695910217,30.56482281579799,54.33746278364087,0.0166748687775765,0.0080556357609276
2.571455321619527,0.0644719982444184,0.0198312427586344,210944610048.3746,7713.429812280825,0.005687257960748,9.6848449293399,10.58898373300678,0.65,2.0,0.002,4,7.111834955558445,28.44733982223378,64.00651460002601,113.78935928893512,0.0010679480654766,0.0005024976191501
1.0606544573722343,0.0410594092443626,0.0189416603215656,203055206683.0175,7930.705374138406,0.0267581343380165,1.062678156319118,20.725860482659467,0.65,2.0,0.002,4,38.63230421571884,154.52921686287536,347.69073794146954,618.1168674515014,6.308862614316271e-06,3.307271728686822e-06
2.044211278059503,0.0783410919763992,0.0120502628376594,216577046225.30536,7784.623063425022,0.0098394485393722,2.378513663231808,6.438589795248189,0.65,2.0,0.002,4,6.897022338888859,27.58808935555544,62.07320104999973,110.35235742222174,0.0023992584147886,0.0012848521686615
1.6302016506578327,0.0732810460690628,0.008764490048997,205697861424.0387,7730.653485168495,0.0478155150358068,1.9772867685226625,11.59483852121776,0.65,2.0,0.002,4,7.714007093366843,30.85602837346737,69.4260638403016,123.42411349386948,0.0003167992653014,0.0001195207023838
1.903916274623004,0.0584189895112951,0.005340612190257,211772943350.4422,7862.993469236644,0.0126522063971512,6.393398886034976,4.434572013262396,0.65,2.0,0.002,4,3.467096129652519,13.868384518610076,31.20386516687267,55.47353807444031,0.0206684913641279,0.009867759563583
1.6255199194021426,0.0736984816448344,0.0167077122380946,200845311329.4355,7633.073836966544,0.0248279683266049,3.365520217416193,9.889437578220743,0.65,2.0,0.002,4,14.707632386075552,58.83052954430221,132.36869147467996,235.32211817720884,0.0001272173621412,6.271057543115105e-05
1.499340757867653,0.0283699308777313,0.0179084533291044,189055901616.45337,7801.271410689955,0.0495892615100992,0.2201949191282312,21.36909244839271,0.65,2.0,0.002,4,17.782755826481736,71.13102330592694,160.04480243833564,284.5240932237078,1.7438756555676252e-05,7.981379674269124e-06
1.6424895163303934,0.036429151092539,0.0090168757931757,182023816720.89423,7712.430009936153,0.0061542912636052,7.905235462436891,4.864431400619983,0.65,2.0,0.002,4,7.362895204204964,29.451580816819856,66.26605683784467,117.80632326727942,0.0045887669017338,0.0023275207406137
1.404492876067226,0.0680464421074609,0.0078166181114231,219617843888.92004,7613.105907955924,0.0298938766630122,1.7633664607909614,9.017245895992357,0.65,2.0,0.002,4,9.650769505442597,38.60307802177038,86.85692554898336,154.41231208708152,0.0012074015802079,0.0006917753851996
2.7234467341070205,0.0743778079727157,0.0121855107777378,186821657494.28403,7730.752133743018,0.0181603182641766,7.199624992253428,0.9016648058099004,0.65,2.0,0.002,4,3.662165414110892,14.648661656443569,32.959488726998025,58.59464662577427,0.0027142149352605,0.0017035847460291
1.6657335012326815,0.0592018571961819,0.0132420162400991,183855739498.8018,7949.596635709418,0.0280675961624132,4.786274030654907,5.79885595042219,0.65,2.0,0.002,4,10.407307314878222,41.62922925951289,93.66576583390402,166.51691703805156,0.0004157761448198,0.0002120497604796
1.81103805891674,0.0336253298873714,0.0063450164051925,201852837722.98117,7694.804693834098,0.0135670222221768,7.889271512559896,7.449960224148397,0.65,2.0,0.002,4,4.4928868167864495,17.971547267145798,40.43598135107805,71.88618906858319,0.0099905693181641,0.0043064444206123
1.523857287544809,0.0397042139424546,0.0053592800074448,194902078201.9472,7870.030986493877,0.0483377545062724,7.427876335649085,2.1477274585994874,0.65,2.0,0.002,4,5.2079538069921245,20.831815227968494,46.871584262929126,83.32726091187399,0.0072687031445189,0.0040582088771156
2.8513428273026875,0.0219835848983595,0.0169610618586062,185583768737.2907,7608.273675096866,0.0209601606781523,8.654158624883987,1.245054248916886,0.65,2.0,0.002,4,4.672080848611257,18.688323394445028,42.04872763750132,74.75329357778011,0.0051924179742602,0.003100420432402
2.625518676147069,0.0304280650979852,0.0088270738790707,189406708349.33105,7675.64973553108,0.0486700929294576,1.7436789016144398,4.453759256980328,0.65,2.0,0.002,4,2.8844027161717034,11.537610864686814,25.959624445545334,46.150443458747255,0.0045422624894012,0.0018949539419735
2.778826239175164,0.0730450008633889,0.0140425275979847,206317921800.938,7918.580282276104,0.0375248731379556,2.3265246736570497,4.655550521176246,0.65,2.0,0.002,4,4.209171034864484,16.836684139457937,37.88253931378036,67.34673655783175,0.0027360642111205,0.0015348992054812
2.633137526847821,0.0263166847912474,0.0059983828543276,203777346550.2581,7658.469297677079,0.0421098885705353,3.172313271848337,0.9287677372555698,0.65,2.0,0.002,4,2.0235936789845765,8.094374715938306,18.21234311086119,32.377498863753225,0.0295888854422546,0.0172053302848601
2.3621639238679606,0.0367619355769098,0.0135397071261711,189610349839.563,7978.526170947181,0.0437076570357125,2.951623635824945,6.178600753234512,0.65,2.0,0.002,4,5.363992256227234,21.45596902490893,48.27593030604511,85.82387609963574,0.0032669997678759,0.0016725711986931
1.601715495734091,0.0454611236572857,0.012096950689228,191658897122.66956,7916.180169258011,0.0150459865018275,6.995521401661219,18.234148187462104,0.65,2.0,0.002,4,10.520613532113885,42.08245412845554,94.68552178902496,168.32981651382215,0.0005402769829463,0.000194139954703
2.442108737532978,0.0708629332457205,0.0127171001219633,201597009763.75156,7734.744205090951,0.0157308439489804,7.576797494738303,8.533536393423306,0.65,2.0,0.002,4,4.936355342111757,19.74542136844703,44.42719807900582,78.98168547378812,0.001672266812183,0.0006887768783771
1.9293592757146591,0.042074260413309,0.0082878382471794,188335173657.4006,7900.596324228558,0.0103509656615282,0.9512252660983568,2.550017134215092,0.65,2.0,0.002,4,4.929241406459813,19.71696562583925,44.36317265813832,78.867862503357,0.0007584516664074,0.0004228120750015
1.958036914627845,0.0354382858994818,0.0050524247166402,218669502986.88303,7945.539424740737,0.0281164378311467,2.6161076523781674,4.537273402461995,0.65,2.0,0.002,4,3.1348716910199985,12.539486764079994,28.213845219179987,50.157947056319976,0.0104982260540718,0.0047591467786484
1.4555670149430715,0.0441015215211752,0.0169434885749723,185318436078.74725,7923.243797206486,0.0208667849328878,1.342486620400633,6.006159213989484,0.65,2.0,0.002,4,17.53781485866707,70.15125943466828,157.84033372800363,280.6050377386731,3.137900153273814e-05,1.7047055997304566e-05
1.0783917823665603,0.0749078269538639,0.0136210756696135,200152112187.38077,7604.234138411112,0.0453947994695347,5.484515657811405,45.92096061551724,0.65,2.0,0.002,4,27.24832863465812,108.99331453863248,245.23495771192307,435.9732581545299,3.424701023730339e-05,1.0958465632182996e-05
2.8897755083899126,0.0585467647040903,0.0133523480329625,206322930196.14688,7651.44818959072,0.0453667568610912,2.1650971247788395,5.291372283136404,0.65,2.0,0.002,4,3.76496214085917,15.05984856343668,33.88465926773254,60.23939425374672,0.0014849253270633,0.0006317579002018
1.998668390693874,0.0224576992315402,0.0131417398496958,187373361116.46048,7890.615692572748,0.0440731170088095,7.609605325427543,2.2833404888543725,0.65,2.0,0.002,4,7.269409083618949,29.077636334475795,65.42468175257054,116.31054533790318,0.0024630875222463,0.0013908075315968
1.9854339318062173,0.0307300285013249,0.0163837354518134,194137897544.88428,7986.564241995917,0.0167958151451158,8.239259483622131,10.118446987698412,0.65,2.0,0.002,4,9.29194151068085,37.1677660427234,83.62747359612766,148.6710641708936,0.0058320532662017,0.0028838134141435
1.7419665838234155,0.0786699806393431,0.0179224507748592,200096423316.5896,7934.581048105099,0.0117090220784374,5.341505166314771,13.588094498938776,0.65,2.0,0.002,4,13.449454606952914,53.797818427811656,121.04509146257624,215.19127371124665,0.0024976053704751,0.0013273851018491
1.6867083686007096,0.0739394825860782,0.0111688302391485,206821463877.8702,7954.910421696738,0.0441893267767316,0.1881818128508298,4.400363072970318,0.65,2.0,0.002,4,9.076890611484634,36.30756244593854,81.6920155033617,145.23024978375415,1.620374386769539e-05,9.330983087318127e-06
2.6569575851939047,0.05845982062088,0.0122258633091181,204740499112.80023,7610.321044182867,0.0169300628223976,1.6615992209415984,3.8457399581567153,0.65,2.0,0.002,4,4.073239405927465,16.29295762370986,36.65915465334718,65.17183049483944,0.0064735927516863,0.0034001906531158
2.4782273038607165,0.0483416639908385,0.0103219037306276,212001361079.26584,7608.788717301408,0.029326807769185,0.8309147663541792,2.648319443429016,0.65,2.0,0.002,4,4.022706483479547,16.09082593391819,36.204358351315925,64.36330373567276,0.0010048625053866,0.000520128244851
2.6864220553168074,0.0495885670141395,0.0141264827909226,217071445206.963,7767.28490092324,0.014912887461829,1.0007053507875483,5.921448101923655,0.65,2.0,0.002,4,4.6922543038766005,18.7690172155064,42.23028873488941,75.07606886202561,0.0008313718528337,0.0003770547750636
2.4603270041107206,0.0792915272598311,0.0122302965005935,194849621197.65735,7842.333181789885,0.0412114022441452,2.4784947383752605,2.974156597865888,0.65,2.0,0.002,4,4.566754982643843,18.267019930575373,41.10079484379459,73.06807972230149,0.0011108688575502,0.0005709692104121
2.0919843087833403,0.0403612728275369,0.0169450432119032,182216632429.8316,7910.977797912318,0.0340714736741744,5.12145399916664,14.91673360964285,0.65,2.0,0.002,4,8.426243681085898,33.70497472434359,75.83619312977308,134.81989889737437,0.0004443289433247,0.0001519991867831
1.2948519069711717,0.0364057821276003,0.0096249980592926,185091047933.1616,7820.095876763303,0.0367262688435886,0.792323151620926,13.500267354236122,0.65,2.0,0.002,4,12.664159494823982,50.65663797929593,113.97743545341584,202.6265519171837,0.000404243834014,0.0002346835409013
2.3597568145058907,0.0409513780940107,0.0084758582377163,182263296146.3536,7711.035046683986,0.0111581909981015,3.7553252996426494,4.914765439889765,0.65,2.0,0.002,4,3.355611793031198,13.422447172124793,30.200506137280783,53.68978868849917,0.0071766264924227,0.0033680101139154
2.552358218006829,0.0509585382807038,0.0182348122364908,217277251117.1049,7852.285323014141,0.0067282880843442,7.782060510087291,12.054302633958232,0.65,2.0,0.002,4,6.676615858276057,26.70646343310423,60.08954272448452,106.82585373241692,0.0008147429958021,0.0003719495870194
2.8334980043197877,0.0360231801042598,0.0191165390038178,191068529709.83505,7967.550737098616,0.047094598671688,5.097835897300648,10.10378640739023,0.65,2.0,0.002,4,5.287189313196835,21.14875725278734,47.58470381877152,84.59502901114936,0.0008510663235001,0.0003199042602136
2.9287517141274875,0.0507341797364778,0.0085274973349015,186953167098.81024,7979.409407339061,0.0450872871218065,7.435280432298288,2.441565674932948,0.65,2.0,0.002,4,2.1820604309082245,8.728241723632898,19.63854387817402,34.91296689453159,0.0662031191080927,0.037934408034291
2.182155233907671,0.0573077716280011,0.0153013093781218,216207710248.5385,7718.016056198615,0.0346441545143049,5.641256173199152,5.787940821514893,0.65,2.0,0.002,4,7.71204075245463,30.84816300981852,69.40836677209167,123.39265203927408,0.001351805240077,0.0006693711842607
2.3217138382250124,0.0313801275238955,0.0144904022499293,208532896782.62903,7693.323950745675,0.0109824579521683,4.391921222058171,6.11629020752236,0.65,2.0,0.002,4,6.346329162279018,25.38531664911607,57.11696246051116,101.54126659646428,0.0168112044610259,0.0089225704007641
1.4920422276595946,0.0229772795894167,0.0130279844369517,200547081982.39404,7861.444703740197,0.0145817933417165,1.8784692813883783,26.273165401355584,0.65,2.0,0.002,4,13.402976229695534,53.61190491878214,120.6267860672598,214.44761967512852,0.0001140792576886,4.237938450033172e-05
1.5280570522154666,0.0656134895238216,0.018912360095089,183172762109.4845,7817.744780866843,0.0293180908252641,2.9357334508269117,14.489404378548263,0.65,2.0,0.002,4,17.778108248738675,71.1124329949547,160.00297423864808,284.4497319798188,0.0001205380705497,5.859777806250914e-05
1.9461694793376028,0.0729062260581345,0.0116591487028677,199104561098.4625,7853.181007085956,0.0147155629723528,2.251825613315323,7.855553497584021,0.65,2.0,0.002,4,7.02833706394532,28.11334825578128,63.25503357550788,112.45339302312512,0.0013760770703959,0.0006672409254695
1.7020376562876147,0.033269979180335,0.0089633826793945,215614313667.0524,7750.957837332103,0.0132201929637348,3.70896911834973,9.701698752789476,0.65,2.0,0.002,4,7.399867965888017,29.59947186355207,66.59881169299216,118.39788745420827,0.0024793302203398,0.0010659304967179
2.2830060277597752,0.0704066021806726,0.016803222521204,180397532901.36984,7780.882186484881,0.0101906025965848,1.6129685669996003,10.356549986908275,0.65,2.0,0.002,4,7.038961560929865,28.15584624371946,63.35065404836879,112.62338497487784,0.0002007796018195,8.757352303218927e-05
1.8519841971473845,0.0341462703784375,0.0091053307843787,181811409003.66547,7815.967524240364,0.0423896397755144,7.714205897493944,5.736352283546463,0.65,2.0,0.002,4,5.805900942125997,23.223603768503988,52.25310847913397,92.89441507401597,0.0300820164333287,0.0165755868114872
1.436298369122063,0.0597756620336371,0.0165029228045421,186665445721.13895,7617.543313367167,0.0247814318885602,7.762838451325127,24.625814589253824,0.65,2.0,0.002,4,17.95664873649273,71.82659494597092,161.6098386284346,287.3063797838837,0.0002208937770225,7.964912188826917e-05
2.065745553431888,0.0561237804699788,0.0114328275679389,183343311280.5836,7971.537399533727,0.0198133940639499,3.1971929596339894,3.1717326569052244,0.65,2.0,0.002,4,5.826271862397506,23.305087449590022,52.43644676157756,93.22034979836008,0.0010557630941935,0.0005565560367945
1.0405222564082783,0.0349728905563232,0.006777278785322,188671765829.25775,7709.828097384367,0.0230587850921988,5.337489995540014,2.8333182900175364,0.65,2.0,0.002,4,14.041482607596889,56.16593043038755,126.37334346837198,224.6637217215502,0.0004548338539311,0.0003123197466339
2.8283481062972866,0.0233525989139718,0.0092422851246641,198148967653.1761,7690.468861898448,0.0348692366350833,6.820045088716747,1.5459516675037768,0.65,2.0,0.002,4,2.65926975197112,10.63707900788448,23.93342776774008,42.54831603153792,0.0360685810210394,0.0184688547007171
2.438368574183103,0.0330731184906299,0.0063688916724072,187971293758.72983,7699.097041563031,0.0099988542167721,2.373548570065993,0.9845088132187468,0.65,2.0,0.002,4,2.400049945722159,9.600199782888636,21.600449511499427,38.40079913155454,0.0118158319656963,0.006671897966408
1.3559747560464126,0.0328749222447729,0.0176908483828893,180348838168.92447,7947.652144798733,0.0075014638521793,3.977418834085114,34.09100435129919,0.65,2.0,0.002,4,20.78317788528524,83.13271154114096,187.0486009675672,332.53084616456385,8.724238469444586e-05,3.09862095296916e-05
1.6293557006817097,0.021759136766365,0.0184648184003918,213780892059.5269,7918.739494676338,0.0210370473589118,0.8890950455475557,32.032739163112936,0.65,2.0,0.002,4,16.386979120265075,65.5479164810603,147.48281208238566,262.1916659242412,2.624213872789613e-05,8.999320219529164e-06
2.8742459072116584,0.0210521971281405,0.0160843824390643,193861518333.6804,7867.448149647241,0.0474056045903264,6.573720653903461,6.753204199397194,0.65,2.0,0.002,4,4.382426709318215,17.529706837272858,39.44184038386393,70.11882734909143,0.0057857767881739,0.0022789129747616
2.5984648181590337,0.0664204393457037,0.0066718804145241,199145559793.5883,7794.503789200404,0.0404356205136963,5.902464372649932,3.795248411953706,0.65,2.0,0.002,4,2.264826317494528,9.059305269978111,20.383436857450757,36.23722107991245,0.0126234981949094,0.0053753925616434
2.9808931613422267,0.0622359966648473,0.0110879051716938,207317469558.0111,7948.902647463548,0.0153051262420358,7.197601608389703,3.771356716286871,0.65,2.0,0.002,4,2.88968362062228,11.558734482489118,26.00715258560052,46.23493792995647,0.0134411624919467,0.0066704854039188
2.4256273740219,0.0592724046519117,0.0081250317696675,216045959098.32068,7875.190774412795,0.0201277895104274,4.13576646924994,2.383111360400341,0.65,2.0,0.002,4,3.279809985410416,13.119239941641665,29.518289868693746,52.47695976656666,0.0097136026550197,0.0049822390501219
1.645810316373682,0.0501189033744009,0.0074273841170852,190251073123.14465,7780.084704146621,0.0256181580113783,9.997800118982749,4.941998550694034,0.65,2.0,0.002,4,6.148610366945264,24.594441467781056,55.33749330250737,98.37776587112424,0.0112535930329409,0.0055643232619217
2.222456299920397,0.0352670037563185,0.007279212882428,207849146957.7459,7947.78791084754,0.0455692508789366,8.4300434655923,3.9473901360342665,0.65,2.0,0.002,4,3.4174187883182845,13.669675153273138,30.756769094864563,54.67870061309255,0.0434781313829982,0.0229374809447539
1.3257430011091098,0.0610737244036206,0.0100921663131335,218195935674.2323,7697.438698143443,0.009451602729717,7.559695173702553,24.756758240495085,0.65,2.0,0.002,4,13.862615437072082,55.450461748288326,124.76353893364876,221.8018469931533,0.0002889694261818,0.000107165590023
1.1537484893476004,0.0264795868789436,0.0196542856158961,188486691968.6461,7876.341832936265,0.0336437715957246,6.348334162044738,18.73653770982002,0.65,2.0,0.002,4,32.75233702200679,131.00934808802717,294.7710331980612,524.0373923521087,8.715275006455443e-05,4.375248378096096e-05
1.580394243960807,0.0589627584568683,0.0077633945770854,196858047391.2911,7968.094830272767,0.0414907842717437,5.0154108737533045,3.252881555196235,0.65,2.0,0.002,4,7.005665140401837,28.02266056160735,63.05098626361654,112.0906422464294,0.0012983371213868,0.0007338357587014
1.3985372321303873,0.0466858362459576,0.0060174122099607,207882151041.1208,7766.646447889791,0.0451240039687815,2.812519696874066,13.442342549812931,0.65,2.0,0.002,4,7.217433392582692,28.86973357033077,64.95690053324424,115.47893428132308,0.0006899685343962,0.0002428856104795
1.8507935799638235,0.0620772608578786,0.0188123195707192,203990201948.64145,7690.913456603336,0.0057908277639129,6.229219870848523,22.524965806194,0.65,2.0,0.002,4,12.825411986038876,51.30164794415551,115.4287078743499,205.206591776622,0.0001555969257871,6.348799995491759e-05
2.036608551690331,0.0259959085383418,0.007463800808814,185301852570.9905,7981.643311628003,0.017818911069975,3.6165228036004766,3.065635670357781,0.65,2.0,0.002,4,3.9315870076431088,15.726348030572437,35.38428306878798,62.90539212228974,0.0177268747265407,0.0089576770959496
2.394797984247443,0.0367048948525179,0.0164458887363136,218662156288.1533,7995.181301951604,0.0319906468320514,1.6912472730637365,13.160598593010423,0.65,2.0,0.002,4,6.800196916171607,27.200787664686427,61.20177224554446,108.80315065874572,0.0001934853843596,7.284612364505771e-05
1.299468416533541,0.0558102400730267,0.0140399661581975,193612025746.66116,7943.940022746214,0.0430456054421942,1.17963763417607,27.00847964796909,0.65,2.0,0.002,4,18.612814292660435,74.45125717064174,167.5153286339439,297.80502868256696,2.834505266258579e-05,1.0492339541449902e-05
2.7346060810023625,0.0624706336640868,0.0174502876873854,219035901614.71585,7936.861862206749,0.0474522058075033,1.356659042230106,9.074177877049856,0.65,2.0,0.002,4,5.558729442250442,22.23491776900177,50.028564980253975,88.93967107600707,0.0002008087989815,7.289312860351179e-05
2.956740444444953,0.0478226783732773,0.0115060246053122,196465772675.5089,7724.872029042718,0.0196562664381912,6.909586893302031,0.82317041577144,0.65,2.0,0.002,4,3.0097190146917865,12.038876058767146,27.08747113222608,48.15550423506858,0.0067827160825429,0.0038957950095289
2.5309250023087344,0.0490971239925118,0.0149796181530679,194328201613.63095,7848.347530727556,0.0066028895504491,0.5513282541134371,8.6424942420729,0.65,2.0,0.002,4,5.276552305651821,21.106209222607283,47.48897075086639,84.42483689042913,0.0001513993153582,6.962011463351381e-05
2.4474905803836755,0.0239838967425964,0.0179382170061248,213421207924.4437,7635.571497220113,0.0060690427905733,0.6572592485217127,12.466595006824967,0.65,2.0,0.002,4,7.1790087435002805,28.71603497400112,64.61107869150253,114.86413989600447,0.0001477892635148,6.622131264331895e-05
2.812362731496228,0.0786002220083639,0.0147519589894706,217996918280.8952,7630.263785050027,0.0211675255698307,0.1862755035346635,8.888000849348582,0.65,2.0,0.002,4,4.520554224983229,18.08221689993292,40.68498802484907,72.32886759973167,2.5714697835771663e-05,1.1501239474821004e-05
1.8641808471589785,0.028600533326198,0.0193077483492521,185799301327.8857,7808.754861540253,0.0138640921393544,0.8559818543788315,6.932897529188783,0.65,2.0,0.002,4,12.288983016522996,49.15593206609198,110.60084714870698,196.6237282643679,8.191175804212664e-05,4.068004186469081e-05
2.0176997112431545,0.0436165091460325,0.0182061798047405,208872551977.7612,7614.411261961158,0.0405285078487472,7.933151798319041,14.806862759741378,0.65,2.0,0.002,4,10.620807548795092,42.48323019518037,95.58726793915584,169.93292078072147,0.0007090521756471,0.0002694824316687
1.1611803170165396,0.0452812560992003,0.0091708584906329,184882038972.7908,7842.230799039268,0.0168462669660619,4.683349007252836,6.676755700421144,0.65,2.0,0.002,4,14.975021905372554,59.900087621490215,134.775197148353,239.6003504859609,0.0003044338551669,0.0001654511464046
1.0086115513353573,0.0542700417233444,0.0199111665867856,181545772393.07535,7683.199229483384,0.0283511589119187,8.118413290804218,15.543004339672397,0.65,2.0,0.002,4,43.141983374855926,172.5679334994237,388.27785037370336,690.2717339976948,2.251888036770295e-05,1.2263435051502769e-05
1.276580691631079,0.0205046165623088,0.0197979238457843,196426011278.50992,7678.410276509274,0.0103402193159974,3.767077684548621,54.5157932378064,0.65,2.0,0.002,4,27.8622511424572,111.4490045698288,250.7602602821148,445.7960182793152,4.06617194032965e-05,1.3835262686833112e-05
2.703869540583658,0.0544388638366561,0.0112162079363732,212478692883.5393,7724.232153030927,0.0402627765184019,3.3468419705173904,6.777707682586129,0.65,2.0,0.002,4,3.6486640123751135,14.594656049500454,32.83797611137602,58.378624198001816,0.0015190225764246,0.0006065684556423
1.9089218122969476,0.0392150677066609,0.0150316940834654,199413711139.71,7629.645226532462,0.0206632037710974,1.109431065114049,2.9955383900129555,0.65,2.0,0.002,4,9.5628256488344,38.2513025953376,86.0654308395096,153.0052103813504,0.0001099671444312,6.132447719907626e-05
2.6020502210994247,0.0575036596371268,0.0065128639232541,191472585150.5299,7654.871144938746,0.0408920583000995,5.376300288744103,0.4474113341013743,0.65,2.0,0.002,4,2.181495229484094,8.725980917936376,19.633457065356847,34.9039236717455,0.0120805975056139,0.0087646609054105
2.445057644666482,0.0253320298508143,0.0153964666827006,213944619851.6255,7739.75857003296,0.036923936386964,1.652062680663713,10.577202404390777,0.65,2.0,0.002,4,6.139868834625563,24.559475338502253,55.25881951163007,98.237901354009,0.0005174404396603,0.0001844199311998
2.594642494696973,0.078591350067998,0.0108643971195233,185997687077.07578,7654.158724681983,0.0318864918495469,5.516320351967885,1.9177376333665477,0.65,2.0,0.002,4,3.607321683646816,14.429286734587262,32.46589515282134,57.717146938349046,0.0034349907307523,0.0019195465386935
2.6669372076001023,0.0436833675547497,0.0113069686885054,218478333010.9125,7698.953476560945,0.0223460608466823,7.72448847690183,4.085704909398999,0.65,2.0,0.002,4,3.8400616937627934,15.360246775051174,34.56055524386514,61.44098710020469,0.0392019713250838,0.0216960443651363
2.251979113398161,0.0321120350965724,0.0170087543101077,204711556340.22333,7945.65473167709,0.0476979398152602,3.544217679990264,2.8024418969346865,0.65,2.0,0.002,4,7.719325972565281,30.877303890261125,69.47393375308754,123.5092155610445,0.0005815475286524,0.0003200417453292
2.509119164972493,0.0502089412780083,0.0126381669793384,188393805729.25595,7612.334702924963,0.0414173802238299,8.56927028733607,2.8721139574809,0.65,2.0,0.002,4,4.528403734102832,18.113614936411327,40.755633606925485,72.45445974564531,0.0059632436381816,0.0030210552738463
2.045011747025434,0.0779504224743698,0.0120841293226653,211348895767.8626,7863.238046870668,0.02831832230651,0.5167415613928432,9.397852747481052,0.65,2.0,0.002,4,6.792854059931747,27.171416239726987,61.13568653938572,108.68566495890796,9.973329597663562e-05,3.94221485380845e-05
2.996456962235708,0.0495477750200259,0.0059195609866016,203834318029.2394,7647.609659992868,0.0160144269600249,3.354921121926799,2.3395685195710554,0.65,2.0,0.002,4,1.5433998735893852,6.173599494357541,13.890598862304463,24.694397977430164,0.0320368454250535,0.0162628105977033
2.622141900623178,0.0492480103298219,0.0164358186347727,204443738575.0506,7766.428325920928,0.0355832080988275,5.79227582451935,6.224768582880135,0.65,2.0,0.002,4,5.56140408099649,22.24561632398596,50.05263672896841,88.98246529594384,0.0047532595233337,0.00246363009146
1.9915247453976292,0.069798743193198,0.0137785999653878,195281224546.6752,7865.423856374618,0.0489584949674635,0.7680671399524431,6.237508601012659,0.65,2.0,0.002,4,7.849321373202623,31.397285492810493,70.64389235882362,125.58914197124196,0.0001740412492242,9.092379569055793e-05
1.0880288499461108,0.0250832738938774,0.0148995293637601,208875019214.1157,7987.161976351585,0.0051499644226234,2.445909042769032,49.53231831658566,0.65,2.0,0.002,4,29.185557097400952,116.7422283896038,262.6700138766086,466.9689135584152,3.8576385880278514e-05,1.37422793229655e-05
1.1139721759989336,0.0669726108486016,0.0051020493135455,198759956548.32596,7642.918901717723,0.0316234502158351,9.983570137055631,4.845319982832458,0.65,2.0,0.002,4,9.507362209477357,38.02944883790942,85.5662598852962,152.11779535163768,0.0020370057297418,0.0011739930568274
2.56442239053559,0.0648794077371468,0.0172260964432813,197929625326.82428,7928.222833055945,0.0158338882046421,3.672024558033402,3.07089180218041,0.65,2.0,0.002,4,5.934778098557072,23.73911239422829,53.41300288701365,94.95644957691316,0.0006106879331162,0.0003416832925979
1.0642981756057004,0.0541989742156419,0.0073142468812021,217643051390.5879,7666.945999857671,0.0331987647963866,3.3297597854241623,21.13547205909873,0.65,2.0,0.002,4,15.60031740679281,62.40126962717124,140.40285666113527,249.60507850868493,0.0003092022265974,0.0001162435027368
2.207396478319173,0.0412495355535692,0.0078183686329497,185373847776.14783,7897.669895659625,0.0261109398912582,0.5585635565569396,6.947466935457532,0.65,2.0,0.002,4,3.525002670798583,14.100010683194332,31.72502403718725,56.40004273277733,0.0004312493179669,0.0001979819058084
2.6945272411986867,0.023303868308143,0.00908448592977,184326071360.7505,7778.815456172104,0.0336617235839088,5.356853680601416,4.585432838861732,0.65,2.0,0.002,4,2.7618564540673405,11.047425816269362,24.856708086606066,44.18970326507745,0.0168499874048561,0.0071031603084974
2.251475576419244,0.0791436075269063,0.0195518298707042,209827650218.35495,7929.832182282938,0.0443284038304616,5.330702257706899,5.501320975138676,0.65,2.0,0.002,4,8.996664879266696,35.986659517066784,80.96998391340026,143.9466380682671,0.0003504728560597,0.0001762789031656
2.59793952801118,0.068120898661598,0.0131451377326733,219998283651.2036,7754.568121849742,0.0473929227344832,6.339594477699814,7.176233073391588,0.65,2.0,0.002,4,4.703998318875987,18.81599327550395,42.335984869883895,75.2639731020158,0.00189772749864,0.0007473929831648
2.2851901685524507,0.0274924396755528,0.0169387246304099,198679763337.8017,7729.658405761924,0.0420781723630684,3.4993724990284547,9.838204389688226,0.65,2.0,0.002,4,7.456962070638856,29.827848282555426,67.11265863574971,119.3113931302217,0.0012567547766079,0.0005223616400494
1.1777734411836622,0.0462271148371351,0.0198575852262496,189175393172.53055,7868.188668070192,0.0472353566642445,7.754713543807534,41.24912926878956,0.65,2.0,0.002,4,31.829302063320387,127.31720825328156,286.4637185698835,509.2688330131262,7.83757179762227e-05,3.183393323615624e-05
1.1021472346205268,0.0517299216105581,0.018783260953716,210640193159.0522,7757.248270437242,0.0492676651346553,1.921600754502792,72.91888833313017,0.65,2.0,0.002,4,36.53741281798848,146.1496512719539,328.83671536189627,584.5986050878156,4.226961623603715e-06,1.3567599519326247e-06
1.0256924971117884,0.0309793360116121,0.0171631102686593,200938671465.2433,7850.337314950794,0.021097925393708,0.7799120569367834,65.16259796775269,0.65,2.0,0.002,4,37.42643781142789,149.70575124571155,336.83794030285105,598.8230049828462,4.734244213315297e-06,1.433512937306871e-06
1.7825388151683017,0.0231381350108959,0.0109198578441934,185535617145.98672,7892.211118229183,0.0425013192201383,6.909372735183252,4.237989119555029,0.65,2.0,0.002,4,7.555836422498852,30.22334568999541,68.00252780248968,120.89338275998163,0.0034765288092464,0.0018279683787194
1.0073657268977236,0.0336074304101508,0.0138879091039518,216691746668.16916,7603.812461249576,0.0320390537762125,0.1333304589444831,43.76466042553224,0.65,2.0,0.002,4,33.12815611321678,132.51262445286713,298.153405018951,530.0504978114685,2.523901533245444e-06,9.56515465691256e-07
2.373090260709434,0.0609621107968519,0.0092777375284361,217341566208.02835,7969.110663288158,0.0382769964218403,4.742409050010751,1.1111225316265974,0.65,2.0,0.002,4,3.901299475667439,15.605197902669754,35.111695281006945,62.42079161067902,0.0026270629408013,0.0015316596586124
1.2677781387503633,0.0378163242690633,0.006296711199032,197115770527.1699,7666.9429077244195,0.0205883035688483,7.956419718976902,5.788872115555165,0.65,2.0,0.002,4,9.007537581864428,36.03015032745771,81.06783823677985,144.12060130983085,0.0039826797420779,0.0019271760476764
1.533342818509941,0.0598337044501023,0.0105172915487873,193813972409.0068,7780.22339696311,0.0256140754159415,8.31326138249203,19.38816796488049,0.65,2.0,0.002,4,10.123976956638206,40.49590782655282,91.11579260974383,161.9836313062113,0.0004448185728951,0.000157835857469
2.8033806076748835,0.0546230527922399,0.0159959101032547,186106649611.8154,7761.842269610417,0.0340277553416185,2.584550610815452,6.610393545133502,0.65,2.0,0.002,4,4.519315051490192,18.07726020596077,40.67383546341173,72.30904082384308,0.0009792479757607,0.0004094065890351
2.586796640978145,0.0665842678071081,0.007135818874824,202041389098.7367,7769.083365777353,0.049616883355779,6.575291703677527,4.644275644592399,0.65,2.0,0.002,4,2.4659472227846604,9.863788891138642,22.193525005061947,39.455155564554566,0.0078052182544524,0.0033734459943716
1.9374340194046829,0.0444077456245977,0.006851906735759,207778574044.8321,7847.915792538634,0.037262743267138,6.5972042241750986,7.561943154594083,0.65,2.0,0.002,4,4.259023809795435,17.03609523918174,38.33121428815892,68.14438095672696,0.0049939529635386,0.0019125166187431
2.035980244010643,0.0536578595612519,0.0101502851774963,181117379199.78165,7897.440038219936,0.0159316303210314,6.481315288817933,6.415221983906835,0.65,2.0,0.002,4,5.317374800821992,21.269499203287968,47.85637320739792,85.07799681315187,0.0065431305992241,0.002939805070607
1.7149252652725084,0.0546324123907868,0.0125331141779614,188216480406.5274,7929.907804419296,0.0200190308007446,4.722185805251752,4.136570011640261,0.65,2.0,0.002,4,9.414399155487144,37.65759662194858,84.7295923993843,150.6303864877943,0.0004605597384654,0.0002520777710053
1.1921904659437623,0.0292115313232768,0.0130076001991094,182700739207.4966,7621.122840560044,0.0050233434874567,4.419534930973205,32.39456288280845,0.65,2.0,0.002,4,20.318695245973377,81.2747809838935,182.8682572137604,325.099123935574,0.0001746303608581,6.734996205479959e-05
2.997824615432405,0.0306001250753006,0.0129259936352651,195026245198.86047,7687.36635299813,0.0443971503113793,9.581927974753675,2.7277272312165644,0.65,2.0,0.002,4,3.2850235671392354,13.140094268556942,29.565212104253124,52.560377074227766,0.0361442873451073,0.0195910322276372
2.9113218824898137,0.0237418438097837,0.0090395211786507,216061695167.7607,7635.791830750453,0.0253145530448779,3.4787843958065734,4.588655008670624,0.65,2.0,0.002,4,2.572504130653195,10.29001652261278,23.152537175878752,41.16006609045112,0.0107354931456593,0.0047689770356553
1.1955823477397922,0.057941224906886,0.0176696255958999,216924064907.54016,7759.970256736475,0.0380685470533829,3.9687863526559712,22.937639604187563,0.65,2.0,0.002,4,29.63612729229294,118.54450916917176,266.7251456306364,474.17803667668704,5.777076222064948e-05,2.877319675130892e-05
1.763072259873756,0.062557851885713,0.0075743723355318,199845917318.8698,7983.625023619009,0.028930728096792,2.44837380037244,10.4180498788248,0.65,2.0,0.002,4,5.528193732859875,22.1127749314395,49.75374359573888,88.451099725758,0.00059537148763,0.0002310373638187
2.7886746827255697,0.0655549492465045,0.0097945993491846,181523580416.72614,7970.134383697551,0.0496405513246401,1.3575055469928297,3.9087332948559457,0.65,2.0,0.002,4,2.7255485624074365,10.902194249629746,24.529937061666928,43.60877699851898,0.0018966738621616,0.0008504466773546
2.8958884148127586,0.079540672630308,0.0171715789490139,182175679229.3361,7891.452684217491,0.0130291579309242,5.735291005836816,8.068733710733754,0.65,2.0,0.002,4,4.461106160531126,17.844424642124505,40.14995544478013,71.37769856849802,0.0008895559422965,0.0003921453570262
2.237321223872635,0.0756002292848769,0.0088684101372169,207717063623.4342,7994.925047982858,0.0117769229259351,0.9751826779366766,5.788403751496553,0.65,2.0,0.002,4,4.094937029514766,16.379748118059062,36.85443326563289,65.51899247223625,0.0007143418745732,0.0003188544240155
2.819056738681782,0.0385697548799857,0.0069250750662165,207029982566.4852,7835.837999813471,0.0457514613686885,7.452326438363773,1.8579713925167265,0.65,2.0,0.002,4,2.031047142892518,8.124188571570071,18.279424286032665,32.496754286280286,0.1545693838120642,0.0785429732276893
2.455702652399081,0.0245906749298152,0.0110767746382565,204352094793.6273,7836.078028579983,0.0131649703623769,5.871152821563626,3.527834985865663,0.65,2.0,0.002,4,4.253350635512728,17.013402542050912,38.28015571961456,68.05361016820365,0.0230604695538959,0.0112954958256381
1.3363038250826855,0.0725432860741025,0.0139388184800715,200595678002.9644,7827.036703816821,0.0087299189066133,7.430326841915371,5.543980068088374,0.65,2.0,0.002,4,17.9187163189855,71.674865275942,161.2684468708695,286.699461103768,0.0001198416262874,6.621912823994724e-05
1.5931696132252826,0.0513535443074095,0.005994810199456,214197683020.14737,7950.990657745688,0.0193257766426949,7.775593009316221,7.112130191183587,0.65,2.0,0.002,4,5.558753621981718,22.235014487926872,50.02878259783546,88.94005795170749,0.0094091903974304,0.0040579525264773
2.558715429039682,0.0575954253307887,0.0111965605026962,205103528121.31885,7701.00663188601,0.0302608235234169,2.1353142828885754,7.409243171424812,0.65,2.0,0.002,4,4.00205199003598,16.00820796014392,36.01846791032382,64.03283184057568,0.00079436470493,0.0003245821651393
2.273087006771076,0.0796953638392099,0.0054992235481947,213393587045.7425,7942.804267808905,0.0462515175842884,4.833877630594905,4.047344942605049,0.65,2.0,0.002,4,2.501510102420258,10.006040409681033,22.513590921782328,40.02416163872413,0.0090019484702031,0.0037464017355364
2.834791178532284,0.0710598272031298,0.0177257113109162,189106445871.96857,7620.214395460023,0.0440340592767162,3.127422264511817,6.547448217996799,0.65,2.0,0.002,4,4.982649654517665,19.93059861807066,44.84384689065899,79.72239447228264,0.0009460259133701,0.0004112934552106
1.69885107690006,0.0263709470786092,0.014230582755356,184516895816.42072,7772.205051924163,0.0350405354122379,4.585399562490036,19.467258811732137,0.65,2.0,0.002,4,10.893997329134868,43.57598931653947,98.0459759622138,174.30395726615788,0.0004278507364568,0.0001415965369147
2.545420194370198,0.0369877042994985,0.0137849569018112,197521553913.8057,7635.077676872117,0.0269315048513641,8.48318881508968,1.438774780203092,0.65,2.0,0.002,4,4.907001750471601,19.6280070018864,44.163015754244405,78.51202800754561,0.0035357754851148,0.0020605269669728
1.097179771853123,0.0584803084659897,0.0130231781773122,196294321160.77512,7733.597056751669,0.0073313349819406,6.837506007898579,23.69245174928511,0.65,2.0,0.002,4,24.714609325544583,98.85843730217832,222.43148392990125,395.4337492087133,0.0010334456972593,0.0005085413384903
2.111432713340489,0.0397860365946696,0.0064708372911514,216668898069.37164,7977.031669089794,0.0165629904638843,4.406748311539661,4.671812440383714,0.65,2.0,0.002,4,3.43014809482256,13.72059237929024,30.87133285340304,54.88236951716096,0.0133276814671242,0.006118177911528
1.5121810019447204,0.0314545253836023,0.0096618853714122,182549105429.06824,7755.824163080147,0.0371636530726033,5.032242976656691,13.035259230865297,0.65,2.0,0.002,4,9.29521537225832,37.18086148903328,83.6569383503249,148.72344595613313,0.0014962338391712,0.000570592147494
2.81293050250821,0.061523296171232,0.0137989756969282,189493265724.11185,7914.205327199705,0.0442754666076126,5.065312528893753,2.8108961134691697,0.65,2.0,0.002,4,3.8694686500390114,15.477874600156046,34.82521785035111,61.91149840062418,0.004371602906361,0.0022300031690446
1.700011908517317,0.0201373722407793,0.0167189834744366,213095154182.4257,7623.481358880134,0.0331416152808043,6.64407688369719,6.411931806609831,0.65,2.0,0.002,4,13.869005197387107,55.47602078954844,124.82104677648398,221.9040831581937,0.000629423759189,0.000351118225865
2.8355939720391112,0.0298574082088153,0.0112485617296626,218113479410.12653,7862.835777076636,0.044064359075432,3.641167936941127,1.9293673338692665,0.65,2.0,0.002,4,3.341102593008721,13.364410372034884,30.069923337078485,53.45764148813954,0.0074103681637737,0.0039469393577081
1.4727208707670891,0.0229470586250024,0.0073040274880663,182533139148.10236,7678.049696436935,0.030585637161668,9.133243083326851,8.688899852805902,0.65,2.0,0.002,4,7.445539499280283,29.78215799712113,67.00985549352255,119.12863198848451,0.0167327530542127,0.0077834494832918
2.192098361116198,0.0593682448064786,0.0080405806016912,209851274909.8607,7679.985421167835,0.0168354790965236,3.1372758260179454,6.832870117842446,0.65,2.0,0.002,4,3.9661779640997055,15.864711856398822,35.695601676897354,63.45884742559529,0.0020517183567394,0.0008827681742174
1.2726814430581952,0.0656684065369153,0.0167177355271633,208091753372.7093,7898.172017306084,0.0483548038926048,9.447764870155003,32.67321156895459,0.65,2.0,0.002,4,24.023231241968094,96.0929249678724,216.20908117771293,384.3716998714896,0.0001207510483104,4.599962596719129e-05
2.3244258565174034,0.0269162460683447,0.0094006275918799,189514561457.5448,7777.011035029314,0.0335900409371412,4.390855579534216,2.493228800782008,0.65,2.0,0.002,4,3.894660819429008,15.578643277716033,35.051947374861065,62.31457311086413,0.0104718635361444,0.005355412361906
1.6853763607556629,0.0589460959512283,0.0124654569421115,183728728506.69843,7629.216509904703,0.0133545963027816,1.9897629510650143,12.64568409918295,0.65,2.0,0.002,4,9.7654492048166,39.0617968192664,87.88904284334942,156.2471872770656,0.000334158741852,0.000136873422451
1.3038919028138571,0.0694401110861783,0.0089789849650622,201650881949.87128,7704.766637134993,0.0072537716127127,5.468561181598271,10.546402534375511,0.65,2.0,0.002,4,12.251623434819171,49.006493739276685,110.26461091337256,196.02597495710677,0.0014455452755343,0.0006698637693706
1.881824108992285,0.0661040319604027,0.0163160908381701,197270327144.61603,7707.046970171466,0.0112607167587685,0.1135599743147939,4.268830954882367,0.65,2.0,0.002,4,10.56998063537025,42.279922541481,95.12982571833226,169.119690165924,5.644835044077195e-06,3.0355595485720666e-06
1.2647507902307091,0.0501973807916252,0.006348164083515,189990310524.8084,7928.53907992511,0.023087889525507,9.96185029581166,13.749130624562511,0.65,2.0,0.002,4,8.809203028922092,35.236812115688366,79.28282726029882,140.94724846275346,0.0023874300286713,0.000872474809602
2.0127468693590465,0.0335064167868906,0.018888816596532,216576823686.67505,7806.677526052139,0.0148020595957608,9.829635277575411,20.116279310770203,0.65,2.0,0.002,4,11.135982868088648,44.543931472354586,100.22384581279782,178.17572588941837,0.000533060959203,0.0001920046938309
2.318696189793677,0.0787958049116046,0.0177241148593678,213859802467.8356,7806.873011769915,0.0303934604938924,8.599942931398456,13.812015828909894,0.65,2.0,0.002,4,7.824059350247726,31.296237400990904,70.41653415222954,125.18494960396362,0.0004375515495684,0.0001523130429217
1.4312320323737269,0.0222913510756579,0.0142693053316983,191434291315.32043,7813.185689735679,0.0167515510507079,6.895645584595241,28.335370079457107,0.65,2.0,0.002,4,15.635356365619272,62.54142546247709,140.71820729057345,250.1657018499084,0.0003696889026614,0.0001235810518394
1.1583956355380318,0.0433019862852055,0.0150085356412147,202982837768.19897,7860.677041278885,0.025844381226058,2.7436633838360382,27.54942128743336,0.65,2.0,0.002,4,25.772315122527523,103.08926049011008,231.9508361027477,412.3570419604404,0.0002072989553824,0.0001094030892451
2.195179184767228,0.0595253598144761,0.0125361386078096,195954102066.40308,7628.622371474744,0.0363309093195476,9.046889858407855,9.900190137951984,0.65,2.0,0.002,4,5.978706148441995,23.91482459376798,53.80835533597796,95.65929837507193,0.0017542648713047,0.0006349081838031
1.778572671806082,0.0702738161751849,0.0072033562469897,216733026694.6805,7916.580974479023,0.0225994317466831,1.393214929298778,6.141631274988318,0.65,2.0,0.002,4,5.402747070338217,21.610988281352867,48.62472363304395,86.44395312541147,0.0019550245794769,0.0009517971132773
1.1034840467820102,0.0249932560689529,0.0118636607269954,181599280083.1619,7911.821007107305,0.0439620577686643,0.2323944327109181,35.09341094257339,0.65,2.0,0.002,4,21.165800052394044,84.66320020957617,190.4922004715464,338.6528008383047,8.407712772652657e-06,2.707928452747172e-06
1.1687556651936533,0.0514531170761497,0.0098273860734065,215111066351.56717,7684.119269957639,0.0435048386596098,6.669415253462853,9.292742187027882,0.65,2.0,0.002,4,17.260530590523206,69.04212236209283,155.34477531470887,276.1684894483713,0.0003038760604846,0.0001651911801307
2.2387343259748915,0.0322948616123256,0.0184945371492984,202935229638.13348,7683.674043888014,0.0490607347859258,5.509771509450044,4.281148519707271,0.65,2.0,0.002,4,8.59927547479291,34.39710189917164,77.3934792731362,137.58840759668655,0.0007558884883993,0.0004404542398926
2.458938566176366,0.0287678909071914,0.0115726997601335,209365446243.5272,7650.117993013639,0.0249238924186845,1.2034057632956758,3.74810506205612,0.65,2.0,0.002,4,4.540325822122573,18.16130328849029,40.86293239910315,72.64521315396117,0.0031415782657888,0.0015965100882853
1.8369539549253855,0.0578357251434477,0.0058848855506121,208400738467.81348,7982.973512864779,0.0251500429302173,0.1975056655074946,5.1983965443829385,0.65,2.0,0.002,4,4.040527034302182,16.16210813720873,36.36474330871964,64.64843254883492,0.0003844545312465,0.0001708361910881
1.250456849479832,0.0335673286431783,0.0065401511356532,218626633864.21368,7786.497691786955,0.0458016962215009,4.818656284956639,14.66694001847608,0.65,2.0,0.002,4,10.04986142498211,40.19944569992844,90.448752824839,160.79778279971376,0.0014072256540754,0.0005425683544799
2.7603098949716864,0.0608610179976185,0.0152862806139232,200006491450.04315,7854.790488850202,0.0182471323650359,0.9792198591788775,7.757606761901088,0.65,2.0,0.002,4,4.590607270781248,18.362429083124997,41.31546543703124,73.44971633249997,0.0002509822974424,0.0001021516378982
2.7568974490013005,0.0220587645873845,0.0089324307754376,184755663611.06445,7639.20406415824,0.047553849131041,8.075136854729342,2.244722001303904,0.65,2.0,0.002,4,2.620791760110819,10.483167040443275,23.587125840997373,41.9326681617731,0.1058352426023578,0.0616392005008407
2.768817054921506,0.04154894573371,0.0190185718501406,196297387244.15576,7890.494284397174,0.0137837550839042,5.354815560232015,4.254340166600911,0.65,2.0,0.002,4,5.61078707136489,22.44314828545956,50.49708364228401,89.77259314183824,0.0029509575353132,0.0014692321631909
1.16136075682933,0.03941440623496,0.0085657156305646,180565062996.3942,7638.09344411535,0.0253936370772079,3.4626583916625404,7.345843263301494,0.65,2.0,0.002,4,14.001771660492672,56.00708664197069,126.01594494443404,224.02834656788275,0.0003574250973452,0.0001942237681728
1.9974305845046183,0.0435390369451232,0.0198429046994667,181814760720.7848,7621.55140306434,0.0421038447540216,2.733588167655119,5.8469275111087775,0.65,2.0,0.002,4,11.014986963154051,44.059947852616205,99.13488266838648,176.23979141046482,0.0001762343621555,9.736097348946496e-05
1.5139582319420564,0.0674945130880205,0.0083235867477106,200313626888.71075,7938.684519059825,0.0231709329032346,5.614079889671401,3.4343129917508826,0.65,2.0,0.002,4,8.271665280382326,33.0866611215293,74.44498752344094,132.3466444861172,0.0008449753069564,0.0004617488259575
1.570313576465404,0.0304186198995371,0.0082596259885359,216655734440.9512,7737.295683283738,0.042238251031253,0.7374604488432788,15.811331344983923,0.65,2.0,0.002,4,8.03724787281212,32.14899149124848,72.33523085530909,128.59596596499392,0.0001406532733228,5.005680655476538e-05
