L,b,h,E,rho,damping_ratio,force_amplitude,excitation_frequency,observation_point,simulation_time,time_step,number_of_modes,f1,f2,f3,f4,peak_displacement,rms_displacement
2.949558856115305,0.0635682429845845,0.0090036246444645,194858867606.7213,7768.993170731514,0.0386390175864728,9.264402941018886,1.8298702227135024,0.65,2.0,0.002,4,2.35022920879472,9.40091683517888,21.15206287915248,37.60366734071552,0.0393891706975669,0.0208291045188379
1.420986179543411,0.0569158452706312,0.0061536249575812,203097665697.7852,7650.368280594575,0.0418397685639196,9.40179237726222,3.641098457676705,0.65,2.0,0.002,4,7.120194623261565,28.48077849304626,64.08175160935409,113.92311397218504,0.0032839880065532,0.0019330078638633
2.1538416361993056,0.0227952565440999,0.0155638257249467,200267294710.12463,7941.808690999206,0.0357095242643568,0.1440212209801074,4.357023178690596,0.65,2.0,0.002,4,7.639472677308394,30.557890709233572,68.75525409577554,122.2315628369343,5.252971342271915e-05,2.682300564216134e-05
1.3786190393593596,0.0344684381759556,0.01539061826574,214076123300.054,7670.884858725725,0.0415555574537381,7.902142152238221,32.33347675508034,0.65,2.0,0.002,4,19.39805383414617,77.5922153365847,174.5824845073156,310.3688613463388,0.0001974511713625,6.271605993592035e-05
1.965171704731698,0.0557576076357213,0.0165236042607531,205366295611.2769,7956.821742663477,0.0381069612773835,5.234609595366929,4.08791915490207,0.65,2.0,0.002,4,9.856615259245531,39.426461036982126,88.7095373332098,157.7058441479285,0.0003313158028004,0.0001808757404339
2.939894179007595,0.0504682484840052,0.0058100105707387,182722934228.49905,7786.945879346676,0.0345949041200594,1.633278898740471,0.3831164910884151,0.65,2.0,0.002,4,1.4765757513771196,5.906303005508478,13.289181762394076,23.625212022033917,0.0118373819178143,0.0072176494068944
2.4532702572077936,0.0338667766536112,0.0142408091431781,206370572280.90625,7731.371241381901,0.0418475239441723,8.86517189264976,9.640504680597834,0.65,2.0,0.002,4,5.543304726925984,22.173218907703937,49.88974254233386,88.69287563081575,0.0026528611395471,0.000954217554084
2.614732463238544,0.0718561258829752,0.0121749825105334,200938815307.30444,7796.629311851676,0.0288385788256302,1.11596115115603,4.0196340559911485,0.65,2.0,0.002,4,4.099411902687607,16.39764761075043,36.89470712418847,65.59059044300172,0.0036188829147834,0.0017976450892959
2.8368061349635707,0.0618129502529979,0.0196767445934338,193154812383.49664,7692.934633760773,0.0063165524651242,3.528814890930096,7.137484610671412,0.65,2.0,0.002,4,5.555586741973735,22.22234696789494,50.00028067776362,88.88938787157976,0.0011863865814848,0.0005431745646255
2.909135693745629,0.0686336366070907,0.0101470643726519,213657274045.75504,7807.52569966152,0.0206038624217478,8.412154736438222,4.4194284166,0.65,2.0,0.002,4,2.844093317830155,11.37637327132062,25.5968398604714,45.50549308528248,0.009139179480706,0.0040703956282777
2.18080672746792,0.0449711991330993,0.0065847761761599,212457491753.85944,7696.698144456142,0.046093588591076,7.780796058113796,1.1402488155023371,0.65,2.0,0.002,4,3.2985244890639427,13.19409795625577,29.686720401575485,52.77639182502308,0.0130581576667626,0.0073458263877384
1.320789551504354,0.0212007955075832,0.0164470617673119,204022688121.426,7644.368656487523,0.0121777990268157,1.395700347991966,11.050456530244988,0.65,2.0,0.002,4,22.08608550820254,88.34434203281016,198.77476957382288,353.37736813124064,5.251179160510357e-05,2.954605072393698e-05
2.427415911059593,0.0319922977057829,0.0199403268608159,180367297809.7065,7691.916792499596,0.0068928078772623,7.848291780957173,9.226449341022713,0.65,2.0,0.002,4,7.430785911655379,29.72314364662152,66.87707320489841,118.89257458648606,0.0032424479296002,0.0014987326923036
2.492566871031431,0.0502995356611101,0.010228958849711,211475672699.1864,7846.7130990168835,0.0278270764687398,7.753760257834535,4.576038182482522,0.65,2.0,0.002,4,3.8757287027688734,15.502914811075494,34.88155832491986,62.01165924430197,0.0159411755534435,0.007676955899702
2.96921475320186,0.0348741013898709,0.0061392254885781,202477636944.04712,7731.5142391240415,0.0195052447763619,0.1701450062824856,2.057420457542828,0.65,2.0,0.002,4,1.6159051727799931,6.463620691119973,14.543146555019945,25.854482764479894,0.0036754142327985,0.0019542236251138
2.479179851592332,0.0634626499020541,0.016070127165325,182960788296.60724,7625.30862059785,0.0212503974453247,5.323207474033077,9.133403265478409,0.65,2.0,0.002,4,5.807414151799455,23.22965660719782,52.26672736619511,92.91862642879128,0.0009419962253841,0.0003723592852782
2.452133408451929,0.0231338425165589,0.0199209226380936,213722354101.4912,7733.986666895393,0.0228560948722363,9.640696422600197,14.881882613891774,0.65,2.0,0.002,4,7.897211684020837,31.588846736083347,71.07490515618753,126.3553869443334,0.0012371488190017,0.0004603571418843
2.605291675990795,0.0495777241367486,0.0159193155000871,210028102037.43365,7802.705575868093,0.0466413294314059,9.903383661167547,4.671198680494942,0.65,2.0,0.002,4,5.51768666297377,22.07074665189508,49.65917996676394,88.28298660758033,0.0068910664544248,0.0037712322178318
1.218712155950003,0.0317732179090919,0.0061786305087407,219206021634.46976,7649.142650364512,0.0140382925517612,8.115888898036253,6.504761808123185,0.65,2.0,0.002,4,10.098085708935928,40.39234283574371,90.88277138042336,161.56937134297485,0.0040111731413361,0.001934892374019
2.3078108612421264,0.0626000564733527,0.0157419641148925,215003995882.4589,7845.44217401877,0.0175197718274625,1.085145464368026,9.059683139298766,0.65,2.0,0.002,4,7.016205472338986,28.064821889355944,63.14584925105088,112.25928755742378,0.0002530339807629,0.0001060132983756
1.071664326891283,0.0650892494997173,0.0170383567949658,188544899034.86475,7795.9596134629855,0.0352396750491445,7.451151263949621,64.34712715701,0.65,2.0,0.002,4,33.08354330855936,132.33417323423745,297.7518897770342,529.3366929369497,1.95803509045016e-05,6.111508306112802e-06
1.7079586686052557,0.0397037914263852,0.0084197170128929,199073519067.3257,7644.0511760497775,0.0255455214300673,0.4229413952264224,13.001610639162433,0.65,2.0,0.002,4,6.679085288516934,26.71634115406773,60.111767596652406,106.86536461627094,9.462705838909074e-05,3.703228021998666e-05
1.891744742882308,0.06763540990082,0.0092384719300159,188527755083.98795,7819.51949752922,0.0101889713601918,2.859617218515814,2.86945670393784,0.65,2.0,0.002,4,5.747803873811708,22.99121549524683,51.730234864305366,91.96486198098732,0.0008688141874947,0.0005126932718359
1.5162165216127508,0.0415098344635636,0.0051392657813525,196694537983.20947,7601.107390305565,0.0304256946164601,7.069884812826254,6.249147141387162,0.65,2.0,0.002,4,5.156625580824973,20.62650232329989,46.40963022742476,82.50600929319957,0.0177443994548754,0.0080691413958542
2.169226424431676,0.020566143657659,0.0135475983234801,205344151437.67444,7966.104500617628,0.0236174753148884,5.787229826786447,6.99279075943858,0.65,2.0,0.002,4,6.628266516264247,26.513066065056982,59.65439864637822,106.05226426022794,0.0181199570700618,0.0105601629195935
2.1989665245604835,0.0401538279037517,0.0156550933065243,211186633676.8309,7911.289546234751,0.0171256905227159,6.573679395929539,3.538964529360525,0.65,2.0,0.002,4,7.585029118231154,30.340116472924617,68.2652620640804,121.36046589169848,0.0011254775101438,0.0006118003567029
2.391732955048381,0.0292246082318251,0.0187854283450882,215703442828.32,7954.681372029696,0.0265557588958875,1.7899964395044627,12.080610751110871,0.65,2.0,0.002,4,7.754291540938887,31.017166163755547,69.78862386845,124.0686646550222,0.0003183605785779,0.0001173349898498
2.113168533253789,0.0776342413430926,0.0086004241968454,212150389715.36697,7884.727213742982,0.0113040426527647,9.272267757909235,7.88077796305054,0.65,2.0,0.002,4,4.530117188538315,18.12046875415326,40.77105469684484,72.48187501661305,0.0032030461686745,0.0014218901156711
2.147690604049195,0.0309990897121724,0.0120370015545817,206032490601.76135,7651.272829273122,0.0468767421894606,5.106674524595835,10.286294180702194,0.65,2.0,0.002,4,6.140519974482744,24.56207989793097,55.26467977034469,98.2483195917239,0.0017672089904965,0.0006251022902481
1.4936695247579057,0.0282597611484638,0.0139636051067365,209754879112.12888,7874.107226718888,0.0174281042852384,8.559003880032943,19.06092071270359,0.65,2.0,0.002,4,14.647825096086516,58.59130038434606,131.83042586477865,234.36520153738425,0.0011000153952631,0.0004217093360449
2.714652979495376,0.0615216748220897,0.007074619886259,207237709580.9704,7841.793477935097,0.0200152441631931,2.165273568166255,4.012862482648945,0.65,2.0,0.002,4,2.2378471246394613,8.951388498557845,20.14062412175515,35.80555399423138,0.0042393185478157,0.0019969014930111
1.262474985618816,0.0387680074339708,0.0198768057207386,186290413067.4834,7719.414624919387,0.0464330368346964,9.636749825093949,16.99912689411218,0.65,2.0,0.002,4,27.78007102763461,111.12028411053844,250.02063924871152,444.4811364421538,0.0001359264855137,6.819732953507956e-05
1.863794557751817,0.0576107251541161,0.0137162910805298,219962927239.5625,7710.512566483251,0.0082102752683663,3.9398339116953673,10.829595179222972,0.65,2.0,0.002,4,9.56319450710918,38.25277802843672,86.0687505639826,153.01111211374686,0.0013869255617338,0.000632751760594
1.7876186610605709,0.0646541166826473,0.0190411687901968,193667150401.72507,7824.515980850269,0.0433544288425645,6.186499028592761,5.4037500544893815,0.65,2.0,0.002,4,13.442261441936948,53.76904576774779,120.98035297743256,215.0761830709912,0.0001575313065699,8.662203427971366e-05
2.761693061621145,0.0547648017757883,0.0168870032155791,190516562885.15375,7648.819119901382,0.0366102307934053,7.959438593926105,4.48389533485974,0.65,2.0,0.002,4,5.010720703150376,20.042882812601505,45.096486328353386,80.17153125040602,0.0080872833183109,0.0045238411971273
1.5824305011250477,0.0387545260593975,0.0131423876379665,189350175698.909,7735.114530998987,0.0253596750885073,3.9243937825361086,19.69710722654651,0.65,2.0,0.002,4,11.774804849016872,47.09921939606749,105.97324364115184,188.39687758427,0.0002840802221294,9.513202677200608e-05
1.4400027866989495,0.0342243171495323,0.013403829805913,215041033441.93665,7715.431974241838,0.0197959992690119,5.551220231574745,4.209174752407192,0.65,2.0,0.002,4,15.474336608346958,61.89734643338783,139.2690294751226,247.58938573355127,0.0002465691249095,0.0001448220215847
1.095646864113455,0.0437024257154414,0.0132040903198845,211193132619.66217,7959.439906642179,0.0142166201477196,6.669364270605034,26.884240392211957,0.65,2.0,0.002,4,25.69183843253149,102.76735373012598,231.22654589278343,411.0694149205039,0.0009081581212738,0.0004671686560223
2.5878100744332926,0.0439198090497235,0.0173382228462561,205199280160.44104,7751.4734261206095,0.0086301479954938,0.7615072355195025,3.94149161406924,0.65,2.0,0.002,4,6.040387793959209,24.16155117583684,54.363490145632895,96.64620470334737,0.0002760382600974,0.0001380728207126
2.287706997009551,0.0543286935359071,0.0113307327580837,203262409601.0653,7813.61612131014,0.0475111683150614,8.392244283666919,4.549681553494489,0.65,2.0,0.002,4,5.007130944861182,20.02852377944473,45.06417850375065,80.11409511777892,0.0123066466228663,0.0072758650965035
2.1551326629849847,0.0702903109381174,0.0097055227529784,203622461156.2948,7702.578078925751,0.0108326051545203,8.537338111204594,9.579038359656336,0.65,2.0,0.002,4,4.871861735597111,19.487446942388445,43.846755620374005,77.94978776955378,0.0017571147525796,0.0008567740131962
1.6572086686378376,0.0542999069230856,0.0113438539098792,186420764725.37604,7844.187972956832,0.036009952972351,0.1010770832060017,10.649838588300204,0.65,2.0,0.002,4,9.130795846759309,36.52318338703723,82.17716262083377,146.0927335481489,3.150820233892465e-05,1.4752481083028309e-05
1.7303694060421344,0.0618369377591983,0.0139144164202073,188305486883.7568,7825.254217434044,0.0446858247712517,6.701649528335454,10.845944199329525,0.65,2.0,0.002,4,10.33710325515001,41.34841302060004,93.0339292963501,165.39365208240017,0.0021359004331399,0.0013366394212888
2.055089748994366,0.0425166883816096,0.0195489782457471,186917092310.67725,7727.866227050835,0.0182282211916056,5.478760844735974,11.341417300725604,0.65,2.0,0.002,4,10.32253684886958,41.29014739547832,92.90283163982625,165.16058958191329,0.0017771132363117,0.0008524833501492
1.3937548811453484,0.0644063582030262,0.0087859522228356,197250932535.7965,7686.968815683228,0.0100984030411198,4.050730192489896,12.458033943483654,0.65,2.0,0.002,4,10.389084089919695,41.55633635967879,93.50175680927728,166.22534543871515,0.0011397917333996,0.0004869233335199
1.23642253568906,0.0594493580177806,0.0154000080184269,212581074212.8428,7672.414751109302,0.0282547246743997,6.642229841642266,14.490536126255323,0.65,2.0,0.002,4,24.044327764985308,96.17731105994125,216.3989498848678,384.7092442397649,0.0001090812997065,5.261523170941984e-05
1.7248112105947049,0.0266736684534987,0.0083235987938139,180978303871.3672,7878.56646279606,0.0098107317594873,8.887513033597704,7.607786488641408,0.65,2.0,0.002,4,6.080606723965827,24.32242689586331,54.72546051569244,97.28970758345324,0.0145943122658612,0.0065975185498834
2.9387508691247515,0.0759335416977967,0.006666189990059,191539064574.2929,7903.958610344457,0.0412809618129159,5.092238637567455,0.3945434041905395,0.65,2.0,0.002,4,1.723009818877588,6.892039275510352,15.507088369898293,27.568157102041408,0.0142606120637823,0.0095398771208162
1.058402823361686,0.0617720222492704,0.0151322625935614,192829478051.01904,7645.086669425634,0.0096083271172229,9.69535767727011,43.63555187412363,0.65,2.0,0.002,4,30.76285581605417,123.05142326421668,276.86570234448754,492.2056930568667,9.402834473089704e-05,3.245642807290191e-05
2.773383115854961,0.0689202139079794,0.0066429379706984,188911063395.32724,7846.794294031167,0.0369459550008554,0.1865085455311769,0.877443778974449,0.65,2.0,0.002,4,1.9215526087675563,7.686210435070226,17.293973478908008,30.744841740280904,0.0006526435511962,0.0003731108111966
1.0625545025496128,0.0775965451606639,0.0072163016760816,194136279058.1237,7753.917853998283,0.0270243454666286,7.87589582110829,3.059422990197207,0.65,2.0,0.002,4,14.502212197280764,58.00884878912306,130.51990977552688,232.03539515649223,0.0002751911901898,0.0001824230248648
2.260509328318271,0.0546228487186351,0.0109944961511077,213339732348.02536,7879.360638277351,0.0060233658547627,7.789271326231178,5.648336829173775,0.65,2.0,0.002,4,5.076710075827816,20.306840303311265,45.69039068245034,81.22736121324506,0.0149705437956536,0.0070853884608481
1.287475154339231,0.0429787037671055,0.0085667094934742,191626325039.35367,7728.981299721626,0.037325148757447,1.849817804229044,7.875866522337832,0.65,2.0,0.002,4,11.668956943092724,46.6758277723709,105.02061248783454,186.7033110894836,0.0003550987113333,0.0001805373689546
2.802735288112801,0.0477867399886532,0.0089184677138895,215990235654.16077,7661.18059113956,0.0498174583673275,6.171197041985486,5.050547698350598,0.65,2.0,0.002,4,2.7335344059187574,10.93413762367503,24.60180965326882,43.73655049470012,0.0071445583885902,0.002981931297878
2.897311720314427,0.0375771564687315,0.0157542486194047,206520556277.394,7614.241512535109,0.0169504284355825,2.1469906238267376,3.844607581403957,0.65,2.0,0.002,4,4.432051737728389,17.728206950913556,39.8884656395555,70.91282780365422,0.0044177804217347,0.0021846006825183
1.8297040110523304,0.0274314128677581,0.0111566221033317,202277348848.538,7972.284472482259,0.0066300048970386,6.252438224369247,7.793812805976443,0.65,2.0,0.002,4,7.611715186266382,30.44686074506553,68.50543667639745,121.78744298026211,0.0355941816366873,0.0174367405023924
1.6431682057389023,0.0251531725662543,0.0086694069913854,180447470123.47507,7994.6503670099855,0.0150117013457932,8.16727183258519,3.483230100158354,0.65,2.0,0.002,4,6.917198853365517,27.668795413462068,62.25478968028965,110.67518165384828,0.0047778432716212,0.0027881906142659
2.311839899859232,0.0297930594028714,0.0077048666957123,202356305332.5831,7750.164618363485,0.0262087317747876,3.1579999373069536,6.400764344018398,0.65,2.0,0.002,4,3.3402715954509543,13.361086381803815,30.062444359058595,53.44434552721527,0.0042694209866275,0.001897595066615
2.600257745282406,0.045184314821875,0.0072930075785107,186234671431.10565,7968.722304297119,0.0155167098925217,8.753745509079504,2.6149731318955767,0.65,2.0,0.002,4,2.3644985047447498,9.457994018979,21.28048654270275,37.831976075916,0.1300190520482018,0.0691288593513718
2.2847615034312603,0.0492951134168779,0.00698214453772,216076666514.08817,7818.726747308709,0.0178273837832637,8.79147622898537,0.9501189667692036,0.65,2.0,0.002,4,3.18839604386847,12.75358417547388,28.695564394816238,51.01433670189552,0.0127898916250215,0.0074731876806507
2.8830777134761982,0.0272393202466211,0.0184418312363544,184015825825.9924,7705.815924460524,0.043091534123058,1.876971516226266,4.643068534273423,0.65,2.0,0.002,4,4.9163056087356125,19.66522243494245,44.24675047862052,78.6608897397698,0.0047080489521729,0.0027918478691874
1.978084159926606,0.0309686473160646,0.0098448195343843,185612398050.69247,7872.498859165748,0.0226822663684051,7.3699077009276195,6.595492597131651,0.65,2.0,0.002,4,5.539807459210779,22.15922983684312,49.85826713289701,88.63691934737247,0.0124647861415484,0.0056965517141196
2.022112241002852,0.0498767432272323,0.0173012325722488,191330260488.03223,7939.965511762394,0.0140396095356702,8.803161983671517,11.056792553095214,0.65,2.0,0.002,4,9.418425462546294,37.673701850185175,84.76582916291663,150.6948074007407,0.0021028093810473,0.0009065021080576
1.2171812339431354,0.0206063986658755,0.0157280750648321,190264669837.5417,7803.799442055109,0.010022722100247,9.854429640038868,10.118505851115565,0.65,2.0,0.002,4,23.769517034674333,95.07806813869732,213.92565331206904,380.3122725547893,0.0003244092157553,0.0001734898113657
1.1267910949418598,0.0778828088989695,0.0194964100487343,206976391742.0145,7952.699299856004,0.0247297042932188,3.2027025799551723,16.97476705158601,0.65,2.0,0.002,4,35.52222960967598,142.08891843870393,319.70006648708386,568.3556737548157,9.925218316889991e-06,5.558333715085914e-06
1.0209583077887685,0.0658783087784404,0.0062737490582985,184264662974.6515,7912.68274800461,0.0360284767202932,5.662840980432715,22.08749235344351,0.65,2.0,0.002,4,13.17041726463679,52.68166905854716,118.53375538173113,210.72667623418863,0.0003821821501282,0.0001241617974795
2.978094333761759,0.0668549047526643,0.0122107119378504,203022614212.0978,7824.869764533237,0.0164462338914417,1.935367873504854,2.3358882931547176,0.65,2.0,0.002,4,3.1799990350768548,12.71999614030742,28.6199913156917,50.87998456122968,0.0029881211212928,0.001528228983476
2.1022745639412297,0.0477026631134807,0.0107849733711819,203146067305.25854,7827.7623546738705,0.0080781133174703,4.207694755289709,8.443095354292717,0.65,2.0,0.002,4,5.637088501825744,22.548354007302976,50.7337965164317,90.1934160292119,0.0017599121535076,0.0008292020612862
2.321523229451071,0.0419394527782746,0.0084068330787847,183344654375.1007,7640.700500528351,0.0481743643443582,7.905720534780469,2.22070811197488,0.65,2.0,0.002,4,3.4648397163009195,13.859358865203678,31.183557446708274,55.43743546081471,0.0167575070843986,0.0087639549385577
2.894503854757745,0.069259123964207,0.0111261417290113,204467723546.77173,7810.656678012034,0.0186488880207853,4.409669276695995,5.2151775533416425,0.65,2.0,0.002,4,3.0810176335141675,12.32407053405667,27.729158701627508,49.29628213622668,0.0030319913074667,0.0013133572054228
2.5710450285492827,0.0713490608418187,0.0162758147419324,215420455792.08737,7841.674159487357,0.0426683156352423,4.2301522143891646,10.149773890840558,0.65,2.0,0.002,4,5.851829989817329,23.40731995926932,52.66646990835597,93.62927983707726,0.0004671162204742,0.0001667590749486
1.7110380372704928,0.0364926245975011,0.0197001896741743,190090031420.8673,7890.283358295097,0.017769114311267,0.7978461030334992,21.41503233788514,0.65,2.0,0.002,4,14.976616334665655,59.90646533866263,134.7895470119909,239.6258613546505,3.8545009034217945e-05,1.3932322501048924e-05
1.8105091629560868,0.0675886254952232,0.0123438320810169,189403426544.0185,7851.56557468158,0.0261099239227877,2.7142916368142207,7.452103769205376,0.65,2.0,0.002,4,8.386747921001916,33.546991684007665,75.48073128901724,134.18796673603066,0.0011263070874587,0.0005871871312358
2.411137914213737,0.0673701171324059,0.0131169143631168,191042735130.1646,7693.789189881284,0.0488365686803027,4.424255302304281,5.780707175778293,0.65,2.0,0.002,4,5.098142320397856,20.392569281591424,45.8832808835807,81.5702771263657,0.0032930606175968,0.001753368739815
2.343481011988709,0.0675104304736343,0.0147578440711299,195855255800.24304,7973.971289927143,0.0376849407212595,5.324044333685078,3.4562618964541745,0.65,2.0,0.002,4,6.03892414834164,24.15569659336656,54.35031733507476,96.62278637346624,0.0011036781827528,0.0005704544294789
1.8809046904325333,0.0701379955431994,0.0140838746539216,182749532079.13644,7777.163532528331,0.0190297156450062,6.452292221225163,11.430100412455898,0.65,2.0,0.002,4,8.750549937800182,35.00219975120073,78.75494944020164,140.0087990048029,0.0009126262280496,0.0003718383898496
1.7897506197657005,0.0741060411993785,0.0106012352104972,209237300309.30927,7845.494067775623,0.0223485587573825,8.09554757763057,14.48984172354796,0.65,2.0,0.002,4,7.750149608028159,31.00059843211264,69.75134647225343,124.00239372845054,0.0006407442455772,0.0002383905799365
2.770125906087745,0.0331503674793551,0.0151886973681166,183428718623.51352,7944.384932632784,0.0266809717930415,6.279233340920396,7.471734854775172,0.65,2.0,0.002,4,4.312750080454224,17.251000321816896,38.81475072408802,69.00400128726758,0.0030494815299589,0.0011984788180839
2.93377069612357,0.0329193028931025,0.015345650424079,206950625002.3235,7908.892753207439,0.0200897410181778,1.9255402676039752,4.776212366406446,0.65,2.0,0.002,4,4.135592604296233,16.542370417184934,37.220333438666096,66.16948166873973,0.0042633502447494,0.0020225978355977
1.6169192449955003,0.0757545346403689,0.0064151225395948,219770767166.5313,7908.036287263548,0.0091971907395947,6.596673516239506,1.5339739162859425,0.65,2.0,0.002,4,5.865542495876187,23.462169983504747,52.78988246288569,93.848679934019,0.0018535639132433,0.0010973819183479
1.0996870880690828,0.0630859871160157,0.0085765578020223,198060682409.1733,7747.101240237909,0.0100778154492809,3.52126132986658,13.499861366659504,0.65,2.0,0.002,4,16.26048672031207,65.04194688124828,146.34438048280862,260.1677875249931,0.0004944163763122,0.0002234835091607
1.9409290002493436,0.0430976997174755,0.007065769294698,187624658886.098,7692.977272776543,0.0261659252235856,3.78392303042126,6.891188754015019,0.65,2.0,0.002,4,4.2001726452696735,16.800690581078694,37.80155380742706,67.20276232431478,0.0038020201755085,0.0015165099176441
2.4503982360117544,0.065284316717833,0.0183356500069791,208617489378.22076,7869.898390438083,0.0475302783826811,5.42035506703777,9.81686563951728,0.65,2.0,0.002,4,7.129236417548504,28.516945670194016,64.16312775793655,114.06778268077606,0.0006986221743841,0.000279682558823
1.7904693075177889,0.0648245480377931,0.0105731481260954,187553456819.0256,7678.198330958635,0.0234521954111747,4.846229040578322,12.944485311950812,0.65,2.0,0.002,4,7.391501728597582,29.56600691439033,66.52351555737825,118.26402765756131,0.000596720596181,0.0002155053491926
1.1578570904869208,0.0579934995384237,0.0130176950678616,180227382992.6801,7682.742677811356,0.0077629809197518,5.745319175277154,4.846639731340195,0.65,2.0,0.002,4,21.325816784656173,85.30326713862469,191.9323510619056,341.2130685544988,7.847567083370781e-05,4.67941314223798e-05
2.625160463081928,0.0589977616665041,0.0169904919326802,214228887801.9784,7846.938977209513,0.0066530798603811,3.047701835303488,10.40012673671579,0.65,2.0,0.002,4,5.841338536343951,23.365354145375804,52.57204682709556,93.46141658150322,0.0004024484145866,0.0001840144922352
1.395058784880626,0.0243552595151316,0.0197123172022753,204242021234.20816,7811.897587165332,0.0449901759899331,5.9848091301187605,15.817795480969671,0.65,2.0,0.002,4,23.484223007106912,93.93689202842764,211.35800706396225,375.7475681137106,0.0002100421524401,0.0001075259812974
1.9813315404784748,0.059745853047109,0.0184600465536894,184417020437.1993,7956.8772616026545,0.0465086734967227,9.243737364758069,2.142422884229183,0.65,2.0,0.002,4,10.265424444709636,41.06169777883855,92.38882000238677,164.2467911153542,0.0003089874220248,0.0002132072230986
2.5350314173468025,0.0763906251398332,0.0129945067118884,191470840594.41656,7919.40367890373,0.0287031146236404,8.834556113052894,5.4954947250197135,0.65,2.0,0.002,4,4.5084519058794665,18.033807623517863,40.57606715291519,72.13523049407146,0.0058746803520582,0.0027347012565087
1.5467303004705564,0.0217645761573903,0.0099411832416765,208339204748.50613,7623.920483709016,0.0211870695952142,3.050542020714379,5.858974347919292,0.65,2.0,0.002,4,9.849960029814984,39.39984011925994,88.64964026833488,157.59936047703977,0.0012720117068617,0.0006170926733284
2.396110456772184,0.0700024636683121,0.0167918211473488,219081894881.9152,7854.742159466777,0.0194551444201489,5.029483369378482,11.692395628186317,0.65,2.0,0.002,4,7.004072978628738,28.01629191451495,63.03665680765863,112.0651676580598,0.000450664473611,0.0001686234311156
2.010842875553579,0.0422785279231605,0.0188339245098068,183713047014.66388,7821.727869861358,0.016110760170411,8.518705050782382,8.297271473273975,0.65,2.0,0.002,4,10.236051327622512,40.94420531049005,92.1244619486026,163.7768212419602,0.001752183760817,0.0008272291610517
1.1168946747880566,0.0300247284096204,0.0160849793350933,196189323255.0127,7602.759535117437,0.0339690758286807,7.1003999416926655,54.16157777390735,0.65,2.0,0.002,4,29.70143127977685,118.8057251191074,267.3128815179916,475.2229004764296,6.678599902039591e-05,2.0376119800376765e-05
1.4505700874155536,0.0479744805374825,0.0104134263718989,207063026680.79214,7630.030478208251,0.0269941401265018,1.8251731853836184,15.105371987042444,0.65,2.0,0.002,4,11.69051415917466,46.76205663669864,105.21462743257194,187.04822654679452,0.0002936102360897,0.0001162048373436
1.1656641859286052,0.0795319724703588,0.0176747538659031,206401739416.24,7902.529448323443,0.0107685814889679,7.68255646162143,17.30142824002214,0.65,2.0,0.002,4,30.144586920455204,120.57834768182082,271.3012822840968,482.31339072728326,4.928902244592481e-05,2.347321258397209e-05
2.851856908280936,0.0455831734801456,0.0078599436793726,190912819366.02237,7662.059535960378,0.0468751097590655,3.1283467640607583,0.9999522255060372,0.65,2.0,0.002,4,2.1874493740106304,8.749797496042522,19.68704436609568,34.99918998417009,0.0109214116759606,0.0062867705734233
2.537906994264719,0.020847404548741,0.0164009455865808,213421500058.1967,7765.060501118231,0.0272251104804445,0.6184935339599406,3.113488240627008,0.65,2.0,0.002,4,6.0533167349917765,24.213266939967102,54.479850614926,96.85306775986842,0.0003162249417788,0.0001805541645453
1.050147259388408,0.0556056717906269,0.0121901896674744,211466904785.77823,7601.6610280173745,0.0081752174558783,8.610821257120216,28.168128790294805,0.65,2.0,0.002,4,26.436640463778144,105.74656185511256,237.9297641740033,422.9862474204503,0.0008713199104499,0.0003895402337765
1.9113594288182765,0.0629783821006383,0.00745376645099,216096090599.37115,7728.610933676615,0.049219821177758,2.925584373587386,7.368322044267394,0.65,2.0,0.002,4,4.892074260118159,19.56829704047264,44.02866834106343,78.27318816189054,0.0015815281476912,0.0006278960020587
1.9088328203325564,0.0677131358347829,0.007116164144706,181594301765.6884,7879.173629940657,0.0497619973829349,1.0385022819274357,7.464956305239916,0.65,2.0,0.002,4,4.251578447430776,17.006313789723105,38.26420602687698,68.02525515889242,0.0004947974226053,0.0001848298191135
2.86740137062188,0.0728197829599015,0.0141002652544853,192785177125.8324,7787.24150876525,0.0307015942505157,5.4468597105726015,2.556336947833801,0.65,2.0,0.002,4,3.8692300959211496,15.4769203836846,34.82307086329035,61.9076815347384,0.0033801237747612,0.001731785364875
1.4414694953308715,0.0593836872996396,0.0109086150446377,186304498820.38895,7923.523591708116,0.0244291420373276,9.159196363254171,6.327285403371081,0.65,2.0,0.002,4,11.54357824977872,46.17431299911488,103.8922042480085,184.69725199645956,0.0007683134604286,0.0003950655907126
1.171336359378301,0.0463202230294699,0.0094365592806562,180293378838.34583,7820.980748305513,0.0297502385800802,3.2725602407571657,15.723720288476391,0.65,2.0,0.002,4,14.974038940135298,59.89615576054119,134.76635046121768,239.5846230421648,0.0012306834258929,0.0007236140466792
1.848730578869988,0.0672843756552863,0.0075190435970212,191431699084.4239,7735.234232533582,0.0097619338717035,5.067867669253072,2.709952753413275,0.65,2.0,0.002,4,4.962663176177613,19.85065270471045,44.663968585598525,79.40261081884181,0.0031168325105481,0.0016589978214574
2.5212886955908007,0.0635970746138119,0.0097876217369148,182418183839.57083,7933.238150008772,0.0457195402913151,1.3655238397779252,5.778745155053126,0.65,2.0,0.002,4,3.347881638496678,13.391526553986711,30.1309347464701,53.566106215946846,0.0008538805165694,0.0003356881519035
2.677461207535741,0.0767837847501669,0.0188610724112939,205564969631.35452,7891.151086443456,0.0398887815815099,8.11253894922447,9.252573070157856,0.65,2.0,0.002,4,6.089107436049358,24.35642974419743,54.80196692444422,97.42571897678972,0.0009059935499522,0.0003464036531581
2.685463937612944,0.0467833695286225,0.0192946274234015,206031783588.70947,7646.3595461277,0.044829184470206,4.943725389224898,2.8650391441164462,0.65,2.0,0.002,4,6.297479388202035,25.18991755280814,56.67731449381832,100.75967021123256,0.000829343372723,0.0004669215986856
2.9760335368406867,0.0292681758018847,0.0117804017034014,216223272084.1956,7890.212427358179,0.032620110673771,2.6453727938618594,1.6954232849384636,0.65,2.0,0.002,4,3.1573344017381446,12.629337606952578,28.416009615643304,50.51735042781032,0.0052651912477648,0.0029476347804468
2.1057002252208,0.0326706152007707,0.0161203263601296,206781571304.4508,7826.013014963421,0.0438501278309442,7.863999294096424,11.883403023324805,0.65,2.0,0.002,4,8.474139899100907,33.89655959640363,76.26725909190816,135.5862383856145,0.0015660790454208,0.0006093717639568
2.5758873383097134,0.0225316528857763,0.0101786443768784,206351250905.2748,7910.400383433812,0.0316483345458614,8.705299135765936,5.959504827836863,0.65,2.0,0.002,4,3.552792035289492,14.211168141157968,31.975128317605428,56.84467256463187,0.0147273404272863,0.0059611499831374
2.4992395277465063,0.0743060774281859,0.0172612864643867,199796683807.84637,7742.577334812093,0.0347958204413386,8.186993630562323,12.486412296240644,0.65,2.0,0.002,4,6.365580488887351,25.4623219555494,57.290224399986165,101.8492878221976,0.0004939620136953,0.0001883763881086
1.559646883078856,0.0585051848716369,0.0194243518497983,180942330237.09195,7850.636402804398,0.0120575732398902,8.182949159557253,23.52410952984341,0.65,2.0,0.002,4,17.38364660604176,69.53458642416705,156.45281945437586,278.1383456966682,0.0002293780175493,8.586118899743331e-05
1.458652502616148,0.0746811513038623,0.0113777113628696,180022166593.31616,7817.315629339992,0.0332728639662806,8.706697196762146,13.649532719483163,0.65,2.0,0.002,4,11.636293093195167,46.54517237278067,104.72663783875652,186.18068949112268,0.0011986349952233,0.0005444931371121
1.2100635760244691,0.0316831208075376,0.0081562041323202,216457540246.8188,7631.209522210383,0.0388025616825407,2.9482758071867434,16.793383495553336,0.65,2.0,0.002,4,13.452116950992885,53.80846780397153,121.06905255893594,215.23387121588613,0.0007453275744773,0.0003120286439645
1.235008764505203,0.0235894602390379,0.017520614964904,186230306838.9832,7813.959261190348,0.0462085186045419,5.717736324138301,23.2679803245974,0.65,2.0,0.002,4,25.428932463682894,101.7157298547316,228.8603921731461,406.8629194189264,0.0005078319474634,0.0003028516988351
2.662256981802916,0.0433798851776941,0.0143611687678891,207109084100.6114,7806.096570668857,0.0124513362568897,7.004816905094113,3.052711634245702,0.65,2.0,0.002,4,4.732620763824725,18.9304830552989,42.59358687442253,75.7219322211956,0.0049016760137975,0.0024244217841747
1.8963314042320023,0.0499830901514442,0.0072105736354799,184509527002.35068,7864.622585085514,0.0446185341070357,6.975141239991213,7.545763594294572,0.65,2.0,0.002,4,4.4039365223809455,17.615746089523782,39.63542870142851,70.46298435809513,0.004487723782788,0.0016674163929969
2.8994902854590245,0.0795140324285553,0.0121460342841932,187097181855.2404,7795.177794731633,0.0096040816287372,8.738107478802702,3.8802124491460166,0.65,2.0,0.002,4,3.2095271296417125,12.83810851856685,28.885744166775417,51.3524340742674,0.0143462687401905,0.0067680486323993
2.340578438840337,0.0298408268288887,0.0107172378447735,189447096246.3642,7868.738232737252,0.0400968974381282,1.5071238479738005,7.905869383933583,0.65,2.0,0.002,4,4.35268411454569,17.41073645818276,39.17415703091121,69.64294583273104,0.0009637497945187,0.0003679689054466
1.0368474325042434,0.0743052219983726,0.0142361471829286,196853799170.92947,7773.72509710426,0.0391098040862178,8.351353035005351,49.98553283217613,0.65,2.0,0.002,4,30.216859230414983,120.86743692165994,271.9517330737349,483.4697476866398,4.310588643218117e-05,1.3572889461143088e-05
2.153292117561141,0.0420050402221065,0.0115040052721545,196104869758.64737,7780.214932823307,0.0063526400867738,2.548549563346274,11.172243582329568,0.65,2.0,0.002,4,5.648339813028171,22.593359252112684,50.83505831725354,90.37343700845074,0.0005406293329096,0.0002800140119239
1.1111358338137558,0.0368366861680193,0.0100119506075231,186919777807.66376,7725.557347920796,0.0384211655026288,0.2453601512447006,30.548045330405976,0.65,2.0,0.002,4,18.08740914955228,72.34963659820912,162.78668234597052,289.39854639283647,9.789432481231238e-06,3.107084056772884e-06
2.468907664685256,0.032890032857289,0.0166986416058602,183108488687.7231,7656.683659972424,0.047038566976955,2.8748172692253813,2.8621254415377866,0.65,2.0,0.002,4,6.07483643135762,24.29934572543048,54.673527882218586,97.19738290172192,0.0008552240296958,0.0004877132287595
1.305754244252672,0.075239951496414,0.0101208060107259,182004267587.87732,7736.961470724252,0.0407505663723148,6.264816575383261,20.254963122588403,0.65,2.0,0.002,4,13.055004653319344,52.220018613277375,117.49504187987412,208.8800744531095,0.0002816842729503,9.743774388938768e-05
2.843405059614254,0.0708182253303498,0.0198663249645959,218581951837.2265,7725.78213808542,0.0221269081406353,7.012754103970721,1.3543610331496925,0.65,2.0,0.002,4,5.926594951135012,23.70637980454005,53.33935456021511,94.8255192181602,0.0006369106630199,0.0003930900132991
1.9260131730110155,0.0499556659393979,0.0143236525687098,197368383953.35928,7946.830691089525,0.0231496101431684,9.431269099008182,15.518773177289145,0.65,2.0,0.002,4,8.725821777047951,34.903287108191805,78.53239599343156,139.61314843276722,0.0007396710384007,0.000260350674913
2.4373793430090487,0.0228418263979572,0.0059282821553836,181020062558.40796,7839.847559805147,0.0082204025027878,9.340544732764814,4.1016869971386045,0.65,2.0,0.002,4,2.174309751314901,8.697239005259604,19.568787761834116,34.788956021038416,0.0566441234860372,0.029506683038059
2.967228427673453,0.0268675784713973,0.0178939532409507,207977175480.96304,7669.553744170976,0.0295867128181593,0.2180556347726637,5.910668166041601,0.65,2.0,0.002,4,4.799062216135073,19.19624886454029,43.19155994521566,76.78499545816116,0.0002574568477851,0.0001171594085279
1.0533439992925206,0.0203193789224252,0.0109933156249909,215370134619.0151,7927.904831687171,0.0460420609212362,5.3844449613561,23.59831049492593,0.65,2.0,0.002,4,23.41698758547583,93.66795034190332,210.7528882692825,374.6718013676133,0.0016934675062944,0.0011334816967664
1.4004126061858424,0.0474611347735288,0.0177457972384798,212038209688.75195,7665.219413796532,0.0353039440158077,8.582688923157711,36.15955797569031,0.65,2.0,0.002,4,21.580301843469343,86.32120737387739,194.22271659122413,345.28482949550954,0.0001096360732682,3.43313388410371e-05
2.9078898507125173,0.0489859042733264,0.0141211453416488,184844276349.9838,7844.014035252605,0.0299895211943808,9.326100344953025,3.4634305180921623,0.65,2.0,0.002,4,3.676013488813484,14.704053955253936,33.084121399321354,58.81621582101574,0.0351844154246668,0.0192102079380007
1.6991771916640963,0.0202779394485895,0.0193058870627416,189479534533.09875,7877.648192838401,0.0071322591988189,7.507703854837139,8.864643870408218,0.65,2.0,0.002,4,14.870464664000028,59.481858656000114,133.83418197600025,237.92743462400043,0.0007664333070644,0.0003673872582173
2.802725407052689,0.0468358139343635,0.0167201943600787,192572466749.1128,7644.309750804476,0.0449686250756114,1.7218880169181916,4.017702567789313,0.65,2.0,0.002,4,4.844371417163157,19.37748566865263,43.59934275446841,77.50994267461051,0.0015050384851939,0.0008070735483238
1.3902401109074496,0.0682502800641784,0.0103124686244909,199335961115.5174,7689.12792942555,0.0358740982026019,7.832230734768981,9.990078485784055,0.65,2.0,0.002,4,12.318747375726538,49.27498950290615,110.86872638153883,197.0999580116246,0.0011363560028317,0.0005712492055802
2.388462882330661,0.0306590991705282,0.0196128591116319,218231888904.58817,7689.839121969882,0.0341154388869219,6.714218875682299,1.7210227394711264,0.65,2.0,0.002,4,8.30488548315253,33.21954193261012,74.74396934837277,132.87816773044048,0.0006534688512057,0.0004510920519612
1.1202365272897343,0.0318602610908701,0.008507364862045,197083554777.13,7648.41053596457,0.0234441465039124,8.180326824352267,7.717641364064984,0.65,2.0,0.002,4,15.604305779812938,62.41722311925175,140.43875201831645,249.668892477007,0.000777523050895,0.0004417510222118
2.402810971304612,0.0436987521509758,0.0054819771164663,200880477796.3105,7657.744059036401,0.0075221740192052,3.5131203695651387,0.9794893275591042,0.65,2.0,0.002,4,2.2051884167516875,8.82075366700675,19.84669575076519,35.283014668027,0.0194325275931259,0.0108235694625744
2.0871351376371465,0.0666529544830275,0.0175641421469436,190605130811.80725,7846.439269264845,0.0300699669866352,2.350440801283191,9.748217614422783,0.65,2.0,0.002,4,9.011270833688355,36.04508333475342,81.10143750319521,144.18033333901369,0.0006850097234558,0.0003678220572869
2.793510743181397,0.048533670393976,0.0059049622786133,212888541843.7523,7859.273491866854,0.0401790671408275,4.338881648737845,2.407757268610212,0.65,2.0,0.002,4,1.7857910111321202,7.143164044528481,16.07211910018908,28.572656178113924,0.041101272866943,0.0193769478989121
2.082200919146492,0.077851176803916,0.0139684186929088,206904081618.6675,7916.512011441889,0.0139875611842054,5.645901846393953,9.751774168207156,0.65,2.0,0.002,4,7.468765467784516,29.875061871138065,67.21888921006065,119.50024748455226,0.0010104537094991,0.0004293634872609
1.9506643537238235,0.0797100071232462,0.0145627341950918,192324262536.3436,7917.483645359629,0.0117844833664771,9.364292819339196,6.950647067324933,0.65,2.0,0.002,4,8.553237503493655,34.21295001397462,76.9791375314429,136.85180005589848,0.0019523805846969,0.0009176702931403
1.3498298361465142,0.0420066619227014,0.009391441851626,216792747535.11368,7995.458573980433,0.0240080315620709,2.0912348573883475,13.34605218414424,0.65,2.0,0.002,4,12.170380798667937,48.68152319467175,109.53342718801144,194.726092778687,0.0009373921324299,0.0004617616638185
2.697734362118723,0.0526321873929291,0.0116220591849935,187577874394.42838,7661.356170047272,0.0244386192367331,4.614148332372406,5.446090123970496,0.65,2.0,0.002,4,3.583042404161316,14.332169616645263,32.247381637451845,57.32867846658105,0.0037966189276458,0.0016717832003325
1.7352904857272398,0.0569349203695617,0.0115119058912512,215122794219.81607,7887.405290676245,0.0099724992414605,8.016071518221587,7.310654040816654,0.65,2.0,0.002,4,9.053327890599082,36.21331156239633,81.47995101539175,144.8532462495853,0.0026048244690761,0.0012290612746688
2.3477536458567214,0.0580680056695448,0.0054101436165574,200452926232.2714,7614.479875070175,0.0354813469886423,9.36450247320986,4.186921568875408,0.65,2.0,0.002,4,2.283594978464339,9.134379913857355,20.552354806179046,36.53751965542942,0.0225519043635269,0.0101691881673371
1.5077821758447714,0.0338061892434403,0.0197804684325233,208243943295.7104,7847.114374555422,0.0052243234382512,1.924669020689588,27.3156026870322,0.65,2.0,0.002,4,20.324497374038984,81.29798949615594,182.92047636635087,325.19195798462374,7.056351149386394e-05,2.8563770911346408e-05
2.6414233682234864,0.0318054836551364,0.0167905447646876,208206497086.2386,7987.525489705263,0.0484510685717536,2.816665184092024,8.800527149658615,0.65,2.0,0.002,4,5.571331752341713,22.285327009366853,50.14198577107543,89.14130803746741,0.0009052464311893,0.0003354243808909
2.969299067235287,0.0416921647183519,0.0171973901873016,192735964713.1384,7919.685408896596,0.0320330263488189,2.2419213827314746,4.124360551836101,0.65,2.0,0.002,4,4.363262393723431,17.453049574893726,39.26936154351088,69.8121982995749,0.0057197276046535,0.0032232925832975
2.1977167402007054,0.0449410045487857,0.0138353123136532,182472478442.86865,7928.850909561643,0.0147490491003951,8.065005462547676,7.23985839933335,0.65,2.0,0.002,4,6.231152042547611,24.92460817019044,56.08036838292849,99.69843268076175,0.0064593518181847,0.0029906810189759
2.8310350158577053,0.0610274438292113,0.0096846363566962,215430383686.422,7839.452147272376,0.0379921316911306,3.915877841930021,2.6091888848645186,0.65,2.0,0.002,4,2.872319264325246,11.489277057300985,25.85087337892721,45.95710822920394,0.0198536627783658,0.0111164605976489
1.5059907733848596,0.05091046587579,0.0118401565727597,214479406042.22244,7855.697896738907,0.0229393467616027,3.918893979245898,14.65682736221973,0.65,2.0,0.002,4,12.369225001008235,49.47690000403294,111.32302500907412,197.90760001613177,0.0006872518884942,0.0002943215646451
1.91203871802206,0.0688292468553772,0.0060119523076414,217126791002.69125,7686.939344728723,0.0275327641775897,7.372234738082945,1.6735824004778035,0.65,2.0,0.002,4,3.963066828962996,15.852267315851984,35.667601460666965,63.409069263407936,0.0067783051034336,0.0037986745833005
2.418269321043636,0.0720633909473188,0.0075648873166459,207997378053.89453,7737.377316666295,0.0444037464649581,5.379977483621893,4.800547516862305,0.65,2.0,0.002,4,3.0412661416350897,12.16506456654036,27.371395274715805,48.66025826616144,0.0059474674808191,0.0024342144019034
1.9228146229350969,0.0230577379326659,0.0127907975595781,204214935398.94632,7890.947268791225,0.0475714940190599,0.9165235528591836,2.1011447940492887,0.65,2.0,0.002,4,7.980520672805654,31.922082691222617,71.8246860552509,127.68833076489048,0.0002224951382547,0.00013448541114
1.3437835907540483,0.0431511657406478,0.0196003110886105,203309238267.2392,7771.752607968218,0.0304671602850669,6.723857898729075,24.7439558508598,0.65,2.0,0.002,4,25.17402297051206,100.69609188204824,226.56620673460853,402.78436752819294,0.0006801182031938,0.0004500381058219
2.8372432782713304,0.0537449520993356,0.0122029998331947,182610314330.8139,7610.02089637498,0.0479036631657965,4.791125716798924,5.439928013301367,0.65,2.0,0.002,4,3.36722731001125,13.468909240045,30.305045790101257,53.87563696018,0.0034307602160599,0.0013541074587038
2.1313268139009374,0.0553916060166664,0.0122120049005552,199293674629.98743,7961.058178169925,0.0236217280749417,1.9949814879411236,5.827939745479447,0.65,2.0,0.002,4,6.099264747600346,24.397058990401383,54.89338272840312,97.58823596160552,0.0035265490098178,0.0020337899131064
1.97814446604446,0.0453141782227365,0.0133636008365858,209145314209.8709,7741.19690899323,0.0231982562499775,2.7965754813055232,6.531621082070877,0.65,2.0,0.002,4,8.04927472647372,32.19709890589488,72.44347253826348,128.78839562357953,0.001184127536409,0.0005767332000419
1.133283671505458,0.0638306066930089,0.0111124663756967,194055290758.56015,7874.52789282508,0.0088143507796925,8.611178143995364,31.080096796873537,0.65,2.0,0.002,4,19.476590451517104,77.90636180606842,175.28931406365393,311.62544722427367,0.0001888189964307,6.712539670443972e-05
2.904030813660367,0.0348491364718157,0.0068488417625091,180924247272.7344,7777.698939578155,0.0095367598428159,7.77887003946309,0.5853562750754111,0.65,2.0,0.002,4,1.7760973606585106,7.104389442634043,15.984876245926596,28.41755777053617,0.056279059858329,0.0300482605594985
2.9286481737697256,0.0383755736562108,0.0053529216473491,190196036152.1028,7668.48197689737,0.0278072134797897,1.2158890566458145,1.8701051516552205,0.65,2.0,0.002,4,1.4093918862734651,5.637567545093861,12.68452697646119,22.55027018037545,0.0292377934077355,0.0154438447587204
2.705553286504279,0.065085070984331,0.0144231988955625,216304983100.77933,7807.8947210937,0.0335010578384161,4.175043448285497,3.711781563685505,0.65,2.0,0.002,4,4.702674834417529,18.810699337670115,42.32407350975776,75.24279735068046,0.0028856594827857,0.0014695176643452
2.720563772437882,0.0392238322158384,0.0104113802977738,182210816380.0491,7742.947849400822,0.016916322979471,6.143802166683706,1.7627949817570772,0.65,2.0,0.002,4,3.09423755548098,12.37695022192392,27.848137999328824,49.50780088769568,0.0127695114792908,0.006649321828617
1.2202241466874713,0.0381633588079258,0.0089096768064497,214210466375.10837,7693.298141722721,0.0186820147613342,5.23600767752781,4.825311622546995,0.65,2.0,0.002,4,14.317791591416205,57.27116636566482,128.86012432274586,229.08466546265927,0.0004137469222962,0.0002245920563477
1.5215191586839378,0.0566944602395983,0.0137339392508422,215446669192.303,7804.147376177351,0.0409895319553814,7.346870106648194,19.763534684474894,0.65,2.0,0.002,4,14.134377510050893,56.53751004020357,127.20939759045804,226.15004016081429,0.0003641695078992,0.0001359481785409
1.8131292656369755,0.0239930769362265,0.0062343563864019,218014256020.05017,7661.904787995511,0.0164228047291889,5.785519769520316,2.462307288945725,0.65,2.0,0.002,4,4.587091618793743,18.348366475174974,41.28382456914369,73.3934659006999,0.0134857553442521,0.0072622599325535
1.5074544799662992,0.0362097097239876,0.0171647968223181,216912947033.1506,7814.455898401944,0.0058574294125953,3.618805337303017,10.88319017377056,0.65,2.0,0.002,4,18.0456642447667,72.1826569790668,162.41097820290034,288.7306279162672,0.0001624339787361,7.742061246110576e-05
2.601445942922262,0.0677696965423671,0.005500643383324,192091488618.836,7769.140385387887,0.0313511906049909,1.5803173872655207,1.4725555618605777,0.65,2.0,0.002,4,1.832654968492208,7.330619873968832,16.49389471642987,29.322479495875328,0.0193937216246272,0.0110785095948814
2.7711940411359173,0.0485928508048189,0.0161621483906515,199391140259.8536,7785.993030560186,0.0329866486287576,2.667708670677214,3.1373695554746472,0.65,2.0,0.002,4,4.829369045148592,19.31747618059437,43.464321406337326,77.26990472237748,0.0013558697928792,0.0006844214833387
1.3182354941809455,0.0788146775165568,0.0083828518742462,196867542191.3437,7823.425626707162,0.0104128571820241,8.186518668043103,7.619993044353967,0.65,2.0,0.002,4,10.97295566772364,43.89182267089456,98.75660100951276,175.56729068357825,0.0011709378489172,0.0005567113141541
2.4791611745787536,0.0653643012411001,0.0179542583679276,181246570538.3771,7992.399224135913,0.0485067051414922,0.4519158884704625,4.818792147951615,0.65,2.0,0.002,4,6.307881340852313,25.23152536340925,56.77093206767082,100.926101453637,0.0001139570758103,5.952807065250163e-05
2.0218959049041585,0.0727043608440576,0.0086907539852337,211898666571.95676,7875.803089188917,0.0176570541396813,4.274688970647899,1.621186542968751,0.65,2.0,0.002,4,5.00018199759045,20.0007279903618,45.00163797831405,80.0029119614472,0.0014305096202409,0.000797252163304
2.037102452325964,0.0752499977435054,0.0051272129678359,182245741627.05655,7766.817973034029,0.0354184658039778,4.813394541793797,4.927301174406608,0.65,2.0,0.002,4,2.713888489417756,10.855553957671024,24.424996404759806,43.422215830684095,0.0067458476940684,0.0028892587033438
2.2077205375044686,0.0680553146243147,0.0063544166705609,218352675571.612,7956.754721000527,0.0483358475257796,8.102650239412883,2.2599980064377485,0.65,2.0,0.002,4,3.09690598350465,12.3876239340186,27.872153851541853,49.5504957360744,0.0211987303852753,0.0111594546934019
1.3046153494611674,0.0483383504637107,0.0160337076140912,200055768343.19293,7919.939928957672,0.0396404794047711,2.115720409877217,9.424399117248091,0.65,2.0,0.002,4,21.469050678567324,85.8762027142693,193.2214561071059,343.5048108570772,3.418872375786392e-05,1.890387349321139e-05
2.243425362149653,0.0540372143356845,0.0150319667827004,206842254845.07184,7983.786988106612,0.0205938143792032,3.0676925251842104,8.590662169622316,0.65,2.0,0.002,4,6.893455429148729,27.57382171659492,62.04109886233856,110.29528686637968,0.0010061132989446,0.0004310168865091
1.6945811625937923,0.0255057251093693,0.0142662982373294,181061814276.03857,7798.484167453329,0.0118766539705757,6.755951018063921,20.32070821756861,0.65,2.0,0.002,4,10.854857849245317,43.41943139698127,97.69372064320784,173.67772558792507,0.0006123475854933,0.0002342825371138
1.1892795364987774,0.0299637579448383,0.0158467070321807,195563868460.8832,7685.815589024058,0.0303202584758685,7.5798414704869295,17.00000956967686,0.65,2.0,0.002,4,25.627115150089114,102.50846060035646,230.64403635080205,410.0338424014258,0.0002350122015011,0.0001155782763202
2.8702798806141034,0.061626953694164,0.0136315148037586,213616784859.9105,7864.074900012746,0.0415015451962592,6.605854321716177,6.865310267876116,0.65,2.0,0.002,4,3.9103780504044896,15.641512201617958,35.19340245364041,62.56604880647184,0.0021864590159003,0.0008416834466006
2.467897388630366,0.0576074982136699,0.0185204301216522,181585658609.6548,7902.95114496482,0.0344604906463685,8.49738623130474,10.576793178390076,0.65,2.0,0.002,4,6.609555442389217,26.43822176955687,59.48599898150296,105.75288707822747,0.000991511619091,0.0003600610186658
2.2694366400011816,0.0532147640394797,0.0133881074111812,192158003922.5045,7612.327133827176,0.0246522825154563,2.224388260913339,5.539336005672272,0.65,2.0,0.002,4,5.922196797688984,23.68878719075593,53.29977117920086,94.75514876302374,0.0032886010135893,0.0019056449015394
1.922417771675148,0.0454866154889273,0.0057712873183539,206890577248.9378,7741.335078027387,0.0404358743584176,8.337988745291662,6.143509488884622,0.65,2.0,0.002,4,3.6607395157774594,14.642958063109836,32.94665564199714,58.57183225243935,0.0115570303832478,0.0045088043069495
1.6283097761566847,0.028477356025226,0.0090040047340659,214387212049.67947,7840.966784861364,0.0220094902938755,7.9200692191823165,2.5446306316501923,0.65,2.0,0.002,4,8.052032872953193,32.20813149181277,72.46829585657875,128.8325259672511,0.0024841289173445,0.0013755078018271
2.3962415679572744,0.0702788131193229,0.0056022694932059,188071284428.7622,7649.969471722257,0.0277038945586843,7.477362470455561,2.926349677065983,0.65,2.0,0.002,4,2.193630366076126,8.774521464304504,19.742673294685133,35.09808585721802,0.0382368197815474,0.0184547844928859
2.997659274667317,0.0568109890837899,0.018346691998098,216344329862.22568,7916.580595123049,0.0257419125982899,0.9034246041966032,1.1056497970803398,0.65,2.0,0.002,4,4.839789004534252,19.359156018137007,43.55810104080827,77.43662407254803,0.0001605851760899,9.991816019251068e-05
1.044921890881804,0.0241026467220944,0.0169102564766403,195057794167.6388,7867.372750983619,0.0382631732169421,4.279623357498382,16.018678850082548,0.65,2.0,0.002,4,34.96862727097456,139.87450908389823,314.71764543877106,559.4980363355929,5.057883227755846e-05,2.8078241560095885e-05
1.489975188597709,0.0492264948103394,0.0108052381968104,209181161493.96423,7984.846442596352,0.0316281841005961,5.952357150675459,9.677490936197836,0.65,2.0,0.002,4,11.296230014389485,45.18492005755794,101.66607012950536,180.73968023023176,0.0016703707940351,0.0008473745473458
1.1721130056326814,0.0682062309452909,0.0061709938293451,190487239426.9904,7920.499923706709,0.0458411005556746,7.699755376761002,17.997423318017834,0.65,2.0,0.002,4,9.98854069573079,39.95416278292316,89.89686626157712,159.81665113169265,0.0007112796955152,0.0002365786729478
1.6644890308041758,0.0501366747085359,0.0149263901189295,180962019026.93085,7800.616364839958,0.0379577944964743,1.9634311817736951,11.752762834805516,0.65,2.0,0.002,4,11.766611757219929,47.06644702887971,105.89950581497936,188.26578811551883,0.0009159087738904,0.0005578160771911
1.856168728379604,0.0307708640472807,0.0114321703561612,185460813548.93585,7735.189223090338,0.0139519227568011,8.179408540552773,11.145662435525407,0.65,2.0,0.002,4,7.367389780574797,29.469559122299188,66.30650802517317,117.87823648919677,0.0028540427967009,0.0011801883358353
2.7607398953443583,0.0679471757874781,0.0080832521924389,208657852328.1484,7949.825884551051,0.0371418762231688,1.4779248037449793,2.8826720899292217,0.65,2.0,0.002,4,2.4637858588352315,9.855143435340926,22.17407272951708,39.4205737413637,0.0068175681326683,0.0037617883536625
2.4845949138341767,0.0406926450454808,0.0160970037489025,213062802272.40228,7738.851563816433,0.0143580949961469,8.890011222779897,8.172344326997743,0.65,2.0,0.002,4,6.204098359921976,24.816393439687904,55.836885239297786,99.2655737587516,0.0037412079998735,0.0016417912810854
1.991427858984344,0.0337621078549686,0.0133946780198106,196026233856.0332,7958.736527311779,0.0467563667995962,7.159306454463801,4.471251351771388,0.65,2.0,0.002,4,7.6009418495850944,30.403767398340374,68.40847664626585,121.61506959336153,0.0021124258713656,0.0010862969993747
2.483308608736851,0.0577234152200694,0.0058976972410679,191663614853.94604,7686.442720149008,0.0232328952859482,2.063698081084941,1.504356017064801,0.65,2.0,0.002,4,2.165496469125279,8.661985876501117,19.48946822212751,34.64794350600447,0.0141977244969315,0.0071861247285416
2.19589745802677,0.0461806958831578,0.0186812992753228,209888883915.15823,7766.734364191729,0.0273524059865634,1.074473387930316,15.153863007478185,0.65,2.0,0.002,4,9.13245862252903,36.52983449011612,82.19212760276127,146.1193379604645,7.742939688377035e-05,2.6703267322958493e-05
2.4463211881097013,0.070184271976244,0.0111371049765406,196918691018.4891,7798.676853782061,0.0304859020271586,1.1723944749551276,3.234344042888177,0.65,2.0,0.002,4,4.240407764363214,16.961631057452855,38.16366987926892,67.84652422981142,0.0010819239462599,0.0005560674469151
2.424544540650953,0.0704114557844765,0.0155808037742538,211095959754.53244,7839.628479743765,0.0102676587674731,0.3121601173644041,7.1946524160380125,0.65,2.0,0.002,4,6.236644627589604,24.94657851035841,56.12980164830643,99.78631404143366,0.0001565142888864,7.449973092196238e-05
2.735059492712585,0.030364092279444,0.016996812569537,198004847869.65317,7771.457564997298,0.0212802957877943,3.917184047339588,5.907454751203025,0.65,2.0,0.002,4,5.200556943958971,20.802227775835885,46.80501249563075,83.20891110334354,0.0060329715684644,0.0029216628772627
1.4688757726439792,0.0627451608291704,0.0144107408734902,201474125133.28204,7798.107416167979,0.0225130102622107,8.877022164271574,28.91695876023144,0.65,2.0,0.002,4,15.394318239562782,61.57727295825113,138.54886415606504,246.3090918330045,0.0001527589130112,5.064930841825735e-05
2.108071777251185,0.0310323237360549,0.0122851510348598,185052905963.55524,7642.068659487031,0.0463989616028835,5.491809003692459,3.9974689326003454,0.65,2.0,0.002,4,6.168526761513029,24.674107046052114,55.516740853617264,98.69642818420846,0.0034528490144345,0.0017682635661843
1.840985083126886,0.0377974645197886,0.0059309760893911,181672167094.5528,7638.056224456147,0.005226477296545,3.338190796118809,2.936603009594524,0.65,2.0,0.002,4,3.869970557485405,15.479882229941618,34.82973501736864,61.91952891976647,0.014846167183582,0.0077027110146321
2.882673288320931,0.0433914445696846,0.0159879716708112,209022568328.4376,7707.443144273974,0.0464260792592812,7.8138502329256285,7.993665789471972,0.65,2.0,0.002,4,4.543318690629977,18.17327476251991,40.8898682156698,72.69309905007964,0.0023214900439075,0.0008616335644367
1.5781631110009415,0.0285843270435758,0.0131719619753866,210129090823.4593,7932.056542482584,0.0262443700900914,7.139616967144829,20.983237208563384,0.65,2.0,0.002,4,12.34315370107442,49.37261480429768,111.08838330966978,197.49045921719076,0.0005958786300151,0.0001962250538811
2.3674926214062806,0.0493690155113462,0.0161535030666568,213938877789.8701,7604.273860853069,0.0445428725546693,2.727804658359008,13.481406175326242,0.65,2.0,0.002,4,6.93161904486858,27.72647617947432,62.384571403817226,110.90590471789729,0.0002277452593219,8.32813523223674e-05
2.4288037299581697,0.0313432288591025,0.0130531217923151,210569574368.136,7978.811465097349,0.0130335194358964,3.1128648209079235,4.262840828773213,0.65,2.0,0.002,4,5.1545114656087065,20.618045862434823,46.39060319047836,82.4721834497393,0.0053840933991368,0.0026961358388591
1.6434295918810655,0.077039927174256,0.0055234169269277,207896183248.83887,7980.151997195353,0.0404666883392157,8.293203162509052,3.4954185849820165,0.65,2.0,0.002,4,4.73317488676999,18.93269954707996,42.59857398092991,75.73079818831984,0.0099486650427657,0.0050520703552294
1.3888582902457605,0.0474565714509899,0.0156774754969266,199394003416.1378,7960.604389964924,0.044516680331004,5.079210596568964,35.58965820959104,0.65,2.0,0.002,4,18.444740069552203,73.77896027820881,166.00266062596984,295.11584111283526,6.284462416015597e-05,2.0421561877756256e-05
2.33135839630826,0.0610534185827327,0.0090564283500472,180792923289.48508,7978.276227897008,0.0389878882906627,2.0909329111872044,4.381494268900655,0.65,2.0,0.002,4,3.596700742430365,14.38680296972146,32.37030668187329,57.54721187888584,0.0036418350990649,0.0017821112394933
1.3183739827029577,0.077711814094617,0.0083588930367582,196244368264.03137,7676.081905671896,0.0366414283575116,4.417674589962457,10.415105483580334,0.65,2.0,0.002,4,11.026294180323498,44.105176721294,99.2366476229115,176.42070688517595,0.0018687287020847,0.0011354744899323
2.186950435353923,0.0382137187666874,0.0121586016419176,212025178501.2306,7714.81119906825,0.0064890810630795,0.8661863357411772,2.01875738980457,0.65,2.0,0.002,4,6.043187519588559,24.172750078354238,54.38868767629703,96.69100031341694,0.0002832169286171,0.0001557977985552
1.7209785838366505,0.0619311705670304,0.0176790648679461,219714411073.1984,7770.97284058104,0.0253941956254298,7.683999357108025,11.2001848333482,0.65,2.0,0.002,4,14.392266346174573,57.56906538469829,129.53039711557113,230.27626153879316,0.0004870824710011,0.000230393254796
1.0025798889126445,0.0516975493762614,0.0061041784072457,219061720538.12256,7602.200469615919,0.037316733642439,2.509508488283585,28.70056306628322,0.65,2.0,0.002,4,14.781962057356813,59.12784822942725,133.0376585162113,236.511392917709,0.0001189296267792,3.962173933215038e-05
2.982844183067355,0.0755232798179949,0.0070762758463559,188162580643.16693,7642.72575449641,0.0140602009333433,2.973352024367692,3.055865154485489,0.65,2.0,0.002,4,1.7894326851679434,7.157730740671774,16.10489416651149,28.63092296268709,0.0088440298114612,0.0042507082284082
1.966547190434426,0.0421528719802955,0.0100187863840081,219686251747.61115,7888.346684548243,0.0165100063595003,7.549173372923625,2.6856930070593017,0.65,2.0,0.002,4,6.199320233158186,24.797280932632745,55.79388209842368,99.18912373053098,0.002767661883624,0.0015301323817941
1.0687145679371994,0.0740677597779568,0.0154545152147248,198534439775.60056,7824.34592885961,0.0164340941470552,4.0965118061177614,23.97458955518981,0.65,2.0,0.002,4,30.906874409121947,123.6274976364878,278.1618696820975,494.5099905459512,5.522189149618631e-05,2.4923040380227413e-05
1.473403989053207,0.0516581816362689,0.006010614576995,217258477172.3556,7649.537472777349,0.0139091335887608,7.676680116992502,2.505569072870514,0.65,2.0,0.002,4,6.690756566433186,26.763026265732744,60.21680909789868,107.05210506293098,0.0032260059085645,0.0017462173083964
1.835184174658039,0.0559688753623575,0.0190319855654882,190575286964.30545,7636.774372026682,0.0481113442326686,5.642313068936474,24.81424492756784,0.65,2.0,0.002,4,12.800659753269514,51.202639013078056,115.20593777942564,204.81055605231225,0.0001031356522533,3.4715805431942965e-05
1.093050393110918,0.0667629413060624,0.009568729351292,193226361623.1311,7963.093735532784,0.030891662462202,4.063461518903539,34.186685526886336,0.65,2.0,0.002,4,17.889385776554477,71.5575431062179,161.0044719889903,286.2301724248716,6.674369245096486e-05,2.150672332673404e-05
1.1816441106371152,0.0679024393495117,0.012742814404036,189814122453.9812,7935.4628575968145,0.0279336948936619,3.5729104788554364,24.738942425075297,0.65,2.0,0.002,4,20.23948004991208,80.95792019964831,182.15532044920872,323.83168079859325,0.0001336449732653,5.4294222261346296e-05
1.2919965935170463,0.0310205630012891,0.0177059397387452,189994218326.0142,7687.473244874483,0.0051606554438116,7.763349717648285,36.56553608674847,0.65,2.0,0.002,4,23.911338224571097,95.6453528982844,215.2020440211399,382.5814115931376,0.0001643598565996,6.395493591749688e-05
1.2485503829044686,0.047540546865674,0.0144379689195897,213084732439.4297,7784.535043352743,0.0486824122213335,5.998984175806661,28.299451521442087,0.65,2.0,0.002,4,21.972680459993995,87.89072183997598,197.754124139946,351.5628873599039,0.0001751083737703,7.244097113800876e-05
1.4671164876815228,0.0277374981691852,0.0116364844748503,200565024251.1095,7658.056474311208,0.0101572473147397,3.965473666836948,7.762115329825026,0.65,2.0,0.002,4,12.545563433377009,50.182253733508034,112.91007090039308,200.7290149340321,0.0007416205091798,0.0003537160305333
2.026939450950591,0.0315001082179668,0.0158122319241327,191971352195.8292,7783.810001900723,0.0455300530117425,3.7920776116116905,6.247654381451943,0.65,2.0,0.002,4,8.666883867733542,34.66753547093417,78.00195480960187,138.67014188373668,0.0011059903776154,0.0005573673811918
1.6939200507350598,0.0582924043147617,0.0101754198026392,195842357791.3462,7616.012505119706,0.0463074125730291,4.128171003157051,6.447244090503839,0.65,2.0,0.002,4,8.154273287398698,32.617093149594794,73.38845958658828,130.46837259837918,0.00144916625044,0.0007496650120774
1.253604521834509,0.0297538048017169,0.013160717163098,184095182019.31525,7985.735202080034,0.0337110532301942,0.7551229636316998,18.20125630995331,0.65,2.0,0.002,4,18.23272024813093,72.93088099252373,164.09448223317838,291.7235239700949,0.0003095678159884,0.0001964032581135
1.6809479524160087,0.0594079947234983,0.0106370106204068,180816542942.30383,7806.783877955617,0.0448009560138815,8.877053233013555,16.30631019374586,0.65,2.0,0.002,4,8.215297902841218,32.86119161136487,73.93768112557098,131.4447664454595,0.0006301135102845,0.0002197066748862
1.7480921226850152,0.0421173892320089,0.0054757572921633,196951577217.1605,7763.341678167732,0.0151155995840632,2.548500408043698,5.121699906658579,0.65,2.0,0.002,4,4.09260842398326,16.37043369593304,36.83347581584934,65.48173478373216,0.0087371888778047,0.0040354829304529
2.577079843945948,0.0384265412734791,0.0159645411674633,191442696174.0533,7857.786483346642,0.0252896063357611,9.273615411570963,10.587005790388517,0.65,2.0,0.002,4,5.380210105156258,21.52084042062503,48.42189094640632,86.08336168250013,0.0016356979564185,0.0006792275532304
2.620021505751492,0.0731398804299263,0.0089047360291537,197936317908.2251,7937.156600736688,0.0494904808138609,8.514327593168135,3.19966342562904,0.65,2.0,0.002,4,2.937452554112992,11.749810216451968,26.43707298701693,46.99924086580787,0.0315775729859597,0.0184266824215969
2.350585363886756,0.0496877533416509,0.0143634622167334,213986400327.6886,7872.553444390483,0.0437805436111465,7.452616050555981,8.689530538541668,0.65,2.0,0.002,4,6.145703626081328,24.582814504325317,55.31133263473196,98.33125801730124,0.0020122885963565,0.0008057999131873
2.3674254259136878,0.0656376339266669,0.0094297026101712,191386017324.91235,7796.332626503274,0.0173097191086923,6.706223232560375,5.836656624635944,0.65,2.0,0.002,4,3.7799369676812304,15.119747870724922,34.01943270913108,60.47899148289969,0.0047547820260155,0.0020856018483877
1.0745497759860774,0.0358514997941181,0.0058558837539794,206697159023.3785,7747.348433037406,0.034342181744219,3.5356064971055443,12.119966004475833,0.65,2.0,0.002,4,11.8784379781426,47.5137519125704,106.9059418032834,190.0550076502816,0.0055459371245817,0.003485889074513
1.7306464116609797,0.0225875940057489,0.0133491238637996,219797525712.94495,7771.953982728864,0.0495503699167821,1.349631695708729,9.741818809457696,0.65,2.0,0.002,4,10.747602945649028,42.99041178259611,96.72842651084126,171.96164713038445,0.0008532682394501,0.0005066784082415
1.318195245746727,0.0227314635233937,0.0131178584364242,204756036417.5185,7859.808789211463,0.012750416814805,6.549227206440717,8.686984571272465,0.65,2.0,0.002,4,17.472098868108723,69.8883954724349,157.2488898129785,279.5535818897396,0.0004469077302004,0.0002527724879045
1.6122256685837912,0.0685332496530371,0.0149874717825188,189542384026.81555,7887.670590628097,0.0368519501529742,7.454327498718745,15.036617359898644,0.65,2.0,0.002,4,12.816951962181196,51.26780784872478,115.35256765963076,205.07123139489912,0.0006737071948487,0.0003089615249359
1.8646533091189872,0.0425578710568374,0.0159729398775782,218222281512.78583,7902.230743664455,0.019855523685634,5.147927341136094,6.468019113232951,0.65,2.0,0.002,4,10.946936807867749,43.787747231471,98.52243127080972,175.15098892588398,0.0005300823302951,0.000257486628954
2.9599570797803167,0.0730117901854224,0.0095198053649392,210807724541.51425,7734.742617533308,0.032286327809699,6.61895960709359,4.355454508713024,0.65,2.0,0.002,4,2.572212371589346,10.288849486357384,23.149911344304115,41.155397945429534,0.0070267974223808,0.0030024742957833
1.4187254408251595,0.0579670188141939,0.0170290764824365,202176371431.58032,7974.174760614749,0.0280339961361681,2.778419178823735,20.261514710474863,0.65,2.0,0.002,4,19.31727938070851,77.26911752283404,173.8555144263766,309.07647009133615,0.000284385147958,0.0001660670423636
1.9029051922861868,0.069703078383098,0.0180343970190716,193303118422.56848,7943.089883614156,0.021984574803926,0.3510682471987408,16.153600708348453,0.65,2.0,0.002,4,11.140925486918592,44.56370194767437,100.26832938226734,178.25480779069747,1.6156044136296176e-05,6.038557313406211e-06
1.0666317595623962,0.0682370699941444,0.0083369244716916,185314320177.55124,7923.281105274472,0.0429239710715394,7.373841963103056,9.9997690095583,0.65,2.0,0.002,4,16.06971066886781,64.27884267547124,144.62739601981028,257.11537070188496,0.0004247359458144,0.0002111971257635
2.944325334525624,0.0278129728778328,0.0144112316235565,196074121152.6721,7714.932507845327,0.0434334038727773,6.674463078465851,5.003087104168599,0.65,2.0,0.002,4,3.800168324344822,15.200673297379288,34.2015149191034,60.80269318951715,0.0107442757354262,0.0048005104372479
1.6103640654889977,0.0634140988816727,0.0148077910924645,195319963292.32565,7972.435222930082,0.0404250147041503,6.111047920802184,12.639064763706012,0.65,2.0,0.002,4,12.815902901050062,51.26361160420025,115.34312610945058,205.054446416801,0.0016950959323403,0.0010666427744294
1.706546243085991,0.0443954326329796,0.015279242079634,195040709441.9875,7749.532424770881,0.0078559195832799,4.2247524778265895,5.598212664703311,0.65,2.0,0.002,4,11.93492867109139,47.73971468436556,107.4143580398225,190.95885873746224,0.0002887259005415,0.0001529070265003
2.395001112521883,0.0287072079198382,0.0163273755687386,188931593983.17307,7837.626149100526,0.0303909569481667,2.1147911050318107,6.872807489858236,0.65,2.0,0.002,4,6.337153400756932,25.34861360302773,57.03438060681239,101.39445441211092,0.0030397202953628,0.0016579228220517
1.941586162979404,0.0299643780372136,0.0164784710088161,212752754560.8576,7882.920030281966,0.04384317529759,3.774707574867055,14.854664928760872,0.65,2.0,0.002,4,10.297382977020453,41.18953190808181,92.67644679318406,164.75812763232722,0.0004863257357266,0.0001855687963888
1.2609752080406271,0.0744581814438474,0.0146127101441971,185803695337.07764,7995.937392221484,0.0235074792264971,7.356404169129196,10.40738649424702,0.65,2.0,0.002,4,20.088125309662217,80.35250123864887,180.79312778696,321.4100049545955,0.00010688592744,5.884076997558176e-05
2.400351571606255,0.0308581909833094,0.0178695821150867,195086497038.7898,7985.747160788967,0.0103171835491536,8.38090151649127,12.755218065625156,0.65,2.0,0.002,4,6.951039650956271,27.804158603825083,62.55935685860645,111.21663441530032,0.001264091865671,0.0005429660307352
2.3490211960868,0.0673811410892847,0.0171981541017839,180417482532.17505,7603.760964481217,0.0495054547926584,5.32152532258237,2.166267928791464,0.65,2.0,0.002,4,6.884339832428348,27.537359329713397,61.95905849185513,110.14943731885356,0.0005052499906975,0.0002905121588521
1.801870215451804,0.0624512615814226,0.0174052990432128,193964814713.82816,7852.430968007232,0.0330883649297295,3.101755460348558,4.995945841252196,0.65,2.0,0.002,4,12.081563605969205,48.32625442387682,108.73407245372285,193.30501769550727,0.0001126941191312,6.14475257326443e-05
1.5592726582050604,0.0219226153626906,0.0142157915980277,194948720115.29407,7860.533999496019,0.009890013686192,0.2363958174110982,8.541760640883792,0.65,2.0,0.002,4,13.20353873275511,52.81415493102044,118.831848594796,211.25661972408176,4.264690593757488e-05,2.0396093644667744e-05
2.0281173751084114,0.0485103920508023,0.0090046187540795,200636183272.79132,7704.964909163841,0.0429606592573081,3.94975386592968,2.1903176554444537,0.65,2.0,0.002,4,5.065562857377855,20.26225142951142,45.59006571640069,81.04900571804568,0.0020758164077231,0.0011692199516723
2.395801103578615,0.0770642392484662,0.0088625095906928,186429203755.47116,7626.91810443091,0.0374683881161324,1.7048619782504038,6.537865327117248,0.65,2.0,0.002,4,3.461520290909857,13.846081163639427,31.153682618188714,55.38432465455771,0.0007448941481074,0.0003078824170068
1.929892967384503,0.0454854270617361,0.0072973877380198,188811259412.3425,7625.923079564171,0.0101878508884582,9.781158741947255,3.11052596972542,0.65,2.0,0.002,4,4.420770442713217,17.68308177085287,39.78693398441896,70.73232708341148,0.0182691873896799,0.0091461890376111
2.2184003198522166,0.0776012208672668,0.0180825156839139,193949597934.10925,7943.962578116334,0.0481315016342055,2.646252091153405,10.688937623187403,0.65,2.0,0.002,4,8.232544995931477,32.93017998372591,74.0929049633833,131.72071993490363,0.0002560871361537,0.0001101429114663
1.5937369710148286,0.0236378445313643,0.010533175711062,190181972585.09128,7754.368516585286,0.0138631794179011,2.692774108190881,12.37180165564766,0.65,2.0,0.002,4,9.312509822365188,37.25003928946075,83.8125884012867,149.000157157843,0.0012827033595628,0.0005248779549101
2.512850664782066,0.0235426965647579,0.0099184017607297,199657292681.964,7940.034068886875,0.0399392369619908,2.2397633994314226,1.0387332662466149,0.65,2.0,0.002,4,3.5716508415531054,14.286603366212422,32.14485757397795,57.14641346484969,0.0036355605616181,0.0020889568979882
2.1423677989057017,0.0303930808038451,0.0122382478571515,187745608082.48734,7719.526164013556,0.0359224134801703,2.353762317390592,5.66970904434881,0.65,2.0,0.002,4,5.962796748844586,23.851186995378345,53.66517073960127,95.40474798151338,0.0063014062231041,0.0037732376628402
1.58634029196611,0.0489841206612301,0.0182555747517961,206825382426.98392,7854.911872533315,0.0347251356542025,9.21771322880721,19.08940873518669,0.65,2.0,0.002,4,16.879645206147988,67.51858082459195,151.9168068553319,270.0743232983678,0.000692627517365,0.000333878228647
2.39201496442004,0.0219340751737783,0.0117311209871852,207366077479.4336,7955.89239514194,0.0184653545270745,9.74474364387487,8.164657008757684,0.65,2.0,0.002,4,4.746411519518961,18.985646078075845,42.71770367567065,75.94258431230338,0.0079641167081176,0.0032613768986211
2.3205896743332803,0.0691913093638058,0.0126619376012046,194021266274.31024,7627.100506872559,0.0407476587765748,0.840213041544732,3.993500879387459,0.65,2.0,0.002,4,5.377465646923322,21.509862587693288,48.397190822309895,86.03945035077315,0.000400909049822,0.0002038102990675
1.0949641555564589,0.0222110924366031,0.010893229934681,217209680732.03864,7892.283417360626,0.0207171238491848,9.683659609302405,21.00319087770488,0.65,2.0,0.002,4,21.61346375877388,86.45385503509551,194.5211738289649,345.81542014038206,0.0051053474260091,0.0031438407726128
2.4787926899297705,0.0535173074128705,0.0050547601018496,191292620498.9521,7911.431735854005,0.0384146692374532,0.2030615001607782,1.919658487418652,0.65,2.0,0.002,4,1.834302488086392,7.3372099523455665,16.50872239277753,29.348839809382262,0.0056425759916096,0.0027085087153094
1.7658779708275576,0.0303418628950637,0.006663625775952,183485172481.88693,7756.511700359749,0.0070494094994503,3.402986867550717,9.09942591001745,0.65,2.0,0.002,4,4.712873003492517,18.851492013970063,42.41585703143264,75.40596805588027,0.0027678900335742,0.00137526122156
2.32088228801783,0.0203130131086971,0.0083051868685235,186239170691.73096,7736.048902165188,0.0458742037820863,0.8890460691640394,2.8929874075109883,0.65,2.0,0.002,4,3.430428292871409,13.721713171485636,30.873854635842683,54.88685268594254,0.0074952187588268,0.0041105951700303
2.0403561186687096,0.0355096084340858,0.0123001451966321,185845416236.84344,7826.158039588016,0.0160377660865447,3.00672022902154,7.170189501477303,0.65,2.0,0.002,4,6.52873683022513,26.11494732090052,58.758631472026174,104.45978928360208,0.0047432220100675,0.0023034545556108
2.3955975838570054,0.0294800953182206,0.0073219369187574,203700767018.64444,7617.43752462634,0.0064846682960086,4.371318062576355,2.564409021190023,0.65,2.0,0.002,4,2.991709261032772,11.966837044131088,26.92538334929495,47.86734817652435,0.0558865780080184,0.0302150193402347
1.72686467920025,0.0635171180721057,0.0052187534855946,186488170705.7951,7675.52836704405,0.0335903082769758,8.916948064297072,1.2303898389555747,0.65,2.0,0.002,4,3.91156838659355,15.6462735463742,35.20411547934195,62.5850941854968,0.0092299265500999,0.0052657834251835
2.6569003326714697,0.0620222547592991,0.0127350059197987,203644515122.84903,7776.854215330281,0.0407595726882296,9.09151795815027,8.36543293217917,0.65,2.0,0.002,4,4.186125638095148,16.74450255238059,37.67513074285633,66.97801020952237,0.0019906394690567,0.0007926800140264
1.362142741810442,0.0391324366053781,0.0158767147447935,200367311314.47687,7617.571257429354,0.0122760508172594,9.35897059225464,7.67531261758648,0.65,2.0,0.002,4,19.899851120627165,79.59940448250866,179.0986600856445,318.39761793003464,0.0002262200108156,0.0001208079967499
1.3291192603082078,0.0362035752533518,0.0174859842910176,217006300967.02457,7787.314241271378,0.0293021953533585,0.6232979973053194,39.20057491711341,0.65,2.0,0.002,4,23.693747560981425,94.7749902439257,213.24372804883288,379.0999609757028,9.047514172521071e-06,2.831673691589728e-06
1.8842971149289909,0.0623144035275102,0.0175748538694386,202519289682.6551,7879.992408728905,0.0387378207824561,6.796298389501138,17.557788188556014,0.65,2.0,0.002,4,11.378696361415583,45.51478544566233,102.40826725274025,182.05914178264933,0.0002798192502993,9.818450449172768e-05
1.171859598926742,0.0751439131202165,0.0110518081041513,209080681769.79083,7968.330563801692,0.0189246796733935,0.9697070345657148,15.051600117090846,0.65,2.0,0.002,4,18.69324545562747,74.77298182250988,168.23920910064723,299.0919272900395,5.373536812512247e-05,2.49090700377531e-05
1.3576716148289272,0.0433466758725768,0.018098763989521,213484035356.0193,7948.740459936289,0.0176206617479186,6.214418446647405,20.79604241788659,0.65,2.0,0.002,4,23.07396543680677,92.29586174722708,207.66568893126092,369.1834469889083,0.0004305068983927,0.000206176076977
2.28772682946813,0.0673047457587799,0.0119527380298312,189120103925.95312,7933.012860715829,0.035797186826512,2.9666654957992526,6.6839836648308175,0.65,2.0,0.002,4,5.056361245384802,20.22544498153921,45.50725120846322,80.90177992615683,0.0013350863595902,0.0005724687884
2.2123928577756216,0.0260716020051999,0.0090973481108828,201095991226.3253,7949.194886160682,0.0355573200329596,0.995039976871786,5.366930474106483,0.65,2.0,0.002,4,4.238963784093894,16.955855136375575,38.15067405684505,67.8234205455023,0.0025612776171113,0.0011474275679313
1.5289342571040936,0.0382563077874465,0.0073553496306322,214710565556.4749,7827.807549255876,0.0160175559269224,3.994865501322494,13.689730729682266,0.65,2.0,0.002,4,7.472425441715146,29.889701766860583,67.25182897543631,119.55880706744232,0.0010322593200213,0.0004023392915369
1.5852862440939528,0.0431578012582866,0.0074720783068185,207480645548.5107,7822.934930331117,0.0452508116698365,2.484664733900679,3.5161411000176366,0.65,2.0,0.002,4,6.9431927622956255,27.772771049182506,62.48873486066063,111.09108419673,0.0009586247741209,0.0005638864417674
2.11349852080468,0.0523923991788499,0.0086439079011342,211289657639.62848,7892.93534901428,0.0093106557058249,5.671636587565279,8.72880772121072,0.65,2.0,0.002,4,4.539994591247171,18.159978364988685,40.85995132122455,72.63991345995474,0.0021810244436555,0.0010435743620301
1.3621446678574034,0.068491205644991,0.0110318654975396,203189779145.83728,7938.423506452207,0.0265725117997292,2.817199978425589,9.244307991722453,0.65,2.0,0.002,4,13.640036730783365,54.56014692313345,122.76033057705028,218.2405876925338,0.0001951977546131,9.68726270774502e-05
1.1939628274782863,0.0328508491295728,0.0137989686733367,185038415519.23648,7640.247118105409,0.0421659865147818,1.2711613681319598,27.96225819431636,0.65,2.0,0.002,4,21.60088370277349,86.40353481109398,194.40795332496145,345.6141392443759,6.000071125990404e-05,2.416364081034992e-05
1.754775944232223,0.0236244546077379,0.0093745153480777,189676812458.99243,7948.025047475642,0.0258730857234116,6.867087950718501,13.027997201321124,0.65,2.0,0.002,4,6.743917393405271,26.975669573621083,60.69525654064745,107.90267829448432,0.0022438302025456,0.0008654343441107
1.0032616952597295,0.0605449106936341,0.0087556489848473,209844169282.86005,7907.900066940259,0.0375848257467892,0.3423860705293429,29.802724396615204,0.65,2.0,0.002,4,20.319218529199443,81.27687411679777,182.872966762795,325.1074964671911,1.008979790181326e-05,3.6630366473528265e-06
1.5205806194123828,0.0297422062307777,0.0073177235035143,209170531166.5893,7857.124101715487,0.0081412744717053,1.238923872085805,9.929081425526212,0.65,2.0,0.002,4,7.404654365717399,29.6186174628696,66.64188929145661,118.4744698514784,0.0010515883530613,0.0004651098681281
1.5908143166483089,0.0496181845138548,0.0054344139512194,190119515124.35556,7749.601403247856,0.0317212792936451,4.761370386631823,4.128748016345227,0.65,2.0,0.002,4,4.822993262580007,19.291973050320028,43.40693936322008,77.16789220128011,0.0148483821107366,0.0076916796381151
2.270015831721613,0.0565519210229569,0.0115232623163218,192884240042.6905,7836.801154979548,0.0061489326712302,0.17381867109565,8.717927358923205,0.65,2.0,0.002,4,5.030670682989307,20.122682731957227,45.27603614690377,80.4907309278289,5.145696957093978e-05,2.3811493635409583e-05
2.4290460029172616,0.0360424067061697,0.0158293490984965,206643937587.17496,7809.444461640679,0.0076871400609938,3.122531604690056,1.5569831137002237,0.65,2.0,0.002,4,6.257806000920703,25.03122400368281,56.32025400828633,100.12489601473123,0.0006447830015946,0.0003883689369264
2.6383997585879606,0.0255653646454696,0.0109172227690813,209511902244.2549,7702.980783729586,0.0388548011495098,5.091368183469057,5.750438966139874,0.65,2.0,0.002,4,3.7088150103025375,14.835260041210152,33.37933509272284,59.34104016484061,0.0078401127103622,0.0031697767177784
2.437316855490244,0.0251522478794216,0.0073737527141009,185309085890.37265,7972.992027937127,0.0461094191758845,7.994381469010003,1.112792835281082,0.65,2.0,0.002,4,2.7135106545762397,10.854042618304955,24.42159589118616,43.41617047321983,0.032663978003447,0.0180940390881273
1.930203856928192,0.0324967996661483,0.0171782225106189,216560188218.0387,7964.265616900017,0.0150770476261534,3.176328650986924,5.3325368645599776,0.65,2.0,0.002,4,10.902285779610931,43.609143118443725,98.1205720164984,174.4365724737749,0.0002916186480245,0.0001642402860569
2.655118654342294,0.0273007867379804,0.0107486642051837,210406648220.0269,7863.135748228428,0.0245816024665046,2.320977975347025,6.808039911583412,0.65,2.0,0.002,4,3.576413486124664,14.305653944498657,32.18772137512198,57.22261577799463,0.0021657831573729,0.0009499774501461
2.9904909764983003,0.0524872235172874,0.0060072288847054,202565870038.81467,7840.316518742932,0.0296477082456952,3.4262811018898938,2.1412516124174297,0.65,2.0,0.002,4,1.5482275094490037,6.192910037796015,13.934047585041032,24.77164015118406,0.0379679395809218,0.0178726376777177
1.7845522851077782,0.0724812333060771,0.0198982721143168,193560139643.31345,7610.913785372725,0.0321967049944407,9.046111894591984,4.230719806324244,0.65,2.0,0.002,4,14.28813774387925,57.152550975517,128.59323969491328,228.610203902068,0.0001576451158159,9.031245719789062e-05
1.8413482611951328,0.0780912500982285,0.0071792104335203,215182193673.566,7983.714081621747,0.0409777175012801,3.4304179996885984,6.861102700677961,0.65,2.0,0.002,4,4.984650842993473,19.93860337197389,44.86185758694125,79.75441348789556,0.001960207178005,0.0008126418829012
2.240349918693852,0.0323458492754677,0.0191517673875489,186994415790.69223,7660.570953004186,0.0192906197557445,5.778695057249053,12.195730392001645,0.65,2.0,0.002,4,8.548504599476457,34.19401839790583,76.93654139528813,136.77607359162332,0.0010259448468931,0.0003969380217232
2.105049105705162,0.0345919328407966,0.0052467755480677,214676443615.0447,7796.678068490585,0.040176459540982,7.256641019068176,5.602698840433389,0.65,2.0,0.002,4,2.8173102294989083,11.269240917995631,25.355792065490174,45.07696367198253,0.0153322684434068,0.0067446958458903
1.4761873041313958,0.0316228889883142,0.0112926564879087,189679492020.11496,7870.649602848485,0.0282963942393295,8.28707247752084,22.68270468376243,0.65,2.0,0.002,4,11.535789949695202,46.14315979878081,103.82210954725682,184.57263919512323,0.0005421765965717,0.0001906679223098
2.8179704180569525,0.0619209653239882,0.0072121177744853,210734038436.6316,7943.609973532814,0.0208087686632897,4.99211151695574,1.059505603345578,0.65,2.0,0.002,4,2.121180340969128,8.484721363876512,19.090623068722152,33.938885455506046,0.0151200389618591,0.0088369821914232
2.402416241719869,0.0297594434253435,0.0155287599742522,201934710348.3192,7632.670927503913,0.0081297996907809,1.5596295825865094,10.410119944109814,0.65,2.0,0.002,4,6.275332459262127,25.101329837048507,56.47799213335914,100.40531934819404,0.0004782631235114,0.0002068550026425
1.7567920510647392,0.0768168473680679,0.0166409356203354,213293000034.18848,7951.793510959317,0.0127029052585803,7.022812771428686,20.83047191259595,0.65,2.0,0.002,4,12.662575078695069,50.65030031478027,113.9631757082556,202.60120125912107,0.0001846478883479,6.598196017220699e-05
1.2528648468733408,0.0270949068824647,0.0181854650435954,202185335896.56332,7848.870810155973,0.0179519794029758,0.6493249563466529,51.80423626263514,0.65,2.0,0.002,4,26.66345686732707,106.65382746930828,239.97111180594365,426.61530987723313,6.1091921746912844e-06,1.983561681971994e-06
2.640578563447983,0.0470964509320377,0.0076011404359009,204611391287.82416,7895.302721555903,0.0344667628531206,3.622347137268904,2.171688676469043,0.65,2.0,0.002,4,2.51646175787474,10.06584703149896,22.64815582087266,40.26338812599584,0.031154766575231,0.0180048051972837
2.192676322782881,0.0203067507870224,0.0136272154200106,195139701585.352,7852.000817479985,0.0458138227815153,4.464632915103341,7.677403201700007,0.65,2.0,0.002,4,6.407224946281977,25.628899785127903,57.66502451653779,102.51559914051164,0.005158701086833,0.0024520382855337
2.2452593481615875,0.0384100303923704,0.0114747531215187,202171925411.18396,7821.019175909192,0.0068837686433077,4.450869489131034,3.069231598359477,0.65,2.0,0.002,4,5.247691866150635,20.99076746460254,47.22922679535572,83.96306985841017,0.0031709035994417,0.0015746756159823
1.6009596857340591,0.0733734234269367,0.0198714397881221,192270691829.4196,7649.095221850469,0.0480728456984905,1.7935450807929916,28.00099055906404,0.65,2.0,0.002,4,17.625819080960504,70.50327632384202,158.63237172864453,282.01310529536806,2.1658499110185583e-05,7.264094333965462e-06
2.4228580043773302,0.0276064953281108,0.0098917009721254,184987974030.51544,7650.410038439281,0.005960639519474,7.58334480990135,2.2887686030332515,0.65,2.0,0.002,4,3.757281205925538,15.029124823702151,33.81553085332985,60.116499294808605,0.0185522912827693,0.0094430841436978
2.3781930003246265,0.0727236182713319,0.0153996204547118,214098181469.33783,7743.830138814797,0.0120930989329446,3.69718514299465,10.822647080397758,0.65,2.0,0.002,4,6.49192745769472,25.96770983077888,58.42734711925249,103.87083932311552,0.0004203460751162,0.000172292000629
2.1131767914468336,0.07544996536507,0.0076894764026363,188182795589.6992,7979.585759781417,0.0094084079353747,6.383356443535564,1.1717481359514623,0.65,2.0,0.002,4,3.7918761381791977,15.16750455271679,34.12688524361278,60.67001821086716,0.0039292128901489,0.0022353699349378
2.4456598315507905,0.0514405336771269,0.0164139582829553,213079288155.1193,7609.289022062817,0.0085609413365292,3.431027417179598,12.193285641400816,0.65,2.0,0.002,4,6.58489806894865,26.3395922757946,59.26408262053786,105.3583691031784,0.0003914456833834,0.0001725450737952
2.164880321746148,0.0412775864413065,0.0145554545870431,201913383210.71677,7671.871973484997,0.0380630262892566,4.624433130046953,8.616125788820137,0.65,2.0,0.002,4,7.22468841163578,28.89875364654312,65.02219570472202,115.59501458617248,0.0021330583321103,0.0009863063510747
2.8931097760365097,0.0636653167311927,0.0069029917670275,217508277685.75052,7832.948060727222,0.0200013065130689,4.031680519356025,2.967280590764656,0.65,2.0,0.002,4,1.970661604868729,7.882646419474917,17.735954443818564,31.53058567789967,0.0154163719641497,0.0075488964987739
2.054593062169644,0.0355678523636831,0.0133364962377404,185931911450.08188,7609.769611469984,0.0062266647708354,1.2154611940712008,11.562823042978533,0.65,2.0,0.002,4,7.081260627151234,28.325042508604938,63.73134564436111,113.30017003441976,0.0002985456883431,0.0001325094394128
2.0124214033467904,0.0590053710802079,0.0101479833710971,197711513315.56567,7834.95040477656,0.0465428655875661,6.752524098591232,3.755631414735858,0.65,2.0,0.002,4,5.707803321295476,22.831213285181903,51.370229891659285,91.3248531407276,0.0031296101961506,0.001616413718504
2.5002235893694484,0.0675541074856788,0.0187877849554307,218528704120.7461,7894.787600470741,0.025246902735397,3.000409623390686,12.5936878012282,0.65,2.0,0.002,4,7.170198153434016,28.680792613736063,64.53178338090615,114.72317045494424,0.0002035477570661,7.339086678826982e-05
1.2135996458469316,0.0455039521923774,0.0147797182258928,199927694137.5326,7666.331787539849,0.0213373265806234,4.485320576816705,32.62469578372826,0.65,2.0,0.002,4,23.23738210233689,92.94952840934758,209.13643892103204,371.7981136373903,0.0001035063850194,3.621911914994839e-05
1.833026737351776,0.0215335859981257,0.0092452898266077,189269674563.66797,7917.432804732787,0.0252181876312314,2.8750743760478183,10.122254532823996,0.65,2.0,0.002,4,6.100430857403496,24.401723429613984,54.90387771663146,97.60689371845594,0.0019863726376058,0.0007388832716937
2.6617988528707466,0.0513102304478527,0.0161701777363853,215563119218.43408,7653.414564739199,0.0374436202984387,3.346567363076049,3.847427772520096,0.65,2.0,0.002,4,5.492286589225579,21.96914635690232,49.43057930303022,87.87658542760927,0.0014263045265067,0.0007167032018931
2.5694304391500657,0.0620427548161023,0.0083710616068212,194435597686.23343,7979.706785107927,0.0347544760536553,7.911344865947315,5.516309418288781,0.65,2.0,0.002,4,2.8381182452321725,11.35247298092869,25.543064207089557,45.40989192371476,0.0059307096382016,0.0026568092798028
2.2073466783039617,0.0567458611180651,0.0085136170508309,186479470245.8863,7811.203520199573,0.0245933084776378,3.106174976489069,2.2949912436472832,0.65,2.0,0.002,4,3.871317648279091,15.485270593116365,34.841858834511825,61.94108237246546,0.0036123709588879,0.0018042483041414
2.435997634287447,0.020510455397892,0.0127035126586354,191669293602.38983,7813.604360063258,0.0099428964835252,8.193907540528942,5.666534507253974,0.65,2.0,0.002,4,4.807839009650108,19.23135603860043,43.27055108685098,76.92542415440172,0.0255635617325728,0.01256166513335
1.2766951986000217,0.0390343412596091,0.0185842979882688,191134853972.0608,7727.063302104796,0.0147855193411489,0.6385011283018771,27.287862710350517,0.65,2.0,0.002,4,25.713646778237425,102.85458711294967,231.4228210041368,411.4183484517988,5.793036420998137e-05,2.813810735546708e-05
1.5623612609515751,0.068723897962164,0.0056534003282685,185876684371.25024,7942.711803935949,0.0497341092578239,0.6140370217536735,2.5491096830675724,0.65,2.0,0.002,4,5.080472745813671,20.321890983254683,45.724254712323045,81.28756393301873,0.0003590802492255,0.0002108261655633
1.86920856823722,0.0309636608922865,0.0182507177313728,197796032718.67328,7836.309499455014,0.0212171837148504,2.9585362488740485,6.726537304005025,0.65,2.0,0.002,4,11.899992128918404,47.599968515673616,107.09992916026566,190.3998740626945,0.0002893586712629,0.0001442785173875
1.4890086362690678,0.0486877194260688,0.0126152358629433,188703015269.65732,7845.122269864571,0.0131542643677274,3.329490288664092,6.98838486089016,0.65,2.0,0.002,4,12.653764776642454,50.61505910656982,113.8838829897821,202.46023642627927,0.0002590438827362,0.0001304679824024
2.221287610690615,0.0676622192513918,0.018687145542886,196918245391.5272,7768.929229324438,0.0118963646532141,2.028928709881219,3.324382486900727,0.65,2.0,0.002,4,8.646195068130268,34.58478027252107,77.81575561317243,138.3391210900843,0.0001251143632198,6.722272651555612e-05
1.6931569336291896,0.0561876427374075,0.0065856795469147,204872939633.0221,7995.009111973452,0.0487786626183676,4.176604077999666,8.843650155149643,0.65,2.0,0.002,4,5.2731271028847,21.0925084115388,47.458143925962304,84.3700336461552,0.0018757170398701,0.0006779325877071
2.6439535748771026,0.0564463577360836,0.0092142101511503,208963673018.11707,7880.266315370328,0.0460642507972049,1.2616020290766687,5.655964610529512,0.65,2.0,0.002,4,3.0778302672957745,12.311321069183098,27.70047240566197,49.24528427673239,0.000942141324335,0.0003830017841091
1.980943861997254,0.0651557998702591,0.0071302510854712,194028263008.0201,7600.054016822007,0.0062703135437567,6.103567387997569,7.396957569924138,0.65,2.0,0.002,4,4.163071782394973,16.652287129579893,37.467646041554765,66.60914851831957,0.0035617245903834,0.0017156107375364
2.900823634960973,0.0565272845720897,0.015681909367457,181485977355.10675,7774.833213151159,0.0448077479271909,0.2140693310793204,2.9523608138077635,0.65,2.0,0.002,4,4.082832279567566,16.331329118270265,36.7454905161081,65.32531647308106,0.0001598213273319,8.223284457727468e-05
1.0451546458897918,0.0356007967791738,0.0143259438055589,186272596092.97748,7833.627217957282,0.0212719110038388,5.390416252576912,5.897682666434613,0.65,2.0,0.002,4,28.99909333596825,115.996373343873,260.99184002371425,463.985493375492,4.950182811310045e-05,3.4083445013971486e-05
2.2480163510306506,0.0358924921615329,0.0056167721427679,184212809876.80237,7804.97831424717,0.048729577126774,7.618670693624764,3.907228259183836,0.65,2.0,0.002,4,2.4484497296792416,9.793798918716966,22.03604756711317,39.175195674867865,0.0335832116320245,0.0142548823550986
2.65608078964849,0.0252382932801413,0.0145929542906358,208004979235.9873,7721.507319970738,0.012509815678033,4.538098387349982,7.58993488338645,0.65,2.0,0.002,4,4.868282103779507,19.47312841511803,43.814538934015566,77.89251366047212,0.0032709338045472,0.0014249630534306
2.964461659131276,0.0606043177693648,0.0177603594792223,210085530893.15692,7879.296909595676,0.0223053830208914,3.31096593271603,7.053149202293665,0.65,2.0,0.002,4,4.731988370479119,18.927953481916475,42.58789533431207,75.7118139276659,0.0009031825448963,0.0003873704712183
1.9212360480056367,0.0770618520578073,0.0104275967924508,189478663895.8881,7631.128694974939,0.0285178910991927,2.076922516092748,2.021242743232316,0.65,2.0,0.002,4,6.383190392491271,25.53276156996509,57.44871353242144,102.13104627986034,0.0003379267882486,0.0001885780481728
2.415650608339676,0.0529388764361074,0.0158589091932962,183504916456.26147,7998.210471624777,0.0497456855126164,4.703498272484776,10.382556864932305,0.65,2.0,0.002,4,5.902850243600936,23.611400974403743,53.12565219240843,94.44560389761496,0.0006536100496107,0.0002318260545432
2.540954761929115,0.0538041403856451,0.0135399677109836,214330359269.17743,7769.875966922336,0.0452770123845876,3.78493095564549,3.9529565669632896,0.65,2.0,0.002,4,4.994451721049733,19.97780688419893,44.9500654894476,79.91122753679572,0.0028490598752111,0.00149202641519
1.58531459223771,0.0552449034309628,0.0065577765415062,198530880031.8137,7875.951534460351,0.0130875134728614,9.030761084806675,5.6490277367990025,0.65,2.0,0.002,4,5.940424353748471,23.761697414993883,53.46381918373624,95.04678965997552,0.037251928665137,0.0210961273204545
2.1910786218532188,0.0260969265738569,0.0090487872954013,206620825837.85428,7759.41804925334,0.0239658233834033,7.999460004288053,8.697805555155934,0.65,2.0,0.002,4,4.410381743924429,17.641526975697715,39.69343569531986,70.56610790279086,0.0054980473714128,0.0024366505476286
2.3460525274236543,0.0399270510987332,0.0173939437269131,208621759884.69928,7651.318929169711,0.0137814899242241,6.407373290464562,5.394709576290441,0.65,2.0,0.002,4,7.482789037753606,29.931156151014424,67.34510133978245,119.7246246040577,0.0020828719531641,0.0009842252423805
1.929803412103066,0.0618037414846961,0.0057005730987527,215896007285.19888,7744.478962958579,0.0124369624509009,2.332098510701562,2.9685837106463824,0.65,2.0,0.002,4,3.6647793891953055,14.659117556781226,32.983014502757754,58.6364702271249,0.0087432332494909,0.0043238049530637
2.4178629471728392,0.0393995025954927,0.0156504940042511,193446348998.90417,7671.091781740483,0.0283173718275291,6.8936548190854685,6.8942954041326825,0.65,2.0,0.002,4,6.096009343203083,24.384037372812333,54.86408408882775,97.53614949124932,0.0062881984584376,0.0031325866025536
2.0691204880248275,0.042516406107139,0.0061316330194251,181758412776.69205,7979.918788482778,0.0321718395546778,6.469623092284704,5.726984192039552,0.65,2.0,0.002,4,3.099430277299032,12.397721109196128,27.89487249569129,49.59088443678451,0.0095884501789885,0.0040482400886496
2.0442380922276677,0.0253092466772307,0.0144086162580689,198254633093.6497,7821.231658100337,0.0342027751021342,2.5784458677503017,6.101571219085836,0.65,2.0,0.002,4,7.871593775719846,31.486375102879386,70.84434398147862,125.94550041151754,0.0015351327408738,0.0007615376373625
2.3868844361957526,0.0251035687802465,0.0106089061377713,209775092048.25165,7888.655023936452,0.0295071504757357,7.79898032069334,1.7145298105772369,0.65,2.0,0.002,4,4.354241910427777,17.416967641711107,39.18817719385,69.66787056684443,0.0087587434386216,0.0048393336898653
2.933894277269861,0.0720810376659513,0.0097834777826073,209983849839.4124,7654.732713601579,0.0358048140970433,4.961710082296346,0.6216277126668777,0.65,2.0,0.002,4,2.6993644786790147,10.79745791471606,24.294280308111134,43.18983165886424,0.0042478411101178,0.0027088592666611
2.5555853136284954,0.0252078553070587,0.0099229738799126,203797036117.8513,7849.494372662116,0.0349819283604145,9.945585013219356,3.238420943987408,0.65,2.0,0.002,4,3.5104955384844767,14.041982153937909,31.59445984636029,56.16792861575163,0.090584604651934,0.0522965950241978
1.1459226823202715,0.0243908414348575,0.0117678266830029,189804011293.4013,7985.077540868999,0.0459943627774011,4.106958161845544,19.96486973366017,0.65,2.0,0.002,4,19.811985889730504,79.24794355892202,178.30787300757456,316.99177423568807,0.0013958715800595,0.0009227808952708
1.6595769165793903,0.0363597377110603,0.0197211581348674,190906476797.75952,7655.169963313832,0.0211756848974002,3.108326012371866,15.551571469272206,0.65,2.0,0.002,4,16.214359996316954,64.85743998526782,145.9292399668526,259.42975994107127,0.0008357030280302,0.0004881627275999
1.4946125246075936,0.0464630827972981,0.0137106920038799,194698562622.8552,7985.441360455315,0.0052653936166263,9.137324082632006,2.7654054471870992,0.65,2.0,0.002,4,13.742422761314932,54.96969104525973,123.6818048518344,219.8787641810389,0.000295575201228,0.0002025479361233
1.4667433974313264,0.0396846932244451,0.0082253253259657,184493804762.32983,7686.971371744965,0.0457590664323429,0.9436945901876344,6.663686585747891,0.65,2.0,0.002,4,8.493512222138268,33.97404888855307,76.44160999924442,135.89619555421228,0.0005384070652038,0.000277390281835
2.5646749410538803,0.0373789249658757,0.0058112466898717,202985778519.57663,7613.8052212877565,0.037138539839842,7.39453454583308,2.509647067253225,0.65,2.0,0.002,4,2.068549098504873,8.274196394019492,18.61694188654386,33.09678557607797,0.1074059521714284,0.0579369703794397
1.5404001453171516,0.0550824032831205,0.0168553588171751,194000439293.7651,7696.927087570229,0.03762505461243,7.880132965149768,31.01189080559001,0.65,2.0,0.002,4,16.171221463910378,64.68488585564151,145.54099317519342,258.73954342256604,0.0001094280600321,3.562096254874677e-05
2.205813793438951,0.0387189499347211,0.010642900252914,181824230614.03568,7718.315435188456,0.0447171113770325,1.795815649408211,5.018679771648076,0.65,2.0,0.002,4,4.814111747795108,19.256446991180432,43.32700573015597,77.02578796472173,0.0058851328395316,0.0034293893216911
1.2383853687812758,0.0579175385956318,0.0157538981890369,199088816438.1744,7715.283354582774,0.0297516853719994,3.711002034877957,43.45361946871596,0.65,2.0,0.002,4,23.662092943397827,94.64837177359132,212.95883649058047,378.5934870943652,2.843609330971731e-05,8.80181785490862e-06
2.797380057795969,0.0636354703603432,0.0113837182200219,182135153646.6115,7950.4342940153665,0.0493089263063692,6.381758287009379,4.9972061910381536,0.65,2.0,0.002,4,3.157271315736401,12.629085262945605,28.41544184162761,50.51634105178242,0.0047001991362741,0.0019136500417351
2.326906514458173,0.0267106881428406,0.0174879392738601,187054255200.32303,7769.398157871861,0.0298483217851698,5.057584875894754,10.312886728689424,0.65,2.0,0.002,4,7.1862136779550605,28.74485471182024,64.67592310159554,114.97941884728095,0.0015528365737873,0.0006037299336681
1.5835477382283174,0.0340335164522705,0.0150536737315015,202911283166.59744,7700.4427631118815,0.0217009156482517,2.406967362518159,8.755209845994466,0.65,2.0,0.002,4,13.973483372762466,55.89393349104986,125.7613503548622,223.57573396419943,0.0002237751726031,0.0001068759473612
2.972490219701193,0.0676530282020223,0.0164088711937994,185404587977.6217,7745.823642632806,0.0356264587079264,0.3140898487096231,4.042335322897992,0.65,2.0,0.002,4,4.119965006459677,16.479860025838708,37.079685058137095,65.91944010335483,0.000708202966985,0.0003626864135734
1.9166672858261,0.0737132329236156,0.0109203612713554,208884579224.13724,7687.41165735009,0.0245343703028779,5.340381077346829,2.728821541584501,0.65,2.0,0.002,4,7.02644935656311,28.10579742625244,63.238044209068,112.42318970500976,0.0007823271936606,0.0004263873680897
1.6606231671867118,0.0667455568776868,0.0148337925199741,194534580542.9119,7807.41667263852,0.0142619347978323,6.970537121446673,7.960562974477163,0.65,2.0,0.002,4,12.175421275702114,48.701685102808455,109.57879148131904,194.80674041123385,0.0004681841879854,0.0002260274023007
2.2499547182664186,0.0281851310125392,0.0079014360387708,211217473495.67944,7816.821466342428,0.0122173804187806,3.945484205281432,1.6264765400969976,0.65,2.0,0.002,4,3.679065778010567,14.716263112042268,33.1115920020951,58.865052448169074,0.0080232632622015,0.0044331969628498
2.820649133128635,0.0224745786693311,0.0138567168072586,200118867795.8173,7926.242101046117,0.0106853060164771,5.3236288067952025,4.374130196369937,0.65,2.0,0.002,4,3.9682754832201095,15.873101932880438,35.71447934898099,63.49240773152175,0.0327519010992562,0.0179184158473692
1.2378198671917506,0.0720035955639935,0.0089134867412789,219847766333.7168,7754.203172707437,0.0103998783919517,3.2292563756330384,17.309821550349014,0.65,2.0,0.002,4,14.046056782229437,56.18422712891775,126.41451104006497,224.736908515671,0.000373579740302,0.0001522120968123
1.7972896417068305,0.0483128427457693,0.0137299869313462,200039328441.27103,7788.857780408259,0.0418025889481136,7.481915113254791,7.95545739340513,0.65,2.0,0.002,4,9.767513994131768,39.07005597652707,87.9076259471859,156.2802239061083,0.0017747872543488,0.0009203366135814
1.9618396964517235,0.0720521009558414,0.0179459772448344,214307783704.6036,7760.538089988261,0.0205794254366828,2.1521574786226174,6.790566548615845,0.65,2.0,0.002,4,11.110724677486145,44.44289870994458,99.99652209737528,177.77159483977832,0.0001207884915934,5.7892573356968295e-05
2.5229591514052347,0.0522158160101851,0.0081778318793052,194255490687.2287,7868.495620969269,0.0074045409719241,3.487455033931817,0.6627840793896281,0.65,2.0,0.002,4,2.894594894923431,11.578379579693724,26.05135405431088,46.313518318774896,0.0044913849176012,0.0027724568637721
2.575999896524067,0.0702486500334014,0.0088012919082204,212579103828.64847,7672.838331045261,0.0227395749778794,4.977202211518718,5.219805617228306,0.65,2.0,0.002,4,3.165674507271542,12.662698029086169,28.49107056544388,50.65079211634468,0.0043387577924942,0.0018423480093701
2.091351388162096,0.0526097357047916,0.0184838236448077,218872152745.86847,7881.935329217273,0.0267322275262302,4.618398193228269,9.04211562112643,0.65,2.0,0.002,4,10.098244309227669,40.39297723691067,90.884198783049,161.57190894764267,0.0011770020009605,0.0006109658711996
2.084430199145341,0.0777052259609592,0.0188421326574359,185851934749.96585,7669.273369955888,0.0119135348950332,7.586127291522258,4.7371476097615055,0.65,2.0,0.002,4,9.680349380206222,38.72139752082489,87.123144421856,154.88559008329955,0.0003512565290287,0.0002001194199951
1.1121075824349196,0.0267479015919483,0.0182317626141498,192043467083.46957,7878.554316613894,0.0103019847253814,1.7882833559531492,50.99673761688882,0.65,2.0,0.002,4,33.00204180645821,132.00816722583284,297.01837625812385,528.0326689033313,2.125331504677305e-05,7.077438417833741e-06
2.8882302309930563,0.0227936691037271,0.0164010767231531,209486069868.6879,7998.763769844016,0.020654179777448,2.926539017735121,4.633450328721588,0.65,2.0,0.002,4,4.562513206242631,18.250052824970524,41.06261885618368,73.0002112998821,0.0216891184144639,0.0104523257478185
1.59621859443525,0.052098970637049,0.0085021204764521,200829462742.769,7824.855813935626,0.0203210798790337,5.10862430489995,7.135882313533353,0.65,2.0,0.002,4,7.665620568815409,30.662482275261635,68.99058511933869,122.64992910104654,0.0072086569697961,0.0039090852157684
2.3886734129614915,0.0653180803325393,0.0057337310332242,210106389869.2458,7644.972901731815,0.0286090619520872,5.598569452181105,1.0240670175842206,0.65,2.0,0.002,4,2.388826863682548,9.555307454730192,21.499441773142934,38.22122981892077,0.0157922131952208,0.0088341772595823
2.387216704241629,0.0615310043235594,0.0196006862690642,194065779464.7556,7623.7403866875375,0.043756897598314,7.333312913254732,2.538620854002049,0.65,2.0,0.002,4,7.868777641077317,31.47511056430927,70.81899876969585,125.90044225723707,0.0005201955375546,0.0002914284352782
1.47993505585272,0.0520748880480353,0.0187443127374462,192022459942.9912,7705.754481639725,0.023295192566456,9.68076933509225,33.34744252520019,0.65,2.0,0.002,4,19.372331454701172,77.4893258188047,174.3509830923106,309.9573032752188,0.0001270607192119,3.985900265708544e-05
2.4296624083548384,0.0291884995757696,0.0128017342754299,187405181081.48645,7787.436854681837,0.0243722310969166,6.085165186314613,5.389189158079039,0.65,2.0,0.002,4,4.823915828322007,19.295663313288028,43.41524245489806,77.18265325315211,0.0163257814420949,0.0082188428749577
1.323157248743044,0.0567334026225209,0.0089567906326365,186894689062.5699,7971.907300054029,0.0069351462833022,5.694966315689283,13.331562932744768,0.65,2.0,0.002,4,11.232491950827352,44.92996780330941,101.09242755744616,179.71987121323764,0.0016061139785736,0.0006965749356371
1.7983112599531053,0.0204068959640782,0.0193329180263393,214737661821.5488,7716.334620138411,0.0498990791404787,3.239563978109688,14.670969686987302,0.65,2.0,0.002,4,14.30031223455602,57.20124893822408,128.7028101110042,228.8049957528963,0.0013127661160752,0.0008648225703853
1.3580894146685631,0.0740210013757631,0.019993384737298,206605606658.2138,7678.355615832003,0.0114996497987894,9.598202615443435,45.09048535742273,0.65,2.0,0.002,4,25.497393659829783,101.98957463931914,229.47654293846807,407.9582985572766,4.627578401032346e-05,1.4815620520775186e-05
1.358510880666335,0.0398504600347587,0.0092093032353901,213456993298.1276,7798.125882956009,0.0242441371609271,1.5437522154332366,21.031989375618597,0.65,2.0,0.002,4,11.8383140821789,47.3532563287156,106.5448267396101,189.4130253148624,0.0001306156722556,4.34415722419965e-05
2.580111496676812,0.0260762592142187,0.0179962016970176,200019308433.28452,7920.885223506715,0.0370683869143067,4.56747311011784,9.766577306187202,0.65,2.0,0.002,4,6.160021935980121,24.64008774392049,55.44019742382109,98.56035097568194,0.0014118253982726,0.0005180474541159
1.299335902149383,0.0568251972260158,0.0168779630501605,210720413654.8095,7795.538196701847,0.0379324123553319,5.877507444870538,13.259805006111383,0.65,2.0,0.002,4,23.568756069728703,94.2750242789148,212.11880462755832,377.10009711565925,8.21571798285971e-05,4.221202591997709e-05
2.1890862585126145,0.0302538327365806,0.0066012482320369,195049216883.2568,7921.6722914119955,0.0402802483256021,6.872987280393973,2.9930191976212885,0.65,2.0,0.002,4,3.0995113994026124,12.39804559761045,27.89560259462351,49.5921823904418,0.1205374522058675,0.0609991595578132
2.3109640137545564,0.0735562029144666,0.0128675421520471,201299589633.88837,7727.722039179874,0.0410306190937632,1.1938136583701546,4.137421213632153,0.65,2.0,0.002,4,5.5761466470288665,22.304586588115463,50.1853198232598,89.21834635246186,0.0004825944310357,0.0002447380338284
2.2056703326884515,0.0686157083153263,0.0111916822008029,215542401138.40283,7789.869501163976,0.025571703389644,6.591288414199396,7.196571214688422,0.65,2.0,0.002,4,5.487122893418728,21.94849157367491,49.38410604076856,87.79396629469964,0.0028794783909567,0.0012433848480952
1.5928364677266036,0.0671065605079061,0.0125884064675976,202827080511.37384,7818.602860166441,0.0471817108947892,0.4450444003854531,5.549117738552135,0.65,2.0,0.002,4,11.459245498313075,45.8369819932523,103.13320948481768,183.3479279730092,2.3803270073257343e-05,1.3643316323297576e-05
2.032393022558212,0.0728076291091625,0.0193257664381329,219041874396.7583,7727.8245887928915,0.0064478381202623,7.186388024029222,7.380320214730839,0.65,2.0,0.002,4,11.294981809561182,45.17992723824473,101.65483628605064,180.7197089529789,0.0004073861315018,0.0002016684045281
2.358226733144136,0.0518809251961671,0.017097998714693,215855201981.92487,7753.084217439052,0.0360511390503774,2.37588609700933,10.102415036872117,0.65,2.0,0.002,4,7.356096646494997,29.42438658597999,66.20486981845497,117.69754634391995,0.000417353276284,0.0001644314330011
2.268371778899317,0.031405541574381,0.0068525938600891,218763469103.95697,7863.296122324443,0.0471402911618819,4.949889140732997,0.8285562707447894,0.65,2.0,0.002,4,3.18523046663343,12.74092186653372,28.667074199700878,50.96368746613488,0.0103020127431916,0.0061858282097724
1.8841700200737528,0.055589552033925,0.0174877778611436,219733387820.4217,7729.010126060513,0.0455879508677765,8.07990363135063,3.839910006410538,0.65,2.0,0.002,4,11.909945967712924,47.639783870851694,107.1895137094163,190.5591354834068,0.0003054243855492,0.0001715367024333
1.789800783982377,0.0446789259812306,0.0190238402414675,206843024181.35248,7971.639354566055,0.0487483748954597,5.515379260421629,17.802150904417797,0.65,2.0,0.002,4,13.717174844561429,54.86869937824572,123.45457360105286,219.4747975129829,0.0003161499848582,0.0001320510447997
2.7105902358958094,0.0770220348864917,0.0081966128761914,189709793266.28412,7985.467030430049,0.0245357316630174,8.368906779960195,4.231967900004232,0.65,2.0,0.002,4,2.465645602110041,9.862582408440163,22.190810418990367,39.45032963376065,0.0101753061281468,0.004548045310658
1.2972329682675277,0.0727527189235571,0.0084879455478381,204211411669.9369,7701.593458123106,0.0370606187742503,6.522591262378493,13.14938384446035,0.65,2.0,0.002,4,11.777296064827471,47.109184259309885,105.99566458344724,188.43673703723957,0.0015817929143248,0.0008043071270384
2.9969800580835293,0.0531535482553584,0.0061781136373201,191713415896.35736,7673.909894782259,0.046611525523682,8.081482878503895,1.8464750020229723,0.65,2.0,0.002,4,1.5589613379807818,6.235845351923127,14.030652041827036,24.94338140769251,0.1426297380298091,0.0803414847521172
1.967975678287441,0.0234660502090214,0.007400092746671,218017519735.2633,7797.536364466665,0.0420395238401658,2.1455652175016406,1.6462597820130886,0.65,2.0,0.002,4,4.581355110656689,18.32542044262676,41.2321959959102,73.30168177050703,0.003209679336676,0.0017908305884651
1.7642693842853272,0.0697125587362926,0.0085430433405633,186229278654.1085,7738.064887646281,0.016422405818223,6.665506870811248,3.759951216392852,0.65,2.0,0.002,4,6.105480731826929,24.421922927307715,54.94932658644236,97.68769170923086,0.0027585243482205,0.0013551766091831
2.1951533154065714,0.0732734567585306,0.0067672763509703,185279938400.2393,7789.826740983066,0.0176553546826026,2.841596222996612,4.191513098721354,0.65,2.0,0.002,4,3.10573037535858,12.42292150143432,27.95157337822722,49.69168600573728,0.0057057843908579,0.0025911630296127
2.3368871414115477,0.05363917044375,0.0182774431495076,206897582888.6716,7857.091892316438,0.0135395661744845,1.153247961822837,15.08700319886638,0.65,2.0,0.002,4,7.787821884704562,31.15128753881825,70.09039696234105,124.605150155273,6.602035174492805e-05,2.774072145766901e-05
1.3302855554665327,0.0380658577674883,0.005758864744623,193985511874.92963,7999.529512906603,0.0198190577914509,8.61175266065648,2.575267690484076,0.65,2.0,0.002,4,7.266559045132575,29.0662361805303,65.39903140619317,116.2649447221212,0.004030601409022,0.0021763154488516
1.8012352294847485,0.0638877913566012,0.0081108754272525,183657272234.344,7634.952612309809,0.0312262321931534,8.899798602174133,3.3412263240947584,0.65,2.0,0.002,4,5.559772384987199,22.2390895399488,50.0379514648848,88.95635815979519,0.0047980762478209,0.0023812806266288
2.602868627510472,0.0367679646574232,0.0050860653545504,180778425571.93292,7991.361044638626,0.0301927071480325,4.941343855408015,2.998831648900523,0.65,2.0,0.002,4,1.6190848775853734,6.476339510341494,14.571763898268362,25.90535804136597,0.0372892666370505,0.0186059254754539
1.114747814837646,0.0542110294877853,0.0124430691052354,196822506404.92838,7729.597470299673,0.0329801153361879,4.901255452333913,8.74117630227155,0.65,2.0,0.002,4,22.911970826618752,91.647883306475,206.2077374395688,366.5915332259,7.881709847881172e-05,4.269683194260569e-05
1.1930379323406153,0.0348970484408136,0.009400112413932,208703352155.47787,7869.641674515701,0.0386186040018979,0.711374967649618,30.675084368614268,0.65,2.0,0.002,4,15.422011766636004,61.688047066544016,138.79810589972402,246.7521882661761,2.7475584960545463e-05,8.95990838262062e-06
1.6530809238570383,0.0445334270088702,0.0120266367978996,200807890854.6556,7748.000305777325,0.0274257315931652,4.2367987482443406,19.669075133971564,0.65,2.0,0.002,4,10.159697886728088,40.63879154691235,91.4372809805528,162.5551661876494,0.0002557040061786,9.067394782951684e-05
1.3926508565225475,0.0644675162719731,0.0180702708324164,208022960650.57428,7928.235078104177,0.0314258394364154,5.114554699725742,42.12751436293527,0.65,2.0,0.002,4,21.640973421179467,86.56389368471787,194.7687607906152,346.2555747388715,2.9149917983095055e-05,9.527000132158463e-06
2.089724039074893,0.0281925307562079,0.0063899068030433,189570089553.65768,7789.015059513686,0.0431146027262179,7.657577002154983,1.5977636159032096,0.65,2.0,0.002,4,3.2733280840031025,13.09331233601241,29.459952756027924,52.37324934404964,0.0238080601950696,0.013765963696312
1.5001655406763896,0.0798416123137388,0.0183237301721651,194940758478.10284,7611.6758647632305,0.0287918701155861,8.665377841087672,31.380178767264628,0.65,2.0,0.002,4,18.684262232229923,74.73704892891969,168.1583600900693,298.9481957156788,8.661009822381989e-05,2.7337735019061843e-05
1.0979535845628088,0.033382739107438,0.0169095258329812,200801886577.2261,7634.647341816504,0.0170581113120209,3.308190039234212,25.37541178540868,0.65,2.0,0.002,4,32.61986246468192,130.47944985872766,293.5787621821372,521.9177994349106,8.379213410989222e-05,3.779021939758077e-05
2.098462736278452,0.0728384613154601,0.0180366041298012,180585383317.62796,7705.936281426334,0.0201614710825918,5.395154050860901,2.961279431933185,0.65,2.0,0.002,4,8.9910434233618,35.9641736934472,80.9193908102562,143.8566947737888,0.0002758744550164,0.0001525922359799
1.9868953358066184,0.0463280945487253,0.0169729076566336,192471518290.1318,7976.12604809072,0.0177264660717577,3.379856711935917,18.279949324043987,0.65,2.0,0.002,4,9.576851509374436,38.30740603749775,86.19166358436993,153.229624149991,0.0001632066956923,6.123148098980758e-05
2.750046637547908,0.0298057572882101,0.0105692073126294,182091280432.8529,7896.995716422249,0.011779374084481,2.644498154919732,4.854898654512879,0.65,2.0,0.002,4,3.0430225890066964,12.172090356026786,27.387203301060264,48.68836142410714,0.0053085789382203,0.0024819567268963
2.3415771784870154,0.062208260429447,0.0122199293053994,191540749960.6776,7720.724184482209,0.0133495738227199,3.689634562153731,2.531199976684571,0.65,2.0,0.002,4,5.03364480641029,20.13457922564116,45.30280325769262,80.53831690256465,0.0012131607499655,0.0007110952719812
1.6234927290879138,0.0457840888836114,0.0136833251638423,180022100385.74725,7741.648084045634,0.037727740002473,2.93204631805408,13.927116012596786,0.65,2.0,0.002,4,11.35184375784289,45.40737503137156,102.166593820586,181.62950012548623,0.0004545452984287,0.0001975539156017
1.6781256584617656,0.0596432311895188,0.0067528116319999,191364360545.5416,7943.34585124132,0.0173196215261129,1.767623637281239,6.193590118377231,0.65,2.0,0.002,4,5.336957286725988,21.34782914690395,48.03261558053389,85.3913165876158,0.0029275393279189,0.0014169845608218
2.1565966406774217,0.0613729754825852,0.0179489531545629,193453785771.38745,7783.861632176667,0.0336159313977726,3.2107379280318304,4.552325315055391,0.65,2.0,0.002,4,8.724119228496102,34.89647691398441,78.51707305646491,139.58590765593763,0.000249099463603,0.0001388634771713
2.859684672358039,0.0323167348177358,0.0181396210726941,199348957793.54352,7936.248059348536,0.0481233063865,4.279259775549675,7.329115083172423,0.65,2.0,0.002,4,5.041044569997008,20.164178279988032,45.369401129973085,80.65671311995213,0.0018354241287944,0.0007579127174605
1.908610318379268,0.059005494340923,0.0068255433659036,200944460047.4128,7644.283258829839,0.0436806212153669,5.667600702867789,7.229216339321474,0.65,2.0,0.002,4,4.3561375281482775,17.42455011259311,39.2052377533345,69.69820045037244,0.0037310047022762,0.0014087146135806
2.306942578386292,0.0212259682951142,0.0053142617739744,192742887390.751,7901.906800925653,0.046645635585445,6.8614610944947545,3.290655566896355,0.65,2.0,0.002,4,2.2362577401125687,8.945030960450275,20.12631966101312,35.7801238418011,0.0762252694795281,0.0348854377363081
2.930734369542316,0.0735049997964031,0.0198332130721087,213226568694.70703,7972.872428040678,0.0138934008290107,2.643150207472736,9.485213341989375,0.65,2.0,0.002,4,5.4148030923399615,21.65921236935985,48.73322783105965,86.63684947743938,0.0002819666322426,0.000116891561252
2.9979379835153708,0.0748633701500361,0.0137719843286934,188713782959.9298,7710.711090078988,0.0252294514725704,3.295523806674223,0.8193653993745743,0.65,2.0,0.002,4,3.437439628291388,13.74975851316555,30.93695665462249,54.9990340526622,0.0012114400615477,0.0007431850460054
2.978707709783218,0.0721395205591533,0.0160663234467446,185485781562.2213,7612.089884473907,0.0128935626888691,9.383536548624448,6.766021111666285,0.65,2.0,0.002,4,4.0531561842810495,16.212624737124198,36.47840565852945,64.85049894849679,0.0026784254790849,0.0011658176155013
1.1079464633709906,0.0761925609422703,0.0111754442468058,197978127771.4355,7782.413004897267,0.0214262581207311,6.7784203151182965,4.685873502706103,0.65,2.0,0.002,4,20.821306072393025,83.2852242895721,187.39175465153724,333.1408971582884,8.130799928095659e-05,5.077385159686638e-05
2.611981164771076,0.0252080266010434,0.0056659594536588,219907017894.7929,7947.782849293875,0.0447281376559791,9.517671481305513,1.9590342013325055,0.65,2.0,0.002,4,1.9808846326462253,7.923538530584901,17.82796169381603,31.694154122339604,0.4315944551800195,0.2115486857049366
2.132652013970384,0.0374722433373512,0.0100782488664763,189392206490.0989,7778.514734161071,0.0259736986125053,5.306613065997243,6.282479233643202,0.65,2.0,0.002,4,4.958006029729752,19.83202411891901,44.62205426756777,79.32809647567603,0.0067408509817864,0.0029852241262616
1.759994260885606,0.0410359909716724,0.0141577283987059,191250144567.66315,7656.540133526076,0.0482693391721489,8.114346572409318,19.94266348859341,0.65,2.0,0.002,4,10.35821525079912,41.432861003196486,93.2239372571921,165.73144401278594,0.0004223991724108,0.0001451664249749
2.287480930848546,0.0770001062344524,0.009278316282408,207710862770.19983,7610.016081202073,0.0168074812730131,4.690825307166269,1.0744962225953727,0.65,2.0,0.002,4,4.200686583732039,16.802746334928155,37.80617925358835,67.21098533971262,0.0017777113065145,0.0010557613587271
1.765755231275309,0.0400825099844491,0.0159713247174353,203957380190.89117,7771.677723260822,0.014000181003104,4.264330407078829,6.2456018434424925,0.65,2.0,0.002,4,11.89930266990184,47.59721067960736,107.09372402911656,190.38884271842943,0.0003287858722526,0.0001749014559911
2.1538336972016974,0.0644123152274254,0.0187308296256174,198754004706.6248,7936.3597835377295,0.0327659763365318,2.120134316370033,11.391223255290775,0.65,2.0,0.002,4,9.162399059151143,36.64959623660458,82.46159153236032,146.59838494641832,0.0002504869913462,0.0001063242089611
2.0200323647068794,0.046105174466235,0.0152457832555808,185487912334.90665,7774.275861619149,0.0451265815051341,0.457020823453282,8.467486721920839,0.65,2.0,0.002,4,8.275422445074447,33.10168978029779,74.47880200567003,132.40675912119116,0.0003425728174549,0.0002105726839304
1.0631589398295076,0.0225198411634842,0.0153735006140614,193462986620.41165,7621.624669822901,0.0100491039313769,6.686309273144588,58.715975834680975,0.65,2.0,0.002,4,31.0728291938486,124.2913167753944,279.65546274463736,497.1652671015776,7.804167464743204e-05,2.5042002496884408e-05
1.0683760267246902,0.0408594921007524,0.0150634723825514,188983915385.4036,7985.77969478343,0.0241382164050912,0.3087643367528342,34.14797241626803,0.65,2.0,0.002,4,29.11118201219621,116.44472804878484,262.0006381097659,465.77891219513936,9.912317569129713e-06,4.1070644646451095e-06
1.7770569452095144,0.0522625255104962,0.0085897546355985,209109854097.5207,7923.706685288833,0.0337995360894693,9.040506903237205,10.282999663670136,0.65,2.0,0.002,4,6.336221881089028,25.34488752435611,57.02599692980125,101.37955009742444,0.0026384819256494,0.0009579994000341
2.9186646952712167,0.0591511520451597,0.0124325983494292,184427682961.18463,7700.974516219835,0.0182648277308544,7.67155517081162,5.758562950225628,0.65,2.0,0.002,4,3.238642119483527,12.954568477934108,29.147779075351743,51.81827391173643,0.00444776450578,0.0019690923630276
2.1316509265349675,0.0447192759336483,0.011238384942041,192317867577.706,7748.499013568795,0.013283356837249,2.778779973128529,6.571174934389217,0.65,2.0,0.002,4,5.587300242827898,22.349200971311596,50.28570218545109,89.39680388524637,0.0033029805329413,0.0015430825151597
2.351581873854093,0.058276136971337,0.0083049675250471,186126371950.72177,7949.21059081382,0.0130736276879996,0.8298128317868048,4.369801712556901,0.65,2.0,0.002,4,3.295254330263382,13.181017321053528,29.65728897237044,52.72406928421411,0.0015983877393711,0.0007487514429028
2.124223731440143,0.0246020106996597,0.0113759246184542,208386519096.23325,7606.053902855519,0.0337494919586654,7.596120276934478,6.977043101692894,0.65,2.0,0.002,4,5.983710277985699,23.934841111942795,53.85339250187129,95.73936444777118,0.0127631032590218,0.0061235022090867
1.0664501370752832,0.0723880950812778,0.0143016739399865,186407534821.92847,7907.426700917709,0.0271677351321528,5.155995877737849,18.300786121810884,0.65,2.0,0.002,4,27.68529540196961,110.74118160787845,249.1676586177265,442.9647264315138,6.164971196082574e-05,2.9865757416259035e-05
2.63808148503034,0.0234830811051479,0.0182146088753265,181730177413.9,7651.132972551521,0.0131082967317671,2.308202743182523,5.3395645326090895,0.65,2.0,0.002,4,5.783934186088524,23.13573674435409,52.05540767479672,92.54294697741638,0.0062634527011809,0.0034040256388463
2.9355481246928283,0.0706342141329044,0.0095557515891322,185184992007.6017,7894.090469306126,0.0149302751799818,6.093995329951027,3.902319943858565,0.65,2.0,0.002,4,2.435384514769987,9.741538059079948,21.91846063292988,38.96615223631979,0.008748647141282,0.004125694504897
2.172703656829801,0.0469577037731902,0.0135608403937875,211921709379.42035,7972.685792019699,0.0237837121339351,7.207533190881882,3.722176717363985,0.65,2.0,0.002,4,6.715838869715649,26.863355478862594,60.44254982744084,107.45342191545038,0.0018495281743521,0.0009578100525329
1.376549494598577,0.0489933117480608,0.0151204915690021,194684503570.2465,7937.513894510157,0.0289914791272745,4.730871321351216,31.282375197384653,0.65,2.0,0.002,4,17.91987370460858,71.67949481843432,161.27886334147723,286.7179792737373,8.805538747079465e-05,2.7591217506294524e-05
1.9980389709980844,0.0275471813212387,0.009578246873049,210166093521.37872,7938.3967632005215,0.0206444636485167,0.7062134499869915,7.827537321942776,0.65,2.0,0.002,4,5.597863397582274,22.391453590329096,50.38077057824047,89.56581436131638,0.0007078578096877,0.000290779536139
1.652260285250008,0.0716400479773271,0.0051576028488477,197442104844.38095,7977.135871411163,0.0294186359832264,4.5594133224246445,3.248799900890949,0.65,2.0,0.002,4,4.262031100912965,17.04812440365186,38.35827990821669,68.19249761460745,0.0086410513299368,0.004421389708512
1.2332080911370331,0.0704466859364259,0.0129376432885679,182445176094.4037,7933.29801552053,0.0062291352682063,1.4698698596466746,30.266112307059338,0.65,2.0,0.002,4,18.499117199213934,73.99646879685575,166.49205479292544,295.985875187423,2.6067975976350816e-05,9.854092727350018e-06
1.2037527970350963,0.0573822559872835,0.0170517231560292,204987329760.17447,7993.845632730123,0.0057353626180612,0.2551312897801603,29.72385992199022,0.65,2.0,0.002,4,27.02144308575702,108.08577234302808,243.1929877718132,432.34308937211233,1.1724029569232372e-05,4.9098680294326485e-06
2.1543229597651337,0.039923843253738,0.010080968885572,192706355293.1728,7778.131227331194,0.0415372945486684,4.743358064219994,9.749013437411254,0.65,2.0,0.002,4,4.90253038634545,19.6101215453818,44.12277347710906,78.4404861815272,0.0014932051650807,0.0005770430909565
2.8458899713397168,0.0414885744780186,0.006246094984931,186213442538.92532,7885.717998403992,0.030304648080744,5.392709691904627,0.5906718605457456,0.65,2.0,0.002,4,1.6993644205324494,6.797457682129798,15.294279784792048,27.18983072851919,0.0387911701482099,0.0208885589755534
2.069603826360804,0.0269987548846511,0.0093124443319499,205647593208.89655,7890.046275529191,0.016855503208521,3.359017343545817,3.243551244474244,0.65,2.0,0.002,4,5.033157800748387,20.132631202993547,45.29842020673549,80.53052481197419,0.0050244172840376,0.0025167595773958
2.782985966663735,0.0768944915453754,0.0118646649123375,219496572965.86383,7913.964532305719,0.0343934321996065,4.379353906011388,6.279021985643914,0.65,2.0,0.002,4,3.65830171436474,14.63320685745896,32.924715429282664,58.53282742983584,0.0016420679878733,0.0006447819419603
2.4741976929366207,0.0611640251071343,0.0178340317219007,191462803730.3308,7725.865312095621,0.048450809433685,4.620337999710557,11.19360574187771,0.65,2.0,0.002,4,6.5762548397823215,26.30501935912929,59.1862935580409,105.22007743651714,0.0004510928959353,0.0001579944413269
1.691394061301716,0.0619128268353027,0.0197147141152372,196990307740.8236,7756.88208160568,0.0242651062564269,4.312885283692243,31.229064138580352,0.65,2.0,0.002,4,15.747404002533637,62.98961601013454,141.72663602280272,251.95846404053816,4.437092224808525e-05,1.5120991458208724e-05
1.168230669113764,0.0346200472433428,0.0176538257714381,205503548019.1384,7859.65962005371,0.0351591464908109,7.652739888491338,9.135699946879877,0.65,2.0,0.002,4,29.99291497173007,119.97165988692028,269.93623474557063,479.8866395476811,7.005720142197596e-05,3.971017681542342e-05
2.1234798109690263,0.0649794414640221,0.0160317969825438,208995431912.7253,7911.569386375775,0.008267480906943,5.144820555787726,5.5616676638478255,0.65,2.0,0.002,4,8.286139913648846,33.14455965459538,74.57525922283962,132.57823861838153,0.0007350819682137,0.0003675932642071
1.725182001596934,0.0704752870097344,0.009724646909446,218576042000.01797,7609.578854546326,0.0328634396308579,1.2111711623317802,11.861055509718575,0.65,2.0,0.002,4,7.940616579208235,31.76246631683294,71.46554921287411,127.04986526733175,0.0001842945683712,7.014305515486744e-05
2.803444909786971,0.0232546200171253,0.014568398011474,208850919591.2359,7881.604679725804,0.0117576688346188,9.082057463981087,3.3752946475680146,0.65,2.0,0.002,4,4.326810464556024,17.307241858224096,38.94129418100422,69.22896743289638,0.0221090272436037,0.0110645970366165
1.1412707450317945,0.0341185648067065,0.0052465669342481,208209445708.9188,7608.378488747893,0.0252129549329064,6.523786799756229,7.156627956676342,0.65,2.0,0.002,4,9.55501254639693,38.22005018558772,85.99511291757238,152.8802007423509,0.005240782414912,0.0025272497737853
2.387680257446582,0.0768311454293218,0.0128105800850832,192723078167.7877,7963.770258127305,0.0493615206974378,0.3025532101559998,3.985985281051394,0.65,2.0,0.002,4,5.0124864685346,20.0499458741384,45.1123782168114,80.19978349655361,0.0001621984566755,8.598451476685471e-05
2.5983287241565023,0.0626114836880662,0.0168766238105778,185823905531.34125,7871.069493084216,0.0381659860546489,3.069667681718662,9.771758411349898,0.65,2.0,0.002,4,5.507576693027793,22.03030677211117,49.56819023725013,88.12122708844468,0.0003987246622047,0.0001449275708695
2.3957406841404567,0.0397927832818251,0.0071059370626662,217875025239.6068,7950.19056159428,0.0105901589931699,3.691509129694572,1.476955047595278,0.65,2.0,0.002,4,2.9389077249496296,11.755630899798518,26.45016952454667,47.02252359919407,0.0093302633360967,0.0056497220953096
2.497357703129534,0.0769471552169246,0.0125510562930258,215509856120.09457,7665.128125595352,0.0132264373148313,5.17219615203786,3.863725507285166,0.65,2.0,0.002,4,4.838624127656144,19.35449651062457,43.54761714890529,77.4179860424983,0.0038764155950743,0.0019247766298736
2.1094390481173546,0.0212155256010647,0.0176336337188174,218946562926.93356,7861.361924801457,0.0347203507322016,5.327000592524014,7.602648366184048,0.65,2.0,0.002,4,9.483251707926568,37.93300683170627,85.3492653713391,151.7320273268251,0.0023460103275903,0.0011652236758876
1.7749941091761947,0.0340632561438023,0.0126717101293204,198382464146.99533,7631.2332299652,0.0160391321332971,2.8866943562429124,9.973158754574287,0.65,2.0,0.002,4,9.298757635408846,37.19503054163538,83.68881871867961,148.78012216654153,0.002941949780937,0.001472054492887
2.005592592782463,0.0425290624955619,0.0119075452365449,181836280727.4204,7819.648739276545,0.0349804598253438,1.1842477399334257,4.272739403806893,0.65,2.0,0.002,4,6.473105831730588,25.89242332692235,58.257952485575295,103.5696933076894,0.000523409490796,0.0002639737462324
1.931881156648927,0.0254886713837477,0.007082439871928,191739198409.33276,7709.412650524725,0.0223293462143533,4.6268628834868535,2.5667146681564006,0.65,2.0,0.002,4,4.291371818974018,17.165487275896073,38.62234637076617,68.66194910358429,0.0121106037573602,0.0059928387140422
2.58286683983357,0.0494708064605122,0.0068663107527046,198614361049.28995,7958.4267253061425,0.0312838426298386,7.564607746057889,1.7029525412202708,0.65,2.0,0.002,4,2.3315266727388764,9.326106690955504,20.98374005464989,37.30442676382202,0.0476368781565681,0.024095695136561
2.959846678201817,0.0361247786522032,0.0116194384163445,208360617223.658,7724.076119773681,0.008712363249595,3.827750510180617,3.733279579176583,0.65,2.0,0.002,4,3.123636635195524,12.494546540782094,28.112729716759716,49.97818616312838,0.0164126491385248,0.0076711162388143
2.251010430830215,0.054300044475682,0.0130925051498276,195676568292.84448,7701.865876544357,0.0389894893400517,5.144718425840455,1.5419155671039424,0.65,2.0,0.002,4,5.905659840046135,23.62263936018454,53.15093856041522,94.49055744073816,0.0009717526791735,0.000583373789868
2.2741342699865434,0.0491580344813212,0.0064788989914684,182851683557.05695,7871.077450863542,0.0183635695137525,6.727876463070237,2.0010456199148785,0.65,2.0,0.002,4,2.7379823631432783,10.951929452573111,24.6418412682895,43.80771781029245,0.0350218888261039,0.0175844283889675
2.631017029768157,0.0499991449528499,0.0069957898216434,204581914701.9425,7628.643005660441,0.0417714589294141,7.639248117869519,2.192215077307698,0.65,2.0,0.002,4,2.3731689771967197,9.492675908786875,21.358520794770477,37.97070363514751,0.103645304792834,0.0537075588700663
1.1051157573401875,0.0289476183823008,0.0061862720345336,200785478373.90756,7921.122897500138,0.0074671155935509,7.81612615702114,11.327136997916204,0.65,2.0,0.002,4,11.56419747032134,46.25678988128536,104.07777723289205,185.02715952514143,0.0367424034210204,0.0200260319561469
2.773469304332336,0.023512417176283,0.0175651926801137,207114574572.20404,7743.997117912052,0.0165358104135735,1.1375784088274208,10.141983775951765,0.65,2.0,0.002,4,5.3549840801929,21.4199363207716,48.19485672173611,85.6797452830864,0.0003550833276285,0.0001524815192224
2.658215432193718,0.0649651734080147,0.017930420907481,219341239081.36557,7876.058106948084,0.0467657242432128,2.790600270598336,11.854540439000758,0.65,2.0,0.002,4,6.072186180617734,24.288744722470938,54.64967562555962,97.15497888988376,0.000198041100466,7.374432404639477e-05
2.2127829584794645,0.0667148206297555,0.0195037001041396,190073636038.77795,7631.557912395597,0.048933711995312,6.066152408044906,2.082724595192841,0.65,2.0,0.002,4,9.014112365822216,36.056449463288864,81.12701129239994,144.22579785315546,0.0002486835891199,0.0001601191210877
1.9550117472554656,0.0656859537910404,0.0185499180794607,208827837868.73407,7985.284489419751,0.0401902326832179,8.681334238793072,4.562382322360588,0.65,2.0,0.002,4,11.254378234761605,45.01751293904641,101.28940411285444,180.07005175618565,0.0003143504624859,0.0001713855875755
1.125505559913235,0.0659847962010662,0.0123592628260089,192519808540.07175,7844.113846004456,0.0409788562281664,1.1283622287015125,36.23250428508364,0.65,2.0,0.002,4,21.917564779995683,87.67025911998273,197.2580830199612,350.6810364799309,1.4364618737987376e-05,4.547733561367189e-06
1.90209300037051,0.0540760538257095,0.0119272686717462,206350136392.66803,7821.759609351905,0.0194321996012334,3.522734977050063,6.768040923876436,0.65,2.0,0.002,4,7.678155607281034,30.71262242912413,69.10340046552932,122.85048971649654,0.00230951855716,0.001165445045987
1.424187949354358,0.0790813932460042,0.0131675251490305,187673300438.2329,7658.120444361692,0.0140362053750906,3.7014011999136023,8.291623396585875,0.65,2.0,0.002,4,14.572663835729362,58.29065534291745,131.1539745215643,233.1626213716698,0.0001383177047838,6.747304453706945e-05
2.7478466589573878,0.0637096131705934,0.0166356554490004,211672613105.83243,7802.893308695198,0.047610843934469,2.083560079407893,5.7702633527757055,0.65,2.0,0.002,4,5.203417638468264,20.813670553873056,46.83075874621437,83.25468221549222,0.0014040151922324,0.0007784200588164
1.422489851734523,0.0576653440230722,0.0122908928890002,184088271703.9543,7800.669761820383,0.0441271770511007,4.447238564842047,6.282954803504298,0.65,2.0,0.002,4,13.380164362536604,53.520657450146416,120.42147926282944,214.0826298005857,0.0002078298960942,0.0001173705151397
1.148530953186662,0.0319989916655453,0.0198095764954407,181582268647.83972,7685.47112925383,0.0241926943429331,2.9974265379973284,39.10372407818937,0.65,2.0,0.002,4,33.09942947642082,132.3977179056833,297.8948652877874,529.5908716227332,7.142352332709468e-05,2.9471978914173564e-05
2.218150878823824,0.0777577997097323,0.0063617526498299,208126510928.43225,7877.086448849111,0.0351263409576564,5.2098586811687975,5.847505937302175,0.65,2.0,0.002,4,3.0137329209415222,12.054931683766087,27.123596288473703,48.21972673506436,0.0037011728219007,0.0016493422532855
2.012049679127069,0.0341985700824933,0.0186810123646488,207534025121.51425,7819.42522408471,0.0356937958758139,5.167427818442761,3.288822607415536,0.65,2.0,0.002,4,10.779770177916182,43.11908071166473,97.01793160124564,172.47632284665892,0.0003522628025222,0.000199088018624
2.1013897045109218,0.04431141509877,0.0145014911284088,206744481913.29263,7922.836083577262,0.0158038932626131,9.650317462390108,4.460969305595485,0.65,2.0,0.002,4,7.606858591268029,30.42743436507212,68.46172732141227,121.70973746028848,0.0021697185425063,0.0010671415216882
1.9744069657482788,0.0361168772920088,0.0162913764812237,213468910200.2385,7848.00074773399,0.0233120478411446,5.59449979518538,12.190610341607345,0.65,2.0,0.002,4,9.883288741020843,39.53315496408338,88.9495986691876,158.13261985633352,0.0012831205147987,0.0005396822796011
1.919225234286408,0.0475774726472713,0.0125862597928523,199007880341.8925,7856.5514716759135,0.0479455451284361,1.809622392087498,6.577237251356266,0.65,2.0,0.002,4,7.7981792260580916,31.19271690423237,70.18361303452284,124.77086761692946,0.000808904562301,0.0004355233601754
1.8027515781610943,0.0369334602516508,0.0057881999212396,210048256921.75143,7811.09825167678,0.0135933893391313,8.944401026094713,7.876772352236782,0.65,2.0,0.002,4,4.18797903383182,16.75191613532728,37.69181130448639,67.00766454130913,0.0090363571007462,0.0041453998469298
2.6890820810183933,0.0799567835103743,0.0143402456574167,201344141273.88663,7914.753036186069,0.0078684891149551,8.113032629924804,7.098489829799,0.65,2.0,0.002,4,4.535535202663184,18.142140810652737,40.81981682396866,72.56856324261095,0.0021220121113471,0.0009776266837576
2.2054792481328924,0.0563273193932116,0.0056715816415601,203757410072.0165,7658.32743761348,0.0219751580663257,9.897870210709064,3.107945184755692,0.65,2.0,0.002,4,2.7272015241368224,10.90880609654729,24.5448137172314,43.63522438618916,0.0884089018645648,0.0491509265975536
1.544847726766501,0.0370781981075053,0.0059241899699783,192793926301.3115,7838.980427385931,0.0120108571733049,9.535519663541898,8.375212876508915,0.65,2.0,0.002,4,5.582178994476907,22.328715977907628,50.23961095029216,89.31486391163051,0.0093637455660613,0.0041833021398949
1.9183921913841304,0.0581551559113552,0.0168561990251835,189659562424.87177,7945.780152771515,0.0176090407389498,7.780724954800864,4.076805847300284,0.65,2.0,0.002,4,10.146895979344263,40.58758391737705,91.32206381409836,162.3503356695082,0.0004434969946605,0.000237799756586
2.314611236655909,0.0611881494753425,0.0079023423291595,208345210595.4056,7724.532410792135,0.0499403312627032,7.344499864432662,4.386304962364941,0.65,2.0,0.002,4,3.473638662349956,13.894554649399824,31.2627479611496,55.578218597599296,0.0132770338003367,0.0063476161286884
2.133285353862488,0.044689746499525,0.0189468860888642,188899910214.66437,7671.800296335483,0.0290913966068352,4.330287204530762,15.31232935962652,0.65,2.0,0.002,4,9.367774454820674,37.4710978192827,84.30997009338607,149.8843912771308,0.0003156733720402,0.0001086375606092
2.573882271624248,0.0459798929101888,0.0115735753563136,189814250597.34503,7683.770912583772,0.0314519868306063,2.4022748505163904,1.2425117902884548,0.65,2.0,0.002,4,3.937283110260776,15.749132441043104,35.43554799234698,62.996529764172415,0.0015331645584052,0.0008687826273553
2.8309710965468198,0.0357677641071132,0.005098538416477,204619246811.4549,7797.031568564952,0.0400529372150134,1.0651896001262289,1.879458893771756,0.65,2.0,0.002,4,1.4777898312556432,5.911159325022573,13.30010848130079,23.64463730009029,0.0286387306055907,0.0157560296278447
1.9207743380898996,0.0727846343563992,0.0070400846536722,212423384234.439,7796.328510353322,0.0069135917683114,9.728865588217523,7.228891141134633,0.65,2.0,0.002,4,4.516588685300542,18.06635474120217,40.649298167704885,72.26541896480867,0.0055594473621965,0.0025727096171575
1.1274093985295244,0.0745764213090504,0.0134928624766942,203616692995.0932,7714.357536566565,0.0280236651358935,4.319947178009773,47.2678252876118,0.65,2.0,0.002,4,24.730155904236288,98.92062361694516,222.57140313812656,395.6824944677806,2.4349313869194043e-05,7.666370554065367e-06
1.7253800024736838,0.0440119577126981,0.0066816561743809,182393337047.44168,7952.640756103012,0.0449441640338098,0.1255308646052338,6.600320214872904,0.65,2.0,0.002,4,4.874080075865648,19.496320303462596,43.86672068279084,77.98528121385037,0.0001486755561677,6.25497543241225e-05
1.6773912668415007,0.0336847644773849,0.0078316834679549,210536451749.3032,7980.616877260113,0.0113080883991499,9.600844069823856,8.236837482010364,0.65,2.0,0.002,4,6.482776418865815,25.93110567546326,58.34498776979234,103.72442270185304,0.0107222202124639,0.0047255129843215
1.1602944197410834,0.0213511305197148,0.0067167904575483,195799852406.90253,7786.682644032837,0.0111407733596231,4.170416065206092,11.286861446616962,0.65,2.0,0.002,4,11.344479884664269,45.37791953865708,102.10031896197845,181.5116781546283,0.0291932801936209,0.0144044774956408
2.0974502616536324,0.041253051437947,0.0104681127513972,184693462003.9878,7806.802886776124,0.0240886490764891,7.315626766764733,2.86287772143555,0.65,2.0,0.002,4,5.2481163894835765,20.992465557934302,47.23304750535219,83.96986223173722,0.004485320626851,0.0023776864485877
2.6051493374867283,0.0329154964362337,0.0133023014294677,194185731084.71655,7899.148831229503,0.0365917397880741,7.018017595529442,3.878059749210865,0.65,2.0,0.002,4,4.406657529840124,17.626630119360495,39.65991776856112,70.50652047744198,0.017322046983298,0.0094923284616546
1.472747070817969,0.0500364114863993,0.0131085777783299,202095391572.48212,7885.820839308033,0.0173591664177887,6.682546422510624,20.35587425386249,0.65,2.0,0.002,4,13.873410799502029,55.49364319800812,124.86069719551828,221.9745727920325,0.0003718110476281,0.0001375870113471
2.295416805409532,0.0790181288459166,0.0118211797719712,189172658611.71948,7907.888830421706,0.0386836380788213,5.274760850649427,7.677156686834471,0.65,2.0,0.002,4,4.97583382656101,19.90333530624404,44.782504439049085,79.61334122497615,0.0013280022738946,0.0005159980004188
2.1444076694648744,0.06684723211596,0.0161743596802125,213165911123.3064,7892.534386549361,0.0489427515259362,0.2828864869249116,16.39703500059794,0.65,2.0,0.002,4,8.288811877225061,33.155247508900246,74.59930689502556,132.62099003560098,1.1387941928284383e-05,3.957378904778641e-06
2.626138918903406,0.0397158149804958,0.013690852730426,184185825591.2439,7802.233053220319,0.0334328050638131,4.553649748347525,3.53157091706744,0.65,2.0,0.002,4,4.373639713023753,17.49455885209501,39.36275741721378,69.97823540838004,0.0067110478498349,0.0034740923331356
1.9067786767490735,0.0500203501681628,0.0177991371790975,184860134423.51764,7820.1674192893,0.0063855494572389,1.024037038641776,6.446658036849848,0.65,2.0,0.002,4,10.79297665778161,43.17190663112644,97.1367899200345,172.68762652450576,8.839641655128392e-05,4.335853334913586e-05
2.6095437316983,0.0515646023163971,0.00794521730886,208976872764.33325,7627.5685406317725,0.0282908721268844,0.6244929066670225,3.1878304816509497,0.65,2.0,0.002,4,2.76924849865116,11.07699399460464,24.92323648786044,44.30797597841856,0.0037420843608495,0.0020610582034494
2.7380952203669677,0.0545857903963073,0.0112710546895808,207934506843.30023,7969.255733049808,0.0270296180572797,1.0831464684446546,5.498217371536298,0.65,2.0,0.002,4,3.482179210860936,13.928716843443745,31.33961289774842,55.71486737377497,0.0008247670750876,0.0003451660682554
1.5966595302654962,0.0332696851524382,0.0152461490173666,216781282591.4113,7719.6556364208445,0.0194701599224051,8.556983179418351,25.9832516897084,0.65,2.0,0.002,4,14.370659726554702,57.48263890621881,129.33593753899234,229.93055562487524,0.0003446950097084,0.0001146719007279
2.6089887098950064,0.0586624116907092,0.009182914373573,218605930865.1326,7681.768855156084,0.0274808920261297,5.262722416909944,1.6032681300648108,0.65,2.0,0.002,4,3.26336568029747,13.05346272118988,29.37029112267723,52.21385088475952,0.0057042595490666,0.0032854189859692
1.5475669790260989,0.0287172017468577,0.006878539744945,206831377569.9664,7662.77733118699,0.0110045804386095,5.392398677556605,9.927273782422752,0.65,2.0,0.002,4,6.766151308186161,27.064605232744643,60.89536177367546,108.25842093097856,0.0044476688394522,0.0019162287422074
1.8234288878601168,0.0596622505940635,0.0184279367262978,210125024403.67972,7652.304247820469,0.0181630505271921,5.402812404646403,8.898463008316032,0.65,2.0,0.002,4,13.169554342766428,52.67821737106571,118.52598908489789,210.71286948426285,0.0002929572586384,0.0001434217482119
2.3345765234620472,0.0269053618639214,0.0160911514079113,205931553193.56503,7797.501158922721,0.0287748496250906,9.55247077165924,12.656425714962753,0.65,2.0,0.002,4,6.879927646982658,27.519710587930632,61.91934882284392,110.07884235172251,0.0018096728805917,0.0006602438231169
1.6110644010767825,0.0616355224949404,0.0171254887943063,199480429220.7151,7746.771022962484,0.038513809357873,1.9954049362338504,19.41869946390516,0.65,2.0,0.002,4,15.182252658187922,60.72901063275169,136.64027392369132,242.91604253100675,8.696983043826347e-05,3.520245100598375e-05
1.9558617679129195,0.0452017843509891,0.0069294169868193,181554625421.43552,7614.183490779576,0.020758055811254,7.216140577519496,1.7497925374115386,0.65,2.0,0.002,4,4.010898069038713,16.04359227615485,36.09808262134841,64.1743691046194,0.0088008985636787,0.0048970979887077
1.4895930031002909,0.0296752437711154,0.0191002851621127,215519553144.2232,7910.943485331077,0.0282947684579478,4.957018363567531,23.5015519551762,0.65,2.0,0.002,4,20.373378601087737,81.49351440435095,183.36040740978964,325.9740576174038,0.0003781495178945,0.0001670016470975
2.5814498054856605,0.0462241633336342,0.0101876128933607,205460762070.76837,7777.777983704526,0.0186541896660813,9.144109382091871,5.351183460110915,0.65,2.0,0.002,4,3.56296039479514,14.25184157918056,32.06664355315626,57.00736631672224,0.0101441209931366,0.0046106899910675
1.3190478677919588,0.0748596574572387,0.0133499286104336,180243696219.8727,7607.313816428114,0.0399934672258121,1.7031698984460577,21.639153898586745,0.65,2.0,0.002,4,16.935634066548733,67.74253626619493,152.42070659893858,270.97014506477973,6.384562095347729e-05,2.5897945009897395e-05
2.273841904715433,0.0421369869442119,0.0117509446276773,207286481293.6961,7918.531017283378,0.0207214357250764,8.745044837122844,3.133030135180068,0.65,2.0,0.002,4,5.272841062270547,21.091364249082183,47.45556956043493,84.36545699632875,0.0053516829248639,0.0026449790172126
1.0644758079492112,0.0219426765496391,0.0078175152605282,211179554453.30777,7958.668710745797,0.0107583033451013,8.469287821959593,25.137093789872957,0.65,2.0,0.002,4,16.11506721356507,64.46026885426028,145.0356049220856,257.8410754170411,0.0011641490434848,0.0004218139452212
2.594918235913307,0.0204496308882874,0.0168726962371976,195734811063.2523,7602.05400349991,0.0431178921023344,4.522869521614612,8.674200073323865,0.65,2.0,0.002,4,5.765473044513173,23.06189217805269,51.88925740061856,92.24756871221076,0.0024819408901403,0.0009700134084123
2.2865260317346974,0.0566077228366176,0.0165769243617793,207273848907.50775,7934.5900679829,0.0067114138521614,4.359884238255258,2.540617359544159,0.65,2.0,0.002,4,7.348368358294265,29.39347343317706,66.1353152246484,117.57389373270824,0.0004717433397602,0.0002569263647539
2.5230154956397937,0.07536434574951,0.0187502042674905,205975704684.30963,7971.295459244866,0.0237516846387108,0.1358008233709152,2.122593603388548,0.65,2.0,0.002,4,6.789518358947033,27.158073435788133,61.10566523052331,108.63229374315252,1.061376779902116e-05,5.941084750989372e-06
2.9738461696298155,0.0610995089088172,0.0074752615426923,198387091623.5013,7824.120934235913,0.014759478816001,7.351566186599957,2.645274290343911,0.65,2.0,0.002,4,1.9300011818066352,7.720004727226541,17.370010636259718,30.880018908906163,0.0398738543442968,0.0193344456866983
2.713150354298381,0.0637156185522739,0.0120743572095125,189782513731.4349,7890.806296507349,0.0434537090618988,4.05951718756816,5.119305864823061,0.65,2.0,0.002,4,3.6476482915112856,14.590593166045142,32.82883462360157,58.36237266418057,0.0029609620695083,0.0012727148104229
1.482488653426999,0.0501271746281715,0.0119986233398098,182962007765.26865,7957.792641936296,0.0091145910484679,9.766781628782134,3.0523617317491465,0.65,2.0,0.002,4,11.870310180161152,47.48124072064461,106.83279162145038,189.92496288257843,0.000532161659301,0.0003164141866889
1.6142625873240577,0.0565070221876254,0.009981517817615,197934310293.13837,7945.065650301236,0.0350674914586624,7.647778213076693,10.839255977141075,0.65,2.0,0.002,4,8.669404627686292,34.67761851074517,78.02464164917664,138.71047404298068,0.0020843999748689,0.0008837175148428
1.129162943543215,0.0434199274812668,0.019503341347379,192330394894.2975,7889.694417125477,0.0114782485249899,6.249344126196908,42.67478615818244,0.65,2.0,0.002,4,34.24671439102194,136.98685756408776,308.2204295191975,547.947430256351,8.51388500796019e-05,3.14993802778151e-05
2.575978935799019,0.0242541752084447,0.0116092410489267,214402151587.592,7745.104762138784,0.027670496237161,0.3136284003069694,2.519045586483005,0.65,2.0,0.002,4,4.173970635157786,16.695882540631143,37.56573571642007,66.78353016252457,0.0005530002599739,0.0002756155340809
1.7488578792026432,0.0384661466630943,0.0094692971224217,211728045653.00345,7858.368462200548,0.0109873854918951,7.109933626582047,10.947331409723402,0.65,2.0,0.002,4,7.287204582404571,29.148818329618283,65.58484124164114,116.59527331847312,0.0024656991064838,0.0010562274121061
2.840124168964926,0.0783403045742941,0.0187893933566918,190158503320.13623,7848.444372199953,0.0274863931267689,5.0108709586526485,5.04839192678106,0.65,2.0,0.002,4,5.1991630836693,20.7966523346772,46.79246775302369,83.18660933870879,0.0061986347412841,0.0032727835856221
1.4096441817202148,0.0516982269074474,0.018071820113594,196563242735.51303,7717.4295516299135,0.0230752402662976,1.033998928329591,35.56507520167912,0.65,2.0,0.002,4,20.8126298259712,83.2505193038848,187.3136684337408,333.0020772155392,1.2415645535411616e-05,3.902710543580185e-06
2.311745721965681,0.0365018624378151,0.0059742016881491,182197399567.9068,7832.690919183486,0.005977555506684,8.503041920047279,1.1728101935806323,0.65,2.0,0.002,4,2.444807118171444,9.779228472685777,22.003264063542996,39.1169138907431,0.0432333308374569,0.0246180355071106
2.5346925417017587,0.0700972624495925,0.0109650480570558,182672150543.8776,7793.589999386221,0.0245201664662773,2.05009158770509,6.793115306226371,0.65,2.0,0.002,4,3.746766365239871,14.987065460959483,33.720897287158834,59.94826184383793,0.0007802968325457,0.0003257699300882
2.819234823480291,0.0230537330301128,0.0110597257034477,211212746322.15344,7897.5258760712,0.0433230273846214,7.419964313319558,6.215373630858898,0.65,2.0,0.002,4,3.2630643658791265,13.052257463516506,29.367579292912144,52.20902985406602,0.0090458943344358,0.0037818763209831
1.1088400574195378,0.0695448674863492,0.016104034002208,203670471619.6728,7775.542866057995,0.0390709558971582,7.424592252361577,13.5848722800933,0.65,2.0,0.002,4,30.39658499400219,121.58633997600876,273.5692649460197,486.34535990403504,4.223112231194155e-05,2.3432788017959464e-05
2.830430197878341,0.0605464803169224,0.0116700444109834,204566031909.55252,7820.74672295118,0.0073199818617294,4.0047711952372005,4.669702277014037,0.65,2.0,0.002,4,3.378232334519333,13.512929338077331,30.404091010674,54.05171735230933,0.0046103832859453,0.0022418748057412
2.557211925529633,0.0627736654116463,0.0126499660891925,218683722855.61783,7614.485420583953,0.0074529616119596,4.330888603966869,2.2757995969494047,0.65,2.0,0.002,4,4.700814597379042,18.803258389516166,42.30733137641138,75.21303355806467,0.0016511792864608,0.0009257022340957
1.333164488894663,0.0690357461484762,0.0127367276114526,182381994987.21692,7919.370953916694,0.0404752185045134,4.872393473816455,23.640885265946515,0.65,2.0,0.002,4,15.594278242684217,62.37711297073687,140.34850418415795,249.50845188294747,0.0001365312809092,4.8002324428701405e-05
2.100128218531826,0.0787224691844642,0.01991084656699,211747924016.95715,7641.382426245333,0.0261053124947019,8.559678433754634,14.53951137818578,0.65,2.0,0.002,4,10.77583596873434,43.10334387493736,96.98252371860907,172.41337549974943,0.0004438478828589,0.0001699339407734
2.2671380318082504,0.0218750894666519,0.0194898430002693,216363824718.80203,7633.840578530601,0.044075909675925,3.3528550636276444,2.943026994253332,0.65,2.0,0.002,4,9.15382176184031,36.61528704736124,82.3843958565628,146.46114818944497,0.0004955194469216,0.0002813127791057
1.5546012238802476,0.0485297326112484,0.0055867976338042,181483893292.2453,7729.60922228964,0.0224305125836714,5.850359275035959,9.54452823042926,0.65,2.0,0.002,4,5.079189994519274,20.316759978077098,45.71270995067347,81.26703991230839,0.0031243094410912,0.0012790632603426
2.6198046610859262,0.0268092719030794,0.0104281694896296,196073274659.90125,7998.13056918576,0.0194439499363076,5.591862382635402,4.572051147987837,0.65,2.0,0.002,4,3.411257239970348,13.64502895988139,30.701315159733127,54.58011583952556,0.0162910536337031,0.0073189010958942
1.803659292700556,0.0655282238742321,0.0131350149612894,204157252513.9036,7664.45734549732,0.0208526992653704,6.255378858331343,2.3451148569167306,0.65,2.0,0.002,4,9.4491451190113,37.7965804760452,85.04230607110169,151.1863219041808,0.0003772450600904,0.000229710052579
2.8333901561707,0.0785947994074,0.009494703445281,187007415890.0424,7687.801660379338,0.0264988514908829,8.757605431220465,2.909676105565301,0.65,2.0,0.002,4,2.645003350935238,10.580013403740953,23.80503015841715,42.32005361496381,0.0433979762971134,0.0244041948048709
2.539153849382177,0.074245553091103,0.0165316370838296,210101551124.83347,7902.278528640165,0.0325642494796048,2.5533183220318736,11.028276352012956,0.65,2.0,0.002,4,5.995225841533201,23.980903366132804,53.95703257379881,95.9236134645312,0.0002196390052773,8.086361370951585e-05
2.209649116152318,0.0550139193140037,0.0088356763040281,188256971062.9283,7930.543276028543,0.0091725501954364,5.176946127889182,4.54580295435907,0.65,2.0,0.002,4,3.998034018485212,15.992136073940848,35.98230616636691,63.968544295763394,0.0157672728847553,0.0076199601951922
1.6859094258598444,0.038833522664886,0.0092581512593006,204933015285.8852,7713.450139058706,0.0462583767372975,2.8887050660245017,12.361420793738237,0.65,2.0,0.002,4,7.613190117909485,30.45276047163794,68.51871106118537,121.81104188655176,0.0007222048418288,0.0002531713796817
2.243710603631172,0.051193085460009,0.0190493601998407,186510875056.2421,7719.755239803903,0.0438069787443887,6.695405193254665,9.930773679080543,0.65,2.0,0.002,4,8.433857939114628,33.73543175645851,75.90472145203164,134.94172702583404,0.0014112565480866,0.0006748735900183
1.948832089785288,0.0353125339759449,0.0054686146848597,207616324351.15808,7774.035100339537,0.0237055186900505,2.574868864882238,3.94133449728296,0.65,2.0,0.002,4,3.3741565952532384,13.496626381012954,30.36740935727915,53.986505524051815,0.0207410197323242,0.0100707174259227
2.279381474927087,0.0772666720876254,0.0100978861023949,191236639044.2062,7750.69699210769,0.0410427092334752,1.2974928564607613,2.505260063075827,0.65,2.0,0.002,4,4.377648275139599,17.510593100558395,39.39883447625639,70.04237240223358,0.000666668365026,0.0003484530306883
2.918438894556096,0.0652885920855983,0.0068621357020121,192502288463.30756,7918.545980325256,0.0173816312182647,7.42668858028185,1.8899563821848508,0.65,2.0,0.002,4,1.8012855865987758,7.205142346395103,16.21157027938898,28.820569385580413,0.1578166464480942,0.0731832920449578
2.5361137686999604,0.0500142800163669,0.0082713797825406,195870880492.6128,7892.311603135761,0.0171991372076686,6.357142789482431,1.3564389157979475,0.65,2.0,0.002,4,2.905043087863918,11.620172351455672,26.145387790775263,46.48068940582269,0.0112987651441845,0.0062634440421649
1.43674261336339,0.0229988287355749,0.014805580734014,206768521305.90125,7866.105424683534,0.0303083359482562,3.489768527739302,10.59956482858264,0.65,2.0,0.002,4,16.67474051895429,66.69896207581716,150.0726646705886,266.79584830326866,0.0003337796498374,0.0001615158339762
2.965784297024693,0.054493910475678,0.0114464913414943,213490673606.36212,7899.829339509689,0.0106187768870462,6.003173872294374,3.884087138128263,0.65,2.0,0.002,4,3.0676309755911886,12.270523902364754,27.608678780320695,49.08209560945902,0.0130439238572134,0.006449826310722
1.867920365047091,0.0599170022515177,0.011635245032634,217304066413.5995,7705.886674752029,0.0256279975291077,4.987157492787013,12.137742267220617,0.65,2.0,0.002,4,8.029910254211192,32.11964101684477,72.26919228790074,128.47856406737907,0.0007180262457301,0.0002724417418258
1.6211848402347886,0.0329432196796662,0.0068914301024204,191619116594.57004,7861.826614634555,0.0166293572097089,8.84604528149623,3.812936768575799,0.65,2.0,0.002,4,5.869907095985839,23.47962838394336,52.829163863872544,93.91851353577344,0.0109171861133901,0.0053840464547093
1.8301250484728508,0.0497858712684936,0.008538756982943,212228669630.2505,7983.937771349957,0.0180876271236792,9.317767294706776,9.96685982812107,0.65,2.0,0.002,4,5.96013135738222,23.84052542952888,53.64118221643999,95.36210171811553,0.0031331110887704,0.0012239077306483
2.1299317016451584,0.0217047051503273,0.0136889635185544,216097208201.64093,7601.732027407256,0.0430386715480152,8.03909605158122,2.852315519967912,0.65,2.0,0.002,4,7.295192648038794,29.180770592155177,65.65673383234915,116.72308236862072,0.0029366321508793,0.0016092416109161
1.0555334279016355,0.0739746386816335,0.012847105882643,204419965671.35712,7846.422431368775,0.0284987226759253,7.715686669276596,48.86456208209068,0.65,2.0,0.002,4,26.68802199558611,106.75208798234443,240.19219796027497,427.00835192937774,4.462381961517304e-05,1.3609099868104491e-05
2.80200661759791,0.0389368138786109,0.0125759105629939,219822198826.67715,7782.412912959024,0.0332712769463081,9.956397479246302,3.323878644429226,0.65,2.0,0.002,4,3.860193009434888,15.440772037739553,34.74173708491399,61.76308815095821,0.0269694417846932,0.0143407790115
2.321757550213788,0.054973559309934,0.0129264299716509,208229595964.89352,7761.21482268046,0.0080945711484052,5.420799650893113,8.460850722457334,0.65,2.0,0.002,4,5.63223146811492,22.52892587245968,50.69008321303428,90.11570348983872,0.0016483457839739,0.0007755066587977
2.9584492674145597,0.0426286808213408,0.0157896880053623,215502843539.52173,7757.851955260033,0.0193609619869849,6.126537176092643,5.371207960152225,0.65,2.0,0.002,4,4.311519046131023,17.246076184524092,38.8036714151792,68.98430473809637,0.0064374410691141,0.0029268239289209
2.51993376740146,0.0276975955106672,0.0167125753177857,217540458358.44263,7891.349986298564,0.0248550236816251,8.779113573641858,7.202261849655946,0.65,2.0,0.002,4,6.265976276454346,25.063905105817383,56.39378648808911,100.25562042326952,0.0091286739174513,0.004394916325185
2.0705364240131736,0.0378216082579016,0.0132248220868629,207594410353.9693,7812.312941839007,0.0324335847271948,0.4833026727505536,9.992737790164872,0.65,2.0,0.002,4,7.210599174030748,28.842396696122997,64.89539256627674,115.36958678449196,0.0001531863827934,6.012439547595645e-05
2.0005921121017107,0.0412112102881526,0.0085190344866949,218357565486.62997,7785.351896253276,0.0467964941617547,1.7235972880417063,2.7103109967560357,0.65,2.0,0.002,4,5.111490102561448,20.445960410245792,46.00341092305303,81.78384164098317,0.0012278186284705,0.000698689103501
1.480947108190476,0.0451886336633471,0.0081683149165694,185143540365.0081,7751.999357805556,0.0309119722281657,3.663333487101572,10.725092569010489,0.65,2.0,0.002,4,8.253345938812869,33.013383755251475,74.28011344931582,132.0535350210059,0.0014993153767531,0.000618121608749
2.245253074180166,0.0655285202401179,0.010227612779757,185756521105.5282,7742.296242066968,0.0391169697709361,7.892109034506222,7.27296298277475,0.65,2.0,0.002,4,4.506195960371997,18.024783841487988,40.55576364334797,72.09913536595195,0.0031178988884938,0.0011871965095036
1.8650385360293156,0.067891819178032,0.0058011120641338,208833753371.2092,7635.291707381346,0.0431375472626189,2.098808084703183,6.023112440198359,0.65,2.0,0.002,4,3.955054019816217,15.820216079264869,35.59548617834596,63.28086431705948,0.0020847341893316,0.0008415004369225
2.534455566721051,0.029679630797481,0.0087875504015266,189414168271.6081,7736.896406385987,0.0268403864519982,8.14327680967145,4.206264956967372,0.65,2.0,0.002,4,3.0693792954977317,12.277517181990923,27.62441365947958,49.1100687279637,0.0293345155112546,0.0129401368231237
1.988345300928456,0.0569020013394367,0.0147592571225017,213222349434.46368,7709.355825533544,0.0100367659518973,1.9462190590440755,16.79320404105055,0.65,2.0,0.002,4,8.902612181056897,35.61044872422759,80.12350962951209,142.44179489691035,0.0001139892725496,4.69697841204735e-05
2.008285573720753,0.0352490698172743,0.0055888718228349,203405639176.87436,7760.498945924513,0.0225774616745673,9.968446679389952,1.290661183559883,0.65,2.0,0.002,4,3.216911688707397,12.867646754829588,28.95220519836657,51.47058701931835,0.0286160473179839,0.015671979545038
1.5535854879492914,0.0455811946834614,0.0081731484047574,215425550808.03183,7744.469324167076,0.0346086034022444,3.95156726838892,14.764390909050489,0.65,2.0,0.002,4,8.098435006878507,32.39374002751403,72.88591506190657,129.5749601100561,0.0006393297721467,0.0002211123799932
2.010306789717497,0.0340904097955538,0.0065862520619227,193532220984.11856,7926.292254220422,0.0222504257034728,7.747807479621893,6.006421792442152,0.65,2.0,0.002,4,3.651611130951943,14.60644452380777,32.86450017856749,58.42577809523108,0.0136327174374306,0.0057642176223673
2.9627907718033413,0.079569065165214,0.0167629588151438,186487351131.8417,7991.083782365248,0.0197516049350877,3.4028341339761825,6.012000262093302,0.65,2.0,0.002,4,4.183115090617266,16.732460362469062,37.6480358155554,66.92984144987625,0.0010905113631421,0.0004798204911465
2.010402739798092,0.0727423148581345,0.012985050906733,202019076883.1944,7727.599949230437,0.0377826929304859,0.5979522013583116,14.467731467293213,0.65,2.0,0.002,4,7.448702884032894,29.794811536131576,67.03832595629605,119.1792461445263,3.67366334965564e-05,1.3394446741135735e-05
1.5396806446488012,0.0433588203107579,0.0111605692422975,205361609925.92987,7720.14582093923,0.0172749715756628,3.670021206259743,15.807848669792834,0.65,2.0,0.002,4,11.010351354482989,44.04140541793195,99.09316219034687,176.1656216717278,0.0004905219965099,0.0001851003124333
2.104336129704012,0.0218555553016121,0.011245538827853,211974938886.02945,7610.904095523515,0.0330773710570928,1.6679586169895828,10.65400308282146,0.65,2.0,0.002,4,6.077198676643471,24.308794706573885,54.69478808979124,97.23517882629554,0.0008298760277662,0.0002992590341611
2.4668609115481184,0.0637624661904895,0.0165879657957232,211575834331.3695,7615.629892874849,0.0173000463496157,2.3741239273328647,9.495375551574002,0.65,2.0,0.002,4,6.514981313790299,26.0599252551612,58.634831824112695,104.2397010206448,0.0003971479770516,0.0001639292054915
1.508055452306378,0.0542813905176471,0.0075758317593984,217649302270.42972,7954.766990562916,0.0201613212251977,7.788962600356932,2.9384934188678296,0.65,2.0,0.002,4,7.901141896654095,31.60456758661638,71.11027706988685,126.41827034646552,0.0016866981736441,0.0009192700225132
1.1187257605178471,0.0618977836752923,0.015745052001944,200499214490.6811,7948.155042161017,0.0352596561240505,3.690380112784468,6.746020274312722,0.65,2.0,0.002,4,28.651624376711727,114.6064975068469,257.86461939040555,458.4259900273876,1.9610877552455555e-05,1.2484767621114724e-05
1.7310065964427146,0.0295843080573625,0.0098087609367485,218571305948.1643,7848.724553781255,0.0174880003745306,4.564061144904827,13.347289243374536,0.65,2.0,0.002,4,7.833268042214757,31.33307216885903,70.49941237993282,125.33228867543612,0.001265446971656,0.0004695255132782
2.217491267833892,0.0509340462345414,0.0137875134315325,206499812547.22644,7768.251215182709,0.0184446144462912,1.9201493784252008,12.39152092732376,0.65,2.0,0.002,4,6.555254630312757,26.22101852125103,58.99729167281482,104.88407408500412,0.0002344396485355,9.43843094143462e-05
2.3718443382578105,0.0451518947851579,0.0112535474983148,184911754010.9664,7720.739842119344,0.0249923174263252,8.649265172439236,8.063098756743384,0.65,2.0,0.002,4,4.439143000576335,17.75657200230534,39.95228700518702,71.02628800922136,0.0035564768683523,0.0014282620359306
1.3525429541060192,0.0695616934290087,0.016465214638164,186689064204.9069,7903.285468216382,0.0347422787987339,9.820019215926282,29.38263921457744,0.65,2.0,0.002,4,19.835818358315525,79.3432734332621,178.52236522483977,317.3730937330484,0.0001393574692762,4.963689748864706e-05
1.9698617114322663,0.0242581071737185,0.0186410231070946,210540089836.3256,7742.558425897994,0.0492767711255531,3.179971380005721,9.848641620736077,0.65,2.0,0.002,4,11.359328981924609,45.43731592769843,102.23396083732146,181.7492637107937,0.0009908310321085,0.0005486096343837
1.7033747979805856,0.0676998535793139,0.015827147191702,199083859292.87357,7909.852758983477,0.0484600274416686,2.0860130202919995,2.872950024955928,0.65,2.0,0.002,4,12.40924292294434,49.63697169177736,111.68318630649904,198.54788676710945,5.296688587033675e-05,3.4306820211267984e-05
2.349969852142096,0.0526014287628366,0.0050730195613609,188262538618.3108,7640.175869364246,0.0125440365808231,1.5589500592234358,2.731523362170505,0.65,2.0,0.002,4,2.067766461554873,8.271065846219493,18.60989815399386,33.08426338487797,0.0146393854268799,0.0069526056253408
2.181717794778666,0.0426435595407229,0.0176867067642439,213006419468.4613,7644.354822761531,0.0305278531885953,3.1255678756508853,10.437323151707174,0.65,2.0,0.002,4,8.894161461744208,35.57664584697683,80.04745315569788,142.30658338790732,0.0008677306918347,0.0003950104205712
1.0540246859637252,0.0656680642139189,0.0098431972376399,192953019143.5812,7825.895812435015,0.0269031904115944,1.3034442989601946,31.29576521056181,0.65,2.0,0.002,4,19.94906911424825,79.796276456993,179.54162202823426,319.185105827972,2.9552545603424105e-05,9.774293114070306e-06
1.0840200826087345,0.0570635494646731,0.0156601871434681,218876670432.95868,7658.305280095934,0.016080944841926,9.3311879925355,43.13294631185765,0.65,2.0,0.002,4,32.30613065669728,129.2245226267891,290.7551759102755,516.8980905071564,0.000101218776439,3.611813722681259e-05
1.808624231227344,0.0471093370059521,0.0180174558517095,218493434627.2055,7937.665855896093,0.0428745543538526,2.070249598459066,8.958058948862346,0.65,2.0,0.002,4,13.103847188017529,52.41538875207011,117.93462469215775,209.66155500828043,0.0001336548582316,6.890038619719714e-05
1.1160104076118251,0.0606120967405383,0.0092465155384565,182770608348.66724,7842.635565873457,0.0379493894358159,5.221114513782771,3.4155239302078257,0.65,2.0,0.002,4,16.251484193247663,65.00593677299065,146.26335773922895,260.0237470919626,0.0001405987966723,9.609689872171216e-05
2.5883984413059977,0.0505125685566491,0.0061279935811771,207230083921.91165,7799.740722347387,0.0142213910499915,8.789252493679314,1.5488175482115552,0.65,2.0,0.002,4,2.13782235837306,8.551289433492238,19.240401225357537,34.20515773396895,0.0777769844597884,0.0377539289870764
1.1751515266375,0.0470603149707326,0.0140171112236802,204305675167.1723,7636.914661300494,0.0487208727695596,1.3052882581032128,33.06219593421535,0.65,2.0,0.002,4,23.805717835123392,95.22287134049355,214.2514605161105,380.8914853619743,2.7311260787289265e-05,1.0209997586939631e-05
1.3479583887140243,0.0593130468827321,0.0199424733163688,206044244611.6739,7993.889408822559,0.0309653310015407,2.9047553339420595,44.72663520761689,0.65,2.0,0.002,4,25.26716277527423,101.06865110109692,227.40446497746805,404.2746044043877,1.617067339636871e-05,4.93304781511658e-06
2.4324959514386086,0.0700019723141431,0.016827787368355,203841355175.5764,7655.979394594977,0.0335954866654564,8.881886908011044,9.034539855368536,0.65,2.0,0.002,4,6.654229702434062,26.616918809736248,59.88806732190656,106.467675238945,0.0015231586096726,0.0006129206177071
2.124018349425736,0.0275938275274376,0.0162727934041909,200307079898.47116,7889.372547350915,0.0441212822095335,6.326585369911494,10.733542273504238,0.65,2.0,0.002,4,8.241414431084308,32.965657724337234,74.17272987975878,131.86263089734894,0.0019407950369984,0.0008215796549279
2.4953525309245634,0.0741518270653495,0.0089451445542432,216059025152.4537,7643.477850416301,0.0489957371478445,1.7320330684861407,2.352379889371856,0.65,2.0,0.002,4,3.463327003827533,13.853308015310132,31.169943034447797,55.41323206124053,0.0020667301549976,0.0010988544455319
1.452048487507959,0.061091317159028,0.0102567060715847,216794503274.64252,7683.022087660386,0.0207421782946403,9.324963411831224,21.002650149122108,0.65,2.0,0.002,4,11.717447570468403,46.86979028187361,105.45702813421563,187.47916112749445,0.000470619590398,0.0001599947724167
1.1517976819787143,0.0593930391197675,0.0118531641122726,207552563887.9665,7838.784282216221,0.0450163580037087,0.7631843114593676,17.288211584937272,0.65,2.0,0.002,4,20.847349430168286,83.38939772067314,187.62614487151455,333.5575908826926,3.8856562448653e-05,2.029463127327996e-05
2.1586716392882987,0.068517474710746,0.0196299930504965,205492769951.62253,7697.042049335561,0.0161530641463337,7.980273703157644,19.552361690411505,0.65,2.0,0.002,4,9.869895894673006,39.47958357869202,88.82906305205705,157.9183343147681,0.0001948903399643,7.692589531938359e-05
2.5659657573901837,0.0419526670286568,0.0144833213528704,209891461178.20508,7982.752147669098,0.024005847318001,6.517991723880247,4.637947639480852,0.65,2.0,0.002,4,5.114660020192039,20.45864008076816,46.03194018172835,81.83456032307262,0.0114469888426514,0.0062693739545863
2.2103537000061566,0.0446017828226187,0.0097469021362287,216645267516.40103,7737.304687232154,0.0156504155669158,9.102083024838675,7.384710901251405,0.65,2.0,0.002,4,4.786874741605566,19.147498966422265,43.081872674450096,76.58999586568906,0.0058141993757712,0.0024832836905917
1.454156219517421,0.0390771631312071,0.011189221541885,198180725113.41608,7639.071719348927,0.0070251184981833,9.959366563530656,17.10709962372242,0.65,2.0,0.002,4,12.221300122609644,48.88520049043858,109.9917011034868,195.5408019617543,0.0013903028095903,0.0005696175204608
2.8476330992044177,0.0776694853355446,0.01887779154122,200525162811.64062,7785.470705262996,0.0097342816991237,2.2393005927317238,7.362453317845982,0.65,2.0,0.002,4,5.357403744340953,21.42961497736381,48.21663369906858,85.71845990945525,0.0005001079280704,0.0002235184770044
2.393327199980275,0.0509943504933387,0.0160415164860892,182289926783.666,7770.144832094056,0.0485131360541639,0.6308331955929998,5.862291439030613,0.65,2.0,0.002,4,6.150880663376364,24.60352265350545,55.357925970387285,98.41409061402182,0.0006101835294527,0.0003726602830094
2.168455720122436,0.064107765651178,0.0094404929436503,194850105483.5311,7761.941985770613,0.0392006737284815,7.746294577978223,2.610265162865443,0.65,2.0,0.002,4,4.561292635179676,18.245170540718703,41.05163371661709,72.98068216287481,0.0047407876524138,0.0024620336818257
2.453950630351505,0.0679965096069527,0.0120438464510993,193903036406.91568,7908.385246941794,0.0349907260238261,2.0800630260882813,4.4166993272052215,0.65,2.0,0.002,4,4.490670788084414,17.962683152337657,40.41603709275974,71.85073260935063,0.0054349554443438,0.0027818919770985
2.6159027770499987,0.0702969894230448,0.0126429739275489,206473017242.7527,7802.00237229383,0.0354811732150103,8.648337400866009,2.7439653069093244,0.65,2.0,0.002,4,4.309867430199303,17.23946972079721,38.78880687179373,68.95787888318884,0.0047247321455992,0.0023903204650431
1.9413258803444575,0.0487415845028094,0.0056439255607471,187892126546.47263,7815.999726420717,0.0134199786637018,4.5904756172547545,2.3638299389779207,0.65,2.0,0.002,4,3.329474290151944,13.317897160607776,29.96526861136749,53.2715886424311,0.0179632217567049,0.0090809064403609
1.8245171929281505,0.0655785831383836,0.0084601868799178,216231674116.5704,7800.0838597253405,0.0390241916470783,8.512328894872148,12.122584180855368,0.65,2.0,0.002,4,6.067688952359284,24.270755809437137,54.609200571233565,97.08302323774856,0.0012627481055518,0.0004685300839499
1.1960635793203076,0.0656269286488559,0.0126335522732782,214662323529.00272,7988.363503830376,0.0153664524345597,9.293883607972155,29.24771157907615,0.65,2.0,0.002,4,20.75846360459736,83.03385441838942,186.82617244137623,332.1354176735577,0.0002132757756235,7.493757970209151e-05
1.7898670862570725,0.0528763970367869,0.0103236805701229,208916264078.59744,7752.265171080657,0.0222864973936359,6.208035168830365,2.347950375657727,0.65,2.0,0.002,4,7.585672072245974,30.342688288983897,68.27104865021377,121.3707531559356,0.0010309044325692,0.0005752200236892
1.1590111261847404,0.0650501800061877,0.0093940385975575,215572074030.6885,7904.82920841207,0.0364185610122972,2.8581999210711646,24.443996246422863,0.65,2.0,0.002,4,16.559849619569587,66.23939847827835,149.0386465761263,264.9575939131134,0.0001092717251091,3.963056053858534e-05
1.7418320362765185,0.034281699351421,0.0197130955570075,183124464519.70636,7887.955652722812,0.0265112554391596,8.183249811016559,8.313681254280775,0.65,2.0,0.002,4,14.195885472320514,56.783541889282056,127.76296925088462,227.13416755712825,0.000489029830752,0.0002386648015028
2.497623603768456,0.0358829130613644,0.0146308025063417,181520794848.21576,7678.756057556014,0.0469525751398889,7.418429441118321,3.1811560226008155,0.65,2.0,0.002,4,5.170840941584607,20.683363766338427,46.53756847426147,82.73345506535371,0.0044991478164261,0.0023109920929923
2.8616768623006146,0.0637597169903751,0.0160411107457547,218237456884.8672,7602.317607921251,0.0160018629517693,6.613942233307912,4.706104747498497,0.65,2.0,0.002,4,4.758982943972561,19.035931775890244,42.83084649575305,76.14372710356098,0.0198742278033074,0.0093691627199815
2.7860526771625094,0.0629595757990825,0.0152632140444883,219320729864.3224,7892.510041531482,0.0071196175512114,2.2606398607285065,6.333381764419131,0.65,2.0,0.002,4,4.700335641829107,18.80134256731643,42.30302077646196,75.20537026926571,0.0010634454936362,0.0004924420248082
1.110587805622516,0.0366164442183122,0.0138344011214514,185642394836.19745,7726.297125174988,0.0150861203859957,1.041511842740951,35.32642069814424,0.65,2.0,0.002,4,24.930827567524243,99.72331027009696,224.37744810771812,398.8932410803879,2.743591588198421e-05,9.495037735033485e-06
2.8248665909041453,0.0611679932071855,0.0053463971376174,185379072365.4517,7717.528227347122,0.0452997139290041,7.496154758275885,1.9527647195690685,0.65,2.0,0.002,4,1.4889695759138022,5.955878303655209,13.40072618322422,23.823513214620835,0.0965919496261933,0.0512162381039401
2.489541855633508,0.0692303566315162,0.016240292925485,191514195041.92612,7647.137560362333,0.0157252338212927,5.0784618761054965,6.597235465693948,0.65,2.0,0.002,4,5.946142065790144,23.784568263160576,53.515278592111294,95.1382730526423,0.0035363608620671,0.0016950327102522
2.31057130857186,0.0757937812814171,0.016511226542987,201551954847.1281,7818.008902870316,0.0432288966691133,8.253959701598983,3.7139150279922655,0.65,2.0,0.002,4,7.120578273680139,28.48231309472056,64.08520446312126,113.92925237888224,0.0008232577069793,0.000472551212001
2.519474456733035,0.0232651316302209,0.0050022804410758,185337963340.5357,7618.147729491775,0.0167189034992577,4.102253757301883,2.826162525763609,0.65,2.0,0.002,4,1.762523306208552,7.050093224834208,15.862709755876969,28.20037289933683,0.0671145817501205,0.0316856654314208
1.0348501054338186,0.0268637334440765,0.00907543620909,186394511036.37924,7892.86363980029,0.0097522155890555,8.673341639742794,11.167263005261676,0.65,2.0,0.002,4,18.67416215407099,74.69664861628397,168.06745938663892,298.78659446513586,0.0008957686223281,0.0004244604060277
1.2517553745366183,0.052430067977617,0.0122529998258904,206559981533.46252,7695.195546253795,0.0107296816993437,9.737095935969194,19.0738440088572,0.65,2.0,0.002,4,18.37155911993959,73.48623647975836,165.34403207945633,293.94494591903344,0.003008686415545,0.0015634676353911
2.3419750846051803,0.0499878479901585,0.0061243035174862,182807849470.23465,7879.824642063199,0.0381445402560803,1.1841270313440058,3.976301341588487,0.65,2.0,0.002,4,2.4387122652100355,9.754849060840142,21.94841038689032,39.01939624336057,0.0033639624238832,0.0014254090504232
1.7233492072541,0.0639675212323795,0.0166585187993192,211602090704.03516,7896.043192561715,0.0154230175059145,2.9619577375436874,24.959615468125456,0.65,2.0,0.002,4,13.166619324937644,52.666477299750575,118.4995739244388,210.6659091990023,5.813410637052563e-05,2.076992891140776e-05
1.4332668764117449,0.0615131055623541,0.015302743486497,201566731694.2799,7973.98312674634,0.0223436404148639,8.375043415566001,5.69359002123108,0.65,2.0,0.002,4,16.983069811553687,67.93227924621475,152.8476283039832,271.729116984859,0.0001628526792811,8.927470645477647e-05
2.132841301619289,0.0530545261094241,0.0174282038725817,208421310869.70712,7610.631105998917,0.0072256611715707,6.055428679314555,9.77446203182836,0.65,2.0,0.002,4,9.091290327859824,36.3651613114393,81.82161295073844,145.4606452457572,0.0034398243270017,0.0016246940405694
1.6948766511407063,0.0768936920682839,0.0074717514977599,213198943363.74188,7712.587428403238,0.0062895033059011,0.5005844903053919,6.03067973865771,0.65,2.0,0.002,4,6.2010888433742615,24.80435537349705,55.80979959036836,99.21742149398818,0.0021283137174565,0.001014369131594
2.833279720478911,0.0386829646561193,0.0149098822267569,219569409960.7097,7867.780317424777,0.0286292658135281,5.257107341820661,3.908425530451292,0.65,2.0,0.002,4,4.449224966696393,17.796899866785573,40.04302470026754,71.18759946714229,0.0102995866602541,0.0054672332275259
2.561530408671113,0.0561137759356065,0.009496492866636,186482936816.13,7649.3854082536,0.038362437895294,8.870039439130146,3.7457212182563855,0.65,2.0,0.002,4,3.240408383430148,12.96163353372059,29.163675450871327,51.84653413488236,0.0268345764956627,0.0140305466271016
1.2169511820232275,0.0277487267899548,0.0135995307328273,197973522685.0892,7844.773386330479,0.0062131781470145,7.07866570003703,36.18398963136376,0.65,2.0,0.002,4,20.91800282174569,83.67201128698277,188.2620253957112,334.68804514793106,0.0002073077197764,7.65399035365038e-05
2.601520458623603,0.0526920853293728,0.0153022013534877,183007001465.8884,7638.147495823428,0.0289310649672111,8.210352687836139,3.8630714677815057,0.65,2.0,0.002,4,5.0184373582746415,20.07374943309857,45.16593622447178,80.29499773239426,0.0055848410674783,0.0027734970824397
1.0642146547140603,0.0641254184408731,0.0194235685998428,194751726832.95087,7884.102047013315,0.0174411366880339,9.974808065143648,22.22497649307296,0.65,2.0,0.002,4,38.651321556230165,154.60528622492066,347.8618940060715,618.4211448996826,4.28124587187866e-05,2.082010892649405e-05
2.6183827101445605,0.048961706276129,0.0193231209038779,183355432128.94324,7846.377376959373,0.0373992866394491,6.249712951999575,7.12812701406156,0.65,2.0,0.002,4,6.178066385674916,24.712265542699665,55.60259747107424,98.84906217079866,0.002905302213721,0.00143501626634
2.4642563737494108,0.0289827186556723,0.015364025516491,208719087648.1951,7741.337542375971,0.0166181832400742,3.79309016992577,5.043014336281405,0.65,2.0,0.002,4,5.95710943630634,23.82843774522536,53.61398492675707,95.31375098090145,0.0050117478526574,0.0025009943083412
1.2454375878067674,0.05542187372079,0.0124510295819934,180105796859.4133,7677.15948587158,0.01190624680505,0.7020119557693832,33.61470466555612,0.65,2.0,0.002,4,17.630074423621473,70.52029769448589,158.67066981259327,282.0811907779436,1.217714604182828e-05,4.270911550767162e-06
1.4784866159266554,0.0727534521232813,0.0151088300669782,207475614152.33627,7869.312161115429,0.0355530951785927,7.496437078928729,22.62368214422942,0.65,2.0,0.002,4,16.093126999470837,64.37250799788335,144.83814299523755,257.4900319915334,0.000201993237906,7.388421025899821e-05
2.600050581050801,0.0253863519096059,0.006241014039077,194238264148.85425,7843.914040057268,0.0054194481418768,5.200233737596538,4.074995731876765,0.65,2.0,0.002,4,2.0831560354323058,8.332624141729223,18.748404318890756,33.33049656691689,0.0262848859161366,0.0144216776554116
1.428810765961844,0.0581166171427079,0.0135593181000446,197317440940.9255,7937.221393485832,0.0388885062084405,6.858799452803039,19.1902987086535,0.65,2.0,0.002,4,15.016411660398122,60.06564664159249,135.1477049435831,240.26258656636995,0.0003999765776783,0.0001623184711344
2.503022937040611,0.0702314724729723,0.0065534954180736,184921064307.5944,7637.061856509393,0.0078438050558363,7.498681811081718,0.7037634734851352,0.65,2.0,0.002,4,2.334009575422441,9.336038301689763,21.00608617880197,37.34415320675905,0.0158580476160951,0.0091942813953527
2.1767865605849974,0.0308170490421233,0.0156997523696053,209912242002.2094,7765.579429109454,0.0327566311985938,4.8970433554282495,6.244330572979457,0.65,2.0,0.002,4,7.811281913015964,31.245127652063857,70.30153721714369,124.98051060825544,0.0024930200945234,0.0012383609033594
2.395229129126605,0.0296822685515546,0.0196636432634544,187781427353.61887,7621.0854890222845,0.0429596106243679,2.102485758318504,1.8763833020480285,0.65,2.0,0.002,4,7.714663945065151,30.858655780260605,69.43197550558637,123.43462312104242,0.0002729984500836,0.0001718594371889
2.0428539061166635,0.0639693915476041,0.0083432113048431,217237986794.31567,7723.971917198087,0.0310014027911065,8.655714713475703,5.491362117657342,0.65,2.0,0.002,4,4.807678523625943,19.23071409450377,43.26910671263349,76.92285637801508,0.0133543494972795,0.0066101877484939
1.5112554879381794,0.063294754657931,0.0082459934492189,213161530230.0673,7687.646669633854,0.0363517713084234,7.855793509756361,4.656185054047855,0.65,2.0,0.002,4,8.620930915919471,34.483723663677885,77.58837824327526,137.93489465471154,0.0014256754720662,0.0007690298092366
2.731701522080451,0.0503404051659511,0.0114069902876525,198929245109.4644,7640.448167473175,0.0148815321947982,9.623965526135796,4.803703153487124,0.65,2.0,0.002,4,3.536907784354256,14.147631137417022,31.8321700591883,56.59052454966809,0.0130264518021947,0.0059732368360437
2.5350148319617967,0.0425881660643819,0.0107035337584895,197252731260.63165,7926.017929363237,0.0194376603172917,7.604558491452576,7.125452437811333,0.65,2.0,0.002,4,3.767726895326194,15.070907581304777,33.909542057935745,60.28363032521911,0.004230357707559,0.0019059119620497
1.297328290896428,0.041571130108705,0.0102221968930463,206986815536.74643,7832.313525955382,0.037224913402289,7.8610408751513905,19.829764442575165,0.65,2.0,0.002,4,14.157938700483934,56.631754801935735,127.42144830435542,226.5270192077429,0.0007154446708317,0.0002648835678382
1.282676185867316,0.0419258460139948,0.0114229205077524,217335762426.46912,7934.447813883528,0.0258840336960731,9.73245349872787,22.3445527205752,0.65,2.0,0.002,4,16.477054894861205,65.90821957944482,148.29349405375086,263.6328783177793,0.0006681492791052,0.0002462675040612
2.635568552509296,0.0588153057712152,0.0122081914514391,218891713648.55945,7754.668083631122,0.0130274686397946,5.816649034090665,1.9149715117669603,0.65,2.0,0.002,4,4.234137967837796,16.936551871351185,38.107241710540166,67.74620748540474,0.0028620151490434,0.0015906843710926
1.832661594925356,0.0482347156061223,0.016698453688278,200904862511.78387,7730.558889739064,0.0258459272316806,7.981714779195755,12.248149208043408,0.65,2.0,0.002,4,11.49292917121664,45.97171668486656,103.43636254094976,183.88686673946623,0.0025670960020299,0.0013969942145495
1.2831917771375494,0.046894736795261,0.0108885907376287,183201971345.8474,7902.132069117898,0.0245200562295166,4.746336648484973,6.803407233533783,0.65,2.0,0.002,4,14.43812249468401,57.75248997873604,129.9431024521561,231.00995991494412,0.0002678809339353,0.0001485423275899
1.425029982026401,0.0333894828629701,0.0101072217763106,198506126384.8708,7805.48509771588,0.0349045820978185,5.92636827359548,12.144428541194571,0.65,2.0,0.002,4,11.381514434818683,45.52605773927474,102.43362991336818,182.10423095709896,0.0039726592768914,0.0022800112050157
1.57044209560646,0.0481363295012179,0.0132569572154415,182543668114.39108,7886.26625426158,0.0097119664008641,1.7252114934048444,8.471811438759904,0.65,2.0,0.002,4,11.726729881347024,46.9069195253881,105.54056893212324,187.6276781015524,0.0002462075609287,0.0001146972841797
1.550809651068014,0.0281949091747171,0.0055613179512496,214094614319.6497,7837.354200558877,0.0070623271810345,1.6700152391580687,3.853866537056627,0.65,2.0,0.002,4,5.480347824997722,21.921391299990887,49.323130424979496,87.68556519996355,0.0042320996153204,0.0020407142047424
2.775321324403128,0.0668144058564078,0.0153550255696236,196285735908.06424,7736.423613686564,0.0375543356911404,1.0239320867443422,5.364892471467395,0.65,2.0,0.002,4,4.553312966954946,18.213251867819785,40.97981670259452,72.85300747127914,0.0007311245335456,0.0003615317196657
1.998001730817066,0.0504376226333379,0.0152661269762394,186806036326.3168,7860.991932362698,0.0116703935112646,7.275866659688846,7.608284309442919,0.65,2.0,0.002,4,8.453239653869549,33.812958615478195,76.07915688482595,135.25183446191278,0.0041217868443403,0.0020540247598184
2.303238374913164,0.0436565521500271,0.0172050211492032,203036771052.91064,7938.217857021602,0.0137197162184345,1.9313326380735325,7.38313882809631,0.65,2.0,0.002,4,7.4375950931287695,29.75038037251508,66.93835583815894,119.00152149006033,0.0043179574490741,0.0020657910077166
1.920485863799977,0.0296778535259871,0.0142056827285215,216232694341.37192,7896.10153548374,0.0144300663207258,2.460220921344781,11.000421324123916,0.65,2.0,0.002,4,9.139521379037372,36.55808551614949,82.25569241133636,146.23234206459796,0.0011101519823842,0.0004785365280657
2.224164509803792,0.0590097735126779,0.0165995001201409,193054320511.70303,7967.369493444768,0.037994207498094,8.06661502695375,11.217777264440675,0.65,2.0,0.002,4,7.489843344278208,29.959373377112836,67.40859009850388,119.83749350845132,0.0009035841875421,0.0003436756940336
1.4831988358057362,0.0635753310144239,0.0193201028746748,191411986583.33875,7679.35259437186,0.0060114127820458,6.698031859587066,23.48129688045758,0.65,2.0,0.002,4,19.8820974375094,79.5283897500376,178.9388769375846,318.1135590001504,0.0002697816367756,0.0001104004163812
2.7644320328031906,0.0587168916656646,0.0164460877859579,211360640038.2763,7768.183910500311,0.0409375060764035,9.381571203644128,2.595518648334711,0.65,2.0,0.002,4,5.090170538509816,20.360682154039264,45.81153484658834,81.44272861615705,0.002279880908747,0.0013450966025796
1.485557970921641,0.0525109292067,0.0148920091250821,219152346177.88165,7897.881317696954,0.0103158882625583,4.805801168694772,20.305718628005472,0.65,2.0,0.002,4,16.118369239758508,64.47347695903403,145.06532315782658,257.8939078361361,0.0003081337994417,0.0001210436746367
1.3017118268223309,0.0481421391802519,0.0098224236822983,217179325695.43307,7853.072652171066,0.0133217344255325,9.92415656222075,20.03690379874317,0.65,2.0,0.002,4,13.823169974918883,55.29267989967554,124.40852977426997,221.17071959870216,0.0008317764891701,0.0003101160124816
2.4732794677016834,0.052044437637449,0.0165426982476972,184555560506.0633,7761.904004051353,0.0227592382884791,3.582847854123381,8.708984247906818,0.65,2.0,0.002,4,5.979552059779578,23.91820823911831,53.8159685380162,95.67283295647324,0.0008395554752063,0.0003430555696498
2.4857712546071964,0.0641560068395113,0.0064972430938285,189404796969.63092,7955.59293641465,0.0124563564349923,5.256468032792443,1.4877104532129053,0.65,2.0,0.002,4,2.3264582185533165,9.305832874213266,20.93812396697985,37.22333149685306,0.0220964124859795,0.0116923951758531
2.148527997785232,0.051460111417352,0.0074372525734417,180531080387.2497,7857.915865254474,0.0397798474135642,4.93389980831658,4.327788033079232,0.65,2.0,0.002,4,3.5017251322216536,14.006900528886614,31.51552618999488,56.02760211554646,0.0125090102918455,0.0060235944058678
1.102659335954732,0.0509311024267339,0.0190373840429972,218365094663.64453,7736.688825613289,0.0127222748658452,4.26519558334812,29.170586707040464,0.65,2.0,0.002,4,37.71966713868108,150.87866855472433,339.47700424812973,603.5146742188973,4.691323318715962e-05,2.0665909682394306e-05
1.207079187408197,0.0362256237779656,0.0075326143735276,216993655535.02585,7918.113330322902,0.0365384255257656,7.656874328540475,15.735713237166944,0.65,2.0,0.002,4,12.272022032429714,49.088088129718855,110.44819829186744,196.35235251887545,0.0019300244930719,0.0007844634744805
1.4871371116111136,0.0642539696733978,0.0181883878522034,212586650643.23117,7924.709631296463,0.0258361984439989,8.217900483009851,27.87692940509673,0.65,2.0,0.002,4,19.31513522831204,77.26054091324815,173.83621705480834,309.0421636529926,0.000134806046803,4.808863988594581e-05
2.636997807753749,0.0335391435747029,0.0102812419195138,183003575225.32764,7768.299117928597,0.0350914949183719,8.397853637683022,3.9655184905354495,0.65,2.0,0.002,4,3.254034192962249,13.016136771848997,29.28630773666024,52.06454708739599,0.0301489550229128,0.0145740540217219
1.0267442662410826,0.0479238596062552,0.0176570748964275,217122303839.42276,7737.021881766575,0.0339096464674269,2.3455520398514524,48.61760310397511,0.65,2.0,0.002,4,40.23358642896794,160.93434571587176,362.10227786071147,643.737382863487,2.3665078590292543e-05,9.813670873854934e-06
2.615182878323685,0.0319767254740916,0.0128818797792425,211844684021.9349,7869.86767250231,0.0101984537154171,8.965857878142995,2.167908833984518,0.65,2.0,0.002,4,4.431282497280041,17.725129989120163,39.88154247552036,70.90051995648065,0.0069120582882405,0.0040626678576178
2.741129476605255,0.0407547687607203,0.0097436143354033,208075809571.81,7859.390775064026,0.0423431142810499,3.1618534567529326,0.6399361690094039,0.65,2.0,0.002,4,3.0255657498012267,12.102262999204909,27.23009174821104,48.40905199681963,0.0034642461400486,0.0023935730165892
2.312454130097019,0.0749010610758774,0.0073694652291863,192444111645.9587,7868.56818042555,0.0424947693032073,6.555483781308926,3.9048499803542014,0.65,2.0,0.002,4,3.090462170772042,12.361848683088168,27.81415953694838,49.44739473235267,0.0133698517806506,0.0064418250554569
1.3752845835772187,0.070654971183746,0.0142526631633311,203125630673.372,7810.276439678868,0.008461918456883,3.5419261521776413,22.90550422582128,0.65,2.0,0.002,4,17.425662024094425,69.7026480963777,156.8309582168498,278.8105923855108,0.0001267520393714,4.994432665343336e-05
1.7603912634882934,0.0757305011040339,0.0156255832600896,192040472534.3067,7637.966879551776,0.041690807814576,4.6347881440806535,3.793005384586863,0.65,2.0,0.002,4,11.464485774654596,45.85794309861838,103.18037197189136,183.4317723944735,0.0001598256428474,8.885040893301387e-05
1.2024121805408885,0.0398875999228446,0.0191186261504078,195204359307.3335,7910.935321618613,0.0257766772100042,4.551036874689112,50.13398974216898,0.65,2.0,0.002,4,29.78585287899249,119.14341151596996,268.07267591093245,476.57364606387983,3.2522154765434895e-05,1.0094378386957426e-05
1.9066387379560137,0.0203359663318544,0.0166887966883974,219866681525.6807,7811.476348040836,0.0224716412755603,3.988243742889913,4.118776401808763,0.65,2.0,0.002,4,11.044106923519584,44.176427694078335,99.39696231167626,176.70571077631334,0.0005446451846958,0.0002937909062825
1.685220762323805,0.0353479379513404,0.0107482983470938,218074731992.6981,7640.482450976096,0.0240476948899597,4.62520457891507,6.460259431340094,0.65,2.0,0.002,4,9.16848644280532,36.67394577122128,82.51637798524789,146.69578308488514,0.0016572562632382,0.0007959446112705
2.9699614815233364,0.0461362595985427,0.0184516122902806,219120818290.9869,7814.31698398956,0.0378498006543656,5.765243190717962,1.8324787979558,0.65,2.0,0.002,4,5.022942993891003,20.09177197556401,45.20648694501904,80.36708790225605,0.0014766487789907,0.0008055565087569
1.55448198755502,0.0386659543935403,0.0127766257298372,213816263877.36365,7650.490014096238,0.0376582132097547,9.957174812451552,19.64023764568542,0.65,2.0,0.002,4,12.675052911162418,50.70021164464967,114.07547620046176,202.80084657859868,0.0007484293602221,0.0002598364705649
1.0617856740720644,0.0437861741218887,0.0191772243150615,182035229381.8006,7899.882300417855,0.0165925677281916,8.679427438321357,57.12849263491165,0.65,2.0,0.002,4,37.02616154720987,148.10464618883947,333.2354539248888,592.4185847553579,4.539577467784582e-05,1.5092198392261694e-05
1.018982983819165,0.0551869858986199,0.0128815083577234,212475087114.5241,7674.801850522655,0.0416930570531303,0.2513077415300794,37.211270309751846,0.65,2.0,0.002,4,29.599374422080224,118.3974976883209,266.3943697987221,473.5899907532836,4.492482526018127e-06,1.8543498189288e-06
2.266399529229881,0.0521285631639725,0.0075323280840133,186604868370.40973,7924.079048501591,0.0056950319946953,7.493730259068426,4.900873602320454,0.65,2.0,0.002,4,3.226804284790355,12.90721713916142,29.0412385631132,51.62886855664568,0.0121205118385258,0.0060091934989131
1.9153494171486127,0.0448886405068904,0.009482781261121,187977114917.61432,7932.174777859386,0.0092845116926044,9.031064461181291,1.4175574383443856,0.65,2.0,0.002,4,5.705915180794491,22.82366072317796,51.353236627150416,91.29464289271183,0.0029521217238265,0.0018331384508901
2.822538806720168,0.0351231460639508,0.0170719580394516,180610015074.3395,7814.092590507617,0.0376615708997881,8.405495792092594,8.007248518428376,0.65,2.0,0.002,4,4.671586376101312,18.68634550440525,42.0442773849118,74.74538201762098,0.0029630411412214,0.0011096074477244
1.1429432159031718,0.0335304647261441,0.0177849272705706,200633899738.88684,7922.761032523685,0.0216311990421286,5.945386636783942,39.47090846625006,0.65,2.0,0.002,4,31.06675683239793,124.26702732959173,279.6008114915814,497.0681093183669,0.0001209622898994,4.4946549013878806e-05
2.0747258503739987,0.0392038456657928,0.0121817961987225,214600426167.80783,7697.639792581943,0.040606685290507,2.713091681853363,3.635213985876463,0.65,2.0,0.002,4,6.775723027362096,27.102892109448383,60.98150724625887,108.41156843779352,0.000849829110275,0.0004661987689145
2.299359952737309,0.0445710597848759,0.0054248102528631,212071066731.7207,7650.282881522577,0.0176354367871867,9.473150975232912,1.82093775307171,0.65,2.0,0.002,4,2.449637621685901,9.798550486743606,22.046738595173117,39.19420194697442,0.0868096856088681,0.0421973840555293
1.4078017745390727,0.0518370003473896,0.0108716132612387,195294126283.54703,7823.995279874487,0.0098667796544727,2.2316048959288923,5.833595744407921,0.65,2.0,0.002,4,12.427121172712832,49.70848469085133,111.8440905544155,198.8339387634053,0.0001658394444779,8.785437622887953e-05
1.6334561063554636,0.0662919570606049,0.0067189154064502,202248522676.76968,7837.471145176662,0.0059946844874029,0.4562585374199364,4.378432641594332,0.65,2.0,0.002,4,5.800536864260247,23.202147457040983,52.20483177834222,92.80858982816396,0.0004315250552923,0.0002191158299546
2.401641719484439,0.0779521926538694,0.0176934546627978,212685255928.64624,7890.252916120004,0.034073565896537,8.879934702012381,9.4182908159854,0.65,2.0,0.002,4,7.221853646787959,28.887414587151834,64.99668282109162,115.54965834860734,0.0012066992975576,0.0005070415285587
1.3094203114385323,0.0221000306586607,0.0072429626840104,205386234084.3484,7890.574950741974,0.0278166498702733,9.5214899319812,15.397144393365112,0.65,2.0,0.002,4,9.772792917003962,39.091171668015846,87.95513625303566,156.3646866720634,0.0035761303194013,0.0012615519001837
2.305890343439,0.0764453954946457,0.0123804786995876,183095258547.3526,7791.73254421014,0.0404507474111814,3.6502268704561462,1.2733324285432992,0.65,2.0,0.002,4,5.1181253803763305,20.47250152150532,46.06312842338698,81.89000608602129,0.0006605848783471,0.0004075323336527
1.146005385141127,0.0568773307889936,0.0125041349853366,189521466389.25937,7717.10791798361,0.0226439229740634,5.0056564360128055,19.30822834454416,0.65,2.0,0.002,4,21.394961423461798,85.57984569384718,192.55465281115613,342.3193827753887,0.0004353651256983,0.0002180550973415
2.959148927963364,0.0522274106659252,0.0134311494736597,180311763614.72247,7672.73631265418,0.021047988281901,9.66320935093581,1.7378796293940533,0.65,2.0,0.002,4,3.3716748358278084,13.486699343311232,30.34507352245028,53.94679737324493,0.0080156505942585,0.0046062703962297
1.7923308342873234,0.0338174325687521,0.0074694542479732,201341968320.20023,7887.87584530403,0.0269235380650004,8.225944303434925,9.861542869174665,0.65,2.0,0.002,4,5.326830710504385,21.30732284201754,47.94147639453946,85.22929136807016,0.0043457633238912,0.0016874864650839
2.998245992343984,0.0346283929076643,0.0120931500283792,216406654585.62036,7641.231856610639,0.0467712453900287,4.932740386161584,5.867589291307604,0.65,2.0,0.002,4,3.2462935433702147,12.98517417348086,29.21664189033193,51.94069669392344,0.0044449357723057,0.0017671292364727
2.8810601453440654,0.0424717720481029,0.0118213559121033,192603189121.94443,7651.620982636147,0.0301567461049817,1.943432000010042,0.9944729578764075,0.65,2.0,0.002,4,3.240014171684714,12.960056686738856,29.160127545162428,51.84022674695542,0.0019239598746545,0.0011008892546241
1.0703519643688395,0.0294514004790487,0.0080872968951951,219029440975.58643,7687.481690460654,0.0282090054329623,9.368151623237942,33.47042964683289,0.65,2.0,0.002,4,17.085929899510692,68.34371959804277,153.77336909559622,273.37487839217107,0.0004305936302315,0.0001441188595361
1.7971432007282622,0.028320738715334,0.0060279145722846,216260455337.808,7796.572588815605,0.0090224920783415,7.195019054808706,1.4866142002249505,0.65,2.0,0.002,4,4.457256919003365,17.82902767601346,40.11531227103029,71.31611070405384,0.011602629751326,0.0064560835647392
1.102058346023468,0.0548074479583633,0.0075916808810904,208651469511.41736,7616.877386495187,0.007694417257245,2.918425382271818,14.67346235925286,0.65,2.0,0.002,4,14.834751096270834,59.339004385083335,133.5127598664375,237.3560175403333,0.0050841855205102,0.0026251558177162
1.883142230264516,0.0639004741844133,0.0179102970711478,210740003989.3789,7605.103000782757,0.0109172081774508,1.160711846308026,3.1017306383420973,0.65,2.0,0.002,4,12.055541981379564,48.22216792551826,108.49987783241608,192.88867170207303,3.367701197610781e-05,2.0079019601291197e-05
2.6552760834974323,0.0520772500986024,0.0118535432403798,198402440997.75684,7911.9794376654545,0.0198488798635241,9.355026289892272,6.581090017476703,0.65,2.0,0.002,4,3.817587548104374,15.270350192417496,34.35828793293937,61.08140076966998,0.0049040845730832,0.0020601946587786
1.0894070487329806,0.045104701829305,0.0195197404604112,191005751883.2304,7811.820173892182,0.02920161067867,2.67945744815526,59.10331353239224,0.65,2.0,0.002,4,36.87822716060856,147.51290864243424,331.90404444547704,590.051634569737,1.2224849018589743e-05,3.879211606465356e-06
2.0506871314791866,0.0276586587576111,0.0148906200976788,210550714352.71906,7849.412988714344,0.0299647075886013,3.499451700230052,11.239705733777631,0.65,2.0,0.002,4,8.31578007609287,33.26312030437148,74.84202068483586,133.05248121748593,0.0011045544767977,0.0004348566095651
1.6880743365183075,0.0511535662572977,0.0093870155720984,211964297937.5976,7799.311663484132,0.0466628980494852,6.264644309124833,8.76654368127682,0.65,2.0,0.002,4,7.787120198765861,31.148480795063445,70.08408178889275,124.59392318025378,0.003852290249873,0.0020311752313443
1.8502930709794407,0.0289112242903447,0.0199715196644835,217329154178.47095,7993.043550513085,0.0114753314466565,4.970052800697646,24.998544373379573,0.65,2.0,0.002,4,13.793110853926262,55.17244341570505,124.13799768533636,220.6897736628202,0.0001875748009297,6.77025727184053e-05
1.6229401015819456,0.0255984382349416,0.0164855193602294,208200719189.2792,7953.471901313776,0.0451433635446705,2.8574052673576174,19.667700213966487,0.65,2.0,0.002,4,14.520769846482008,58.08307938592803,130.68692861833807,232.3323175437121,0.0002645759240357,0.0001025048179677
1.6990921380451192,0.0240871148415037,0.0082980565692482,187795302032.9953,7894.122673403157,0.0362510504797916,5.427623707663704,5.700464086023267,0.65,2.0,0.002,4,6.357146367377636,25.428585469510544,57.21431730639873,101.71434187804218,0.0155967597498348,0.0086141372211264
2.6464368378280865,0.0241113164121931,0.0103534150397813,200994559379.6268,7830.782813032914,0.0094582199333167,5.4327166215615375,4.747313267556651,0.65,2.0,0.002,4,3.396091423977554,13.584365695910217,30.56482281579799,54.33746278364087,0.0166748687775765,0.0080556357609276
2.571455321619527,0.0644719982444184,0.0198312427586344,210944610048.3746,7713.429812280825,0.005687257960748,9.6848449293399,10.58898373300678,0.65,2.0,0.002,4,7.111834955558445,28.44733982223378,64.00651460002601,113.78935928893512,0.0010679480654766,0.0005024976191501
1.0606544573722343,0.0410594092443626,0.0189416603215656,203055206683.0175,7930.705374138406,0.0267581343380165,1.062678156319118,20.725860482659467,0.65,2.0,0.002,4,38.63230421571884,154.52921686287536,347.69073794146954,618.1168674515014,6.308862614316271e-06,3.307271728686822e-06
2.044211278059503,0.0783410919763992,0.0120502628376594,216577046225.30536,7784.623063425022,0.0098394485393722,2.378513663231808,6.438589795248189,0.65,2.0,0.002,4,6.897022338888859,27.58808935555544,62.07320104999973,110.35235742222174,0.0023992584147886,0.0012848521686615
1.6302016506578327,0.0732810460690628,0.008764490048997,205697861424.0387,7730.653485168495,0.0478155150358068,1.9772867685226625,11.59483852121776,0.65,2.0,0.002,4,7.714007093366843,30.85602837346737,69.4260638403016,123.42411349386948,0.0003167992653014,0.0001195207023838
1.903916274623004,0.0584189895112951,0.005340612190257,211772943350.4422,7862.993469236644,0.0126522063971512,6.393398886034976,4.434572013262396,0.65,2.0,0.002,4,3.467096129652519,13.868384518610076,31.20386516687267,55.47353807444031,0.0206684913641279,0.009867759563583
1.6255199194021426,0.0736984816448344,0.0167077122380946,200845311329.4355,7633.073836966544,0.0248279683266049,3.365520217416193,9.889437578220743,0.65,2.0,0.002,4,14.707632386075552,58.83052954430221,132.36869147467996,235.32211817720884,0.0001272173621412,6.271057543115105e-05
1.499340757867653,0.0283699308777313,0.0179084533291044,189055901616.45337,7801.271410689955,0.0495892615100992,0.2201949191282312,21.36909244839271,0.65,2.0,0.002,4,17.782755826481736,71.13102330592694,160.04480243833564,284.5240932237078,1.7438756555676252e-05,7.981379674269124e-06
1.6424895163303934,0.036429151092539,0.0090168757931757,182023816720.89423,7712.430009936153,0.0061542912636052,7.905235462436891,4.864431400619983,0.65,2.0,0.002,4,7.362895204204964,29.451580816819856,66.26605683784467,117.80632326727942,0.0045887669017338,0.0023275207406137
1.404492876067226,0.0680464421074609,0.0078166181114231,219617843888.92004,7613.105907955924,0.0298938766630122,1.7633664607909614,9.017245895992357,0.65,2.0,0.002,4,9.650769505442597,38.60307802177038,86.85692554898336,154.41231208708152,0.0012074015802079,0.0006917753851996
2.7234467341070205,0.0743778079727157,0.0121855107777378,186821657494.28403,7730.752133743018,0.0181603182641766,7.199624992253428,0.9016648058099004,0.65,2.0,0.002,4,3.662165414110892,14.648661656443569,32.959488726998025,58.59464662577427,0.0027142149352605,0.0017035847460291
1.6657335012326815,0.0592018571961819,0.0132420162400991,183855739498.8018,7949.596635709418,0.0280675961624132,4.786274030654907,5.79885595042219,0.65,2.0,0.002,4,10.407307314878222,41.62922925951289,93.66576583390402,166.51691703805156,0.0004157761448198,0.0002120497604796
1.81103805891674,0.0336253298873714,0.0063450164051925,201852837722.98117,7694.804693834098,0.0135670222221768,7.889271512559896,7.449960224148397,0.65,2.0,0.002,4,4.4928868167864495,17.971547267145798,40.43598135107805,71.88618906858319,0.0099905693181641,0.0043064444206123
1.523857287544809,0.0397042139424546,0.0053592800074448,194902078201.9472,7870.030986493877,0.0483377545062724,7.427876335649085,2.1477274585994874,0.65,2.0,0.002,4,5.2079538069921245,20.831815227968494,46.871584262929126,83.32726091187399,0.0072687031445189,0.0040582088771156
2.8513428273026875,0.0219835848983595,0.0169610618586062,185583768737.2907,7608.273675096866,0.0209601606781523,8.654158624883987,1.245054248916886,0.65,2.0,0.002,4,4.672080848611257,18.688323394445028,42.04872763750132,74.75329357778011,0.0051924179742602,0.003100420432402
2.625518676147069,0.0304280650979852,0.0088270738790707,189406708349.33105,7675.64973553108,0.0486700929294576,1.7436789016144398,4.453759256980328,0.65,2.0,0.002,4,2.8844027161717034,11.537610864686814,25.959624445545334,46.150443458747255,0.0045422624894012,0.0018949539419735
2.778826239175164,0.0730450008633889,0.0140425275979847,206317921800.938,7918.580282276104,0.0375248731379556,2.3265246736570497,4.655550521176246,0.65,2.0,0.002,4,4.209171034864484,16.836684139457937,37.88253931378036,67.34673655783175,0.0027360642111205,0.0015348992054812
2.633137526847821,0.0263166847912474,0.0059983828543276,203777346550.2581,7658.469297677079,0.0421098885705353,3.172313271848337,0.9287677372555698,0.65,2.0,0.002,4,2.0235936789845765,8.094374715938306,18.21234311086119,32.377498863753225,0.0295888854422546,0.0172053302848601
2.3621639238679606,0.0367619355769098,0.0135397071261711,189610349839.563,7978.526170947181,0.0437076570357125,2.951623635824945,6.178600753234512,0.65,2.0,0.002,4,5.363992256227234,21.45596902490893,48.27593030604511,85.82387609963574,0.0032669997678759,0.0016725711986931
1.601715495734091,0.0454611236572857,0.012096950689228,191658897122.66956,7916.180169258011,0.0150459865018275,6.995521401661219,18.234148187462104,0.65,2.0,0.002,4,10.520613532113885,42.08245412845554,94.68552178902496,168.32981651382215,0.0005402769829463,0.000194139954703
2.442108737532978,0.0708629332457205,0.0127171001219633,201597009763.75156,7734.744205090951,0.0157308439489804,7.576797494738303,8.533536393423306,0.65,2.0,0.002,4,4.936355342111757,19.74542136844703,44.42719807900582,78.98168547378812,0.001672266812183,0.0006887768783771
1.9293592757146591,0.042074260413309,0.0082878382471794,188335173657.4006,7900.596324228558,0.0103509656615282,0.9512252660983568,2.550017134215092,0.65,2.0,0.002,4,4.929241406459813,19.71696562583925,44.36317265813832,78.867862503357,0.0007584516664074,0.0004228120750015
1.958036914627845,0.0354382858994818,0.0050524247166402,218669502986.88303,7945.539424740737,0.0281164378311467,2.6161076523781674,4.537273402461995,0.65,2.0,0.002,4,3.1348716910199985,12.539486764079994,28.213845219179987,50.157947056319976,0.0104982260540718,0.0047591467786484
1.4555670149430715,0.0441015215211752,0.0169434885749723,185318436078.74725,7923.243797206486,0.0208667849328878,1.342486620400633,6.006159213989484,0.65,2.0,0.002,4,17.53781485866707,70.15125943466828,157.84033372800363,280.6050377386731,3.137900153273814e-05,1.7047055997304566e-05
1.0783917823665603,0.0749078269538639,0.0136210756696135,200152112187.38077,7604.234138411112,0.0453947994695347,5.484515657811405,45.92096061551724,0.65,2.0,0.002,4,27.24832863465812,108.99331453863248,245.23495771192307,435.9732581545299,3.424701023730339e-05,1.0958465632182996e-05
2.8897755083899126,0.0585467647040903,0.0133523480329625,206322930196.14688,7651.44818959072,0.0453667568610912,2.1650971247788395,5.291372283136404,0.65,2.0,0.002,4,3.76496214085917,15.05984856343668,33.88465926773254,60.23939425374672,0.0014849253270633,0.0006317579002018
1.998668390693874,0.0224576992315402,0.0131417398496958,187373361116.46048,7890.615692572748,0.0440731170088095,7.609605325427543,2.2833404888543725,0.65,2.0,0.002,4,7.269409083618949,29.077636334475795,65.42468175257054,116.31054533790318,0.0024630875222463,0.0013908075315968
1.9854339318062173,0.0307300285013249,0.0163837354518134,194137897544.88428,7986.564241995917,0.0167958151451158,8.239259483622131,10.118446987698412,0.65,2.0,0.002,4,9.29194151068085,37.1677660427234,83.62747359612766,148.6710641708936,0.0058320532662017,0.0028838134141435
1.7419665838234155,0.0786699806393431,0.0179224507748592,200096423316.5896,7934.581048105099,0.0117090220784374,5.341505166314771,13.588094498938776,0.65,2.0,0.002,4,13.449454606952914,53.797818427811656,121.04509146257624,215.19127371124665,0.0024976053704751,0.0013273851018491
1.6867083686007096,0.0739394825860782,0.0111688302391485,206821463877.8702,7954.910421696738,0.0441893267767316,0.1881818128508298,4.400363072970318,0.65,2.0,0.002,4,9.076890611484634,36.30756244593854,81.6920155033617,145.23024978375415,1.620374386769539e-05,9.330983087318127e-06
2.6569575851939047,0.05845982062088,0.0122258633091181,204740499112.80023,7610.321044182867,0.0169300628223976,1.6615992209415984,3.8457399581567153,0.65,2.0,0.002,4,4.073239405927465,16.29295762370986,36.65915465334718,65.17183049483944,0.0064735927516863,0.0034001906531158
2.4782273038607165,0.0483416639908385,0.0103219037306276,212001361079.26584,7608.788717301408,0.029326807769185,0.8309147663541792,2.648319443429016,0.65,2.0,0.002,4,4.022706483479547,16.09082593391819,36.204358351315925,64.36330373567276,0.0010048625053866,0.000520128244851
2.6864220553168074,0.0495885670141395,0.0141264827909226,217071445206.963,7767.28490092324,0.014912887461829,1.0007053507875483,5.921448101923655,0.65,2.0,0.002,4,4.6922543038766005,18.7690172155064,42.23028873488941,75.07606886202561,0.0008313718528337,0.0003770547750636
2.4603270041107206,0.0792915272598311,0.0122302965005935,194849621197.65735,7842.333181789885,0.0412114022441452,2.4784947383752605,2.974156597865888,0.65,2.0,0.002,4,4.566754982643843,18.267019930575373,41.10079484379459,73.06807972230149,0.0011108688575502,0.0005709692104121
2.0919843087833403,0.0403612728275369,0.0169450432119032,182216632429.8316,7910.977797912318,0.0340714736741744,5.12145399916664,14.91673360964285,0.65,2.0,0.002,4,8.426243681085898,33.70497472434359,75.83619312977308,134.81989889737437,0.0004443289433247,0.0001519991867831
1.2948519069711717,0.0364057821276003,0.0096249980592926,185091047933.1616,7820.095876763303,0.0367262688435886,0.792323151620926,13.500267354236122,0.65,2.0,0.002,4,12.664159494823982,50.65663797929593,113.97743545341584,202.6265519171837,0.000404243834014,0.0002346835409013
2.3597568145058907,0.0409513780940107,0.0084758582377163,182263296146.3536,7711.035046683986,0.0111581909981015,3.7553252996426494,4.914765439889765,0.65,2.0,0.002,4,3.355611793031198,13.422447172124793,30.200506137280783,53.68978868849917,0.0071766264924227,0.0033680101139154
2.552358218006829,0.0509585382807038,0.0182348122364908,217277251117.1049,7852.285323014141,0.0067282880843442,7.782060510087291,12.054302633958232,0.65,2.0,0.002,4,6.676615858276057,26.70646343310423,60.08954272448452,106.82585373241692,0.0008147429958021,0.0003719495870194
2.8334980043197877,0.0360231801042598,0.0191165390038178,191068529709.83505,7967.550737098616,0.047094598671688,5.097835897300648,10.10378640739023,0.65,2.0,0.002,4,5.287189313196835,21.14875725278734,47.58470381877152,84.59502901114936,0.0008510663235001,0.0003199042602136
2.9287517141274875,0.0507341797364778,0.0085274973349015,186953167098.81024,7979.409407339061,0.0450872871218065,7.435280432298288,2.441565674932948,0.65,2.0,0.002,4,2.1820604309082245,8.728241723632898,19.63854387817402,34.91296689453159,0.0662031191080927,0.037934408034291
2.182155233907671,0.0573077716280011,0.0153013093781218,216207710248.5385,7718.016056198615,0.0346441545143049,5.641256173199152,5.787940821514893,0.65,2.0,0.002,4,7.71204075245463,30.84816300981852,69.40836677209167,123.39265203927408,0.001351805240077,0.0006693711842607
2.3217138382250124,0.0313801275238955,0.0144904022499293,208532896782.62903,7693.323950745675,0.0109824579521683,4.391921222058171,6.11629020752236,0.65,2.0,0.002,4,6.346329162279018,25.38531664911607,57.11696246051116,101.54126659646428,0.0168112044610259,0.0089225704007641
1.4920422276595946,0.0229772795894167,0.0130279844369517,200547081982.39404,7861.444703740197,0.0145817933417165,1.8784692813883783,26.273165401355584,0.65,2.0,0.002,4,13.402976229695534,53.61190491878214,120.6267860672598,214.44761967512852,0.0001140792576886,4.237938450033172e-05
1.5280570522154666,0.0656134895238216,0.018912360095089,183172762109.4845,7817.744780866843,0.0293180908252641,2.9357334508269117,14.489404378548263,0.65,2.0,0.002,4,17.778108248738675,71.1124329949547,160.00297423864808,284.4497319798188,0.0001205380705497,5.859777806250914e-05
1.9461694793376028,0.0729062260581345,0.0116591487028677,199104561098.4625,7853.181007085956,0.0147155629723528,2.251825613315323,7.855553497584021,0.65,2.0,0.002,4,7.02833706394532,28.11334825578128,63.25503357550788,112.45339302312512,0.0013760770703959,0.0006672409254695
1.7020376562876147,0.033269979180335,0.0089633826793945,215614313667.0524,7750.957837332103,0.0132201929637348,3.70896911834973,9.701698752789476,0.65,2.0,0.002,4,7.399867965888017,29.59947186355207,66.59881169299216,118.39788745420827,0.0024793302203398,0.0010659304967179
2.2830060277597752,0.0704066021806726,0.016803222521204,180397532901.36984,7780.882186484881,0.0101906025965848,1.6129685669996003,10.356549986908275,0.65,2.0,0.002,4,7.038961560929865,28.15584624371946,63.35065404836879,112.62338497487784,0.0002007796018195,8.757352303218927e-05
1.8519841971473845,0.0341462703784375,0.0091053307843787,181811409003.66547,7815.967524240364,0.0423896397755144,7.714205897493944,5.736352283546463,0.65,2.0,0.002,4,5.805900942125997,23.223603768503988,52.25310847913397,92.89441507401597,0.0300820164333287,0.0165755868114872
1.436298369122063,0.0597756620336371,0.0165029228045421,186665445721.13895,7617.543313367167,0.0247814318885602,7.762838451325127,24.625814589253824,0.65,2.0,0.002,4,17.95664873649273,71.82659494597092,161.6098386284346,287.3063797838837,0.0002208937770225,7.964912188826917e-05
2.065745553431888,0.0561237804699788,0.0114328275679389,183343311280.5836,7971.537399533727,0.0198133940639499,3.1971929596339894,3.1717326569052244,0.65,2.0,0.002,4,5.826271862397506,23.305087449590022,52.43644676157756,93.22034979836008,0.0010557630941935,0.0005565560367945
1.0405222564082783,0.0349728905563232,0.006777278785322,188671765829.25775,7709.828097384367,0.0230587850921988,5.337489995540014,2.8333182900175364,0.65,2.0,0.002,4,14.041482607596889,56.16593043038755,126.37334346837198,224.6637217215502,0.0004548338539311,0.0003123197466339
2.8283481062972866,0.0233525989139718,0.0092422851246641,198148967653.1761,7690.468861898448,0.0348692366350833,6.820045088716747,1.5459516675037768,0.65,2.0,0.002,4,2.65926975197112,10.63707900788448,23.93342776774008,42.54831603153792,0.0360685810210394,0.0184688547007171
2.438368574183103,0.0330731184906299,0.0063688916724072,187971293758.72983,7699.097041563031,0.0099988542167721,2.373548570065993,0.9845088132187468,0.65,2.0,0.002,4,2.400049945722159,9.600199782888636,21.600449511499427,38.40079913155454,0.0118158319656963,0.006671897966408
1.3559747560464126,0.0328749222447729,0.0176908483828893,180348838168.92447,7947.652144798733,0.0075014638521793,3.977418834085114,34.09100435129919,0.65,2.0,0.002,4,20.78317788528524,83.13271154114096,187.0486009675672,332.53084616456385,8.724238469444586e-05,3.09862095296916e-05
1.6293557006817097,0.021759136766365,0.0184648184003918,213780892059.5269,7918.739494676338,0.0210370473589118,0.8890950455475557,32.032739163112936,0.65,2.0,0.002,4,16.386979120265075,65.5479164810603,147.48281208238566,262.1916659242412,2.624213872789613e-05,8.999320219529164e-06
2.8742459072116584,0.0210521971281405,0.0160843824390643,193861518333.6804,7867.448149647241,0.0474056045903264,6.573720653903461,6.753204199397194,0.65,2.0,0.002,4,4.382426709318215,17.529706837272858,39.44184038386393,70.11882734909143,0.0057857767881739,0.0022789129747616
2.5984648181590337,0.0664204393457037,0.0066718804145241,199145559793.5883,7794.503789200404,0.0404356205136963,5.902464372649932,3.795248411953706,0.65,2.0,0.002,4,2.264826317494528,9.059305269978111,20.383436857450757,36.23722107991245,0.0126234981949094,0.0053753925616434
2.9808931613422267,0.0622359966648473,0.0110879051716938,207317469558.0111,7948.902647463548,0.0153051262420358,7.197601608389703,3.771356716286871,0.65,2.0,0.002,4,2.88968362062228,11.558734482489118,26.00715258560052,46.23493792995647,0.0134411624919467,0.0066704854039188
2.4256273740219,0.0592724046519117,0.0081250317696675,216045959098.32068,7875.190774412795,0.0201277895104274,4.13576646924994,2.383111360400341,0.65,2.0,0.002,4,3.279809985410416,13.119239941641665,29.518289868693746,52.47695976656666,0.0097136026550197,0.0049822390501219
1.645810316373682,0.0501189033744009,0.0074273841170852,190251073123.14465,7780.084704146621,0.0256181580113783,9.997800118982749,4.941998550694034,0.65,2.0,0.002,4,6.148610366945264,24.594441467781056,55.33749330250737,98.37776587112424,0.0112535930329409,0.0055643232619217
2.222456299920397,0.0352670037563185,0.007279212882428,207849146957.7459,7947.78791084754,0.0455692508789366,8.4300434655923,3.9473901360342665,0.65,2.0,0.002,4,3.4174187883182845,13.669675153273138,30.756769094864563,54.67870061309255,0.0434781313829982,0.0229374809447539
1.3257430011091098,0.0610737244036206,0.0100921663131335,218195935674.2323,7697.438698143443,0.009451602729717,7.559695173702553,24.756758240495085,0.65,2.0,0.002,4,13.862615437072082,55.450461748288326,124.76353893364876,221.8018469931533,0.0002889694261818,0.000107165590023
1.1537484893476004,0.0264795868789436,0.0196542856158961,188486691968.6461,7876.341832936265,0.0336437715957246,6.348334162044738,18.73653770982002,0.65,2.0,0.002,4,32.75233702200679,131.00934808802717,294.7710331980612,524.0373923521087,8.715275006455443e-05,4.375248378096096e-05
1.580394243960807,0.0589627584568683,0.0077633945770854,196858047391.2911,7968.094830272767,0.0414907842717437,5.0154108737533045,3.252881555196235,0.65,2.0,0.002,4,7.005665140401837,28.02266056160735,63.05098626361654,112.0906422464294,0.0012983371213868,0.0007338357587014
1.3985372321303873,0.0466858362459576,0.0060174122099607,207882151041.1208,7766.646447889791,0.0451240039687815,2.812519696874066,13.442342549812931,0.65,2.0,0.002,4,7.217433392582692,28.86973357033077,64.95690053324424,115.47893428132308,0.0006899685343962,0.0002428856104795
1.8507935799638235,0.0620772608578786,0.0188123195707192,203990201948.64145,7690.913456603336,0.0057908277639129,6.229219870848523,22.524965806194,0.65,2.0,0.002,4,12.825411986038876,51.30164794415551,115.4287078743499,205.206591776622,0.0001555969257871,6.348799995491759e-05
2.036608551690331,0.0259959085383418,0.007463800808814,185301852570.9905,7981.643311628003,0.017818911069975,3.6165228036004766,3.065635670357781,0.65,2.0,0.002,4,3.9315870076431088,15.726348030572437,35.38428306878798,62.90539212228974,0.0177268747265407,0.0089576770959496
2.394797984247443,0.0367048948525179,0.0164458887363136,218662156288.1533,7995.181301951604,0.0319906468320514,1.6912472730637365,13.160598593010423,0.65,2.0,0.002,4,6.800196916171607,27.200787664686427,61.20177224554446,108.80315065874572,0.0001934853843596,7.284612364505771e-05
1.299468416533541,0.0558102400730267,0.0140399661581975,193612025746.66116,7943.940022746214,0.0430456054421942,1.17963763417607,27.00847964796909,0.65,2.0,0.002,4,18.612814292660435,74.45125717064174,167.5153286339439,297.80502868256696,2.834505266258579e-05,1.0492339541449902e-05
2.7346060810023625,0.0624706336640868,0.0174502876873854,219035901614.71585,7936.861862206749,0.0474522058075033,1.356659042230106,9.074177877049856,0.65,2.0,0.002,4,5.558729442250442,22.23491776900177,50.028564980253975,88.93967107600707,0.0002008087989815,7.289312860351179e-05
2.956740444444953,0.0478226783732773,0.0115060246053122,196465772675.5089,7724.872029042718,0.0196562664381912,6.909586893302031,0.82317041577144,0.65,2.0,0.002,4,3.0097190146917865,12.038876058767146,27.08747113222608,48.15550423506858,0.0067827160825429,0.0038957950095289
2.5309250023087344,0.0490971239925118,0.0149796181530679,194328201613.63095,7848.347530727556,0.0066028895504491,0.5513282541134371,8.6424942420729,0.65,2.0,0.002,4,5.276552305651821,21.106209222607283,47.48897075086639,84.42483689042913,0.0001513993153582,6.962011463351381e-05
2.4474905803836755,0.0239838967425964,0.0179382170061248,213421207924.4437,7635.571497220113,0.0060690427905733,0.6572592485217127,12.466595006824967,0.65,2.0,0.002,4,7.1790087435002805,28.71603497400112,64.61107869150253,114.86413989600447,0.0001477892635148,6.622131264331895e-05
2.812362731496228,0.0786002220083639,0.0147519589894706,217996918280.8952,7630.263785050027,0.0211675255698307,0.1862755035346635,8.888000849348582,0.65,2.0,0.002,4,4.520554224983229,18.08221689993292,40.68498802484907,72.32886759973167,2.5714697835771663e-05,1.1501239474821004e-05
1.8641808471589785,0.028600533326198,0.0193077483492521,185799301327.8857,7808.754861540253,0.0138640921393544,0.8559818543788315,6.932897529188783,0.65,2.0,0.002,4,12.288983016522996,49.15593206609198,110.60084714870698,196.6237282643679,8.191175804212664e-05,4.068004186469081e-05
2.0176997112431545,0.0436165091460325,0.0182061798047405,208872551977.7612,7614.411261961158,0.0405285078487472,7.933151798319041,14.806862759741378,0.65,2.0,0.002,4,10.620807548795092,42.48323019518037,95.58726793915584,169.93292078072147,0.0007090521756471,0.0002694824316687
1.1611803170165396,0.0452812560992003,0.0091708584906329,184882038972.7908,7842.230799039268,0.0168462669660619,4.683349007252836,6.676755700421144,0.65,2.0,0.002,4,14.975021905372554,59.900087621490215,134.775197148353,239.6003504859609,0.0003044338551669,0.0001654511464046
1.0086115513353573,0.0542700417233444,0.0199111665867856,181545772393.07535,7683.199229483384,0.0283511589119187,8.118413290804218,15.543004339672397,0.65,2.0,0.002,4,43.141983374855926,172.5679334994237,388.27785037370336,690.2717339976948,2.251888036770295e-05,1.2263435051502769e-05
1.276580691631079,0.0205046165623088,0.0197979238457843,196426011278.50992,7678.410276509274,0.0103402193159974,3.767077684548621,54.5157932378064,0.65,2.0,0.002,4,27.8622511424572,111.4490045698288,250.7602602821148,445.7960182793152,4.06617194032965e-05,1.3835262686833112e-05
2.703869540583658,0.0544388638366561,0.0112162079363732,212478692883.5393,7724.232153030927,0.0402627765184019,3.3468419705173904,6.777707682586129,0.65,2.0,0.002,4,3.6486640123751135,14.594656049500454,32.83797611137602,58.378624198001816,0.0015190225764246,0.0006065684556423
1.9089218122969476,0.0392150677066609,0.0150316940834654,199413711139.71,7629.645226532462,0.0206632037710974,1.109431065114049,2.9955383900129555,0.65,2.0,0.002,4,9.5628256488344,38.2513025953376,86.0654308395096,153.0052103813504,0.0001099671444312,6.132447719907626e-05
2.6020502210994247,0.0575036596371268,0.0065128639232541,191472585150.5299,7654.871144938746,0.0408920583000995,5.376300288744103,0.4474113341013743,0.65,2.0,0.002,4,2.181495229484094,8.725980917936376,19.633457065356847,34.9039236717455,0.0120805975056139,0.0087646609054105
2.445057644666482,0.0253320298508143,0.0153964666827006,213944619851.6255,7739.75857003296,0.036923936386964,1.652062680663713,10.577202404390777,0.65,2.0,0.002,4,6.139868834625563,24.559475338502253,55.25881951163007,98.237901354009,0.0005174404396603,0.0001844199311998
2.594642494696973,0.078591350067998,0.0108643971195233,185997687077.07578,7654.158724681983,0.0318864918495469,5.516320351967885,1.9177376333665477,0.65,2.0,0.002,4,3.607321683646816,14.429286734587262,32.46589515282134,57.717146938349046,0.0034349907307523,0.0019195465386935
2.6669372076001023,0.0436833675547497,0.0113069686885054,218478333010.9125,7698.953476560945,0.0223460608466823,7.72448847690183,4.085704909398999,0.65,2.0,0.002,4,3.8400616937627934,15.360246775051174,34.56055524386514,61.44098710020469,0.0392019713250838,0.0216960443651363
2.251979113398161,0.0321120350965724,0.0170087543101077,204711556340.22333,7945.65473167709,0.0476979398152602,3.544217679990264,2.8024418969346865,0.65,2.0,0.002,4,7.719325972565281,30.877303890261125,69.47393375308754,123.5092155610445,0.0005815475286524,0.0003200417453292
2.509119164972493,0.0502089412780083,0.0126381669793384,188393805729.25595,7612.334702924963,0.0414173802238299,8.56927028733607,2.8721139574809,0.65,2.0,0.002,4,4.528403734102832,18.113614936411327,40.755633606925485,72.45445974564531,0.0059632436381816,0.0030210552738463
2.045011747025434,0.0779504224743698,0.0120841293226653,211348895767.8626,7863.238046870668,0.02831832230651,0.5167415613928432,9.397852747481052,0.65,2.0,0.002,4,6.792854059931747,27.171416239726987,61.13568653938572,108.68566495890796,9.973329597663562e-05,3.94221485380845e-05
2.996456962235708,0.0495477750200259,0.0059195609866016,203834318029.2394,7647.609659992868,0.0160144269600249,3.354921121926799,2.3395685195710554,0.65,2.0,0.002,4,1.5433998735893852,6.173599494357541,13.890598862304463,24.694397977430164,0.0320368454250535,0.0162628105977033
2.622141900623178,0.0492480103298219,0.0164358186347727,204443738575.0506,7766.428325920928,0.0355832080988275,5.79227582451935,6.224768582880135,0.65,2.0,0.002,4,5.56140408099649,22.24561632398596,50.05263672896841,88.98246529594384,0.0047532595233337,0.00246363009146
1.9915247453976292,0.069798743193198,0.0137785999653878,195281224546.6752,7865.423856374618,0.0489584949674635,0.7680671399524431,6.237508601012659,0.65,2.0,0.002,4,7.849321373202623,31.397285492810493,70.64389235882362,125.58914197124196,0.0001740412492242,9.092379569055793e-05
1.0880288499461108,0.0250832738938774,0.0148995293637601,208875019214.1157,7987.161976351585,0.0051499644226234,2.445909042769032,49.53231831658566,0.65,2.0,0.002,4,29.185557097400952,116.7422283896038,262.6700138766086,466.9689135584152,3.8576385880278514e-05,1.37422793229655e-05
1.1139721759989336,0.0669726108486016,0.0051020493135455,198759956548.32596,7642.918901717723,0.0316234502158351,9.983570137055631,4.845319982832458,0.65,2.0,0.002,4,9.507362209477357,38.02944883790942,85.5662598852962,152.11779535163768,0.0020370057297418,0.0011739930568274
2.56442239053559,0.0648794077371468,0.0172260964432813,197929625326.82428,7928.222833055945,0.0158338882046421,3.672024558033402,3.07089180218041,0.65,2.0,0.002,4,5.934778098557072,23.73911239422829,53.41300288701365,94.95644957691316,0.0006106879331162,0.0003416832925979
1.0642981756057004,0.0541989742156419,0.0073142468812021,217643051390.5879,7666.945999857671,0.0331987647963866,3.3297597854241623,21.13547205909873,0.65,2.0,0.002,4,15.60031740679281,62.40126962717124,140.40285666113527,249.60507850868493,0.0003092022265974,0.0001162435027368
2.207396478319173,0.0412495355535692,0.0078183686329497,185373847776.14783,7897.669895659625,0.0261109398912582,0.5585635565569396,6.947466935457532,0.65,2.0,0.002,4,3.525002670798583,14.100010683194332,31.72502403718725,56.40004273277733,0.0004312493179669,0.0001979819058084
2.6945272411986867,0.023303868308143,0.00908448592977,184326071360.7505,7778.815456172104,0.0336617235839088,5.356853680601416,4.585432838861732,0.65,2.0,0.002,4,2.7618564540673405,11.047425816269362,24.856708086606066,44.18970326507745,0.0168499874048561,0.0071031603084974
2.251475576419244,0.0791436075269063,0.0195518298707042,209827650218.35495,7929.832182282938,0.0443284038304616,5.330702257706899,5.501320975138676,0.65,2.0,0.002,4,8.996664879266696,35.986659517066784,80.96998391340026,143.9466380682671,0.0003504728560597,0.0001762789031656
2.59793952801118,0.068120898661598,0.0131451377326733,219998283651.2036,7754.568121849742,0.0473929227344832,6.339594477699814,7.176233073391588,0.65,2.0,0.002,4,4.703998318875987,18.81599327550395,42.335984869883895,75.2639731020158,0.00189772749864,0.0007473929831648
2.2851901685524507,0.0274924396755528,0.0169387246304099,198679763337.8017,7729.658405761924,0.0420781723630684,3.4993724990284547,9.838204389688226,0.65,2.0,0.002,4,7.456962070638856,29.827848282555426,67.11265863574971,119.3113931302217,0.0012567547766079,0.0005223616400494
1.1777734411836622,0.0462271148371351,0.0198575852262496,189175393172.53055,7868.188668070192,0.0472353566642445,7.754713543807534,41.24912926878956,0.65,2.0,0.002,4,31.829302063320387,127.31720825328156,286.4637185698835,509.2688330131262,7.83757179762227e-05,3.183393323615624e-05
1.1021472346205268,0.0517299216105581,0.018783260953716,210640193159.0522,7757.248270437242,0.0492676651346553,1.921600754502792,72.91888833313017,0.65,2.0,0.002,4,36.53741281798848,146.1496512719539,328.83671536189627,584.5986050878156,4.226961623603715e-06,1.3567599519326247e-06
1.0256924971117884,0.0309793360116121,0.0171631102686593,200938671465.2433,7850.337314950794,0.021097925393708,0.7799120569367834,65.16259796775269,0.65,2.0,0.002,4,37.42643781142789,149.70575124571155,336.83794030285105,598.8230049828462,4.734244213315297e-06,1.433512937306871e-06
1.7825388151683017,0.0231381350108959,0.0109198578441934,185535617145.98672,7892.211118229183,0.0425013192201383,6.909372735183252,4.237989119555029,0.65,2.0,0.002,4,7.555836422498852,30.22334568999541,68.00252780248968,120.89338275998163,0.0034765288092464,0.0018279683787194
1.0073657268977236,0.0336074304101508,0.0138879091039518,216691746668.16916,7603.812461249576,0.0320390537762125,0.1333304589444831,43.76466042553224,0.65,2.0,0.002,4,33.12815611321678,132.51262445286713,298.153405018951,530.0504978114685,2.523901533245444e-06,9.56515465691256e-07
2.373090260709434,0.0609621107968519,0.0092777375284361,217341566208.02835,7969.110663288158,0.0382769964218403,4.742409050010751,1.1111225316265974,0.65,2.0,0.002,4,3.901299475667439,15.605197902669754,35.111695281006945,62.42079161067902,0.0026270629408013,0.0015316596586124
1.2677781387503633,0.0378163242690633,0.006296711199032,197115770527.1699,7666.9429077244195,0.0205883035688483,7.956419718976902,5.788872115555165,0.65,2.0,0.002,4,9.007537581864428,36.03015032745771,81.06783823677985,144.12060130983085,0.0039826797420779,0.0019271760476764
1.533342818509941,0.0598337044501023,0.0105172915487873,193813972409.0068,7780.22339696311,0.0256140754159415,8.31326138249203,19.38816796488049,0.65,2.0,0.002,4,10.123976956638206,40.49590782655282,91.11579260974383,161.9836313062113,0.0004448185728951,0.000157835857469
2.8033806076748835,0.0546230527922399,0.0159959101032547,186106649611.8154,7761.842269610417,0.0340277553416185,2.584550610815452,6.610393545133502,0.65,2.0,0.002,4,4.519315051490192,18.07726020596077,40.67383546341173,72.30904082384308,0.0009792479757607,0.0004094065890351
2.586796640978145,0.0665842678071081,0.007135818874824,202041389098.7367,7769.083365777353,0.049616883355779,6.575291703677527,4.644275644592399,0.65,2.0,0.002,4,2.4659472227846604,9.863788891138642,22.193525005061947,39.455155564554566,0.0078052182544524,0.0033734459943716
1.9374340194046829,0.0444077456245977,0.006851906735759,207778574044.8321,7847.915792538634,0.037262743267138,6.5972042241750986,7.561943154594083,0.65,2.0,0.002,4,4.259023809795435,17.03609523918174,38.33121428815892,68.14438095672696,0.0049939529635386,0.0019125166187431
2.035980244010643,0.0536578595612519,0.0101502851774963,181117379199.78165,7897.440038219936,0.0159316303210314,6.481315288817933,6.415221983906835,0.65,2.0,0.002,4,5.317374800821992,21.269499203287968,47.85637320739792,85.07799681315187,0.0065431305992241,0.002939805070607
1.7149252652725084,0.0546324123907868,0.0125331141779614,188216480406.5274,7929.907804419296,0.0200190308007446,4.722185805251752,4.136570011640261,0.65,2.0,0.002,4,9.414399155487144,37.65759662194858,84.7295923993843,150.6303864877943,0.0004605597384654,0.0002520777710053
1.1921904659437623,0.0292115313232768,0.0130076001991094,182700739207.4966,7621.122840560044,0.0050233434874567,4.419534930973205,32.39456288280845,0.65,2.0,0.002,4,20.318695245973377,81.2747809838935,182.8682572137604,325.099123935574,0.0001746303608581,6.734996205479959e-05
2.997824615432405,0.0306001250753006,0.0129259936352651,195026245198.86047,7687.36635299813,0.0443971503113793,9.581927974753675,2.7277272312165644,0.65,2.0,0.002,4,3.2850235671392354,13.140094268556942,29.565212104253124,52.560377074227766,0.0361442873451073,0.0195910322276372
2.9113218824898137,0.0237418438097837,0.0090395211786507,216061695167.7607,7635.791830750453,0.0253145530448779,3.4787843958065734,4.588655008670624,0.65,2.0,0.002,4,2.572504130653195,10.29001652261278,23.152537175878752,41.16006609045112,0.0107354931456593,0.0047689770356553
1.1955823477397922,0.057941224906886,0.0176696255958999,216924064907.54016,7759.970256736475,0.0380685470533829,3.9687863526559712,22.937639604187563,0.65,2.0,0.002,4,29.63612729229294,118.54450916917176,266.7251456306364,474.17803667668704,5.777076222064948e-05,2.877319675130892e-05
1.763072259873756,0.062557851885713,0.0075743723355318,199845917318.8698,7983.625023619009,0.028930728096792,2.44837380037244,10.4180498788248,0.65,2.0,0.002,4,5.528193732859875,22.1127749314395,49.75374359573888,88.451099725758,0.00059537148763,0.0002310373638187
2.7886746827255697,0.0655549492465045,0.0097945993491846,181523580416.72614,7970.134383697551,0.0496405513246401,1.3575055469928297,3.9087332948559457,0.65,2.0,0.002,4,2.7255485624074365,10.902194249629746,24.529937061666928,43.60877699851898,0.0018966738621616,0.0008504466773546
2.8958884148127586,0.079540672630308,0.0171715789490139,182175679229.3361,7891.452684217491,0.0130291579309242,5.735291005836816,8.068733710733754,0.65,2.0,0.002,4,4.461106160531126,17.844424642124505,40.14995544478013,71.37769856849802,0.0008895559422965,0.0003921453570262
2.237321223872635,0.0756002292848769,0.0088684101372169,207717063623.4342,7994.925047982858,0.0117769229259351,0.9751826779366766,5.788403751496553,0.65,2.0,0.002,4,4.094937029514766,16.379748118059062,36.85443326563289,65.51899247223625,0.0007143418745732,0.0003188544240155
2.819056738681782,0.0385697548799857,0.0069250750662165,207029982566.4852,7835.837999813471,0.0457514613686885,7.452326438363773,1.8579713925167265,0.65,2.0,0.002,4,2.031047142892518,8.124188571570071,18.279424286032665,32.496754286280286,0.1545693838120642,0.0785429732276893
2.455702652399081,0.0245906749298152,0.0110767746382565,204352094793.6273,7836.078028579983,0.0131649703623769,5.871152821563626,3.527834985865663,0.65,2.0,0.002,4,4.253350635512728,17.013402542050912,38.28015571961456,68.05361016820365,0.0230604695538959,0.0112954958256381
1.3363038250826855,0.0725432860741025,0.0139388184800715,200595678002.9644,7827.036703816821,0.0087299189066133,7.430326841915371,5.543980068088374,0.65,2.0,0.002,4,17.9187163189855,71.674865275942,161.2684468708695,286.699461103768,0.0001198416262874,6.621912823994724e-05
1.5931696132252826,0.0513535443074095,0.005994810199456,214197683020.14737,7950.990657745688,0.0193257766426949,7.775593009316221,7.112130191183587,0.65,2.0,0.002,4,5.558753621981718,22.235014487926872,50.02878259783546,88.94005795170749,0.0094091903974304,0.0040579525264773
2.558715429039682,0.0575954253307887,0.0111965605026962,205103528121.31885,7701.00663188601,0.0302608235234169,2.1353142828885754,7.409243171424812,0.65,2.0,0.002,4,4.00205199003598,16.00820796014392,36.01846791032382,64.03283184057568,0.00079436470493,0.0003245821651393
2.273087006771076,0.0796953638392099,0.0054992235481947,213393587045.7425,7942.804267808905,0.0462515175842884,4.833877630594905,4.047344942605049,0.65,2.0,0.002,4,2.501510102420258,10.006040409681033,22.513590921782328,40.02416163872413,0.0090019484702031,0.0037464017355364
2.834791178532284,0.0710598272031298,0.0177257113109162,189106445871.96857,7620.214395460023,0.0440340592767162,3.127422264511817,6.547448217996799,0.65,2.0,0.002,4,4.982649654517665,19.93059861807066,44.84384689065899,79.72239447228264,0.0009460259133701,0.0004112934552106
1.69885107690006,0.0263709470786092,0.014230582755356,184516895816.42072,7772.205051924163,0.0350405354122379,4.585399562490036,19.467258811732137,0.65,2.0,0.002,4,10.893997329134868,43.57598931653947,98.0459759622138,174.30395726615788,0.0004278507364568,0.0001415965369147
2.545420194370198,0.0369877042994985,0.0137849569018112,197521553913.8057,7635.077676872117,0.0269315048513641,8.48318881508968,1.438774780203092,0.65,2.0,0.002,4,4.907001750471601,19.6280070018864,44.163015754244405,78.51202800754561,0.0035357754851148,0.0020605269669728
1.097179771853123,0.0584803084659897,0.0130231781773122,196294321160.77512,7733.597056751669,0.0073313349819406,6.837506007898579,23.69245174928511,0.65,2.0,0.002,4,24.714609325544583,98.85843730217832,222.43148392990125,395.4337492087133,0.0010334456972593,0.0005085413384903
2.111432713340489,0.0397860365946696,0.0064708372911514,216668898069.37164,7977.031669089794,0.0165629904638843,4.406748311539661,4.671812440383714,0.65,2.0,0.002,4,3.43014809482256,13.72059237929024,30.87133285340304,54.88236951716096,0.0133276814671242,0.006118177911528
1.5121810019447204,0.0314545253836023,0.0096618853714122,182549105429.06824,7755.824163080147,0.0371636530726033,5.032242976656691,13.035259230865297,0.65,2.0,0.002,4,9.29521537225832,37.18086148903328,83.6569383503249,148.72344595613313,0.0014962338391712,0.000570592147494
2.81293050250821,0.061523296171232,0.0137989756969282,189493265724.11185,7914.205327199705,0.0442754666076126,5.065312528893753,2.8108961134691697,0.65,2.0,0.002,4,3.8694686500390114,15.477874600156046,34.82521785035111,61.91149840062418,0.004371602906361,0.0022300031690446
1.700011908517317,0.0201373722407793,0.0167189834744366,213095154182.4257,7623.481358880134,0.0331416152808043,6.64407688369719,6.411931806609831,0.65,2.0,0.002,4,13.869005197387107,55.47602078954844,124.82104677648398,221.9040831581937,0.000629423759189,0.000351118225865
2.8355939720391112,0.0298574082088153,0.0112485617296626,218113479410.12653,7862.835777076636,0.044064359075432,3.641167936941127,1.9293673338692665,0.65,2.0,0.002,4,3.341102593008721,13.364410372034884,30.069923337078485,53.45764148813954,0.0074103681637737,0.0039469393577081
1.4727208707670891,0.0229470586250024,0.0073040274880663,182533139148.10236,7678.049696436935,0.030585637161668,9.133243083326851,8.688899852805902,0.65,2.0,0.002,4,7.445539499280283,29.78215799712113,67.00985549352255,119.12863198848451,0.0167327530542127,0.0077834494832918
2.192098361116198,0.0593682448064786,0.0080405806016912,209851274909.8607,7679.985421167835,0.0168354790965236,3.1372758260179454,6.832870117842446,0.65,2.0,0.002,4,3.9661779640997055,15.864711856398822,35.695601676897354,63.45884742559529,0.0020517183567394,0.0008827681742174
1.2726814430581952,0.0656684065369153,0.0167177355271633,208091753372.7093,7898.172017306084,0.0483548038926048,9.447764870155003,32.67321156895459,0.65,2.0,0.002,4,24.023231241968094,96.0929249678724,216.20908117771293,384.3716998714896,0.0001207510483104,4.599962596719129e-05
2.3244258565174034,0.0269162460683447,0.0094006275918799,189514561457.5448,7777.011035029314,0.0335900409371412,4.390855579534216,2.493228800782008,0.65,2.0,0.002,4,3.894660819429008,15.578643277716033,35.051947374861065,62.31457311086413,0.0104718635361444,0.005355412361906
1.6853763607556629,0.0589460959512283,0.0124654569421115,183728728506.69843,7629.216509904703,0.0133545963027816,1.9897629510650143,12.64568409918295,0.65,2.0,0.002,4,9.7654492048166,39.0617968192664,87.88904284334942,156.2471872770656,0.000334158741852,0.000136873422451
1.3038919028138571,0.0694401110861783,0.0089789849650622,201650881949.87128,7704.766637134993,0.0072537716127127,5.468561181598271,10.546402534375511,0.65,2.0,0.002,4,12.251623434819171,49.006493739276685,110.26461091337256,196.02597495710677,0.0014455452755343,0.0006698637693706
1.881824108992285,0.0661040319604027,0.0163160908381701,197270327144.61603,7707.046970171466,0.0112607167587685,0.1135599743147939,4.268830954882367,0.65,2.0,0.002,4,10.56998063537025,42.279922541481,95.12982571833226,169.119690165924,5.644835044077195e-06,3.0355595485720666e-06
1.2647507902307091,0.0501973807916252,0.006348164083515,189990310524.8084,7928.53907992511,0.023087889525507,9.96185029581166,13.749130624562511,0.65,2.0,0.002,4,8.809203028922092,35.236812115688366,79.28282726029882,140.94724846275346,0.0023874300286713,0.000872474809602
2.0127468693590465,0.0335064167868906,0.018888816596532,216576823686.67505,7806.677526052139,0.0148020595957608,9.829635277575411,20.116279310770203,0.65,2.0,0.002,4,11.135982868088648,44.543931472354586,100.22384581279782,178.17572588941837,0.000533060959203,0.0001920046938309
2.318696189793677,0.0787958049116046,0.0177241148593678,213859802467.8356,7806.873011769915,0.0303934604938924,8.599942931398456,13.812015828909894,0.65,2.0,0.002,4,7.824059350247726,31.296237400990904,70.41653415222954,125.18494960396362,0.0004375515495684,0.0001523130429217
1.4312320323737269,0.0222913510756579,0.0142693053316983,191434291315.32043,7813.185689735679,0.0167515510507079,6.895645584595241,28.335370079457107,0.65,2.0,0.002,4,15.635356365619272,62.54142546247709,140.71820729057345,250.1657018499084,0.0003696889026614,0.0001235810518394
1.1583956355380318,0.0433019862852055,0.0150085356412147,202982837768.19897,7860.677041278885,0.025844381226058,2.7436633838360382,27.54942128743336,0.65,2.0,0.002,4,25.772315122527523,103.08926049011008,231.9508361027477,412.3570419604404,0.0002072989553824,0.0001094030892451
2.195179184767228,0.0595253598144761,0.0125361386078096,195954102066.40308,7628.622371474744,0.0363309093195476,9.046889858407855,9.900190137951984,0.65,2.0,0.002,4,5.978706148441995,23.91482459376798,53.80835533597796,95.65929837507193,0.0017542648713047,0.0006349081838031
1.778572671806082,0.0702738161751849,0.0072033562469897,216733026694.6805,7916.580974479023,0.0225994317466831,1.393214929298778,6.141631274988318,0.65,2.0,0.002,4,5.402747070338217,21.610988281352867,48.62472363304395,86.44395312541147,0.0019550245794769,0.0009517971132773
1.1034840467820102,0.0249932560689529,0.0118636607269954,181599280083.1619,7911.821007107305,0.0439620577686643,0.2323944327109181,35.09341094257339,0.65,2.0,0.002,4,21.165800052394044,84.66320020957617,190.4922004715464,338.6528008383047,8.407712772652657e-06,2.707928452747172e-06
1.1687556651936533,0.0514531170761497,0.0098273860734065,215111066351.56717,7684.119269957639,0.0435048386596098,6.669415253462853,9.292742187027882,0.65,2.0,0.002,4,17.260530590523206,69.04212236209283,155.34477531470887,276.1684894483713,0.0003038760604846,0.0001651911801307
2.2387343259748915,0.0322948616123256,0.0184945371492984,202935229638.13348,7683.674043888014,0.0490607347859258,5.509771509450044,4.281148519707271,0.65,2.0,0.002,4,8.59927547479291,34.39710189917164,77.3934792731362,137.58840759668655,0.0007558884883993,0.0004404542398926
2.458938566176366,0.0287678909071914,0.0115726997601335,209365446243.5272,7650.117993013639,0.0249238924186845,1.2034057632956758,3.74810506205612,0.65,2.0,0.002,4,4.540325822122573,18.16130328849029,40.86293239910315,72.64521315396117,0.0031415782657888,0.0015965100882853
1.8369539549253855,0.0578357251434477,0.0058848855506121,208400738467.81348,7982.973512864779,0.0251500429302173,0.1975056655074946,5.1983965443829385,0.65,2.0,0.002,4,4.040527034302182,16.16210813720873,36.36474330871964,64.64843254883492,0.0003844545312465,0.0001708361910881
1.250456849479832,0.0335673286431783,0.0065401511356532,218626633864.21368,7786.497691786955,0.0458016962215009,4.818656284956639,14.66694001847608,0.65,2.0,0.002,4,10.04986142498211,40.19944569992844,90.448752824839,160.79778279971376,0.0014072256540754,0.0005425683544799
2.7603098949716864,0.0608610179976185,0.0152862806139232,200006491450.04315,7854.790488850202,0.0182471323650359,0.9792198591788775,7.757606761901088,0.65,2.0,0.002,4,4.590607270781248,18.362429083124997,41.31546543703124,73.44971633249997,0.0002509822974424,0.0001021516378982
2.7568974490013005,0.0220587645873845,0.0089324307754376,184755663611.06445,7639.20406415824,0.047553849131041,8.075136854729342,2.244722001303904,0.65,2.0,0.002,4,2.620791760110819,10.483167040443275,23.587125840997373,41.9326681617731,0.1058352426023578,0.0616392005008407
2.768817054921506,0.04154894573371,0.0190185718501406,196297387244.15576,7890.494284397174,0.0137837550839042,5.354815560232015,4.254340166600911,0.65,2.0,0.002,4,5.61078707136489,22.44314828545956,50.49708364228401,89.77259314183824,0.0029509575353132,0.0014692321631909
1.16136075682933,0.03941440623496,0.0085657156305646,180565062996.3942,7638.09344411535,0.0253936370772079,3.4626583916625404,7.345843263301494,0.65,2.0,0.002,4,14.001771660492672,56.00708664197069,126.01594494443404,224.02834656788275,0.0003574250973452,0.0001942237681728
1.9974305845046183,0.0435390369451232,0.0198429046994667,181814760720.7848,7621.55140306434,0.0421038447540216,2.733588167655119,5.8469275111087775,0.65,2.0,0.002,4,11.014986963154051,44.059947852616205,99.13488266838648,176.23979141046482,0.0001762343621555,9.736097348946496e-05
1.5139582319420564,0.0674945130880205,0.0083235867477106,200313626888.71075,7938.684519059825,0.0231709329032346,5.614079889671401,3.4343129917508826,0.65,2.0,0.002,4,8.271665280382326,33.0866611215293,74.44498752344094,132.3466444861172,0.0008449753069564,0.0004617488259575
1.570313576465404,0.0304186198995371,0.0082596259885359,216655734440.9512,7737.295683283738,0.042238251031253,0.7374604488432788,15.811331344983923,0.65,2.0,0.002,4,8.03724787281212,32.14899149124848,72.33523085530909,128.59596596499392,0.0001406532733228,5.005680655476538e-05
1.314479924358684,0.0274987294655968,0.0141724511644173,213093340987.14883,7654.162594740077,0.0459542275748144,3.652910038456931,18.94689408475701,0.65,2.0,0.002,4,19.624671933983706,78.49868773593481,176.62204740585335,313.99475094373923,0.000838032116031,0.0005565112502214
1.049007580848139,0.0298189380505962,0.0131206153989574,180106026579.66473,7881.6774568120945,0.0457459245154363,7.570234318483378,19.7838314428766,0.65,2.0,0.002,4,25.84526558748265,103.38106234993062,232.6073902873439,413.52424939972246,0.0003503419244512,0.0001789358514933
1.2987483127363015,0.0776929777724619,0.0076766264273274,187981679715.9796,7943.593144223086,0.0460662234863869,2.200259334480684,10.497400994421715,0.65,2.0,0.002,4,10.039196037461778,40.15678414984711,90.35276433715602,160.62713659938845,0.0010638313544155,0.0006699792373354
1.2256098962647417,0.0668740211642996,0.0057060880111989,201754044487.57956,7824.985732617007,0.0336182593824794,3.2247003969459493,2.120857587736934,0.65,2.0,0.002,4,8.746464736577844,34.985858946311374,78.7181826292006,139.9434357852455,0.0004882952290306,0.0003051715892445
1.293721211267573,0.0392352272809679,0.0168150004495674,211272125919.6565,7628.377216983929,0.0482916691057474,8.576425272389157,43.59926707987082,0.65,2.0,0.002,4,23.97451117042424,95.89804468169694,215.7706005338181,383.5921787267878,8.660328839023419e-05,2.7509557150075564e-05
1.9198040880001697,0.0446551498174762,0.0051042775814441,210343066029.1305,7775.429316142823,0.0150282186080992,6.6959906053966725,3.2852206626463696,0.65,2.0,0.002,4,3.2662665640285247,13.0650662561141,29.39639907625672,52.2602650244564,0.1544992545889495,0.0692280388560087
2.471019062825163,0.0608804637720504,0.0104327885982038,181851806463.255,7603.145875958437,0.0421426797407227,3.283417879434779,1.6974769396644522,0.65,2.0,0.002,4,3.789130980022516,15.156523920090065,34.102178820202646,60.62609568036026,0.0021731318396737,0.0012387200285261
2.234997863637001,0.0419409922032202,0.019514541097694,196616367245.94104,7654.475055016683,0.0425299982417781,8.22658024508685,13.024986310890885,0.65,2.0,0.002,4,8.978121947654026,35.912487790616105,80.80309752888624,143.64995116246442,0.0008522994766662,0.0003281641785277
1.7876695123700446,0.0799828910637735,0.0083753544452697,191220968216.5796,7776.842517822291,0.0170921816906298,6.950734327226491,6.279606067055804,0.65,2.0,0.002,4,5.892832360832025,23.5713294433281,53.035491247488224,94.2853177733124,0.0117675956432536,0.0066445465797539
2.680114017043804,0.0752217416776882,0.006526526887697,217588809920.912,7627.048003051718,0.0263325297167516,8.418485104215337,0.7186342916662651,0.65,2.0,0.002,4,2.200619129472155,8.80247651788862,19.805572165249394,35.20990607155448,0.0192153905309327,0.011018114105027
1.826288044375568,0.074171662240287,0.0093351241864441,186107245685.1415,7723.999899867794,0.0391690254695806,8.612554696052433,2.529288633251258,0.65,2.0,0.002,4,6.229759956376345,24.91903982550538,56.06783960738711,99.67615930202152,0.0018545627774672,0.0010149615296901
2.526038593553496,0.0782120943541906,0.0185885332822666,218828406447.8485,7820.129402279055,0.0085170262948424,8.512913058269858,9.118291726124376,0.65,2.0,0.002,4,6.987781125952867,27.951124503811467,62.890030133575806,111.80449801524588,0.0013666036716766,0.0006014276712611
1.9637856623388896,0.0789035788490671,0.0060803114530487,191053568853.44992,7766.68450816343,0.0312215679661247,5.504704439000784,4.334361565634593,0.65,2.0,0.002,4,3.545901401867217,14.18360560746887,31.913112616804963,56.73442242987548,0.0120865547139595,0.0058245933119312
2.889937350846963,0.066490802339901,0.016112008536748,192180639059.8408,7795.270469269743,0.0430035576029604,8.813541130619098,6.42396042507026,0.65,2.0,0.002,4,4.343514779916612,17.37405911966645,39.09163301924952,69.4962364786658,0.0027718829241973,0.0011474284023895
2.3922196244106635,0.0335956324546626,0.0088973258478357,191924612308.25024,7896.425090731188,0.0244523608032693,9.5990877795678,0.946641214613877,0.65,2.0,0.002,4,3.4756555411196484,13.902622164478592,31.28089987007684,55.61048865791437,0.0126322181577873,0.0076190236426847
1.8412580773163316,0.0412102594053328,0.0147506602173812,199841869770.38892,7756.019119084641,0.0338072781884083,3.56565869601995,2.6221989532734065,0.65,2.0,0.002,4,10.01463648585554,40.05854594342216,90.13172837269988,160.23418377368864,0.0002737687276111,0.0001648350973661
2.0726772727746856,0.0230356647739461,0.0094843664632688,219515766942.49493,7864.876995651231,0.0238520374437795,2.301394719110485,8.152108180720376,0.65,2.0,0.002,4,5.2888481964731655,21.155392785892666,47.59963376825849,84.62157114357065,0.0023059539937075,0.000930222950527
2.49750239548912,0.0312035541211659,0.019889776917493,186460877270.8125,7839.751187088859,0.0468023196142102,8.341823486480589,9.633952950528489,0.65,2.0,0.002,4,7.051638838018104,28.206555352072417,63.46474954216295,112.82622140828968,0.0021891824361914,0.0008835089024351
2.1599975991779354,0.0267306413005686,0.0184397346894652,192087707683.57257,7662.498926708551,0.0491834480738181,1.1187990704158035,2.7588122908950616,0.65,2.0,0.002,4,8.973088659194604,35.892354636778414,80.75779793275143,143.56941854711366,0.0001441605644266,8.261941361113966e-05
2.876659107000176,0.0586771104035852,0.0153997039745778,185309935574.80377,7677.066675436803,0.0454401995219196,6.379660356405476,6.871261334338192,0.65,2.0,0.002,4,4.145878051758622,16.583512207034488,37.3129024658276,66.33404882813795,0.0020534064423526,0.0007777893827749
2.7296336537954438,0.062433436037624,0.0193340275917894,200096766302.42896,7955.076532087101,0.0293179382283842,5.176612940601786,2.1852089459381494,0.65,2.0,0.002,4,5.90120516911022,23.60482067644088,53.11084652199198,94.41928270576352,0.0006761445392584,0.0003726485634982
2.105213923500432,0.0291247356609171,0.0160883133532863,186289140104.80212,7888.151375539319,0.0413689198725227,5.797738536767858,5.503268265763818,0.65,2.0,0.002,4,7.999327065194516,31.997308260778063,71.99394358675065,127.98923304311226,0.001876037266749,0.0009627126691296
1.7006524790291495,0.0677596456811782,0.0170249255452542,217745561125.5062,7935.468755329103,0.031726447701888,9.393670542293387,18.259928685930547,0.65,2.0,0.002,4,13.98207684092174,55.92830736368696,125.83869156829566,223.71322945474785,0.0004061554824018,0.000160901593356
2.639316439070326,0.0219289637060336,0.0108995282554896,214829334932.7145,7875.500885103967,0.0289733192302045,3.9398538483179433,6.159250885355996,0.65,2.0,0.002,4,3.705627235246829,14.822508940987316,33.35064511722146,59.29003576394926,0.0060841703248086,0.0024624075101012
2.697665879577891,0.0276536018678108,0.0089367512295865,219743595830.90332,7676.083453617701,0.0095513984503855,6.420212488996103,2.7041503720714983,0.65,2.0,0.002,4,2.979345536488894,11.917382145955576,26.81410982840005,47.66952858382231,0.1027089847979875,0.0559513679016878
2.351379017248405,0.0454208549556976,0.0122283600137173,185612820718.2342,7808.602433079311,0.0444675515976044,4.658453824487921,9.233559279043298,0.65,2.0,0.002,4,4.889557108355917,19.55822843342367,44.00601397520325,78.23291373369467,0.0012028376258345,0.000457149191112
1.0536177608546198,0.0686462737111008,0.0185743268228212,200979699935.7105,7748.685627468788,0.0366060465609475,0.3216446339853133,70.24957224462682,0.65,2.0,0.002,4,38.64010047546868,154.5604019018747,347.7609042792181,618.2416076074988,6.689656051813918e-07,2.007992378588397e-07
2.5238197971621705,0.0489552542233742,0.0127522096003438,215582910671.42505,7643.687861259843,0.0319731730780132,2.8933813366277383,1.2828223672142298,0.65,2.0,0.002,4,4.821183978415336,19.284735913661343,43.39065580573803,77.13894365464537,0.000958170720139,0.0005682007021732
1.827484649971314,0.0482109363921809,0.009354638850615,197594132023.66577,7874.236892975165,0.0067973866288911,7.970771332231933,4.513362601389335,0.65,2.0,0.002,4,6.362555556415414,25.45022222566165,57.263000007738725,101.80088890264662,0.0053118526001519,0.0026121826960378
2.0399790669321645,0.0761625973613791,0.019766370323475,193028446578.08084,7912.763639008557,0.0256414350785541,4.040296931542421,16.645459162654834,0.65,2.0,0.002,4,10.637787752204195,42.55115100881678,95.74008976983777,170.20460403526712,0.0001387189566386,4.8934248559482434e-05
1.2158533047168558,0.0380853382194102,0.0128252582324115,198044611021.2763,7602.049077525901,0.0470795000948763,9.0499939038598,37.402573651319926,0.65,2.0,0.002,4,20.07932889051496,80.31731556205983,180.7139600146346,321.26926224823933,0.0001676771807159,5.319969235817359e-05
1.1280733782250796,0.0665558539562689,0.0128335916911167,211980607464.0215,7771.728000565624,0.0118894268322373,3.065797898314705,14.830237185642543,0.65,2.0,0.002,4,23.883173917103864,95.53269566841546,214.9485652539348,382.1307826736618,5.8954393299569526e-05,2.7425132383519626e-05
2.289210679668667,0.0246359618152192,0.0071327901952254,216007435804.19385,7953.7992592418,0.0478324601913861,4.335724576550405,5.182546633560867,0.65,2.0,0.002,4,3.2163567603633094,12.865427041453238,28.94721084326979,51.46170816581295,0.0122241425706489,0.0049038931286183
1.6781190260331975,0.0346573327098735,0.01743682378008,191017443716.07684,7726.918436753743,0.0292004351557913,5.519253059562692,23.170091211869323,0.65,2.0,0.002,4,13.959969206011785,55.83987682404713,125.63972285410604,223.35950729618853,0.0002422966596968,7.908868962014931e-05
1.7605178341256449,0.071859774789316,0.0054734832587705,193889211609.1884,7942.027391207934,0.0455589302663447,7.588598008081786,5.562039022679008,0.65,2.0,0.002,4,3.956610712114615,15.82644284845846,35.609496409031536,63.30577139383384,0.009008153522235,0.0037938098247661
1.627817630144385,0.0766931838283127,0.010155332469425,208603727647.4197,7953.097179048635,0.0126851942866262,2.135822684848483,11.08733500560158,0.65,2.0,0.002,4,8.900303007446865,35.60121202978746,80.10272706702179,142.40484811914985,0.0004619171673919,0.0001955515494186
2.9035633354449564,0.0423721672260509,0.0179745155030474,198701680361.79025,7939.452787188376,0.0455309720337628,4.683348269140519,2.5169159393391065,0.65,2.0,0.002,4,4.836479197631453,19.345916790525813,43.52831277868308,77.38366716210325,0.001622151857901,0.0009377082326692
1.3752185855300672,0.0556563616580947,0.018172211369833,194978557457.95752,7640.442466374234,0.0414933306007964,4.869459158485499,26.76258349702661,0.65,2.0,0.002,4,22.010390068175507,88.04156027270203,198.0935106135796,352.1662410908081,0.0001276148929993,5.558165986400068e-05
2.5428196738593902,0.0503511400400664,0.0130866758713574,200824840808.73297,7921.471416159675,0.0463358498322643,3.2632250941856853,6.263532051008746,0.65,2.0,0.002,4,4.620971182370326,18.483884729481304,41.58874064133294,73.93553891792521,0.0019097644867815,0.0008058254025489
2.9982490189386564,0.0504075708243668,0.0146505948835401,211743577462.4719,7654.633273786701,0.006975964399113,9.732599601696965,5.900418683720016,0.65,2.0,0.002,4,3.88679863633296,15.547194545331838,34.98118772699663,62.18877818132735,0.0059549764907128,0.0028920419073594
1.3883744016908512,0.0529809273270046,0.0138200589973242,196114110889.3624,7871.846649811039,0.0244999802609777,8.786310367779292,26.36790407801647,0.65,2.0,0.002,4,16.227143051229916,64.90857220491966,146.04428746106925,259.63428881967866,0.0002464777387271,8.058498000493036e-05
2.799010872469037,0.0632850969140231,0.0053442956146752,200348857022.4796,7894.566777788463,0.0276873362555572,5.954365450670098,2.8685253862433275,0.65,2.0,0.002,4,1.55825970030329,6.23303880121316,14.024337302729611,24.93215520485264,0.0278505603433802,0.0137398741947647
2.212598796385431,0.0763283212524223,0.0101696132976742,202280071275.258,7718.519852181394,0.0126409988197718,2.032336745204691,1.4673784960615095,0.65,2.0,0.002,4,4.822118578429969,19.28847431371988,43.39906720586973,77.15389725487951,0.0005906381760494,0.0003377761759719
1.7231901715293454,0.0500443546568378,0.0093884963246608,214820010874.87943,7839.682642676011,0.0298073253261153,9.449138516189327,10.483470786240597,0.65,2.0,0.002,4,7.504936166963699,30.019744667854795,67.54442550267329,120.07897867141918,0.002887181804457,0.0011237943591499
1.619759696668516,0.0230592031795204,0.0171388994525716,204880396827.7367,7705.218259130198,0.0444835243922715,9.210997361380434,27.44684260951145,0.65,2.0,0.002,4,15.274561051166458,61.09824420466583,137.47104946049814,244.39297681866333,0.000403096322697,0.0001287396320263
1.431004025114817,0.0236318364520021,0.0124952457683917,196544204562.7534,7612.89162132627,0.0374573186166049,6.479076128054105,4.679379351456412,0.65,2.0,0.002,4,14.058780283300845,56.23512113320337,126.5290225497076,224.94048453281349,0.0006018989537282,0.0003354386591803
1.902170592316953,0.0331929582069885,0.0129720839279836,203129605398.5865,7735.134694452309,0.0172453235287391,1.595153505651374,3.758730959654607,0.65,2.0,0.002,4,8.330915886879843,33.323663547519374,74.97824298191858,133.2946541900775,0.0003317819984941,0.0001802633825545
1.6794718954980608,0.0242746686419954,0.012129584268254,210150827185.75824,7714.048960166076,0.020077109487731,8.472424066405024,11.56330176575069,0.65,2.0,0.002,4,10.177803107254864,40.71121242901946,91.60022796529378,162.84484971607785,0.0060810642987437,0.0027680233627171
1.528734279739147,0.0341733819534907,0.0168292879681899,190051919866.09232,7660.385856422264,0.0433321702761654,3.891120814681608,8.640719159278024,0.65,2.0,0.002,4,16.264540384605397,65.05816153842159,146.38086346144857,260.23264615368635,0.0001718580341867,9.500218180137718e-05
2.92068412778252,0.0777307154298948,0.0052851633200634,200630882296.9484,7680.052446239896,0.0326877901909649,9.463785393657773,2.553055047066497,0.65,2.0,0.002,4,1.4359366615205928,5.743746646082371,12.923429953685336,22.97498658432949,0.0481443776049312,0.0225389304016591
2.1634876277836623,0.041110521121445,0.0165653138242856,199197816862.88147,7688.745632562101,0.023107404207074,4.631396728675456,9.06378104011376,0.65,2.0,0.002,4,8.168355495805603,32.67342198322241,73.51519946225042,130.69368793288965,0.0025587452868479,0.0012640142198935
1.7792385803143045,0.0480206948730616,0.0186436387649412,216280081056.9364,7915.232853351387,0.006350699358871,9.073129057024106,7.534251056702708,0.65,2.0,0.002,4,13.959439261973849,55.837757047895394,125.63495335776464,223.3510281915816,0.0003920489209673,0.0001988337755598
1.896724321649524,0.0678848262571619,0.0179954444441311,189493420589.8549,7838.384716333529,0.0120695856232304,9.58694104390534,7.293290241240319,0.65,2.0,0.002,4,11.152370394001482,44.609481576005926,100.37133354601332,178.4379263040237,0.000623305402748,0.0003021620185983
2.747900128868116,0.0248788644812689,0.012658298108819,204892652632.452,7940.812549224764,0.0169475276301322,1.4845540036969636,4.922685939152715,0.65,2.0,0.002,4,3.8612987536195793,15.445195014478315,34.75168878257621,61.78078005791327,0.0037518598384708,0.0016995632613248
2.913367694718791,0.0719287126361567,0.0197878245221567,210647545344.10077,7942.79770058125,0.0317568937808896,8.686112403627673,2.1815813216606927,0.65,2.0,0.002,4,5.444125832471213,21.776503329884854,48.99713249224092,87.10601331953941,0.001163905177476,0.0006432053402929
2.075062746400424,0.0313241583571932,0.0114661398257015,216776228401.0606,7701.029099969851,0.033571349475549,2.099697581079867,8.313767025632083,0.65,2.0,0.002,4,6.406420867926353,25.62568347170541,57.65778781133717,102.50273388682164,0.0014630609100059,0.000622380941703
1.139492821372166,0.0272792535864862,0.0138291035580476,183452450960.3509,7852.466144659027,0.0373768584689776,4.2048314141246586,36.44415193466921,0.65,2.0,0.002,4,23.34311548500536,93.37246194002142,210.0880393650482,373.4898477600857,0.0001157834020721,3.871847638294869e-05
1.7799593356690595,0.0314213660148477,0.0170397490466747,195180823397.108,7954.878504374592,0.020960072282592,8.413162112323619,14.255110604341851,0.65,2.0,0.002,4,12.080198884604776,48.3207955384191,108.72178996144297,193.2831821536764,0.0017920107629904,0.0007633317206529
2.1074246845765847,0.0761130413842656,0.0124863891782227,198501788692.50827,7789.752862590955,0.0164350369960184,6.173683352467355,6.487706153453365,0.65,2.0,0.002,4,6.435501088658292,25.742004354633167,57.91950979792463,102.96801741853268,0.0125030260220106,0.006051648015484
2.316064620768226,0.0456159115859801,0.0159750917520168,183673920643.2012,7931.9946595939555,0.0141884887838901,9.445081334294754,3.119099009819392,0.65,2.0,0.002,4,6.498360670346965,25.99344268138786,58.48524603312269,103.97377072555145,0.0019023514368007,0.0010686865643635
2.8148303731873465,0.025729004717553,0.0156800154024807,209114948520.90408,7966.130611075984,0.0283361266558109,3.284061148370535,7.769796595734783,0.65,2.0,0.002,4,4.59769449425993,18.39077797703972,41.37925044833937,73.56311190815887,0.0018550764518777,0.0007126713110654
2.475656357739574,0.0747195902786334,0.0187883902357936,186283500695.5004,7681.638639048351,0.0389718252855409,6.346997870829779,12.521545085706087,0.65,2.0,0.002,4,6.845392634522717,27.38157053809087,61.60853371070446,109.52628215236348,0.0003764017160447,0.0001328272025639
1.3942996868125035,0.0605690257950624,0.0171447933679809,183465608963.60907,7745.495144125531,0.0157432340252982,9.652276785395877,27.80130460859664,0.65,2.0,0.002,4,19.462650775654367,77.85060310261747,175.16385698088934,311.4024124104699,0.0001956493713878,6.949733157355589e-05
1.1200723581713916,0.0447711639395887,0.0131789937565504,219640700573.1779,7980.642522769625,0.0100495210986493,9.794734801680251,38.9413648623977,0.65,2.0,0.002,4,24.98945751303343,99.95783005213372,224.90511761730085,399.83132020853486,0.0001611042699077,5.577882748944325e-05
2.478189493155194,0.0783098892623323,0.0188507418546647,213108994230.9522,7941.196323751938,0.0227269543799909,7.342665627614948,10.098766838794596,0.65,2.0,0.002,4,7.210188198965517,28.84075279586207,64.89169379068966,115.36301118344828,0.0007809438431685,0.0003083042325392
1.214741006448435,0.0214111753562276,0.0057703561601226,183614736016.29797,7857.41563106458,0.0473385429406059,1.4197040969001429,6.101481458429791,0.65,2.0,0.002,4,8.571925581669856,34.28770232667942,77.1473302350287,137.1508093067177,0.0016297187802331,0.0008260005788502
2.9709882515511694,0.030937120939437,0.0069100015925997,209158880240.023,7910.974064006985,0.0352523096453597,7.78433870472326,2.6442761969402864,0.65,2.0,0.002,4,1.8252766845709956,7.301106738283981,16.42749016113896,29.20442695313593,0.0749423490990478,0.0370125780988871
1.5592392347520323,0.0379135955075129,0.014189645630271,202432671739.39352,7762.760556577967,0.0334542332325323,6.463663451117908,3.0218568872430507,0.65,2.0,0.002,4,13.51473403275474,54.05893613101896,121.63260629479264,216.23574452407584,0.0002829477626535,0.0001807780454231
1.081482513409225,0.0522133839665765,0.0139362064313583,215665271258.098,7800.439226298593,0.0120819840205158,1.8825633221111544,13.85711392756681,0.65,2.0,0.002,4,28.40961841814009,113.63847367256037,255.68656576326083,454.5538946902415,2.0040423359135812e-05,1.1090499653124848e-05
1.2285602355536147,0.0603713647714486,0.0061605048901568,201649815802.37195,7829.621127343095,0.0058042171950381,3.83391548990931,2.3608531623668707,0.65,2.0,0.002,4,9.392499763723098,37.56999905489239,84.53249787350788,150.27999621956957,0.0005422323428115,0.0003278212351144
1.41778017736133,0.0383920850539264,0.0168068588391121,187460588899.3588,7678.476019867374,0.0235281092276507,3.243688445223622,25.545932419282742,0.65,2.0,0.002,4,18.733351363250375,74.93340545300151,168.60016226925342,299.73362181200605,0.0001310717074298,4.74802460656573e-05
1.7225488021025623,0.0434280496537918,0.0158209999081303,195136175590.242,7976.43365018349,0.0405346304193602,0.3737055483681817,20.01157520819663,0.65,2.0,0.002,4,11.958718095121268,47.834872380485066,107.62846285609142,191.3394895219403,1.812185072319849e-05,5.951331389404934e-06
1.4198686261871891,0.0617624576854455,0.0088571305571179,215675528073.67267,7862.867903369668,0.0424527568209864,6.190376429468822,18.40420596649348,0.65,2.0,0.002,4,10.433641724630258,41.73456689852103,93.90277552167232,166.93826759408412,0.0004351800512718,0.0001437656688096
2.350316891558081,0.046076108197495,0.0127504136131936,181544064188.04224,7844.606870725717,0.0436871982515117,0.1276569027586908,2.4567974551686667,0.65,2.0,0.002,4,5.035077021607368,20.14030808642947,45.31569319446631,80.56123234571788,5.103115069696192e-05,2.981254350535577e-05
2.8444403067243966,0.035696180571777,0.0075259897551897,206591050120.0893,7796.352415184279,0.0071264307114165,7.899292578547249,3.2299848386787047,0.65,2.0,0.002,4,2.171247088586781,8.684988354347125,19.54122379728103,34.7399534173885,0.0439401016382864,0.0220393747051471
1.4377132175892644,0.0689633610051698,0.0179085487894156,186707980787.11124,7603.00281312,0.0201258485838218,7.99535727323945,33.30123591840172,0.65,2.0,0.002,4,19.46856686403152,77.87426745612608,175.2171017762837,311.4970698245043,8.539919350029749e-05,2.698630571385104e-05
2.12238353406963,0.0209928448111016,0.0186844584047849,189579593117.26413,7635.400879138074,0.0348912595813073,2.018016566242697,11.354265450527098,0.65,2.0,0.002,4,9.372207689910873,37.48883075964349,84.34986920919783,149.95532303857394,0.0008053383896353,0.0003542269026548
2.923394493637336,0.0301792471652855,0.0053011044893693,213226522518.50616,7823.458447882926,0.0388027510861816,3.3835439961775737,0.7126628704131223,0.65,2.0,0.002,4,1.4683919377778063,5.873567751111226,13.21552744000026,23.494271004444904,0.0588652940362618,0.036014128692362
2.9233763646915145,0.0710591861840933,0.0184125583978584,183032036022.28485,7811.857384251176,0.0160998107276381,5.494747248711689,6.960246534695852,0.65,2.0,0.002,4,4.728902183832428,18.915608735329712,42.56011965449186,75.66243494131885,0.0013272729666621,0.0005864797848873
2.4300404693925017,0.0694687813242018,0.0198045425467587,206138853196.4229,7700.906241184175,0.0095625518994429,5.93850449110706,12.48970671779469,0.65,2.0,0.002,4,7.868212247087021,31.472848988348083,70.81391022378318,125.89139595339232,0.0004262977745913,0.0001756324819888
2.653579763847489,0.0756502915775029,0.0139609179361076,206757906359.6632,7621.030396129222,0.0475483950959857,3.985598869222944,8.724104043857878,0.65,2.0,0.002,4,4.682773490173772,18.731093960695087,42.14496141156396,74.92437584278035,0.0006255043041422,0.0002356120611881
2.7473908009389167,0.0640607444948836,0.0114844163898834,194321049980.50165,7926.355298999034,0.0390677134341096,4.05010057443807,2.7822439596852067,0.65,2.0,0.002,4,3.4160204438239465,13.664081775295786,30.74418399441552,54.656327101183145,0.0070598709897785,0.0037024963163436
1.2650841619028272,0.0696352757354441,0.0137036032511441,210976688182.7733,7852.364803109061,0.0446978781648026,6.420828524870932,22.939314542612117,0.65,2.0,0.002,4,20.125292195860425,80.5011687834417,181.12762976274385,322.0046751337668,0.0002794762246171,0.0001388622449642
2.1139486648297643,0.0783147891946798,0.0128145298735736,181644306446.65305,7825.078066612879,0.0399653105011113,9.850858014706764,2.441177025161977,0.65,2.0,0.002,4,6.264834662297423,25.05933864918969,56.383511960676806,100.23735459675876,0.0014067402819651,0.0007792214516384
2.247600722850944,0.0574437860744402,0.0068589761982952,207958614145.69547,7712.010564348189,0.028366399840379,9.551753777628488,5.6496025296528005,0.65,2.0,0.002,4,3.1970900802520967,12.788360321008389,28.773810722268877,51.15344128403355,0.0104790393556282,0.0044103077258421
1.252839779098692,0.0361548604979144,0.0143888605918,203407355605.66925,7917.358448874846,0.0333073793791512,5.800865651490335,21.350582769212306,0.65,2.0,0.002,4,21.06967144920985,84.2786857968394,189.62704304288863,337.1147431873576,0.0012597393213925,0.0008260613728712
1.6080062310467125,0.0428621328139274,0.0198400863108769,204751849093.50424,7817.912095128256,0.0066163046602742,8.493646000930553,6.247224887463091,0.65,2.0,0.002,4,17.805980004201587,71.22392001680635,160.2538200378143,284.8956800672254,0.0001765063993065,9.50872826590194e-05
1.4523877499292883,0.074033272493416,0.0099108430742588,194208718944.7657,7639.900250096824,0.007969210082682,2.271936777483393,4.7497123314371965,0.65,2.0,0.002,4,10.741507026348058,42.96602810539223,96.67356323713253,171.86411242156893,0.0001717148825832,9.21283874326504e-05
1.1791391789231325,0.0580286749135523,0.010483485727236,194136282105.4775,7763.287436182602,0.0278655496622802,6.231327059154932,7.925479542660328,0.65,2.0,0.002,4,17.097607526394725,68.3904301055789,153.8784677375525,273.5617204223156,0.0002127372255903,0.0001179320464403
2.066776001669895,0.0617370616972486,0.0079323994241771,197454357897.30252,7777.861988116559,0.0147190617085758,5.693989517896097,1.963066250506552,0.65,2.0,0.002,4,4.242777464387261,16.971109857549045,38.18499717948535,67.88443943019618,0.0041051953117952,0.0022808769294747
2.419116807896442,0.0481043191769404,0.0183872650581448,189197920712.7453,7668.15660366345,0.0339261693950111,9.722743992747526,4.565062744998687,0.65,2.0,0.002,4,7.076938238902127,28.307752955608507,63.69244415011914,113.23101182243404,0.002052860361316,0.0010195570725235
1.005569329253083,0.0275778323877647,0.0102865943002078,199274172701.3605,7972.850914902981,0.0419887493557864,8.035993036822632,27.01098909286724,0.65,2.0,0.002,4,23.061922826152813,92.24769130461124,207.5573054353753,368.990765218445,0.0007800468918125,0.0003609851401799
1.9159220203323617,0.0227348392200526,0.01145339789519,205642574524.6081,7818.420898430173,0.0083877694825229,6.713754258298813,5.485291460645361,0.65,2.0,0.002,4,7.25612803871853,29.02451215487412,65.30515234846676,116.09804861949648,0.0068981563148401,0.0033825306493915
2.227903445993032,0.0466537408004559,0.0166461727248717,212420289918.2743,7806.843029487539,0.0115982617688643,3.797629926924624,13.57959914166433,0.65,2.0,0.002,4,7.932520355925075,31.7300814237003,71.39268320332569,126.9203256948012,0.0003872262520606,0.0001528360764201
2.573511744312474,0.0560570746609859,0.0130221694671175,200557543463.18277,7941.364457112972,0.0324892755006551,5.423289252031963,1.29016732285626,0.65,2.0,0.002,4,4.480559249771535,17.92223699908614,40.32503324794382,71.68894799634457,0.0017921937699536,0.0010275731492605
1.131044173907962,0.0671250034151505,0.0092475580420022,212969175460.95825,7767.795170711704,0.0069313366311348,9.642756180146677,27.54727618919174,0.65,2.0,0.002,4,17.163532550875956,68.65413020350383,154.47179295788362,274.6165208140153,0.0003128953194843,0.0001181880421409
2.6484303042856907,0.0362640991604313,0.0122678738029797,192325998061.5676,7962.65686365599,0.0222268546192826,4.020926014581221,7.177437502659818,0.65,2.0,0.002,4,3.897727323908165,15.59090929563266,35.07954591517349,62.363637182530645,0.0022969834389377,0.0009850110944304
1.4175264055127157,0.0400227230036501,0.0112261451735159,180544960052.0916,7804.169179059058,0.0497640453430354,4.141851630804462,8.453213997206005,0.65,2.0,0.002,4,12.185039458142729,48.74015783257091,109.66535512328454,194.96063133028363,0.0006044653883893,0.0003132851011462
2.9591413611731854,0.0681215528164156,0.0166921631115699,205699331039.8219,7911.598541831252,0.0110548493785916,5.407073555881609,4.961115093727119,0.65,2.0,0.002,4,4.407524833904141,17.630099335616563,39.66772350513727,70.52039734246625,0.006168833324611,0.0029695627275223
1.1671240642969565,0.0434165685063405,0.0088653063690949,186797623654.4427,7981.28150980346,0.013793881478478,9.597854795920789,22.40796292368667,0.65,2.0,0.002,4,14.27704453734732,57.10817814938928,128.4934008361259,228.43271259755716,0.0007305958819132,0.0002600647732222
1.5662908695722928,0.0767256603743579,0.0073328825734754,214939107995.6674,7908.187182246075,0.0220332884115299,8.878558026043061,13.14906916612711,0.65,2.0,0.002,4,7.06607760359421,28.26431041437684,63.5946984323479,113.05724165750736,0.0011910672056271,0.0004501573542332
1.905943984482742,0.0409071564619523,0.0184006763189318,198141123747.48917,7622.091875843788,0.0335534630407546,6.614223022019512,15.720469651911442,0.65,2.0,0.002,4,11.71097343391805,46.8438937356722,105.39876090526244,187.3755749426888,0.000595943894268,0.0002299345056897
1.727376607348076,0.0722384356056858,0.0180905376635803,194723594940.155,7923.9927107846115,0.0356511594721762,4.323012593671752,11.145629875133436,0.65,2.0,0.002,4,13.628370018215872,54.51348007286349,122.65533016394286,218.05392029145395,0.000276253220916,0.0001387167625348
1.1132304092635303,0.0240160415396614,0.0172946326199184,189474084870.33344,7731.535273855497,0.0324478750383041,5.881147744767859,29.41415720071053,0.65,2.0,0.002,4,31.32654584964977,125.30618339859907,281.93891264684794,501.2247335943964,0.0004833440444168,0.0002847729800214
2.788212085909903,0.0545415088284114,0.0144423553593353,201312450613.91412,7748.494287508646,0.0382171863216766,1.2013283089567213,7.7684617424624305,0.65,2.0,0.002,4,4.293805117062002,17.175220468248007,38.64424605355802,68.70088187299203,0.00033105914566,0.0001272054644204
1.3627047172006206,0.0699698103451717,0.0119268320602784,201754246076.04172,7988.561501417386,0.0345481514383684,5.926775135745296,3.368854463138076,0.65,2.0,0.002,4,14.636184981604671,58.54473992641869,131.72566483444206,234.1789597056748,0.0001400354047337,8.903718678066679e-05
1.428690873895566,0.0625647749036794,0.0146613028600496,195893355368.26163,7601.76036876142,0.0250961517579284,0.1599753595894921,5.53884643812588,0.65,2.0,0.002,4,16.53400417436014,66.13601669744055,148.80603756924123,264.5440667897622,3.521290516937805e-06,1.92287408066105e-06
2.0150092312200774,0.0693586794101113,0.0069389891884309,190723151296.38815,7978.618577817603,0.022259835362031,6.519220671638391,7.414917510335662,0.65,2.0,0.002,4,3.7888659452588898,15.15546378103556,34.099793507330006,60.62185512414224,0.0029889895845251,0.0013600281739365
1.1880338159417274,0.0404665546638541,0.0152120345778748,217727766590.5852,7635.809323516417,0.0277741104773915,3.787419299368618,23.93027124315706,0.65,2.0,0.002,4,26.09686412133507,104.38745648534028,234.8717770920157,417.5498259413611,0.0002712988809489,0.0001456340885994
2.503882764050232,0.0397749995137595,0.0122812248613338,214516358989.06076,7974.5532948423825,0.049889750470468,7.370849475657618,6.981980229924549,0.65,2.0,0.002,4,4.6070187729288365,18.428075091715343,41.46316895635953,73.71230036686138,0.0041268663328614,0.0016416795214493
1.8104943217331968,0.0495459512048026,0.0128269858554321,195883796443.67065,7833.851124598031,0.0372533592142783,5.111219653080984,11.396317271546527,0.65,2.0,0.002,4,8.873013351262157,35.49205340504863,79.85712016135942,141.96821362019452,0.0010582272478919,0.0004408665593697
1.539935179433241,0.0455826371440866,0.0086979770468366,185705504714.1294,7751.719557620748,0.0481652775053822,4.246924058373224,11.639453707328313,0.65,2.0,0.002,4,8.14059207655442,32.56236830621768,73.2653286889898,130.2494732248707,0.0011260708759825,0.0004417910036462
1.0298738884564649,0.0499681701167265,0.0143565435148987,206348248350.99792,7732.855786020526,0.0262077057632097,6.399475005959487,30.784940522618427,0.65,2.0,0.002,4,31.70600247881537,126.82400991526148,285.35402230933835,507.29603966104594,0.0004650824021586,0.0002979153332688
2.476747449993929,0.0535012644223739,0.0105071807181098,200574107203.08005,7698.090222626138,0.0083362399381194,4.183624188105034,1.2090652559404536,0.65,2.0,0.002,4,3.964586907195135,15.85834762878054,35.68128216475622,63.43339051512216,0.0025050427688652,0.0014418337559092
2.174836951537801,0.0544798993597369,0.0073812933801934,219945980476.59177,7636.997315323531,0.0452886569831421,4.966004901942837,2.2818377392004563,0.65,2.0,0.002,4,3.797563203700659,15.190252814802635,34.178068833305936,60.76101125921054,0.0071273251696027,0.0036594069348505
1.8610131512068169,0.0790221023672599,0.0125092254780293,188510061116.55652,7916.502200079323,0.0467934059895053,2.6974935030459504,1.695107326082174,0.65,2.0,0.002,4,7.992108829706879,31.96843531882752,71.92897946736191,127.87374127531008,0.0001686803485409,0.0001162150339786
2.8180879012808973,0.0708166977824781,0.0076822925538057,215402561120.81848,7677.025633812741,0.0270677636234156,2.040438697976421,2.0809889936061823,0.65,2.0,0.002,4,2.323485469894127,9.293941879576508,20.911369229047143,37.17576751830603,0.0180189831896493,0.0095062899385754
2.9545967234806825,0.0762983971737377,0.0137637244043786,207440851743.2245,7763.80272959473,0.0449810233938071,5.572807369473544,2.904671580538972,0.65,2.0,0.002,4,3.6955467089649607,14.782186835859845,33.25992038068465,59.12874734343937,0.0052181319789154,0.0027642881733903
1.5098033930830983,0.0528342947031497,0.0154445127684586,186369112900.3359,7725.804592385575,0.0372254451912525,1.6048197327783953,26.097093074912426,0.65,2.0,0.002,4,15.08960186785298,60.35840747141192,135.80641681067684,241.4336298856477,3.940635611663063e-05,1.2541611411858824e-05
1.4591078589403568,0.0522518168961502,0.0167274072841774,196761931377.1688,7753.341119834384,0.0342732269088732,1.656813252414108,15.890020690553712,0.65,2.0,0.002,4,17.947715829864972,71.79086331945989,161.52944246878474,287.16345327783955,0.0001318886828198,6.96725097736418e-05
1.0633003614297478,0.0751317347193871,0.0157530311659951,205004402578.73883,7812.997123764733,0.0306299316297578,6.423034775725889,54.62436911192631,0.65,2.0,0.002,4,32.36340625624364,129.45362502497454,291.2706563061927,517.8145000998982,2.481888237438505e-05,7.690811114662519e-06
2.2200117996740274,0.0345001158294759,0.0068657195299029,190334312400.19257,7931.165599231762,0.0461300588717081,9.620796576315389,2.3057182042949145,0.65,2.0,0.002,4,3.094530599262942,12.378122397051769,27.85077539336648,49.51248958820708,0.0485800500431841,0.0253335826406716
1.2157337112854305,0.0687045855771043,0.0186928078374393,219376355629.5262,7699.187064076334,0.0093038087617192,1.1993143322067756,50.44133800189852,0.65,2.0,0.002,4,30.612538858493423,122.45015543397368,275.51284972644083,489.8006217358948,5.524493370180744e-06,1.8021951538932123e-06
2.837006725862058,0.0346726737248875,0.0190976070348154,188172354410.01328,7628.277952889345,0.0136715444324635,8.167675325203929,7.586098917200176,0.65,2.0,0.002,4,5.343823811616109,21.37529524646444,48.09441430454498,85.50118098585774,0.0036373360562438,0.0015637770621448
1.0456231446276527,0.0323477204939013,0.0174143246702801,186128527504.688,7714.111713979341,0.0333080910563079,1.9240038196076696,26.452115325593187,0.65,2.0,0.002,4,35.4771745373031,141.9086981492124,319.29457083572794,567.6347925968496,3.324812645295559e-05,1.6130369669074312e-05
2.916814028355922,0.0322262358765453,0.0059378052421866,194120593172.4928,7653.776788411872,0.0106961884311105,4.133761545059571,1.1977521445452748,0.65,2.0,0.002,4,1.59380663818039,6.375226552721561,14.34425974362351,25.50090621088624,0.1190541618014341,0.0673850206569178
1.220341018242041,0.0283662253015941,0.0156468262553645,188123241580.7864,7739.149586350916,0.0480654106907354,5.85385924669454,38.87516863688335,0.65,2.0,0.002,4,23.48917168627647,93.95668674510588,211.40254517648827,375.82674698042354,0.0001178120380551,3.7671233954638e-05
2.887681020921294,0.0591457058624769,0.0134207483207098,191676781639.08707,7838.610245793327,0.0109060890110625,4.220816545110257,2.5694173173696653,0.65,2.0,0.002,4,3.6088827141568007,14.435530856627205,32.47994442741121,57.74212342650881,0.0049466275169185,0.0024261027170729
2.6728492493385243,0.0417554399876122,0.0156081122746074,185197683374.12308,7927.243223991802,0.0283127039846301,9.705654159039652,4.451588940938243,0.65,2.0,0.002,4,4.788366544362103,19.15346617744841,43.09529889925893,76.61386470979365,0.0207786617499575,0.0121889264627083
2.5661330628861965,0.0577084359923473,0.0115341871920445,186146291535.03983,7802.236908372754,0.0121626182993667,6.089289972380442,2.940413193821912,0.65,2.0,0.002,4,3.879498001815346,15.517992007261384,34.91548201633811,62.071968029045536,0.0084910063885621,0.0043747430610908
1.861825139763344,0.0411195399303385,0.0131600829876399,205144074068.7203,7632.786945093572,0.0383602186363273,1.462030847363582,7.997672113986537,0.65,2.0,0.002,4,8.924790281402247,35.69916112560899,80.32311253262023,142.79664450243595,0.0007953058750311,0.0004416714581678
1.2026030096476483,0.0271013723818957,0.0164479763068706,214533273579.93472,7782.806696374821,0.0076806900156715,0.7603897995619177,34.58841688128519,0.65,2.0,0.002,4,27.075492235246585,108.30196894098634,243.67943011721923,433.20787576394537,2.924248783296976e-05,1.0995111741585212e-05
1.3024793615032588,0.0533136674631666,0.0083031885010555,215182624901.06625,7933.627266754958,0.0107891204581696,5.924915441509516,16.80269075246298,0.65,2.0,0.002,4,11.558464800681016,46.23385920272406,104.02618320612912,184.93543681089625,0.0007498339292581,0.0002950468292774
2.321063932770421,0.0732626652225191,0.0139067934039976,212979370849.57315,7689.076407583714,0.0208764246302536,9.427109511887622,11.056532670122907,0.65,2.0,0.002,4,6.160468373708866,24.641873494835465,55.44421536337981,98.56749397934186,0.0010552221423934,0.0004066766214433
1.1794625554825025,0.0215122968275697,0.008031714502347,210265977096.6646,7996.323906220448,0.0467836778775798,5.091771619823909,15.536316716777376,0.65,2.0,0.002,4,13.424821341791892,53.69928536716757,120.82339207612702,214.79714146867028,0.0024596210989632,0.0012024163529503
1.3777548070106005,0.0541011138269131,0.0067382611706464,182245589926.53055,7795.148704718203,0.0412115029633021,5.360018782585587,5.670218932552846,0.65,2.0,0.002,4,7.783044897117069,31.13217958846828,70.04740407405363,124.5287183538731,0.0027535931149258,0.0013761154364643
1.5603471126186708,0.0276303980465496,0.0062780606894881,185903487632.48425,7615.279320909608,0.0204598244442935,8.245878487109444,6.91409396023416,0.65,2.0,0.002,4,5.777143701433161,23.108574805732644,51.994293312898456,92.43429922293058,0.0231084276089955,0.0103806480413832
2.3846621943652506,0.0572405595181657,0.0174849310097491,213787337897.68225,7852.414109589175,0.0292262622327629,9.148681863217323,11.94743937692085,0.65,2.0,0.002,4,7.274930290582115,29.09972116232846,65.47437261523903,116.39888464931384,0.0009025743775442,0.0003223322147332
1.3536977362141174,0.0447457933770926,0.0145226032852445,209413274267.28952,7697.288318356141,0.0444198802707199,3.857555960039312,12.89677376929492,0.65,2.0,0.002,4,18.744054962840902,74.97621985136362,168.69649466556814,299.9048794054545,0.0001659601723533,8.49401233507647e-05
2.7802650150535952,0.0351616476741022,0.0099025201238586,192217671139.7096,7825.705484710013,0.0235792317004316,1.1687969214495335,5.1945788691791055,0.65,2.0,0.002,4,2.8789724153753222,11.515889661501287,25.9107517383779,46.06355864600516,0.0016843073196613,0.0007544971148849
1.1156322081294945,0.0304945988952848,0.0167264841166265,195262619286.9151,7614.042169691836,0.0125436328570376,4.174820517647584,46.05040649693031,0.65,2.0,0.002,4,30.85984535256946,123.43938141027785,277.7386081731252,493.7575256411114,6.005536165048774e-05,2.071536133331777e-05
2.3369607956688263,0.0425899485518131,0.0097949497296667,213369407393.16168,7862.219004047368,0.0207902879637141,9.150186586346932,4.648959224161788,0.65,2.0,0.002,4,4.23664542879499,16.94658171517996,38.129808859154906,67.78632686071984,0.0337791888369038,0.0187316775631677
2.4310820959036,0.0265319353064814,0.0114394392181342,190247095870.2258,7826.837220054763,0.0225726238590722,2.0945282542980497,0.8996414926818707,0.65,2.0,0.002,4,4.327136611401152,17.30854644560461,38.94422950261036,69.23418578241844,0.0014866656146565,0.0010205049274299
1.956041866186212,0.0757349162944991,0.0150502624528589,207303762280.1555,7794.586712795767,0.0186415286704598,3.2082359831149208,10.184604270201532,0.65,2.0,0.002,4,9.198649711271228,36.79459884508491,82.78784740144106,147.17839538033965,0.0008866663039564,0.000424306220667
2.3900455021352505,0.07614783411162,0.0174659967450748,194869113006.1054,7694.761962191904,0.0104462371574097,8.748877475087077,2.4141031379329005,0.65,2.0,0.002,4,6.977248643829934,27.90899457531973,62.79523779446941,111.63597830127894,0.0007608152612377,0.0004174746995276
2.9040633971064493,0.0291616216099866,0.0153778921095849,200233243862.26105,7812.599732732951,0.0367920373370309,4.938530943430728,5.360353636762618,0.65,2.0,0.002,4,4.185855018253998,16.743420073015994,37.67269516428599,66.97368029206397,0.0066402434131598,0.0029693157905146
1.216616242377988,0.027611524877703,0.0071982023976521,219251060959.7309,7847.064096067998,0.0324630478266732,9.868312195033443,4.186849173532376,0.65,2.0,0.002,4,11.656370397879806,46.625481591519225,104.90733358091826,186.5019263660769,0.0020008219879975,0.0010970659088531
2.832696039076356,0.0488546256980047,0.0099254180750703,201417391593.20013,7939.424195509449,0.0343664303252045,8.063479096676067,3.2739956053265598,0.65,2.0,0.002,4,2.8250887320076545,11.300354928030618,25.425798588068893,45.20141971212247,0.0346024820976925,0.0186191606013923
2.503032101199404,0.029173885105163,0.0084115629170373,184277876153.90768,7891.634116882664,0.0125896312792285,7.174338979191851,5.139765791009499,0.65,2.0,0.002,4,2.941888720583313,11.767554882333252,26.47699848524982,47.07021952933301,0.01573480688183,0.0073115799647208
2.517214758105338,0.0765537020300382,0.0128164222275264,194218428546.66385,7617.821815966872,0.031266926228242,3.862433268535484,8.504761572974926,0.65,2.0,0.002,4,4.631112539146427,18.524450156585708,41.68001285231784,74.09780062634283,0.0007286143838431,0.0002854864750674
1.912332890848272,0.051174162689753,0.0091152962027442,192505096284.6729,7862.235052538437,0.0329807367948487,6.654814899641813,4.916610921890289,0.65,2.0,0.002,4,5.592695240586528,22.37078096234611,50.33425716527875,89.48312384938444,0.0098656724150372,0.0052490275772392
2.5147457330929046,0.0479148401380297,0.0180274923878881,209397023551.108,7989.60566017817,0.0449826695055429,2.6200173966814906,9.173990617461202,0.65,2.0,0.002,4,6.617576870392253,26.47030748156901,59.55819183353029,105.88122992627603,0.0005290075313093,0.0002120419608512
2.828480020672804,0.0443167597310872,0.0086061903106553,181052701447.31564,7798.063171874565,0.0067877754618024,0.1423223732572918,3.0284400304469,0.65,2.0,0.002,4,2.350407145740541,9.401628582962166,21.153664311664876,37.606514331848665,0.0008278800242687,0.0003876445310704
2.4420811093334507,0.0235309122399459,0.013967840498093,212636048618.52377,7627.010925767221,0.0280509336997982,2.6597160636725263,7.812913836875726,0.65,2.0,0.002,4,5.607633417131364,22.430533668525456,50.46870075418229,89.72213467410182,0.0021759498635643,0.0008781932592987
1.558637560689475,0.0468184401395864,0.0144593855646451,200510545229.21512,7905.213173388556,0.0168155470610555,7.051354253296594,22.69783913435201,0.65,2.0,0.002,4,13.592540414164018,54.37016165665607,122.33286372747618,217.4806466266243,0.0002902537897948,9.86839479721117e-05
1.8724930418924357,0.0547409665874106,0.0127625786659032,207238664005.00635,7803.083537413249,0.0473274949175401,4.337478997658693,1.9449099008778064,0.65,2.0,0.002,4,8.50608120861821,34.02432483447284,76.55473087756391,136.09729933789137,0.0003617229031606,0.0002383163001516
2.533696385815912,0.0349700118219964,0.0163923289545279,202695902995.8556,7746.685006516484,0.0087571570107225,8.292344147089555,11.2021919737822,0.65,2.0,0.002,4,5.922775995792303,23.691103983169214,53.304983962130734,94.76441593267684,0.0016013916218156,0.0007305829772774
2.9504108924874703,0.042245614222622,0.0110884677994179,203644509890.4532,7772.170753361139,0.0299884269509766,9.66898075408039,1.8552954334001528,0.65,2.0,0.002,4,2.956657200347198,11.826628801388791,26.609914803124777,47.306515205555165,0.021315918704078,0.0106742063999292
2.4957577151292645,0.0518630805585374,0.0095203419561469,205180849137.7131,7755.579026206554,0.0404071476779862,0.1304922763768999,5.962956793470831,0.65,2.0,0.002,4,3.5648253285097065,14.259301314038826,32.08342795658736,57.0372052561553,0.0001020555166617,4.025033469767232e-05
1.3956476712393886,0.043546524140019,0.0107045058882299,183040874393.97635,7733.627301830791,0.0392806851895698,2.60806738693647,20.120670713184253,0.65,2.0,0.002,4,12.123463530919194,48.493854123676776,109.11117177827276,193.9754164947071,0.0001911560569084,6.309952734989109e-05
2.283023706182841,0.0795182467736593,0.0162186993639482,204129398176.98636,7757.855397529304,0.049459534621556,8.811438183690182,12.138243961272297,0.65,2.0,0.002,4,7.237796578220768,28.95118631288307,65.14016920398691,115.80474525153228,0.000619953966098,0.0002152626828546
1.1024488901092846,0.0636015089778826,0.0132854650459029,217093594160.06915,7923.179986411877,0.0307003645407961,0.5262900543589502,40.30520037604296,0.65,2.0,0.002,4,25.94554690101829,103.78218760407316,233.5099221091646,415.12875041629263,5.422139988758334e-06,1.7734194213294264e-06
2.896295369029668,0.0254935900622341,0.0098924396300534,189386890618.46375,7757.300053760267,0.0384049694684275,4.795001556111327,3.242818925360029,0.65,2.0,0.002,4,2.642205696887812,10.568822787551246,23.779851271990303,42.275291150204986,0.0339085969067837,0.0164541656065296
1.563607824684271,0.058974036744933,0.0064046420682053,209367520874.7623,7767.927931438137,0.0314288230404396,0.3560377849826316,8.953146511207505,0.65,2.0,0.002,4,6.166951159413792,24.667804637655166,55.50256043472413,98.67121855062068,0.000174417510884,6.987784768334547e-05
2.9864587244491982,0.0383098262240908,0.0055124850854542,197449443786.89886,7698.478811456319,0.0392954243227611,0.9607189116082232,1.6839236518222287,0.65,2.0,0.002,4,1.4193488356388373,5.677395342555349,12.774139520749536,22.7095813702214,0.0330576089129837,0.0186432402345565
1.0618440341618267,0.074898765036692,0.0099073499128706,208191096052.60385,7877.694880844586,0.0164247422615936,0.7313973139611808,18.291468838230625,0.65,2.0,0.002,4,20.483152157584826,81.93260863033929,184.3483694182634,327.73043452135715,6.5010780969429e-05,3.0769400031309066e-05
2.9128052909548723,0.0742805028673709,0.0109500889838761,217874790061.52933,7953.9250211000035,0.0315672732666112,0.9129672970164489,1.4990654993302353,0.65,2.0,0.002,4,3.062927642217318,12.251710568869273,27.566348779955867,49.00684227547709,0.0007141141822855,0.0004170586097275
2.0501766059345226,0.0298250782554977,0.007488603018148,213452171622.00952,7995.653201073442,0.0300186242612801,8.406790335728964,8.27563505388363,0.65,2.0,0.002,4,4.174176701895976,16.696706807583904,37.56759031706378,66.78682723033562,0.0065234272990518,0.0027618068994426
2.547380262246845,0.0452650495766725,0.008921558370541,183474608741.1273,7910.662395993618,0.0236874393732966,5.141313561757162,3.1369279859044665,0.65,2.0,0.002,4,3.00236837062415,12.0094734824966,27.02131533561735,48.0378939299864,0.0558845508363003,0.0274096796142395
2.38486333559484,0.0767327128557422,0.0061437415710446,211016448916.7492,7630.564566337426,0.0201497871061482,7.531620804935727,3.8117403631999234,0.65,2.0,0.002,4,2.5758170819498454,10.303268327799382,23.18235373754861,41.213073311197526,0.0167440040053105,0.0079160985897376
2.7407984173514075,0.0299894444638017,0.0055990559093735,184220341938.2369,7842.480950680747,0.0239741541705013,2.031008502886112,1.8853285062934964,0.65,2.0,0.002,4,1.6380679921529628,6.552271968611851,14.742611929376666,26.209087874447405,0.08566149716462,0.0463627047620831
2.037860870484282,0.0592037119704444,0.0103900855094508,197563902452.09503,7672.136839349977,0.0390432140440403,1.6544121091027395,9.216611166052052,0.65,2.0,0.002,4,5.756982946121876,23.027931784487503,51.812846515096886,92.11172713795,0.0004486665260093,0.0001653645515219
2.682240129008643,0.0794600148845893,0.0074267368668839,211980504228.7292,7954.969159254694,0.0071993919582894,7.565496545837177,2.0261269157160227,0.65,2.0,0.002,4,2.416354725006266,9.665418900025063,21.747192525056395,38.66167560010025,0.0458247864159012,0.0253215468992505
1.9943884797961773,0.0523273478328255,0.0120343721040187,190613816629.82983,7710.54938589762,0.0078575354262495,7.105230260399134,4.702413559801997,0.65,2.0,0.002,4,6.8213086842792325,27.28523473711693,61.3917781585131,109.14093894846772,0.0027701553129403,0.0013558375451899
1.6255229434583989,0.051777637121509,0.0147491972530224,185968645050.81323,7861.855683485195,0.0221474831624616,3.5269368642016525,4.212985335125969,0.65,2.0,0.002,4,12.31030349671423,49.24121398685692,110.79273147042808,196.96485594742768,0.0001647416885229,9.017955481612744e-05
1.0773631869921334,0.0467983018714081,0.0175246929485061,213904449064.62088,7761.75583249197,0.0185725231406585,5.115354299872304,61.04790502083277,0.65,2.0,0.002,4,35.94060043291474,143.76240173165897,323.4654038962327,575.0496069266359,2.39599665675349e-05,7.259533885880744e-06
1.0202586746829176,0.0749238162253779,0.0118238784100145,218170731070.4246,7714.697560391687,0.0439824098037187,9.231656782556742,32.9321176931069,0.65,2.0,0.002,4,27.39096972701925,109.563878908077,246.51872754317327,438.255515632308,0.0001848980492603,8.159502623183388e-05
2.820040482441981,0.0385180169699497,0.0064242432991356,180100724654.08694,7844.605066085141,0.0329436072339038,9.949760397172303,1.2628199815632712,0.65,2.0,0.002,4,1.7551439312069774,7.02057572482791,15.796295380862798,28.08230289931164,0.1478228531807079,0.0783184880661093
2.917415051943868,0.0224239537305297,0.0155869550544423,192070594667.87723,7961.195661362454,0.0070301635569175,9.365153609909695,6.964420695205138,0.65,2.0,0.002,4,4.078827983400337,16.315311933601347,36.70945185060304,65.26124773440539,0.008032923380963,0.0038055972438595
2.849471271868211,0.0507066912991948,0.0116999961821765,202643531884.81503,7748.858435084029,0.0144865171101724,8.38293952883103,4.761410569261365,0.65,2.0,0.002,4,3.341441930603683,13.365767722414732,30.07297737543315,53.46307088965893,0.0103167709006798,0.0048285315011907
2.5933555375098014,0.0464887764085009,0.0051976510751413,199470598804.31345,7924.993870905336,0.0243480933875125,7.608437699751924,2.5843646262679854,0.65,2.0,0.002,4,1.7581350506531137,7.032540202612454,15.82321545587802,28.130160810449816,0.0688795207632709,0.0348076226962207
1.7688151120944142,0.0622067072823056,0.0051429336039434,200971104409.1777,7871.463906388355,0.0389191992821721,4.565703297765401,5.804804341701873,0.65,2.0,0.002,4,3.766295114066348,15.065180456265391,33.896656026597135,60.26072182506157,0.0058935231668135,0.002388822409198
2.1377059125847118,0.0628129146357557,0.0057484182004277,192628130125.1018,7986.56276500754,0.0242494363558461,2.3026675448707787,5.562721149705124,0.65,2.0,0.002,4,2.801312716894196,11.205250867576783,25.21181445204776,44.82100347030713,0.002471164158501,0.0011889798118813
2.4366097781098617,0.0279388545890978,0.0193904785765504,209878110653.2382,7931.536753534697,0.0458349973452887,1.8617234797144957,7.312193115012163,0.65,2.0,0.002,4,7.618171041465491,30.472684165861963,68.56353937318941,121.89073666344784,0.001893668170364,0.0011778850561952
1.868288888712341,0.0705676573269326,0.0074143642104485,203771781915.012,7759.963283057522,0.0493606201516352,7.241702756326135,1.080945843087258,0.65,2.0,0.002,4,4.93579707564248,19.74318830256992,44.42217368078232,78.97275321027968,0.0023424704469276,0.0015392857280336
1.5221945560343124,0.0766215675527916,0.0195771344161533,216353436962.81845,7839.84579108247,0.0170342601793662,8.091858306847055,29.442346627257734,0.65,2.0,0.002,4,20.126404048637237,80.50561619454894,181.13763643773515,322.02246477819574,9.580016585639024e-05,3.382217186857e-05
1.1857968401836343,0.050914140891432,0.0158932676319344,204813191658.8321,7779.307056484807,0.0475636346553896,1.107297607513488,46.91653060563243,0.65,2.0,0.002,4,26.29846371781877,105.19385487127508,236.6861734603689,420.7754194851003,7.840897698523252e-06,2.481018154223858e-06
1.07852849231044,0.0578598241381532,0.0053798284462208,211234853770.90756,7893.540375002191,0.0439447996387692,1.661356130981264,13.93693489397516,0.65,2.0,0.002,4,10.84879012031658,43.39516048126632,97.6391110828492,173.5806419250653,0.0004490080795042,0.0001882640729516
1.8472654136110749,0.0212275530095746,0.0171589070090284,213200310723.9645,7757.868096138901,0.0140802778971916,8.934344558746947,16.990243382449208,0.65,2.0,0.002,4,11.953167289611716,47.81266915844687,107.57850560650544,191.25067663378744,0.0014095414849945,0.0005333941622274
1.7632213610457568,0.043401363449199,0.0123453942562088,198211353507.25323,7640.987562287661,0.018057630478152,1.3781820292619824,11.77330400741601,0.65,2.0,0.002,4,9.17085987887696,36.68343951550784,82.53773890989264,146.73375806203134,0.0003636146004927,0.0001467189095634
2.6400093898009027,0.0514645515072239,0.0155868049395792,184156646594.7544,7938.083798558948,0.0371867688982297,1.287677227578297,9.599022806010506,0.65,2.0,0.002,4,4.884400542625143,19.537602170500573,43.95960488362629,78.1504086820023,0.0002047590547946,8.142286962444539e-05
1.1335995948571935,0.0667747577326475,0.0147455483031192,183591614009.07785,7842.195691407237,0.0387861620255392,2.0522256811194497,24.743529481953708,0.65,2.0,0.002,4,25.17551702569233,100.7020681027693,226.5796532312309,402.8082724110772,0.0001447640332686,9.69392258948424e-05
1.9753788436760755,0.0759338961455846,0.0122708803122042,200054052598.62427,7797.136041801943,0.0435453085527933,6.849216945215744,1.842740675235348,0.65,2.0,0.002,4,7.2228783218047665,28.891513287219063,65.00590489624291,115.56605314887626,0.000639934128958,0.0003905203548513
1.477781900468933,0.0381673802886458,0.0097915495930517,187001595523.87247,7675.484719228457,0.0455661679906472,7.860546786674497,8.229535140520317,0.65,2.0,0.002,4,10.035285811273202,40.141143245092806,90.31757230145882,160.56457298037122,0.0031859382974919,0.0016790118116195
1.0609618182492988,0.0479100881502105,0.0193428112258045,191160392136.56503,7983.66821562682,0.04494565294655,2.9030372562363604,63.69351664632962,0.65,2.0,0.002,4,38.12826591767252,152.51306367069006,343.15439325905265,610.0522546827602,9.979721991305316e-06,3.1526822677661392e-06
2.443808361955972,0.0762405992803717,0.014514817988273,180987016457.31708,7799.880743878513,0.0118832737626872,0.5730175497017211,6.780874477836311,0.65,2.0,0.002,4,5.308676784529307,21.234707138117223,47.77809106076376,84.9388285524689,0.0002269206072648,0.000102580743717
2.764849989935156,0.0797504538964395,0.0110525868164976,208677386491.63004,7875.227126092632,0.012836422099976,6.401831136961127,3.27550972693383,0.65,2.0,0.002,4,3.374863353182364,13.499453412729457,30.37377017864128,53.99781365091783,0.0352885424441537,0.0162666885748498
2.256817730784795,0.073249835452947,0.0117081753032681,187606421277.1465,7681.234351617353,0.0073074419705819,1.0972120988077292,3.8234199352937015,0.65,2.0,0.002,4,5.151501632069599,20.6060065282784,46.3635146886264,82.42402611311358,0.0006658823006981,0.000334055335542
1.9858593253974768,0.0736686972028362,0.0183062926090814,199456586666.35608,7947.026945783841,0.0434475831047077,9.489012232612495,8.972756897854554,0.65,2.0,0.002,4,10.54519320538247,42.18077282152988,94.90673884844222,168.7230912861195,0.0010766211033256,0.0005770881043704
2.6331743724561565,0.0634568066982878,0.0153306901779459,181584208726.69415,7633.474238126705,0.024444994472859,9.155531298512038,1.8056392978023432,0.65,2.0,0.002,4,4.890008775460651,19.560035101842605,44.01007897914585,78.24014040737042,0.002262312024734,0.0012224207114003
2.6251591783012573,0.0227498826261311,0.0109041594614629,196617711558.3348,7700.366863817612,0.0248845641300468,5.709667588424653,4.542456429448809,0.65,2.0,0.002,4,3.6254821704045943,14.50192868161838,32.62933953364135,58.00771472647352,0.0219749011159568,0.0103976936147235
1.1695494855444897,0.0448279885930488,0.0166006893220772,214022477743.46967,7893.337939345341,0.0301049005324884,7.269497847316849,40.87800073217414,0.65,2.0,0.002,4,28.65612855900676,114.62451423602704,257.90515703106075,458.4980569441081,8.74787653899246e-05,3.0853811821484166e-05
2.455537102080962,0.0373863695439253,0.0196306476323634,196309368719.85284,7965.1655214496095,0.040066442367271,3.735938897382168,5.992498881056701,0.65,2.0,0.002,4,7.328987672968831,29.31595069187533,65.9608890567195,117.2638027675013,0.0014218855140207,0.0007400396248321
2.5776981155550294,0.0248925918285303,0.0199215172810283,214390501754.35745,7727.186313139292,0.0441759521246997,6.848973846042633,10.02151289455372,0.65,2.0,0.002,4,7.161098325279047,28.64439330111619,64.44988492751143,114.57757320446476,0.0020673939258806,0.0008161070226459
2.9034604262281065,0.0715807294294451,0.0064275213692061,201169780780.7218,7752.604992551037,0.0093680805918729,5.685668727221497,1.0269037516842283,0.65,2.0,0.002,4,1.7611587473927308,7.044634989570923,15.85042872653458,28.178539958283693,0.0343482289279666,0.0174211287287274
1.2167505037369075,0.0600704436329843,0.0110105277852335,206850836544.70505,7752.691790806195,0.0430723482642274,0.6500060752349767,31.49340036646551,0.65,2.0,0.002,4,17.419540833800408,69.67816333520163,156.77586750420366,278.7126533408065,1.280034594042403e-05,4.047042091435092e-06
1.9610274296386967,0.0465369419073583,0.0070645217769855,180177960992.3545,7677.189776707138,0.0156151514381918,8.02245959172779,7.4567016342161505,0.65,2.0,0.002,4,4.035472399349908,16.141889597399633,36.31925159414918,64.56755838959853,0.00604768612027,0.0027211970873745
1.6615964389294346,0.0646604155407592,0.0133923613230383,203705132979.68048,7790.970034103385,0.0320117516585992,1.442976164553925,10.526441541408898,0.65,2.0,0.002,4,11.247099202219534,44.988396808878136,101.2238928199758,179.95358723551254,0.0004297853620004,0.0002501198713158
1.9739202553182136,0.0385284798592874,0.0121750310597799,214876503755.1874,7892.922954244544,0.0128195967512563,8.40211858808306,7.21957560316246,0.65,2.0,0.002,4,7.392914055405471,29.571656221621883,66.53622649864923,118.28662488648752,0.0269286632491543,0.0138045744033568
2.837820908962748,0.0670025108064856,0.0140546418241235,185078481112.13837,7728.049139420536,0.0185306820670878,6.436466688914912,4.872589257221572,0.65,2.0,0.002,4,3.872773462365957,15.491093849463828,34.854961161293616,61.964375397855314,0.0058147602819104,0.0026916087355433
1.9084196203746124,0.0290881490210395,0.0155649275810663,209086443927.8177,7618.046885550859,0.0199769098468542,5.884180705665782,17.044382395285027,0.65,2.0,0.002,4,10.152423605401044,40.60969442160418,91.37181244860942,162.43877768641673,0.0006594599181448,0.0002302300705775
1.3281524106959366,0.0437728676089065,0.0117200852989896,195063286647.1022,7801.097699761776,0.038009676635228,6.393472921637803,19.589451544846995,0.65,2.0,0.002,4,15.06517243543538,60.26068974174152,135.58655191891842,241.0427589669661,0.0005387258608333,0.0002162316535951
2.76901902622338,0.0629779297381767,0.0161981020189394,189526520268.1,7636.050953338193,0.0082785403065066,6.505463942333552,2.243075596067723,0.65,2.0,0.002,4,4.772457723321172,19.089830893284688,42.95211950989055,76.35932357313875,0.0018720697742438,0.0010187937028676
2.7489705229039174,0.0519637459029407,0.0142368449462387,180318427250.48608,7704.300401727186,0.0166641340930616,7.632832754930009,3.694799908411731,0.65,2.0,0.002,4,4.132913297833901,16.531653191335604,37.19621968050512,66.12661276534241,0.0172318637452358,0.0094166960497205
1.996519110700092,0.0574573902111974,0.0177155863784033,208067637994.25388,7640.822687549467,0.0215148403667656,5.570648903485534,16.389832316224673,0.65,2.0,0.002,4,10.51647152771804,42.06588611087216,94.64824374946238,168.26354444348866,0.0003066637048334,0.0001099955285948
1.422666576125171,0.0360067759744062,0.0126849434412312,180207821078.9474,7776.979395247407,0.0138076373845768,7.515279372360528,21.395253274373157,0.65,2.0,0.002,4,13.680213524078097,54.72085409631238,123.12192171670286,218.88341638524952,0.000541364384297,0.0001952935261381
1.151999783593545,0.0751381179402057,0.01284461635574,185553085296.6912,7892.838906515927,0.0359219125312459,1.4845972339205535,14.78377123609558,0.65,2.0,0.002,4,21.279580727916787,85.11832291166715,191.51622655125112,340.4732916466686,3.4535864212385445e-05,1.6987088591827967e-05
2.197695422067045,0.0324556933130699,0.0056385427877614,207698186071.9665,7608.722560242328,0.048685316803658,3.56782655144204,0.5859260905495591,0.65,2.0,0.002,4,2.765805302617724,11.063221210470894,24.89224772355951,44.25288484188358,0.0104482794787735,0.0069276999469067
2.2171540774244383,0.0274720905614109,0.017847026043066,209735333812.7349,7714.789330384371,0.0311068297481553,9.031472152669208,8.241677011965349,0.65,2.0,0.002,4,8.583751318965213,34.33500527586085,77.25376187068692,137.3400211034434,0.0104836470000007,0.0064149707385994
1.4121823578354211,0.0726580878083843,0.0119222160756139,183860944772.2258,7642.24848860435,0.0139012004152926,2.899231989254554,14.540178084173291,0.65,2.0,0.002,4,13.296546164214153,53.18618465685661,119.6689154779274,212.74473862742644,0.0006103834849375,0.0002817241828246
1.038433609113224,0.030455050563873,0.017404322290937,202026069106.4161,7909.459909831792,0.0427179206642934,9.425438537026542,11.620264001599509,0.65,2.0,0.002,4,36.98785886155476,147.95143544621905,332.8907297539929,591.8057417848762,6.514445009681965e-05,3.7036469676579336e-05
1.151715415552056,0.0594778160766844,0.0090956926572843,185023111425.24585,7659.51816748604,0.0471396757517782,6.868127459618917,4.444528638991143,0.65,2.0,0.002,4,15.28223719761895,61.1289487904758,137.54013477857055,244.5157951619032,0.0002705644210919,0.0001583150182447
1.0576302924224543,0.0600696455379751,0.0160738645064505,191717669237.2703,7813.403289369967,0.0313720324592004,1.6923899564775808,32.0224291710151,0.65,2.0,0.002,4,32.27696894061152,129.10787576244607,290.4927204655037,516.4315030497843,9.638468739685796e-05,6.432046262974265e-05
1.1093687701245196,0.031901899143207,0.0148282639413059,204957967847.97656,7730.065421921431,0.0487849443428506,1.0217557570684357,44.95846067183626,0.65,2.0,0.002,4,28.13251172324141,112.53004689296564,253.1926055091727,450.1201875718626,1.4257767887635354e-05,4.7638885231968016e-06
2.968155909107365,0.0456161330265324,0.0167579819107714,181969580152.52533,7672.16960047056,0.007843299402718,8.174786780614802,1.6458042347525188,0.65,2.0,0.002,4,4.200663096370229,16.802652385480915,37.80596786733206,67.21060954192366,0.003621503609987,0.0019868266933727
1.4172906651119968,0.0499024728213078,0.0138240283190763,180099117234.2809,7942.385003525473,0.032451102880021,1.3784496838122124,24.808349131731983,0.65,2.0,0.002,4,14.860257663510025,59.4410306540401,133.7423189715902,237.7641226161604,4.456108522423669e-05,1.4340170133281666e-05
1.6493003233661483,0.0749385678310381,0.0064760539641338,199120566012.61075,7820.804503818498,0.0105264777679475,7.399804660043852,5.748540774890816,0.65,2.0,0.002,4,5.447190563711528,21.788762254846112,49.02471507340376,87.15504901938445,0.0260560841594964,0.0146417712309793
2.809507268221719,0.0453789370255345,0.0177162457998152,204686514823.25787,7604.958858637022,0.0264291157196344,2.184300736759932,2.485098422794658,0.65,2.0,0.002,4,5.280035135036078,21.120140540144316,47.52031621532471,84.48056216057725,0.0006072696854383,0.0003450832351649
2.938559691728945,0.0568279676417096,0.0182941921883324,212606111901.1843,7980.26759756974,0.0442893278911507,9.008340567516877,3.0404958435922014,0.65,2.0,0.002,4,4.958526087265877,19.83410434906351,44.6267347853929,79.33641739625403,0.0028946336859665,0.0014684309113746
2.378888428616267,0.0469456782451044,0.0108290951011141,188163614965.95477,7956.455350961335,0.0249427865850073,6.116163783714657,1.6986527656662187,0.65,2.0,0.002,4,4.219697155478002,16.87878862191201,37.97727439930202,67.51515448764803,0.0038505299670436,0.002131332914362
1.607165010465317,0.0517897720038656,0.0169498597850888,198472509378.5173,7691.096614470211,0.0497059560626166,1.2442301829013178,29.0313616064461,0.65,2.0,0.002,4,15.115776892795758,60.46310757118303,136.04199203516183,241.8524302847321,2.0141513723371394e-05,6.652832335770058e-06
2.2349945520031227,0.0546273179027203,0.0189926248242022,193556112428.6912,7662.870332941857,0.0108153900409535,8.236535719512549,15.098839525685024,0.65,2.0,0.002,4,8.665008891796788,34.66003556718715,77.9850800261711,138.6401422687486,0.0005134696947386,0.0002030913592226
1.8902938825074411,0.0569762725821307,0.007332551563085,188884784483.1043,7925.30309004683,0.016507079025538,1.0460049748778806,3.612565228820502,0.65,2.0,0.002,4,4.542723142388748,18.17089256955499,40.88450828149873,72.68357027821996,0.001927370311493,0.0009677944432269
2.2273898632900377,0.0441722420746941,0.0054629145734835,188904639817.18024,7910.43236578621,0.0161826835437513,8.19534331603968,2.538615685575301,0.65,2.0,0.002,4,2.439958205034145,9.759832820136582,21.95962384530732,39.03933128054633,0.2337616931934166,0.1044662057857901
2.0454817862310573,0.0551464883055099,0.0106546742917775,202415955207.22165,7697.606562426599,0.0443698109578699,9.607331639186382,4.666751590314825,0.65,2.0,0.002,4,5.921377032989286,23.685508131957143,53.292393296903576,94.74203252782856,0.0063859951085629,0.0033098471004982
2.3012701441637087,0.0435155304347678,0.0156666556429924,212647730762.81412,7721.319949954623,0.0496773529208163,9.095331760570923,7.55996592714867,0.65,2.0,0.002,4,7.039712893069664,28.158851572278657,63.35741603762699,112.63540628911464,0.0063127725863374,0.003779018236105
1.6292215260003806,0.033343680558556,0.0103812350335321,186337005722.29608,7614.307125631597,0.0187422605409154,3.444843064094328,14.561823662043452,0.65,2.0,0.002,4,8.77308545593254,35.09234182373016,78.95776910339286,140.36936729492064,0.0006995024131815,0.0002528271080873
2.329945608302582,0.0645475313953965,0.0108042045711004,217526730274.92072,7881.559984768714,0.0082262571850374,5.992644140803416,1.7560249599842035,0.65,2.0,0.002,4,4.741117412211488,18.964469648845952,42.67005670990339,75.85787859538381,0.0021726972837896,0.0011891130564488
1.316037457505452,0.0226383089838721,0.0148895885698095,217340231134.97055,7997.53999372948,0.0433554148690697,8.327003711757296,23.044970476818296,0.65,2.0,0.002,4,20.32204003010752,81.28816012043006,182.8983602709677,325.15264048172025,0.0010292504249409,0.0005125354533325
1.892204156442438,0.0303226038509768,0.0083709013540081,199055956177.88492,7724.821065980796,0.0131120210885512,1.167727593019266,5.0706841557858375,0.65,2.0,0.002,4,5.381568444834944,21.52627377933977,48.4341160035145,86.1050951173591,0.0076002712742858,0.004285200397167
1.3593064536298565,0.0519916402342496,0.0158415795194521,183762424361.60605,7993.768963206373,0.0201515291482682,6.459912596493765,7.4428663395608785,0.65,2.0,0.002,4,18.639984116246683,74.55993646498673,167.75985704622013,298.23974585994694,0.000128336529838,6.893145882887727e-05
2.935290763874709,0.0250373345225435,0.0142097026107457,183840971893.32037,7783.540033872211,0.0222230760140024,6.839671659608476,5.603673035345514,0.65,2.0,0.002,4,3.634499041626176,14.537996166504705,32.71049137463558,58.15198466601881,0.0090401309920795,0.0039270173863734
1.2749888619915932,0.02827694438822,0.0126537295114024,195349578293.77127,7965.265474156222,0.0279919311303013,4.574345206809647,30.629178800295563,0.65,2.0,0.002,4,17.479988010610313,69.91995204244125,157.31989209549283,279.679808169765,0.0001820688747983,5.763294936680018e-05
2.148742340862888,0.0534997332101425,0.0052246340890489,214449681776.07327,7847.98827224657,0.0385111026219265,4.989818950959394,3.5221337847658964,0.65,2.0,0.002,4,2.6822544888534248,10.7290179554137,24.140290399680826,42.9160718216548,0.023382497124452,0.0112801252122856
1.9538685741581647,0.0219103808102351,0.0052789905062098,205578755406.9933,7710.161005785179,0.018819291324278,8.089950006611602,1.2960445967653782,0.65,2.0,0.002,4,3.237776242077294,12.951104968309176,29.139986178695644,51.804419873236704,0.0394525131123639,0.0215904310072659
1.1050559775895514,0.0238716426491268,0.0065712804062245,213429036936.65594,7817.470849453476,0.0476324684499654,5.426202982993884,16.978695573093166,0.65,2.0,0.002,4,12.749827658775688,50.99931063510275,114.7484489289812,203.997242540411,0.0018607904148319,0.0007441959783288
2.2747995186798717,0.0776561762293163,0.0114295197500934,218933068962.1706,7867.118894937913,0.0323211287759454,2.447328132809338,1.655083718201786,0.65,2.0,0.002,4,5.283464658080964,21.133858632323857,47.55118192272868,84.53543452929543,0.000505556239745,0.0002874199697625
2.154870563448661,0.0759142150110102,0.019770157234269,185093173686.9476,7822.3468424900275,0.0364613874493702,7.84232259319447,17.43199958058298,0.65,2.0,0.002,4,9.391255733678006,37.565022934712026,84.52130160310206,150.2600917388481,0.0002185428003745,7.447276639199806e-05
2.1218974017176864,0.0525078720257263,0.0102512026731569,210142519254.73407,7985.602263190208,0.0116233994271161,1.5377176370691856,8.063485823680413,0.65,2.0,0.002,4,5.29612761523449,21.18451046093796,47.66514853711042,84.73804184375184,0.0006530052698777,0.0002896166269465
1.4425701113612353,0.0634819219920494,0.009525187319455,202832591472.4977,7636.811899034971,0.0093238933468132,2.020503278120354,6.298197330373398,0.65,2.0,0.002,4,10.696501155425336,42.78600462170135,96.26851039882804,171.14401848680538,0.0002596790013549,0.0001261210926986
1.7863471310829542,0.0235769497264156,0.0198194955015149,206150135211.8529,7877.20072417295,0.0173567957486742,8.205174250463664,17.33925022585063,0.65,2.0,0.002,4,14.40774428192282,57.63097712769128,129.66969853730538,230.52390851076512,0.001317580558383,0.0005366808225999
2.165288698629075,0.0437061102528734,0.0168033707217504,216526150013.8883,7698.690021391789,0.0381435447965849,6.811921340195942,9.838766425013308,0.65,2.0,0.002,4,8.618680964661472,34.47472385864589,77.56812868195325,137.89889543458355,0.0022420263286079,0.0011075022091298
1.8759068078023864,0.0456530364054306,0.0092263335057675,205005888536.1286,7794.445000222114,0.037794250496375,3.62946581457013,2.655431424818198,0.65,2.0,0.002,4,6.097144019736072,24.388576078944286,54.87429617762464,97.55430431577716,0.0013609804976462,0.0007595147506134
2.663964548405202,0.0506394911028028,0.0144049225991076,185634911868.1912,7609.264069813067,0.0072836856871243,9.048809467162338,8.13191771475642,0.65,2.0,0.002,4,4.546129482663968,18.184517930655872,40.91516534397571,72.73807172262349,0.0027552812509212,0.0012884583928601
2.9328543383266803,0.0443998329899203,0.0067426831807938,180850336266.6016,7764.905927623632,0.0133383568376827,8.363517591881507,3.283438692298632,0.65,2.0,0.002,4,1.7154283406766244,6.861713362706498,15.43885506608962,27.44685345082599,0.0342763442632029,0.0179473000667118
1.8205127549285784,0.0706788535333598,0.0114335918111537,204611019265.64285,7759.156551547334,0.0165210573726376,4.766187853921858,12.024424607808024,0.65,2.0,0.002,4,8.03307344336689,32.13229377346756,72.29766099030202,128.52917509387024,0.000615067965098,0.0002474386735709
2.765047512253059,0.022261381742903,0.0160500450409743,191677740318.05728,7781.055921216999,0.0288952444360223,2.57580543734129,6.489401643167297,0.65,2.0,0.002,4,4.724620011951104,18.898480047804416,42.52158010755994,75.59392019121766,0.0027960886402006,0.0011724322998949
1.710534240173362,0.0593514972839551,0.0076875803510023,201480384863.46515,7719.644545118516,0.0051766100443853,7.278896046782707,2.654457206631752,0.65,2.0,0.002,4,6.086576883620063,24.346307534480253,54.779191952580575,97.385230137921,0.0026991013134601,0.001500853048392
1.6814360843843328,0.0783755278238815,0.0120910414587675,188486194407.02936,7988.292337696471,0.028124680614083,0.823291736232936,3.2552660969219978,0.65,2.0,0.002,4,9.419872742082289,37.67949096832916,84.7788546787406,150.71796387331662,5.2013111693956986e-05,2.846550821899196e-05
2.674766956610851,0.0248471218362686,0.0182311656415715,211900688162.1272,7947.873718282786,0.0364292849560477,6.774115366210251,6.832531336408544,0.65,2.0,0.002,4,5.966401794528868,23.86560717811547,53.697616150759806,95.46242871246189,0.0072866316074294,0.0036582327238588
1.166198723160558,0.0253307266922951,0.0099761923285726,208291635606.8962,7991.3220455431165,0.0055401475878749,9.72617237824693,24.36629696343611,0.65,2.0,0.002,4,16.981480187895794,67.92592075158318,152.83332169106214,271.7036830063327,0.0010682747547292,0.0004295939385629
2.096135699647995,0.0657824865408965,0.0100506480994313,210663155755.06897,7901.218399502616,0.0246021294839341,0.533279930834353,3.638114410794832,0.65,2.0,0.002,4,5.355891764377504,21.423567057510017,48.203025879397536,85.69426823004007,0.0002794751905109,0.0001419722798682
2.2605511507745963,0.0260293270691034,0.0140415223899266,219042281574.30676,7723.23761960229,0.0050513349265701,9.770237604311472,6.271754508487109,0.65,2.0,0.002,4,6.635582491813699,26.5423299672548,59.720242426323296,106.1693198690192,0.0360950832624603,0.0200993462841014
2.7105331755389823,0.0337164889085028,0.0087575685248017,203669986219.334,7924.054159641229,0.0426104805023924,9.764905992983929,4.308011359749706,0.65,2.0,0.002,4,2.740268656472066,10.961074625888264,24.6624179082486,43.844298503553055,0.0243064003041712,0.0101456453847011
2.219770667878195,0.0701364707182292,0.0131211023569021,188948419322.694,7704.666532294364,0.0095378264732481,7.385650463438991,2.3362304592378744,0.65,2.0,0.002,4,5.9796817278072085,23.918726911228838,53.81713555026488,95.67490764491534,0.0013313038623845,0.0007171900840971
1.6383660949227703,0.0591057951842076,0.0180078134395467,190319146901.248,7794.268870922997,0.0059345303583678,9.46536019748761,24.69724636312013,0.65,2.0,0.002,4,15.03217705893501,60.12870823574004,135.2895935304151,240.51483294296017,0.0002215865490488,8.686758768964927e-05
1.2185423320655109,0.0573710579513704,0.0177419272796624,193236831192.57867,7678.057267654394,0.0169259587612528,2.80204389482301,27.315934173941656,0.65,2.0,0.002,4,27.18116623168631,108.72466492674523,244.6304960851768,434.89865970698094,0.000393599765077,0.0002442980473949
2.59933017356616,0.0754137667389734,0.0151251880189661,215094850826.66608,7802.818012926823,0.0105871385723986,7.124618450391811,6.8360655550888,0.65,2.0,0.002,4,5.329621994637218,21.318487978548877,47.96659795173497,85.2739519141955,0.0026863695933244,0.0012128162838525
1.55779382927724,0.0523283080107078,0.0060452196151164,181676568910.4681,7780.894894003959,0.0148135437514952,0.1714440946123436,7.766410084886697,0.65,2.0,0.002,4,5.45828318369618,21.83313273478472,49.12454865326562,87.33253093913888,0.0001482773420505,6.36464221007274e-05
1.1897240602223766,0.0259045756472028,0.0141633466609062,201034609238.5005,7782.185320069257,0.0361364664021088,0.2665787564232391,15.86100409559262,0.65,2.0,0.002,4,23.06148559633668,92.24594238534672,207.5533703670301,368.9837695413869,1.3684554114475903e-05,6.799923007282631e-06
2.250728832463651,0.0527194695207301,0.00714654640953,194517086712.6725,7912.517101895573,0.0145664633299598,9.632287416935334,2.3213196219376826,0.65,2.0,0.002,4,3.171762579209129,12.687050316836515,28.54586321288216,50.74820126734606,0.0320387854130879,0.0163706432868849
2.44241654554775,0.0593244679750739,0.0155313876800088,215559967818.0616,7782.518090524164,0.0351284516801449,4.470928754102696,8.379143609504151,0.65,2.0,0.002,4,6.213324462605678,24.853297850422717,55.919920163451096,99.41319140169084,0.0011220401629703,0.0004577511385829
2.130135566508426,0.0247440302878164,0.0065435446133545,218740028881.17664,7871.693965099388,0.0388611103250218,6.79006120108686,1.803924249571424,0.65,2.0,0.002,4,3.447131619636837,13.788526478547348,31.024184576731532,55.154105914189394,0.0225716809592545,0.0127763058272455
1.655615441387972,0.0501507229601087,0.0112661492954425,190294892522.20584,7801.071729918427,0.0118310779885474,3.5841064359273647,11.215538300368262,0.65,2.0,0.002,4,9.204967298334951,36.819869193339805,82.84470568501456,147.27947677335922,0.0011538446530895,0.0004921644898649
2.010181073676005,0.0795198794560969,0.008303279442259,209758821959.4377,7907.802626171937,0.0423885115479176,6.8824534054766495,2.606099769614772,0.65,2.0,0.002,4,4.798889565637468,19.195558262549877,43.190006090737214,76.7822330501995,0.0030876316808425,0.0016772541320642
2.3332095344423927,0.064392434289976,0.0162459697541947,215429805971.7928,7739.728670094422,0.0344066610250359,2.874875272808873,9.068545527447744,0.65,2.0,0.002,4,7.139329668674691,28.557318674698763,64.25396701807222,114.22927469879504,0.000603139103246,0.0002555413993764
2.334878425619765,0.0258581792966537,0.0190562047915818,217496333593.60077,7807.760325670445,0.0279313040329315,6.384601059355672,10.407910789615377,0.65,2.0,0.002,4,8.365653151252294,33.46261260500918,75.29087836127066,133.8504504200367,0.0023124766016967,0.0009775792844941
2.6045491309442235,0.0691142765110745,0.0181944478850132,184551277243.6772,7717.055750761989,0.0489251090279123,5.493283983643552,3.078642963112968,0.65,2.0,0.002,4,5.947517598187039,23.79007039274816,53.52765838368335,95.16028157099262,0.0007692267097781,0.000447236404133
2.168785877490376,0.0273825947684594,0.0089828745484035,194129063530.65247,7994.424019148261,0.0243779755061686,2.37832648409881,5.229760728300268,0.65,2.0,0.002,4,4.267395800700897,17.06958320280359,38.40656220630808,68.27833281121436,0.0070642661009557,0.0033189973691887
2.1675410634666643,0.0690057128821397,0.0092910617680194,186909418360.05573,7961.863488649014,0.0395566839730745,4.536004187419275,7.946724985382384,0.65,2.0,0.002,4,4.344783727075535,17.37913490830214,39.10305354367982,69.51653963320857,0.0014086583219567,0.0005398998960622
1.771721952213589,0.0227850845474783,0.0186428188445773,199847043691.3891,7782.026972420604,0.0281825369156352,7.962129729330584,8.243727307361892,0.65,2.0,0.002,4,13.647471599369478,54.58988639747791,122.82724439432532,218.35954558991165,0.0008662336698186,0.0004203695611267
1.3528292089916785,0.067765967542507,0.0189216238042138,207522174106.53003,7643.730515724346,0.0196943609227304,0.9480915504551868,31.344227348055536,0.65,2.0,0.002,4,24.427627300688787,97.71050920275516,219.8486457061991,390.8420368110206,1.45042056474195e-05,5.411448305608508e-06
1.206244714270104,0.0780176829137287,0.0086450293174334,218663647114.2952,7872.463831879161,0.0185220995822901,3.89890595501044,22.69950790115388,0.65,2.0,0.002,4,14.19900246389482,56.796009855579285,127.7910221750534,227.18403942231717,0.0001643765437995,5.60093073715158e-05
2.127215862085588,0.0431188252308578,0.0152026361550529,218502169324.8169,7863.944784280206,0.0237813302697169,5.469403782589072,14.80057786305929,0.65,2.0,0.002,4,8.030316803499518,32.121267213998074,72.27285123149566,128.4850688559923,0.0005016422512545,0.0001818098820585
1.5171797420981905,0.0691843124169415,0.0050459165729613,204787094485.4287,7973.902860418311,0.0404536978415241,8.550978502258857,4.606844395030334,0.65,2.0,0.002,4,5.037453742390668,20.149814969562676,45.33708368151601,80.59925987825069,0.0237827274549142,0.0139230627987024
1.641290864911577,0.0210347746222327,0.0181403066280166,182820722378.43332,7692.881761178093,0.0294158496191436,8.18369212867718,23.925454905112154,0.65,2.0,0.002,4,14.885758013428502,59.54303205371401,133.97182212085653,238.17212821485603,0.0005403337490586,0.0001792914154696
2.2130642008158894,0.0626215515213697,0.0157037991486112,219712318290.8178,7736.615304880649,0.0123285448059216,5.239755625651783,8.986681722791989,0.65,2.0,0.002,4,7.748143617712818,30.992574470851277,69.73329255941537,123.9702978834051,0.0018135698150388,0.0008215639162469
2.7796625413139724,0.0385099948638475,0.0169917740742091,217608622797.54968,7857.550752295728,0.0123919052830319,2.6825156938786225,7.472697940850185,0.65,2.0,0.002,4,5.247812173308077,20.991248693232308,47.23030955977269,83.96499477292923,0.001210350642571,0.0005277731878067
1.6321027662400889,0.048666036963762,0.0107321131238195,203421520481.65277,7852.456479843348,0.0498264671057546,6.190177723811704,14.15555014978814,0.65,2.0,0.002,4,9.298548766184918,37.19419506473968,83.68693889566427,148.7767802589587,0.0008008501761917,0.0002930651639832
1.0937716429878548,0.0568718295585908,0.0157516650280857,192237572246.92075,7957.144553968373,0.025564677865237,1.7283367733242725,51.00070877568108,0.65,2.0,0.002,4,29.345594686352808,117.38237874541124,264.1103521771753,469.5295149816449,9.974920967880254e-06,3.0492622176223518e-06
1.7583943588008009,0.0504492737501481,0.0171387834691595,206043806137.9993,7934.350410428047,0.0088918809013055,6.119896738742579,16.422740453101515,0.65,2.0,0.002,4,12.80857382996922,51.23429531987688,115.277164469723,204.9371812795075,0.0005240672017405,0.0002120221727186
2.054184894938195,0.0304695165214447,0.010940828040175,205037432180.38828,7989.290269923534,0.0347815424685384,0.2603321060908297,8.749617354357742,0.65,2.0,0.002,4,5.956112063013088,23.824448252052356,53.6050085671178,95.2977930082094,0.0001416214938028,5.723202009040024e-05
2.426428054379812,0.0382610233003844,0.0190196103193254,186772564976.71725,7933.244203893639,0.0484973742139907,4.96825164704265,12.637347933348146,0.65,2.0,0.002,4,7.107668454008391,28.430673816033565,63.96901608607553,113.72269526413426,0.0005397730237356,0.0001867253397066
1.4246767239672056,0.0250540921168147,0.0087885704284721,207894532535.3972,7850.492346846211,0.032897567308559,8.595890156298655,6.618612593617328,0.65,2.0,0.002,4,10.10387396229703,40.41549584918812,90.93486566067328,161.66198339675248,0.003563296917885,0.0017671203919668
2.470696390524691,0.0546883882512464,0.0149122086979305,183882402112.5118,7923.458937462089,0.0162548042802171,9.56651838100082,3.2897289056210712,0.65,2.0,0.002,4,5.336360292562115,21.34544117024846,48.02724263305904,85.38176468099384,0.0037021399393457,0.0018148478147151
2.870061478220938,0.0642645417954232,0.0158728028312126,192184512043.38983,7776.766714868669,0.0385505903311964,7.247882775151115,6.281524133516811,0.65,2.0,0.002,4,4.343703105325491,17.374812421301964,39.09332794792942,69.49924968520786,0.0026080949704635,0.0010954117625165
1.444261876030707,0.0284433718419408,0.009807515435808,214756666673.56616,7922.090303803507,0.009574436017072,0.969304271575572,12.069910735012106,0.65,2.0,0.002,4,11.100685344282413,44.40274137712965,99.90616809854173,177.61096550851858,0.000991345446334,0.0004687439583994
1.3110242926207127,0.0641139299776578,0.0085068515976398,187506677564.4149,7707.036590343814,0.0310224401654892,2.9966356500657025,3.0272051589616438,0.65,2.0,0.002,4,11.06983866563454,44.27935466253816,99.62854799071089,177.11741865015264,0.000217438500725,0.0001276073109335
1.5217554702105138,0.0373711250386903,0.0065655263548837,184594653246.87985,7667.121211803779,0.0376073951366302,8.081041197956385,3.3236977269683936,0.65,2.0,0.002,4,6.30815642419091,25.23262569676364,56.773407817718194,100.93050278705456,0.0055324664230833,0.0030777032459687
1.796128742604571,0.0262116373469122,0.0084395146259601,199414146349.8581,7694.218627361154,0.0346587193048273,3.7363531833359778,9.778647507482788,0.65,2.0,0.002,4,6.039034620969796,24.156138483879182,54.35131158872815,96.62455393551672,0.002516162001353,0.000918512331181
1.2475664388217982,0.040184652469364,0.0175390395722986,216879279645.2904,7902.437368821149,0.0267039019197796,2.586110409701086,30.652115266014352,0.65,2.0,0.002,4,26.769249496539203,107.0769979861568,240.92324546885283,428.3079919446273,9.680881387156792e-05,4.289161489453751e-05
2.2358296029129843,0.023168358954396,0.0113425044586207,188911149997.27823,7679.828264760422,0.0344732849882244,0.2129589533289617,9.921710337006228,0.65,2.0,0.002,4,5.102862313593458,20.41144925437383,45.92576082234112,81.64579701749533,0.0001013170215858,4.0318093312693526e-05
2.914303976697437,0.0250360528756605,0.0142572733942995,196290542765.45557,7738.9312926350685,0.0327872351383989,2.867416171835101,1.014212914592011,0.65,2.0,0.002,4,3.8335861403873,15.3343445615492,34.5022752634857,61.3373782461968,0.0025833859704202,0.0015468488369105
2.1322102414463147,0.0537802330348543,0.0129626084118806,200220348920.60168,7606.894587903972,0.0071353035205861,5.160949425291001,12.887691559948822,0.65,2.0,0.002,4,6.633030792924413,26.53212317169765,59.69727713631973,106.1284926867906,0.000610926184613,0.0002905828461013
2.460427470289748,0.076978123290605,0.0164905010990061,215087014655.15668,7807.834423028668,0.042454368689789,1.910741521468156,2.094216239426708,0.65,2.0,0.002,4,6.483115678677643,25.93246271471057,58.34804110809879,103.72985085884228,0.0001856003923605,0.0001039177811523
2.8578600342527185,0.0352863454458522,0.007136871084264,206532611174.908,7806.343775194448,0.028542558233497,9.253729866983855,2.682437576010312,0.65,2.0,0.002,4,2.0381008840057357,8.152403536022941,18.34290795605161,32.609614144091765,0.0869604218523964,0.0413649751925174
1.57289245376411,0.0754885057587216,0.0053728923707938,202207921693.073,7853.590044672434,0.0097653831687838,1.4893620109327352,4.769110275727658,0.65,2.0,0.002,4,4.996941973533446,19.987767894133786,44.97247776180102,79.95107157653514,0.0088780184057283,0.0046022367668827
2.011840026849729,0.0498994294473254,0.0133819037558625,187440174813.3097,7658.865553074378,0.0354809583101798,4.018091418067125,5.353594511490481,0.65,2.0,0.002,4,7.416677322167231,29.666709288668923,66.75009589950508,118.66683715467568,0.0012654277487938,0.0006210345283928
2.8515859773224665,0.0795601616869634,0.0112510647587852,201569187028.8297,7668.220403045492,0.0362288915257369,8.389967186639852,5.2676178600716055,0.65,2.0,0.002,4,3.216730790804529,12.866923163218118,28.95057711724076,51.46769265287247,0.0047901559354798,0.0019331284611122
2.218560145281086,0.0639668023530993,0.0089128221209873,218546242212.3969,7667.054901582959,0.041052050751893,8.775470384597396,2.225225230148446,0.65,2.0,0.002,4,4.383888142638367,17.535552570553467,39.4549932837453,70.14221028221387,0.0049301476330455,0.0029370287058641
2.776162599011722,0.0706314439509825,0.0112163496929644,205990133058.86627,7793.294103144693,0.0103082659889059,8.23464110805012,4.35350796925743,0.65,2.0,0.002,4,3.3927641691991206,13.571056676796482,30.534877522792087,54.28422670718593,0.0110425758983253,0.0053423969362939
1.981862020472121,0.0517706458958097,0.0096146982115324,209536784842.78757,7876.829174493502,0.039236496269956,6.098612650930841,5.8871380471061725,0.65,2.0,0.002,4,5.72496064035317,22.89984256141268,51.52464576317853,91.59937024565072,0.0142268988011357,0.0081607645278955
1.0928480895552444,0.051487709020005,0.0142248164442446,187926849184.89743,7958.29233530606,0.0135543097286768,8.85669837493008,41.29287423765241,0.65,2.0,0.002,4,26.24465102197666,104.97860408790665,236.20185919779,419.9144163516266,0.0001041433563945,3.4316410515298995e-05
1.60263277315107,0.0635475647074132,0.0198403104962589,195176705654.735,7850.975163974265,0.0167374669741378,2.129777988102369,8.181113346440112,0.65,2.0,0.002,4,17.464729726743894,69.85891890697557,157.18256754069503,279.4356756279023,3.4619057363818314e-05,1.8657301921076645e-05
2.761545072345727,0.0300370658153538,0.0113286993829157,182594545376.26776,7882.15771570531,0.0171632851556596,4.311704257982969,5.821034408882017,0.65,2.0,0.002,4,3.2420997623675887,12.968399049470356,29.1788978613083,51.87359619788142,0.0051397445054001,0.0022943213410638
1.354413540619828,0.0289352250407905,0.0054187331760657,208888492121.81137,7730.189818344729,0.012584134005894,5.171213328203672,5.446335590151289,0.65,2.0,0.002,4,6.962843355062853,27.851373420251413,62.66559019556568,111.40549368100564,0.0107560586244171,0.0051247319187768
1.2822044481168635,0.0577026874797035,0.0093911994860716,205780083880.7196,7928.233281171812,0.0084591729944395,8.460491818470048,3.5320136851643547,0.65,2.0,0.002,4,13.196210095212145,52.78484038084857,118.76589085690928,211.13936152339429,0.0004265995980619,0.0002490932335505
1.6837670833000398,0.0433035901689222,0.0051667656561809,215450426724.8634,7990.938718979476,0.0438123286137262,0.1568485131369924,6.657893659838618,0.65,2.0,0.002,4,4.29100249696682,17.16400998786728,38.61902247270139,68.65603995146913,0.0002136314187601,8.430504202631351e-05
2.433245513454626,0.0655991006897691,0.013623035630416,214517054998.19315,7716.42014098026,0.0446727749559288,7.321163550033111,9.009522826370809,0.65,2.0,0.002,4,5.501159842398999,22.004639369596,49.51043858159099,88.01855747838398,0.001389227805567,0.000504894687985
1.278277240364453,0.040238882250915,0.0128804257135543,180171435786.6953,7876.9478687979,0.0480597090551459,2.572811347774014,3.689729694236461,0.65,2.0,0.002,4,17.095166795785666,68.38066718314266,153.856501162071,273.52266873257065,6.822478161188595e-05,4.618861940329123e-05
2.644437665476391,0.0331161619158265,0.0073728000772783,180040863100.70456,7842.601275669252,0.0196537935202625,6.734537989893397,3.303641902775491,0.65,2.0,0.002,4,2.2906066556625917,9.162426622650363,20.61545990096332,36.64970649060146,0.0395449541838332,0.0187662712114996
1.032550365330945,0.0664399293256789,0.0053398751143376,192171593139.05463,7951.865255271825,0.0360686377254704,1.8027671158248189,12.095996914419244,0.65,2.0,0.002,4,11.164723033759286,44.65889213503714,100.48250730383356,178.63556854014857,0.0010215488191635,0.0005618797365029
1.6952282984361524,0.0204388909578145,0.0167836300686947,183974608491.91516,7784.187174255348,0.0428066427644248,2.5183929457401284,11.373398758084145,0.65,2.0,0.002,4,12.874520832373474,51.498083329493895,115.87068749136128,205.9923333179756,0.0009127628406152,0.0005025753255942
2.89236765050481,0.0351714706488589,0.0111401942389545,211128956986.04303,7745.736669050426,0.0448974903397153,2.5064191374557843,0.8083708977869953,0.65,2.0,0.002,4,3.1525179139465456,12.610071655786182,28.372661225518907,50.44028662314473,0.002949093759193,0.0017755367966788
1.0740472476816705,0.0290357950226339,0.005185351181934,202215391738.23627,7840.034292722948,0.0288963812466276,4.201263390171774,11.927691796040609,0.65,2.0,0.002,4,10.351630915864002,41.40652366345601,93.16467824277602,165.62609465382403,0.0047174295586552,0.0021732212388068
2.365276236739507,0.0228704987617412,0.0067667504323467,187250272778.14917,7670.714773656755,0.0429308006915923,4.005647158416971,2.9292062163428154,0.65,2.0,0.002,4,2.709810920037333,10.839243680149334,24.38829828033601,43.356974720597336,0.0859126482382996,0.0481431589830566
2.318571722838701,0.0263046955369261,0.0054033446046538,192771609697.83484,7676.743889493217,0.0494897924934537,3.099663376110452,1.3697112714501776,0.65,2.0,0.002,4,2.283935637769481,9.135742551077923,20.555420739925328,36.54297020431169,0.0341566826275974,0.0182118870097914
1.303625909385028,0.0294265265909486,0.0165374608374698,187495576968.4976,7793.639319256867,0.0486675211845451,7.6123051088965825,25.64584293697589,0.65,2.0,0.002,4,21.643000916948267,86.57200366779307,194.7870082525344,346.2880146711723,0.0004548635278763,0.0002118175633114
1.1296554445999814,0.0532437511672593,0.0125377450920248,181508954488.83395,7634.780794129653,0.0059827515807592,3.010748544415819,6.436780640012521,0.65,2.0,0.002,4,21.722381244386693,86.88952497754677,195.50143119948024,347.5580999101871,5.028295182887033e-05,2.8311525362523037e-05
1.6837211124961775,0.0460933186316979,0.006196045899042,210840464905.61523,7644.587743571457,0.020166194855315,5.945296325048245,6.0173385684543925,0.65,2.0,0.002,4,5.204793609358332,20.81917443743333,46.843142484225,83.27669774973332,0.0151133147597532,0.0073127313899616
2.1325113476255724,0.0493601590700471,0.0068125669214339,210130687581.92743,7964.596405621231,0.0491308166922151,2.0964092607687594,6.476218584783917,0.65,2.0,0.002,4,3.4891543990135814,13.956617596054326,31.40238959112224,55.8264703842173,0.0017939156590844,0.0007134382521464
1.0238131839984166,0.0361329715175074,0.0129662852550798,199045839537.21832,7976.066130767825,0.0429645866565759,7.540866009163751,31.533310867042765,0.65,2.0,0.002,4,28.02112511480884,112.08450045923534,252.19012603327957,448.3380018369414,0.0003706442434423,0.0001867401903014
2.4519979142961,0.0266315713650988,0.0199919916561003,217675589057.9492,7958.636785144767,0.0330030110274083,5.27563418018991,9.189014397214882,0.65,2.0,0.002,4,7.885525577464822,31.54210230985929,70.96973019718341,126.16840923943715,0.0025892324566316,0.0012129473099619
2.942909414121893,0.0361516807346151,0.0085879334013731,191651472417.81876,7868.362915728659,0.0154643456895762,0.9753324987670572,4.349225438301755,0.65,2.0,0.002,4,2.219105868976555,8.87642347590622,19.971952820789,35.50569390362488,0.002077790739166,0.0010875912676495
1.6096288215453094,0.0482886357211515,0.0050067428911138,216838127499.029,7639.639436304042,0.0357111770308777,6.325768223908634,7.732276514410045,0.65,2.0,0.002,4,4.668361270833127,18.673445083332503,42.01525143749814,74.69378033333003,0.0062093278038933,0.0023372222034754
2.0989282606746635,0.0558360675308208,0.0196030218939461,214210821436.85764,7931.133276722576,0.0423666564856737,7.953998700109011,14.917041217717651,0.65,2.0,0.002,4,10.486007600421797,41.94403040168719,94.37406840379616,167.77612160674877,0.0004695495379475,0.000178577362134
1.2035975712611722,0.0349726283336563,0.0139176120437307,182454111493.63297,7820.033858940575,0.0313021146107304,2.9805750951715493,15.31120345934178,0.65,2.0,0.002,4,21.042817338995118,84.17126935598046,189.38535605095603,336.6850774239218,0.0001617922548889,7.695814801966805e-05
1.6690115198813416,0.0734467571886017,0.015795318215969,217141125434.08957,7963.120821104984,0.0495963412261731,1.40359984516786,21.923464950306236,0.65,2.0,0.002,4,13.42667123107661,53.70668492430644,120.8400410796895,214.82673969722572,3.314464736256978e-05,1.1027820996406324e-05
2.95609149157596,0.0484926101885422,0.0069638196821974,182068859666.65564,7978.16662897598,0.0169614235973779,5.090232674989054,0.6270882918779009,0.65,2.0,0.002,4,1.7262643950588688,6.905057580235475,15.536379555529818,27.6202303209419,0.027870915560261,0.0151442268912646
2.5945243845444548,0.0781876224650431,0.0065114228168205,203687149740.2268,7702.860189612311,0.0294323767597583,3.272503367078206,1.6019514292478496,0.65,2.0,0.002,4,2.2555135754704367,9.022054301881749,20.29962217923393,36.08821720752699,0.0143222493106731,0.0070922665251849
1.0639703875594742,0.0456386227111426,0.0093239803025736,212967413359.88623,7871.031205032522,0.0326486400071085,9.322431009407284,6.99308804433301,0.65,2.0,0.002,4,19.427292574070893,77.70917029628357,174.84563316663807,310.8366811851343,0.0003170681265814,0.0001726627686875
1.5856642680608637,0.0654223970567067,0.0192329383226415,202970924602.711,7794.163576804021,0.0387557229015618,1.0611923849415912,17.183284355373786,0.65,2.0,0.002,4,17.70046070921904,70.80184283687616,159.30414638297134,283.20737134750465,0.0001075761308443,7.039721943133664e-05
1.9932780461323905,0.0609701521718853,0.0085573072569428,182549419502.9952,7942.044576194137,0.0323267765314755,1.7322833021281816,3.448413483213897,0.65,2.0,0.002,4,4.68225089108148,18.72900356432592,42.14025801973333,74.91601425730369,0.0017885281569901,0.0008959184560685
1.2159444333698022,0.0240412724998397,0.0105101912125744,198915464087.67645,7697.831259779695,0.0207354877644789,0.1619743368353203,13.632155831864653,0.65,2.0,0.002,4,16.385605469460096,65.54242187784038,147.4704492251409,262.1696875113616,4.508589416341017e-05,2.107866507715773e-05
2.2474274727456844,0.0561888759949583,0.0154743482812277,186267402824.5633,7618.377745597591,0.0405864409877804,2.249811132115438,5.276914280677261,0.65,2.0,0.002,4,6.869220047179367,27.476880188717463,61.82298042461431,109.90752075486986,0.0007106007572695,0.0003635277473071
1.6861633670921288,0.0229572647831432,0.0095350804302874,216223404078.00528,7764.45572807039,0.0439099402113991,5.135727500875637,9.072853914081117,0.65,2.0,0.002,4,8.025094522646974,32.100378090587895,72.22585070382276,128.40151236235158,0.0065400242511083,0.0033802878481909
1.9423766588935485,0.0258991984337009,0.0095112651672502,200078724791.3818,7605.477838968472,0.0163588762873122,3.4256439244939823,6.06742630713141,0.65,2.0,0.002,4,5.863242344966246,23.452969379864985,52.76918110469622,93.81187751945994,0.0247822277642202,0.0132149671098796
1.001115703865974,0.0471844085663212,0.0161903588688923,197482606658.48215,7807.202159665368,0.0250527153004484,5.315362371220788,58.80178806777485,0.65,2.0,0.002,4,36.841210744183776,147.3648429767351,331.570896697654,589.4593719069404,2.8454914148084696e-05,9.074392922215772e-06
1.2612905120514046,0.0438484450214388,0.011174835426946,187508636897.9904,7902.522845788381,0.0194630306064114,5.9309741766293005,17.50644617792463,0.65,2.0,0.002,4,15.51557556150296,62.06230224601184,139.64018005352665,248.24920898404736,0.0011271048176521,0.0005022611404202
1.8588671660188976,0.0697411473064688,0.0099577299290115,180382517689.13257,7864.024280848588,0.0140028381883923,5.474068107677236,1.4193198196240475,0.65,2.0,0.002,4,6.258462925399417,25.03385170159767,56.32616632859476,100.13540680639068,0.000904653056223,0.0005609069831498
2.017645206621653,0.0575862475034238,0.0179871590017706,216836673296.7126,7877.379136087403,0.0120376090883093,8.900279722255714,5.972056943159039,0.65,2.0,0.002,4,10.511815299598338,42.04726119839335,94.60633769638504,168.1890447935734,0.0006264961349687,0.0003101402112327
2.7755233514277746,0.057809118156463,0.0128146344913366,197143716730.03665,7785.760650526877,0.0144174806407377,8.247065184211662,2.1145185311410013,0.65,2.0,0.002,4,3.795654309717845,15.18261723887138,34.16088878746061,60.73046895548552,0.0060375048218305,0.0031082363477546
1.3956333737405395,0.070568203215311,0.0194639625873139,198659362624.00665,7973.2955023538625,0.0499097541975477,4.913339534599624,34.01378399843263,0.65,2.0,0.002,4,22.61795895850689,90.47183583402754,203.561630626562,361.8873433361102,4.0745437226285386e-05,1.456964083112369e-05
2.6908880155233987,0.0366179779971114,0.0141535361086307,182907792299.264,7603.780821202315,0.0443614048358505,3.0160230255275846,4.354707728867429,0.65,2.0,0.002,4,4.347146450076755,17.38858580030702,39.1243180506908,69.55434320122808,0.0118743926212463,0.0062670061225501
1.6729136769997843,0.0410923203783763,0.019267647282345,195809804125.7729,7842.45295853517,0.0285279434224942,8.774595978345472,13.484102243165667,0.65,2.0,0.002,4,15.599193065180518,62.39677226072208,140.39273758662466,249.5870890428883,0.0009427118224049,0.0004700011786762
2.4024599927809938,0.0580496535010527,0.0165806108374756,211069266790.21823,7602.776174796203,0.0211031793739679,8.693730924374854,11.883486477518208,0.65,2.0,0.002,4,6.863471739535032,27.453886958140128,61.77124565581529,109.81554783256053,0.0009272796296721,0.000344080234496
1.2746751167241872,0.0548876393728628,0.0161301119611055,199900010428.1282,7916.013230108134,0.0428488920665491,9.174633660279495,19.9232309634188,0.65,2.0,0.002,4,22.62146738091028,90.48586952364111,203.59320642819256,361.9434780945645,0.000403607364759,0.0002211160784722
2.114257037815404,0.0431535231563276,0.0130445346351626,208175716929.01172,7870.050978922685,0.0392303353814046,8.529603373845848,10.41878032619879,0.65,2.0,0.002,4,6.805633163656469,27.22253265462588,61.25069847290823,108.8901306185035,0.0019404911222917,0.0007272399997538
2.168195937825472,0.0589907960932891,0.0062666648170983,196632296086.8244,7616.645669544757,0.0272295868660033,3.365626002094575,1.413212746236724,0.65,2.0,0.002,4,3.0712432610984823,12.28497304439393,27.64118934988634,49.13989217757572,0.005967080383256,0.0034059614859086
2.74851970165564,0.0527923854441004,0.0097040186446111,208135185516.80527,7798.376200653956,0.0065726867746903,6.537538369676431,5.853403572764501,0.65,2.0,0.002,4,3.009219231709116,12.036876926836465,27.082973085382047,48.14750770734586,0.004999138988717,0.0026460201841834
2.77611739002974,0.0687051422731559,0.0102434541717805,203144371872.50095,7656.410919980006,0.0487555811570119,9.038637607539806,5.772530809457042,0.65,2.0,0.002,4,3.1044867449685216,12.417946979874086,27.94038070471669,49.671787919496346,0.0048352918239436,0.001960315879065
1.2575639410950794,0.0496855265632851,0.0113890094948627,206541065770.06647,7844.74621023003,0.0098335382277064,3.0378126893004693,30.38285418951353,0.65,2.0,0.002,4,16.755940699121748,67.02376279648699,150.80346629209575,268.095051185948,8.120759412595478e-05,2.889588926993841e-05
1.269397482711306,0.0489696567724962,0.0114963903900076,201627813932.0748,7756.457144065977,0.0329196761816252,3.985313156918744,19.854624320940765,0.65,2.0,0.002,4,16.49449461992268,65.97797847969072,148.45045157930412,263.9119139187629,0.0003689289115039,0.0001567719555881
2.233155247113698,0.0739005383721457,0.0154896856354116,201299203178.2089,7858.074384266391,0.0322877426229059,4.387899954114499,9.442209052865598,0.65,2.0,0.002,4,7.128480831348118,28.513923325392472,64.15632748213307,114.05569330156987,0.0007116862227852,0.0002934021318911
1.9118574163780997,0.068151566168491,0.0097685403276056,195405727452.51785,7694.909795691857,0.0307565293708276,6.626740318370572,4.721734968646079,0.65,2.0,0.002,4,6.106815588469979,24.427262353879915,54.96134029622981,97.70904941551966,0.0036829087176014,0.0018447974876852
1.1464919723351028,0.0306880486245041,0.0065142679894717,210592517934.2336,7934.368432366737,0.0133904881937559,2.270790334138601,9.051047834975394,0.65,2.0,0.002,4,11.577588933206668,46.31035573282667,104.19830039886,185.2414229313067,0.0012957019016048,0.0005959975548637
1.2058780940947995,0.069312227773922,0.0121895702407667,182485567365.3551,7703.248599859823,0.0411815200272869,7.542090615258145,32.8659358854461,0.65,2.0,0.002,4,18.50069914493682,74.00279657974728,166.5062923044314,296.01118631898913,0.0001094953644929,3.4401099836568616e-05
1.355343523975892,0.0368063318582855,0.006917218038832,188499824208.8808,7912.771702315086,0.0297426407979951,0.3340668732711265,13.495601372168984,0.65,2.0,0.002,4,8.333992519043031,33.335970076172124,75.00593267138728,133.3438803046885,0.0001011218540862,3.5543218961075896e-05
1.6285650544343735,0.049716389843311,0.0124453248156691,183887990092.5497,7819.327566751952,0.008380306216026,9.244431820140017,9.897329074229775,0.65,2.0,0.002,4,10.318516106433384,41.27406442573354,92.86664495790048,165.09625770293417,0.0095845285407077,0.0053158011406491
2.6504614341984505,0.0715826038809323,0.0107281311825323,210258757630.2217,7830.93560123046,0.0373857800783138,1.860082465049669,5.44158697719598,0.65,2.0,0.002,4,3.5882324663942766,14.352929865577106,32.29409219754849,57.411719462308426,0.0011507197841257,0.0004858731140947
1.435474021613292,0.0693907369296155,0.0065787626798089,193302995970.10156,7895.547057521451,0.0326255544595585,6.0407024362199655,10.281386284931235,0.65,2.0,0.002,4,7.163264357625875,28.6530574305035,64.46937921863288,114.612229722014,0.0018565414195334,0.0007218200550737
1.7120288702068118,0.0751536505287593,0.0051546070725582,198629560334.92276,7658.7057764341025,0.0192101219900677,0.3349441091773272,1.0706173514525,0.65,2.0,0.002,4,4.061130069004457,16.244520276017827,36.55017062104012,64.97808110407131,0.0002530617612493,0.0001490904786929
2.805452957533398,0.021683153374892,0.0052719897568964,194678779764.25464,7703.415186716361,0.0431119524759126,1.688795592391437,2.478444703646224,0.65,2.0,0.002,4,1.5269171931384646,6.1076687725538585,13.74225473824618,24.430675090215438,0.0334113122776771,0.0156228457408043
1.4834092747950358,0.0226665209749286,0.0131902106061387,198564548176.2017,7768.549202123515,0.040290323782896,6.035325669513283,2.783340166606239,0.65,2.0,0.002,4,13.741682166005448,54.966728664021794,123.67513949404903,219.8669146560872,0.0004182084439889,0.0002900536278255
2.344627805304432,0.0590429138521206,0.0057061937754928,215976053832.68637,7734.095696593079,0.0242950886371413,5.186435815859945,4.580674683168233,0.65,2.0,0.002,4,2.487287445432722,9.949149781730888,22.3855870088945,39.79659912692355,0.0098354368834763,0.0044850200492755
1.8512648865943628,0.0228855704207669,0.0189675413446062,195835404633.9225,7744.390654902538,0.0391781725015465,2.713324933371023,21.485925516475216,0.65,2.0,0.002,4,12.619877650200952,50.47951060080381,113.5788988518086,201.91804240321525,0.0001851061313283,6.012075892965632e-05
1.4017960025622938,0.0657270740444476,0.0144034005444384,180381887081.36215,7980.222029208001,0.025051081566172,2.4005516843597734,5.61219445803717,0.65,2.0,0.002,4,15.802057343969674,63.208229375878695,142.21851609572707,252.8329175035148,5.4785273460877e-05,2.9705895033745717e-05
1.592060270485692,0.0559886537074718,0.007023106401052,189644049388.8843,7726.859224392039,0.0252080572224232,0.4770774650168327,12.440254727117413,0.65,2.0,0.002,4,6.2245448803257535,24.89817952130301,56.02090392293178,99.59271808521206,9.74799464751252e-05,3.886074811582632e-05
2.2774692002813213,0.0204883696234365,0.0144778651011351,192895517587.9893,7909.14758453912,0.0134764423761064,7.190435954574076,8.28768054355899,0.65,2.0,0.002,4,6.2506471415586615,25.00258856623465,56.25582427402796,100.01035426493858,0.0063027391526725,0.0027469344703885
1.3787307150762818,0.038449673391587,0.0153127057368943,211673424639.16016,7964.407568114244,0.0227833589649169,9.923690841518692,7.287742234872415,0.65,2.0,0.002,4,18.831231358821896,75.32492543528758,169.48108222939706,301.2997017411504,0.0002672104431946,0.0001431033374305
2.8440985900982163,0.0412338007457451,0.0090848840929676,192457216885.05432,7743.406062955131,0.0192618772614319,8.453126751159475,3.072363945572998,0.65,2.0,0.002,4,2.538986748810938,10.155946995243752,22.850880739298447,40.62378798097501,0.0533579533790757,0.0260390135275709
2.50887016987078,0.0212126910236023,0.0091209948265084,201522944475.6643,7775.105478205856,0.0329102752555918,3.875342157866714,3.020905804887147,0.65,2.0,0.002,4,3.34521621351573,13.38086485406292,30.10694592164157,53.52345941625168,0.0452616863120516,0.0261799341492346
2.620876288342587,0.0594513752888573,0.0084890868760247,191519347859.77,7609.193155517151,0.0486220352241378,8.363064698754325,2.6068579292554053,0.65,2.0,0.002,4,2.811474906221844,11.245899624887372,25.30327415599659,44.98359849954949,0.0538486818426377,0.0291457824995426
1.5243455063005482,0.0292386007429326,0.0158535734572431,203157335652.4058,7625.791444716825,0.0257060405930723,2.164178987358851,31.008498518748123,0.65,2.0,0.002,4,15.96847291632363,63.87389166529452,143.71625624691268,255.4955666611781,6.174454060234322e-05,2.0580105897219944e-05
2.37503093712607,0.0596471461113388,0.0074052857665589,214649002288.8963,7865.04909522705,0.0119324758562191,2.9473678542328514,6.072366881291026,0.65,2.0,0.002,4,3.109898768065559,12.439595072262236,27.989088912590034,49.758380289048944,0.002298935424434,0.0011875303582374
2.69543495626162,0.0206453231000498,0.0142512144175194,196387687327.78268,7677.426459463068,0.0490810032538744,4.097756908557175,3.61446507011498,0.65,2.0,0.002,4,4.498551649431092,17.994206597724368,40.48696484487982,71.97682639089747,0.0097514988044962,0.0052031009415456
2.276824166545388,0.0378500920183147,0.0058685614738442,186597768942.56177,7989.214761258394,0.0330614796122697,8.327743465886615,0.5922697726532342,0.65,2.0,0.002,4,2.4808648329932854,9.923459331973142,22.32778349693957,39.69383732789257,0.0261173721672729,0.0162572793024384
2.280145339186157,0.0306360246570168,0.0055580905735015,211667525807.09265,7666.815282976515,0.0091026290989738,9.381866976975294,4.926992436225387,0.65,2.0,0.002,4,2.5471201395541967,10.188480558216789,22.92408125598777,40.75392223286715,0.0306762672661953,0.0162173471451048
1.555645756229488,0.0399587244038465,0.0062328614483258,211254879468.73465,7739.5403307895585,0.0488749615444006,2.671612358776039,6.437727551492976,0.65,2.0,0.002,4,6.101563008456978,24.40625203382791,54.9140670761128,97.62500813531165,0.0077175194389081,0.0047485925498858
1.9256518143676733,0.0677003512696969,0.0057745641281294,194423247480.7775,7605.91237907893,0.0373318129146042,0.8865646052887334,2.8879784833743423,0.65,2.0,0.002,4,3.570190366538004,14.280761466152017,32.13171329884204,57.12304586460806,0.0027523022984599,0.0014272097314505
1.9415851895648644,0.0300910657140003,0.0082819226948445,194836738637.96198,7882.831959996224,0.0425169228478398,3.1414185714443428,4.536550877319677,0.65,2.0,0.002,4,4.952697655208806,19.810790620835224,44.57427889687926,79.2431624833409,0.0126494578880992,0.007487951188549
1.2227661790385762,0.07693516669211,0.0066828149909019,190282801921.88992,7673.053597199782,0.0053358719185295,3.209934263570636,19.716771751349658,0.65,2.0,0.002,4,10.092935767021972,40.37174306808789,90.83642190319776,161.48697227235155,0.0002194194250856,0.0001009938420446
1.2437864609820295,0.061895950051273,0.0083853536385527,194126795206.5852,7601.218701188343,0.026558994619853,1.3706928896888448,21.704202408781725,0.65,2.0,0.002,4,12.4211016307716,49.6844065230864,111.7899146769444,198.7376260923456,7.953648947281432e-05,2.6074377959394405e-05
2.4830786095248216,0.0619286772793112,0.0159813335967059,210058592566.77023,7676.302356448486,0.0207073161366081,3.983314558676459,9.507739412322522,0.65,2.0,0.002,4,6.148306693609261,24.59322677443705,55.33476024248335,98.37290709774818,0.0006687244019348,0.0002663316280992
2.4192390197718243,0.0654151698588491,0.0190441773920699,216276096722.22125,7829.41034468338,0.031061893363879,1.756183161201871,15.160219746656166,0.65,2.0,0.002,4,7.754854411124574,31.019417644498297,69.79368970012118,124.0776705779932,7.41946008869817e-05,2.7555538980501184e-05
2.546728444418635,0.0473037654077536,0.0141062845945235,197696812263.68985,7949.533641895428,0.0130437148019552,1.3167334290744896,4.593135135417666,0.65,2.0,0.002,4,4.918193654048968,19.67277461619587,44.26374288644071,78.69109846478348,0.0034332598149522,0.0019395104770027
2.2654191529628074,0.0718550843100708,0.0158612838584719,218617213833.26672,7800.492022761693,0.0477457366723295,8.870313152639632,12.742835903437392,0.65,2.0,0.002,4,7.419107000643649,29.6764280025746,66.77196300579286,118.70571201029838,0.0006319443862605,0.0002172654481026
2.73722619410442,0.0745881208469402,0.0180747366221232,206844640306.02197,7610.839780746312,0.0477851115854806,0.7712944540843251,2.67500673203206,0.65,2.0,0.002,4,5.702767990011786,22.811071960047144,51.32491191010608,91.24428784018858,0.0001065163445414,6.130009654567103e-05
1.08961060669012,0.0796424255125429,0.0095530298065552,183220770190.18857,7944.198874501901,0.0244409134271277,5.806879032638258,34.56648272917404,0.65,2.0,0.002,4,17.522256795231744,70.08902718092698,157.7003111570857,280.3561087237079,7.652005006364466e-05,2.5666887011364093e-05
1.6997614262588945,0.0297862861102679,0.008961260064323,185926577802.0717,7757.698256789166,0.0442655269655704,3.5358929797491303,3.221528486419058,0.65,2.0,0.002,4,6.885360642606696,27.541442570426785,61.96824578346028,110.16577028170714,0.0016661197022334,0.0009506672099967
1.1892878245793834,0.0528728445344152,0.0138880647330688,192306742838.04465,7618.781298996589,0.0073447041059521,4.590818736586318,32.356073693152105,0.65,2.0,0.002,4,22.36925617166276,89.47702468665103,201.32330554496485,357.90809874660414,0.0001003370948283,3.734897088780614e-05
1.132705607541162,0.0344776071013718,0.0059106077690286,201955503560.2627,7664.135249977147,0.0324683293745063,7.929564795546349,18.008349316092197,0.65,2.0,0.002,4,10.723179096593642,42.892716386374566,96.50861186934276,171.57086554549826,0.0016959616198627,0.0005658099793159
1.172968392490769,0.058050992923711,0.0179573742539563,181646128002.096,7658.108986946414,0.0115875422998793,6.06252106794315,53.560880670773614,0.65,2.0,0.002,4,28.82383546151564,115.29534184606256,259.41451915364075,461.1813673842503,2.8143752659983365e-05,9.000308538665213e-06
1.873772225131862,0.0723808807011787,0.0068153914821865,188616070242.5164,7866.098323461929,0.0308728263425883,9.170236708999358,1.087287330110872,0.65,2.0,0.002,4,4.31018714889677,17.24074859558708,38.79168434007092,68.96299438234831,0.0045245078054119,0.0027357356423603
1.2489305356008804,0.0208390360751681,0.0186868473445497,190621270509.7415,7832.952865318575,0.0427512636742327,7.484480086311744,7.608920527914897,0.65,2.0,0.002,4,26.798571662403106,107.1942866496124,241.18714496162792,428.7771465984496,0.0001290063668917,7.543810047139086e-05
2.310709836230292,0.0502983330295212,0.0117953917142996,208770119628.31805,7903.302312801944,0.0430817388535606,3.810550896092728,4.060455952153481,0.65,2.0,0.002,4,5.148499425276077,20.593997701104307,46.33649482748469,82.37599080441723,0.0032609691630648,0.0016767409584049
2.857112129304096,0.0452957341170646,0.0114045268012821,215720579830.8732,7841.962768384069,0.0252116922075863,2.695296033715636,2.1300881915967964,0.65,2.0,0.002,4,3.322655812010408,13.290623248041632,29.903902308093677,53.16249299216653,0.0043976120833349,0.0022119213247474
2.991214449847964,0.0653691269240625,0.0168524384755036,207976722039.91,7906.780195889461,0.0159430843703619,4.295946433466536,5.259839601431241,0.65,2.0,0.002,4,4.380305849176856,17.521223396707423,39.4227526425917,70.0848935868297,0.0032300539774031,0.0015621622752507
2.367654882305707,0.0444797067831214,0.0073278050699726,204753388183.64523,7879.240914092304,0.0207186676642387,9.300147391667675,5.250568515888812,0.65,2.0,0.002,4,3.021619147963975,12.0864765918559,27.19457233167578,48.3459063674236,0.0144583378058944,0.006300751837419
2.0933642569565087,0.0331456935439432,0.0167879715889798,203480296020.5032,7746.931119593228,0.0058236138587958,7.849585957731099,13.277821731412716,0.65,2.0,0.002,4,8.902955519374412,35.61182207749765,80.12659967436971,142.4472883099906,0.001252548848306,0.0005750266467425
2.975877857824849,0.0782756789761321,0.0187836458421513,210214861649.0123,7843.771747398787,0.0127476798657315,5.479179032495201,7.855366887545208,0.65,2.0,0.002,4,4.9790693541779625,19.91627741671185,44.81162418760167,79.6651096668474,0.000905917073315,0.0003942783537559
2.374109166507267,0.0247540093404175,0.0186177425294378,205723187107.58383,7782.524391842081,0.0346861615343503,8.802538871679106,8.153838640737813,0.65,2.0,0.002,4,7.700807743105053,30.803230972420213,69.30726968794548,123.21292388968084,0.0101588971957767,0.0060231569606735
2.8673191452600277,0.0798198037755936,0.0073471387293169,180142748945.4111,7774.9241208292415,0.0380003073512021,0.8212745002751183,1.7018163087421585,0.65,2.0,0.002,4,1.9505439416554209,7.802175766621683,17.554895474898785,31.20870306648673,0.0074172524977808,0.0041337101161157
1.3506930229078438,0.0693864573684139,0.0109775993521131,219615538294.4193,7654.884503116245,0.0344092921562139,4.542422121292381,13.25909267740766,0.65,2.0,0.002,4,14.61455271893466,58.45821087573864,131.53097447041196,233.83284350295455,0.0007277596280884,0.0004003721916355
2.0194983466371603,0.0268058906819599,0.012283136132827,192463962195.02228,7780.898516832614,0.0245187211749428,9.08853791590407,7.348388028388898,0.65,2.0,0.002,4,6.792213846904175,27.1688553876167,61.12992462213757,108.6754215504668,0.0179970539484541,0.0095142681040911
1.990826724870132,0.0222579764732708,0.0141077588877487,191421963371.09253,7962.028010648948,0.0286862852666839,7.827813646477229,13.70841899567307,0.65,2.0,0.002,4,7.914152072836972,31.656608291347887,71.22736865553274,126.62643316539156,0.0017965071506014,0.0006273028746792
1.7043209917744553,0.0673995091031158,0.0079170062164142,216141605567.46252,7874.500004079982,0.0118732694031566,7.424306323938316,9.73401260156589,0.65,2.0,0.002,4,6.475080118824562,25.900320475298248,58.27572106942106,103.601281901193,0.0022112595624782,0.0009625547247089
2.3170422598974243,0.0785767940765274,0.0154351527884501,186028348366.07413,7683.73886865544,0.0441435386346237,0.5749434386497798,7.162113665833972,0.65,2.0,0.002,4,6.414688087439559,25.658752349758235,57.73219278695602,102.63500939903294,0.0002237736157138,0.0001208700897289
1.061191386237379,0.0521044728847533,0.0172496250398872,188256921822.1776,7812.795455098211,0.0251426589074089,8.514355588275539,33.74656453153313,0.65,2.0,0.002,4,34.095238314956994,136.38095325982798,306.85714483461294,545.5238130393119,0.0005587838211316,0.0003709228144322
2.3366614815903075,0.0426040404724925,0.0142807216725446,181603800394.91104,7784.690878873804,0.0285012902292067,2.221831388264368,2.5853339543858938,0.65,2.0,0.002,4,5.72835059255922,22.91340237023688,51.55515533303298,91.65360948094752,0.0006685929031604,0.0003696971523569
2.8341541021544936,0.0698690825928105,0.0093300185311357,214689389148.79803,7815.883497753795,0.0070172983112098,6.770797651599037,3.0350010925855164,0.65,2.0,0.002,4,2.760457662976509,11.041830651906036,24.84411896678858,44.16732260762414,0.0451288659095722,0.0239701352678525
2.7190175979784272,0.0735054668076557,0.014103234569059,219287115904.9912,7698.470328957123,0.0081038404446032,8.45008720364721,5.002964409342407,0.65,2.0,0.002,4,4.616664173355704,18.466656693422816,41.54997756020134,73.86662677369127,0.0147127751507709,0.0081596705762632
2.0081061288334654,0.043705869158034,0.0164823490018,211856947937.77573,7717.176558835997,0.0166795672208516,6.815398750790541,15.4719631752614,0.65,2.0,0.002,4,9.711071998151867,38.84428799260747,87.3996479833668,155.37715197042988,0.0005928140692353,0.0002181896785625
1.065184886494029,0.0240186807879193,0.0110491037439551,183211092816.1615,7705.091838565933,0.049371338438448,2.16870011409768,11.985214212744264,0.65,2.0,0.002,4,21.53244202823502,86.12976811294008,193.79197825411524,344.51907245176034,0.0001266382535869,6.745782678067082e-05
2.6718640328173286,0.0328598132486728,0.0139932073090188,211931974494.77213,7727.719585603111,0.0209188306441773,6.326830478369973,2.163355067056665,0.65,2.0,0.002,4,4.654685896385101,18.618743585540404,41.89217306746592,74.47497434216162,0.0039576594749307,0.0022240960300944
2.8078083775909577,0.0529696167680034,0.0072505936737231,188111618104.3664,7863.994497694845,0.0376167570011092,6.034325404941359,3.907276423887826,0.65,2.0,0.002,4,2.039642721244865,8.15857088497946,18.356784491203783,32.63428353991784,0.0125128140476667,0.0059732451516064
1.2776201047289757,0.0687259426422301,0.0052706761759142,212603126816.3369,7833.628309255954,0.0058565412916473,7.764676619290042,2.919919985929584,0.65,2.0,0.002,4,7.627732550855503,30.510930203422014,68.64959295769954,122.04372081368804,0.0021411622136775,0.0011726415382452
2.360714305676547,0.0476712276557507,0.0151582329793902,192847693484.4852,7821.107414967581,0.0292855959702188,5.482930474142619,5.76660513711493,0.65,2.0,0.002,4,6.124407327043835,24.49762930817534,55.11966594339452,97.99051723270136,0.0071916952736804,0.0042593930011481
2.9055682991509,0.0202089154210767,0.0081918738806226,187207766948.358,7912.52180691194,0.0319136026600319,1.8556032666376443,3.563752810216529,0.65,2.0,0.002,4,2.140202198474238,8.560808793896951,19.26181978626814,34.243235175587806,0.0121918735582119,0.0054692924425835
2.441382281783861,0.0202233129719386,0.0156387115729532,200351547942.85065,7935.788342113193,0.0414340007508569,1.789420288798538,1.4297452986986,0.65,2.0,0.002,4,5.978055741921085,23.91222296768434,53.80250167728977,95.64889187073736,0.000679335956909,0.0004368129121317
1.720064602998533,0.0414810750129705,0.0152631850284842,187489436822.13013,7991.485352942611,0.007783766385273,9.74029819045688,3.668992331911576,0.65,2.0,0.002,4,11.330773393277456,45.32309357310983,101.97696053949711,181.2923742924393,0.0006305015466153,0.0003484429391796
2.0580212001471354,0.0363541154500868,0.0089621099537218,203783448772.1125,7919.173646871547,0.0399730767274075,8.70113672301618,3.539591241586674,0.65,2.0,0.002,4,4.867257851215365,19.46903140486146,43.80532066093829,77.87612561944584,0.0125981278072427,0.0063483414618818
1.2951716458349425,0.0733558461132916,0.0164764821678485,208075996317.2355,7725.221451676151,0.0059986828034669,5.124749891782479,16.513033635220882,0.65,2.0,0.002,4,23.11503805760807,92.46015223043229,208.03534251847267,369.84060892172914,0.000100544632027,4.5439248096093016e-05
2.828073133659557,0.0375892524804016,0.0068046885139452,197599902879.94168,7718.305946056473,0.0447740000065326,0.4626859238550942,2.6176553813226384,0.65,2.0,0.002,4,1.9520394957547924,7.80815798301917,17.568355461793132,31.23263193207668,0.0041713019511596,0.0019731746756563
1.3602782703035932,0.0707947328206821,0.009980348451298,206639021140.1129,7996.387895341628,0.0182588926586467,2.77508822934322,6.563350240789609,0.65,2.0,0.002,4,12.433078589031611,49.732314356126444,111.89770730128453,198.92925742450575,0.0001714649182106,9.128919774609872e-05
1.9641360445107472,0.0539786877670814,0.0188546933512351,194076123019.7442,7836.692122429828,0.0465145335563811,7.206484264079524,8.723889462031293,0.65,2.0,0.002,4,11.028723728942818,44.11489491577127,99.25851356048535,176.4595796630851,0.0007829253549908,0.0004029204642597
1.2894639652614526,0.0686808951081327,0.0105889361487956,206540855021.75195,7964.130548656962,0.0401404406037241,8.276817086004723,9.854079302249174,0.65,2.0,0.002,4,14.706081331045617,58.82432532418246,132.35473197941053,235.29730129672984,0.0004849941074611,0.0002452903141054
1.4275439128623453,0.043873426763277,0.0127922207374089,202902338868.58163,7674.55859358488,0.0413451110816113,0.993140586888042,5.51643943488147,0.65,2.0,0.002,4,14.635685525597587,58.54274210239035,131.7211697303783,234.1709684095614,4.6704244479981126e-05,2.552576238849634e-05
1.9553039754144983,0.0690261710199651,0.0161803349792039,212337976459.7136,7994.936065451062,0.021664736372128,7.496203503064153,12.708719477838974,0.65,2.0,0.002,4,9.889960011500518,39.55984004600207,89.00964010350467,158.2393601840083,0.0007602035690302,0.0003051293543364
1.929070224618367,0.0776528593166893,0.0153277462085512,182278417428.40265,7868.018612725253,0.0076863138238824,3.141575839620683,11.76063053797444,0.65,2.0,0.002,4,8.989725169251907,35.95890067700763,80.90752652326717,143.8356027080305,0.0003671991033346,0.000159725741372
1.4321970435352502,0.0219360879499313,0.0139528953246427,207559181930.2443,7861.396187579234,0.0305869620270235,9.664141993524268,16.656459266264797,0.65,2.0,0.002,4,15.849266852554726,63.3970674102189,142.64340167299255,253.5882696408756,0.0044921219412892,0.0026579594072665
1.549418735548595,0.0548431565716623,0.0133540781380028,199501138591.2549,7843.444978289613,0.0087786351849232,4.600973621742403,8.952724829737479,0.65,2.0,0.002,4,12.721104579370342,50.88441831748137,114.48994121433309,203.53767326992548,0.0004597035471031,0.0002154570138066
1.6883126321816866,0.0617605402446261,0.0149074775567388,210848474824.79367,7746.371665706994,0.0073506424324159,1.7932884870138592,16.205693336142204,0.65,2.0,0.002,4,12.372678985650888,49.49071594260355,111.354110870858,197.9628637704142,0.0001446727820777,6.065628192764372e-05
1.3120563793600597,0.0599139231140473,0.0108145636613989,195270758983.03604,7950.9918021082785,0.0478586550163637,1.784127931341874,20.20671012858448,0.65,2.0,0.002,4,14.116961018252114,56.46784407300846,127.05264916426904,225.87137629203383,9.3654291206944e-05,3.5332687294305886e-05
2.219294405992888,0.0233623206092312,0.010658431226933,202466512801.06683,7891.034625585044,0.0367545224735784,1.5669879391141703,1.6666502795499651,0.65,2.0,0.002,4,4.970525786854837,19.882103147419347,44.73473208169354,79.52841258967739,0.0013379837464811,0.0007540999619009
2.5734779959555576,0.0465105211544664,0.0056594155130685,213641083621.59036,7921.094989702222,0.015682133855799,3.471221494555289,2.2592294354887827,0.65,2.0,0.002,4,2.0123786068592127,8.04951442743685,18.111407461732917,32.1980577097474,0.0793204205609066,0.0413226307156405
1.415702728139286,0.0548922808881451,0.0178156814819299,199083243017.30392,7725.714040360638,0.0308995964243169,1.356817783692929,15.420032963736412,0.65,2.0,0.002,4,20.461411727093758,81.84564690837502,184.1527055438438,327.38258763350007,4.233220107502555e-05,2.038635776718782e-05
2.3053734697385107,0.0795225203316832,0.0199913286383628,200658376105.42563,7638.079634784345,0.0377529484535923,9.768974374344232,6.75767585194418,0.65,2.0,0.002,4,8.742283506226958,34.96913402490783,78.68055155604263,139.87653609963132,0.0010770819723782,0.0005411532981693
1.8556276187258836,0.0367895551036872,0.0152874567143573,213637778691.9512,7907.406797039591,0.0332488443105896,5.429613513396832,2.6783204945108543,0.65,2.0,0.002,4,10.464170919957477,41.8566836798299,94.17753827961728,167.4267347193196,0.0003993152538636,0.0002447402377354
2.745505647854287,0.0485157660297319,0.0108850776111629,202931742605.21463,7623.433228062576,0.0339672276453236,9.45632322053504,4.784865816276441,0.65,2.0,0.002,4,3.378436753239648,13.513747012958593,30.405930779156837,54.05498805183437,0.0122169469159873,0.0053670739087902
1.841705978549688,0.0317356855975281,0.0178253121610039,206623682948.1249,7929.704694153418,0.0192825756043591,9.954829367692232,10.254246338488043,0.65,2.0,0.002,4,12.164306216430017,48.65722486572007,109.47875594787016,194.62889946288027,0.0023151395655034,0.001103742990909
2.396542914563938,0.0371390137796601,0.0069836825270786,211230813364.1692,7830.4898718882205,0.048354718545861,4.124262653590904,2.371855176205129,0.65,2.0,0.002,4,2.86369981552591,11.45479926210364,25.773298339733188,45.81919704841456,0.0296465775125685,0.016440190804602
1.0484245034854482,0.0350066321372211,0.0075525839875242,190744504738.00748,7715.490850822044,0.0436509261922244,2.113423483357866,25.944274861943907,0.65,2.0,0.002,4,15.491544877947485,61.96617951178993,139.42390390152735,247.86471804715973,0.000162182102064,5.235209355849538e-05
1.77630766915613,0.0407230035901695,0.0130085844908355,210874421633.75705,7751.547182539183,0.0314383771650128,9.665405991144944,11.111673412172928,0.65,2.0,0.002,4,9.750809440483264,39.00323776193305,87.75728496434937,156.0129510477322,0.0036761016145894,0.0017545147904025
1.453011163862351,0.0690867751115343,0.0090147310258977,210988103720.4491,7732.479762722484,0.0134929649454333,7.300354740311567,10.552531551904732,0.65,2.0,0.002,4,10.113784912044698,40.45513964817879,91.0240642084023,161.82055859271517,0.0065115776738766,0.0036306920323076
1.956103319430187,0.0459336528042191,0.0058276471482943,180874115476.1336,7846.9615336945935,0.0279427452689852,2.524418957309467,5.991325606320728,0.65,2.0,0.002,4,3.3157087127324374,13.26283485092975,29.841378414591937,53.051339403719,0.0034992460085075,0.0014627435631609
2.2744144956473087,0.0759501464166302,0.0050105565247653,216037595570.07904,7799.076807862815,0.0323043966158699,4.555573922428863,1.547993824507517,0.65,2.0,0.002,4,2.3116339250178,9.2465357000712,20.804705325160203,36.9861428002848,0.0215332686170258,0.0113123310834887
1.641548806922583,0.0512076561963129,0.0157257942119203,200740713231.82443,7692.199163196581,0.0413371685131493,9.78010792665482,11.533686806595506,0.65,2.0,0.002,4,13.518444235048529,54.07377694019412,121.66599811543678,216.2951077607765,0.0012003035812364,0.0006334236816129
2.225484313400654,0.0600821026456056,0.0187109087048967,195230118987.7852,7887.829997878345,0.0338153279506017,7.898751916773006,15.464146592130856,0.65,2.0,0.002,4,8.52255273858853,34.09021095435412,76.70297464729677,136.36084381741648,0.0003815355422095,0.0001310909272886
2.0731360271541783,0.0460737850818614,0.006976322493381,185026554114.74146,7980.899886338273,0.0266913841813857,9.536734696561371,1.7522798956082224,0.65,2.0,0.002,4,3.5439803359113955,14.175921343645582,31.895823023202563,56.70368537458233,0.0141702286524978,0.0083086850363014
2.6848381571144357,0.071983731955977,0.0180237250420484,195449952350.66168,7612.266427639906,0.0124093520058381,0.8372368394850576,3.655709992053359,0.65,2.0,0.002,4,5.745110404959201,22.980441619836803,51.705993644632805,91.9217664793472,0.0001926315481073,9.484082322169964e-05
1.3720569223916064,0.0572846175545852,0.0117510684060015,204441659948.98584,7830.270871055512,0.0061825988709568,3.504366514159015,14.810783219695518,0.65,2.0,0.002,4,14.463008992698509,57.85203597079403,130.16708093428656,231.4081438831761,0.0026885473932748,0.0015334751663483
2.7772809935931795,0.0730859625256544,0.0126819344933921,191098112050.98672,7931.14779166587,0.0325665408293733,7.931361287011303,3.3667924973818115,0.65,2.0,0.002,4,3.6596141010425938,14.638456404170377,32.936526909383346,58.5538256166815,0.0179411063102689,0.010293047336086
2.1818427899240724,0.0649820907795364,0.0127338751843276,211185411931.485,7627.845218749674,0.0200919852949817,9.602157947233993,4.992197229064284,0.65,2.0,0.002,4,6.382252096069824,25.52900838427929,57.440268864628415,102.11603353711718,0.0043732837448369,0.0021247291639186
1.0387381320617843,0.0249448874423808,0.0104730233896365,219000653114.9927,7818.898799523746,0.038962674635696,3.282807947092438,34.819711915010586,0.65,2.0,0.002,4,23.293732655409023,93.1749306216361,209.6435938986812,372.6997224865444,0.0001454016439702,5.0849828475366287e-05
1.9890904003525047,0.038115597481995,0.017790304486471,214019373138.34952,7802.094356309413,0.0372765609587825,2.926456397137882,8.841339273515741,0.65,2.0,0.002,4,10.678851250252004,42.715405001008016,96.10966125226804,170.86162000403206,0.0006194467295293,0.0003145047924087
1.9726517616286212,0.0403840340449571,0.0098301113108514,181092610604.61044,7868.720213630819,0.0327772390804357,6.721321735984791,10.407393857846206,0.65,2.0,0.002,4,5.495220876650799,21.980883506603195,49.4569878898572,87.92353402641278,0.00195131476571,0.0007486322304001
1.932938822646849,0.0201439160114818,0.009541972959409,206778638528.1744,7954.795235599865,0.0308303179268269,5.452388551981468,6.179259177396198,0.65,2.0,0.002,4,5.904315430501727,23.61726172200691,53.13883887451556,94.46904688802763,0.0299601721246808,0.017774657095137
1.4478913311879165,0.0372135448138072,0.0087564963009783,190514853286.3913,7832.977896615751,0.0497085135415629,9.90375306221827,10.725143303718149,0.65,2.0,0.002,4,9.34089857638789,37.36359430555156,84.06808718749102,149.45437722220623,0.0054555537100825,0.002775426882504
2.3465019326345704,0.0582846067557737,0.0068655949993824,212561734987.722,7854.061625970867,0.039716284055904,8.773291862564799,3.460220237881055,0.65,2.0,0.002,4,2.941446767606556,11.765787070426224,26.473020908459,47.06314828170489,0.0376069740704402,0.0194736327331286
1.7345608865519346,0.0720895405303158,0.0185211956261533,214348002321.0865,7899.973772466266,0.0174888208654544,0.8393036482503394,15.698195574572006,0.65,2.0,0.002,4,14.540055701007818,58.16022280403127,130.86050130907037,232.64089121612508,9.938991150289993e-05,4.82483736178718e-05
2.408916576066834,0.0246955404610142,0.0163703162472546,218473320287.6947,7633.989901250296,0.0426252103066334,9.336502263827786,4.154847276134752,0.65,2.0,0.002,4,6.843310051860069,27.37324020744028,61.589790466740624,109.4929608297611,0.0041952540443077,0.0021210618882665
2.7847767299483537,0.0221646578080921,0.0148612826787367,216466463169.3658,7959.71013179451,0.0268274133727407,4.773761943099836,7.517579143525736,0.65,2.0,0.002,4,4.5315989866421305,18.12639594656852,40.78439087977917,72.50558378627409,0.0035782344133839,0.0014007653276857
2.771253239736613,0.0381028215246251,0.0123045293426894,180145759847.8708,7943.925712527281,0.0187656750010902,2.785839293450852,6.904028261833635,0.65,2.0,0.002,4,3.459682682644598,13.838730730578392,31.137144143801383,55.35492292231357,0.0015205219052769,0.0007359271792676
1.6917276753973298,0.0394859442646837,0.0072918807352876,219485748884.7584,7692.183728637039,0.0341071955264234,0.516269835706734,1.972700770250999,0.65,2.0,0.002,4,6.1714361717146735,24.68574468685869,55.542925545432055,98.74297874743478,0.0002485266747918,0.0001404573174296
2.164407114868193,0.0445115729159585,0.0173662367823547,217229881001.1839,7813.504746836365,0.035327910216252,1.5439731604818612,17.696193240371212,0.65,2.0,0.002,4,8.863268552417471,35.453074209669886,79.76941697175725,141.81229683867954,7.725218149072865e-05,2.7200955951572798e-05
1.243934803672058,0.0546472135645558,0.0177568089520759,200268563897.6286,7969.514135969925,0.0071510853614275,9.20018576143937,51.1001502897283,0.65,2.0,0.002,4,26.08491388163664,104.33965552654657,234.7642249347298,417.3586221061863,4.6142837112335016e-05,1.6860834902601384e-05
1.7869141479766435,0.0735742997217609,0.0050406091051368,191950362824.9053,7822.016914021019,0.0200342236846979,2.7932473728589278,3.645537842473394,0.65,2.0,0.002,4,3.546010294881852,14.184041179527409,31.914092653936667,56.736164718109634,0.0298499626817527,0.0142353187206034
1.8978341930850324,0.0629920736971079,0.0106555286158327,197490391244.48743,7665.468447688814,0.0355833705344621,0.8615550174244527,13.501964495252317,0.65,2.0,0.002,4,6.809125748306205,27.23650299322482,61.28213173475586,108.94601197289929,8.644165644565456e-05,3.206089036714786e-05
1.1153853433328802,0.0248326968027867,0.0159051635894203,214562978829.686,7657.319535700996,0.017974335551471,2.0307917296837905,7.620858729258581,0.65,2.0,0.002,4,30.687148672888014,122.74859469155209,276.18433805599216,490.9943787662083,2.5393282917295764e-05,1.5458150297739332e-05
1.1327177614922097,0.0333563914686362,0.0051945133314332,200392296237.14288,7950.319941934411,0.0324299540612897,5.052054525296323,17.205305822194514,0.65,2.0,0.002,4,9.216773310954512,36.86709324381805,82.9509597985906,147.4683729752722,0.001235782957413,0.0004272143346321
1.3766530294827684,0.0431896765236619,0.0151189188316828,200383551441.69443,7887.492853096398,0.0377087920417068,0.4074419101029574,33.24059815824137,0.65,2.0,0.002,4,18.233185280911474,72.9327411236459,164.09866752820326,291.7309644945836,7.216240219324077e-06,2.2703861533456678e-06
1.8456300341998144,0.0603155424762137,0.0063140480275753,193796362911.0469,7672.140694800097,0.0091439471530831,7.7571231131439164,1.8405002999181437,0.65,2.0,0.002,4,4.224374078230892,16.89749631292357,38.01936670407802,67.58998525169427,0.0070631556227246,0.0039586603998942
1.9352242567656768,0.0354623120851023,0.019143922121979,192702239217.0629,7622.114371909008,0.007645965345735,2.0907141923550907,4.779901231407441,0.65,2.0,0.002,4,11.654757052791272,46.61902821116509,104.89281347512144,186.47611284466035,0.0001385986970205,7.485850616870899e-05
1.3725710774212936,0.0201350917001381,0.013671797005158,197501809614.69977,7621.984290849589,0.0183310553238518,2.4671496200834344,11.208201145271044,0.65,2.0,0.002,4,16.750843606600135,67.00337442640054,150.75759245940122,268.01349770560216,0.0003265657124008,0.000158425538218
1.1216597350027229,0.0291860225482026,0.0099691519012935,206803726965.9428,7775.614044891238,0.038038778069821,8.689218869174606,29.000857160110183,0.65,2.0,0.002,4,18.530069163957915,74.12027665583166,166.77062247562122,296.48110662332664,0.0004997673700019,0.000166741675431
2.8676593617265658,0.0288764536751861,0.0196893369580566,213128885271.7573,7648.281770579062,0.0096136273950378,9.775239605662254,3.775022990265588,0.65,2.0,0.002,4,5.731185147736071,22.924740590944285,51.58066632962464,91.69896236377714,0.0053819464733111,0.0027351327383754
1.4803464592593376,0.0243511147459674,0.0103353643235768,207006651809.8226,7917.22925109766,0.0205617318286235,0.9298664898267148,17.134319592663417,0.65,2.0,0.002,4,10.93537916152363,43.74151664609452,98.41841245371266,174.96606658437807,0.0001826683172379,6.519128181393526e-05
2.788223485233478,0.0492554569479309,0.0078697237998653,219919963358.7329,7618.812895291342,0.0297339819347411,2.2745268464451835,4.655587346689786,0.65,2.0,0.002,4,2.4661657139569835,9.864662855827934,22.19549142561285,39.458651423311736,0.0035328402193988,0.0016235538820595
2.0118476069265467,0.0771698451765282,0.0117975059919343,190466793965.2916,7658.631471511603,0.045549387636192,2.374952572102703,3.6153703281988863,0.65,2.0,0.002,4,6.591182682987891,26.364730731951564,59.32064414689103,105.45892292780626,0.0004280096626846,0.0002307252883268
2.72126080279226,0.0348008226335688,0.0150177373827197,185174512138.33096,7710.061010240685,0.0112394523305038,2.9068555893323693,6.374791620373912,0.65,2.0,0.002,4,4.506663425257559,18.026653701030234,40.559970827318025,72.10661480412094,0.0023379125946995,0.0010646697545017
2.402469229843497,0.0573187970800005,0.0114039256051299,212647108695.71863,7971.993387792481,0.0367568906747107,4.247617403933887,9.218510824675793,0.65,2.0,0.002,4,4.627157022453533,18.50862808981413,41.6444132020818,74.03451235925652,0.0009056026285516,0.000359716098673
1.720356076863504,0.0486687161708634,0.0098334343044627,196926568451.613,7832.298859601453,0.0207337871922908,4.6949165867464,8.258591642151082,0.65,2.0,0.002,4,7.554492845166588,30.217971380666352,67.99043560649929,120.8718855226654,0.0049334538080852,0.0024612579059494
1.4699210696894722,0.0280052042438337,0.0058276676685158,219067694167.9853,7814.710730904244,0.0378340007279313,7.752437124000181,5.401614554106544,0.65,2.0,0.002,4,6.475431543192169,25.90172617276868,58.27888388872952,103.6069046910747,0.01900549775786,0.0098485026129377
2.0246169245765,0.0531451490685164,0.0112653016649607,206571707539.56268,7729.915951113443,0.0382846764857448,5.100642069598384,5.38399522278814,0.65,2.0,0.002,4,6.442202733413375,25.7688109336535,57.97982460072039,103.075243734614,0.0034949393305822,0.0018152262642527
2.297121051838614,0.0251563385820157,0.0186539163403314,193403281843.2944,7689.8771854348115,0.039730836095428,2.3890966822159307,16.01684844578328,0.65,2.0,0.002,4,8.039031542161354,32.156126168645415,72.35128387945218,128.62450467458166,0.0002422726735012,8.562716194139863e-05
2.9042917175507235,0.0304264178379228,0.0178801605095668,204623230378.92896,7924.327135259836,0.0449852615639317,8.059450985059462,6.157987913675485,0.65,2.0,0.002,4,4.884458958252546,19.537835833010185,43.960130624272914,78.15134333204074,0.0065992067416919,0.002996962205915
1.7745833441719332,0.0269439686786811,0.0179838562738301,204366163271.12375,7658.440873840805,0.0240743481295071,4.2254875290925,17.137307132960714,0.65,2.0,0.002,4,13.376841738314702,53.50736695325881,120.39157564483234,214.02946781303524,0.0005633247345787,0.0002199863427824
1.827041457721078,0.0447970011077277,0.0057165098293786,188785455507.7588,7947.730179689927,0.0432434885606906,1.1404702978657897,0.8805620073189212,0.65,2.0,0.002,4,3.784653402536036,15.138613610144144,34.06188062282432,60.55445444057657,0.0013062499647772,0.0008469303584736
1.9404846676440688,0.0644721194563805,0.0105784921380793,197176192714.74533,7860.930731202969,0.0337813889057358,9.71474107343838,7.739823024560833,0.65,2.0,0.002,4,6.380031809331112,25.52012723732445,57.42028628398001,102.0805089492978,0.0046813300915008,0.0021224982892378
1.7389420923625056,0.0364521441376039,0.0159390686579058,192386081201.08737,7816.0567809332115,0.0465450590871327,5.438832224310466,15.541708362234122,0.65,2.0,0.002,4,11.858095036383268,47.432380145533074,106.7228553274494,189.7295205821323,0.0006117955719611,0.0002511002662227
1.8042518901470064,0.062813091823535,0.0145764496899686,201637392242.63824,7660.647928986694,0.0308948925804653,3.056050132004088,15.276006331358069,0.65,2.0,0.002,4,10.416923110014435,41.66769244005775,93.75230799012994,166.670769760231,0.0002111472384101,7.947207008761768e-05
2.7229508041754698,0.0707346937390242,0.0159089142950003,213174399316.00037,7649.731392393176,0.0392411999786153,3.347537421542866,9.047216314194031,0.65,2.0,0.002,4,5.13611379426906,20.54445517707624,46.22502414842155,82.17782070830496,0.0004913899961467,0.0001804286576461
1.081639937877069,0.0710693945925199,0.0117698276583394,216234898684.9276,7814.537282421882,0.0264124897378829,2.034325817716308,25.08308293350318,0.65,2.0,0.002,4,23.996350036662168,95.98540014664869,215.96715032995957,383.9416005865947,0.0001735416097395,0.0001021394873072
1.7693669453226828,0.0308423717460085,0.010281807108883,191498920741.9369,7669.814852650716,0.039383422403958,5.013258554009434,13.801100348754126,0.65,2.0,0.002,4,7.441382213728959,29.76552885491584,66.97243992356063,119.06211541966334,0.0010673727846039,0.0003748569750551
1.3083512756124196,0.0725757090490673,0.0069539248858107,216704913283.2447,7868.784344513683,0.0287673307215738,2.8561667471417658,8.18844227798422,0.65,2.0,0.002,4,9.666985840134345,38.66794336053738,87.00287256120912,154.67177344214952,0.0011314114077709,0.0005690482959839
2.098194847758695,0.0316036205257427,0.0176926467941203,184092761829.67853,7794.619871796068,0.043674756100676,5.341238170627668,13.90178183143466,0.65,2.0,0.002,4,8.856279526435628,35.42511810574251,79.70651573792065,141.70047242297005,0.0006823950972654,0.0002419249447755
1.5933519202701545,0.045471182038024,0.0068406113530631,190848798969.5155,7913.208055507287,0.0368195187173904,4.081981628579012,7.437017586633082,0.65,2.0,0.002,4,6.0002476849409705,24.00099073976388,54.00222916446873,96.00396295905551,0.0043298768827812,0.001939636652084
2.921264526814053,0.065619519581812,0.0167256748983017,213361357643.0804,7701.795279660646,0.0198646519860017,1.2724747651974964,4.138089132109942,0.65,2.0,0.002,4,4.677707188945187,18.71082875578075,42.09936470050669,74.843315023123,0.00136239702317,0.000703354510261
2.0351656880190814,0.0425829505317894,0.0068445858076712,184234133855.5642,7661.214753462438,0.0142620653023087,7.562485452718172,3.2596364627717613,0.65,2.0,0.002,4,3.674625738673317,14.698502954693266,33.07163164805985,58.794011818773065,0.053796867413424,0.0295144781166282
1.3999759234350828,0.0638134207685431,0.0192241398390248,188869811495.71985,7981.261283085131,0.0196373210455145,5.622686953813826,31.650740770521523,0.65,2.0,0.002,4,21.636178036957453,86.54471214782981,194.72560233261711,346.17884859131925,6.841964883439757e-05,2.3942674245456703e-05
1.137089755846757,0.0641884674436284,0.014518139029461,199174190888.0454,7619.336541990421,0.0465607137376533,4.8266657903747525,23.931085288978327,0.65,2.0,0.002,4,26.03206761589942,104.12827046359769,234.2886085430948,416.5130818543908,0.0001904813786616,0.0001148715165458
1.709603838275198,0.0207796009203077,0.0092088293079912,193224022165.63916,7709.6982140872415,0.0415341568934413,7.623271336181494,10.385305990474793,0.65,2.0,0.002,4,7.152445850264219,28.60978340105688,64.37201265237798,114.43913360422752,0.0052869087955057,0.0020840810247076
1.467494708823846,0.0793853822411268,0.0192300278145806,190620844385.2925,7776.724861843971,0.0452654573711389,4.122328848279193,38.46314211818119,0.65,2.0,0.002,4,20.0467006759048,80.18680270361921,180.4203060831432,320.74721081447683,2.188978252206066e-05,7.052894723659914e-06
1.7793423719657313,0.0296568454148905,0.009136431132426,215191058242.4348,7789.752853164548,0.0203608994985819,2.239509345313494,7.379175339874369,0.65,2.0,0.002,4,6.877602450432264,27.510409801729057,61.89842205389037,110.04163920691624,0.00604298091234,0.0032380687033976
2.773682323306126,0.0241464014667924,0.0148115020741955,186118846838.7889,7684.353346219303,0.0438893416510887,8.962384143011985,1.4987855402543282,0.65,2.0,0.002,4,4.29641707016727,17.18566828066908,38.66775363150544,68.74267312267632,0.0073993617108205,0.0041316954754053
2.146369107460507,0.0423255149485325,0.010217966462156,183294571360.9239,7629.259685880805,0.0220459348843479,9.269365585414972,7.401628240235452,0.65,2.0,0.002,4,4.929677532439972,19.718710129759888,44.36709779195975,78.87484051903955,0.0059061778178838,0.0024944174948537
2.091658387520248,0.0360566514597306,0.005498497441468,182063029735.2922,7878.00421055475,0.0487915630696432,4.601414997898142,1.2731412494394423,0.65,2.0,0.002,4,2.7396466141566567,10.958586456626628,24.656819527409912,43.83434582650651,0.0180263278134986,0.0103704756960144
2.1362549418976746,0.0335266154344862,0.0113825342008129,215528322468.78183,7887.702487806598,0.034299500751555,2.886686148289175,2.508174495926004,0.65,2.0,0.002,4,5.9120618761305845,23.648247504522335,53.20855688517526,94.59299001808937,0.0012515467563333,0.0006893743039838
2.426549243937896,0.0483822734064031,0.0195294913966783,214866550099.18695,7805.922796151978,0.0473228468837743,8.13273919643581,6.808754588216424,0.65,2.0,0.002,4,7.890676675985533,31.562706703942133,71.0160900838698,126.25082681576852,0.0024798429208987,0.0013604672580497
1.7778421966633369,0.0767792612215958,0.014571788197899,211214543508.9511,7614.87989403302,0.0433591835963829,4.234619144701347,16.810995766477713,0.65,2.0,0.002,4,11.009968208796217,44.03987283518487,99.08971387916596,176.15949134073946,0.0001898161412749,6.798024443708872e-05
1.9012711802274225,0.0308082793912434,0.0161710901920395,207917639587.13025,7812.916055600866,0.0120523636051619,5.612961375035555,3.9790325873625454,0.65,2.0,0.002,4,10.464524811842754,41.858099247371015,94.1807233065848,167.43239698948406,0.000593414810026,0.0003199195439192
2.071696026675218,0.0646343989321692,0.0102733082285213,204631211300.0565,7765.295750951795,0.0287209948452452,6.401874799347252,1.654625593935709,0.65,2.0,0.002,4,5.571786197506043,22.28714479002417,50.1460757775544,89.14857916009669,0.0015708038473541,0.0009070345924498
2.5702771781844733,0.0570478666149018,0.0106532251960702,216751519042.672,7863.869082564744,0.0468157490079685,4.7966833573624745,3.9092574821553576,0.65,2.0,0.002,4,3.838958160477609,15.355832641910435,34.55062344429848,61.42333056764174,0.0179429472849908,0.0094385422176339
1.122332688980808,0.0266631266903984,0.0056040899183594,204080438412.0964,7932.7456724466,0.0231197352623902,0.9978849517431349,8.925200555969656,0.65,2.0,0.002,4,10.232459825379362,40.92983930151745,92.09213842841427,163.7193572060698,0.0014296962629098,0.0007103382872791
2.905373789059124,0.0722544144935627,0.0066794435116291,202777180657.13248,7861.31869699432,0.0196592823677828,2.71555050420267,2.3251484437632137,0.65,2.0,0.002,4,1.822331346795584,7.289325387182336,16.400982121160258,29.157301548729343,0.0199241383850965,0.0099637435213006
1.9226788429255608,0.0707535532763697,0.0184392976397683,184538309335.0512,7624.811440758457,0.0104759683675203,6.746812406619538,12.89754885491523,0.65,2.0,0.002,4,11.127275695081115,44.50910278032446,100.14548125573003,178.03641112129785,0.0008841220320282,0.000387404580963
2.342438016554808,0.0330136412424048,0.0077291000660311,202260010191.25647,7878.382567606171,0.0243784735579197,7.834749773144953,5.396255956855498,0.65,2.0,0.002,4,3.236372094276889,12.945488377107557,29.127348848492005,51.78195350843023,0.0149373422208074,0.0062710495493356
2.430985993581797,0.0280523376023218,0.0051449458064037,197365951374.4149,7635.807570535321,0.021098865286077,2.3150536563404023,3.7118488808291015,0.65,2.0,0.002,4,2.0070295830233973,8.02811833209359,18.063266247210574,32.11247332837436,0.0158776785415572,0.0076597576266724
1.3847477096694931,0.0373317778492623,0.0083441185136026,195530145786.55975,7802.6724505722195,0.0089201125714806,9.105467865075758,2.018767198275341,0.65,2.0,0.002,4,9.8776488031094,39.5105952124376,88.89883922798461,158.0423808497504,0.0012345482721229,0.0008166328348324
1.7235171686403965,0.0592020438675355,0.0158902152404317,202367350870.0728,7605.594709390524,0.0060087193727913,8.829263319703047,6.701459364243572,0.65,2.0,0.002,4,12.512135529121972,50.04854211648789,112.60921976209777,200.19416846595155,0.0004673902005198,0.0002394684820854
1.823190821795676,0.0460672579117502,0.0195126443600915,207289853746.1876,7678.565853073026,0.0498801746675327,2.6411095454670126,19.84132614825679,0.65,2.0,0.002,4,13.830252123813544,55.321008495254176,124.4722691143219,221.2840339810167,0.0001059656754539,4.0224426813468926e-05
2.084438369849554,0.0423697483914099,0.0183219496034887,216723792305.4615,7703.532037922579,0.009305064968273,9.911690019614069,4.76491409344483,0.65,2.0,0.002,4,10.142176626654996,40.56870650661999,91.27958963989498,162.27482602647996,0.0008184814413502,0.0004369545346513
1.839748783253241,0.042269462246154,0.0163150303457601,205213026406.7744,7737.628639906897,0.0229037264398727,4.142999207171526,4.8109347063883225,0.65,2.0,0.002,4,11.256376546575028,45.02550618630011,101.30738891917524,180.10202474520045,0.000284103077458,0.0001536426931949
1.4798896978891918,0.0756796941077443,0.0189174271995621,199849816511.22757,7984.858937577721,0.023707272192996,3.9350507978195233,36.25966524295412,0.65,2.0,0.002,4,19.59525341672737,78.3810136669095,176.35728075054638,313.524054667638,2.6958252757045567e-05,8.54650568233268e-06
1.8988316812523356,0.0269758055404454,0.0077387333935844,193917777484.14236,7668.44666624201,0.0400231597370964,0.2396464183817139,4.554489091165847,0.65,2.0,0.002,4,4.894195491295563,19.576781965182253,44.04775942166007,78.30712786072901,0.001376877636947,0.0008198369764789
1.636128294217359,0.0407728673216654,0.0137772173246195,203857298715.63367,7725.879965454853,0.0198643048598941,6.971045630542856,16.367632149454554,0.65,2.0,0.002,4,11.987957848655796,47.951831394623184,107.89162063790216,191.80732557849277,0.0007967111894773,0.0003004287037461
1.0228698775178522,0.0789458354134517,0.019140403792167,191251437699.86224,7823.4333360663,0.0396718328115342,9.212631458569788,51.4587906957361,0.65,2.0,0.002,4,41.015048759530295,164.06019503812118,369.1354388357727,656.2407801524847,3.983032385393205e-05,1.6448709586076803e-05
1.4640405734501845,0.0277193677059889,0.0139039741342327,185910490691.26688,7673.217054134649,0.0478468732079612,0.3887400606948236,7.76476740074291,0.65,2.0,0.002,4,14.478553885541364,57.91421554216545,130.30698496987227,231.6568621686618,3.257658461722552e-05,1.793928158500082e-05
1.3232364473831333,0.0324762564200116,0.0139412293601763,193332024143.2844,7600.357232819617,0.0060932432167953,4.140179943947896,20.80412327467747,0.65,2.0,0.002,4,18.209176822048967,72.83670728819587,163.8825913984407,291.34682915278347,0.0006772382331606,0.0002873674580713
1.216755068494878,0.0282708644648788,0.0136686577590497,195105190206.98425,7918.984835500252,0.0487390143138746,8.141936871219484,19.339012199460136,0.65,2.0,0.002,4,20.780139145216545,83.12055658086618,187.02125230694887,332.4822263234647,0.0012244198324204,0.0007657611560746
2.7370604211541254,0.0642098852965765,0.0055204863783652,206930576585.54868,7927.097969781306,0.0171972341858229,6.568792187542222,1.8593624124216863,0.65,2.0,0.002,4,1.707233988929289,6.828935955717156,15.3651059003636,27.315743822868622,0.17386371582191,0.0825777201669138
2.464773865008532,0.0623462581972375,0.0063394695207243,184368287386.34616,7952.112885422901,0.0140381349351335,3.106244605054959,3.261994181698314,0.65,2.0,0.002,4,2.2783993810871994,9.113597524348798,20.5055944297848,36.45439009739519,0.0118384986127598,0.0057483831211509
1.5723007254267132,0.0427065824266785,0.0166433816046259,217763237551.45563,7969.734070739193,0.0126807634307305,0.6980934262063401,26.990185712997384,0.65,2.0,0.002,4,15.957687738759612,63.83075095503845,143.6191896488365,255.3230038201538,1.935541661940117e-05,6.59765652587153e-06
1.6852527161039847,0.0573811231972458,0.0164856549147353,218232675541.59024,7855.558064369101,0.0208210744282667,7.24028230742573,22.86391575911712,0.65,2.0,0.002,4,13.87320341993155,55.4928136797262,124.85883077938396,221.9712547189048,0.0002112500704497,7.023974364599736e-05
2.5913334546562217,0.0321021351441514,0.0079565737650925,197829974335.33096,7977.976235332133,0.0313454732856056,6.386825659248443,0.5819762226227606,0.65,2.0,0.002,4,2.675521355767542,10.702085423070168,24.07969220190788,42.80834169228067,0.01435776866168,0.0090990753252632
1.4581853306258086,0.0295438692807357,0.0170921858930478,192274481687.02924,7870.317004086991,0.0293061267293994,8.277373298776226,27.951807219290554,0.65,2.0,0.002,4,18.016321518812127,72.06528607524851,162.14689366930915,288.26114430099403,0.0002978175202603,0.000100582789773
1.2932462857287057,0.0459179634188647,0.0092600872450373,184753101690.48105,7804.816773385382,0.0124534886455555,5.946320344998661,6.174167602138478,0.65,2.0,0.002,4,12.215081417691149,48.8603256707646,109.93573275922036,195.4413026830584,0.0005939200113796,0.0003386199590001
2.0329148713610867,0.0661989428712103,0.0054823449410455,192475459499.80252,7850.987490217467,0.0474788612667735,3.997142158876827,5.824328120198511,0.65,2.0,0.002,4,2.9783982317649937,11.913592927059977,26.80558408588495,47.6543717082399,0.0037898945366035,0.0016278327239543
1.8548498945457876,0.0505684811077552,0.0077142892412193,198520613989.4532,7749.212155637716,0.0349758997094484,4.404735062615212,8.248311480591104,0.65,2.0,0.002,4,5.146140774759092,20.58456309903637,46.31526697283183,82.33825239614548,0.0023546100424791,0.0008848626221756
1.424456268506402,0.0766354693005279,0.0137729202107781,198666303991.62305,7764.583315876904,0.0088138435540194,2.1205351911565757,11.285153810517697,0.65,2.0,0.002,4,15.568976853801692,62.27590741520677,140.12079168421525,249.10362966082707,0.000106866175125,4.884832987030154e-05
2.0393734915583632,0.0466659252918114,0.0177155254361523,196767430013.25592,7776.707855416535,0.030979764397338,7.068109296753919,15.531850923406074,0.65,2.0,0.002,4,9.71557405845255,38.8622962338102,87.44016652607296,155.4491849352408,0.0005067500655274,0.000175520918784
1.8584707668954543,0.0202128168981544,0.0111928215879717,191252884603.2834,7829.68001204984,0.0458832732282978,5.110910434302974,10.283476748365253,0.65,2.0,0.002,4,7.262553710450999,29.050214841804,65.36298339405899,116.20085936721598,0.0030906267356498,0.0012172374670267
1.4791550792147024,0.0467307482164151,0.0156959017537431,215533209153.2889,7857.218249322606,0.0159244927273958,1.5482988667923392,29.215753986154017,0.65,2.0,0.002,4,17.03769332013914,68.15077328055656,153.3392398812523,272.60309312222626,3.508815567666757e-05,1.1595061753482897e-05
1.8601834908771784,0.0339753753944658,0.0059411173691617,182846501118.11795,7672.858550122073,0.0192465287091101,1.5651212971335722,3.2579081019986806,0.65,2.0,0.002,4,3.800585839241225,15.2023433569649,34.20527255317103,60.8093734278596,0.011787741065318,0.0059780810224649
1.251866008634105,0.0368905489949401,0.016499775274311,209157600090.62607,7682.048100562947,0.0264290987555104,1.060170930502253,37.08498074480468,0.65,2.0,0.002,4,24.910927763717723,99.64371105487088,224.19834987345956,398.5748442194836,1.875110855152057e-05,6.486975446559574e-06
1.484152974329695,0.0362390097896114,0.0194206684302305,208003300274.73328,7931.121817753776,0.0250865456311305,7.787579932478616,40.2394793458162,0.65,2.0,0.002,4,20.47405646576513,81.89622586306054,184.26650819188623,327.58490345224214,8.177858323400413e-05,2.6944665266202832e-05
2.3279144902148854,0.0606124540203686,0.0161197540403614,185061464342.90823,7927.406956101785,0.035966651069343,0.4020002592373278,5.2401438276746495,0.65,2.0,0.002,4,6.516974747530209,26.067898990120835,58.65277272777188,104.27159596048334,0.0001425406014681,7.24115280106731e-05
1.974914938674812,0.0780391753729385,0.0099365576492251,211378278633.33145,7842.976047278265,0.0249723921483332,4.201753242729448,6.998935023291057,0.65,2.0,0.002,4,5.997332879204176,23.989331516816705,53.97599591283759,95.95732606726682,0.0026306568128152,0.001228405456697
2.0385997162761007,0.0520804914936114,0.0126622809081231,210010534264.2125,7902.9971566623135,0.0198312239483169,3.5724529363328106,1.63574419979667,0.65,2.0,0.002,4,7.121998963629193,28.48799585451677,64.09799067266273,113.95198341806709,0.0004723189673483,0.0002925690965268
1.8781580299056917,0.0546196116251356,0.0167251207991459,182781393545.4452,7881.191218164875,0.0459738880212657,4.448047648181706,2.318008613668305,0.65,2.0,0.002,4,10.353908294849216,41.41563317939686,93.18517465364296,165.66253271758745,0.0001881957381745,0.0001222869407532
2.193923601506145,0.059598779009878,0.0127407201200725,218635698503.59143,7657.71880813571,0.0080317755961604,8.180045057878685,1.329977346009642,0.65,2.0,0.002,4,6.413440335996553,25.65376134398621,57.72096302396898,102.61504537594485,0.0011434741328365,0.0007233909320142
1.3454584328735075,0.0582667791722254,0.0112902164935632,192218459082.04535,7863.714508825675,0.0220341221367762,1.7664705159112408,14.965459945387542,0.65,2.0,0.002,4,13.982171680402836,55.92868672161135,125.83954512362554,223.7147468864454,0.0004690557458775,0.000243598055862
2.5571804141282533,0.0413587815208094,0.0187908314592267,213607711340.6132,7632.893376903578,0.0456326624570812,2.306009849048513,12.834815465466518,0.65,2.0,0.002,4,6.893128552780991,27.572514211123963,62.03815697502892,110.29005684449584,0.0002282323405453,8.065317504319014e-05
2.3448322339216623,0.0348471439323798,0.0099120620070394,196227550013.90347,7845.848101456556,0.0433491839144863,6.187674606105486,6.160664716127007,0.65,2.0,0.002,4,4.088177614355908,16.352710457423633,36.79359852920318,65.41084182969453,0.006514194271289,0.0026569082658272
2.481401751613655,0.0752757104866237,0.013430954206876,191025227232.62576,7628.38532594064,0.0169749247113141,6.221808968765076,9.66850152031886,0.65,2.0,0.002,4,4.949610278818345,19.79844111527338,44.54649250936511,79.19376446109352,0.0008500836195653,0.0003828662405506
1.248196023284334,0.0697322746296535,0.0119487376469299,199609210828.0016,7727.494185465426,0.007088595438283,2.0166507345346787,27.766217495357644,0.65,2.0,0.002,4,17.674886586955267,70.69954634782107,159.0739792825974,282.7981853912843,4.866929505481351e-05,1.833095548724396e-05
1.1600388510532191,0.0746535769837944,0.016169689463023,217272959270.91803,7787.995972933421,0.0235981624528761,3.6482321957707455,37.68187610589393,0.65,2.0,0.002,4,28.77900966491584,115.11603865966336,259.0110869842425,460.46415463865344,3.753339641109152e-05,1.3929108431018531e-05
1.0319393195605675,0.0531342540297948,0.0139106037179916,183984986100.86215,7817.971223147463,0.0244275597882203,4.432506644878913,56.19044051848304,0.65,2.0,0.002,4,28.73499130724471,114.93996522897883,258.6149217652024,459.75986091591534,2.305868491052756e-05,7.381755270512362e-06
2.7827483341434096,0.0333530722185994,0.0109899768322453,201646388700.45383,7926.718701127464,0.0420457843214039,8.607785067183466,3.682215155596519,0.65,2.0,0.002,4,3.2458367199479743,12.983346879791895,29.212530479531768,51.93338751916759,0.0390902375689595,0.0217857207604612
2.4200337601092468,0.058133621240611,0.0161599208404248,201264516747.8176,7790.453528436165,0.0252289508505584,6.440348199826048,3.5789313889805023,0.65,2.0,0.002,4,6.359571739203768,25.438286956815077,57.23614565283392,101.75314782726028,0.0013099694212553,0.0006664127770638
2.7570325727945235,0.0635293951536676,0.0166327503069356,195146683170.54065,7722.930089406221,0.0056470025292983,7.895311128357498,2.447935044810368,0.65,2.0,0.002,4,4.987685522534555,19.95074209013822,44.889169702811,79.80296836055288,0.001970515734725,0.0011263353782424
1.176859028686563,0.0747591546759652,0.0186564148076242,194056634635.828,7917.375552670104,0.0151086850243442,0.4008915504888466,17.366449688155004,0.65,2.0,0.002,4,30.240027455288537,120.96010982115416,272.1602470975968,483.8404392846166,2.5438712784648213e-06,1.2192391704772047e-06
2.755891153440293,0.0409010978142505,0.0165941151550181,212786327366.1972,7795.385757767704,0.010418851245705,3.407162515912582,10.24818210100224,0.65,2.0,0.002,4,5.176214749504024,20.704858998016096,46.58593274553621,82.81943599206438,0.0006023862893576,0.0002955306354152
1.2154818919117931,0.0749607107082564,0.0084532098634232,181496502247.0472,7821.940987756593,0.0216915027738097,8.31491845701089,20.68188461361661,0.65,2.0,0.002,4,12.497719731825772,49.99087892730309,112.47947758643195,199.9635157092124,0.0004426168255944,0.0001486250400335
2.774423862045356,0.042602100101614,0.0128502290770367,210747526072.17255,7748.5993688482895,0.0342096194582425,0.8591305468625335,4.206981931327947,0.65,2.0,0.002,4,3.947881795244149,15.791527180976594,35.53093615719734,63.166108723906376,0.0030336625497827,0.0017544468432463
1.054200553949475,0.0329943878445045,0.0077637124171826,200178969788.49945,7774.076692183811,0.0262264786487702,8.791321790024963,17.520722009581686,0.65,2.0,0.002,4,16.0744835411484,64.2979341645936,144.67035187033562,257.1917366583744,0.0036685190683661,0.0018364730592211
2.154706418193161,0.0359392073233768,0.0176427962331766,207310671345.07263,7601.565962323762,0.0304553575249712,2.3951633005153186,2.0486513051179087,0.65,2.0,0.002,4,8.99869964740711,35.99479858962844,80.988296826664,143.97919435851375,0.0002082248492722,0.0001306333308544
2.573960232728851,0.0629404585588302,0.0050591523632841,181069914919.2738,7678.01328621522,0.0075254409972763,5.360296742176028,0.4562452895530247,0.65,2.0,0.002,4,1.681520113203591,6.726080452814364,15.133681018832322,26.904321811257457,0.0295269660307829,0.018210518428182
1.729580054516728,0.0604617583275708,0.0139324150014462,189763569827.79343,7617.455051259051,0.0435209814433881,4.97383614807295,13.8476714777663,0.65,2.0,0.002,4,10.540853810620998,42.16341524248399,94.867684295589,168.65366096993597,0.0005043133309545,0.0002063099245873
1.570145632223945,0.0719214230252023,0.0143735052346534,218018160618.35123,7730.380838386796,0.0292115107331565,1.991352031373328,6.241934993163442,0.65,2.0,0.002,4,14.039704440003216,56.15881776001286,126.35733996002892,224.63527104005144,5.882019190777086e-05,3.22830985345153e-05
2.779610543619027,0.0654614046837802,0.0062097710899978,194217674857.5497,7884.765417103124,0.0122610563605265,5.08404789744172,1.396353544978708,0.65,2.0,0.002,4,1.8087849306099248,7.235139722439699,16.279064375489323,28.9405588897588,0.0567038892295348,0.0314306003963445
1.9100169737312724,0.0737241357556527,0.0070222852628008,182052473218.14893,7798.332463989862,0.0289865534036949,2.7402229438124825,8.143239123634604,0.65,2.0,0.002,4,4.217263009815376,16.869052039261504,37.955367088338384,67.47620815704602,0.0009914308355968,0.0004184480582401
2.9482192379611645,0.0217006262342839,0.0161066803216719,217077214502.38663,7629.91261369094,0.0099576520297759,6.950375274652116,6.1237856326972935,0.65,2.0,0.002,4,4.481909466739002,17.927637866956008,40.33718520065102,71.71055146782403,0.0096684840120933,0.0043629689343788
1.4927044835664536,0.0705242091063343,0.0099530194339659,207441994780.236,7942.563852262296,0.0084985100116268,7.673741611262625,7.802958594309943,0.65,2.0,0.002,4,10.35152687578596,41.40610750314384,93.16374188207362,165.62443001257537,0.0013976589513642,0.0006657003000567
2.8720246255420965,0.0246826911204412,0.0177291165179214,187204582208.7663,7880.512373725624,0.0132735216759537,6.040134193384309,2.981878522216711,0.65,2.0,0.002,4,4.750300015582271,19.001200062329083,42.75270014024044,76.00480024931633,0.0057101383056449,0.0028566869713316
1.781628587158684,0.0348378845297562,0.0199125396251982,205848587282.49805,7958.564544245902,0.04779618210528,5.854281924675585,23.739362640655884,0.65,2.0,0.002,4,14.46698849035106,57.86795396140424,130.20289641315955,231.47181584561696,0.0001977659673923,6.510324983168745e-05
2.5901300620914123,0.0654601430865636,0.0156932108978496,182049620874.74487,7715.279863297469,0.0409304032093877,8.965964249121562,4.277083815894229,0.65,2.0,0.002,4,5.1524877445994735,20.60995097839789,46.37238970139526,82.43980391359158,0.0053807683214636,0.0028448305066018
1.1118817479489,0.0418630643538225,0.015303473832781,193668171811.63104,7626.52512704839,0.0193028015180366,2.525310504002607,5.933097663032085,0.65,2.0,0.002,4,28.28575990752106,113.14303963008425,254.57183916768955,452.572158520337,2.090124851420328e-05,1.3784011771938447e-05
2.81175620925105,0.0658333301221273,0.0179774520533869,183463845901.48093,7959.25371247182,0.0259717926411851,7.709573847015406,6.476933427032192,0.65,2.0,0.002,4,4.950409662442995,19.80163864977198,44.55368696198696,79.20655459908792,0.0026523506419879,0.0011595421665052
1.9770901071086115,0.0336139401925295,0.0125504640745457,196487848047.28693,7671.733906613724,0.0148728080916101,2.952601636859951,8.79723549684365,0.65,2.0,0.002,4,7.368128570914253,29.472514283657013,66.31315713822828,117.89005713462804,0.0021873839270475,0.0009795568933639
2.147529282443497,0.0473765223265434,0.0153410929981665,207294244522.2177,7860.237280639352,0.0078057461702417,9.639468994021485,6.228516329193711,0.65,2.0,0.002,4,7.746101115395368,30.984404461581477,69.71491003855832,123.93761784632588,0.0038497984210067,0.0018576522407126
1.1505768018503832,0.054953811139598,0.0065425272738016,217972042804.89703,7858.667590440515,0.030004082753601,2.058429214057569,13.317575017497054,0.65,2.0,0.002,4,11.802377635651718,47.20951054260687,106.22139872086548,188.83804217042749,0.0008364191675846,0.0003991384594372
2.3149120216350925,0.041606823623067,0.0090672853600262,203274561202.89145,7981.021913950592,0.010483372944042,6.481354986817462,7.133715786530346,0.65,2.0,0.002,4,3.872129038559516,15.488516154238065,34.84916134703565,61.95406461695226,0.0045541236682451,0.0021595097039099
1.238865882892474,0.0292981395889935,0.007484257708106,199111636272.7353,7842.954181371799,0.0129381023684486,7.153716442595889,7.863818848617276,0.65,2.0,0.002,4,11.141351675152146,44.56540670060858,100.27216507636932,178.26162680243434,0.0030834301911394,0.0014420796988088
1.733448345835935,0.063051171960537,0.0192440456435119,206761497204.94528,7818.86650837764,0.025186901360771,8.299125223672403,25.826046823323487,0.65,2.0,0.002,4,14.933677129310686,59.73470851724274,134.40309416379617,238.93883406897095,0.0001425133000372,4.5907824108279264e-05
2.994115658127723,0.0328050016671816,0.0065014003798911,202480288434.77203,7930.877497469997,0.0077337823938485,4.952031334660906,0.537206352589675,0.65,2.0,0.002,4,1.66161259669226,6.6464503867690405,14.95451337023034,26.58580154707616,0.0445798627730797,0.0240804317865749
2.3295173380464367,0.0597321580578964,0.0128774711737484,198556865785.75388,7883.840183799488,0.0324722516661604,4.950807566775376,2.311189521681878,0.65,2.0,0.002,4,5.400096174266972,21.600384697067888,48.60086556840275,86.40153878827155,0.0012833961831489,0.0007023753503242
1.5102783007898433,0.0784022333227042,0.006288983031435,186427615516.6939,7775.327005952714,0.0404452907528697,8.855153495538437,9.55116332309568,0.65,2.0,0.002,4,6.121974305851512,24.487897223406048,55.09776875266361,97.9515888936242,0.0027573556986624,0.0010248030149785
1.501729614914461,0.0717295348528288,0.010758348623392,187984601510.172,7787.178874604094,0.0164839088441752,2.4346327361287208,13.092655960320378,0.65,2.0,0.002,4,10.6282665918256,42.5130663673024,95.6543993264304,170.0522654692096,0.0003919393732062,0.0001624356868142
1.0254530989012494,0.0462364253260577,0.0075874461683101,218343409872.24817,7923.435507307977,0.0382786306484666,4.587987113792276,11.445484116930226,0.65,2.0,0.002,4,17.175387878269635,68.70155151307854,154.57849090442673,274.80620605231417,0.0004102725384153,0.0002062898356693
1.0371920631849207,0.0441960726529171,0.0066673711123888,184310656755.78223,7885.044406745628,0.0499773744210447,2.0253680252470723,8.332658716921427,0.65,2.0,0.002,4,13.58747209066801,54.34988836267204,122.28724881601212,217.39955345068816,0.0003047831212298,0.0001540062096719
1.5815122859197588,0.0489128082315603,0.0098409446370742,182927623991.4817,7724.851623157126,0.0148498669986378,8.172311463157731,5.418092156475798,0.65,2.0,0.002,4,8.68191392874396,34.72765571497584,78.13722535869564,138.91062285990336,0.0021191458185225,0.001026940836096
2.0615073423670185,0.0438232048988482,0.0170192752537283,184648166906.27145,7772.427204693648,0.0242712917273362,2.385036819758451,3.299057201421712,0.65,2.0,0.002,4,8.851048347103557,35.40419338841423,79.65943512393203,141.6167735536569,0.0002313011772445,0.0001246148330608
1.0807964377112411,0.0287991992582479,0.0119378967735957,186300535907.3621,7807.502169985537,0.0465229257246531,2.0840348261545247,8.894914275204068,0.65,2.0,0.002,4,22.637072374599114,90.54828949839646,203.73365137139203,362.1931579935858,6.638308911322218e-05,3.647596361411956e-05
2.15869318876922,0.057532300975097,0.0135560797496766,187446498691.0272,7889.224238829884,0.0082959422862429,5.9528801170142565,6.335149833929341,0.65,2.0,0.002,4,6.42988259090466,25.71953036361864,57.868943318141945,102.87812145447457,0.0184890411769696,0.0084759993330374
1.0514439022168534,0.0539750758120886,0.0110185928125019,202063608505.48044,7721.803282599001,0.0473657384774418,5.9543372031911215,44.62354054982793,0.65,2.0,0.002,4,23.11893693518919,92.47574774075676,208.0704324167027,369.90299096302704,5.876490411680635e-05,1.926067205743567e-05
1.5983757047704077,0.0656719734516437,0.0053414618227808,184164647012.46112,7664.746036001311,0.0190588251592628,4.089573429780846,4.919596854720662,0.65,2.0,0.002,4,4.647141442524014,18.588565770096057,41.82427298271613,74.35426308038423,0.0224903978270369,0.0127860392152434
2.550638427571056,0.0546535730071107,0.0088963004078931,215017561083.5186,7604.326453951583,0.0152347985057269,4.096951206336251,4.138280184473548,0.65,2.0,0.002,4,3.2972166637963785,13.188866655185514,29.674949974167408,52.755466620742055,0.0103527637900835,0.0050642194889478
1.9564292583392424,0.0667338159031943,0.0153225576443814,185216230137.5877,7909.385124402154,0.0240567041696565,6.0178014783093845,5.181178228123597,0.65,2.0,0.002,4,8.784162849811688,35.13665139924675,79.05746564830518,140.546605596987,0.0006302190435801,0.000310087629866
2.837591233363127,0.0343409018625059,0.0140051432522057,185740771817.94028,7898.911484568846,0.0107386005501299,9.999826635578168,1.400114784843637,0.65,2.0,0.002,4,3.824609868496639,15.298439473986557,34.421488816469754,61.19375789594622,0.0079962709881083,0.0044504911722807
1.6026490143138838,0.0417665333531702,0.0156333190495474,194523068450.43387,7601.2593604784,0.0462623585301,5.9351014898947945,8.089064368785637,0.65,2.0,0.002,4,13.96195981980464,55.84783927921856,125.65763837824176,223.39135711687425,0.0003679004264728,0.00018818774946
2.837595985964685,0.0684100668314273,0.0065620203141083,185356625746.14236,7627.844400719442,0.0271960193635077,0.8996404161527949,2.737274192344007,0.65,2.0,0.002,4,1.8216663960610076,7.286665584244029,16.394997564549065,29.14666233697612,0.0039798532412678,0.0019842161872519
1.9489718484431415,0.0273578090154133,0.0098642515276983,202731041569.9112,7740.429755397519,0.041609681391754,9.48425953087587,3.830375955380098,0.65,2.0,0.002,4,6.026426283703343,24.105705134813373,54.23783655333009,96.4228205392535,0.0086335987862322,0.0043363970357242
1.02507041935695,0.074587537029762,0.0146271983626883,203320570648.8497,7680.635804344945,0.0364975783442886,6.804820972415623,10.02999673810428,0.65,2.0,0.002,4,32.47693801025076,129.90775204100305,292.29244209225686,519.6310081640122,3.063590538289997e-05,1.7272589124589037e-05
2.307182743175113,0.0257900289748275,0.0121856860819193,181989150135.90872,7758.030289474444,0.0461921546363486,2.3988017253654887,9.607888412976967,0.65,2.0,0.002,4,5.027617897766925,20.1104715910677,45.24856107990233,80.4418863642708,0.0009990517826293,0.0003791520388332
1.0121112813193147,0.0785115998998122,0.0058221179101979,181739115791.493,7955.98479027573,0.0489216564623384,8.460894776958895,5.5576501202114015,0.65,2.0,0.002,4,12.3177377212359,49.2709508849436,110.8596394911231,197.0838035397744,0.0006989712391117,0.0003911937417022
2.974983778698132,0.0633007599701328,0.0173816162275353,217726662369.99347,7615.831385888427,0.0398488929816505,3.92482971004224,8.400950183480637,0.65,2.0,0.002,4,4.761539091458368,19.046156365833472,42.85385182312531,76.18462546333389,0.0006848842980865,0.0002543728124596
2.5011455213449683,0.0506159464781282,0.0080146613961481,214016341922.1374,7736.061283694304,0.009624954237728,4.218410344736488,3.767986224574438,0.65,2.0,0.002,4,3.0556248231500454,12.22249929260018,27.500623408350403,48.889997170400726,0.0164542216667779,0.007822340200182
1.676569836371879,0.0670630718834749,0.0127902943051179,199067111042.3552,7636.439168262891,0.0463550214712722,2.9024248721049046,9.367689687247047,0.65,2.0,0.002,4,10.534666792888576,42.1386671715543,94.8120011359972,168.5546686862172,0.0006409627278287,0.0003627358085347
2.449710452457049,0.0232372652112954,0.0056094801726973,197689721347.89743,7752.741205867423,0.0295586833393097,7.05616645424932,1.62166339620374,0.65,2.0,0.002,4,2.1403596837366305,8.561438734946522,19.263237153629674,34.24575493978609,0.1527977385614665,0.0804588178777115
1.7418423543988677,0.0733158142285572,0.0108177961039801,213807505099.63965,7822.245208052633,0.0053426616900155,1.96849345774183,15.85982906665783,0.65,2.0,0.002,4,8.452712784596137,33.81085113838455,76.07441506136524,135.2434045535382,0.0001398863216342,6.329403167788926e-05
2.0221334109129563,0.0717749608582042,0.0059189346007365,183051713317.75467,7662.064367533616,0.016905696492639,7.119393712706295,3.716273248577108,0.65,2.0,0.002,4,3.2082424919834454,12.83296996793378,28.87418242785101,51.331879871735126,0.0325159595887027,0.0163466608207539
2.321584487696822,0.0555298597455485,0.0147158431679836,204431662747.20752,7606.668827315336,0.0128508282304843,1.7391628192640194,2.4153000552912145,0.65,2.0,0.002,4,6.418332981030227,25.67333192412091,57.76499682927204,102.69332769648364,0.0003045366729809,0.0001662350266266
1.8804656527281696,0.0747132371241683,0.0111350636889383,193867444364.0784,7642.953121039609,0.0211140909062239,3.436166251215884,12.39646584998045,0.65,2.0,0.002,4,7.191392511903209,28.76557004761284,64.72253260712888,115.06228019045136,0.0003884864354399,0.0001429241959279
2.507404189660225,0.0500017187339405,0.0085019528654736,212435050141.7436,7649.807286947731,0.0238115867806107,8.191493686025124,5.307832076961809,0.65,2.0,0.002,4,3.231373001053064,12.925492004212256,29.08235700947758,51.70196801684902,0.010060763630573,0.0042322468050689
2.485017971622843,0.0608435866794883,0.0052199266430508,213456394064.7428,7660.340206016222,0.0290070056880953,7.788950217411798,2.7051963944462365,0.65,2.0,0.002,4,2.023322641741712,8.093290566966846,18.209903775675407,32.373162267867386,0.0572536463988865,0.0269989635094727
2.606964092583301,0.0675650496925908,0.0149720114827242,215769303329.1386,7935.210101438168,0.0109960703698073,9.571126469102486,9.40296638476442,0.65,2.0,0.002,4,5.209006763905967,20.836027055623862,46.88106087515371,83.34410822249546,0.0014795751858327,0.0006525242922185
2.1485489623526863,0.0288864848375475,0.0189289194514226,211917252541.4248,7693.527709704431,0.0184000220639669,3.877001746830508,9.07302271851474,0.65,2.0,0.002,4,9.758542620672689,39.03417048269075,87.8268835860542,156.136681930763,0.0028350921663138,0.001480108694097
2.418200528663677,0.070612438396509,0.0174648745511811,189243503077.0938,7863.211494761548,0.0170181273513795,6.321562834285674,5.720157462301687,0.65,2.0,0.002,4,6.643862132721783,26.575448530887133,59.79475919449605,106.30179412354852,0.002587551467815,0.001293028308609
2.659937661361912,0.0533725065593747,0.0189252185901458,185792390865.6775,7742.283437355089,0.040234640530209,3.14975150758163,5.925652013853173,0.65,2.0,0.002,4,5.941644585380637,23.76657834152255,53.474801268425736,95.0663133660902,0.0038539927102132,0.002094429844009
1.1275151457157984,0.0535655168196775,0.0086127442254332,199832317530.0755,7995.764532353928,0.009071281221569,5.981115026192611,7.632811770613279,0.65,2.0,0.002,4,15.357796187567512,61.43118475027005,138.2201656881076,245.7247390010802,0.0003372089085332,0.0001916330350349
1.4849657060566654,0.0487918040330639,0.0152488753648821,189130115018.53683,7732.294296821947,0.0468673077915117,0.5808359694848849,15.963875563565653,0.65,2.0,0.002,4,15.508163685131343,62.03265474052538,139.5734731661821,248.13061896210152,0.0001087587583826,7.141199817497895e-05
1.5339877246577194,0.0596003518281184,0.0050726532636033,195098651894.36685,7943.185475172429,0.0311241286332366,2.680174594640124,8.748835980685328,0.65,2.0,0.002,4,4.844516567118256,19.378066268473024,43.6006491040643,77.5122650738921,0.0015115024197986,0.0005811831302767
2.871136844064017,0.0562022767866832,0.0054136694096119,209374508204.0424,7652.293747588418,0.0444770367330775,9.488470044818282,2.260916476485224,0.65,2.0,0.002,4,1.5576837407982853,6.230734963193141,14.019153667184568,24.922939852772565,0.0870411403151463,0.0417631186454375
1.143174604303832,0.0221859168385916,0.0116476698086793,204685143107.38583,7947.554093356721,0.0099861977764687,2.047060980254133,23.66139265723095,0.65,2.0,0.002,4,20.51018524283592,82.04074097134368,184.59166718552328,328.1629638853747,0.0003985813603752,0.0001623632794097
1.4196727541397332,0.0235692263283937,0.0072343731458316,194208937612.84744,7768.492820987483,0.0294103010489107,8.15452114581909,1.824115330383444,0.65,2.0,0.002,4,8.138041242198085,32.55216496879234,73.24237117978278,130.20865987516936,0.0031361310897882,0.0019734877623336
1.0399398844571273,0.0552720089348271,0.0089679554178316,207461169172.4373,7911.037134945659,0.0324975725166416,9.89798517273851,26.135067736372505,0.65,2.0,0.002,4,19.255638491853507,77.02255396741403,173.30074642668157,308.0902158696561,0.0004678568963978,0.0001726516085334
2.148542939839172,0.031233837565391,0.010525759063382,190683651065.4965,7931.572392594986,0.0115003129783672,6.497173769239749,9.992188105833298,0.65,2.0,0.002,4,5.069576564491896,20.278306257967586,45.626189080427054,81.11322503187033,0.0024631397983279,0.0011956999892486
1.3198746753253072,0.0792227248846241,0.0146477558116979,186941793883.1692,7905.835334469511,0.0320845323866199,7.253256935370487,23.21372214358372,0.65,2.0,0.002,4,18.54019398993372,74.16077595973488,166.86174590940348,296.6431038389395,0.0002120766988038,8.555558068090247e-05
1.3053802676828414,0.0612520361065923,0.0057105876009423,191463750596.5525,7655.915036187947,0.0248484843327777,4.202102342744177,8.658613691175892,0.65,2.0,0.002,4,7.599424303779743,30.39769721511897,68.39481873401769,121.5907888604759,0.0043006332352506,0.0020257590392817
2.0499896438567404,0.0213737714186273,0.0099461349650377,196917096920.16623,7797.707904695683,0.0155055238695706,0.4375921769845379,3.931125757560976,0.65,2.0,0.002,4,5.393100318314993,21.57240127325997,48.53790286483494,86.28960509303988,0.0008933952643306,0.0004369355499258
1.3888679739579994,0.0367080758822383,0.0094906222900355,180462819024.7651,7812.172110320757,0.0267211229885068,1.333567065915205,21.25726151561346,0.65,2.0,0.002,4,10.722843899840065,42.89137559936026,96.5055950985606,171.56550239744104,0.0001029454043304,3.673816313103043e-05
1.6838538770913207,0.063058348858494,0.0171114740896442,219949734802.6706,7718.544822804466,0.0233573878009077,1.4545306524933004,18.03797437851833,0.65,2.0,0.002,4,14.608374087834546,58.433496351338185,131.47536679051092,233.73398540535277,8.429849403920866e-05,3.410718881945672e-05
2.653068512029394,0.0363263691733575,0.0190563638222106,214767852391.77148,7904.908242771915,0.0321686354747351,2.223117754107031,6.600295035283143,0.65,2.0,0.002,4,6.3989479843029375,25.59579193721175,57.59053185872644,102.383167748847,0.0033181599016678,0.0019337316208508
1.617939084818632,0.0784855600127366,0.0086221712782307,208922843499.2418,7829.561317428735,0.0363591522286159,6.475183671430893,11.357876113246483,0.65,2.0,0.002,4,7.715175616122338,30.860702464489357,69.43658054510104,123.4428098579574,0.0010462811212518,0.0004063642044285
2.765457367151744,0.0295801595386209,0.0189816210524569,208867226661.2256,7800.286294587857,0.0060409630571294,2.606539123762351,9.957198431837892,0.65,2.0,0.002,4,5.8238274112307735,23.29530964492309,52.41444670107697,93.18123857969238,0.0006963274773177,0.0003151237837479
1.4358539568660624,0.0292115540706122,0.0081738017829292,183848375354.623,7833.151666794783,0.0177192519276903,9.137875278039155,11.358387014951465,0.65,2.0,0.002,4,8.709524547547236,34.838098190188944,78.38572092792514,139.35239276075578,0.0054516118184418,0.0022179379702794
2.733610465902263,0.0547244437294381,0.0175155175733643,218549795082.3512,7892.864597709844,0.0063954719492742,7.144141711438406,6.7911600081892844,0.65,2.0,0.002,4,5.592897336538138,22.37158934615255,50.336076028843245,89.4863573846102,0.0038477802320585,0.0017752953882922
1.4819851165578684,0.0514335204080744,0.0186977115131603,194127992445.70468,7789.083796154495,0.0469780127574672,5.043204783567306,33.83489851771024,0.65,2.0,0.002,4,19.272183327170584,77.08873330868234,173.44964994453525,308.35493323472934,5.905769175509948e-05,1.880392513820941e-05
2.7607606002553844,0.0521720247866825,0.0143268804479113,190927487660.03503,7620.207878548802,0.0317555424000889,3.018076412707354,5.949744303221089,0.65,2.0,0.002,4,4.266524202761379,17.066096811045515,38.398717824852405,68.26438724418206,0.0018413947434115,0.0007721350608467
1.1861991752353591,0.0396241749336523,0.0187958590521269,217563824491.28864,7825.305792412618,0.0103185642149735,4.620265442173901,30.404717942560847,0.65,2.0,0.002,4,31.938821090173203,127.7552843606928,287.44938981155883,511.0211374427713,0.0003485460830327,0.0001719399312921
2.387039946409752,0.0200007901133724,0.0058916295992646,207938497635.02225,7921.160059182708,0.0372965706900227,6.663821201280161,3.5392093933029765,0.65,2.0,0.002,4,2.4022509406496577,9.60900376259863,21.62025846584692,38.43601505039452,0.0627787371362929,0.0284696147343265
2.862472471380204,0.0271840153100673,0.0067565534885016,183508360476.43076,7863.145314016211,0.023837373535567,7.765782019804248,2.543730250191356,0.65,2.0,0.002,4,1.8063487899711812,7.225395159884726,16.257139109740635,28.901580639538903,0.104299694339899,0.0493478366643519
2.353209725113939,0.035653757447843,0.0165344133265575,196449016341.1836,7922.013605882626,0.01733239335412,7.923771692559758,12.352079888520292,0.65,2.0,0.002,4,6.742235409923388,26.96894163969355,60.68011868931049,107.8757665587742,0.0011817895726387,0.0004634141859902
2.6720164297052573,0.0279302580158196,0.0116813119427275,181549568920.7241,7853.106657774758,0.015897299667858,9.3105128966077,4.683150744757537,0.65,2.0,0.002,4,3.5671345449469185,14.268538179787674,32.10421090452227,57.074152719150696,0.0236478745553341,0.0108101916938679
2.5123574567428264,0.0465457307019565,0.0123002517252922,210474445363.1874,7701.5183958005455,0.0093718322317191,9.581623268201817,6.741588099351761,0.65,2.0,0.002,4,4.619467334759872,18.477869339039486,41.57520601283885,73.91147735615795,0.0059971193709462,0.0027290743654613
1.0703106230542874,0.022697208344681,0.0078737935245022,204328340452.27808,7607.059949804449,0.0179034766140716,0.6758522241006634,14.96701254435757,0.65,2.0,0.002,4,16.152862219342552,64.61144887737021,145.37575997408297,258.44579550948083,0.00054444400963,0.0002777268324538
1.4725351545566607,0.0369983503512095,0.0113602564723545,191107917218.5284,7746.697239571984,0.0225932276267737,6.078259153289605,7.030223108291557,0.65,2.0,0.002,4,11.799594832897531,47.198379331590125,106.1963534960778,188.7935173263605,0.0008922937720748,0.0004315657966758
1.0566227002740711,0.028288059975432,0.0139364704053958,211923975168.1877,7979.386304109447,0.0128912935674266,2.827726019881968,8.674810359795906,0.65,2.0,0.002,4,29.170742105499173,116.68296842199668,262.53667894949257,466.7318736879868,4.215239429015493e-05,2.3686079076320917e-05
2.628658711600257,0.0491882762382009,0.0152051205536357,199063769463.6309,7897.834508511492,0.0110447845618502,4.5188748528169,4.027457725192225,0.65,2.0,0.002,4,5.009481897026952,20.03792758810781,45.08533707324257,80.15171035243124,0.0040906098326389,0.0020358661021655
1.726683219917405,0.0679368271434775,0.005017790313033,207454929443.74805,7686.322424486427,0.0362411147425799,4.435219944533753,0.9377947944312308,0.65,2.0,0.002,4,3.964779197367275,15.8591167894691,35.683012776305475,63.4364671578764,0.0036559905930262,0.0023766772415575
1.153277322901763,0.0562480523130242,0.0197988661377363,206879381506.3177,7884.304614008772,0.0493063268694476,6.812314386300781,9.416064120267082,0.65,2.0,0.002,4,34.576336437299446,138.30534574919778,311.1870279356951,553.2213829967911,2.372479375331872e-05,1.426067016234583e-05
2.502415711318716,0.0594304597083191,0.0191794965052796,215111823182.76337,7877.7261447783185,0.0122446006485699,4.88349426053732,3.0032420896463488,0.65,2.0,0.002,4,7.257369593149874,29.029478372599492,65.31632633834886,116.11791349039798,0.00048025628897,0.0002612093732991
2.980486694813901,0.0485933072030134,0.0154911724208793,208398437538.4237,7937.829299741916,0.0283156331837339,1.1657126316235868,7.952860510799056,0.65,2.0,0.002,4,4.051683553307028,16.20673421322811,36.46515197976324,64.82693685291244,0.0002925262601788,0.0001278477711693
2.0712000516629097,0.0216053156124021,0.0061406977602094,218950999416.19357,7898.494118053275,0.0476711104371,3.461303450081203,3.9742017502199656,0.65,2.0,0.002,4,3.417465950443358,13.669863801773433,30.757193553990223,54.67945520709373,0.0330019234337965,0.0172359252539009
1.1906793718164022,0.0410813747573084,0.0176402858437415,214790242126.6945,7723.84514788317,0.0373501438358655,5.816166864281267,58.61883992140236,0.65,2.0,0.002,4,29.753338797161227,119.01335518864492,267.7800491744511,476.0534207545796,2.776458474414505e-05,8.838098458773695e-06
1.6614197053911968,0.0397240461503005,0.0139898593212659,205081293730.15155,7839.424842225929,0.0080824157163533,9.69842107616619,17.457549224036637,0.65,2.0,0.002,4,11.754517608603914,47.018070434415655,105.79065847743524,188.07228173766265,0.0008869069779472,0.0003676894176818
1.2239666477425746,0.042125123184014,0.0127515714765442,216799033836.0713,7926.625331781618,0.0223917216347486,8.87348301455539,17.776998019839255,0.65,2.0,0.002,4,20.185443781337064,80.74177512534825,181.6689940320336,322.967100501393,0.0009643952195651,0.0004684264847179
2.6380494674387487,0.0625311281792839,0.0163411418817186,191950752634.75415,7751.642325108317,0.0275653818794854,5.902991379330993,7.656213406686769,0.65,2.0,0.002,4,5.298388895183019,21.19355558073208,47.68550005664718,84.77422232292831,0.0015021480254925,0.0006194561469147
1.627460086564552,0.0338486447176487,0.0058871250082816,200120884025.9021,7750.177698100662,0.0068148134963766,8.142825638465474,8.475728081050429,0.65,2.0,0.002,4,5.121559180416153,20.48623672166461,46.09403262374537,81.94494688665844,0.0086436331078766,0.0039912132374314
2.1231236097076684,0.0200847432282291,0.0102236696782164,206035458769.0876,7818.930546922103,0.0301938035905261,1.657727334441207,3.85668568006289,0.65,2.0,0.002,4,5.279378632495193,21.11751452998077,47.51440769245673,84.47005811992308,0.0034441063954923,0.001703287276972
1.3619664677697696,0.0347450687741222,0.0143574841603611,185635665328.20355,7634.248532134569,0.0083163745414151,6.100881383195863,28.529251636167675,0.65,2.0,0.002,4,17.307021444397247,69.22808577758899,155.76319299957524,276.91234311035595,0.0002307843571658,8.319581665346007e-05
2.6666427556291805,0.0579109285186939,0.0116330310353537,198474904309.94333,7998.66291145338,0.0113604727140622,2.134609170643313,4.897996736382157,0.65,2.0,0.002,4,3.695188246400965,14.780752985603858,33.25669421760868,59.12301194241543,0.0023556549340759,0.0011135076963471
1.8605240151565536,0.071146848709497,0.0079990322283712,201006279419.1204,7625.315219700169,0.0380679301321719,9.426788390665694,9.24058597678129,0.65,2.0,0.002,4,5.379873351696205,21.51949340678482,48.418860165265855,86.07797362713929,0.0026855872648299,0.0009798746121677
2.1836113542892823,0.0759918732700658,0.00858554981626,208792948472.43015,7675.751401765703,0.0335981742643991,1.463421860444901,7.331588434794727,0.65,2.0,0.002,4,4.258377338974289,17.033509355897156,38.3253960507686,68.13403742358862,0.0005804812422589,0.0002226179358312
1.5176698363702343,0.0707471502861565,0.0055329487704353,202380375098.91843,7888.648614011987,0.0175989959220264,8.648569983875857,3.489659929384409,0.65,2.0,0.002,4,5.517142360099308,22.06856944039723,49.65428124089377,88.27427776158892,0.0067482530315469,0.0033309809784638
1.14744662562682,0.0628630832841605,0.0074340840705988,206647780930.07,7760.2830711436145,0.0062701614098414,0.6497426624163105,11.979855646565465,0.65,2.0,0.002,4,13.211992766599703,52.84797106639881,118.90793489939732,211.39188426559525,0.0002872918023536,0.0001348410166883
1.22737699056915,0.0799645151612787,0.0157996516122863,205172889532.41052,7735.9133981943905,0.0440511396298334,9.109609961673067,36.72315243398459,0.65,2.0,0.002,4,24.49204212633621,97.96816850534483,220.42837913702587,391.87267402137934,7.459638350899405e-05,2.6181070744369576e-05
1.8060975653405424,0.034989480419109,0.0115526704878445,218304493036.8697,7803.683715897449,0.0261270289264937,7.48811075365306,7.494100192489411,0.65,2.0,0.002,4,8.493970210440056,33.97588084176022,76.4457318939605,135.9035233670409,0.0060539192497468,0.0031110025161893
2.460580535965832,0.0637442432847824,0.0080227936990811,197963725454.4475,7924.469876411655,0.0221688576743289,9.844125661170295,2.572608263948874,0.65,2.0,0.002,4,3.0032218144831826,12.01288725793273,27.028996330348644,48.05154903173092,0.0441524424007152,0.0241605562447041
2.511393018848505,0.0406971099092039,0.0074040872027463,206636588024.09973,7800.347491810708,0.0292653750945054,8.291187356131534,2.207668128136342,0.65,2.0,0.002,4,2.739794879962034,10.959179519848137,24.658153919658307,43.83671807939255,0.0571739328573918,0.0298909591464528
2.654016029215999,0.0583696661294316,0.016026206663928,208468684796.87183,7943.373794029273,0.0132706431435248,0.1081637066633852,6.7512030613933085,0.65,2.0,0.002,4,5.285314357632797,21.141257430531187,47.56782921869518,84.56502972212475,4.9747462199874094e-05,2.238114912426857e-05
1.1123347779154404,0.0349862478630886,0.0163294617727204,196490724779.57132,7824.206792900742,0.0475190879911946,0.5580905063418763,30.272958750923685,0.65,2.0,0.002,4,29.990310326399296,119.96124130559718,269.9127929375937,479.8449652223888,4.0796374414178495e-05,2.770550213115235e-05
1.098939828174152,0.0294058226927272,0.0090667414998505,185101693185.3676,7973.638508882534,0.0179743634639202,5.061599478638246,32.70264037121865,0.65,2.0,0.002,4,16.40248257744668,65.60993030978672,147.6223431970201,262.4397212391469,0.0002156192285108,7.500867484523212e-05
1.134587695462311,0.0441677055466637,0.0089088349172214,192997200448.4485,7665.182898314922,0.0346478031250541,5.313646239127727,10.82666846011964,0.65,2.0,0.002,4,15.74665347521066,62.98661390084264,141.71988127689593,251.9464556033705,0.0005562267704027,0.000276272578634
2.245084969721522,0.0376286186169076,0.0179550864031781,191340723470.3816,7660.630324873801,0.0482201380401943,9.651292421319644,11.568627325697715,0.65,2.0,0.002,4,8.072771162726989,32.291084650907955,72.65494046454289,129.16433860363182,0.0015327584220936,0.0006002868098091
1.2916855416876865,0.0584460059797356,0.0095177031327386,203006813972.4893,7973.5146238691,0.0181106129716936,5.1736669834140585,21.565373817258944,0.65,2.0,0.002,4,13.052034766394138,52.20813906557655,117.46831289754724,208.8325562623062,0.0002857190843923,9.70482329224253e-05
2.5567198667073083,0.0496374408647799,0.0150241060750885,188001981292.33905,7933.286173271541,0.0400740827539306,3.802743981299284,9.814955669699332,0.65,2.0,0.002,4,5.073483540703787,20.293934162815148,45.66135186633408,81.17573665126059,0.000625795773996,0.0002425888860271
1.490662692566795,0.0239729191766081,0.0151628463776036,180946454141.37057,7923.78825394349,0.046811967131804,7.13265224523038,18.81896560354068,0.65,2.0,0.002,4,14.786310850460625,59.1452434018425,133.07679765414562,236.58097360737,0.000907055740573,0.0003799498244736
2.3842270958797944,0.0449832127699873,0.0199586751728906,199197255448.5149,7975.706354556927,0.0342324702995067,9.482608055568774,8.682586824806823,0.65,2.0,0.002,4,7.956513844008925,31.8260553760357,71.60862459608033,127.3042215041428,0.0040311736781225,0.0021776823943909
1.1803439529789823,0.0460024349875645,0.0102911730778744,208818366114.238,7831.61064327962,0.0271204595301649,4.921122614819452,33.54196338366859,0.65,2.0,0.002,4,17.29560587094534,69.18242348378136,155.6604528385081,276.72969393512545,0.0001130059236628,3.7505481593276754e-05
1.6409823233560323,0.0785677034415024,0.0109951420274545,207417108830.44052,7609.291032938703,0.0230027650760639,8.763565371892865,12.55116773626078,0.65,2.0,0.002,4,9.666571835089636,38.666287340358544,86.99914651580671,154.66514936143415,0.0011945467708781,0.0004797737712764
1.5067361271252018,0.0453707364037873,0.0092756016364288,200618648109.94055,7818.640949559563,0.043106416718261,2.586653866609546,17.159833790545026,0.65,2.0,0.002,4,9.384625671256586,37.53850268502634,84.46163104130927,150.15401074010538,0.0002647772385707,8.917202658591345e-05
1.0724096269121512,0.0782259750254193,0.0070926035135936,189302489342.0996,7989.9869127618895,0.0396964848494018,9.372109135747216,22.485703090456585,0.65,2.0,0.002,4,13.611897104389367,54.44758841755747,122.50707393950432,217.79035367022988,0.0004471938354829,0.0001466140102822
2.913777200632384,0.0314311836192441,0.0077477090545051,197801411833.2613,7675.722543680227,0.0120518805328523,1.0492074232407465,2.8406690014931586,0.65,2.0,0.002,4,2.1006076156423985,8.402430462569594,18.90546854078159,33.609721850278376,0.0096994823473496,0.0047038623423426
2.3561881217596565,0.0707604536784745,0.0056038060990988,197985307536.90723,7956.995075874931,0.038732837851529,9.91889639332652,2.640564916764631,0.65,2.0,0.002,4,2.283149582945521,9.132598331782084,20.54834624650969,36.53039332712834,0.0776493436644271,0.044240030228036
1.8333319960797605,0.0392927409344539,0.0162323116950058,212055577353.7089,7796.502978556547,0.0451863958791336,1.524696091177727,20.35583509393337,0.65,2.0,0.002,4,11.420952273240454,45.683809092961816,102.78857045916408,182.7352363718473,7.465929082246566e-05,2.4435778705875835e-05
2.557501807931589,0.0630134113495397,0.0117404225321568,190889662473.8064,7638.5563848614,0.0456171078444728,4.612185269352749,2.2958384929652604,0.65,2.0,0.002,4,4.068802813171375,16.2752112526855,36.619225318542384,65.100845010742,0.0028333757615506,0.0014960042597777
1.696342839639632,0.0733020967829183,0.0098865784576181,197763412670.2462,7989.158664796851,0.0435776383604169,7.019733095791586,5.792033909914383,0.65,2.0,0.002,4,7.751227112935431,31.004908451741723,69.7610440164189,124.0196338069669,0.001861993254688,0.0009398952497824
1.8095193161140208,0.0232976232885122,0.0179137941868148,180627501091.33212,7959.393454298191,0.0406336416620811,0.85064978040987,17.756476903075953,0.65,2.0,0.002,4,11.817955149020204,47.271820596080815,106.36159634118184,189.0872823843233,8.835343556383974e-05,3.210582439856789e-05
2.959708143190679,0.0431501448971356,0.014729676391658,186092682511.26532,7856.558853305721,0.0163697929229701,6.171547314164173,1.3343844286382665,0.65,2.0,0.002,4,3.710847857025859,14.843391428103436,33.397630713232736,59.37356571241374,0.003930454077087,0.0021478137084353
2.056189120922017,0.0398556183298136,0.0172723516160314,217134685126.93652,7809.120119784831,0.0370113257256795,9.312337888699163,5.328510864066179,0.65,2.0,0.002,4,9.768281363253148,39.073125453012594,87.91453226927834,156.29250181205038,0.0010000251165162,0.0005299895464097
1.7486017942849446,0.0406344917278952,0.0050845922723377,219288194985.4923,7842.602332949219,0.0231047880765766,5.483311336732568,1.0883336210500285,0.65,2.0,0.002,4,3.987319870243554,15.949279480974216,35.885878832191985,63.79711792389686,0.0080074625822298,0.0046798950858853
1.1901914964598692,0.0635429376962856,0.0062673982823528,217437592908.02505,7654.963172015121,0.0481496110659086,8.028753343242457,13.564780903942248,0.65,2.0,0.002,4,10.69248439650902,42.769937586036086,96.2323595685812,171.07975034414434,0.0018567672632859,0.0007946289539659
2.971242203024016,0.0791028018032522,0.0185916021614777,211937933793.1223,7707.652200289122,0.0194382533330234,5.51810012792826,6.055959446109052,0.65,2.0,0.002,4,5.00741117945253,20.02964471781012,45.06670061507277,80.11857887124047,0.0022947017934725,0.0010395506612569
1.3148160994083895,0.0408416947237881,0.0067929410780376,210059293396.95544,7851.02419929302,0.0267995136996298,3.067613769726436,14.900982614299505,0.65,2.0,0.002,4,9.216475379331426,36.8659015173257,82.94827841398285,147.4636060693028,0.0007117509995311,0.0002485741404574
2.822788093634939,0.0657845338468006,0.0166765641296906,214474661867.75067,7910.665860312766,0.0305857963583011,7.171335265654024,4.6881138411630605,0.65,2.0,0.002,4,4.941522231761167,19.766088927044667,44.4737000858505,79.06435570817867,0.0098613549809704,0.0056981780223758
1.9180396635731132,0.0249968556494164,0.011190038327604,207914212127.10095,7951.947462057894,0.0149644297378637,8.779012247621921,13.827039747509676,0.65,2.0,0.002,4,7.052628338507973,28.21051335403189,63.47365504657176,112.84205341612756,0.0020314908404393,0.0008682407482482
1.1209344387728093,0.0321943839120354,0.0165311649746972,210174013284.1636,7901.550132526043,0.0056846622842129,8.07099283445024,30.474021088741445,0.65,2.0,0.002,4,30.768452080089293,123.07380832035716,276.91606872080365,492.2952332814287,0.0031203950641791,0.0018468616194028
1.7239870842857143,0.0539584349478674,0.0183944565484554,204200782398.17905,7610.232612144987,0.0375172180485393,9.29734261141603,19.706812449612688,0.65,2.0,0.002,4,14.537105251686585,58.14842100674633,130.8339472651793,232.59368402698533,0.0003930847029596,0.0001492801894665
2.980671043000255,0.0747690301334269,0.0055095251318998,201213278704.08057,7626.165210739154,0.0465757215645969,4.471294635581805,1.376792435853606,0.65,2.0,0.002,4,1.444410177022048,5.777640708088192,12.999691593198431,23.11056283235277,0.1094983148280189,0.0524354268788622
1.7424359883439833,0.0474401940063142,0.0157807442370855,205392493377.4477,7871.35144543575,0.039524603621071,9.489510747784198,14.35976740613754,0.65,2.0,0.002,4,12.039562402687254,48.15824961074902,108.35606162418532,192.63299844299607,0.0012193741879915,0.0005485226772073
2.1790240615781924,0.0547657792832924,0.0097369635425146,218494047117.7169,7854.208524231222,0.0466877248988231,3.0758972647538947,5.852307598088762,0.65,2.0,0.002,4,4.904529340550968,19.618117362203872,44.14076406495871,78.47246944881549,0.003190406736893,0.001561730528784
2.2630334996902546,0.0687768046776232,0.0075604001742966,197363458813.4805,7651.534891390781,0.0482036948593414,0.7206480573053313,1.0806893334991574,0.65,2.0,0.002,4,3.3997827344473794,13.599130937789518,30.598044610026413,54.39652375115807,0.0006253652702587,0.0003514802994846
1.729028155087268,0.0412449698622375,0.0120457379872953,187885323832.2338,7875.7606087080385,0.0124508770138185,0.1512919208776917,8.844175232696518,0.65,2.0,0.002,4,8.923982526028901,35.695930104115604,80.31584273426012,142.78372041646242,0.0004045327883762,0.0001974369346237
1.353920164937048,0.0781808192081643,0.0135845384118724,184166626769.7486,7768.543305962175,0.0370642212364012,0.7742862031164321,10.970152264454953,0.65,2.0,0.002,4,16.36152191066886,65.44608764267544,147.25369719601971,261.78435057070175,2.5961044286943397e-05,1.306587946673665e-05
2.8799611668706526,0.0311776503570761,0.0066817336675487,201854147825.7809,7834.966934673103,0.0318717546804914,1.7283344675050392,2.777632350945961,0.65,2.0,0.002,4,1.8541523082927336,7.416609233170935,16.687370774634605,29.66643693268374,0.0153678434035613,0.0075571023394009
2.87946854745766,0.0707435493004226,0.018673942034202,195285668841.81223,7691.121948979836,0.0132306737746654,8.750223688258082,8.686343634431372,0.65,2.0,0.002,4,5.146131981173395,20.58452792469358,46.31518783056056,82.33811169877433,0.0013069516180757,0.000547405972324
1.8050142517888368,0.0570805466229457,0.0096708096831156,186900477507.93103,7947.747004202906,0.0486874692435711,4.639979856375573,5.1474284841134335,0.65,2.0,0.002,4,6.527005949087934,26.108023796351738,58.74305354179141,104.43209518540696,0.0025674387333656,0.0013434372725643
2.885851240849288,0.0259708951021246,0.0162752130073183,188600568766.6088,7602.688887067608,0.0167276220298424,8.563607368685394,2.004366206716272,0.65,2.0,0.002,4,4.4136302143789,17.6545208575156,39.7226719294101,70.6180834300624,0.0066316292613742,0.0036650444073266
2.506737227901091,0.0761628512200894,0.0067505553751828,217055665366.5823,7840.587014069792,0.0395015714344528,0.6323696247286991,2.847754413674437,0.65,2.0,0.002,4,2.563081464455493,10.252325857821972,23.06773318009944,41.00930343128789,0.0038514338117179,0.002206179917702
2.858874853355398,0.0418308068615289,0.0065179916889016,186987360196.82565,7973.098430402983,0.0161203679766059,6.656461157929735,0.8425163576027745,0.65,2.0,0.002,4,1.751238633703498,7.004954534813992,15.76114770333148,28.019818139255968,0.0485727424560629,0.0288835815847508
1.9928349648786168,0.0479454464214353,0.0050820966325194,211465988499.744,7732.286426698442,0.0445443628902142,3.793299816824725,3.693485693792727,0.65,2.0,0.002,4,3.034560500946713,12.138242003786852,27.311044508520418,48.55296801514741,0.0210458287427446,0.0103957912592786
1.728841038723944,0.0727909421686342,0.0189112596784289,212093609632.104,7710.283378424105,0.0449179162985854,0.4255231468129149,14.46147206534632,0.65,2.0,0.002,4,15.04763358741487,60.19053434965948,135.42870228673382,240.76213739863792,4.5885184347516106e-05,2.991016201010912e-05
1.205477271143703,0.07410788181411,0.0161580724138701,187248399111.84875,7913.864146332348,0.0376633765679252,7.311603073667674,19.70630912522199,0.65,2.0,0.002,4,24.5253668829222,98.1014675316888,220.7283019462998,392.4058701267552,0.0001474318380823,7.331926178618765e-05
1.200821887825228,0.0514259404716071,0.0192989032234752,184001714730.3679,7988.47492324872,0.0494438157679163,5.651060346014979,23.25405103186093,0.65,2.0,0.002,4,29.126190696524468,116.50476278609788,262.1357162687202,466.0190511443915,8.9314054317485e-05,4.624957218076581e-05
1.937440418332269,0.024433875861274,0.0058196064334846,193239010699.3316,7681.422043223391,0.0088975194938724,0.3419289529773468,6.914998539822039,0.65,2.0,0.002,4,3.5260847554520702,14.10433902180828,31.734762799068637,56.41735608723312,0.0006563536549495,0.000345928705411
2.56002200043383,0.0576703191377832,0.0129187400430947,204882278602.2813,7729.466630072916,0.0105366516469593,3.633577491940812,7.455031200022618,0.65,2.0,0.002,4,4.601924110752577,18.40769644301031,41.4173169967732,73.63078577204124,0.0013343716439636,0.000597841785172
2.680350290610433,0.0692188143803065,0.0141995404392622,202853685978.02908,7654.531912557809,0.0251029192289493,4.890266352620809,4.754669531180828,0.65,2.0,0.002,4,4.61373414435133,18.45493657740532,41.52360729916197,73.81974630962128,0.0116516695007319,0.0059541491584931
2.8020822961440235,0.0602433741060464,0.0112509386717452,190952469314.46243,7752.264402056386,0.0264222767915028,7.1668412865397135,1.1635604184497066,0.65,2.0,0.002,4,3.2248134026984547,12.89925361079382,29.023320624286093,51.59701444317528,0.0056856496315495,0.0031633177898627
2.9514822574058703,0.0740186957079252,0.0094111698189928,184847072237.04727,7625.900700280035,0.0139097209458143,2.298863352037241,4.340458384758678,0.65,2.0,0.002,4,2.4118662791565013,9.647465116626003,21.70679651240851,38.58986046650402,0.0025063950267646,0.0012214775130158
2.2394356926375063,0.0252394639329693,0.0173457017116623,212266365237.4759,7632.024798848313,0.0449688738978582,9.595692174194369,2.301379434519812,0.65,2.0,0.002,4,8.27112608572521,33.08450434290084,74.4401347715269,132.33801737160337,0.001564071491706,0.0009190207089995
1.464902255000298,0.0666378967670788,0.0170249784338017,196530315685.1621,7683.712861569811,0.0333522624134098,2.6357402731296964,8.49527418732732,0.65,2.0,0.002,4,18.19398120570406,72.77592482281624,163.74583085133654,291.10369929126495,4.280918220426641e-05,2.3860554622242943e-05
1.6220715024019057,0.020223165504044,0.0199596215066848,189602402721.49103,7989.240794094692,0.0343864771991207,9.04894272859087,32.52583251461837,0.65,2.0,0.002,4,16.757557937092795,67.03023174837118,150.81802143383516,268.1209269934847,0.0002514682088577,8.233885488191252e-05
2.380141398547724,0.0652699477879939,0.0081752427793646,213300797166.99377,7845.596846446526,0.00811859528123,8.640822553955733,1.0248231263435847,0.65,2.0,0.002,4,3.411989151764589,13.647956607058358,30.707902365881303,54.59182642823343,0.0071619740916727,0.0040551952695299
1.6493616643998534,0.0760655669393009,0.013534008047297,200580399255.38956,7769.322377687744,0.0230301900435337,8.197866120887328,16.270932046028314,0.65,2.0,0.002,4,11.4624265721156,45.8497062884624,103.1618391490404,183.3988251538496,0.0004807295488943,0.0001778180475567
1.7289659211049238,0.064188243291454,0.0112374947056573,201722935911.14,7893.480011119294,0.0077237317089429,4.604000271182742,3.20031587024478,0.65,2.0,0.002,4,8.617261478695056,34.469045914780224,77.5553533082555,137.8761836591209,0.0004884901052933,0.0002665978231992
1.3705751582080457,0.061169981141113,0.0082193712368116,212932172249.21832,7854.289261814628,0.0182352962426743,2.5663239209967137,10.054238576818724,0.65,2.0,0.002,4,10.330690126850994,41.32276050740398,92.97621114165896,165.2910420296159,0.0031448916602768,0.0018582750207205
1.796487807304679,0.0693460372656822,0.0057589522180767,188730136871.7165,7668.037635588061,0.0287180361366105,0.8972524208106328,3.2875243659250515,0.65,2.0,0.002,4,4.014234052798691,16.056936211194763,36.12810647518823,64.22774484477905,0.0023498566853743,0.0011938279029013
1.1002194918237194,0.0530840230814688,0.0075035224222949,184506343086.60587,7704.143341941731,0.036923027216516,6.749375338743936,22.19252467457003,0.65,2.0,0.002,4,13.755590623577538,55.02236249431015,123.80031561219783,220.0894499772406,0.0004845336396336,0.0001614044097031
2.261552545820847,0.0611805566880877,0.0151219570968033,199720025911.3188,7756.40901928148,0.0393070467680191,3.070097060003933,3.9083290631272303,0.65,2.0,0.002,4,6.803060693746272,27.21224277498509,61.22754624371645,108.84897109994036,0.0005564271989525,0.0002868144295239
1.3618533044617362,0.0744262173293728,0.0056697363346141,189314091397.74823,7716.823732125811,0.0270588894080713,5.905807212846479,7.469669411436414,0.65,2.0,0.002,4,6.865997479500448,27.46398991800179,61.79397731550402,109.85595967200716,0.0082957198137673,0.0043552837621227
1.9882545522331685,0.0316966907242836,0.0160431655460539,188992778916.21573,7674.182667531213,0.0147598348006928,3.0458767944477816,12.377023123410206,0.65,2.0,0.002,4,9.132336112930622,36.52934445172249,82.19102501637559,146.11737780688995,0.000698970624226,0.0002801362820696
2.007577225300936,0.0301671907764307,0.0138239145744975,213371955468.50745,7972.965625458133,0.0421389670772345,1.970789202989379,11.92914181707504,0.65,2.0,0.002,4,8.04589753987728,32.18359015950912,72.41307785889552,128.7343606380365,0.0004518952775659,0.000173365871864
2.7692675020800834,0.0668686402173952,0.013273368362878,198368447337.5859,7847.817017097003,0.037924842490117,1.436007923378127,6.845110392720089,0.65,2.0,0.002,4,3.945867025977641,15.783468103910565,35.51280323379878,63.13387241564226,0.0004618213814807,0.0001788034979527
2.444631561706049,0.0427907528592059,0.0138318622025908,189284878837.4779,7859.137405318915,0.0167423146516955,8.307167513315923,7.56150584098155,0.65,2.0,0.002,4,5.150549893646891,20.60219957458757,46.35494904282202,82.40879829835026,0.0037465363294696,0.0016334543174161
2.810588219874245,0.0236343820646554,0.0089739227222031,212592002716.97107,7673.492887195485,0.0149061931099462,9.758997985537428,4.995097670969436,0.65,2.0,0.002,4,2.7114028624363256,10.845611449745302,24.40262576192693,43.38244579898121,0.0255693561496251,0.0123613176735334
2.4547905831513863,0.0661242290117413,0.0154070329620465,180138168994.2851,7909.536117938775,0.032208021024358,9.882995686071904,8.7211506943418,0.65,2.0,0.002,4,5.532822449393976,22.131289797575903,49.79540204454578,88.52515919030361,0.0017928554160701,0.0006797006996328
1.1256331991776496,0.0454431701770219,0.0122311966918745,216872389285.5337,7726.270598558352,0.0125900813045765,0.1743317613178468,9.714631787732024,0.65,2.0,0.002,4,23.1911129894446,92.7644519577784,208.72001690500144,371.0578078311136,3.520328798851643e-06,1.8829344949896364e-06
1.247638185353949,0.0429889323415752,0.0181929133957217,184262718807.6305,7793.441700701648,0.0430152618893628,5.613929977937987,14.910787306689055,0.65,2.0,0.002,4,25.769635838464588,103.07854335385836,231.92672254618125,412.3141734154334,8.369780287968106e-05,4.248827867419037e-05
1.5556903699425149,0.0708641204571929,0.0141665862286578,202617108801.67413,7839.309742841529,0.0477764159013173,2.8303253435759186,5.694281590566238,0.65,2.0,0.002,4,13.4942043157705,53.976817263082,121.4478388419345,215.907269052328,8.844576034465858e-05,4.912708905083892e-05
1.9152953339007908,0.0577596908611017,0.0126770103029855,205661808495.71872,7921.054808301797,0.0258088330195525,4.208710362228652,9.626367093258011,0.65,2.0,0.002,4,7.9847240590908,31.9388962363632,71.86251653181719,127.7555849454528,0.0013060916711491,0.0005674730472609
1.0802966580261355,0.0390863958088859,0.0150983357384148,189224229020.98813,7780.164551868527,0.0469376041455054,8.284842607873093,34.84454150632435,0.65,2.0,0.002,4,28.9311867242703,115.7247468970812,260.3806805184327,462.8989875883248,0.0002137600558469,9.603737210396312e-05
1.3657025089726782,0.0250650244134524,0.0084261117836617,217285401392.41248,7931.648389265727,0.0178604288345107,2.140529997794132,5.171409519428615,0.65,2.0,0.002,4,10.722049387066082,42.88819754826433,96.49844448359477,171.55279019305732,0.0005351979065417,0.0003017188737058
2.126502161081088,0.0720053696434666,0.0156448570744872,208669338421.99783,7963.896584523643,0.0364735427960776,2.628696756483403,4.260316680513653,0.65,2.0,0.002,4,8.03037286404646,32.12149145618584,72.27335577641813,128.48596582474335,0.0002369500416695,0.0001303328979268
1.8183528641368825,0.075237999737683,0.0077118303561836,187409173914.0179,7741.505946490055,0.0077197453240171,0.8417201376595921,1.1435748705617763,0.65,2.0,0.002,4,5.203710039333115,20.81484015733246,46.83339035399804,83.25936062932983,0.0002437743668313,0.0001504943569748
2.270895131492492,0.0341798746457948,0.0190111123449492,193813555590.45615,7841.875254125344,0.0302429393939465,8.548120201852464,3.361477753245508,0.65,2.0,0.002,4,8.310453687130881,33.241814748523524,74.79408318417794,132.9672589940941,0.0010961178693281,0.000595501574989
2.33683255745391,0.03314875579842,0.0103494371609497,206386213562.39917,7614.238648896426,0.0102107724257155,2.9071631300193297,1.751397530393496,0.65,2.0,0.002,4,4.474225780992097,17.89690312396839,40.26803202892888,71.58761249587356,0.0025401395652355,0.0013896070751405
1.1214464451782744,0.0768593907054969,0.0053451351064269,213965700450.6307,7744.362422623181,0.01175179650473,3.8371616827971176,19.764823029203075,0.65,2.0,0.002,4,10.13001548647162,40.52006194588648,91.17013937824456,162.0802477835459,0.0003086134607779,0.0001262062259532
2.3129796767017377,0.0507933676904473,0.0072867510211288,190335850564.8409,7808.690713721289,0.0379897386765664,4.042691277329292,1.8877769107764872,0.65,2.0,0.002,4,3.0492338947923625,12.19693557916945,27.443105053131266,48.7877423166778,0.0101541256208586,0.0051639137899663
2.233289644202454,0.0742178407451684,0.0176929707128895,200614667104.36716,7886.660851165016,0.0226595635297426,7.782837152625445,4.107792392018596,0.65,2.0,0.002,4,8.112872794053201,32.451491176212805,73.01585514647881,129.80596470485122,0.0005528968934556,0.000319225020514
2.317983427512482,0.0698750889519809,0.0078416064417598,216090333441.08456,7862.956030423571,0.0382230746190496,0.9604314537174504,6.42863251700227,0.65,2.0,0.002,4,3.469272303027592,13.877089212110366,31.223450727248327,55.508356848441466,0.0005348594496192,0.0002186249970054
1.3909730191640082,0.0607716205525374,0.0082113843400508,183966278823.95255,7682.794063856336,0.0240230315422428,1.843769161813491,4.166560213003264,0.65,2.0,0.002,4,9.417112048424814,37.668448193699255,84.75400843582332,150.67379277479702,0.0002537337830847,0.0001396760404992
2.3716505061318878,0.0612992949679455,0.0096655570572536,191707666751.9896,7954.938758435821,0.0471655013006297,4.080444755996232,7.054000167155884,0.65,2.0,0.002,4,3.82521704700104,15.30086818800416,34.42695342300936,61.20347275201664,0.0016923216883619,0.0006574480488269
1.0049229668491186,0.0474691048283907,0.01120732910358,213675334236.78027,7816.288636529307,0.0325114461471222,2.1048094305555822,8.912077719356382,0.65,2.0,0.002,4,26.311326101562983,105.24530440625192,236.8019349140669,420.9812176250077,3.0531786357994335e-05,1.683523099897339e-05
2.240063085423341,0.0672072027213505,0.0058595443181078,214011347406.21536,7944.307077981842,0.020402108342961,6.624140253106189,2.541355782555102,0.65,2.0,0.002,4,2.748292723613273,10.993170894453094,24.734634512519463,43.972683577812376,0.0750819605801833,0.0381395700974489
2.614580849604768,0.0515593470646697,0.0083594277729509,203216745488.4353,7687.224811348128,0.0051362145444083,2.4353705531860985,1.56137332419862,0.65,2.0,0.002,4,2.850995992612848,11.40398397045139,25.658963933515626,45.61593588180556,0.005500619676973,0.002914038951617
1.7398400078680187,0.0636760392630187,0.0143853832251284,189860804646.27957,7893.376749646095,0.0190000814783321,2.561063265729312,10.076085015153936,0.65,2.0,0.002,4,10.568620559072668,42.274482236290666,95.117585031654,169.09792894516266,0.0012001869567315,0.0006812207626524
2.0443056189663285,0.0604917625713911,0.0135762546067045,199889150526.76608,7790.048064179253,0.0482691974846719,8.636672950624034,6.634870659721707,0.65,2.0,0.002,4,7.46177459844916,29.84709839379664,67.15597138604244,119.38839357518656,0.0038323618570244,0.0021921811038334
2.201997167727595,0.0615221512266728,0.0166969747511534,208073900910.43628,7821.350117654491,0.0086874811370089,8.64269391679927,15.86704073032303,0.65,2.0,0.002,4,8.053811735455339,32.21524694182136,72.48430561909805,128.86098776728542,0.000424748290637,0.0001968843338153
1.4300354877438215,0.0465369123472172,0.0066296856374525,184995210435.98157,7759.438502398734,0.0364847160193294,3.455050047126416,10.345248204406436,0.65,2.0,0.002,4,7.177838031885223,28.71135212754089,64.60054228696701,114.84540851016357,0.0015402710225644,0.0006016279900477
2.8162734473308006,0.0243639724449268,0.0187518186526745,187274599158.03925,7872.509211047366,0.0420396971329265,2.4882620224152547,2.106072403993287,0.65,2.0,0.002,4,5.228846065766525,20.9153842630661,47.05961459189873,83.6615370522644,0.0011242140631966,0.0006172977914844
2.7856012848155998,0.0471768190325876,0.0156160958533702,213086568056.42535,7711.074661947129,0.0103593842570655,6.28579287709853,6.055678696501808,0.65,2.0,0.002,4,4.797162114728352,19.18864845891341,43.17445903255518,76.75459383565364,0.0049120167068823,0.0022622229880526
1.9065721499363055,0.070301893256185,0.0061194444675396,212043045304.3137,7614.933901137663,0.006263150536128,4.667025942137194,2.4101849307093253,0.65,2.0,0.002,4,4.028224901452121,16.112899605808483,36.254024113069086,64.45159842323393,0.0061645832743093,0.0030735767080477
2.479322717429968,0.0474283522205519,0.0198169082787082,215640824211.1417,7634.820074005021,0.0257202795338663,9.093919414448504,4.634018748435785,0.65,2.0,0.002,4,7.769000009290972,31.076000037163887,69.92100008361875,124.30400014865556,0.0013894963942713,0.0006825270997541
2.312512016234269,0.056805674245598,0.0185646605482826,199074161604.218,7737.883584719355,0.0280182732312995,2.0274804098688124,10.587152849495958,0.65,2.0,0.002,4,7.984442954354293,31.93777181741717,71.85998658918864,127.75108726966867,0.0002934907355199,0.0001185622863079
1.7729807237149176,0.0280640386413786,0.0112707543771676,208813703101.41272,7660.945587724272,0.0057560168899346,9.04994906214588,12.39252900593658,0.65,2.0,0.002,4,8.488139732319194,33.952558929276776,76.39325759087274,135.8102357171071,0.0030961367981103,0.0013972373391881
1.4427969859466578,0.0368342782060145,0.0107535142624053,215207455752.9376,7976.522473447748,0.02240399666182,0.5568945645759671,15.593706557964865,0.65,2.0,0.002,4,12.16721204134554,48.668848165382165,109.50490837210988,194.67539266152863,0.0001059240417947,4.170536997546409e-05
1.1877507011757948,0.0650924499640503,0.0102011197182595,214584941431.95547,7604.500311639574,0.0470473538859062,4.890420320364342,7.495190599951989,0.65,2.0,0.002,4,17.41769925213492,69.67079700853968,156.75929326921428,278.6831880341587,0.0001439203259078,7.978460419553438e-05
1.05661707368908,0.0511325372840177,0.0121336412247675,193835410281.63263,7863.470916762335,0.0234964510325622,5.760463638003276,43.87259848529039,0.65,2.0,0.002,4,24.467780263515387,97.87112105406156,220.21002237163847,391.4844842162462,6.403453737027927e-05,2.0013955112837923e-05
2.870988669547089,0.0338567045527172,0.0186660684852951,187350248142.46625,7607.253095666019,0.0150899146441173,4.978616415114953,4.21782969299509,0.65,2.0,0.002,4,5.096034451346188,20.38413780538475,45.86431006211569,81.536551221539,0.0059140075337882,0.0029760999249419
2.049622375218408,0.0756714935277793,0.0194033900678445,185115295374.09265,7739.60169022218,0.0364165088517885,2.29342914392071,8.036411915784743,0.65,2.0,0.002,4,10.242854608116746,40.97141843246698,92.18569147305072,163.88567372986793,0.0002081677363355,0.0001030239593528
2.785565646776104,0.0288012722108891,0.0125558265952949,192716366350.26093,7954.954376521663,0.0135246957124759,2.277459015905526,5.186431842977675,0.65,2.0,0.002,4,3.6115049972985935,14.446019989194378,32.50354497568735,57.78407995677751,0.0037394359754176,0.0016888205551482
1.549000982178352,0.0530187992104283,0.0186206879834894,196949213991.94293,7860.627797575053,0.0153004364206608,8.033137745955623,12.073097865259466,0.65,2.0,0.002,4,17.61449108850887,70.45796435403548,158.53041979657985,281.831857416142,0.0002797700400366,0.0001317390476619
1.805345541271639,0.0700696147621462,0.0191036662838052,199156675676.00684,7654.895409445041,0.0323767768195476,7.4347343930977425,11.828806140864636,0.65,2.0,0.002,4,13.556672518157749,54.22669007263099,122.01005266341971,216.90676029052395,0.000647620881102,0.0003339915240611
1.929742247715782,0.07288332226129,0.0145314390918662,204941150174.8163,7716.894042452806,0.011015623559828,9.615606669877158,3.543850849155515,0.65,2.0,0.002,4,9.118692823024606,36.47477129209842,82.06823540722147,145.8990851683937,0.0006438731737215,0.0003455792171411
1.876583862075136,0.0741794518445125,0.006425657212544,185324121644.72055,7830.423071113224,0.0260471841843513,3.9577995984176337,6.671295070797787,0.65,2.0,0.002,4,4.025169885110713,16.10067954044285,36.226528965996415,64.4027181617714,0.002653581228885,0.0010617060137293
2.318910262745791,0.0589986863684155,0.0089351751516875,183464313476.55096,7821.97550472805,0.0168369120191129,8.74736932324005,2.2802863956904,0.65,2.0,0.002,4,3.6490684766213386,14.596273906485354,32.84161628959205,58.38509562594142,0.011533483461083,0.005834883122486
2.320351628639401,0.0318437846380169,0.0062794486330986,189280998152.28,7984.782874314017,0.048305534078782,3.8809969507915865,2.024987277069479,0.65,2.0,0.002,4,2.574928135634152,10.299712542536607,23.17435322070737,41.19885017014644,0.0376655180488223,0.0201848752059686
2.4552930406611164,0.0555384484316586,0.0118198749760522,202343651602.3709,7692.902555668672,0.0231992252928174,1.3295565571317534,4.275096808205493,0.65,2.0,0.002,4,4.559688213420753,18.23875285368301,41.03719392078678,72.95501141473204,0.00372164885778,0.0021249900043911
1.9586605455224229,0.0608468124966778,0.0115417559480027,185514259149.43295,7994.673294519653,0.0374163666258134,6.125395669775529,7.008987595247026,0.65,2.0,0.002,4,6.5715993547393765,26.286397418957502,59.14439419265439,105.14558967583002,0.0056034478089983,0.0032922304831399
2.223004080014644,0.0308518880392066,0.0193615722150051,192977711623.4177,7856.7166079052,0.0164532041715598,5.799114292262665,10.336958718242307,0.65,2.0,0.002,4,8.804858615468307,35.21943446187323,79.24372753921477,140.8777378474929,0.0022653462362399,0.0009900052497638
2.0311694030784557,0.0674313164116203,0.0164535672718333,192788320208.8447,7935.708946560831,0.0482943479006467,4.792796262084083,12.24853684793996,0.65,2.0,0.002,4,8.913423215970512,35.65369286388205,80.22080894373461,142.6147714555282,0.0004245316599158,0.0001675773205044
1.2162272920744168,0.0481860525268404,0.0085860011378275,181472313926.6964,7991.613480872917,0.0380312072266608,2.2402366083144414,11.59391145629645,0.65,2.0,0.002,4,12.542342591849032,50.16937036739613,112.88108332664132,200.6774814695845,0.0009285755594275,0.0005413796969208
2.9224592852758358,0.0494637665921543,0.0078565058604386,190832829512.94965,7919.233498834865,0.033530291608029,4.699797639811614,1.6317025532354323,0.65,2.0,0.002,4,2.0476075613168385,8.190430245267354,18.428468051851542,32.761720981069416,0.0419810271305154,0.0235044451192562
2.049938043410658,0.0342442996803944,0.0152256305499412,209906791482.7326,7939.257012223759,0.0496577916013586,4.647612318566996,11.886721124540443,0.65,2.0,0.002,4,8.447853723490528,33.79141489396211,76.03068351141476,135.16565957584845,0.0008944255126971,0.0003517652785028
2.3286270806547757,0.0443832116864042,0.0172103057699905,186678916796.30817,7609.084829253544,0.0090521537349038,7.251357570904858,7.352205993822058,0.65,2.0,0.002,4,7.12852005983944,28.51408023935776,64.15668053855497,114.05632095743104,0.0153264422259042,0.0081041897445495
2.501731997642316,0.0466953129479687,0.0079808756410484,217321107772.8827,7915.0153273754895,0.0101464111107431,2.76267781344416,5.238620765328871,0.65,2.0,0.002,4,3.029865193124197,12.119460772496788,27.26878673811777,48.477843089987154,0.0038839131929612,0.0018115827434894
1.101023675879815,0.0499816828157512,0.0194230919383588,191385551209.07687,7961.72131893096,0.0117991696895247,0.165364292416842,41.13999627237911,0.65,2.0,0.002,4,35.62094129447981,142.48376517791925,320.5884716503183,569.935060711677,2.742294889308409e-06,1.0847251323917249e-06
1.2986910299821677,0.0720278577258192,0.0068301944485167,208225404556.352,7766.800104858959,0.0310585881994231,0.331218603520382,1.901961068541273,0.65,2.0,0.002,4,9.508158951270373,38.03263580508149,85.57343056143336,152.13054322032596,2.907438664075761e-05,2.0452744199598383e-05
1.8779939255939493,0.0657016678196841,0.0057056905498662,199995660386.74057,7798.792165070326,0.0050798915818575,7.408685634707055,1.3430234992732129,0.65,2.0,0.002,4,3.714887909653799,14.859551638615194,33.433991186884185,59.43820655446078,0.0081707151199435,0.0045149826970516
2.8496817596889894,0.0338282175602146,0.0163809665097815,213430558342.827,7751.004232745331,0.0442217348321513,9.887657522549386,9.321409707108446,0.65,2.0,0.002,4,4.799824570137519,19.199298280550074,43.19842113123767,76.7971931222003,0.0024440176395429,0.0009539776919629
2.67657651465339,0.0688885009151995,0.007438096006795,205807235981.75363,7895.093480212865,0.0300931247921535,3.2405661406514428,4.292324293173363,0.65,2.0,0.002,4,2.40371730188541,9.61486920754164,21.63345571696869,38.45947683016656,0.0045650230762791,0.0020469022383763
2.085807294456305,0.048968221055897,0.0146461460448875,181393762219.47983,7614.170316773218,0.020721564729291,6.916527151998723,10.429693292303275,0.65,2.0,0.002,4,7.450821022245705,29.80328408898282,67.05738920021135,119.21313635593128,0.0014937187704273,0.0005902335355097
1.862778176707084,0.0654760224244066,0.0177185426470117,187984660865.89755,7632.614362184305,0.0225750641560176,5.388089041185416,10.091935443248216,0.65,2.0,0.002,4,11.491044753749549,45.96417901499819,103.41940278374594,183.85671605999275,0.0008557418274941,0.0004226380378743
2.787504651509141,0.0224240934053144,0.0090505716976557,197947938492.7234,7808.728812633603,0.0089441095164559,8.317279110460209,5.002487409149171,0.65,2.0,0.002,4,2.659251341161181,10.637005364644724,23.933262070450628,42.548021458578894,0.0226553370591234,0.0115771127278931
1.8583937242683743,0.0697556386078694,0.0101295783964329,197101256585.8968,7840.100437134347,0.0185964991530692,4.382124999803006,5.97072732621001,0.65,2.0,0.002,4,6.668513687518811,26.674054750075243,60.0166231876693,106.69621900030096,0.0038645342389941,0.0019538112860206
1.145317498801535,0.061052091274464,0.0111745071170623,210817076556.77597,7653.068452413226,0.0321507748967066,0.2285717427780232,12.588047594175226,0.65,2.0,0.002,4,20.27406957272291,81.09627829089165,182.4666261545062,324.3851131635666,7.318483154621456e-06,3.5460490350224727e-06
2.346135430804174,0.0370181062592243,0.0071255428108042,183277443928.9409,7855.151598729823,0.0317686917662755,8.600274364281725,2.173943023856591,0.65,2.0,0.002,4,2.8354257265982707,11.341702906393085,25.518831539384436,45.36681162557233,0.0529079305406632,0.0271893933236572
2.2848812750828613,0.063213050720831,0.0147817179425349,208851546863.4035,7658.026857973778,0.0465167479240091,2.9295268997891664,11.43703415275897,0.65,2.0,0.002,4,6.704822629046297,26.819290516185188,60.34340366141666,107.27716206474076,0.0003241396497203,0.0001132449837768
2.988557347831682,0.0562849227977354,0.0062651734165746,182611089379.1464,7629.9686785037875,0.0315451736280928,8.114834103041114,1.439923364880244,0.65,2.0,0.002,4,1.5561138160389698,6.224455264155879,14.005024344350728,24.89782105662352,0.2411507352639238,0.1102175251936008
2.3589620098326893,0.0764282780022239,0.0150851669396035,214297081110.53372,7986.513126551407,0.0198501183022003,5.431066097932053,8.254755862258653,0.65,2.0,0.002,4,6.367471414884816,25.469885659539266,57.307242733963335,101.87954263815703,0.0012509035904157,0.0005347758130285
1.2609736357237975,0.0361766019693131,0.0147836655262309,194505729100.63184,7647.298765322118,0.0491708058426349,1.1714517075938256,17.843728811680688,0.65,2.0,0.002,4,21.262363542904403,85.04945417161761,191.3612718861396,340.19781668647045,7.898537752556013e-05,4.2159515049208416e-05
1.5991251289108197,0.0774168514856665,0.0167803741309728,216909303946.63596,7893.559181103789,0.0423054014534607,9.645336676502524,15.856296440757834,0.65,2.0,0.002,4,15.59799056766234,62.39196227064936,140.38191510896107,249.56784908259743,0.0012083080822236,0.0007887892780363
2.686116481931503,0.0234090607039988,0.0166536058243524,195061549311.86328,7721.335053072879,0.0127860764604483,9.960555975515016,1.6549259227271071,0.65,2.0,0.002,4,5.260505600307504,21.04202240123001,47.34455040276752,84.16808960492006,0.0049276842372981,0.0027672941743215
2.954342741502538,0.0270893774234872,0.0090236143682999,207358660653.52396,7839.351006625917,0.0490101522420883,0.4425663087136348,4.292636082828542,0.65,2.0,0.002,4,2.411065785675473,9.644263142701892,21.699592071079252,38.57705257080757,0.0012525495475863,0.000530088718879
1.6929077582036436,0.023313969889454,0.0059693671823157,183628658027.2757,7673.457008222262,0.04866804159006,2.8859010064152857,7.718986211732197,0.65,2.0,0.002,4,4.620251909328026,18.481007637312103,41.58226718395224,73.92403054924841,0.0047236289430255,0.001744634243176
1.6796561072509029,0.0731465381384254,0.0180834274108217,192561498095.94843,7868.679831711198,0.0202228172175746,6.814085904374061,18.763025435200134,0.65,2.0,0.002,4,14.378151159179358,57.51260463671744,129.40336043261422,230.0504185468697,0.000263361071344,0.0001012783553533
1.5884883061879815,0.0239228391640712,0.0192054875619208,196662156862.35605,7798.368681579554,0.0219095039656895,9.87998577166941,28.30482022556615,0.65,2.0,0.002,4,17.331855678449855,69.32742271379942,155.98670110604868,277.3096908551977,0.0003895268352346,0.0001264490105962
1.6847951750802823,0.0329726073807967,0.0179716899099352,186534471792.14423,7919.543539809521,0.0424547887255213,3.230567768886558,22.2685177369294,0.65,2.0,0.002,4,13.93328195914869,55.73312783659476,125.3995376323382,222.93251134637904,0.0001492225660758,4.997498466711507e-05
1.9019026358484576,0.0236186543793626,0.0081255485488614,197781970718.33105,7706.164065997709,0.0198132189886411,0.68341460099119,6.160596401868992,0.65,2.0,0.002,4,5.160355331865564,20.64142132746225,46.44319798679008,82.56568530984902,0.0021789683992962,0.001010020030887
2.4135565150186813,0.0415510669526354,0.0105725356074008,197231876989.76224,7614.68487503218,0.0287517380909562,8.13267142007537,5.81788569931549,0.65,2.0,0.002,4,4.1884761961918295,16.753904784767318,37.69628576572647,67.01561913906927,0.0090012836037123,0.0037784466444958
1.9789238584795956,0.0625387773758613,0.0074979314897379,195990744324.0,7935.78287360563,0.0473454651973471,3.310576576193732,2.2031429882752667,0.65,2.0,0.002,4,4.314549396847215,17.25819758738886,38.83094457162494,69.03279034955544,0.0022392797035245,0.0013477371323688
2.847750078240843,0.0564714747709934,0.0184060401000862,184409008193.833,7970.156878231671,0.0284022190397339,6.71737697168037,4.312700818660119,0.65,2.0,0.002,4,4.950436613604295,19.80174645441718,44.55392952243866,79.20698581766872,0.0055704387699217,0.0028802767513035
1.8905360790392332,0.0736066910847135,0.0160632182378521,188777725947.7317,7862.866598608713,0.0109514893326645,2.021232291736217,14.833385419285284,0.65,2.0,0.002,4,9.985660475475033,39.94264190190013,89.87094427927529,159.77056760760053,0.0001184331818716,4.868367985730199e-05
2.931146427108923,0.0366664262514514,0.0112812568959516,208026192012.8408,7710.617340364744,0.0375714992451997,7.116253681367521,4.583347564600627,0.65,2.0,0.002,4,3.09261706893274,12.37046827573096,27.833553620394657,49.48187310292384,0.0116945992479332,0.0051554515807319
2.504697046596771,0.0271659852075383,0.0153762805046997,206693760952.1579,7748.295151874028,0.0486651286120772,8.957582464855479,4.414772066764252,0.65,2.0,0.002,4,5.740249186638035,22.96099674655214,51.66224267974232,91.84398698620856,0.0080071169621868,0.0042453040146799
1.1119355469458554,0.0791769482439932,0.0076834353816191,193421961478.20996,7801.873954869673,0.0218512223688833,1.0636566942392691,7.779249456148298,0.65,2.0,0.002,4,14.030685678345916,56.12274271338367,126.27617110511326,224.49097085353463,6.723334029722279e-05,3.393487025420824e-05
2.9593135452220576,0.0468581673124876,0.018235522529718,218071510546.26025,7779.748176060085,0.0239161178339452,8.944908927832966,1.3118722457877574,0.65,2.0,0.002,4,4.998989201096822,19.995956804387287,44.99090280987139,79.98382721754915,0.001976063484333,0.0011664938492379
2.904634213999594,0.0433570615058932,0.0165969298422765,181241435700.22363,7929.625487522828,0.0375528605505088,8.976494953369079,5.746174030014887,0.65,2.0,0.002,4,4.264582531308344,17.058330125233375,38.38124278177509,68.2333205009335,0.0059623541181128,0.0025640988430955
2.758503061254964,0.0261300154683235,0.019374500226527,184299861099.51276,7744.812656919741,0.0322837778210244,8.394629895720671,2.582028109830411,0.65,2.0,0.002,4,5.632093649057138,22.528374596228552,50.68884284151424,90.1134983849142,0.0031547186041428,0.001758229601413
1.5255613314290477,0.0750016365894166,0.01133006618317,190881415534.37024,7998.935884628112,0.0095994188643966,6.154275805010485,17.453797921010445,0.65,2.0,0.002,4,10.783706824767068,43.13482729906827,97.05336142290362,172.53930919627308,0.0003499829517131,0.0001355178160652
1.9640707746266328,0.0754161601857607,0.0128134623688278,211552005968.962,7851.786676544127,0.0284242312687828,9.487617469798163,8.538069974656409,0.65,2.0,0.002,4,7.818182661961619,31.27273064784648,70.36364395765457,125.0909225913859,0.0042008335123138,0.002190730834841
1.230971747245898,0.0783836392110471,0.0188349973747295,193003726523.24585,7703.541175969555,0.0246387332160516,6.93040629315952,23.76281229964996,0.65,2.0,0.002,4,28.212156903004303,112.8486276120172,253.9094121270387,451.3945104480688,0.0001125943941556,5.389115746188751e-05
1.7527189469616524,0.0791978926954593,0.0157664035400546,218047786400.1537,7647.391430886816,0.0432740155635852,6.407031451512955,5.212499774239712,0.65,2.0,0.002,4,12.426719925520242,49.70687970208097,111.8404793296822,198.82751880832387,0.0001952046178052,0.0001078989232558
2.369149453835938,0.0399881101257065,0.0079207101014186,192538816151.46707,7950.065452587727,0.0495396943153835,2.712776621419279,1.567147507492366,0.65,2.0,0.002,4,3.1490695477034496,12.596278190813798,28.34162592933104,50.3851127632552,0.0050542447215523,0.0029610462308384
1.006155202031052,0.0614158241339002,0.0156089728943186,219828907943.8768,7672.40617775792,0.0382811146279583,9.484877501190114,50.90579768113203,0.65,2.0,0.002,4,37.42400259986927,149.69601039947707,336.81602339882346,598.7840415979083,6.109145119058885e-05,2.2399837446080157e-05
1.0146962781285254,0.0413218659392142,0.0142327504213722,185190287602.89343,7958.642764858973,0.0120323289702685,9.106956095539548,17.82460508776871,0.65,2.0,0.002,4,30.23678072938016,120.94712291752064,272.1310265644214,483.7884916700826,0.0001436050621166,6.738352303418175e-05
1.2553485344542985,0.0545106063137575,0.0139877111618343,186701017105.236,7814.099258537482,0.0462857942064868,1.244996496588857,10.653924081920309,0.65,2.0,0.002,4,19.67347828024908,78.69391312099631,177.0613045222417,314.77565248398525,2.8675281016727015e-05,1.5577512314206483e-05
1.8738762603903572,0.055902880098987,0.0194020021614802,210258761956.01355,7858.28504555248,0.0384724460123518,7.220995959074017,18.694227090195398,0.65,2.0,0.002,4,12.96006400901664,51.84025603606656,116.64057608114976,207.36102414426625,0.0002742540079374,0.000101908618938
1.0689010330577178,0.0523210803419305,0.0149132184556509,208167587388.32855,7843.1524333101,0.0185165161295901,2.2882108766730087,11.043288734900564,0.65,2.0,0.002,4,30.492067089031668,121.96826835612669,274.428603801285,487.8730734245067,1.761859031247639e-05,9.422444395145896e-06
1.92559787563357,0.0695846329983625,0.0152576702650111,205726701741.6022,7859.930969025311,0.0171711535722115,3.779941472312387,2.69381099566304,0.65,2.0,0.002,4,9.546017992923815,38.18407197169527,85.91416193631436,152.73628788678107,0.0001918827872771,0.0001114836769597
2.592575748652311,0.0725893602350056,0.0145438253654298,198186117392.5839,7941.299302247006,0.0400302643807394,4.749040934998693,6.096406463361937,0.65,2.0,0.002,4,4.901576996264889,19.606307985059555,44.114192966384,78.42523194023822,0.0021504288502866,0.0009751271070251
2.8019716931224017,0.0521803014747134,0.0119440894699242,211406387542.68143,7820.44435392322,0.0453814472875656,8.941325867600348,4.142021972309352,0.65,2.0,0.002,4,3.5867255986686435,14.346902394674574,32.280530388017795,57.387609578698296,0.0175709010465785,0.0092018718261837
2.254260436696451,0.066440897302376,0.009791595079517,192352672080.7033,7958.727723542628,0.0094732676160811,1.6578209082711528,4.036453712491254,0.65,2.0,0.002,4,4.295382165089893,17.18152866035957,38.65843948580903,68.72611464143829,0.0066754839636985,0.0035571777846077
1.7747858595287074,0.0764704165595111,0.0098596932012772,212596090362.0801,7899.530800187338,0.0350565741526341,9.21196468230459,6.879350927693023,0.65,2.0,0.002,4,7.363388657183033,29.45355462873213,66.27049791464731,117.81421851492853,0.0068742314562595,0.0040516792679498
1.6973145202082631,0.0732362281359731,0.0052594476664125,217585678693.67203,7743.288670080691,0.0214197240060638,7.286339195693189,3.944642452265811,0.65,2.0,0.002,4,4.388308665803503,17.553234663214013,39.494777992231526,70.21293865285605,0.0273594172012585,0.0151355164418975
1.8461831847531245,0.0690296671342982,0.018893920556243,217547833696.02045,7880.035535587152,0.0085509673186929,4.482069738253753,7.231385170298261,0.65,2.0,0.002,4,13.207330640444455,52.82932256177783,118.86597576400013,211.3172902471113,0.0001494694805605,7.608546478271466e-05
2.9558339581476805,0.0446945601316435,0.0169052322583995,183392770892.4733,7822.184684055105,0.0410926904143575,9.254546505476895,7.139940090439165,0.65,2.0,0.002,4,4.248321748420316,16.993286993681263,38.23489573578284,67.97314797472505,0.0032568786554522,0.0012361055039054
2.3641865103565345,0.0722177805241799,0.0121317590789635,197298418319.5764,7694.857027403656,0.0295178162543356,5.972319375847275,4.763721000999674,0.65,2.0,0.002,4,4.98369075128656,19.93476300514624,44.85321676157905,79.73905202058496,0.0113567837950666,0.0064119415302815
2.6046546888166704,0.0302470434720392,0.0119232482463273,183596985007.58017,7764.720295974779,0.0421879898148466,8.938201518233495,4.395287013568067,0.65,2.0,0.002,4,3.8751935151785,15.500774060714,34.8767416366065,62.003096242856,0.0295436800653595,0.0158440511419539
2.3834362249952563,0.0650886904867511,0.0165885406228415,201596640813.3617,7814.424843160906,0.0373500311201801,7.0067178741242016,9.456727611015044,0.65,2.0,0.002,4,6.725483312781034,26.90193325112413,60.529349815029306,107.60773300449654,0.0011016671218817,0.0004346657051033
1.2128390637427655,0.0799462838284543,0.014985271041598,206005000622.35187,7636.176290793653,0.0453665029503481,0.3870950817242473,15.19947269011441,0.65,2.0,0.002,4,23.993213130689764,95.97285252275906,215.93891817620792,383.8914100910362,5.003582188303112e-06,2.500306399552268e-06
2.755345498937664,0.0597221874414824,0.0160237591755351,180542803555.54205,7771.004801184173,0.0193019282629487,8.53406148217772,8.843156423084313,0.65,2.0,0.002,4,4.613101795644591,18.45240718257837,41.51791616080132,73.80962873031346,0.0014729192552464,0.0006418958523693
1.4725431589901452,0.0371243004405235,0.0183378490442445,216615499581.21924,7708.39682594136,0.026359635599001,9.818072129010838,28.434616841657625,0.65,2.0,0.002,4,20.328452289957102,81.31380915982841,182.95607060961396,325.25523663931364,0.0002869581558876,0.0001026612437674
1.81019901968256,0.0401411311393077,0.0163261239005879,209902857444.20364,7794.617517327882,0.0057266601897801,1.8345365208814504,3.4055323339702217,0.65,2.0,0.002,4,11.723882634296332,46.89553053718533,105.514943708667,187.5821221487413,0.0001038223632771,5.942642204409504e-05
1.0774452024579924,0.0397366190285895,0.0124323701190302,194252699346.2776,7824.239790026557,0.0266274116821754,6.811633738453009,33.88818117322328,0.65,2.0,0.002,4,24.196650792732814,96.78660317093129,217.76985713459533,387.1464126837251,0.0001899449867986,6.71752155127025e-05
1.4672298453477517,0.0325476696283923,0.0051743697539057,191276269814.13223,7698.694716811928,0.0393960450506156,5.740128071062415,2.82543914955558,0.65,2.0,0.002,4,5.432658503954085,21.73063401581634,48.89392653558676,86.92253606326535,0.0074400642620502,0.0042307755251675
2.747865236983769,0.0258079767120417,0.0109431531218794,200039265353.75308,7832.848775964613,0.0193597435541345,7.1595314806954455,2.704841386739562,0.65,2.0,0.002,4,3.3210745520838207,13.284298208335285,29.889670968754388,53.13719283334113,0.0393984820751657,0.0195150345548927
1.7164401380356982,0.0745223701712621,0.010829482342684,200365859237.375,7646.599732251489,0.0381830425483721,7.032999275722784,13.904288501045976,0.65,2.0,0.002,4,8.532126995172415,34.12850798068966,76.78914295655174,136.51403192275865,0.0006387772434008,0.0002207775520471
2.7273684443862,0.0756825747963007,0.0075795147077442,210170107473.9788,7739.99130378113,0.0231474276750313,2.816374639935881,3.1540571404416258,0.65,2.0,0.002,4,2.4076772435758578,9.630708974303433,21.66909519218272,38.52283589721373,0.0087829534557667,0.0042950945241567
2.623849720115273,0.0277137323278778,0.0142428012107874,210953583976.4499,7724.962068603154,0.0085872010715346,1.6438650343584875,1.7883539727110231,0.65,2.0,0.002,4,4.90221131831267,19.60884527325068,44.11990186481403,78.43538109300272,0.0009979238929207,0.0005398753825807
1.4112581330951934,0.0740905639621861,0.0083451254724276,213619016979.7,7880.662078343357,0.0149409055144781,7.142100024559824,2.4414540021979683,0.65,2.0,0.002,4,9.892084390072934,39.56833756029174,89.02875951065641,158.27335024116695,0.0005331090572397,0.0003289334334705
1.6211142617192644,0.0712535810634994,0.0081152452216536,181313284868.33145,7896.596886342986,0.0429041196949522,6.463089102402587,7.005531597913172,0.65,2.0,0.002,4,6.709628543513264,26.838514174053056,60.38665689161938,107.35405669621224,0.0077095915214973,0.0047192267689487
2.434779320891808,0.0455162892557156,0.0176156616943797,216340715580.80173,7666.666073633751,0.0386259060924283,0.3053213361142841,4.998583096036041,0.65,2.0,0.002,4,7.157722600373582,28.630890401494327,64.41950340336224,114.5235616059773,7.813401289072503e-05,3.937519024954333e-05
2.3099918484029285,0.0797333179751465,0.0052370485874494,202303339873.0553,7900.403501153023,0.0422048672606245,5.497528522104137,2.9633150684126246,0.65,2.0,0.002,4,2.2520179740552084,9.008071896220834,20.26816176649688,36.032287584883335,0.0237847898422974,0.011394314414436
2.3817735928625705,0.0629354427973409,0.0091274532452001,187825985459.4958,7685.5409901824,0.0139163388544397,5.285443689945586,1.6018655609959247,0.65,2.0,0.002,4,3.6067707230247015,14.427082892098806,32.46093650722232,57.70833156839522,0.0044058863859456,0.0024404793111657
1.1584391021461948,0.0774331489525603,0.0113870383464736,194020825795.8927,7742.521233907324,0.0220520485163962,9.455468596153947,6.026124437228967,0.65,2.0,0.002,4,19.26090070222552,77.04360280890207,173.34810632002964,308.17441123560826,0.0001518733630266,8.420105591985398e-05
2.782780167421014,0.0342736294630863,0.0188138674205949,188690559302.9848,7988.570403137019,0.0238932113768536,5.373902267945081,3.950603295478397,0.65,2.0,0.002,4,5.354144483860745,21.41657793544298,48.187300354746704,85.66631174177192,0.0035487860797506,0.001755067381323
1.9708498082129449,0.0709093111741513,0.0098755839985558,186452548251.4329,7709.720245399877,0.0114407442806058,4.107421446313991,2.325996134961078,0.65,2.0,0.002,4,5.6695662479778,22.6782649919112,51.0260962318002,90.7130599676448,0.0010985752903306,0.0005987657953481
2.683507839707277,0.0420755647331496,0.0183428144079436,201843014178.40335,7886.994656477767,0.0063574648567493,8.967700495397192,3.4135451899460407,0.65,2.0,0.002,4,5.843063113433132,23.37225245373253,52.58756802089819,93.48900981493011,0.0029176434750633,0.0014860325470825
1.9697275896640456,0.0679949036112743,0.0120881949802513,214000072521.6609,7925.0963038887985,0.0358786624921643,6.192564899843856,8.315368651431351,0.65,2.0,0.002,4,7.341470541380499,29.365882165521995,66.07323487242449,117.46352866208798,0.0026121651482057,0.0013073354771084
2.4075396155320994,0.0413215922213599,0.0139324955886517,188941764033.5693,7667.35585945815,0.0262017110812425,3.5965595142375126,7.074009165448219,0.65,2.0,0.002,4,5.410687565891906,21.642750263567624,48.69618809302715,86.5710010542705,0.0022163858258578,0.0009508099287904
1.3015870332680348,0.0628671941604342,0.0120460733301566,214115635386.9857,7962.980926734363,0.0442618206419558,0.7374128620322263,26.121017826274663,0.65,2.0,0.002,4,16.719168820381075,66.8766752815243,150.47251938342964,267.5067011260972,1.9301280095166164e-05,6.534761115338726e-06
2.4229222314282355,0.0332982802143622,0.0067696553165984,219954867590.57156,7703.9666007556225,0.0453221741942659,6.130940942143982,4.15503138389934,0.65,2.0,0.002,4,2.7940003368876645,11.176001347550658,25.14600303198898,44.70400539020263,0.0220232518817373,0.009818871582359
2.467076512380073,0.0548576686712491,0.0117708665969139,218913691092.89,7730.406638283406,0.0240300334545178,7.40154756226129,5.343776122302639,0.65,2.0,0.002,4,4.666677042338214,18.66670816935285,42.00009338104393,74.66683267741142,0.0105050889684928,0.0050752194840426
2.680966755322937,0.039018077952998,0.0109292703665175,213690411012.76263,7634.435773685536,0.0182604339975695,5.362405368839151,6.172328510481933,0.65,2.0,0.002,4,3.647888963588584,14.591555854354334,32.83100067229726,58.36622341741734,0.0048724172035946,0.002079450421331
1.528067404551228,0.0312715128915608,0.005606478970895,194574463059.02444,7951.587548954583,0.0201501863418817,6.822834680183977,8.41146308976116,0.65,2.0,0.002,4,5.38580252651956,21.54321010607824,48.472222738676045,86.17284042431297,0.0079845826516525,0.0032194487151719
1.758363399340117,0.0606966036429147,0.015961895449622,211025988317.01837,7752.940913186776,0.0459425020197665,2.992779594939028,20.8225654947026,0.65,2.0,0.002,4,12.213248108342707,48.85299243337083,109.91923297508436,195.4119697334833,9.536148621593524e-05,3.115618343992234e-05
1.2264170338721447,0.0558885273276964,0.015802696685005,204438712764.53177,7898.386373883809,0.0103501070656185,7.637948568708354,13.928410418418506,0.65,2.0,0.002,4,24.23798387305755,96.9519354922302,218.141854857518,387.8077419689208,0.000120935647464,5.802989067507204e-05
1.1521031216386313,0.0644426720429726,0.0194868423566229,219830751874.96692,7969.521744025666,0.0441843082432839,2.8609142221315293,67.82822716988574,0.65,2.0,0.002,4,34.9635974870347,139.8543899481388,314.67237738331227,559.4175597925552,5.640625830482471e-06,1.8001776548285757e-06
2.5869139415630773,0.0356337473593956,0.0188745960725036,201160428342.5455,7636.979076728882,0.0158751743081126,9.07236207097776,13.02664113985653,0.65,2.0,0.002,4,6.563771185165902,26.25508474066361,59.07394066649312,105.02033896265444,0.0010067914995226,0.0004392757740365
1.3770604677483205,0.0677139355149625,0.0194093942844324,208873453289.3445,7967.143998650294,0.0492883369226599,3.5853016749684583,32.05338008203832,0.65,2.0,0.002,4,23.764326186330347,95.0573047453214,213.87893567697316,380.2292189812856,3.90817946063796e-05,1.5274420359655013e-05
2.4108388476032587,0.0552731308943616,0.0177227725295589,202142428932.13495,7832.932556052724,0.0264810422679431,7.649947368281559,6.6517301504373245,0.65,2.0,0.002,4,7.02410672765743,28.09642691062972,63.21696054891688,112.38570764251888,0.0061910540944892,0.0036613691144901
2.458562759678664,0.0725683692102052,0.0160205436858106,205686998425.91187,7800.070860910805,0.0494398980273401,9.595731757601706,10.66413284504718,0.65,2.0,0.002,4,6.171604013763741,24.686416055054963,55.54443612387367,98.74566422021984,0.0009479291907183,0.0003343179495784
1.0892279433901315,0.0253287129208404,0.0136972686870457,193928714161.62604,7697.242790958359,0.0148687951008736,9.49095716584068,10.875341971863362,0.65,2.0,0.002,4,26.27720362772794,105.10881451091176,236.49483264955148,420.435258043647,0.0002373352813463,0.0001271965680119
2.0870931336550225,0.0553514689331559,0.01787945258268,204442671183.23135,7678.333741918698,0.0461260418170643,2.2380101239701733,4.775982620118475,0.65,2.0,0.002,4,9.603998732989606,38.41599493195842,86.43598859690645,153.6639797278337,0.0001491926576665,8.661359090159485e-05
2.012047478965193,0.0505195114275238,0.011969841834195,204027724944.8067,7886.929297923018,0.0412325705836496,0.3950545400210499,5.636314668777969,0.65,2.0,0.002,4,6.819175003133817,27.27670001253527,61.37257502820435,109.10680005014108,0.0002208537248749,0.0001150963309854
1.5547644042789557,0.0694055477006756,0.012292717693691,214108309618.0746,7643.279527456951,0.04865346845278,7.694303286566716,18.519045707198057,0.65,2.0,0.002,4,12.20463719859696,48.81854879438784,109.84173478737266,195.27419517755135,0.0003669495239217,0.0001317998093958
2.858540849508118,0.0344364453987587,0.0062207038084327,183027721148.58524,7629.197449680867,0.0207734383748289,1.349524841812961,1.5708562049336423,0.65,2.0,0.002,4,1.6908262458265697,6.763304983306279,15.217436212439129,27.053219933225115,0.0619571414804118,0.0291815557324501
2.5588425534795576,0.0206927839697797,0.007582881797582,182870629591.5113,7804.842037203663,0.0332631950597868,0.2027218640388204,1.2471661535550689,0.65,2.0,0.002,4,2.54194607156208,10.16778428624832,22.87751464405872,40.67113714499328,0.0012140443583219,0.0007190006028519
1.455444772058179,0.036289669452585,0.0185805228394298,208904128938.89743,7657.312644213747,0.0241859764886486,2.5069032967779177,35.186941920823884,0.65,2.0,0.002,4,20.77452227866491,83.09808911465964,186.9707005079842,332.3923564586386,4.325065959413533e-05,1.355370974369549e-05
1.9398329530464875,0.0520503586539659,0.0181111580724928,191293244870.43988,7698.36807366242,0.0054105578254426,7.410957179442378,15.640539320092763,0.65,2.0,0.002,4,10.879208270697193,43.51683308278877,97.91287443627472,174.06733233115506,0.0005473553744736,0.0002373321275128
1.7443101035546686,0.07487998401025,0.013297559928639,215555981723.03903,7764.976901365217,0.0317588081165504,9.55062614811887,4.420468047997368,0.65,2.0,0.002,4,10.441521162143667,41.76608464857468,93.973690459293,167.0643385942987,0.00051807695394,0.0002840501701025
2.7524542216790078,0.0361296331333094,0.0060479663896221,203994713793.10315,7642.828229132647,0.0174498828919918,5.121145291179535,1.3380072984332454,0.65,2.0,0.002,4,1.870168858803665,7.48067543521466,16.831519729232987,29.92270174085864,0.0819385471168164,0.0411278833698456
2.6084204170479546,0.0592661033927967,0.0080105775323224,204396441485.36023,7656.466440688586,0.0273593671927757,5.87623061456302,3.707954415272588,0.65,2.0,0.002,4,2.758419878974277,11.033679515897107,24.82577891076849,44.13471806358843,0.0154169045318045,0.0072568220769046
2.1077207634906547,0.0652670240766424,0.0139879351933913,216980074609.8727,7947.512727238527,0.016761865611003,8.858623772363298,5.521083621471399,0.65,2.0,0.002,4,7.460209590433449,29.840838361733795,67.14188631390104,119.36335344693518,0.0022196943499162,0.0010626227817699
1.6173592193053357,0.022127247944465,0.0172842132477666,189642854860.53424,7852.697214485967,0.0296990571226915,0.1440504326031604,29.298013910704547,0.65,2.0,0.002,4,14.72396271905518,58.89585087622072,132.51566447149662,235.58340350488288,5.308489075758975e-06,1.7717041034155189e-06
1.604022015922353,0.0606429215406188,0.019393536149779,211105349529.61197,7794.465037240621,0.0248320178690997,9.085875464391629,22.06740773021222,0.65,2.0,0.002,4,17.787793170196917,71.15117268078767,160.09013853177223,284.60469072315067,0.0003142851500121,0.0001249138640859
1.7895629496415135,0.0520991684101568,0.0057764272394261,211037513193.937,7876.908605157105,0.0288185166460986,5.013443536284043,3.4149516461219758,0.65,2.0,0.002,4,4.233470413211828,16.93388165284731,38.10123371890645,67.73552661138925,0.0144323467761239,0.0074728276091057
2.8400467849999176,0.0361385013516935,0.0197813177679818,212655596618.85663,7917.923122416521,0.0350410370431396,9.834352936383448,5.7333447708388,0.65,2.0,0.002,4,5.763233994561582,23.052935978246328,51.86910595105424,92.21174391298533,0.0196535070498775,0.0103929120831322
1.7828924764048395,0.0697209013381532,0.0152330944313071,188538022624.16336,7815.541321985318,0.0404389400089205,8.923214140370389,9.722045156454696,0.65,2.0,0.002,4,10.673012691628992,42.69205076651597,96.05711422466096,170.76820306606388,0.0018132971647525,0.0010422923188184
1.4789845473242562,0.0325195690950562,0.0162425265038416,192906146915.83612,7627.322103971247,0.0241175692212645,5.734869172022311,21.7200622611723,0.65,2.0,0.002,4,16.93333712988126,67.73334851952504,152.40003416893137,270.9333940781001,0.0004353364362687,0.0001675046346492
1.8090117983335103,0.0247718421488482,0.0110786101522494,214647664335.6044,7881.362372990885,0.0087104982879934,1.683081277289141,7.259334321929669,0.65,2.0,0.002,4,8.011137225515196,32.04454890206078,72.10023502963678,128.17819560824313,0.0032557667334522,0.0015993278404096
1.8033062931170285,0.0642095158217854,0.0129159226418899,219034041356.60452,7622.049045568861,0.0065428580324063,5.729249077936395,5.463580184457402,0.65,2.0,0.002,4,9.65462992456158,38.61851969824632,86.8916693210542,154.47407879298527,0.0006220558916603,0.0003130728993751
2.355180681816444,0.0246059089228112,0.0081303362217274,209501940692.96945,7658.88888757041,0.0160496968830177,6.543467944253404,5.25566692959327,0.65,2.0,0.002,4,3.476165457169774,13.904661828679096,31.28548911452797,55.618647314716384,0.0181279391462188,0.0083791349066669
2.3799349616473933,0.0256523134982966,0.0100709148126877,210002516629.34085,7963.100256944229,0.0335222203112186,6.001934790859772,3.6542707324687576,0.65,2.0,0.002,4,4.140370031092777,16.56148012437111,37.263330279835,66.24592049748443,0.0293920136203506,0.0162502620116893
2.2445772172917,0.060516572968956,0.008991572234416,212429375521.27145,7823.695003723494,0.03762851213774,9.401777747875007,7.337028124288484,0.65,2.0,0.002,4,4.216937079359028,16.867748317436114,37.952433714231255,67.47099326974445,0.0043002235292385,0.0016350743315677
2.070536694624902,0.0636100088733185,0.0141750736773225,213161554556.98383,7865.255870217341,0.0054983089336037,3.963725372681569,14.74454820672789,0.65,2.0,0.002,4,7.805248371776217,31.220993487104867,70.24723534598596,124.88397394841948,0.0002832567545162,0.0001298435081906
2.318025255729914,0.0458878170735887,0.0087217532084535,213884157891.98447,7798.272255991681,0.0497595954745665,7.954242486695774,6.801868398390691,0.65,2.0,0.002,4,3.8546667101952368,15.418666840780949,34.692000391757134,61.67466736312379,0.0055312412915912,0.0021056320019826
2.184414299369896,0.0427559570351763,0.0078011932650468,185524189514.74997,7694.744241250915,0.0063424448605843,3.150456924159058,6.6379443382532575,0.65,2.0,0.002,4,3.6401849217284097,14.56073968691364,32.76166429555568,58.24295874765456,0.0030678484513206,0.0015202225834268
1.1214674532477371,0.0741773393475172,0.0141842740543133,216749615412.584,7825.981572225056,0.0419453926471763,7.240773606021882,30.821574029433847,0.65,2.0,0.002,4,26.913660925986743,107.65464370394696,242.2229483338807,430.6185748157879,0.0001590463233109,7.699517570364062e-05
1.3255769229587775,0.0444453902462686,0.0187875393061695,186863919649.88663,7624.610761525018,0.0344060322701786,5.985909772155387,45.93109498839271,0.65,2.0,0.002,4,24.00176475670719,96.00705902682876,216.0158828103647,384.028236107315,4.298725432046357e-05,1.3518610572990642e-05
2.6994529917296197,0.0506686944784802,0.0144855175071288,189566268021.55933,7974.027178226411,0.0305564570627783,7.22408841590241,1.7825170059818438,0.65,2.0,0.002,4,4.394944605731092,17.579778422924367,39.55450145157983,70.31911369169747,0.0028850925083221,0.0015722527388078
2.801307055617425,0.0700025379870241,0.0196099305438023,205164040051.03143,7690.903538821,0.0225303408829844,7.543604561328904,2.824121453068882,0.65,2.0,0.002,4,5.852559239108668,23.410236956434677,52.67303315197802,93.64094782573868,0.0009992281615711,0.0005660964736127
2.02628333676796,0.0468794544438732,0.0054991006677273,194047536411.7516,7992.527107769592,0.0383461411597536,5.29501563866107,5.243257673138482,0.65,2.0,0.002,4,2.9924891592382448,11.96995663695298,26.932402433144205,47.87982654781192,0.0097365837982452,0.0039817701364872
1.6144022672646263,0.039968322327356,0.0144965860559695,187585855261.925,7967.758769747097,0.0096394761538389,0.1680923092398972,21.280329331984905,0.65,2.0,0.002,4,12.237802208697252,48.95120883478901,110.14021987827527,195.80483533915603,9.116679957821416e-06,3.4206388253020846e-06
1.927310243164693,0.0439380875758606,0.0157198231536521,204475199263.66177,7952.113008865799,0.043464681576383,2.4880764235864645,2.2551316637493164,0.65,2.0,0.002,4,9.730893047279674,38.92357218911869,87.57803742551707,155.69428875647478,0.0001592876816616,0.0001027130675766
1.7391219802891345,0.0262991230018739,0.0102991551085392,205218828783.54016,7903.932864338561,0.0445846657386192,9.623224634359543,9.070529222394558,0.65,2.0,0.002,4,7.867880329788678,31.47152131915471,70.81092296809811,125.88608527661884,0.0090804633022244,0.0045136155144401
2.791546054793111,0.0365500328938881,0.0109418218803881,202219571625.2824,7850.347310074833,0.0274000591664501,3.549532982523412,3.546951997429834,0.65,2.0,0.002,4,3.231442688332434,12.925770753329736,29.08298419499191,51.70308301331895,0.0216556985954467,0.0123378471658645
2.854806987745386,0.0498082679905193,0.0096007459069011,199305352782.48627,7687.712780468075,0.0265207144072519,2.3713679461934354,3.590079287035397,0.65,2.0,0.002,4,2.719829214251797,10.87931685700719,24.478462928266183,43.51726742802876,0.0066971851964093,0.0032512567764551
2.276574047825087,0.0508963832943663,0.017765554807881,197254384114.8603,7927.890708457893,0.0409709558775712,9.622672403549046,5.024494228677358,0.65,2.0,0.002,4,7.753164032203874,31.012656128815497,69.77847628983487,124.050624515262,0.0015799822455351,0.000794835311404
1.475295570657713,0.0610341783742526,0.019068473843151,184682372366.04495,7909.556399587495,0.0199295658853146,6.8292124221502,7.178364048703648,0.65,2.0,0.002,4,19.19657593600956,76.78630374403824,172.769183424086,307.14521497615294,8.927219164984719e-05,4.79727871991356e-05
2.8889617126454947,0.0324638441221749,0.0152434198392296,185131656975.0844,7683.838579330711,0.0252927341997516,5.77365179928101,8.122033366304171,0.65,2.0,0.002,4,4.065175697932795,16.26070279173118,36.58658128139516,65.04281116692472,0.0022123387012509,0.0009698613064096
1.1420193956993134,0.0412352393136664,0.018432207328651,206777518774.203,7813.568679819143,0.0276850844756463,6.123321692501363,45.34480124323066,0.65,2.0,0.002,4,32.967543198063545,131.87017279225418,296.7078887825719,527.4806911690167,6.397478003422582e-05,2.2405848250553623e-05
2.283320810726514,0.0625955826885549,0.0155617833553187,212792444327.42752,7793.387460539079,0.0290011364381615,3.3058873243878177,2.7544612507463726,0.65,2.0,0.002,4,7.072447243064644,28.28978897225857,63.6520251875818,113.1591558890343,0.0003880692036945,0.0002110594729193
2.9821868979247608,0.0228184626514876,0.0137311565971103,198460728640.3885,7630.610563880825,0.0146343292616909,6.972995539411124,1.410301901285546,0.65,2.0,0.002,4,3.5704610889536528,14.281844355814613,32.134149800582875,57.12737742325845,0.0104330053821194,0.0057479094878936
2.063824846545983,0.0669617455775554,0.0092389001856734,184259411457.66907,7879.245537034867,0.0271667358307098,8.438711191215292,5.07354037030905,0.65,2.0,0.002,4,4.756378184005818,19.025512736023277,42.807403656052365,76.1020509440931,0.0196553847364473,0.011411203083562
1.251568952555252,0.0570155024979534,0.0179776968567431,180919625293.76276,7815.99447814447,0.0161042730741308,4.8360490966838485,41.7836593479007,0.65,2.0,0.002,4,25.03827831594789,100.15311326379155,225.344504843531,400.6124530551663,3.945854180249191e-05,1.23746097841406e-05
1.5109208334162278,0.0255197540280134,0.0125834107556345,218589206380.4463,7859.668300092882,0.0257563452660319,7.949073785733753,15.693659249017864,0.65,2.0,0.002,4,13.181245716425677,52.72498286570271,118.63121144783108,210.89993146281083,0.0022090943126471,0.0009399168211802
1.7533382240043385,0.0701952641524351,0.0119360988863539,214821275437.8716,7901.5754500686035,0.031371286811288,2.574900303612325,6.130045423230206,0.65,2.0,0.002,4,9.179986871769191,36.719947487076766,82.61988184592273,146.87978994830706,0.0003458362737728,0.0001733856046563
2.5191239019896643,0.0717854971338773,0.0160419370554699,218608465250.29596,7878.366970243979,0.0385160393442647,4.278470580477341,4.490531811791481,0.65,2.0,0.002,4,6.038129029832946,24.152516119331786,54.34316126849652,96.61006447732714,0.0012067149199854,0.0006064684205346
2.4724731940871543,0.0785661504706753,0.0051747091060566,193084581357.804,7736.940101034339,0.0179840556401835,8.192500567653157,0.5390712865241485,0.65,2.0,0.002,4,1.917525692689396,7.670102770757584,17.257731234204563,30.680411083030336,0.0272618322036982,0.0156510464491163
2.019135357684504,0.0340304168495802,0.0145944878880186,183612784139.64236,7773.60760744427,0.0439684078524353,7.701799179198457,11.566926873297367,0.65,2.0,0.002,4,7.889098839777641,31.556395359110564,71.00188955799877,126.22558143644224,0.0016101752533291,0.0006269995085824
2.1629189535752045,0.0327528455030699,0.0159671299666735,189181506199.0301,7936.268806085527,0.020672300195508,6.026619629231393,8.912434092373212,0.65,2.0,0.002,4,7.556257972434018,30.225031889736076,68.00632175190617,120.90012755894428,0.0033868996110947,0.001526833379354
1.0148888539593146,0.0420555614627799,0.0187180275373183,207000138880.5313,7606.911909385067,0.0285209042901902,3.722294769037717,71.17709669406493,0.65,2.0,0.002,4,42.98663947369898,171.94655789479592,386.87975526329086,687.7862315791837,1.3239652454949116e-05,4.093940160315949e-06
2.9906002770036686,0.0756288877553986,0.0155083021387059,197901832477.45544,7634.028484276088,0.0419403061300278,1.975481735214688,2.766785812139699,0.65,2.0,0.002,4,4.003361321062681,16.013445284250725,36.03025188956413,64.0537811370029,0.001064944601383,0.0005548314896349
2.2739378660468432,0.0731415469322171,0.0112829294205364,207973338890.67395,7800.672296982378,0.0368188326312185,7.910953030626199,5.900801037742792,0.65,2.0,0.002,4,5.108951187598091,20.435804750392364,45.98056068838282,81.74321900156946,0.0061987615478601,0.0031038466620917
1.9780468340209003,0.0705925651190106,0.0061373200957996,209587297519.04016,7982.530293655665,0.0418365808714022,4.373589535516904,3.000797360244265,0.65,2.0,0.002,4,3.644576577102584,14.578306308410337,32.801189193923264,58.31322523364135,0.011584869777396,0.0061481708422136
1.0613678496023482,0.053662010396242,0.0174972335418204,194631333717.08423,7713.128917165019,0.0194619562233078,4.288456332279181,11.544654886907194,0.65,2.0,0.002,4,35.380003426350086,141.52001370540034,318.4200308371508,566.0800548216014,1.967548328778053e-05,1.0761861549854822e-05
2.715422757906729,0.0452173629920702,0.0150628246292985,186381453238.25555,7825.87704462186,0.011347065647248,6.636880831451856,3.970419250521575,0.65,2.0,0.002,4,4.52059503303593,18.08238013214372,40.68535529732337,72.32952052857488,0.0126241212238748,0.0062554316374358
1.2216415393974085,0.056519585157607,0.0193864409505666,196085522996.14212,7620.377635601209,0.0465486210616045,8.84829618756758,34.05836019252632,0.65,2.0,0.002,4,29.87956537951378,119.51826151805513,268.916088415624,478.0730460722205,0.0001540907136243,7.691571359493003e-05
2.154695441140911,0.0626666853711506,0.0151571847602422,189679570924.1809,7615.675836171245,0.0424706839741908,8.735897145349472,14.495437298346808,0.65,2.0,0.002,4,7.3880881289632,29.5523525158528,66.4927931606688,118.2094100634112,0.0005310107233522,0.0001922253515778
2.8331609327535032,0.074675204903862,0.0126948084589387,214406302322.78305,7884.600325956247,0.0210532304724776,5.661339834060567,1.5329576268213208,0.65,2.0,0.002,4,3.739743785179342,14.958975140717367,33.65769406661408,59.83590056286947,0.0024830717052272,0.0013508215496675
2.512729588905339,0.0701255794527177,0.0186470050873227,194922074173.9597,7906.130761322373,0.0197096795076198,9.445789340774462,1.463498525821472,0.65,2.0,0.002,4,6.649597390927831,26.59838956371132,59.84637651835048,106.39355825484527,0.0007038260667274,0.000448454017958
1.7099675174989193,0.0439530290921297,0.0074450844563734,219384640933.31577,7939.834798522657,0.0480921678037824,5.003936667441918,3.5055212455188185,0.65,2.0,0.002,4,6.06904752089692,24.27619008358768,54.62142768807228,97.10476033435071,0.0031063751437957,0.0016181642352074
2.3017718526473328,0.0266444084163615,0.0122328918448745,189813134648.96228,7953.966265273792,0.011228125955729,0.6376717310210028,7.507977239739507,0.65,2.0,0.002,4,5.11452255762934,20.45809023051736,46.03070301866406,81.83236092206944,0.0005362516327839,0.0002448303283184
2.561096112021443,0.0409300297159321,0.0118970665303628,219685161018.22293,7726.612230369689,0.0262915606528995,6.3846321840058415,1.580214886335085,0.65,2.0,0.002,4,4.3855411800310495,17.542164720124198,39.46987062027945,70.16865888049679,0.003822784341118,0.0020776448614688
2.1218378229992707,0.0308486717035981,0.017705773571789,213118910659.47137,7739.874186140107,0.0393732813385158,5.476098557609835,17.183227226622567,0.65,2.0,0.002,4,9.357586058156526,37.430344232626105,84.21827452340874,149.72137693050442,0.0004376337461146,0.0001480069463103
2.744208604007148,0.0561271635100056,0.0070067963839078,207754373368.36005,7939.06658719919,0.0156891052423516,1.590945883938913,0.4651300965195253,0.65,2.0,0.002,4,2.158265521910683,8.633062087642733,19.42438969719615,34.53224835057093,0.0036850717643659,0.0024376888636674
2.119776626074854,0.0667766697229704,0.0101627949273413,211408562759.8406,7871.896362969795,0.0308673528646577,9.923783074754274,5.557131858692383,0.65,2.0,0.002,4,5.314761997860788,21.25904799144315,47.83285798074709,85.0361919657726,0.0194381594258377,0.0112686651420589
1.7225482656957962,0.0263869655716844,0.0192619152313969,218458383589.9417,7724.595261675763,0.0476022474810085,0.4482187065704275,30.77020438564984,0.65,2.0,0.002,4,15.654255333478217,62.61702133391287,140.88829800130395,250.46808533565147,1.1039210399183814e-05,3.6265508481259192e-06
1.3915432044194491,0.0680119965821901,0.01010387317839,185993313307.69223,7674.701902284562,0.0288840380871231,8.47719714051538,3.810806020986102,0.65,2.0,0.002,4,11.647739750521108,46.59095900208443,104.82965775468998,186.36383600833773,0.0004892883878298,0.0002695111437896
1.146173769350699,0.0573284391274453,0.0145123729994732,218259605307.3474,7994.980495925802,0.0475269136673746,5.459082209252108,7.202567295087242,0.65,2.0,0.002,4,26.172471415889326,104.6898856635573,235.55224274300397,418.7595426542292,4.419503517691553e-05,2.639830599750538e-05
1.4522583498788944,0.0365936868468083,0.0180451148602869,191516015886.2049,7770.273293352363,0.0386305035463557,8.933482907656039,31.2828234105436,0.65,2.0,0.002,4,19.261297657459544,77.04519062983817,173.35167891713593,308.1807625193527,0.0001909597644947,6.201296801967672e-05
1.5484596447807415,0.0773229330442549,0.0097374722763272,187258178212.0576,7675.012578628884,0.0265645969088877,8.442227482638296,14.230011255442088,0.65,2.0,0.002,4,9.096127815686993,36.38451126274797,81.86515034118294,145.53804505099188,0.0008155002835436,0.0002928261974139
2.9043850727918006,0.0735573625885681,0.0148358820909969,202057237091.5021,7967.693078521108,0.034498403380014,6.618126927219192,6.902215984874236,0.65,2.0,0.002,4,4.016105769098896,16.064423076395585,36.14495192189007,64.25769230558234,0.0017034173246418,0.0006644231618442
2.983202099913949,0.0414358166939949,0.0191948985982534,204492858732.0858,7962.58743042565,0.0062533466672648,0.4284112332944692,1.6565754655972198,0.65,2.0,0.002,4,4.956346839597426,19.825387358389705,44.60712155637684,79.30154943355882,0.0001179278599045,6.620998043948134e-05
1.7135848250665098,0.0305424195621277,0.0136458371024817,195839703655.2148,7638.359257920337,0.0304179057949058,5.424679470540444,5.460475214413403,0.65,2.0,0.002,4,10.670101549688896,42.680406198755584,96.03091394720006,170.72162479502234,0.0007300378913964,0.0004187956253099
2.9957704537786625,0.0506828734067057,0.0101663429074587,208819488912.272,7787.78418234081,0.0063274083245547,5.519158140387169,1.9877511360286444,0.65,2.0,0.002,4,2.6598399352115565,10.639359740846226,23.938559416904013,42.5574389633849,0.0210131180939442,0.0104236480689248
2.6752345857109745,0.049063055552087,0.0057308364012909,180659650359.106,7789.39016079773,0.0123970426665999,7.080746865392296,2.8530628919022365,0.65,2.0,0.002,4,1.748647928975831,6.994591715903324,15.737831360782478,27.978366863613296,0.0463150992631472,0.0220562941261348
1.8402789462557547,0.0676348947961517,0.0097968920034427,217175295552.206,7973.879932919743,0.0075638293490079,6.202390068703664,3.1629374228487053,0.65,2.0,0.002,4,6.8457435207983925,27.38297408319357,61.611691687185534,109.53189633277428,0.0012808232857124,0.0006848442067778
2.1924716715286565,0.0620996077124293,0.0092458075508295,198729022274.8624,7896.311508147185,0.010908566778263,1.304913130890768,2.642705910655277,0.65,2.0,0.002,4,4.375469226276023,17.50187690510409,39.379223036484206,70.00750762041636,0.0010564089250839,0.00052867446157
1.672514775976907,0.0511155971411543,0.0171420360201522,187681719090.0048,7851.590302556508,0.0243783796782118,1.8267159473172088,23.049494884295303,0.65,2.0,0.002,4,13.585758871964792,54.34303548785917,122.27182984768314,217.37214195143667,5.526121310026807e-05,1.803558972972267e-05
2.033855731187981,0.0583067014634357,0.0082167426721652,195022536410.00565,7686.535524054283,0.0456324306992869,2.4443089311069186,1.894194774042005,0.65,2.0,0.002,4,4.536968185725558,18.147872742902237,40.83271367153003,72.59149097160893,0.0014434758638774,0.0008059094304752
1.3093850195588137,0.0682753309414822,0.0176887383479975,200903837034.49963,7612.1855429817615,0.0282246026234174,2.2204042458450437,24.105755668665644,0.65,2.0,0.002,4,24.03426298777878,96.13705195111513,216.30836689000904,384.5482078044605,0.000211015162303,0.0001358107974338
1.0777759793250845,0.0249024347264087,0.0058087768333135,180976619453.92108,7661.148952856312,0.0435713817956258,8.001777176483065,18.978534741405998,0.65,2.0,0.002,4,11.021005727509408,44.08402291003763,99.18905154758468,176.33609164015053,0.0020819320295944,0.0006844849521221
2.4189727774426526,0.0704273808237491,0.0065792771349593,185034526174.80264,7712.418965754891,0.0055371116918898,9.861907813938576,3.189323036889269,0.65,2.0,0.002,4,2.4973335498373874,9.98933419934955,22.47600194853649,39.9573367973982,0.0443260961939478,0.0213176922419789
2.645351052287463,0.068530468471981,0.0104196502310741,208533724268.83893,7831.73862640452,0.0241015609144048,9.93180579093143,2.5182803702430165,0.65,2.0,0.002,4,3.483973356812457,13.935893427249828,31.35576021131212,55.743573708999314,0.0136239666355684,0.0068542472192411
2.178897672174867,0.0758201674120016,0.0193900314198248,204122316519.294,7852.325708918368,0.0225457958796553,7.264020634715954,6.06459115577322,0.65,2.0,0.002,4,9.44235204424744,37.76940817698976,84.98116839822694,151.07763270795903,0.000519987468269,0.0002519766447756
1.3583042809549102,0.0243401558565004,0.0155625120856913,191757489495.82745,7843.293289572021,0.0226265725822479,3.4018891691599347,34.190350713643966,0.65,2.0,0.002,4,18.912187147771377,75.6487485910855,170.2096843299424,302.594994364342,0.0001033278267511,3.277019317799492e-05
1.075980355155285,0.0529288706784983,0.0117528498661439,204994328429.70624,7892.439869396165,0.0196244773495372,6.4005301416301,26.833416238352896,0.65,2.0,0.002,4,23.46005575291196,93.84022301164782,211.1405017762076,375.3608920465913,0.0003836206855818,0.0001625096246344
2.656042944593364,0.0420219232317046,0.0129041783269095,200049235121.43704,7863.814873377649,0.0498830657151917,4.491272789453716,3.2663630533540227,0.65,2.0,0.002,4,4.183514049349242,16.734056197396967,37.651626444143176,66.93622478958787,0.0059995599417511,0.0032003496601424
1.6750365844115327,0.0779165282041894,0.0178461913285396,187339656329.80264,7901.341338125006,0.0266089025873688,9.268376531039063,18.183733958054493,0.65,2.0,0.002,4,14.043994564219606,56.17597825687842,126.39595107797643,224.7039130275137,0.0003542473380421,0.0001386863421041
2.55378954838144,0.0647830310636126,0.0074031164171855,199557553261.0568,7936.305040993825,0.019799181554415,2.008374810902664,0.5670635024640736,0.65,2.0,0.002,4,2.581062562942801,10.324250251771202,23.22956306648521,41.29700100708481,0.0026930538328508,0.0016554301617916
2.3034689500064003,0.0370731799317803,0.0099032216254928,217890842921.7748,7944.250246462258,0.0211770701799046,3.795347434444968,3.261544402981936,0.65,2.0,0.002,4,4.432350119115547,17.72940047646219,39.89115107203992,70.91760190584876,0.006497289781527,0.0031681448059881
2.908482505052227,0.0794270277189596,0.0174974964724917,197755356331.64343,7818.963751229162,0.0276488139352412,1.6411005818554982,8.197811731434275,0.65,2.0,0.002,4,4.716955563006243,18.86782225202497,42.45260006705619,75.47128900809989,0.0002424816604458,9.380079870099911e-05
2.2942749625755887,0.0373827912568908,0.0087515015259187,218993021630.96823,7669.6960769625,0.0064595632932228,9.498964912401952,3.024671533156692,0.65,2.0,0.002,4,4.028533283306008,16.11413313322403,36.25679954975407,64.45653253289612,0.0254290138485258,0.0128730457734792
1.8466816991740105,0.0783836368742779,0.0052153880606565,193028776168.34424,7909.97247117198,0.0212044833713764,9.21752707074137,2.0322794364208203,0.65,2.0,0.002,4,3.4257473814250736,13.702989525700294,30.83172643282566,54.81195810280118,0.0161419282931284,0.0082128560462041
2.493648461382463,0.0794957580963867,0.0193643973763514,189886148001.292,7966.246116996245,0.0447806444178228,7.262018328781444,4.576243926405633,0.65,2.0,0.002,4,6.8941791362961125,27.57671654518445,62.04761222666502,110.3068661807378,0.0008947593562988,0.0004587124884408
2.796500890356288,0.0537779546800933,0.0187873984839996,191996996233.1158,7645.93386977278,0.0300298303725878,3.5208162187211736,8.971183580578069,0.65,2.0,0.002,4,5.458809333996498,21.83523733598599,49.12928400596847,87.34094934394396,0.0006256988475294,0.0002338934254542
2.8860348863927063,0.0369756715607579,0.0164150755585839,197493532741.69385,7719.598938296232,0.0244014500021156,6.50299610904883,8.943121620673738,0.65,2.0,0.002,4,4.520100150367123,18.080400601468494,40.68090135330411,72.32160240587397,0.0016567723688942,0.0007243403886726
2.015865995044054,0.0615281163254338,0.0174896231591397,202298183266.95786,7866.792495911181,0.0485138270827202,1.8081088758415516,4.451567692888578,0.65,2.0,0.002,4,9.896543365535226,39.586173462140906,89.06889028981703,158.34469384856362,9.93926977559114e-05,5.606146477146603e-05
2.552195800721281,0.0230213205475406,0.0101189302784855,199250955472.49545,7850.281804362389,0.0426299028819139,2.520239832453851,4.918769126948024,0.65,2.0,0.002,4,3.54889753823279,14.19559015293116,31.94007784409511,56.78236061172464,0.006750389964838,0.0029461364262377
1.0308319605674314,0.0489612434196077,0.0058278093589216,213071455219.25708,7645.46323399388,0.0147629306734617,4.653655903668805,7.23822739303692,0.65,2.0,0.002,4,13.1286349907998,52.514539963199205,118.15771491719822,210.0581598527968,0.0007364902170283,0.0003722132237946
2.195276337919686,0.0540415384314493,0.0166041893456238,194462797193.70535,7699.503809465456,0.0478048949136849,5.656053475549602,1.9538734879753048,0.65,2.0,0.002,4,7.851550596565809,31.406202386263235,70.66395536909228,125.62480954505294,0.0004613387772458,0.0002907396952105
1.8404449580648763,0.031286253687281,0.0100853543887973,208151107781.60895,7681.743818084656,0.0092112325402267,8.891484706452754,11.073229098143637,0.65,2.0,0.002,4,7.028039662771611,28.112158651086443,63.2523569649445,112.44863460434576,0.0035593474202476,0.0015136501617484
2.726031785134707,0.0392406010791152,0.0165322851876514,188889105743.85025,7753.808914979251,0.0363725657870313,9.69212325792716,4.93202928575989,0.65,2.0,0.002,4,4.979046932780587,19.91618773112235,44.81142239502529,79.6647509244894,0.0270869498438136,0.0140833243762044
1.5783084639626732,0.0608938146215048,0.0165593383080277,215227046595.09515,7967.438047901484,0.0158585857084684,1.377038383759422,4.5015277277116335,0.65,2.0,0.002,4,15.66670036557863,62.66680146231452,141.00030329020765,250.66720584925807,2.72803663926599e-05,1.5545778425850818e-05
2.040550229481138,0.0679922246458301,0.009716760376163,213495294493.80276,7797.656658606969,0.010213552595087,0.8133855560221426,9.49907268681443,0.65,2.0,0.002,4,5.536920231227403,22.14768092490961,49.83228208104663,88.59072369963845,0.0002000994680735,8.659521358187783e-05
1.401772240194546,0.0230588630376904,0.0180818005002031,189568812915.1757,7974.545145296211,0.0071214821069866,6.543298280897852,28.43011392003354,0.65,2.0,0.002,4,20.344475676239647,81.37790270495859,183.10028108615683,325.51161081983435,0.0003314004318178,0.0001249503532434
2.9017865426336504,0.0748167090041331,0.0112893694132364,219072568632.0879,7953.009659191635,0.0068034827561138,0.5169302523067337,4.700370563861217,0.65,2.0,0.002,4,3.190775575801857,12.763102303207427,28.71698018221672,51.05240921282971,0.000433370578431,0.0002139941364471
1.1414369772926245,0.0502173179492497,0.0181049864275922,180126324971.98114,7774.894087842177,0.0312889425853834,5.312254054710481,46.0701991329772,0.65,2.0,0.002,4,30.32947800557036,121.31791202228143,272.96530205013323,485.2716480891257,3.969857599960729e-05,1.3264890802245062e-05
1.8758071648513264,0.0410084925376449,0.0083965278514966,200002709072.2645,7610.420980951003,0.0197708372644696,6.8109357062888405,2.19493678302127,0.65,2.0,0.002,4,5.547102677600915,22.18841071040366,49.92392409840824,88.75364284161464,0.003830283648804,0.0021072332157109
1.128989381507935,0.0745176658152983,0.0087290414712735,194366918015.93765,7748.228124122982,0.015459523679408,4.440415892380102,17.263306649781228,0.65,2.0,0.002,4,15.553426135755029,62.213704543020114,139.98083522179527,248.85481817208048,0.0007671527654407,0.0003436446981187
1.8721104474638957,0.0258823247546989,0.0102956682875742,195400411084.8209,7998.638133554106,0.0358962508982474,1.26687425210039,5.311389328400943,0.65,2.0,0.002,4,6.58378399504242,26.33513598016968,59.25405595538178,105.34054392067873,0.001614147013574,0.0008175319108068
1.7233693500443004,0.0529484346131347,0.012738356006665,216151628323.11884,7665.966163443445,0.0310127343434011,7.568868822847105,8.944262188387427,0.65,2.0,0.002,4,10.327179207482676,41.30871682993071,92.9446128673441,165.23486731972284,0.0022031672968462,0.0011304179663679
1.4439413318845815,0.0623474919998751,0.0163015072156296,209641838769.9319,7771.479409813386,0.0323164634668992,6.020087547358549,27.55751750278944,0.65,2.0,0.002,4,18.41386896674075,73.655475866963,165.72482070066678,294.621903467852,0.0001113895919283,3.936777215396873e-05
1.1044482007278222,0.0638833730823418,0.0055756884653301,190503321251.6768,7812.363759984179,0.0459166521646652,1.1429826979284263,8.464009936605688,0.65,2.0,0.002,4,10.235218008603416,40.94087203441367,92.11696207743076,163.76348813765466,0.0004729180630035,0.0002498013363432
2.233866941854824,0.0325111636162381,0.0116986300393323,180247675542.67557,7713.471741643373,0.0328708054270102,2.9132767965313238,1.4683315966020605,0.65,2.0,0.002,4,5.138774359720296,20.555097438881184,46.24896923748267,82.22038975552474,0.0014393446968807,0.0008461939681494
2.1631109352693088,0.0272097453343039,0.0163125009749908,186145586639.71252,7946.729573969693,0.0158250628630765,1.6880778821009828,2.5067163390107443,0.65,2.0,0.002,4,7.651108730472406,30.604434921889624,68.85997857425167,122.4177396875585,0.0003427715821784,0.0001886062946004
2.024845597157442,0.0770650680084954,0.009806711659192,186431283040.36163,7930.358477828007,0.0495762343638096,7.822703116375461,2.361730178037231,0.65,2.0,0.002,4,5.258741470957338,21.03496588382935,47.32867323861604,84.1398635353174,0.002147531605092,0.001211058208005
1.887885772791953,0.0761562499661435,0.0178097656422084,192888626952.91757,7817.819360816536,0.0270420915241608,6.3588047511371375,9.019781491523014,0.65,2.0,0.002,4,11.255026621160615,45.02010648464246,101.29523959044552,180.08042593856985,0.0005738533315538,0.0002763029438258
2.525497609715779,0.0388341646166699,0.0144954906392146,193105986986.7847,7658.841469015449,0.0383624399856201,5.93419121266984,8.723620381088104,0.65,2.0,0.002,4,5.174692881741947,20.69877152696779,46.57223593567753,82.79508610787116,0.0019296948392971,0.0007070922168008
1.7873366707337603,0.0394743616725029,0.0094256841097818,180846080187.99457,7939.657576245542,0.0085655181993185,3.409880390613962,4.155711937050361,0.65,2.0,0.002,4,6.3853258817797895,25.54130352711916,57.46793293601811,102.16521410847665,0.0022047083802697,0.0011065970651969
1.207875724790786,0.0463456683757635,0.0052409413447264,184832284405.1833,7732.602914732493,0.0455680857952408,3.863537177882448,5.512859551670214,0.65,2.0,0.002,4,7.963795659710864,31.855182638843456,71.67416093739777,127.42073055537382,0.0024864353996309,0.0012821190158335
2.6771158699841595,0.0317370249214627,0.0130780594127809,206782019538.4081,7854.147992482977,0.0097971817362627,2.8468126242866547,5.0686334466439344,0.65,2.0,0.002,4,4.245658600728516,16.982634402914062,38.21092740655664,67.93053761165625,0.006551570990605,0.0032377212865224
2.3405530069423026,0.0658397588917552,0.0189294328217782,188884030831.24097,7953.900279306946,0.0430678168335146,8.638072592033346,11.704125167370467,0.65,2.0,0.002,4,7.635499330676848,30.54199732270739,68.71949397609164,122.16798929082957,0.0006890551424491,0.000253830501449
2.54712038446814,0.0693899938233464,0.0062428133444545,204263623927.523,7959.38102648271,0.0152176582053647,3.5388548150813897,2.0130493169407395,0.65,2.0,0.002,4,2.2103778995568875,8.84151159822755,19.89340109601199,35.3660463929102,0.0520034496743221,0.0257745586052152
2.579324766480706,0.0382849882548314,0.0123443975488199,190620803374.00543,7980.216069756018,0.0398396218273625,4.29049787076889,6.203408889246796,0.65,2.0,0.002,4,4.1121118576281255,16.448447430512502,37.009006718653126,65.79378972205001,0.0032348649392398,0.0013191757201663
1.2920379820053305,0.0261117833179132,0.0123459401559799,216000174643.63525,7633.856682561136,0.0441426591282353,6.714762599402618,8.990787471123104,0.65,2.0,0.002,4,17.83848263436205,71.3539305374482,160.54634370925848,285.4157221497928,0.0004022143152854,0.0002344168488883
2.3666349100526194,0.0378220090504169,0.0169031290011273,192464822994.2039,7737.174088197067,0.0229482886887003,7.471438122595271,1.5097463579334185,0.65,2.0,0.002,4,6.825246248746384,27.300984994985537,61.42721623871746,109.20393997994216,0.0011001536854975,0.0006938931752308
2.509706031611169,0.059599844527456,0.0054143745828609,200935316254.6035,7732.115654477827,0.0338804908618771,4.1110822600230525,3.904480264087773,0.65,2.0,0.002,4,1.9870592181781583,7.948236872712633,17.883532963603425,31.792947490850533,0.0101285787690192,0.0050530707616815
2.4788629369530195,0.0680522955263979,0.0057344556473491,189381406017.65195,7848.759109350099,0.043615638708117,0.1445512369026253,2.341269079615412,0.65,2.0,0.002,4,2.078665423534587,8.314661694138348,18.70798881181128,33.25864677655339,0.0015619137276073,0.0008805832342944
2.941668306522862,0.0625896386254958,0.0111894689755495,215697238965.31503,7983.251407283384,0.0406244714432047,5.6107318997675,5.139711594066096,0.65,2.0,0.002,4,3.047780720336936,12.191122881347743,27.43002648303242,48.76449152539097,0.0040262476455656,0.0016166212833556
2.886288614783031,0.0714093401226166,0.010008703306712,183741206052.31717,7712.055355052563,0.0429275919114455,6.592563625568839,5.158917839579535,0.65,2.0,0.002,4,2.659167958823033,10.636671835292132,23.9325116294073,42.54668734116853,0.0041676515896401,0.0018577633879941
2.984816497668924,0.0765538662368175,0.0102414855478063,190400215237.7964,7922.147811872944,0.0240174522588262,9.681101695872613,4.656534986906308,0.65,2.0,0.002,4,2.55546057073126,10.22184228292504,22.99914513658134,40.88736913170016,0.0075362595513324,0.0033901630143168
1.7831804352083305,0.070279544344692,0.0131706937733162,202585981721.33463,7743.75115527458,0.0422812665670188,2.713734351294551,10.433257974034092,0.65,2.0,0.002,4,9.606746397928136,38.426985591712544,86.46071758135324,153.70794236685018,0.0007472444914218,0.0004224102197419
1.45295899672387,0.0226015914479611,0.0076753372141997,209656114848.33063,7877.716254922813,0.0451276766540003,3.2378349111602565,11.219261340330055,0.65,2.0,0.002,4,8.504985980923182,34.01994392369273,76.54487382830864,136.07977569477092,0.002324916533717,0.0009620810697277
2.846323161954463,0.0598254478203325,0.0186430686704598,196354345942.809,7810.263138546406,0.0062407527052942,4.712468514182553,6.609504334543816,0.65,2.0,0.002,4,5.231975064404669,20.92790025761868,47.08777557964203,83.71160103047471,0.0020630083258903,0.0009928263336151
1.8900321097079844,0.0237870302422322,0.0195312848204239,192426167403.2433,7675.745396669142,0.0178721285828177,9.64729462942564,4.589447816695365,0.65,2.0,0.002,4,12.413478231180864,49.65391292472346,111.7213040806278,198.61565169889383,0.0007760542512269,0.0004164502225372
1.2040915392821452,0.0583280840359724,0.0085973435860204,210504968482.83893,7602.331657905162,0.0372097663372009,8.87526866920316,3.971000148024114,0.65,2.0,0.002,4,14.149213413184835,56.59685365273935,127.34292071866352,226.3874146109574,0.0004386724841282,0.0002577175347333
1.7630833012557925,0.0216370055758319,0.0054040364811317,202134934868.98755,7994.684791612512,0.0490898090770573,3.4390024256637317,4.236872278998494,0.65,2.0,0.002,4,3.9638925977315576,15.85557039092623,35.67503337958402,63.42228156370492,0.0441065396605431,0.0261468549720428
1.0885946417754089,0.0446278981446002,0.0181284849892645,186683712883.88937,7827.837605033323,0.0285609933466292,8.09355775711596,62.76711927987419,0.65,2.0,0.002,4,33.87588828040664,135.50355312162657,304.8829945236598,542.0142124865063,3.2696867685601896e-05,9.935963226522533e-06
2.0893542556965685,0.0342252477908754,0.007661270480572,184525555224.5944,7627.98211294159,0.0278656946456155,8.436005690659732,1.6758736624810728,0.65,2.0,0.002,4,3.914076527480655,15.65630610992262,35.226688747325895,62.62522443969048,0.0126954027391563,0.0071198022960877
2.7912528571554835,0.0799431810882139,0.0103880334953529,208931587773.91403,7815.983453040202,0.0254737310318674,2.4746840790553657,2.008845163836987,0.65,2.0,0.002,4,3.1258956114494745,12.503582445797898,28.13306050304527,50.01432978319159,0.0028534634589824,0.0014394587115856
1.494135174561438,0.0715507087218138,0.0094599428915979,188407702790.04092,7723.699890534463,0.0141417308825328,3.244786685971554,3.3147807347287324,0.65,2.0,0.002,4,9.490183734364887,37.96073493745956,85.411653609284,151.84293974983822,0.0002986315830153,0.0001609756226095
2.450011088944186,0.0564683759111083,0.0099039449058391,183051260535.7134,7970.320984811967,0.0191751674246447,2.8262300962277287,1.3689762935582546,0.65,2.0,0.002,4,3.5855008165163844,14.342003266065538,32.26950734864746,57.36801306426215,0.0022074615966052,0.0012033268715379
2.82911149525642,0.0473973747050561,0.0149482718817623,214547957265.60864,7822.984165325602,0.0077657622813372,2.731208853988416,7.296637715824824,0.65,2.0,0.002,4,4.435025099151568,17.740100396606273,39.91522589236412,70.96040158642509,0.0010903629973019,0.0005058358686179
1.057793670853992,0.052243085373723,0.009065902221288,184494353384.685,7626.342745580081,0.0371502008304506,2.5486711222474656,25.042813699838995,0.65,2.0,0.002,4,18.070565184946,72.28226073978401,162.63508666451403,289.12904295913603,0.0001356059463203,4.9964077297509645e-05
2.96446139494717,0.0778620204998239,0.0071385692349067,208596972115.84763,7840.3219556508275,0.0360791182897319,1.0522909001433003,1.0248336588796314,0.65,2.0,0.002,4,1.8999224890257729,7.599689956103091,17.099302401231952,30.39875982441236,0.0036141500104224,0.0020396040223127
1.8226362800468063,0.0487269112586565,0.0083569578789376,206254122955.3299,7682.892029295534,0.0324465606349057,7.598648525206846,8.122749009062769,0.65,2.0,0.002,4,5.91039355381251,23.64157421525004,53.19354198431259,94.56629686100015,0.0046052391958016,0.0018592346343934
1.9015178642212287,0.0375630357246557,0.0080645660578336,209837761297.08752,7856.777390836446,0.0176423867758934,9.67428181075453,8.66908647524533,0.65,2.0,0.002,4,5.226717601919396,20.906870407677584,47.04045841727457,83.62748163071034,0.0061653355727068,0.0024924079800333
2.338394441487719,0.0762420736124168,0.0061918616072428,198702738218.11823,7759.455673708251,0.0287347272344032,1.283674488783884,2.8181100446752154,0.65,2.0,0.002,4,2.598371551456224,10.393486205824894,23.38534396310601,41.57394482329958,0.0112358904691556,0.0059702499062445
1.312047306415291,0.0355155813339686,0.0191467117594361,186444111881.8267,7724.762734780773,0.0115491953579508,1.1454985205882766,28.23747482231767,0.65,2.0,0.002,4,24.7774282423368,99.1097129693472,222.9968541810312,396.4388518773888,6.393632221773087e-05,2.610576575010789e-05
2.0928913541770644,0.0737626386394887,0.0084879116593502,197596133463.9308,7800.166489278042,0.0230255333287783,6.876486267240551,2.068413494793082,0.65,2.0,0.002,4,4.422562935378119,17.690251741512476,39.80306641840307,70.7610069660499,0.0034390136328729,0.0019301350506631
1.6120242354012564,0.0792389022531737,0.0116314242346588,189248228128.26535,7901.293423174859,0.017219915791709,5.357116565981198,4.799661182399307,0.65,2.0,0.002,4,9.933123440434269,39.73249376173707,89.39811096390841,158.92997504694827,0.0003597976784586,0.0002016598316826
2.217570178775528,0.0464071902163507,0.0147461306045118,216113132302.88177,7920.113446658167,0.0420916554479648,2.6582432448163984,6.782615431739314,0.65,2.0,0.002,4,7.102765269388459,28.411061077553835,63.92488742449613,113.64424431021534,0.002507900603149,0.0015460378783365
2.477492629697842,0.0336340694653609,0.0077667083446156,180333413310.27136,7609.159017709436,0.0232422688550746,5.462611513704198,3.470084472300974,0.65,2.0,0.002,4,2.7932594704880653,11.17303788195226,25.13933523439259,44.692151527809045,0.0355025078252174,0.016717510353327
2.1012829216388056,0.0374028706864156,0.0195736418736208,204866736500.6114,7868.368544221585,0.0254656740792672,2.949827864858748,3.2394857165738467,0.65,2.0,0.002,4,10.257114613814323,41.0284584552573,92.31403152432893,164.1138338210292,0.0001981739955937,0.0001107045660674
1.220762109330738,0.0685433926333359,0.0125766068139165,196780093752.7285,7745.25784002152,0.0310902941387805,7.82089179683298,35.19437730511646,0.65,2.0,0.002,4,19.28871504824753,77.15486019299011,173.59843543422775,308.61944077196046,9.699765735435969e-05,3.035596984225969e-05
2.689534866370407,0.0647134711732921,0.0127535896215791,182792598210.29245,7884.602096555666,0.0283253976690271,3.166771765597764,0.8387467631281929,0.65,2.0,0.002,4,3.8494328426918263,15.397731370767309,34.64489558422644,61.59092548306923,0.0010855945232434,0.0006921322598709
2.598216892909733,0.0655693892762997,0.0179584145292598,189877891197.036,7999.022537411113,0.0412416831422404,3.928361597014281,2.5259588777187303,0.65,2.0,0.002,4,5.877128433381051,23.508513733524204,52.89415590042947,94.03405493409682,0.0005483139923708,0.0003032549723388
1.9766243145822215,0.0219651889774432,0.0084376722643509,187873957554.87265,7720.215500034945,0.0212225973101479,6.719904960377647,5.537297126156857,0.65,2.0,0.002,4,4.830835177661769,19.32334071064708,43.47751659895593,77.29336284258831,0.0316693702575741,0.0151484147433798
1.9370327231046036,0.0548618258066938,0.0192203375763942,191243213141.96207,7987.651526154266,0.0400812180397142,1.9109171749929372,8.010533660781423,0.65,2.0,0.002,4,11.365794804589544,45.46317921835818,102.29215324130593,181.8527168734327,0.000144010683452,7.170775799821627e-05
1.5186896941629855,0.0359473491879703,0.0113231832657649,187269691539.39645,7931.087460930365,0.0106131866064721,4.448959156255287,19.827196157383987,0.65,2.0,0.002,4,10.817504306781313,43.27001722712525,97.35753876103182,173.08006890850098,0.0003778973507608,0.0001469435619879
1.9779522591479517,0.030678967359457,0.0163067744649828,189837355220.49783,7701.283367396677,0.0099150057203134,7.23400392394233,6.873764989878391,0.65,2.0,0.002,4,9.383719000882808,37.53487600353123,84.45347100794527,150.13950401412492,0.0021728785123723,0.0010246834640815
2.0145854031640864,0.0795064685557226,0.005060114071,180663192075.90228,7997.233832772203,0.0313087475360374,1.3564087576332802,4.877465572578438,0.65,2.0,0.002,4,2.687095724224447,10.748382896897787,24.183861518020024,42.99353158759115,0.0018278155862687,0.00079294627535
1.5957496852862116,0.0564007109154784,0.0105408533527969,180042078902.41553,7984.726296560112,0.0297333084232776,6.0244827564912535,11.40712336622128,0.65,2.0,0.002,4,8.913176017117076,35.6527040684683,80.2185841540537,142.6108162738732,0.0013731774029356,0.0005632684689153
1.999750194406028,0.0264769372566355,0.0100996048318589,195047738744.0652,7882.770386045237,0.0199801437959954,0.1787625742879149,2.004085784542894,0.65,2.0,0.002,4,5.6965663715480215,22.78626548619209,51.2690973439322,91.14506194476834,0.0001128553557566,6.163494817135061e-05
2.6598980865236523,0.0564908426018802,0.0052343947712226,192684865436.8855,7760.363481562253,0.0177973379160966,5.853163377222412,0.5215256134731973,0.65,2.0,0.002,4,1.671662128954981,6.686648515819923,15.044959160594829,26.74659406327969,0.0372470970650922,0.0206377607501213
2.0308685166973235,0.0609144741700965,0.0063900154591344,216793645047.0276,7887.549587257872,0.0093538707422707,8.70299102059054,5.667006748938299,0.65,2.0,0.002,4,3.6831530943740742,14.7326123774963,33.148377849366675,58.9304495099852,0.0105389940484051,0.0050055359225243
1.2683376106137167,0.0542289790882641,0.0171227721505688,215472237571.22528,7854.045280789988,0.0231414463602902,1.6296956107458598,23.322434429118672,0.65,2.0,0.002,4,25.28031901807169,101.12127607228678,227.5228711626453,404.4851042891471,8.941646482752041e-05,4.6621742542267365e-05
2.2314696892808987,0.0453011105192142,0.0096535102539336,213098478993.9605,7802.837447685492,0.0273410053675629,1.2229855999382782,2.724687206184586,0.65,2.0,0.002,4,4.594057507096728,18.37623002838691,41.34651756387054,73.50492011354764,0.0011096218564599,0.0005620682690198
2.484635898835953,0.0554446876498259,0.0148015881351424,191975331660.59305,7696.548824650665,0.0195121556225899,1.6388714844258825,9.63125869101242,0.65,2.0,0.002,4,5.429836553771344,21.719346215085377,48.868528983942106,86.87738486034151,0.0003041838809475,0.0001206057760801
2.5749415512257325,0.0741229598687645,0.0153252128701742,182453665652.62405,7938.341169126884,0.034398002347741,2.8426257037816915,6.699868378766911,0.65,2.0,0.002,4,5.024726590131303,20.098906360525213,45.22253931118173,80.39562544210085,0.000900006912262,0.0003816591233544
1.1591514541090533,0.0462930719857408,0.0179805826356817,212830373075.2052,7897.902742419047,0.0053334230870955,8.670489664886658,28.781697615589398,0.65,2.0,0.002,4,31.50021790750233,126.00087163000931,283.50196116752096,504.0034865200373,0.0004029326609651,0.0001777921047044
1.3340515970014335,0.0345223818277545,0.0175725221455149,195809378977.4356,7811.12986703269,0.0376491250400842,1.7798979722683164,16.690437108019207,0.65,2.0,0.002,4,22.417021841760736,89.66808736704294,201.75319657584663,358.6723494681718,7.000231526094414e-05,3.4209280232080614e-05
1.3243598698875692,0.0399426281021698,0.0099687659046699,198167160468.0908,7676.16780186654,0.0136853391271444,5.463211859465961,5.656726806412309,0.65,2.0,0.002,4,13.094901617802831,52.379606471211325,117.85411456022548,209.5184258848453,0.0004905303418796,0.0002661271086116
2.121758640720712,0.030548949583117,0.0065719729972029,188893157103.4112,7739.483515558593,0.0056324159564038,6.955312623443572,2.1123057568124404,0.65,2.0,0.002,4,3.2702818817406643,13.081127526962655,29.43253693566598,52.32451010785063,0.0325960970587502,0.0162687595946792
2.7738623385963743,0.0546184692246619,0.0067449065042694,180103144419.46344,7798.768612900579,0.0477154459455962,5.768956528970639,1.6643549923032863,0.65,2.0,0.002,4,1.910218337703884,7.640873350815536,17.191965039334956,30.563493403262143,0.0798531886253248,0.0442491799354154
2.9600229005775285,0.0387017862835677,0.0081452090578048,186606094488.62973,7851.235386006314,0.035643501417938,0.9695911926854012,3.448329899003088,0.65,2.0,0.002,4,2.0551108883051863,8.220443553220745,18.49599799474668,32.88177421288298,0.0035504448827729,0.0015924520853188
1.244817695460934,0.0604956260486335,0.0182053232301922,218968833313.41263,7777.220799743339,0.0205027183254896,7.557765194403538,33.2763464120093,0.65,2.0,0.002,4,28.267999775248352,113.0719991009934,254.4119979772352,452.2879964039736,0.0001468237085842,6.026921040427183e-05
2.3321045985382973,0.0410733756476779,0.0182996833719173,212770375422.39948,7797.135120027513,0.0397802789192686,2.784265073727395,8.68478088471824,0.65,2.0,0.002,4,7.97011941859652,31.88047767438608,71.73107476736868,127.52191069754431,0.0013674365338904,0.000760710920372
1.484562255865474,0.0768861530568139,0.0084193576602306,180692459164.03668,7827.138077326967,0.014128154289802,6.322880870939388,5.098537107425587,0.65,2.0,0.002,4,8.323000109973464,33.292000439893854,74.90700098976117,133.16800175957542,0.0012796787546918,0.0006166630574947
1.3901607982423596,0.0561878135106928,0.0103796772854519,203846946026.479,7870.22420286332,0.020618090003578,2.2407591630984327,9.656068908138092,0.65,2.0,0.002,4,12.39485876633848,49.57943506535392,111.55372889704634,198.31774026141568,0.0003656531679213,0.0001709451381619
2.880432322463391,0.0482181644135104,0.0072333337109277,199876029833.64304,7926.089535764224,0.0436794331534535,4.936602485715545,3.0138125786144605,0.65,2.0,0.002,4,1.985195466261718,7.940781865046872,17.866759196355464,31.763127460187487,0.0212743905351433,0.0096737535860146
2.419777158355342,0.0495892779704871,0.0061675229804084,219961161761.7839,7606.222152491204,0.0272928829723552,3.734629695609812,4.101975866900276,0.65,2.0,0.002,4,2.5684894385546007,10.273957754218404,23.11640494699141,41.09583101687361,0.0107328989809128,0.0046906431442593
1.4620979615526977,0.0563414106547635,0.0066845987949793,206216748264.4685,7927.868835528805,0.0193180253331313,0.911656840604146,3.264769909030405,0.65,2.0,0.002,4,7.231616652512796,28.926466610051182,65.08454987261516,115.70586644020472,0.0002783903056339,0.0001526763424507
1.4144026271979644,0.0755107684908701,0.0125328482001184,216309922976.50604,7757.258346516956,0.020107594203115,7.683314103906331,20.13122135829377,0.65,2.0,0.002,4,15.0008897228996,60.0035588915984,135.00800750609642,240.0142355663936,0.0003483751361272,0.0001309056434427
2.377559584536999,0.0332804116863232,0.0185197812590275,213540285302.38065,7962.117433868383,0.0390899283054956,1.7325638416210838,6.531823689738205,0.65,2.0,0.002,4,7.693569961526289,30.77427984610516,69.24212965373661,123.09711938442062,0.0008231925773461,0.000434086605791
1.5899085500488146,0.0629944529796802,0.0161105755158275,192450523054.20068,7701.49423602868,0.0420542504399523,6.811537102914488,22.121216933016974,0.65,2.0,0.002,4,14.44668055482062,57.78672221928248,130.02012499338556,231.1468888771299,0.0001934972870075,6.74840141653623e-05
1.8618655356867655,0.0627567270256243,0.0140657808071663,192079464492.47955,7639.991151462387,0.0422313133976238,4.885434045829385,13.01215886826184,0.65,2.0,0.002,4,9.225512758584976,36.90205103433991,83.02961482726478,147.60820413735962,0.0004944261575777,0.0001899965574424
1.2719387801207436,0.0339638887460562,0.0156706430562872,186248974788.9646,7768.807704895956,0.0370796324941678,7.678137005857052,7.974011998019347,0.65,2.0,0.002,4,21.5056916462154,86.02276658486159,193.55122481593855,344.09106633944634,0.0001738809429018,9.489098740415554e-05
1.689508997010856,0.057444356962665,0.0133365471171103,188676433872.3758,7784.661568963052,0.0188628354225313,2.47326840413903,16.536669249359374,0.65,2.0,0.002,4,10.430151127580308,41.72060451032123,93.8713601482228,166.88241804128492,0.0001751122791485,6.26160505904851e-05
1.2958938266094229,0.074802866393726,0.0127681786350286,193455243522.26828,7662.810198933677,0.0055314089680552,2.554675217442759,31.964471369771434,0.65,2.0,0.002,4,17.322699858774556,69.29079943509822,155.904298728971,277.1631977403929,3.786069260142622e-05,1.4845251280072858e-05
2.607572581236891,0.0702834826227482,0.0081864486210442,198313778253.75668,7932.402278481429,0.0473845558944782,5.47553548580073,2.968351827204158,0.65,2.0,0.002,4,2.729770034297091,10.919080137188365,24.567930308673823,43.67632054875346,0.0275083404044744,0.0156665153461448
1.5203693106859828,0.0451193652388881,0.0163686547809929,213064459386.3172,7824.4892271560175,0.0223416266385696,2.77989793880156,19.09273182095685,0.65,2.0,0.002,4,16.75604669588653,67.02418678354611,150.80442026297874,268.09674713418445,0.0002777424209916,0.0001221367267418
2.6252132558716967,0.0675946492657251,0.0160364163498975,210058978743.367,7971.7832739095475,0.0461350076867813,3.854344783815832,1.3851066777933898,0.65,2.0,0.002,4,5.416269721977097,21.66507888790839,48.74642749779388,86.66031555163356,0.0005380902578404,0.0003325514333434
1.377115142887282,0.0631720723377037,0.0087501332628384,217257990295.14008,7931.056409753428,0.0314780507406353,0.1884884246657606,19.60765014825345,0.65,2.0,0.002,4,10.950293838005068,43.80117535202027,98.5526445420456,175.2047014080811,1.1641331551077778e-05,3.862640106778999e-06
1.5962445837673866,0.0241649918869619,0.0158511425474368,209949500781.96243,7866.471460846009,0.0141701436926028,9.140838979235188,22.671481256493152,0.65,2.0,0.002,4,14.573316257165084,58.293265028660336,131.15984631448575,233.17306011464132,0.000692559915587,0.0002471594293554
2.6417339126421737,0.0270313959048766,0.0061580708127706,211463720666.65103,7635.802745043557,0.0357918144233426,3.860649400017497,3.53551218057546,0.65,2.0,0.002,4,2.105650918588707,8.422603674354828,18.950858267298365,33.690414697419314,0.0261658068543005,0.0116335268381907
2.233154159492379,0.0491415504334258,0.0066717590221584,211389633916.37796,7770.343541765699,0.0324875443815185,0.139029092073549,4.200442291456326,0.65,2.0,0.002,4,3.1641271702278737,12.656508680911497,28.47714453205086,50.62603472364598,0.0004013164241824,0.0001823951875473
1.4586812568710117,0.0412222948512615,0.0123144456884136,190777468449.01456,7824.254597883362,0.0445286599900327,5.48290186744026,9.282545254526418,0.65,2.0,0.002,4,12.958817401412889,51.835269605651554,116.629356612716,207.34107842260624,0.0006894778143441,0.0003443993148732
2.5395079089284787,0.0361052730776771,0.0108431893729962,183465567691.81268,7935.451993345941,0.0302327953846593,5.096186250687005,7.1242722314453495,0.65,2.0,0.002,4,3.665883063241487,14.663532252965949,32.99294756917338,58.6541290118638,0.0030920181875343,0.001348678838948
1.0368756057503876,0.046350710792356,0.014660141021748,204416164366.9723,7910.659374355487,0.0414733872046908,7.145887627101939,12.102261541934714,0.65,2.0,0.002,4,31.43151850856748,125.72607403426991,282.88366657710736,502.9042961370797,5.860129569605701e-05,3.2091235019271176e-05
1.2465510367376065,0.0663855920874108,0.0059236691485975,198585437997.7693,7977.530532046311,0.0121536074146286,2.09354990136443,11.046716087347557,0.65,2.0,0.002,4,8.624608332578122,34.49843333031249,77.62147499320311,137.99373332124995,0.000852053255681,0.0003587386097588
2.9641250315320367,0.0253175071694941,0.0140924787435657,190139901465.8586,7920.006015664572,0.0095634888407106,7.909223568551381,1.9995637972333564,0.65,2.0,0.002,4,3.5636700003923645,14.254680001569458,32.07303000353129,57.01872000627783,0.0137691164717998,0.0071230851384717
1.383545955697388,0.0365816261390853,0.0135015422460783,182637746594.00296,7618.019756328734,0.0072417654431805,9.220946152905505,22.55052000340925,0.65,2.0,0.002,4,15.660285597535882,62.64114239014353,140.94257037782293,250.5645695605741,0.000626176686603,0.0002459925763328
1.620861274101028,0.0222527693964077,0.008002023784301,217097616859.8169,7916.020552081897,0.024771689505581,9.061037426574718,4.657539329532484,0.65,2.0,0.002,4,7.232883519178224,28.931534076712897,65.09595167260402,115.7261363068516,0.009021174775411,0.0044418840865682
1.951277001553666,0.0717411373650948,0.0130649348584455,216453364527.8972,7695.523353501214,0.00623022790863,4.344510941760393,4.684679663621326,0.65,2.0,0.002,4,8.252047918762841,33.008191675051364,74.26843126886557,132.03276670020546,0.0005694013909745,0.0002874218221981
1.2852183862972988,0.0331737764932212,0.019920809200086,196623513459.55453,7659.11673900532,0.0147661435045901,7.268907806236265,11.33965363768642,0.65,2.0,0.002,4,27.708355537158887,110.83342214863556,249.37519983443,443.3336885945422,8.63417907737434e-05,4.592222546248848e-05
2.5023502803438555,0.0674600651696984,0.0113018675448368,200348808928.0544,7733.539940468069,0.0126066355942833,2.679122311406069,7.6725713757186655,0.65,2.0,0.002,4,4.165695090448114,16.662780361792457,37.49125581403303,66.65112144716983,0.0008267079021311,0.000377409836461
2.4545834703200047,0.0584424191047747,0.0062499072999376,208445185589.44296,7951.80614984237,0.041749081580643,0.1877324723087736,2.821285294981432,0.65,2.0,0.002,4,2.408298202883453,9.633192811533812,21.674683825951075,38.53277124613525,0.001305183022893,0.0007253186397648
1.306272535113013,0.0240540298982476,0.0175571868508937,203500380249.4782,7959.344010929715,0.0492526746166745,5.975960502917108,38.51968281994817,0.65,2.0,0.002,4,23.591772321400597,94.36708928560238,212.3259508926054,377.4683571424095,0.0001256362722031,4.0519149482351806e-05
1.1170108162162704,0.0472135585795948,0.0103934298993621,197957390116.01697,7616.678920983091,0.0183023109724522,6.4702395336437135,8.215757547884499,0.65,2.0,0.002,4,19.25645875330865,77.02583501323458,173.3081287797778,308.10334005293834,0.0002174717902545,0.0001172128002744
1.6517373252383416,0.0514193165874288,0.0193974482488847,193827004388.36325,7688.20069636527,0.0482327237047464,8.103796941108607,22.56826491665417,0.65,2.0,0.002,4,16.187756986162633,64.75102794465053,145.6898128754637,259.0041117786021,0.0002381283149586,8.999788093744585e-05
1.0385708898467907,0.0739742701796151,0.0136720716647326,199691358361.4831,7886.493537002621,0.0140117498498404,0.3142698828394163,37.81265625286424,0.65,2.0,0.002,4,28.922041753030943,115.68816701212376,260.29837577727847,462.7526680484951,4.015222838527154e-06,1.4555661420771254e-06
2.167806205964544,0.0614976323263384,0.0053934225027886,196946821367.5627,7689.874602864019,0.0214002091465861,7.517393946313604,2.2494380817306894,0.65,2.0,0.002,4,2.6337081356845298,10.53483254273812,23.703373221160767,42.13933017095248,0.0691112512490869,0.0386459547182739
1.2701016093595494,0.0464625127805236,0.0183905911806588,181452227044.17905,7942.065578593685,0.0123430170678864,5.121761461370988,23.81506994545612,0.65,2.0,0.002,4,24.70941301420329,98.83765205681316,222.3847171278296,395.3506082272527,0.0006412227769027,0.000346276985407
1.6850620076586844,0.0605231700805184,0.0140661469618903,199972283600.28235,7701.0964005777405,0.0286584408680504,4.670799168877725,19.828916735964828,0.65,2.0,0.002,4,11.4467251234293,45.786900493717205,103.02052611086371,183.1476019748688,0.0001950595311664,6.442605420469418e-05
1.684807790801588,0.0241079551187692,0.0153007039063389,181798917904.95856,7600.567511734738,0.0063941533576434,2.1141299704939702,14.659792474234338,0.65,2.0,0.002,4,11.953981440512932,47.81592576205173,107.58583296461642,191.2637030482069,0.0006371669697768,0.0002738133985651
2.3397341751824894,0.0499999216965319,0.0072403758909558,212221184709.2837,7686.598465082568,0.0085167164613069,7.520120667190085,4.079708919878515,0.65,2.0,0.002,4,3.151262637057207,12.605050548228828,28.361363733514864,50.42020219291531,0.0251817158602739,0.0125083519529916
1.3237140281828628,0.0684151388036544,0.0158462904161541,205546127559.6575,7856.316314842777,0.0436493239961784,3.401241509794971,16.3612360307652,0.65,2.0,0.002,4,20.975566138788057,83.90226455515223,188.7800952490925,335.6090582206089,9.272767306250195e-05,4.681351967270883e-05
1.0461116652189673,0.0774574532609181,0.0154950309540396,180532565890.76028,7882.212723479628,0.0087407532216104,6.432012966612234,22.786919078558128,0.65,2.0,0.002,4,30.726940113299374,122.90776045319753,276.5424610196944,491.6310418127901,7.577315045260771e-05,3.374841163648501e-05
2.272992239354336,0.028388348819572,0.0104335091548783,202217036607.66156,7815.304972514868,0.0423785309039918,9.328500462022504,1.773923466561611,0.65,2.0,0.002,4,4.658001837439376,18.632007349757504,41.92201653695439,74.52802939903002,0.0080811206141071,0.0044410813043948
1.899548883594556,0.0321735076883609,0.0181704390902986,207636127235.50095,7736.495521861882,0.0287519145263213,6.727853863308981,19.03565954811977,0.65,2.0,0.002,4,11.82968140193608,47.31872560774432,106.46713261742472,189.27490243097728,0.0004587452074636,0.0001547691135878
1.7461945839031812,0.0259857481773607,0.0183709550919793,194599351508.30475,7762.609408913748,0.0183210561940728,4.259677959619215,15.562823203972645,0.65,2.0,0.002,4,13.678628133564075,54.71451253425631,123.10765320207672,218.85805013702523,0.0010460043847343,0.0004589916235757
1.0939447340687627,0.0364914851670795,0.0121368290758627,215811558400.17603,7916.031519633136,0.0138934465027629,3.783587331430038,38.525542494268734,0.65,2.0,0.002,4,24.01194382625377,96.04777530501508,216.107494436284,384.1911012200603,8.488488024975401e-05,2.76129774160926e-05
2.62797572412466,0.0696357396490545,0.0170785963862794,215136771062.0835,7787.370386709474,0.0157736044835375,8.717435058115207,10.033515961385854,0.65,2.0,0.002,4,5.893871164303456,23.575484657213824,53.04484047873111,94.3019386288553,0.0010565373162128,0.0004197219079975
1.492739618566879,0.0563834622436419,0.0055553988755059,189533307226.9117,7720.230253279589,0.0462023231935857,5.877932513799776,8.260960176718807,0.65,2.0,0.002,4,5.601495937748185,22.40598375099274,50.41346343973366,89.62393500397096,0.0038231455995729,0.0015310816102004
2.6588572297654727,0.0678090252995097,0.0084896111294965,201230783623.96213,7842.406328280004,0.0440482529199205,6.070760857653384,2.600101313454515,0.65,2.0,0.002,4,2.758351161500248,11.033404646000992,24.825160453502235,44.13361858400397,0.0391593599356757,0.0202125233532625
1.0489016817640298,0.0332094734691379,0.0156787671588286,202540929478.7815,7798.242031280457,0.0074844480518591,3.547931246268417,57.869002990088944,0.65,2.0,0.002,4,32.93287497161193,131.73149988644772,296.3958747445073,526.9259995457909,2.958070495522792e-05,9.603409049618433e-06
2.4748923641085403,0.0245175530558405,0.0162291993390799,182559598043.68536,7710.855826112339,0.0165516900934976,8.925008018323304,6.7935192891636,0.65,2.0,0.002,4,5.846080094382293,23.38432037752917,52.61472084944064,93.53728151011669,0.0128318703173743,0.006060029978917
1.6128757592906702,0.0664252195405423,0.0136231078669655,186854408949.02304,7714.295885301384,0.0197753135911118,3.297991086613476,18.038560459699905,0.65,2.0,0.002,4,11.68711045461422,46.74844181845688,105.183994091528,186.9937672738275,0.0001674926942382,6.030320637060213e-05
2.6317211862335457,0.0357390306299766,0.0131222654625004,205561555065.22137,7984.921813430066,0.027221526179593,9.181426145650445,3.656141140688629,0.65,2.0,0.002,4,4.359070902518544,17.436283610074174,39.231638122666894,69.7451344402967,0.0185042163021295,0.0094149235506037
2.6797485654634783,0.0247126978299474,0.0073989138780264,195239383356.07632,7941.622205119272,0.0115063414307052,8.76683857396299,1.4212309509228978,0.65,2.0,0.002,4,2.316531628159456,9.266126512637824,20.848784653435104,37.064506050551294,0.080691496225497,0.0428928945096948
1.6825750263491168,0.0587804205039534,0.0147306009053405,189623659467.36075,7914.323760122426,0.0091068112100663,8.199574823764596,6.716144720883506,0.65,2.0,0.002,4,11.548888694500322,46.19555477800129,103.93999825050292,184.78221911200515,0.0005974050467263,0.0002920888906018
1.4849895274050704,0.0629587808482379,0.0053063262644758,213056020112.3357,7797.447426836212,0.0471532842448333,3.839824409127055,3.8425691944816,0.65,2.0,0.002,4,5.703574243494065,22.81429697397626,51.33216819144659,91.25718789590503,0.0032797944347196,0.0017140246861293
1.3270968331222663,0.028736303427333,0.0107458832080667,187457475518.04672,7631.561063215681,0.0190748536049746,8.768435198894323,4.137818695027188,0.65,2.0,0.002,4,13.71231668791906,54.84926675167624,123.41085019127154,219.39706700670496,0.0007918638690966,0.000445578469699
2.189895061352139,0.0275593179197407,0.0078748563100933,218268260658.5515,7803.204344008359,0.0136148998727064,7.995990065530684,4.123291318509263,0.65,2.0,0.002,4,3.938075948810738,15.752303795242952,35.44268353929664,63.00921518097181,0.1238705044802605,0.061753091431216
2.183277709159528,0.0698654013798806,0.0138840033373604,217974833143.6601,7725.753856893769,0.022906463288216,9.778979198378874,2.760906131768467,0.65,2.0,0.002,4,7.015501877540172,28.062007510160687,63.139516897861554,112.24803004064276,0.0011949729445097,0.0006470311366587
2.6345523678386726,0.0363658367728811,0.0180842883853682,216630665956.21368,7911.6747911591265,0.0053418582406804,0.9634423394137156,12.339213117148406,0.65,2.0,0.002,4,6.182195868277968,24.72878347311187,55.63976281450171,98.91513389244749,0.0001200576363122,6.338957999142962e-05
1.6231162767879217,0.0334099172644464,0.0167780920391478,218392553317.4751,7796.999939471237,0.0068913788644396,2.679636232612211,7.40479424446942,0.65,2.0,0.002,4,15.283671975918,61.134687903672,137.55304778326197,244.538751614688,0.0001341935366684,7.267456986802671e-05
1.3574587518498369,0.0380393882080066,0.0066245219715342,187545901476.43564,7975.218749198169,0.0350061185613857,9.21891636822693,5.235809283583505,0.65,2.0,0.002,4,7.905202549414214,31.62081019765685,71.14682294472793,126.48324079062742,0.0054005130949886,0.0027244281404437
1.4654859025914355,0.0338390330070099,0.0116838311743136,206006030824.62625,7805.196806935294,0.0080362833913909,4.870818062606487,21.174732208874527,0.65,2.0,0.002,4,12.673578963274704,50.69431585309882,114.06221066947236,202.77726341239529,0.0004094858350814,0.0001578911403821
1.520289384399595,0.0503707431089722,0.0055848426729384,216500263002.1914,7870.156584271664,0.0330293862082148,7.353623089767371,4.090517605749134,0.65,2.0,0.002,4,5.746788300660823,22.98715320264329,51.72109470594741,91.94861281057317,0.008702471167083,0.0042825127106601
2.06943343484542,0.0208383631651077,0.0050335280712109,200426425269.5959,7721.982205499678,0.0131140150697829,6.174579983389498,1.6595298416223614,0.65,2.0,0.002,4,2.7152631022824805,10.861052409129922,24.437367920542325,43.44420963651969,0.0734295952926541,0.0368848013605882
2.9171184264828907,0.048938206216574,0.0167410284087542,183309199996.89755,7794.663332335264,0.0270818147459534,9.38448190425233,5.317256895156086,0.65,2.0,0.002,4,4.326101615692521,17.304406462770086,38.93491454123269,69.21762585108034,0.008063526492217,0.0037594042810274
1.4299926848400888,0.0621911248943392,0.0132049901210344,213590449930.01123,7832.495837862191,0.02675512452982,2.6864378809468032,24.859128531575276,0.65,2.0,0.002,4,15.291163496155782,61.16465398462313,137.62047146540206,244.6586159384925,7.552116941556786e-05,2.4744757982406085e-05
1.486279150786288,0.0705692785999463,0.0138071651173264,195763720255.90985,7822.553343433017,0.0289763945806067,9.254855174409183,8.306419498992433,0.65,2.0,0.002,4,14.1783221349037,56.7132885396148,127.6048992141333,226.8531541584592,0.0003855134579621,0.0001889816524829
1.401333250825835,0.0200555664038842,0.0121065162774735,181558351576.64493,7709.17592470996,0.0497661541066387,9.192122492763968,7.965421712001159,0.65,2.0,0.002,4,13.566559610616316,54.26623844246527,122.09903649554686,217.06495376986103,0.0016192993182906,0.000832260007964
2.1223353464203307,0.026366146408794,0.0080840260158794,209963578539.33984,7610.32921799291,0.0324516541854986,0.4381548390835865,1.7468843531401803,0.65,2.0,0.002,4,4.2746366316449045,17.098546526579618,38.47172968480414,68.39418610631847,0.0006676246020738,0.0003682203262728
2.832655631867912,0.0576519115293963,0.005476753732151,200439976582.4644,7634.319579131755,0.0308187808228778,5.138721011376044,0.5536690204691481,0.65,2.0,0.002,4,1.5858857988573962,6.343543195429585,14.272972189716567,25.37417278171834,0.0360333399437392,0.0195843756797889
1.129508459587006,0.0798287652703174,0.0189404689926371,209901046172.33304,7680.410334101339,0.0494836787115261,6.3448436013636105,68.23693687400237,0.65,2.0,0.002,4,35.19298436319942,140.7719374527977,316.73685926879483,563.0877498111907,1.0538901246167024e-05,3.381695804986342e-06
1.209003008451897,0.0596934881796143,0.0065421850320928,185151085270.29703,7775.632292128177,0.0253546738805293,9.14577162874116,6.903213021770504,0.65,2.0,0.002,4,9.9035885178924,39.6143540715696,89.13229666103162,158.4574162862784,0.0025943010982352,0.0012553393281541
1.1421654580492102,0.0652291733743316,0.0129200038319296,202244008037.49152,7618.082554577189,0.0086475646171181,9.154767597471272,28.6490352717863,0.65,2.0,0.002,4,23.139227027853835,92.55690811141534,208.25304325068456,370.22763244566136,0.0002991537148395,0.0001157892875918
1.3468900346213797,0.0367630003870312,0.0055206992013049,186778510407.4361,7994.65175731486,0.049933524253969,7.22649440690751,8.679891522062636,0.65,2.0,0.002,4,6.669952451927153,26.67980980770861,60.02957206734438,106.71923923083445,0.0072211746245072,0.0031515337925295
2.005990506475204,0.0603132551459295,0.0169328780163614,203584994116.21265,7909.5399045276,0.0226719526352415,0.4253899356380428,3.959134956102612,0.65,2.0,0.002,4,9.680539429551322,38.72215771820529,87.1248548659619,154.88863087282115,2.5691486064334312e-05,1.3954208428115732e-05
2.133551114947547,0.0609978359634558,0.0071449976402863,191533004068.1532,7909.134706891826,0.0458485408573978,0.5421041617714744,1.1630451041137924,0.65,2.0,0.002,4,3.502535644037934,14.010142576151736,31.522820796341406,56.04057030460695,0.0005238609498366,0.000300101706639
2.4757822358719626,0.0556015908591474,0.0064382794781668,190305278540.68958,7732.620610322702,0.0368463398342708,6.008834971176779,4.499534832646718,0.65,2.0,0.002,4,2.362850585565312,9.451402342261249,21.26565527008781,37.80560936904499,0.0103484235487325,0.0046609969186868
1.3246399690518171,0.075771485694817,0.0181815652965936,181321634570.2264,7890.646128626934,0.0083069924590285,0.8455743843060197,7.586689559783921,0.65,2.0,0.002,4,22.523368537556177,90.09347415022472,202.7103168380056,360.3738966008988,6.565408660759811e-06,3.546436129957843e-06
1.1803939140162445,0.0540800585118881,0.0108516456868357,183264377260.0955,7859.246722009675,0.0379039099830278,1.824435594837815,24.727678174888627,0.65,2.0,0.002,4,17.053734697403026,68.2149387896121,153.4836122766272,272.8597551584484,7.220771760714858e-05,2.6505732996600992e-05
2.2031906286306797,0.0362985859835013,0.019266508201655,192293268668.62137,7921.679774440462,0.0424391081263115,1.074506687380691,5.485397310792423,0.65,2.0,0.002,4,8.867506471142168,35.47002588456867,79.8075582402795,141.88010353827468,0.0001642560695279,8.240872651411922e-05
2.1472813375914184,0.0498798974475894,0.0137065744580426,195069411128.34183,7930.704943957979,0.0112361248149108,4.34108719383051,9.63729405065184,0.65,2.0,0.002,4,6.685270349664139,26.741081398656554,60.167433146977245,106.96432559462622,0.0010976294724307,0.0004711726198098
1.0945006777129702,0.0657350808982107,0.0198077949806254,181795212899.05103,7899.228383631957,0.0082337974628432,5.962114966546301,56.14578561364176,0.65,2.0,0.002,4,35.96931795871692,143.87727183486768,323.72386162845225,575.5090873394707,2.188221170872792e-05,7.304814335347808e-06
1.550809838549826,0.0697007710593622,0.0152550326273118,205816580834.6645,7906.944448377653,0.0083810534727547,2.673710245620819,16.716041846994745,0.65,2.0,0.002,4,14.674426437542351,58.69770575016941,132.06983793788118,234.79082300067765,0.0002758226624305,0.0001185099585319
1.2331801221052954,0.069792923154424,0.0066490478415205,199135878131.3105,7873.008611874466,0.0267912100180287,3.465105061880457,14.26732997755864,0.65,2.0,0.002,4,9.971031174601835,39.88412469840734,89.7392805714165,159.53649879362936,0.0005616325779581,0.0002106452555827
2.159605587011113,0.0380148481839611,0.0060110352509277,192786509622.4412,7684.81226428454,0.0451703195781183,2.735004934917618,5.719622765050248,0.65,2.0,0.002,4,2.9271928336554724,11.70877133462189,26.34473550289925,46.83508533848756,0.0043735986451484,0.0019104790197203
1.5379769036112676,0.040374349041341,0.0161921266986358,217605329371.75845,7740.150653539112,0.0137969617892221,4.26430582645432,13.71516147055876,0.65,2.0,0.002,4,16.45862602026502,65.83450408106008,148.12763418238515,263.3380163242403,0.0004782664831969,0.0002180528025514
1.1212727840358738,0.036538858810473,0.0188466770873282,203315861723.20847,7737.070915326733,0.016196759300224,1.2252045741077953,54.11021088883528,0.65,2.0,0.002,4,34.8448680083019,139.3794720332076,313.6038120747171,557.5178881328304,9.129894165562362e-06,2.94929303716735e-06
2.134677333690916,0.0440889606633904,0.0154109964381088,214263731434.7512,7911.497485544829,0.0295420674457358,7.254673770569344,7.542121434496229,0.65,2.0,0.002,4,7.980690733638379,31.92276293455352,71.8262166027454,127.69105173821409,0.0060600653301177,0.0035896750085729
2.559951463238299,0.0394178143378765,0.0064178720567771,207081732311.5908,7731.606403161564,0.019651677664179,4.601680837331884,1.4637894211590672,0.65,2.0,0.002,4,2.298226737065904,9.192906948263616,20.68404063359313,36.77162779305446,0.0327645063033364,0.0174040826783176
2.5824464815126515,0.0394836618822296,0.0160037514015691,186418171923.7484,7626.786985395416,0.0096846048883793,2.676888957958936,9.302255682839773,0.65,2.0,0.002,4,5.379745173263537,21.518980693054147,48.41770655937184,86.07592277221659,0.0007316012485271,0.0003220408363251
1.2774152063176183,0.0375964096045066,0.0095891449464586,190451928040.96652,7784.304506516716,0.0343878612943882,5.142959847798324,7.415566225090382,0.65,2.0,0.002,4,13.180374571923585,52.72149828769434,118.62337114731228,210.88599315077732,0.0006198180868295,0.0003176172179988
2.328707855249723,0.020506902890956,0.0108691863480402,195764724320.6452,7647.850060015,0.0246690482793235,1.2529501597770634,7.834024277860129,0.65,2.0,0.002,4,4.598263012423458,18.393052049693832,41.38436711181112,73.57220819877533,0.0013200714737284,0.0005177296002126
2.984539857344658,0.0435792142850563,0.0063379312812116,203244592578.9573,7967.856029050516,0.0404013064487787,8.378561260953642,3.0485416749649104,0.65,2.0,0.002,4,1.6295240503542363,6.518096201416946,14.66571645318813,26.072384805667784,0.0399771345245027,0.019455992884103
1.678744052284513,0.0423414705675627,0.0182513808881096,196622483017.7754,7839.387947450319,0.0443650544556792,4.315018443680733,26.33578010191287,0.65,2.0,0.002,4,14.707251468673602,58.82900587469441,132.36526321806244,235.31602349877764,0.0001034459297743,3.309197812590478e-05
1.0318848779333836,0.0792813578826105,0.0130006760484798,195755208604.4527,7807.539958019533,0.0283986909436347,4.755342113220638,36.13094499054108,0.65,2.0,0.002,4,27.722490933292104,110.8899637331684,249.5024183996289,443.55985493267366,6.139858727321969e-05,2.317058922477385e-05
1.393035636784639,0.0213391538691468,0.0166744918506764,219348893534.60492,7863.818863706626,0.0315562631413465,9.089855512546178,13.55936057515382,0.65,2.0,0.002,4,20.57824728245361,82.31298912981444,185.2042255420825,329.25195651925776,0.000564007242656,0.0002775375727603
1.6972528467190375,0.0637544587305903,0.005995312171349,184659224637.3284,7846.504813996228,0.0323137280510198,9.72737562690018,4.002217764195033,0.65,2.0,0.002,4,4.578206155469775,18.3128246218791,41.203855399227976,73.2512984875164,0.0256803080963711,0.0136996822318457
2.734235558431096,0.0553587019831656,0.013291248001633,189492624112.2152,7871.24479813017,0.0218589992712257,0.5265180153400905,6.601320899615662,0.65,2.0,0.002,4,3.955465555772143,15.821862223088573,35.59919000194929,63.28744889235429,0.0002344089732134,9.59802598875415e-05
2.2534561902291115,0.0482090764781801,0.0085885940186401,197139393963.759,7989.903382577831,0.0172450513112219,7.275800495231476,7.240019888642211,0.65,2.0,0.002,4,3.809509266599625,15.2380370663985,34.28558339939662,60.952148265594,0.0042820644981349,0.0019721440726462
1.8225615052416528,0.0441301459487793,0.0076838717848467,196559495050.2149,7914.726516682805,0.0459037852497447,5.976770594047857,3.8622473166953424,0.65,2.0,0.002,4,5.227259186445038,20.909036745780156,47.04533267800535,83.63614698312061,0.0072884654353423,0.0037289696546332
1.723794423434769,0.0309873039534556,0.0140273435451509,214303284911.616,7973.971022842872,0.0452428573741353,8.83232084317762,9.171700064722708,0.65,2.0,0.002,4,11.097134048319468,44.38853619327787,99.8742064348752,177.5541447731115,0.0025037333626603,0.0013146733058553
2.39856632686688,0.0206058607753088,0.0091202068139164,202654760253.1581,7950.373504415166,0.0478816552643536,5.83639038734272,6.316926881794172,0.65,2.0,0.002,4,3.629235201778501,14.516940807114004,32.663116816006514,58.067763228456016,0.0099795881741576,0.0038234739213067
2.754854158432777,0.0273208959117702,0.0067139451238019,192012786764.92065,7772.485987250334,0.0184344011938462,7.655552115712913,1.279019114908847,0.65,2.0,0.002,4,1.9938611813543108,7.975444725417243,17.944750632188796,31.901778901668973,0.1005460425362225,0.0508390524637865
1.7887103895573913,0.0662419734033842,0.0066347252952962,211295896118.3591,7723.309327520253,0.0208845098581671,6.509011093579913,1.6756445919108909,0.65,2.0,0.002,4,4.918310663594325,19.6732426543773,44.26479597234892,78.6929706175092,0.0033693482375336,0.0018781443649122
2.1995593119101704,0.0775274833727422,0.0168206605054746,196969064681.3295,7732.977931613013,0.0447589188330404,1.4442796737032788,13.758947850697906,0.65,2.0,0.002,4,7.956582507298876,31.826330029195503,71.60924256568988,127.305320116782,7.801443339364838e-05,2.6597744602935848e-05
1.2077626772103207,0.0398231715396642,0.0184341057901195,212418523370.36493,7889.379993608901,0.0314332190849927,2.762506632014655,37.28324058154573,0.65,2.0,0.002,4,29.73465306048831,118.93861224195324,267.6118775443948,475.75444896781295,4.929930483956453e-05,1.957416286390684e-05
1.7233538899364418,0.0438118264897166,0.0186186371866036,186794147095.22516,7945.191836887824,0.0137877671963706,9.810808523361006,13.880163069647129,0.65,2.0,0.002,4,13.783440751894592,55.13376300757837,124.05096676705134,220.53505203031347,0.0071523693152054,0.0038210267787554
1.4758197733286615,0.0788384165085552,0.008416807864418,189467360143.90625,7943.469248193545,0.0159343637883268,3.6729376555637017,12.720197872406882,0.65,2.0,0.002,4,8.557996618258434,34.231986473033736,77.0219695643259,136.92794589213494,0.0005049987736423,0.0002029855988776
2.664015438139374,0.0742660708498239,0.0075284908947783,208354561693.43765,7784.122291396025,0.0463532520832722,4.895730218636359,2.194904750773957,0.65,2.0,0.002,4,2.488630334184153,9.954521336736612,22.397673007657374,39.81808534694645,0.0280996887472763,0.0163586230755158
2.9572279115345825,0.0329345266766307,0.0067648337409484,188392554433.4293,7740.601410261315,0.0291305880262094,9.804239733530537,3.05562727687428,0.65,2.0,0.002,4,1.730458957445011,6.921835829780045,15.574130617005103,27.68734331912018,0.0646845087113051,0.0306440710474022
1.5314857062875031,0.0740178093685878,0.0125386535392439,191884608985.03772,7702.088829577678,0.0176458023794944,4.664832032965741,7.447683203188596,0.65,2.0,0.002,4,12.099573720734323,48.3982948829373,108.89616348660893,193.5931795317492,0.0003152311859922,0.0001508468130072
2.8884244734887483,0.0326839238879883,0.0136022814735201,217162290154.2412,7827.882611955008,0.0188595402244931,8.135394523136425,1.7517200554076104,0.65,2.0,0.002,4,3.8939380121329616,15.575752048531848,35.04544210919666,62.303008194127386,0.0073387615432411,0.0040805832269847
1.369944573519942,0.0578890103899364,0.0071307964496465,197255458792.68204,7809.333295708878,0.0247205514735036,8.563802183391774,8.639148099859893,0.65,2.0,0.002,4,8.659021874446015,34.63608749778406,77.93119687001415,138.54434999113624,0.0191186518967486,0.0101907278243341
2.006330060373549,0.0592525930018036,0.0050929141999549,216948181927.05304,7666.274325181777,0.019350557389783,9.476790595407262,4.636540158162669,0.65,2.0,0.002,4,3.0519448613929847,12.20777944557194,27.467503752536864,48.83111778228776,0.0221170764747475,0.0099914909992608
1.592175837309196,0.0725435450999865,0.0093708525979392,198512845382.28943,7882.295221696893,0.0442395438675748,6.619854507226431,13.085527486435256,0.65,2.0,0.002,4,8.41190310867558,33.64761243470232,75.70712797808022,134.59044973880927,0.0007777046239187,0.0002787029779632
1.6419708985727617,0.0372463326481841,0.0130102850960553,184782357672.1301,7835.239563296819,0.0225614723352083,3.584771077321168,5.806936004792174,0.65,2.0,0.002,4,10.626476064967177,42.50590425986871,95.63828458470458,170.02361703947483,0.0004790460642049,0.0002468805873665
2.078439920394063,0.0476419054668023,0.0192878391637593,183534942532.98456,7830.69281930742,0.0374179824339792,1.363507389652978,13.189350727263134,0.65,2.0,0.002,4,9.801604297382465,39.20641718952986,88.21443867644219,156.82566875811943,0.0001363657114641,5.3644951654212366e-05
2.639496979995677,0.0435145805999812,0.0102275851789365,203319545035.14212,7785.874567077793,0.0489700364207487,5.21225529292893,3.0387705580082374,0.65,2.0,0.002,4,3.4016990088920505,13.606796035568202,30.61529108002845,54.42718414227281,0.0208296528793997,0.0122845718772651
2.1309779080282274,0.0353027839218896,0.0128261284179023,180598302237.35736,7872.720377096719,0.0326433899934125,0.3157857398772814,10.248003907113995,0.65,2.0,0.002,4,6.134248445256193,24.536993781024773,55.20823600730574,98.14797512409908,9.17847138958108e-05,3.312988977736043e-05
2.381252438731713,0.0289365462857769,0.013949178839792,198905329257.7406,7950.021704927948,0.0154509998213416,1.7949495886527804,6.651531887231568,0.65,2.0,0.002,4,5.579638640293801,22.318554561175205,50.21674776264421,89.27421824470082,0.0023443246324098,0.0010675187243497
1.5728045603959853,0.064008151832807,0.0145839257550275,198819061775.24777,7790.145414543948,0.0271946388975956,3.458498480501379,15.31721879314489,0.65,2.0,0.002,4,13.50549190709799,54.02196762839196,121.54942716388192,216.08787051356785,0.000414373991917,0.0001915413497286
1.4663870145915845,0.0641990369420176,0.0065613612493881,181069699429.7613,7611.269709912744,0.0126610917898105,6.97998918072855,5.76305916033502,0.65,2.0,0.002,4,6.748703150780337,26.994812603121343,60.73832835702303,107.97925041248538,0.0083573444307774,0.0040718118331098
2.891897264814045,0.0242675675275485,0.012475843526053,199477876017.7052,7752.529879141637,0.0100682410680434,2.5886750366694105,6.758338841144676,0.65,2.0,0.002,4,3.4313032011243405,13.725212804497362,30.881728810119064,54.90085121798945,0.0023949112695762,0.0012671548834585
2.962743820429612,0.0419843682302296,0.0191453102684367,207797014445.4192,7853.23825309792,0.0155488235874116,0.6123811566391221,5.026439572076749,0.65,2.0,0.002,4,5.087433272984322,20.34973309193729,45.786899456858905,81.39893236774915,0.0021241745791889,0.0009981714119503
2.297193582940864,0.0508428917623318,0.0088961337812995,185408854480.15945,7646.778893235683,0.0096495285968821,6.41412139733232,3.133763401281127,0.65,2.0,0.002,4,3.764101617851972,15.056406471407888,33.87691456066775,60.22562588563155,0.0206761561870913,0.0098510913437507
1.175600357124723,0.0281970948359163,0.0168450203547253,200803021875.4949,7898.352438647146,0.0129514735695608,3.1212095629569823,54.847444264046345,0.65,2.0,0.002,4,27.867514971957608,111.47005988783044,250.80763474761844,445.8802395513217,2.724596087841757e-05,9.058730743778536e-06
1.4884100015317765,0.0747603101153321,0.0188581174924775,213732915430.4792,7991.281772305824,0.0385246186600859,7.670205562763797,31.39390600118454,0.65,2.0,0.002,4,19.962269512950083,79.84907805180033,179.66042561655078,319.39631220720133,7.526057252937898e-05,2.4963586867685865e-05
1.4839669969932756,0.0787889119932993,0.0067021896943303,210308288193.11783,7854.978050760978,0.0137769214226868,9.359845529430888,4.017112742280784,0.65,2.0,0.002,4,7.140903941612184,28.563615766448734,64.26813547450966,114.25446306579497,0.0027457960096797,0.0013817946956595
1.114790117910863,0.0758943468157831,0.0196325276980803,180225668017.46347,7960.271874537266,0.0128282013806369,5.657451314698653,48.42301638150525,0.65,2.0,0.002,4,34.085025551791304,136.34010220716522,306.7652299661217,545.3604088286609,2.63833757865913e-05,8.913257807942696e-06
1.8976127675444352,0.0321491207146727,0.015489062135209,194267711986.21683,7779.741576413253,0.010106821989577,5.718747836827098,5.2041793273995856,0.65,2.0,0.002,4,9.746684667004391,38.986738668017566,87.72016200303953,155.94695467207026,0.0008929319270803,0.0004645266460077
1.925424337189648,0.026122579908478,0.0100871001060946,182603910190.42105,7705.818611206971,0.0495600650190185,0.5415723464818784,10.48740698911429,0.65,2.0,0.002,4,6.006041331822789,24.02416532729116,54.0543719864051,96.09666130916465,0.0002454041077016,8.671543005328117e-05
1.6963924363097258,0.058364419417496,0.0128007691793142,185161956915.93027,7947.683124332198,0.0211555774464709,4.382526456585726,5.551316935069643,0.65,2.0,0.002,4,9.735724483769138,38.94289793507655,87.62152035392225,155.7715917403062,0.0004851366582592,0.0002401967306202
2.0482805974628264,0.0704504191755567,0.0109949397909449,183156970352.64276,7751.017668207655,0.0250865774744725,8.66882324989753,4.63569707905725,0.65,2.0,0.002,4,5.776643540927954,23.106574163711816,51.98979186835158,92.42629665484726,0.0053263332899381,0.0026143087967671
1.7836754198201057,0.0320110058350915,0.0152005240311183,187252858350.6341,7869.925100962348,0.0168563942685192,3.616656557799878,8.749611394171714,0.65,2.0,0.002,4,10.567812218768228,42.27124887507291,95.11030996891404,169.08499550029163,0.001240490265316,0.0005828627260885
1.769915766935391,0.0231414540581809,0.0104780668966414,218711375724.8783,7822.424301322474,0.0143991734298856,3.062276222438517,9.848305405417888,0.65,2.0,0.002,4,8.019923511196954,32.079694044787814,72.17931160077258,128.31877617915126,0.0028353154064313,0.001227503084635
1.2009116115956322,0.0513306113595039,0.013995523985724,190042466624.45285,7844.845774366069,0.0454861738263314,0.1094578008924572,13.256784767915192,0.65,2.0,0.002,4,21.65855374517224,86.63421498068897,194.92698370655015,346.53685992275587,2.698925937761724e-06,1.347524628349334e-06
2.527656724905042,0.0445640434727753,0.0155406986298988,209603652999.93945,7869.6680896497155,0.0353092290657326,6.14700122282791,6.450240232105859,0.65,2.0,0.002,4,5.692261222696825,22.7690448907873,51.23035100427143,91.0761795631492,0.005171924335709,0.0026305029244957
1.0840272688996384,0.040938143437743,0.0153602935931013,196993237762.48105,7993.065523941057,0.0064732410335297,8.758133701695789,13.021756010911323,0.65,2.0,0.002,4,29.425058108318083,117.70023243327232,264.82552297486274,470.8009297330893,9.917262814861414e-05,5.178567017089025e-05
1.1544448448373357,0.0615740243069562,0.0175217814788605,186353659629.17465,7629.659443186418,0.0448935302386419,1.408872436209602,7.753344785139896,0.65,2.0,0.002,4,29.46303777694502,117.85215110778007,265.1673399925052,471.4086044311203,7.102816725035976e-06,4.301384386665711e-06
2.446640661934313,0.0511852195817505,0.0105234857937255,182015189531.54214,7657.202960530554,0.0136861335292716,3.79649707826088,7.382391209520351,0.65,2.0,0.002,4,3.8865765995487127,15.54630639819485,34.97918939593841,62.1852255927794,0.0017489436900961,0.0008212702648408
1.245515864822972,0.0698667603274943,0.0072992647493674,187170732326.3096,7839.753116608337,0.0443552918376859,2.044703190574275,7.908252046963565,0.65,2.0,0.002,4,10.425037339365376,41.7001493574615,93.8253360542884,166.800597429846,0.0004446863793371,0.0002268952782477
2.9869738097437963,0.0285888193209578,0.0098517739504223,199423731711.8328,7977.857450577764,0.0098789874737967,7.958837327879378,3.758365033867306,0.65,2.0,0.002,4,2.5033763579592017,10.013505431836808,22.530387221632814,40.05402172734723,0.0299477436008545,0.0149703162297341
1.7452794510983587,0.0567843192684342,0.0119847982952006,198732922826.3461,7911.43218821805,0.0099656989927943,0.8404231760010479,3.4150154331654914,0.65,2.0,0.002,4,8.94205604554805,35.7682241821922,80.47850440993244,143.0728967287688,8.833254031511855e-05,4.788529951984447e-05
1.0638589566417749,0.0695128138189582,0.0125898670071629,193065325297.13687,7604.57164209262,0.0065897350118576,7.946970378546918,27.48601412658537,0.65,2.0,0.002,4,25.41540593530752,101.66162374123007,228.7386534177677,406.6464949649203,0.0005743611637637,0.0002476846678262
1.6296504351904215,0.0249337932935894,0.0114578330560719,202583414197.19565,7739.7418676756115,0.0230692274689954,7.1728453560440455,18.1339768879269,0.65,2.0,0.002,4,10.008789029905142,40.03515611962057,90.07910126914628,160.14062447848227,0.0010418608152146,0.0003604670528314
2.476958531212455,0.046421311558243,0.0063780078033016,197620239006.69043,7803.075111894305,0.0256028987072019,8.180792946307898,4.3638226620896745,0.65,2.0,0.002,4,2.372245574477847,9.488982297911388,21.35021017030062,37.95592919164555,0.0192334296207082,0.0088744934789914
1.0327765866076115,0.0323213804806058,0.0138047006706642,194349545894.2077,7817.750503636293,0.0338106878808906,8.405506671797603,26.54517585582961,0.65,2.0,0.002,4,29.26134891169581,117.04539564678323,263.3521402052623,468.181582587133,0.0005606065390853,0.0003070959918344
2.9985198034109093,0.0547131349589531,0.0171307680764337,209770948692.6233,7942.323360813531,0.0479536187622862,2.0115237538620705,2.210394971683416,0.65,2.0,0.002,4,4.440083477964843,17.760333911859373,39.96075130168359,71.04133564743749,0.0006389651626353,0.0003794412439529
1.1376548306324914,0.0700653651290693,0.0128513577176733,216287894933.4645,7951.196352397082,0.0415628496072574,5.207399072819771,15.336382297148312,0.65,2.0,0.002,4,23.483190630467806,93.93276252187124,211.34871567421024,375.7310500874849,9.395279961238952e-05,4.679664179919e-05
2.964288592635689,0.0564326858296443,0.0113746907849915,194799374713.8879,7767.047717061619,0.01032795874304,7.968030528333961,5.020577366629533,0.65,2.0,0.002,4,2.939636834473478,11.758547337893912,26.456731510261303,47.03418935157565,0.0072708183050453,0.0033770857890446
1.400965379760062,0.0724183847861481,0.0080233389150701,208267168659.03268,7905.329744618139,0.0182595239984933,5.098655897989358,5.721758044715084,0.65,2.0,0.002,4,9.514369129160793,38.05747651664317,85.62932216244712,152.22990606657268,0.0008386630090124,0.0004062449479023
2.142232203744318,0.0611599436223088,0.0076705836254489,209063516248.68668,7974.43858693222,0.0320472641540948,2.0416871944635604,5.52297592835946,0.65,2.0,0.002,4,3.8807319129213766,15.522927651685508,34.92658721629239,62.091710606742026,0.0021311061735411,0.0008979676980404
2.0529787531803616,0.0601053134107875,0.0099835473519141,183300721152.83316,7728.776656691258,0.0360758284971876,9.785840119346185,2.8359673060659176,0.65,2.0,0.002,4,5.230846005316967,20.923384021267868,47.07761404785271,83.69353608507147,0.0042091242537913,0.0022674574959504
1.0217309831563677,0.0456461588883335,0.0096159631762014,210660818157.02405,7657.416289848334,0.0400210926350357,6.647925507819431,37.62175700985319,0.65,2.0,0.002,4,21.907845701756337,87.63138280702535,197.170611315807,350.5255312281014,0.0001451368051985,4.568634993609839e-05
2.4458237816037887,0.0517701773770099,0.0110894906917181,187778701518.086,7978.174143448444,0.0127520848610045,2.725970701471968,3.1961862536468906,0.65,2.0,0.002,4,4.078138187618749,16.312552750474996,36.70324368856874,65.25021100189998,0.0043985981683318,0.0022378962529844
1.225597463734606,0.0619652067806315,0.0163167562287821,206937627304.9497,7767.948348878797,0.0127658164565221,7.916425238968356,44.95406542114288,0.65,2.0,0.002,4,25.42341812940449,101.69367251761796,228.8107631646405,406.7746900704719,5.531593399489536e-05,1.7536840744266503e-05
2.0509017385162744,0.0210487961892296,0.0160832656470343,192015520315.62924,7770.732580494228,0.0287173489028926,2.192460067003725,15.43352948217774,0.65,2.0,0.002,4,8.618882652248974,34.475530608995896,77.56994387024076,137.9021224359836,0.0003678149832502,0.0001272734566891
2.137511638646739,0.0702459680594995,0.0104880292113048,216550731959.4977,7859.328039994531,0.0411421696219203,2.802552736097249,5.480341539951237,0.65,2.0,0.002,4,5.463781030412044,21.855124121648178,49.1740292737084,87.42049648659271,0.0052700866275679,0.0028481159934862
2.388617866592431,0.0676423342786297,0.0144185537112076,217747779932.99655,7921.0030117024035,0.0230092982453688,9.513037248251065,6.874790898841052,0.65,2.0,0.002,4,6.00819997812648,24.03279991250592,54.07379980313832,96.13119965002367,0.0053426654181455,0.0025882685669928
1.3922407102890244,0.0718090665978471,0.005851715510676,195968909008.09976,7942.64605695358,0.0226929509331888,1.2669671604939037,4.615071732928976,0.65,2.0,0.002,4,6.799778769279163,27.19911507711665,61.19800892351247,108.7964603084666,0.0006480655500385,0.0003239633565788
1.621705115781334,0.0307271040673813,0.0104979539681323,203676113241.5832,7798.834299057824,0.0381558611065257,5.533209093095484,15.261948502114068,0.65,2.0,0.002,4,9.25007699147267,37.00030796589068,83.25069292325404,148.0012318635627,0.001017096175009,0.0003456677941159
1.214237787076352,0.0738397547762011,0.0087546314350762,216280212064.46973,7648.047163519596,0.0492770865654479,8.350155801536863,5.859233791575639,0.65,2.0,0.002,4,14.318342540618454,57.27337016247382,128.8650828655661,229.09348064989527,0.0003648667110214,0.0002011994348908
1.0047453240409994,0.0511504888016953,0.0104705564198997,197249517234.80637,7644.54025287514,0.0277529239484151,2.7742464173012853,4.803065376170317,0.65,2.0,0.002,4,23.8901741968114,95.5606967872456,215.01156777130265,382.2427871489824,3.621275448066795e-05,2.504038462799663e-05
1.833250192239453,0.0732564821623208,0.0051952775472882,183201935717.83792,7730.163944119073,0.012547950460078,4.126831100282384,5.090228253970513,0.65,2.0,0.002,4,3.412441430811642,13.649765723246569,30.71197287730478,54.59906289298628,0.0064145174837815,0.0030288190136907
2.1897372293588027,0.0327280385253812,0.0077687704373696,205577758159.45068,7684.027658823762,0.0298889340764398,8.364638098524631,3.4264259193469147,0.65,2.0,0.002,4,3.800066014741427,15.200264058965708,34.20059413267285,60.80105623586283,0.0595717328857461,0.0345168229711722
2.7279854950994125,0.0223631168215548,0.0177480495267168,208852004758.06863,7733.719310559806,0.0270544291950077,6.435158897754363,10.668441227612036,0.65,2.0,0.002,4,5.619800436632195,22.47920174652878,50.57820392968975,89.91680698611512,0.0018320446903276,0.0007174886340094
2.834675345103352,0.0578499344218845,0.0076625987365545,193554225424.3842,7676.64120386508,0.0061170409309357,9.281858539189864,2.1859792449266706,0.65,2.0,0.002,4,2.1712727998390906,8.685091199356362,19.54145519855181,34.74036479742545,0.1927778869172075,0.0848721552306425
2.9450814857787933,0.0212661249442886,0.0070553110158597,208485641950.5712,7732.029454937022,0.0078697909179698,3.079485548218398,0.685475979805846,0.65,2.0,0.002,4,1.915323388405157,7.661293553620628,17.237910495646414,30.645174214482516,0.0319444271143369,0.0182384767768426
1.119192093989143,0.0276310593998692,0.0106391505324884,192901626950.422,7687.871452471684,0.0428057931283605,0.3661286691124832,32.658972710619274,0.65,2.0,0.002,4,19.29264749958105,77.17058999832422,173.63382749622951,308.68235999329687,1.5971110477636828e-05,5.048599400052366e-06
2.465825421898825,0.048514529310427,0.0159814502690756,189591353900.7719,7833.104472041693,0.0438946514005282,5.340065379969476,7.893993403309098,0.65,2.0,0.002,4,5.863583240011675,23.4543329600467,52.77224916010508,93.8173318401868,0.0017202856150907,0.0007142886107779
2.742314886852418,0.0575542622809246,0.007980400156416,193888925201.06808,7660.143227784409,0.0419868776745319,7.808841229597875,4.451180549078123,0.65,2.0,0.002,4,2.42090270953129,9.68361083812516,21.78812438578161,38.73444335250064,0.0110840115475583,0.0047897451549948
1.3882033846975554,0.0727542931339986,0.0072204983015384,180750023469.4512,7800.493275810511,0.043822706596832,3.327311349614685,3.522372378459984,0.65,2.0,0.002,4,8.17840049411635,32.7136019764654,73.60560444704716,130.8544079058616,0.0005498731360051,0.0003041954877197
1.8905433888517496,0.0543880839114015,0.0095035938331547,213818300717.39932,7646.062382536333,0.0312011308905946,5.903582794852295,1.288277677310781,0.65,2.0,0.002,4,6.375985801635413,25.503943206541653,57.38387221471872,102.0157728261666,0.0011222720458258,0.0007705295771126
2.720544195119771,0.0280560391679009,0.0171891843533498,215919984195.62183,7638.91770758019,0.0498842559785895,0.1450483845118286,9.60957785859535,0.65,2.0,0.002,4,5.598909617038373,22.395638468153493,50.39018655334536,89.58255387261397,4.360685047522198e-05,1.556500399839405e-05
1.383292813195358,0.0391740335072586,0.0091594162875801,208340889037.88812,7782.408241317819,0.0184748825500746,8.33038478000403,3.980439931524756,0.65,2.0,0.002,4,11.230499237779751,44.92199695111901,101.07449314001778,179.68798780447605,0.0010267321721635,0.0005567926544453
1.3444370220435078,0.0244762584894611,0.0187595860461457,216111270196.75253,7873.18899448518,0.0160690622943223,9.70066384457327,38.89898743355944,0.65,2.0,0.002,4,24.656699826968147,98.6267993078726,221.91029844271333,394.5071972314904,0.000204911948257,6.736692170744721e-05
2.9323623962447147,0.0414656534169231,0.0199858915210253,205536398041.26663,7899.436564985889,0.0163475257481667,6.466598614854692,6.020168356181332,0.65,2.0,0.002,4,5.376056314874451,21.504225259497805,48.38450683387007,86.01690103799122,0.0066674453221958,0.0031715739298451
1.5314002451159685,0.0649736740771432,0.012790598448026,187155800756.92447,7760.891618963856,0.0281458776165349,9.960170011275594,12.929934707890505,0.65,2.0,0.002,4,12.144748653406316,48.57899461362527,109.30273788065686,194.31597845450108,0.002691510029854,0.0014976267831747
2.1985586059409563,0.0590651110211883,0.0152122095855459,203010254161.5029,7946.72189872929,0.0161959360671501,0.6524872146776274,13.938991082799566,0.65,2.0,0.002,4,7.212908791897289,28.851635167589155,64.91617912707561,115.40654067035662,4.7120654651947326e-05,1.940129175517472e-05
2.043952734954797,0.0563836869531608,0.00696532458097,201598716387.79764,7781.612921896026,0.0318189196060956,6.639445822422261,3.2729851157758016,0.65,2.0,0.002,4,3.848025885050889,15.392103540203555,34.632232965458,61.56841416081422,0.02154170344062,0.0112808444540798
2.803283707132877,0.0790741164950452,0.0197355002465679,218119965310.71924,7628.728856201154,0.0112007091167512,3.114218612112726,7.277992731871178,0.65,2.0,0.002,4,6.089265464523802,24.357061858095207,54.80338918071422,97.42824743238084,0.0009383973665941,0.0004242892275045
1.0714659048045083,0.0759660374248729,0.0173472479677285,205506447006.09607,7627.501788812576,0.0182715731737594,2.6109190582906923,23.56707042171023,0.65,2.0,0.002,4,35.565154122040354,142.26061648816142,320.0863870983632,569.0424659526457,1.5851043646238053e-05,7.518476597475848e-06
2.949315333739542,0.0303188837722295,0.0061505638778135,194045592777.0902,7686.219965081678,0.0496357063184553,5.629924770652446,1.365314580528967,0.65,2.0,0.002,4,1.6110063674971735,6.444025469988694,14.499057307474564,25.776101879954776,0.1944958624809936,0.1044928230251307
2.986835743602109,0.0321244848334775,0.0089896195187067,210749545981.954,7708.819882920107,0.0366687487731908,5.876541577995567,4.154217524054166,0.65,2.0,0.002,4,2.389116125588522,9.556464502354087,21.5020451302967,38.22585800941635,0.0160930346926698,0.0069503364435086
1.2838242066590724,0.035566312143853,0.015366607693542,208406097515.4397,7664.307481841038,0.0416359022344532,5.151843964845988,38.07702900531808,0.65,2.0,0.002,4,22.04524291088664,88.18097164354656,198.4071861979797,352.7238865741862,8.737220974410092e-05,2.749906796534491e-05
2.1361893421554528,0.0409181369087217,0.0099214136101389,180675634137.41583,7979.326395016643,0.0077267409944243,2.781628031278301,8.718976246815323,0.65,2.0,0.002,4,4.691265366044369,18.765061464177474,42.22138829439932,75.0602458567099,0.0012374040493816,0.0005826821693398
1.859258191996884,0.0780045914307682,0.0196966081167461,185170043557.9048,7747.085521932987,0.032014466152099,0.9398943148562994,11.226689408273154,0.65,2.0,0.002,4,12.631574275646596,50.52629710258638,113.68416848081938,202.10518841034556,8.953513843803784e-05,4.7352693053216565e-05
2.2658352585352413,0.0372893368509477,0.0160233974346543,188096183725.02875,7877.919251527399,0.0437323580746652,1.407818089285285,9.03058475267817,0.65,2.0,0.002,4,6.915306399569939,27.66122559827976,62.237757596129455,110.64490239311904,0.0004592428719819,0.0001955252446055
2.0285372605217127,0.0797460209212369,0.0092521890969215,182338225531.21536,7611.522484059702,0.0194246626060346,5.029387923628158,1.7007118046099492,0.65,2.0,0.002,4,4.990118632510722,19.960474530042887,44.9110676925965,79.84189812017155,0.0015314472988532,0.0008537665017309
1.86081459810432,0.0787971815941323,0.0119317665944878,193965675128.60397,7755.168243819499,0.0443577508929823,2.750772030850716,4.686948748301264,0.65,2.0,0.002,4,7.814381748065305,31.25752699226122,70.32943573258775,125.03010796904488,0.0003925839035314,0.000199536940223
2.526774108286567,0.0238612569029923,0.0060284017409727,215552659320.3865,7920.17992492738,0.0446703439938972,6.540082681114261,1.7434807572920294,0.65,2.0,0.002,4,2.2336122009165944,8.934448803666378,20.10250980824935,35.73779521466551,0.1175592895598032,0.064357462580351
2.4384126280764384,0.0257950946897922,0.0142094646631963,211995236368.03775,7709.944714522279,0.0334621955757521,8.420080991802028,6.494731798492859,0.65,2.0,0.002,4,5.682376321175449,22.7295052847018,51.14138689057905,90.9180211388072,0.0132037697432931,0.0066073396026659
1.5383922411496986,0.079078571809825,0.019694225347183,192918895786.5125,7696.419429028624,0.0153283133667838,4.900157396691576,11.387692639925618,0.65,2.0,0.002,4,18.89195990937809,75.56783963751238,170.02763918440286,302.2713585500495,7.920902268641681e-05,3.742727121695118e-05
1.6956320645646987,0.0362016420931017,0.0138344559267508,219491784112.95645,7716.066729671899,0.0476722002535768,3.370832484224032,17.075783856807583,0.65,2.0,0.002,4,11.636952028012908,46.547808112051634,104.73256825211618,186.1912324482065,0.0003188023848996,0.0001209032812586
2.8335310189621987,0.0507857380353404,0.0068309216912446,219140693296.508,7758.011416556304,0.0193547598839342,1.2879100655782747,0.4566927454173437,0.65,2.0,0.002,4,2.0504015741683026,8.20160629667321,18.45361416751472,32.80642518669284,0.0039189567044084,0.002543912272652
1.4300362757888403,0.047649670113416,0.0073219093952367,199120313713.22775,7857.01165201389,0.0058349699784211,6.4649791977735385,11.04639721907677,0.65,2.0,0.002,4,8.173133278782295,32.69253311512918,73.55819950904066,130.77013246051672,0.0027737680809788,0.0012588499218808
1.6442772069598948,0.0546262100953322,0.0063005528068747,212295628201.206,7983.634783548271,0.0092399686085141,7.34283069842395,9.533326104790438,0.65,2.0,0.002,4,5.449140818389783,21.796563273559133,49.04226736550805,87.18625309423653,0.0033248144159048,0.0014597560204996
2.9513556837958035,0.0341366140758689,0.0080196977755819,204835011743.2904,7822.474633429914,0.0151633167701555,6.736612158918698,0.8003076860942735,0.65,2.0,0.002,4,2.1363586637823766,8.545434655129506,19.22722797404139,34.181738620518026,0.0307623857403878,0.0167760097598273
1.1549051555082095,0.0517398158670416,0.0117817968864101,217262186400.8258,7679.619944914036,0.0130856906920835,7.5122694768215394,32.09078963572487,0.65,2.0,0.002,4,21.304451343745875,85.2178053749835,191.74006209371285,340.871221499934,0.0001831915612619,6.511396485783771e-05
1.7266471799072385,0.0201715412413005,0.0087635791185406,218070672338.95773,7710.184739145997,0.038833359919799,5.134126383860226,5.354318115309048,0.65,2.0,0.002,4,7.088752245004427,28.355008980017708,63.79877020503986,113.42003592007084,0.0071905340128798,0.003620177806221
2.287147122618321,0.0753038093059084,0.007198313917542,209665489756.60983,7848.685952079058,0.0350164516040002,8.467337097244833,2.8245559287023814,0.65,2.0,0.002,4,3.225052827799426,12.900211311197705,29.02547545019484,51.60084524479082,0.0313474694179934,0.017816143161964
1.8588369184773237,0.0484252563387546,0.0060391549025673,185929687078.1437,7974.149974637145,0.0080731153251554,5.942441367538146,5.963318195121741,0.65,2.0,0.002,4,3.8269696132038415,15.30787845281537,34.44272651883458,61.23151381126148,0.0085734263761645,0.003987318159063
1.8996819403433187,0.0590430077642282,0.015206554079459,219099875991.3746,7797.19233969996,0.0162290674911655,3.6856992390371066,18.843254974943704,0.65,2.0,0.002,4,10.12861862447041,40.51447449788164,91.1575676202337,162.05789799152657,0.0001553236353499,5.7204650667481554e-05
1.0276538281045835,0.0432849410068227,0.0160409615646117,218869109335.10275,7953.461551740422,0.0267833575371712,8.146891103644029,11.800200963219378,0.65,2.0,0.002,4,36.13101032298296,144.52404129193184,325.1790929068467,578.0961651677273,4.642788764217465e-05,2.5687685492967565e-05
1.5534406388948618,0.0277949282889051,0.0056379638672656,199514515515.4669,7677.392915410654,0.0407028705082398,9.505333917612582,8.632044031365549,0.65,2.0,0.002,4,5.400607095436055,21.60242838174422,48.6054638589245,86.40971352697689,0.0114704103502096,0.0042648872185635
1.2632999553572457,0.0582767107577046,0.0198133408277694,215800595031.82175,7868.47333133158,0.0406683647072672,1.2531168952496547,32.368172037184884,0.65,2.0,0.002,4,29.481873815208356,117.9274952608334,265.3368643368752,471.7099810433336,2.7314999398958223e-05,1.455341261329897e-05
2.987315384764968,0.0324082558708531,0.0114259868299328,214673599017.5668,7935.259684667516,0.041773704447238,6.241896829236825,6.002483278273514,0.65,2.0,0.002,4,3.0197401191505087,12.078960476602036,27.177661072354574,48.31584190640814,0.0055195258931639,0.0023754270839655
2.9531300255216557,0.0506513235784339,0.0143213313629415,206965097592.8676,7795.90858228807,0.0303251085936016,2.310739940544751,3.2698775696112,0.65,2.0,0.002,4,3.836742884378472,15.34697153751389,34.53068595940625,61.38788615005556,0.0041633481328731,0.0021721070034051
1.3641625197260807,0.0607191368571203,0.009883517297315,193177917894.88763,7939.049114586352,0.0059210209708271,3.985926942858391,7.469876634557598,0.65,2.0,0.002,4,11.879633721038456,47.51853488415383,106.91670348934612,190.0741395366153,0.0004463211653436,0.0002176140803657
2.116581410692252,0.0774370157031091,0.0100714987735512,194433918343.0197,7936.151142104837,0.0369808699455735,6.045132337937404,6.86181434983004,0.65,2.0,0.002,4,5.045851351024862,20.18340540409945,45.41266215922376,80.7336216163978,0.0025764520500327,0.001074447431557
2.2340793970479327,0.0451962550754235,0.0121261226487113,207116388053.92303,7783.1860807882595,0.0477473275785987,4.903407069790676,10.975593501251137,0.65,2.0,0.002,4,5.683063761303471,22.732255045213883,51.147573851731245,90.92902018085552,0.0008790516426952,0.0003292895172129
1.0416266614211454,0.0485065656523349,0.0146940497338067,193529347858.53864,7910.610784611686,0.0115724268857569,1.0037881806788098,57.187288270270514,0.65,2.0,0.002,4,30.37490948352454,121.49963793409816,273.3741853517209,485.99855173639264,5.598006093504875e-06,1.8259884108493916e-06
2.4641677937417663,0.0518411261434508,0.0172962394720234,212517129893.43692,7755.933238379489,0.0401646779369339,2.1418034428164097,7.476556167361506,0.65,2.0,0.002,4,6.761146235692141,27.04458494276856,60.85031612122926,108.17833977107423,0.0011115207833593,0.0005986164665488
1.5478123372120904,0.0219685999698637,0.0091903221829059,187717669459.7393,7751.448370973808,0.0223325481810186,3.456176631968503,6.764818884539329,0.65,2.0,0.002,4,8.560212191511292,34.24084876604517,77.04190972360163,136.96339506418067,0.0035997293926202,0.0017177930197406
1.0420877609146286,0.0343656702651518,0.0156479344884124,210273721723.18195,7756.966740086822,0.0345539575747784,6.160370311884148,52.10364895857348,0.65,2.0,0.002,4,34.01920958864213,136.0768383545685,306.17288629777914,544.307353418274,5.825496923827753e-05,1.9967412377147397e-05
2.8154414731687423,0.0527050722036896,0.0067665422903,205013279465.0295,7755.578740523815,0.0355523605431102,7.883149295995086,3.928551566727904,0.65,2.0,0.002,4,1.990155163123357,7.960620652493428,17.911396468110212,31.84248260997371,0.0173330094469561,0.0085327890670752
2.7611649487485685,0.0329258715851789,0.0050018735980579,190300348484.699,7795.016979670565,0.0419575119485864,6.468579915676174,2.725661103574594,0.65,2.0,0.002,4,1.469902478618893,5.879609914475572,13.22912230757004,23.518439657902288,0.0665429693445751,0.0324074252995222
2.098539803203328,0.0529780286415948,0.0140396097848867,182219439460.9726,7667.447504732627,0.0122536509315513,3.090307468216934,3.247709318334993,0.65,2.0,0.002,4,7.047284703343576,28.189138813374303,63.42556233009218,112.7565552534972,0.0005446830577455,0.0002934409279122
2.7308637112442007,0.0431824361758798,0.0109386901856105,192196453811.39664,7807.480691317846,0.0295182515160257,6.638565338573524,3.217167492152746,0.65,2.0,0.002,4,3.299983352314208,13.199933409256833,29.69985017082788,52.79973363702733,0.0548232523572864,0.0262369170011173
1.870437620545585,0.0371313857961901,0.0073659426222847,203415225382.7818,7733.635129734242,0.0350574659391838,2.881868543165111,0.9844800445869708,0.65,2.0,0.002,4,4.896333789248547,19.585335156994187,44.067004103236926,78.34134062797675,0.0017245858923803,0.0012165400475551
2.503093124285625,0.0521803058528436,0.011489439786026,213239512128.5597,7666.398137429583,0.0449324536490344,0.5858660953487895,8.16615441627511,0.65,2.0,0.002,4,4.385430656278327,17.54172262511331,39.46887590650494,70.16689050045323,0.0001851406551488,7.112548471669973e-05
1.4384133624678093,0.0324476777916863,0.0086135477921942,182550315638.0955,7619.905300650628,0.0373993407331756,2.7111924630372157,8.242202405582328,0.65,2.0,0.002,4,9.23975405086556,36.95901620346224,83.15778645779005,147.83606481384896,0.002622965356508,0.0014415578746875
1.707717278646668,0.0274272398670282,0.0077920813115635,193269972498.36893,7628.093348354681,0.0075610940957802,9.168659922841195,4.645766362879407,0.65,2.0,0.002,4,6.098527373078332,24.394109492313326,54.886746357704986,97.5764379692533,0.0172768193812743,0.0085672283275171
1.314223140843689,0.0574896386711005,0.0080092272573414,183405286083.6418,7706.56829153107,0.0355280030696024,4.343449885267683,4.934901299381793,0.65,2.0,0.002,4,10.257866896470636,41.03146758588255,92.32080206823572,164.12587034353018,0.0005474902824623,0.0003118301658073
1.013407239852249,0.0619182763236711,0.0089323925273426,201672912880.0012,7644.532955364342,0.0060360125707553,0.2496851168781452,9.8196335854734,0.65,2.0,0.002,4,20.257103885737564,81.02841554295026,182.31393497163808,324.113662171801,7.397825728319224e-06,3.9515974492358935e-06
1.947187514448688,0.0357448970064292,0.0129928568221147,202865764848.16608,7908.672863972189,0.0259739339034027,7.887714338219768,2.554883436725341,0.65,2.0,0.002,4,7.869931094125473,31.47972437650189,70.82937984712926,125.91889750600755,0.0014310747717827,0.0007884161651853
2.681583884088899,0.035440064425816,0.0176686473351202,211437542527.76147,7934.916096308303,0.0353431040889547,3.5860456338449085,7.912142277253085,0.65,2.0,0.002,4,5.751348236095012,23.00539294438005,51.76213412485511,92.0215717775202,0.0014221720401981,0.0005761417905552
1.4462246463752562,0.0573873643756541,0.0094243521599637,181207062116.6513,7671.929142262334,0.0096167107518728,2.039732280325122,16.20645664946877,0.65,2.0,0.002,4,9.929891685059138,39.71956674023655,89.36902516553225,158.8782669609462,0.0002199670529907,8.65311410279207e-05
2.993839144419046,0.0601880057108583,0.0117752824370861,214029356059.8522,7609.521951134536,0.0425481820121076,5.023131639688966,4.460397966929699,0.65,2.0,0.002,4,3.159378417922647,12.637513671690588,28.43440576130382,50.55005468676235,0.0054040323853918,0.0023896372909664
2.998780073029054,0.0204489797664059,0.007415685242299,206965772035.72537,7623.9963338341395,0.0315405492735136,6.871601025254456,2.4522167064669205,0.65,2.0,0.002,4,1.9482704070306252,7.793081628122501,17.534433663275628,31.17232651249001,0.1430383323815005,0.071935292156381
2.6743830632498007,0.0361799829053559,0.0115377626953893,180730094448.99847,7883.347790868467,0.0209776643791024,8.614530657403005,1.2587939218089912,0.65,2.0,0.002,4,3.50238209666689,14.00952838666756,31.521438870002008,56.03811354667024,0.0092935413207936,0.0050947289460361
1.1095392131508826,0.0663539082781165,0.0104167094719453,211858416604.0505,7979.920828914341,0.0061957944646464,9.646498166845388,9.852569431601047,0.65,2.0,0.002,4,19.769608278989796,79.07843311595917,177.92647451090812,316.3137324638367,0.0002205581484673,0.0001254450265468
1.1038051869975538,0.0404459146268514,0.0124260478791661,192104836029.5821,7896.882773570238,0.0375099564995566,9.72205256102607,21.00841230907023,0.65,2.0,0.002,4,22.809655125114794,91.23862050045918,205.2868961260332,364.9544820018367,0.0009977008731048,0.0005753171030982
2.8186504995079305,0.0680805848959631,0.0071504119902323,203382743459.0801,7710.797303041798,0.0333387654383905,1.8184618739033396,1.7468728790345494,0.65,2.0,0.002,4,2.095971001267949,8.383884005071796,18.863739011411543,33.53553602028718,0.0148370022888576,0.0084410949706767
1.2146247256650409,0.0498588621419227,0.0127932439716454,200327716591.1298,7774.666995735536,0.0497666701773323,4.91417806543876,21.163410673564037,0.65,2.0,0.002,4,19.959760371276843,79.83904148510737,179.63784334149162,319.3561659404295,0.0004886877490775,0.0003073304798758
1.484183184093062,0.0274287014893153,0.0189706718601661,202253785954.5777,7945.027758794458,0.0352393290329898,8.221056637047662,11.601180400867271,0.65,2.0,0.002,4,19.70323662942609,78.81294651770438,177.32912966483482,315.2517860708175,0.0003234771030419,0.0001601848084193
1.2147383415552642,0.052439819844031,0.0093626569003459,212678283144.86435,7624.81062069822,0.0129111553383019,7.743082761296536,12.739065237601682,0.65,2.0,0.002,4,15.195322634064398,60.78129053625759,136.75790370657958,243.1251621450304,0.0014176505446783,0.0006518944160092
2.045265764045938,0.0795166289996084,0.0078227182800313,211114998070.2689,7929.343577429721,0.023060225457545,6.233559242778797,4.2804368062692895,0.65,2.0,0.002,4,4.375506895318015,17.50202758127206,39.37956205786213,70.00811032508824,0.0279518261988952,0.0137138909512692
1.2212589351244063,0.0572089571976977,0.0086245836310862,202768482017.22708,7836.07815310645,0.04322458998904,0.1469397898275518,23.15627600153648,0.65,2.0,0.002,4,13.338369037939998,53.35347615175999,120.04532134145995,213.41390460704,7.330979787881987e-06,2.3657037201524062e-06
1.7837418118127597,0.0704730535055142,0.0145340035275214,201079132706.71225,7844.24211834011,0.0098487914217027,1.341450286934872,15.815362908819989,0.65,2.0,0.002,4,10.48717552513822,41.94870210055288,94.38457972624398,167.79480840221152,7.97156460678137e-05,3.262416087000666e-05
2.4199108494117656,0.0385442274889424,0.0169686863478379,189262189529.5417,7689.639621021861,0.029108010989915,5.756275704098946,5.426064087233708,0.65,2.0,0.002,4,6.518650239222247,26.074600956888982,58.66785215300022,104.29840382755594,0.0037087730695454,0.0018590643493694
1.2923741658014716,0.0584232427558266,0.0079463920342679,195111598579.82584,7882.234134523089,0.0064320422793788,2.169683257313923,21.38747151758841,0.65,2.0,0.002,4,10.73345607069349,42.93382428277396,96.60110463624144,171.73529713109585,0.0001275926361112,5.976033613866802e-05
2.878726629745506,0.0293957629712332,0.0069124563644984,196517741209.31625,7650.244467785044,0.0491193010627303,4.300613236097336,2.224686284523248,0.65,2.0,0.002,4,1.917008468277949,7.668033873111796,17.25307621450154,30.672135492447183,0.0878742704569879,0.0508478646153363
1.6221276702091798,0.0440039933850725,0.0070024375263777,187692561611.0276,7657.340028083815,0.0414631103545109,7.078247332923976,6.898147243281636,0.65,2.0,0.002,4,5.974382116639582,23.897528466558327,53.76943904975624,95.59011386623332,0.0106807255728565,0.0053613546642754
1.1360926367166666,0.0372992533833129,0.0087868399408507,208731945792.6702,7856.743332892819,0.0336339701222426,5.240656704106289,12.979755657876389,0.65,2.0,0.002,4,15.911373019031611,63.64549207612645,143.20235717128452,254.5819683045058,0.0009862360060604,0.0004916019938899
2.2068399743658285,0.0486687882565249,0.0092498828385295,186509086270.01263,7940.053661454673,0.0173845707441953,9.973937064913006,0.910435331304954,0.65,2.0,0.002,4,4.174092606811869,16.696370427247476,37.56683346130682,66.7854817089899,0.0054419005802252,0.0035108162442905
1.877076894405966,0.0796235811510451,0.0166142922425688,202158932205.49292,7810.698184086538,0.0429922381548978,6.0485827987932685,8.818800734714923,0.65,2.0,0.002,4,10.877986386380226,43.5119455455209,97.90187747742203,174.0477821820836,0.000567662339332,0.0002922240511262
2.757760188868029,0.0400332036233512,0.014917975646809,204687391754.2115,7794.734461892851,0.0275667170939349,1.784199192993301,8.344945726724543,0.65,2.0,0.002,4,4.557965522394605,18.23186208957842,41.02168970155145,72.92744835831368,0.0005687703419628,0.0002261766860022
2.9151848683883435,0.0381597993428857,0.0197924198593344,195135040592.21484,7679.889398808413,0.0100528803410107,7.87112294155296,6.381039420832841,0.65,2.0,0.002,4,5.323363172479057,21.29345268991623,47.91026855231152,85.17381075966492,0.0063407195719425,0.0029220161709095
1.4628738410253317,0.0393012000395932,0.0146720247925174,180974298951.3603,7828.487630933482,0.0413909770781524,6.14338940085884,10.937368018132906,0.65,2.0,0.002,4,14.947724158115044,59.790896632460175,134.5295174230354,239.1635865298407,0.0005425718479653,0.0002682334482543
1.115270940035194,0.0707101388376245,0.0141752370962957,180649038687.4605,7752.660939150022,0.0449640705028614,3.646512630264105,35.36275580279983,0.65,2.0,0.002,4,24.945444409589253,99.781777638357,224.5089996863033,399.12711055342805,4.1904471989062055e-05,1.558522580866929e-05
1.1542588665883493,0.0307910992062047,0.0129835853098265,207781904042.53677,7805.669812884231,0.0209978502548209,0.6062321612840585,36.81097357500833,0.65,2.0,0.002,4,22.79902232889588,91.19608931558352,205.1912009600629,364.7843572623341,1.6250007947754585e-05,5.209365274867907e-06
1.3995898613162652,0.0375386926057995,0.0195810526569632,208327379470.3647,7844.20880168553,0.0188432818440858,3.0613389272485705,6.333735665412128,0.65,2.0,0.002,4,23.35943404937639,93.43773619750556,210.23490644438752,373.75094479002223,3.661475713126238e-05,2.1332656037911277e-05
2.6627242517660568,0.0423202254031795,0.013637504278727,202694422360.56235,7931.495015677485,0.0156330545682634,3.0342361390508223,3.2769430308980296,0.65,2.0,0.002,4,4.409152676940401,17.636610707761605,39.68237409246361,70.54644283104642,0.0034972113671501,0.0016986469881567
1.5353101039603516,0.0585676904380063,0.0192779821633088,182366364963.68347,7926.395067137049,0.0147603900071362,1.6157687254331743,32.33832766765695,0.65,2.0,0.002,4,17.78824594528559,71.15298378114235,160.0942135075703,284.6119351245694,1.8598831246926357e-05,6.162220519558135e-06
1.4298156767780734,0.0416659839772972,0.0175642382548849,186100850142.4784,7606.300285826269,0.0439246165298067,3.066620988011594,6.522010976010896,0.65,2.0,0.002,4,19.27018614554115,77.0807445821646,173.43167530987037,308.3229783286584,6.123334855816104e-05,3.402012860147676e-05
2.5585174504189627,0.0431739710667301,0.0086649892085691,193781103785.7396,7718.63666359398,0.0334879983659733,0.5411612703525127,0.8258164258516291,0.65,2.0,0.002,4,3.0075020148956337,12.030008059582537,27.067518134060705,48.12003223833014,0.0007744450591505,0.0004483364877289
1.1183232929953602,0.0411078956985071,0.0119315798779802,186674844780.337,7675.731322569053,0.0153595111450701,7.8270820618051,33.88542769767244,0.65,2.0,0.002,4,21.33415680719947,85.33662722879788,192.00741126479525,341.3465089151915,0.000211155313726,6.967661381413057e-05
1.1305199504775267,0.0448833657162551,0.0100242788515036,204631672411.00436,7615.164066817522,0.0125450901381601,2.1749597518453423,18.3050852567401,0.65,2.0,0.002,4,18.43625583666333,73.74502334665333,165.92630252996997,294.9800933866133,0.0018790790349613,0.0010504697462339
1.790879667693898,0.0640581097111861,0.0146829237169807,189335067156.63455,7731.682376030766,0.0317468593336957,0.4505249154320004,16.074953439333246,0.65,2.0,0.002,4,10.272768743791987,41.09107497516796,92.4549186941279,164.36429990067182,2.670179214521521e-05,9.356835099274253e-06
2.7402718844274974,0.0623976366506504,0.0067027315204008,183365661139.81757,7974.505659309792,0.0465999059284274,4.637819764614142,2.7003302243396448,0.65,2.0,0.002,4,1.9408898434516164,7.763559373806466,17.468008591064546,31.054237495225863,0.0221137863836405,0.0105908024011413
1.6951099565400298,0.0261684345853637,0.0095310269916961,212268254091.99237,7797.391813207657,0.0127207748997473,3.1950604885413867,15.039649124514847,0.65,2.0,0.002,4,7.847675720282235,31.39070288112894,70.62908148254012,125.56281152451577,0.0007475962747714,0.0003096815670559
2.696842709337397,0.0417155292665317,0.0071023765141692,197516634280.2032,7794.470917395533,0.0336831219723285,5.2931681594875695,0.6204541169857862,0.65,2.0,0.002,4,2.229103473316964,8.916413893267855,20.061931259852678,35.66565557307142,0.0173770142787208,0.0101804251759726
1.920196813882751,0.0426425213192994,0.0120503446646659,208768140193.87384,7953.47629411981,0.0495860817311775,4.912035863834132,7.807153503127681,0.65,2.0,0.002,4,7.592605741303975,30.3704229652159,68.33345167173577,121.4816918608636,0.0052046922723374,0.0032379176089342
1.8722728452982107,0.03947862002662,0.0128257132127876,197246038285.6446,7839.26715201631,0.0454154036225492,9.950593231505724,2.844016343803548,0.65,2.0,0.002,4,8.322214663543976,33.288858654175904,74.89993197189578,133.15543461670362,0.0014991942178828,0.0008317241983711
2.360589990892283,0.0709835010432949,0.010983003128601,207838580525.01483,7850.376429551866,0.0246388977965808,9.167978481805376,3.005072179500504,0.65,2.0,0.002,4,4.598615316774384,18.394461267097537,41.38753785096946,73.57784506839015,0.005290280700207,0.002656394889609
1.1597193797526515,0.0777223663376354,0.0069555389347537,211898153202.7436,7605.577333477916,0.0213979289809043,5.2002874118306,3.139174513226919,0.65,2.0,0.002,4,12.378034913203727,49.51213965281491,111.40231421883357,198.04855861125964,0.000297066146221,0.0001803272348155
1.883615866486889,0.0574405819814161,0.0072728728201264,192003209450.26672,7700.7534367183025,0.0125360156255996,4.196997073270152,6.997659795662415,0.65,2.0,0.002,4,4.641284624007384,18.565138496029537,41.771561616066464,74.26055398411815,0.003155640998812,0.0014499554508224
1.5926225757429242,0.0294078618901161,0.0154327849534108,180229966581.06665,7992.346836909151,0.0435050003868057,4.957638861546249,24.33878017365055,0.65,2.0,0.002,4,13.101594787635126,52.4063791505405,117.91435308871614,209.625516602162,0.0002244732705096,7.343061324643849e-05
2.7345853141254395,0.0315700159866343,0.0112561994163352,190418841150.09225,7650.872865389109,0.0166883638164015,8.61387225600334,5.06653867573414,0.65,2.0,0.002,4,3.405160167391065,13.62064066956426,30.646441506519583,54.48256267825704,0.0144416550244542,0.0066339366590295
2.815171727736937,0.069968989632188,0.008787785713415,212060010117.2292,7676.539006251007,0.0061187455758134,9.615093995009676,4.150156746456615,0.65,2.0,0.002,4,2.6426861344040837,10.570744537616331,23.78417520963675,42.28297815046533,0.0142111101722817,0.007016772407894
2.263438629917667,0.038214198082449,0.0170766290828373,210370550196.8431,7973.447576431546,0.0264275119495864,5.078108942629666,6.077982244228735,0.65,2.0,0.002,4,7.763603582516921,31.054414330067683,69.8724322426523,124.21765732027072,0.0018354695916782,0.0008841774827149
1.677989545786407,0.0573062874987099,0.0108103760398218,203478423160.5195,7739.913974959853,0.0371735134096539,5.834932562849719,4.356846336245821,0.65,2.0,0.002,4,8.92652999241399,35.70611996965596,80.3387699317259,142.82447987862383,0.0007192707060319,0.0004109943715186
2.819595153035089,0.0676203574553856,0.0058807802247522,197163954858.77023,7879.327363147435,0.049402036060169,4.637925282498975,0.6158037026965542,0.65,2.0,0.002,4,1.6778760729278033,6.711504291711213,15.10088465635023,26.84601716684485,0.0223686398215072,0.0124097594640782
2.459357699500142,0.0372544701532217,0.0185707525537442,212961276731.4552,7610.004361193095,0.0059877802612219,6.071591221155724,3.456139447496073,0.65,2.0,0.002,4,7.365008075795632,29.46003230318253,66.28507268216069,117.84012921273012,0.0010981333847582,0.0005934987025258
1.4488151806917766,0.0435294146383652,0.0094459712217654,196331619798.3377,7616.288491446093,0.0079705971573266,8.399778631577036,3.985069651776474,0.65,2.0,0.002,4,10.360323781518009,41.44129512607203,93.24291403366206,165.7651805042881,0.0011372800088489,0.0006151443548751
1.9643470454761407,0.0677927013527649,0.0088499914162724,208757252211.2573,7852.710701419257,0.0330346006378432,4.114998851335513,1.196461410351106,0.65,2.0,0.002,4,5.362245017577098,21.44898007030839,48.26020515819389,85.79592028123356,0.0010138811290477,0.0006622981319471
2.806263966045482,0.0651031504769755,0.0072618410250389,188319709094.25623,7616.471627741464,0.0108982364347795,0.7040632160038585,0.6165772763466919,0.65,2.0,0.002,4,2.079169638865411,8.316678555461644,18.7125267497887,33.26671422184658,0.0018085861939102,0.0010418641076045
2.759474205315229,0.0725507192395569,0.0158200943657939,218275711112.8609,7671.451447578497,0.0477652931231038,0.7354956721328536,6.030787595270955,0.65,2.0,0.002,4,5.025156384349941,20.100625537399765,45.22640745914947,80.40250214959906,0.0003342539277619,0.000161742426491
1.5175569774608837,0.0773770369773719,0.0091487470767867,190107802443.8896,7682.27315224148,0.0289640957275577,1.161125078515257,10.99726492894372,0.65,2.0,0.002,4,8.960989367484716,35.843957469938864,80.64890430736244,143.37582987975546,0.0002717811898888,0.0001166891946126
1.885821613377076,0.0391143781965584,0.0140057315559113,196394869353.87552,7809.53624562595,0.0113097794553841,4.024186840182835,9.409836426170726,0.65,2.0,0.002,4,8.955426645742397,35.82170658296959,80.59883981168159,143.28682633187836,0.0048691613235884,0.0026389964672883
1.6218559726096988,0.0406305716439148,0.0149018665333809,188806555296.4681,7602.8156838730865,0.0250623203060006,5.326009805722969,12.835108270934734,0.65,2.0,0.002,4,12.80167088528506,51.20668354114024,115.21503796756554,204.82673416456092,0.0039507923842788,0.0022803359678986
1.1320143802338465,0.0767075425689961,0.014358143094121,214938829498.4724,7716.323313221952,0.0175099527139454,3.4242660026021663,16.514448954139223,0.65,2.0,0.002,4,26.81488107519372,107.25952430077488,241.33392967674348,429.03809720309954,3.966875943117568e-05,1.8596339748083856e-05
2.774144069302759,0.0378516442467958,0.0157429664936648,190548326252.9877,7694.038328324212,0.0338690721198743,0.5953300089298469,1.7248793402840217,0.65,2.0,0.002,4,4.616184927317742,18.46473970927097,41.54566434585968,73.85895883708388,0.0002657221804602,0.0001471645601288
1.187079979008154,0.0710275622781435,0.0107338342553998,217613604040.98032,7798.69671183532,0.0361177737722836,8.286821975012378,32.36901684315483,0.65,2.0,0.002,4,18.245517401963227,72.9820696078529,164.20965661766908,291.9282784314116,0.000136540144451,4.3190748857287295e-05
2.8567714051925424,0.0297100148749269,0.0119051128995544,188166355638.57117,7791.513303278011,0.0406030099436062,8.46478568530063,0.674499156012562,0.65,2.0,0.002,4,3.250662420510977,13.002649682043907,29.25596178459879,52.01059872817563,0.0089874341141578,0.0063540205714311
1.3974086280635156,0.0476928240142165,0.0146046187456021,210516702075.038,7964.773074755078,0.0451071514368081,2.4376069732274783,16.745691065556827,0.65,2.0,0.002,4,17.435291506326394,69.74116602530557,156.91762355693757,278.9646641012223,0.0003710641880409,0.0002438297189051
1.026585354691272,0.066681336303185,0.0076252932363086,191859394060.52084,7728.834690318261,0.0199600699504434,7.627639261873766,4.474090477861059,0.65,2.0,0.002,4,16.346704047362053,65.38681618944821,147.1203364262585,261.54726475779285,0.0002744957791553,0.0001605038138022
2.7246719661730503,0.0437975820132128,0.0126234976073611,209905094357.82217,7929.878983938672,0.0139788717473216,3.971988852099365,3.610374932808317,0.65,2.0,0.002,4,3.966968198878051,15.867872795512204,35.70271378990246,63.471491182048815,0.0149308131385163,0.0084276613808006
1.0378802658763648,0.0608406768522347,0.0063961710334855,206847110941.504,7834.971040812254,0.0338301332561664,1.973651219955468,15.05873123767729,0.65,2.0,0.002,4,13.834416465558084,55.337665862232335,124.50974819002276,221.3506634489293,0.000666901316545,0.0003549443459039
2.967202980833309,0.0628049566227208,0.0158637098493672,183043381252.36395,7710.101900100933,0.0312714369117936,5.271687504906689,6.260695141386435,0.65,2.0,0.002,4,3.980947539956708,15.923790159826831,35.828527859610375,63.695160639307325,0.0019543379345116,0.0007905707772994
2.1534326617290125,0.0732203610381771,0.0179458865315406,183531869375.31876,7786.23095219914,0.0135884144107148,0.923875595169616,6.187950803757197,0.65,2.0,0.002,4,8.519687851299137,34.07875140519655,76.67719066169224,136.3150056207862,0.0001224426018455,5.816016181939346e-05
2.175809993415726,0.0420351134430459,0.0185101858781471,200466261040.2009,7932.846451943108,0.030082041084769,3.769070649417543,13.63240794582936,0.65,2.0,0.002,4,8.912595999257553,35.65038399703021,80.21336399331798,142.60153598812084,0.0003695268249587,0.0001350442581417
1.7181174211211585,0.051739285506243,0.0144131328223295,187757051975.39172,7997.702648634273,0.0141746826013468,0.2023508003975251,20.37911354243037,0.65,2.0,0.002,4,10.727473791390858,42.90989516556344,96.54726412251776,171.6395806622537,8.42765196289102e-06,3.1846262217033534e-06
2.5852649459217405,0.0247134198460979,0.012508192131928,205803273062.68777,7928.675542950091,0.0258399598141874,2.4448949678949377,4.68320383538464,0.65,2.0,0.002,4,4.323540168506755,17.29416067402702,38.9118615165608,69.17664269610808,0.0121364494139146,0.0069922807454447
1.4417576696990804,0.0503824441691937,0.0183318164954755,211695825874.0021,7799.531569770728,0.0179821671413876,1.880876000555025,37.10716426952302,0.65,2.0,0.002,4,20.83397322737191,83.33589290948764,187.5057590463472,333.34357163795056,2.061042946139689e-05,6.509097564065469e-06
2.951801092643856,0.0276558461849261,0.0163496367587575,192710571606.6713,7814.859119788125,0.0442719595446918,9.368057769594582,2.6721279322960187,0.65,2.0,0.002,4,4.225278863467975,16.9011154538719,38.027509771211776,67.6044618154876,0.0101245360673856,0.0052042555302294
1.6200048638278657,0.047822274936113,0.0176662031998886,212105837655.72363,7650.496574626512,0.0106001981756758,4.225649313551042,28.38600394235206,0.65,2.0,0.002,4,16.072052293319732,64.28820917327893,144.64847063987762,257.1528366931157,9.024148944325656e-05,3.1847805061996385e-05
2.508543029875785,0.0691885314942814,0.0128909079032903,219867088460.7661,7617.670041177665,0.0230569233883751,3.306973022482598,9.519569804564588,0.65,2.0,0.002,4,4.99043822175766,19.96175288703064,44.91394399581894,79.84701154812255,0.0005368290683793,0.0002222490627843
1.2436650092570622,0.0503797958972379,0.0154139365346432,203244664368.8361,7679.910260664023,0.0411856036782018,7.182530583196437,35.57193736962116,0.65,2.0,0.002,4,23.247030924236885,92.98812369694754,209.223278318132,371.95249478779016,0.0001034457263334,3.5204646374605224e-05
2.8137925468424294,0.0225844497613996,0.0066180820286888,199614973405.81415,7781.589300211201,0.0247195886017648,5.41819735257634,2.2442981540376463,0.65,2.0,0.002,4,1.919727802668525,7.6789112106741,17.277550224016725,30.7156448426964,0.1717289571945222,0.0973584349567848
2.703991218838956,0.0634383380677979,0.0100894188303997,210552114093.2096,7891.319546136264,0.0320401051928773,5.628963616717859,4.920820483433757,0.65,2.0,0.002,4,3.2321375836130346,12.928550334452138,29.089238252517315,51.71420133780856,0.0051476032304429,0.0022064762775337
2.235338921107278,0.0606986365041024,0.0162009757225707,200662980193.7205,7841.57786599145,0.0228229363075319,0.5084050218149692,2.825531207308153,0.65,2.0,0.002,4,7.437304529440679,29.74921811776272,66.93574076496611,118.99687247105086,5.3014268792912296e-05,2.85200019248135e-05
1.2359082359103348,0.0546732659789363,0.0164027132289037,184680282638.6974,7801.113841024994,0.033912285929874,4.067942712473725,34.31364470995063,0.65,2.0,0.002,4,23.69214876613456,94.76859506453825,213.22933889521107,379.074380258153,5.584944419752501e-05,2.0060545643075432e-05
2.527020976199383,0.0486039732555362,0.0073075052788437,210394527093.712,7865.3519951663475,0.0477157445780525,5.341199606033478,3.6980723300830154,0.65,2.0,0.002,4,2.6837300904250623,10.734920361700247,24.15357081382556,42.939681446801,0.0163420262108042,0.0073861615568334
2.2356842520967573,0.0320399829038231,0.010447414265171,196690327041.716,7895.890394646504,0.0296677936606171,6.401384715397761,7.358519842346884,0.65,2.0,0.002,4,4.730511255183157,18.92204502073263,42.57460129664842,75.68818008293051,0.0050261990359252,0.0019861663905421
1.968203842782839,0.046106199368099,0.0191469252823298,181327468511.58444,7979.993661678663,0.0155467059726726,1.535818397956339,16.40238763951157,0.65,2.0,0.002,4,10.683625887465125,42.7345035498605,96.15263298718612,170.938014199442,9.496705203903445e-05,3.567153924197975e-05
1.604243394719124,0.0245001799418519,0.0087445596640437,189826295356.50403,7836.300883742076,0.0176966905481474,5.384381131903635,7.936604678132765,0.65,2.0,0.002,4,7.583144195726797,30.33257678290719,68.24829776154118,121.33030713162876,0.0211618123576686,0.0123170790094854
1.792119200236995,0.0754797729611283,0.0182899608243307,199366791893.1715,7649.437425355345,0.0233951620654482,5.914573155846105,8.669417758843041,0.65,2.0,0.002,4,13.183171620209022,52.73268648083609,118.6485445818812,210.93074592334435,0.0002431889487519,0.0001184011503561
1.5292924215411547,0.0526002252345053,0.0181912413057943,198887346882.27103,7602.631426345116,0.0075472523629812,6.363106076718286,25.621533611495263,0.65,2.0,0.002,4,18.039816889782813,72.15926755913125,162.3583520080453,288.637070236525,0.0001767924162209,6.718894809859706e-05
2.564460702848753,0.0688276961402474,0.0166410331806658,209375178725.7173,7695.115719682675,0.0237529620411098,3.920928248737921,3.793775841909904,0.65,2.0,0.002,4,5.985114505900156,23.940458023600623,53.8660305531014,95.7618320944025,0.0008977690447626,0.0004395202714251
1.321457886355386,0.0212991725019222,0.0192059396283714,219999080816.70776,7904.892105447809,0.0098657673688214,8.99956005729323,40.4857311301402,0.65,2.0,0.002,4,26.309986120993106,105.2399444839724,236.78987508893792,420.9597779358896,0.0002023757424101,6.969990160425248e-05
1.5102493121152678,0.0506686258057965,0.0192296970187428,195252301538.2574,7950.295394385283,0.0494125061541752,8.761023403171116,9.445550703767312,0.65,2.0,0.002,4,18.94570849042017,75.78283396168068,170.51137641378153,303.1313358467227,0.000146501777635,8.55172328881642e-05
2.257502224503737,0.0504952074641078,0.0189958711983623,196925293035.83847,7654.236103183278,0.0198385491760857,3.992796918608189,10.713117962428448,0.65,2.0,0.002,4,8.572982147264886,34.291928589059545,77.15683932538398,137.16771435623818,0.0007439061178462,0.0003093132300888
1.22828741532692,0.0692338716259691,0.0188314995666086,192327773255.58148,7969.611786134338,0.0410391280479147,7.305471895636196,54.06538659463694,0.65,2.0,0.002,4,27.804594935909822,111.2183797436393,250.24135442318843,444.8735189745572,2.234890711435979e-05,7.067181528937828e-06
1.0606273644614304,0.066675859825508,0.008442294271257,213712174312.26657,7674.343393567315,0.0405543756917743,1.427646743631081,25.036171942462342,0.65,2.0,0.002,4,17.958005569128627,71.83202227651451,161.62205012215762,287.32808910605803,6.201591206417314e-05,2.301461639921672e-05
2.563497361277613,0.0649379887059748,0.0146043443055926,207760825553.65555,7860.492530041429,0.0338574181553073,3.561580936409857,1.298834606534434,0.65,2.0,0.002,4,5.180867902774689,20.72347161109876,46.6278111249722,82.89388644439502,0.0006288698298267,0.000382590382669
1.6853620368742068,0.0530883272174985,0.0168505733245734,189359677709.2725,7985.635989863867,0.0316578952621316,0.1781858768645665,3.2129309399489405,0.65,2.0,0.002,4,13.099252680909604,52.39701072363842,117.89327412818643,209.58804289455367,5.073656995982358e-06,3.163136002184996e-06
1.1251035725545888,0.0652971279249187,0.0127064067642753,182987724801.32608,7871.604011267807,0.0372443087300874,5.283908978492376,35.745740267860725,0.65,2.0,0.002,4,21.945544468897737,87.78217787559095,197.50990022007963,351.1287115023638,6.871573140996301e-05,2.189117724036443e-05
1.3005204712202592,0.0228195303636411,0.0161128353029909,207433566464.01355,7840.83555183279,0.0489307676007805,5.499490172942414,18.35780527402246,0.65,2.0,0.002,4,22.21903438455297,88.87613753821186,199.9713094609767,355.50455015284746,0.0004539002967634,0.0002411672362551
1.5239383945637794,0.0616714785074402,0.0184896346851738,217451690554.09396,7777.619295783817,0.0435520493150002,5.088209670047858,12.678744870454825,0.65,2.0,0.002,4,19.08889619420177,76.35558477680706,171.8000657478159,305.42233910722825,0.0001134236276962,5.750766701657067e-05
2.453618178593452,0.0793110318962485,0.0132612372691472,207137967538.5236,7895.159428825858,0.0389636165556048,0.3418533205292801,2.1971776284599085,0.65,2.0,0.002,4,5.116214467024972,20.464857868099887,46.04593020322475,81.85943147239955,7.160073382698805e-05,4.013432392171189e-05
1.2085369212936885,0.0612497629382052,0.009779962018264,214664164171.2028,7967.614260092761,0.0432073292864428,3.291282299611073,9.863511887219907,0.65,2.0,0.002,4,15.760217303926652,63.04086921570661,141.84195573533987,252.16347686282643,0.0001868989369608,9.317037956396494e-05
1.173129605591284,0.0671791211272855,0.0073414258268052,193176391487.17245,7742.946118329983,0.0142839495058217,0.8448199745440711,19.129257884959223,0.65,2.0,0.002,4,12.08207661760892,48.328306470435685,108.7386895584803,193.31322588174277,7.0775470013834e-05,2.559464118062302e-05
1.85208916662968,0.0669553094560402,0.0097574089754261,183418298355.85217,7758.706553326853,0.0394885073100247,4.793448580198342,12.2848946480899,0.65,2.0,0.002,4,6.271430971556933,25.085723886227733,56.4428787440124,100.34289554491092,0.0005808893813168,0.0002185311419019
1.736936406621194,0.0229843259312641,0.0099182138116967,214794268588.463,7966.782634344714,0.0270679287766835,9.567765406726837,13.742621465642072,0.65,2.0,0.002,4,7.740423884620987,30.961695538483948,69.66381496158888,123.8467821539358,0.0029673119111855,0.0010479703311411
1.707426055265614,0.0776381275674699,0.0148259732328631,217337693136.10315,7849.256754519954,0.0160913662548491,3.968291425488658,21.18735141420605,0.65,2.0,0.002,4,12.134500827892436,48.53800331156974,109.2105074510319,194.15201324627893,0.000108693530115,3.7616847677520056e-05
2.345778461143452,0.0516362843049983,0.0058990905071135,191601374983.83307,7727.92606297829,0.0227755062920335,9.513837762712695,1.3941588323102614,0.65,2.0,0.002,4,2.4205171069970364,9.682068427988144,21.784653962973326,38.72827371195258,0.043532903389129,0.0226182439877735
2.6283389539702275,0.0447321511297259,0.0140003756651042,206027665149.95255,7909.924520869271,0.0308904940785438,6.237114427486852,5.334333185564249,0.65,2.0,0.002,4,4.690107536030769,18.76043014412308,42.21096782427693,75.04172057649231,0.0086568918219853,0.0043051532971437
2.3275742438939218,0.0742092879583353,0.016031889793131,190334536434.8473,7799.792914068303,0.023195434834259,1.7373690992765802,3.979028920293212,0.65,2.0,0.002,4,6.628635683225616,26.514542732902463,59.65772114903053,106.05817093160984,0.0002867122639922,0.0001410624982109
2.314022007392939,0.0388271782277722,0.0147566324199008,190626867457.77536,7747.722163012871,0.0458279735143065,0.3480780674830352,4.283672646151287,0.65,2.0,0.002,4,6.198499633800405,24.79399853520162,55.78649670420366,99.17599414080648,0.0001556205724636,8.074506769682101e-05
2.0149469030754594,0.0292993852579132,0.0137957299441561,182480598136.25854,7753.216423709325,0.0406633083593174,8.911491401995505,4.794664255544421,0.65,2.0,0.002,4,7.475050311977635,29.90020124791054,67.27545280779873,119.60080499164216,0.0035608971022504,0.001783472708522
1.8568349232737815,0.0405935961729409,0.0197830897894914,207650608064.75775,7888.543921931568,0.0282122113533003,7.123201118976756,20.03170611044576,0.65,2.0,0.002,4,13.348884160193023,53.39553664077209,120.1399574417372,213.5821465630884,0.0003166457686144,0.0001135995221824
2.311906220249372,0.0231171502254833,0.0183872212870952,207662165884.29675,7980.8802901635645,0.0191248995340956,4.912967261096046,12.21458369660374,0.65,2.0,0.002,4,7.9571623891084515,31.82864955643381,71.61446150197607,127.31459822573522,0.0011257681018705,0.0004339877180423
1.3314718685130007,0.0551034649031511,0.0078495344961026,190644526386.2317,7760.227041046939,0.0258227814893174,3.291891794218745,7.090330600263178,0.65,2.0,0.002,4,9.951398616830597,39.80559446732238,89.56258755147536,159.22237786928952,0.0008843009567684,0.0004215220922341
2.9962976183178625,0.0424852767941155,0.0074441756378939,190745607786.681,7828.320787684075,0.0306032804075421,2.3752262460694302,2.8790944779076484,0.65,2.0,0.002,4,1.855961374011112,7.423845496044446,16.703652366100005,29.695381984177786,0.0129746643724927,0.0060132712987998
1.7816092021391383,0.0472896441172247,0.0054046072780087,214558770122.08408,7735.179366154472,0.0139675304189914,4.151050924689534,6.014212229862524,0.65,2.0,0.002,4,4.066365785330075,16.2654631413203,36.59729206797068,65.0618525652812,0.0069371951649304,0.0032218719840257
1.997649189864121,0.0698630786239026,0.0172132649034694,213930614393.99924,7879.149171147081,0.0288750113233176,8.296005281299482,18.058934438764,0.65,2.0,0.002,4,10.191799403539363,40.76719761415746,91.7261946318543,163.06879045662984,0.0002846280221564,9.544098008514388e-05
2.3500377217419057,0.0284104246396543,0.0058600610513257,205014325617.3868,7861.289721990097,0.0300516680813767,2.5330484166083003,4.077294671089944,0.65,2.0,0.002,4,2.457123192268009,9.828492769072035,22.114108730412084,39.31397107628815,0.0128128873563425,0.005490081583276
1.2222805614393044,0.069833138063567,0.0163469859684768,193501549285.24692,7978.052815625135,0.047721314329856,8.581525272740258,6.178998907749819,0.65,2.0,0.002,4,24.435369105630887,97.74147642252356,219.91832195067803,390.9659056900942,5.536149667056017e-05,3.435130849030663e-05
2.378867769520764,0.0642557393201903,0.0158202553819389,198808412560.72275,7937.286488746934,0.032263058603237,9.936756584247432,10.580947055540593,0.65,2.0,0.002,4,6.344296773374694,25.377187093498776,57.098670960372246,101.5087483739951,0.001198760924923,0.0004314047412218
1.7489053763815454,0.0245903235045758,0.0106875411950727,201313275957.27676,7756.411585272354,0.0203733509356495,2.8833779917149585,7.16138629402161,0.65,2.0,0.002,4,8.071982560679944,32.287930242719774,72.64784304611949,129.1517209708791,0.0043622768558137,0.0022178833048607
2.227611895244161,0.072945385859233,0.0089787596700142,207251774591.65408,7660.95161274331,0.0127358913123117,9.0249495728411,1.7596512851234938,0.65,2.0,0.002,4,4.267507704257056,17.070030817028226,38.40756933831351,68.2801232681129,0.0045851387351047,0.0025185416948027
2.3651195868649992,0.0585635188808036,0.0147894207371195,204325156650.2321,7983.640735227814,0.0278754873212925,7.34995924360198,8.914468986129531,0.65,2.0,0.002,4,6.065053501545132,24.26021400618053,54.5854815139062,97.04085602472212,0.0015258685310408,0.0006207548331689
2.642383616381522,0.0686711473020934,0.0142429770944358,215518263307.8321,7719.7113488488285,0.036666776082348,4.104032649679736,6.255889147012793,0.65,2.0,0.002,4,4.887421584797448,19.54968633918979,43.98679426317703,78.19874535675916,0.0018823811742553,0.0008356027303393
2.074949449279451,0.0401096749597213,0.0167744129618099,205581465296.30783,7603.401892204244,0.0347023103497348,1.7846038798591652,13.816964359672584,0.65,2.0,0.002,4,9.1864887683547,36.745955073418806,82.67839891519232,146.98382029367522,0.0002029241573743,7.497582880134927e-05
2.129308452975754,0.0428966325172501,0.007815137255352,203425315360.08,7900.33231999114,0.0388898206067367,3.627265241360511,4.496343322601232,0.65,2.0,0.002,4,3.966144441231047,15.864577764924189,35.69529997107942,63.45831105969675,0.0124914164046664,0.0065807315903135
1.1063765817750415,0.0462362690791576,0.0152695736852212,185974573887.50363,7719.746287946147,0.0086026973277687,6.220243395113196,40.94650910138641,0.65,2.0,0.002,4,27.76358149167515,111.0543259667006,249.8722334250764,444.2173038668024,8.33879549858921e-05,2.987518367024713e-05
2.364579437319463,0.0644087725217602,0.0099831916817099,213061914459.58188,7629.478332855336,0.0054839172920011,1.3174106490573207,2.057189830022624,0.65,2.0,0.002,4,4.278547296563936,17.114189186255743,38.50692566907542,68.45675674502297,0.000764023357927,0.0004130867942642
1.3987276957767063,0.0682079872659357,0.0147840519834757,217713659638.644,7928.427341460585,0.0230999101721651,7.88344088922108,22.22165326461043,0.65,2.0,0.002,4,17.955838894978676,71.8233555799147,161.6025500548081,287.2934223196588,0.00031062490412,0.0001243266257406
2.782254257289617,0.0749966480738674,0.0161953589858991,188013447631.11435,7815.418908861406,0.0327197285955549,7.756397183725521,5.077790273958217,0.65,2.0,0.002,4,4.653122946060404,18.612491784241616,41.87810651454364,74.44996713696646,0.0074034281370272,0.0041836965325961
2.504609815852084,0.0305187891786883,0.0190113837077888,198189819605.14465,7947.484667132155,0.0381225614570456,2.9306204222432743,8.40510871175977,0.65,2.0,0.002,4,6.862599377844625,27.4503975113785,61.76339440060164,109.801590045514,0.0013147610674782,0.0005938561020534
2.9951600745258347,0.0620528606072395,0.0139281926062005,195694763716.87177,7966.119504114222,0.0273612468258657,1.4302324417993089,2.992788618855289,0.65,2.0,0.002,4,3.4893950118747568,13.957580047499029,31.404555106872813,55.83032018999611,0.0026987705176788,0.0014401293857018
1.6310734918056786,0.0277836864142943,0.0154219746687314,190953934574.4095,7737.94632125012,0.0090661494515638,5.029878831908789,6.329196507698223,0.65,2.0,0.002,4,13.057908754840977,52.2316350193639,117.5211787935688,208.9265400774556,0.0004463832939699,0.0002439324179612
1.1494398639500716,0.0443612468762057,0.0167822184675883,201285782460.43497,7899.938475245304,0.0213804401122246,9.208868050669963,9.862434576120007,0.65,2.0,0.002,4,29.073733827770702,116.2949353110828,261.6636044499363,465.1797412443312,7.852257953452687e-05,4.2623043055572754e-05
1.3888146977328095,0.0693270086691477,0.007479604047605,211938109496.47635,7834.85875027022,0.0180216492478651,3.2111647337344738,7.930378684458589,0.65,2.0,0.002,4,9.145515633011096,36.58206253204438,82.30964069709988,146.32825012817753,0.0017000938146494,0.0008263283947471
1.988127207323554,0.0380163147285516,0.0121584936496369,194386651746.66443,7689.766357069874,0.0070683462203063,3.586903686294729,10.382849300322205,0.65,2.0,0.002,4,7.012894997845213,28.05157999138085,63.116054980606926,112.2063199655234,0.0011506348916642,0.0005285078592736
2.651479170387659,0.0424439605748545,0.0130278996729241,210998797964.2585,7683.545112361648,0.0324665213337421,7.780003844224642,1.294004943041131,0.65,2.0,0.002,4,4.403382254041194,17.613529016164776,39.63044028637074,70.4541160646591,0.0036738357946239,0.0020906193179735
1.3147882952266396,0.0424446409375513,0.0143644567025723,186622004836.3947,7829.945677980692,0.0348415535479335,7.660228372584094,25.54864504509186,0.65,2.0,0.002,4,18.39538370370688,73.5815348148275,165.5584533333619,294.32613925931,0.0002997083680475,0.0001090451195851
2.054031833655431,0.0591725803890618,0.0157580817460637,194751576375.8513,7718.257768244637,0.0131964154955558,5.622373935621576,15.77914980313238,0.65,2.0,0.002,4,8.507444301456605,34.02977720582642,76.56699871310944,136.11910882330568,0.0003330557143246,0.0001316996663989
2.432199941317494,0.0414269357537971,0.0177780178361981,189639086410.5247,7815.35739603465,0.0132862647717132,5.003476102219835,3.1848177669292577,0.65,2.0,0.002,4,6.712797555607377,26.85119022242951,60.415178000466405,107.40476088971803,0.0009590303401577,0.0005292659023401
2.5225705226919146,0.0309852055107316,0.0155799706705838,193625343634.76016,7853.13903380899,0.0261720904973919,1.474692947243208,5.667972810266972,0.65,2.0,0.002,4,5.512755285806972,22.05102114322789,49.614797572262745,88.20408457291155,0.0050530098564027,0.0026969892499572
1.7888518591451894,0.0539279549765742,0.0065891353548644,189031007762.65063,7936.278468213504,0.0228448725272981,4.001432485211056,2.929002811688226,0.65,2.0,0.002,4,4.556873845002293,18.227495380009174,41.01186460502065,72.9099815200367,0.0050346471211499,0.0025163677393037
1.5358074791610408,0.0319364820792841,0.0115843005765623,215741312038.08936,7780.669532708178,0.0375220807698971,4.679009480729464,10.217963681203209,0.65,2.0,0.002,4,11.726912588830707,46.90765035532283,105.54221329947636,187.6306014212913,0.0018490689604092,0.000983167210057
1.3738190749597394,0.069752698810783,0.0136152424854722,185604729772.62372,7653.054495177836,0.0451176322070818,5.248300561241609,8.206256052179507,0.65,2.0,0.002,4,16.109151539046284,64.43660615618514,144.98236385141655,257.74642462474054,0.0001305532382001,7.679410215538109e-05
2.448208166672124,0.0287618974807967,0.0184216020391777,184036601241.61823,7945.396453504974,0.0274014242481304,4.343605334529238,7.3861309206500625,0.65,2.0,0.002,4,6.7074011564381655,26.829604625752665,60.36661040794348,107.31841850301063,0.0044787423595885,0.0022951433925547
2.9763528491143,0.0396151673115334,0.0063258535312624,189947615231.5146,7623.365751821848,0.0405513396123762,5.174273834156944,1.3036720287585597,0.65,2.0,0.002,4,1.6163041893448122,6.465216757379249,14.546737704103313,25.860867029517,0.1190402522041674,0.0664767483641029
2.8605864663791865,0.0561789875114242,0.0120240588591057,212460921455.0739,7918.868420878564,0.0093795367887931,3.139928363179341,3.5390607999258097,0.65,2.0,0.002,4,3.451263791958389,13.805055167833556,31.061374127625506,55.22022067133423,0.0239398555413994,0.0105158437158248
1.8747632394454383,0.0370167818576308,0.0050223944124251,199717799665.5523,7724.449367683001,0.0245355475932892,0.2161383382463055,3.041733831730871,0.65,2.0,0.002,4,3.29474518264675,13.178980730587,29.65270664382076,52.715922922348,0.0035024117368589,0.0019206766280446
2.982796097771242,0.0344846039774535,0.0089343674107822,183702357549.53333,7821.607800828284,0.0326011656383765,7.287019571698316,1.7738002819120346,0.65,2.0,0.002,4,2.206760882214055,8.82704352885622,19.860847939926494,35.30817411542488,0.0736947924917286,0.040669813320564
1.2732318487594618,0.0748212165286176,0.0159860936284071,182650794418.6096,7962.279980055775,0.0126709335508297,1.0675288165718324,10.960764033893806,0.65,2.0,0.002,4,21.416508970969865,85.66603588387946,192.7485807387288,342.66414353551784,1.245672836964164e-05,6.857945119850758e-06
2.8005561992308188,0.0635420582433521,0.0060293128566328,207673882451.4261,7852.651416868527,0.0390807244732963,8.299158739644424,2.676455949131304,0.65,2.0,0.002,4,1.7926325203906024,7.17053008156241,16.133692683515424,28.68212032624964,0.0422270943265703,0.0207142929757576
2.500831811842885,0.0361759158514981,0.0158305850148327,198479004386.84286,7761.50908929564,0.0211784390661276,1.5412515566626528,4.636041420538052,0.65,2.0,0.002,4,5.80418770984842,23.21675083939368,52.23768938863578,92.86700335757472,0.0012780678779841,0.000619504092581
2.8823609112377704,0.0674533637499427,0.0177030285110417,181384427017.3167,7764.780066847154,0.0319090219273769,6.62134295429916,8.456332928975863,0.65,2.0,0.002,4,4.669985401249354,18.679941604997417,42.02986861124419,74.71976641998967,0.0010302591001103,0.0003986659123348
1.9296408868812875,0.0675489863880979,0.0108955095899889,194043029100.83127,7936.313950054989,0.0067391014061824,1.952933370076528,6.179265337907284,0.65,2.0,0.002,4,6.560900005643337,26.243600022573347,59.04810005079003,104.9744000902934,0.0032601822774681,0.0018192692170561
1.8057301659332,0.0714340447859607,0.0151453233509534,203669744443.22223,7927.620059975904,0.0262863327691637,5.522389053211293,7.41314928917986,0.65,2.0,0.002,4,10.675640549705568,42.70256219882227,96.08076494735012,170.81024879528908,0.0004703676392377,0.0002284869292016
2.518902684520385,0.025395457406862,0.0155319160483325,219490175474.43503,7749.317013193507,0.0446706051372191,4.1406042095273135,11.510169403345405,0.65,2.0,0.002,4,5.907549087778077,23.630196351112307,53.16794179000269,94.52078540444924,0.00093747362604,0.0003527806805952
1.628153834659143,0.0522097040721288,0.0100972150406493,199069370215.1543,7705.726500932394,0.0108537390919803,0.464855972306832,4.246868315387181,0.65,2.0,0.002,4,8.77880520935178,35.11522083740712,79.00924688416603,140.4608833496285,7.36484317884103e-05,4.103714962457198e-05
1.289575255521772,0.0551230110646739,0.0068970163958783,208176741314.47385,7714.218200659146,0.0188913374426025,6.439814619639048,18.4651321109918,0.65,2.0,0.002,4,9.769386090258132,39.07754436103253,87.9244748123232,156.31017744413012,0.0006583817017408,0.0002412976598807
2.0732475805568047,0.0446915203322998,0.0059612783529714,187208534058.84277,7902.581840513002,0.015540294484942,6.314494261562228,3.597586862079993,0.65,2.0,0.002,4,3.060868279811674,12.243473119246696,27.547814518305067,48.973892476986784,0.0455311457217288,0.0221901904742216
1.669415637582025,0.036507024598018,0.0167217246217779,189973474058.1598,7928.336550725785,0.0129710097374017,3.658787876437521,12.278282733898244,0.65,2.0,0.002,4,13.317932527302965,53.27173010921186,119.86139274572666,213.08692043684744,0.0012522599369229,0.0006143723408461
1.5568341970029262,0.0603543644945185,0.0105133595724308,196734801901.86417,7822.360965268304,0.0363041062161031,9.457433082903806,6.749219306091065,0.65,2.0,0.002,4,9.864105686221723,39.4564227448869,88.77695117599552,157.8256909795476,0.0015023128285256,0.0007617514522815
2.5211171603519107,0.0340574405873166,0.0160179441662406,196252765055.63788,7623.7562441892815,0.0227666105383237,1.3994124955804526,10.069036688775576,0.65,2.0,0.002,4,5.797935285994522,23.19174114397809,52.181417573950704,92.76696457591235,0.0003629895919183,0.0001379706367406
1.4924331870654275,0.0326629650747241,0.0060392540613301,198281574125.2423,7616.62665257066,0.0122407030876805,0.1522241645266514,3.227050822879729,0.65,2.0,0.002,4,6.273105671168677,25.09242268467471,56.4579510405181,100.36969073869884,0.0001334446499715,7.513023508518048e-05
2.468653860358957,0.0300270167964716,0.0144724168568826,192267767917.2061,7752.76658992388,0.0373679088067154,0.8083256808783957,4.3812874936941615,0.65,2.0,0.002,4,5.3625926039585705,21.45037041583428,48.26333343562714,85.80148166333713,0.0010102862703525,0.000526835357834
1.0516097211636632,0.071319783430591,0.0105138109377545,193718635318.9984,7647.448244726554,0.0347189926198508,3.652054378735392,36.48179174573212,0.65,2.0,0.002,4,21.697398236729477,86.78959294691789,195.27658413056528,347.1583717876716,5.165000487263815e-05,1.610778572738367e-05
2.706806146536332,0.0340363691519204,0.0058745411253359,191255355680.87985,7717.437503106674,0.0347862431627102,5.614618308178655,2.9158098558517667,0.65,2.0,0.002,4,1.8099189894116303,7.239675957646522,16.289270904704672,28.95870383058609,0.0470015256187541,0.0209416166791363
2.475714362720816,0.030260208994169,0.0113856878562037,199481819735.16623,7673.788633671642,0.0092549907798528,3.545328845243599,8.220573989760727,0.65,2.0,0.002,4,4.294713516891224,17.178854067564895,38.65242165202101,68.71541627025958,0.002093950875692,0.0010151260995523
1.7212623512587848,0.0432580203614991,0.0117884376381286,212361569666.7777,7775.713888694464,0.0268810680203318,2.3009431487257443,18.659913272192835,0.65,2.0,0.002,4,9.428860109639484,37.715440438557934,84.85974098675536,150.86176175423174,0.0001583796063979,5.7829413902639374e-05
2.539244903823678,0.0591396621886386,0.0158449946551539,197019692807.9588,7719.332439626187,0.0274993997610565,8.270054366150106,10.89229064218443,0.65,2.0,0.002,4,5.62959456204907,22.51837824819628,50.66635105844164,90.07351299278513,0.0009345965711075,0.0003728277301563
2.7867684081938284,0.0590734163996024,0.0139745114313311,184361928446.86325,7774.4884904318515,0.0325239973091663,0.9105057975794504,1.5918753678406912,0.65,2.0,0.002,4,3.973414193367738,15.893656773470951,35.76072774030964,63.574627093883805,0.0004029897340452,0.0002206694691052
1.931502763430148,0.0205600743932014,0.0162028643470454,192093724485.6913,7824.597413308074,0.0126185126908752,8.212055120629852,16.30631430224764,0.65,2.0,0.002,4,9.757891169210325,39.0315646768413,87.82102052289292,156.1262587073652,0.001365515478586,0.000510914119498
2.6484778922002525,0.0530498999018159,0.0142781035475479,182356613573.43213,7680.620678869757,0.0297933986981098,0.6821304724526267,6.901858875829589,0.65,2.0,0.002,4,4.497484525716507,17.989938102866027,40.47736073144856,71.95975241146411,0.0002769651705482,0.0001128036449213
2.3556778607187425,0.0272090170019382,0.0133868949088049,205388866888.03265,7961.339408670261,0.0480782020253002,2.4267693152768977,3.216634408177174,0.65,2.0,0.002,4,5.556133692525313,22.22453477010125,50.00520323272782,88.898139080405,0.0016169515998015,0.0008471053339623
1.0790249380106165,0.079242945358861,0.0118363997327332,201347360203.9849,7701.961958552821,0.0053459258864215,7.532169435541014,35.41983117525729,0.65,2.0,0.002,4,23.569924905435613,94.27969962174244,212.1293241489205,377.1187984869698,0.0001005762451119,3.9385274056170176e-05
1.0971174249978517,0.0591836304866869,0.015091089033156,182299869802.9565,7734.207976519505,0.0456277265121655,8.285478697740563,34.048431467966616,0.65,2.0,0.002,4,27.60125731322177,110.40502925288708,248.41131581899597,441.6201170115484,0.0001434107577264,6.121021624618942e-05
1.6468793346298969,0.0393829725405928,0.0164490341945877,193920620044.94916,7870.69482703306,0.0250649400655368,6.117266203527824,23.099913226626967,0.65,2.0,0.002,4,13.650594197121224,54.6023767884849,122.855347774091,218.4095071539396,0.0002485337417366,8.100727488543237e-05
1.981253278278296,0.0348414655685469,0.0066363290862559,198061361505.43765,7659.138928350801,0.0088696945684173,9.605808287545784,4.11952871873834,0.65,2.0,0.002,4,3.8984061012328426,15.59362440493137,35.08565491109559,62.37449761972548,0.1439513420263694,0.0729837192902488
2.1057836718038265,0.0397444556437059,0.0137495258863203,190742804245.72165,7696.4041199338435,0.0422776860831911,4.060669302067947,4.851943200831344,0.65,2.0,0.002,4,6.999541925706543,27.998167702826173,62.99587733135889,111.99267081130468,0.0015350093084283,0.0007836655363809
1.1104044664161423,0.0685861507428772,0.0169422313797174,185655737123.11063,7807.352258910788,0.0093481470936024,6.362455075881273,9.518404286324513,0.65,2.0,0.002,4,30.38363725351681,121.53454901406722,273.45273528165126,486.1381960562689,3.123258752736863e-05,1.7198147843235684e-05
1.500025345135194,0.0756167067474203,0.0056266957321412,192063999547.65567,7690.657724718387,0.0108607517354647,9.251082691811774,2.417467916297215,0.65,2.0,0.002,4,5.666654486629336,22.666617946517345,50.99989037966403,90.66647178606938,0.0041439403214165,0.0023018751167297
2.8228447980011357,0.0201568614209132,0.0145642619936901,187138776393.36252,7718.0770617834,0.0183875089881015,4.882983432407364,0.8960300082447548,0.65,2.0,0.002,4,4.081042074959433,16.324168299837734,36.72937867463491,65.29667319935093,0.0044133104808059,0.0028127243705811
2.877068865867177,0.0690833415672486,0.0103728135911029,198596770021.85037,7982.9332274781555,0.0452841977657262,1.9927368225796835,1.9662159266708747,0.65,2.0,0.002,4,2.834197787799253,11.33679115119701,25.507780090193272,45.34716460478804,0.0033491579321626,0.0018138572965839
2.21242668546961,0.0584473760459904,0.0079420801895876,194773683758.72696,7760.2826551049375,0.0153807440404356,2.416439738201365,4.770255946935183,0.65,2.0,0.002,4,3.685972702205229,14.743890808820916,33.17375431984706,58.97556323528367,0.0043923325808106,0.0019909642092321
2.0729272179390694,0.074224803429679,0.0159011361098202,194044802838.96024,7797.425472619582,0.0225436342192381,8.302885354183184,4.50075521970152,0.65,2.0,0.002,4,8.37075618867206,33.48302475468824,75.33680569804854,133.93209901875295,0.0007143740086571,0.0003784043425428
2.420058226801644,0.0213978297924541,0.0139292495209588,200682624474.53864,7737.58288605685,0.0200648889334483,8.009577456191275,4.874971723667117,0.65,2.0,0.002,4,5.492341977404264,21.969367909617056,49.431077796638384,87.87747163846822,0.023284676978515,0.0117230741644882
2.4474983833076296,0.0789438056328405,0.0154191602528479,183694509347.96423,7631.025191002957,0.0417141137034472,3.670965477670404,10.672847858569742,0.65,2.0,0.002,4,5.7266651929142895,22.90666077165716,51.539986736228606,91.62664308662865,0.0003387945192765,0.0001243468621215
1.3669308815703778,0.0516809168247297,0.0098078655944588,205493377439.0816,7685.096163936639,0.0407934380008351,5.778480277027758,23.66927196007625,0.65,2.0,0.002,4,12.307926989983816,49.231707959935264,110.77134290985434,196.92683183974103,0.000248980019765,8.387218305243118e-05
1.3250525060431615,0.0777427930181551,0.0117041647308931,194091169185.07004,7611.678642037033,0.0429464463400504,6.295755761533204,14.493541908794043,0.65,2.0,0.002,4,15.26392311821952,61.055692472878086,137.3753080639757,244.22276989151237,0.000951977057359,0.0006055665222971
2.3324343306107598,0.0719412221212712,0.0071214693203879,194644226488.658,7619.466981936334,0.0063334348689376,9.897619117050263,3.264875627850371,0.65,2.0,0.002,4,3.00011898290723,12.00047593162892,27.001070846165074,48.00190372651568,0.0819801293306317,0.0431947957312466
2.253649965568417,0.0648361880115241,0.0184203183030172,190903459896.63568,7644.289703440222,0.0480220996785183,1.6287885714192103,4.567838874077456,0.65,2.0,0.002,4,8.218485436304732,32.87394174521893,73.96636892674259,131.49576698087571,0.0001469275336099,7.807269455392076e-05
2.036152264674295,0.0374224509324142,0.0128645176368201,184497848224.48672,7892.481093022586,0.0328251899506959,6.047016932503258,6.722034735725016,0.65,2.0,0.002,4,6.802853758017013,27.211415032068054,61.22568382215312,108.8456601282722,0.0138056548332306,0.0074993574425041
2.7186117165159533,0.0790296775463299,0.0103337259857408,207925231443.92667,7946.218885731503,0.0062121551366957,9.089842316912229,3.5624817277944927,0.65,2.0,0.002,4,3.243136004681895,12.97254401872758,29.188224042137065,51.89017607491032,0.0351765111437118,0.0193727903853981
1.051737215948473,0.0645197045802632,0.0137650794482273,185503190574.25592,7704.523190726373,0.0324965590860206,5.2283668463129125,41.592213214386085,0.65,2.0,0.002,4,27.68830059989514,110.75320239958056,249.19470539905623,443.01280959832224,4.891924700877387e-05,1.685661675924715e-05
1.946978802113908,0.0360185397855136,0.0099735349601382,200826896098.8615,7775.564584122018,0.0059725435946148,8.280290049524142,10.993098261230172,0.65,2.0,0.002,4,6.06318603265567,24.25274413062268,54.56867429390103,97.01097652249072,0.0027156711822003,0.0012787580796255
1.4192567635518665,0.0618110173054354,0.0114525632661835,187880343122.94257,7696.017805980417,0.0287300217291149,3.848425950216233,14.32699539827516,0.65,2.0,0.002,4,12.738481153472208,50.95392461388883,114.64633038124984,203.8156984555553,0.0007174231723818,0.0003422528826736
2.935054333716547,0.0237224044974483,0.0108553433715255,191188605107.98257,7959.101572505882,0.0440462733561359,9.021059636029516,0.7751499254675197,0.65,2.0,0.002,4,2.8005253458627988,11.202101383451197,25.20472811276519,44.80840553380478,0.0208662284410648,0.0122863678117408
2.50606353373786,0.0621997053472381,0.0077892832403026,192096592607.3329,7874.102025662737,0.0272464383389597,8.945403877344932,4.741377183438014,0.65,2.0,0.002,4,2.77780597744213,11.11122390976852,25.00025379697917,44.44489563907408,0.0114015289817014,0.0049166090116527
2.5784346206281303,0.0746696064493307,0.0107576674937242,199349211272.31964,7723.953076969041,0.0219460709250259,2.354322555578559,0.9462033014065068,0.65,2.0,0.002,4,3.7275422140232135,14.910168856092854,33.54787992620892,59.640675424371416,0.0009833007025004,0.0006133851380045
1.2364948701029497,0.0319272207161144,0.0165975124896503,213898977669.1216,7946.878537714332,0.0094612669363162,3.8798427946358456,34.82149200974736,0.65,2.0,0.002,4,25.53840013024229,102.15360052096916,229.8456011721806,408.6144020838767,0.0001058514613914,3.814959282552843e-05
1.2691174337984763,0.0677657789653745,0.0137568487016319,199277284592.7541,7621.866718333233,0.0274898451162525,5.679337360576279,13.430790648648738,0.65,2.0,0.002,4,19.80353946538304,79.21415786153216,178.23185518844738,316.85663144612863,0.0001571922265564,7.776542382814958e-05
1.4351972711817829,0.0436452600668207,0.0064536089496495,180882531506.62115,7966.34459209725,0.0353832822825536,7.818496404661146,8.93556790633865,0.65,2.0,0.002,4,6.769825429580876,27.079301718323503,60.92842886622788,108.317206873294,0.0056154603404814,0.0023383293672471
1.433016705813806,0.0290049520516296,0.0153855341967109,196850740300.696,7933.669893278134,0.0162672929650722,6.271921365609231,9.886187490037358,0.65,2.0,0.002,4,16.92274421731118,67.69097686924472,152.30469795580063,270.7639074769789,0.0004056027881957,0.0001952726397678
2.3507449848137068,0.0389717100893039,0.0162285546504222,219009470187.1985,7766.595636420804,0.0063498152535622,8.504026610621056,4.909354983317384,0.65,2.0,0.002,4,7.071542567193731,28.286170268774924,63.64388310474359,113.1446810750997,0.0031327021549897,0.0015266886625004
1.733162126998101,0.0512865926094796,0.011933418952155,193075934075.0796,7722.192244948468,0.0162883801244804,3.713967744159109,4.232627398480674,0.65,2.0,0.002,4,9.00760905847866,36.03043623391464,81.06848152630795,144.12174493565857,0.0004761548076668,0.0002600405998303
2.811911084230962,0.0665736683313543,0.0067350063901786,209618600810.1944,7752.827378823025,0.0455578162596978,5.77067635889774,2.385552514562165,0.65,2.0,0.002,4,2.008394162955817,8.033576651823267,18.07554746660235,32.13430660729307,0.0442398377012186,0.0249805216890763
1.1916834001075625,0.0339964788471764,0.0071691907903545,193593517361.2409,7737.677210343128,0.0218272848506218,4.711666426167069,11.28315594766047,0.65,2.0,0.002,4,11.450322365788274,45.8012894631531,103.05290129209446,183.2051578526124,0.0107658220060984,0.0062157839953803
1.1955464779760754,0.0474862569709827,0.0169565937617199,190631710034.73724,7667.675587350412,0.0221802752217736,3.4004617410039293,14.319264455975691,0.65,2.0,0.002,4,26.82258608235873,107.29034432943492,241.40327474122856,429.16137731773966,4.169947387455182e-05,2.189879125471809e-05
2.069103898709047,0.0213082866668311,0.0125562585069964,201813458365.02,7894.178134311332,0.0342268155593146,3.6481276696274354,1.414223458560434,0.65,2.0,0.002,4,6.724291091308436,26.897164365233746,60.51861982177593,107.58865746093498,0.0011982318096925,0.0008234636760883
1.5995254162963737,0.0235176168197696,0.0164732869009465,187138149592.38315,7740.4447498963,0.0317595317494005,0.7793022873338085,8.089175292345084,0.65,2.0,0.002,4,14.355735017858896,57.42294007143558,129.20161516073006,229.69176028574236,7.481450254250931e-05,3.787792267976334e-05
1.2843973747937938,0.0798865563100743,0.0073986991489039,187609569473.2776,7877.914634162969,0.0391773481162201,5.317906924115014,19.539355579748094,0.65,2.0,0.002,4,9.924477736755447,39.69791094702179,89.32029963079903,158.79164378808716,0.0002786256053913,9.67094408912293e-05
1.1339725023370526,0.0607204354253949,0.0143081379320186,215279608218.6715,7673.594803388823,0.0407420467555538,8.662165648775945,52.31776048030277,0.65,2.0,0.002,4,26.72448475889009,106.89793903556036,240.52036283001084,427.5917561422414,4.3616997168490335e-05,1.393168890009082e-05
1.0589636376903564,0.0454974032712663,0.0053855774173356,217022404164.271,7953.181586879798,0.0145237201853405,0.7514632452171043,7.407274366498877,0.65,2.0,0.002,4,11.375782180550566,45.50312872220226,102.3820396249551,182.01251488880905,0.0002279275067343,0.0001103200195544
2.1045062406880195,0.0327044661665675,0.0172917613331695,199944001535.68503,7613.551118057023,0.0357356730402049,9.50991307104679,15.354999700606692,0.65,2.0,0.002,4,9.072534043726252,36.29013617490501,81.65280639353627,145.16054469962003,0.0010020609109402,0.0003393774334686
1.9808950671750012,0.0207673558413791,0.0199921642104319,193284577646.62515,7792.0888592244755,0.0403150175622683,7.156505601574832,20.70460772221964,0.65,2.0,0.002,4,11.50635519607554,46.02542078430216,103.55719676467989,184.10168313720865,0.0005218757737589,0.000171361789421
1.7907820120096425,0.0379282117066943,0.0187996159990618,199466885684.2738,7845.730100594111,0.0363132836886632,8.726971607496187,5.810804370620855,0.65,2.0,0.002,4,13.403292869821575,53.6131714792863,120.6296358283942,214.4526859171452,0.0003976470919977,0.0002177418452169
2.0552371102814027,0.0763217255839703,0.0081434851422771,183092390536.97653,7772.650288150346,0.0311998364395439,6.83189491116173,7.076193723556863,0.65,2.0,0.002,4,4.2429340321535935,16.971736128614374,38.18640628938235,67.8869445144575,0.0030894913972089,0.0012044042868977
1.015847066746295,0.068988585048467,0.0176698425388942,211340203933.96103,7721.373867558723,0.0334567344869753,3.715629543164936,36.58697133023154,0.65,2.0,0.002,4,40.62085328107312,162.4834131242925,365.58767952965815,649.93365249717,4.5840644782813325e-05,2.465678670120597e-05
1.930028263978546,0.0440270747147167,0.012978291370191,187489557784.61365,7995.441559407831,0.0418238540916738,7.441984864042001,7.98528099863366,0.65,2.0,0.002,4,7.650445960515977,30.60178384206391,68.8540136446438,122.40713536825564,0.0069574428961159,0.0042950445061325
2.1292333480397456,0.0493867308348429,0.0194317635297974,184656415766.037,7912.026370272789,0.0107165685886397,7.354991653068926,11.05647832498204,0.65,2.0,0.002,4,9.3893016007271,37.5572064029084,84.50371440654389,150.2288256116336,0.0016109850242601,0.0006977501050647
1.768257388511526,0.065342799339948,0.0123250552580096,212391574989.8693,7895.843528664988,0.0393858936374766,4.350381730583841,17.892929609292807,0.65,2.0,0.002,4,9.270358775725132,37.08143510290053,83.43322898152618,148.3257404116021,0.0002012174507467,7.037492983694358e-05
1.9429694465340213,0.025013849381411,0.0052676352088296,209010314953.9069,7668.602695220125,0.0134515566052276,4.295691504142643,2.2307007880877414,0.65,2.0,0.002,4,3.3032294672821707,13.212917869128685,29.729065205539538,52.85167147651473,0.0314441091491566,0.0161679564418304
2.4216457499354407,0.025115953205596,0.0060759224165376,191030770062.149,7640.64102330642,0.0348337321136002,7.189583683495066,3.172912508411003,0.65,2.0,0.002,4,2.3491297961159767,9.396519184463909,21.142168165043792,37.58607673785563,0.0773704805548795,0.0371699555525604
1.033874857121626,0.0340475185408804,0.0146947408378816,188965791366.37485,7985.061940688775,0.0123255921492269,7.507339006544956,60.5593997484242,0.65,2.0,0.002,4,30.325480305231125,121.3019212209245,272.9293227470801,485.207684883698,4.943340302761423e-05,1.6600533935866353e-05
1.369935113961802,0.0206702986194234,0.0173972011370492,181504692029.16855,7853.029206290998,0.0312038297703011,5.161278579482553,17.688170168791615,0.65,2.0,0.002,4,20.20849472241488,80.8339788896595,181.8764525017339,323.335915558638,0.000754296811885,0.0003851802964909
1.8639149761972529,0.0464959552883655,0.0072960440306631,192182172184.57135,7925.874453176018,0.0403789538481468,4.411438109536177,8.48074020660904,0.65,2.0,0.002,4,4.689185993792407,18.756743975169627,42.20267394413166,75.02697590067851,0.0023028337532347,0.0008660400487026
2.689543280392951,0.021922434427622,0.0165643234850783,210883702821.01996,7739.990786402069,0.0234432054502986,7.480351001244102,10.708775860974594,0.65,2.0,0.002,4,5.419973584878879,21.67989433951552,48.77976226390992,86.71957735806207,0.0022158341615956,0.0009374807254119
1.855424193053828,0.0591021141099751,0.0119095900466324,189518863828.55005,7785.739700671775,0.0432385036470286,2.1477062712515083,6.663058365716973,0.65,2.0,0.002,4,7.739553707102618,30.958214828410476,69.65598336392357,123.83285931364188,0.0009341523277104,0.0005050938659856
2.7779665721613647,0.0757522876897073,0.0122298309035609,180825614139.26117,7832.348464089379,0.0192168433248314,1.9066072106535987,1.740640487338119,0.65,2.0,0.002,4,3.452865401420238,13.811461605680952,31.075788612782148,55.24584642272381,0.0010694738865666,0.0006351061881701
1.990839227192534,0.020157755603571,0.0079038013851251,205269364633.30423,7949.744602081251,0.007206273436371,5.629672642525867,6.185664474266773,0.65,2.0,0.002,4,4.594924441095681,18.379697764382723,41.35431996986113,73.51879105753089,0.0166376871494169,0.0077085259117384
1.6863269956865468,0.0270272482406956,0.0101420761455335,186784540077.472,7815.591933656804,0.0227212471070975,8.373941707645004,7.027812318492232,0.65,2.0,0.002,4,7.90609560085429,31.62438240341716,71.1548604076886,126.49752961366865,0.0124164190281735,0.006376117451358
2.034484340338148,0.0775609434933859,0.0113631534626332,197013820475.78952,7784.45068888992,0.017604659801952,1.7016577691321502,7.77857080335386,0.65,2.0,0.002,4,6.262587166701513,25.05034866680605,56.36328450031362,100.2013946672242,0.0006593043082463,0.0002897119984254
2.8276621789854213,0.0755269320622314,0.0094732368405566,213613655120.54236,7814.494214008839,0.0420256331756693,5.528811939562011,1.2994202151371366,0.65,2.0,0.002,4,2.808902546583804,11.235610186335212,25.28012291925423,44.94244074534085,0.0057986279641218,0.0032934979689559
2.2612366072602583,0.0727947411556379,0.0143384173698211,211171129188.78995,7878.61571396189,0.0258166591088299,6.917872520409457,9.180209628744144,0.65,2.0,0.002,4,6.583104797256469,26.33241918902588,59.24794317530822,105.32967675610352,0.0012592508218299,0.0004996134947161
1.315665133797968,0.0371549177634273,0.0106679243981871,212976719597.2636,7872.889134705387,0.0340220419701237,6.75415971263863,16.072365417306482,0.65,2.0,0.002,4,14.535080813188058,58.14032325275223,130.81572731869255,232.56129301100893,0.0017960703091398,0.0009148726345668
1.5848120892487645,0.0219666598455552,0.0137949834042698,197204050623.2518,7689.720478780243,0.0222896355974229,9.41532786039845,21.78312036885811,0.65,2.0,0.002,4,12.612393857937011,50.449575431748045,113.51154472143313,201.79830172699215,0.0009365826259218,0.0003100388255592
2.949001785084578,0.0322407887932424,0.0143460725534305,196803342612.1117,7753.580725390871,0.0469059497815758,1.577354511558539,7.5172699397561376,0.65,2.0,0.002,4,3.7685760590968607,15.074304236387444,33.91718453187175,60.29721694554977,0.0007257447596035,0.0002893334635734
2.715652590409463,0.0493973869803563,0.0179507335410654,188558836954.76144,7968.467860493944,0.0305080682458121,3.954699499440812,6.694983998312742,0.65,2.0,0.002,4,5.369069999078837,21.47627999631535,48.321629991709536,85.9051199852614,0.0018494355558601,0.0008272977583993
1.2364834607773407,0.0456076691354754,0.0128054865465078,183196734316.6428,7785.0451046927,0.0343251744332059,6.179473523972905,5.487261513044681,0.65,2.0,0.002,4,18.423706746090826,73.69482698436329,165.8133607148174,294.77930793745315,0.0001565758333505,8.949916220090302e-05
2.5660256709136853,0.0696873673002512,0.0121442681462552,200351725550.93924,7887.202342835112,0.0168504061431031,8.55944839001869,1.000746693577352,0.65,2.0,0.002,4,4.215156081455362,16.860624325821448,37.93640473309826,67.44249730328579,0.0025515377520716,0.001571139909565
2.865531392965702,0.0247524384169387,0.0193373246472542,209084903668.9321,7690.897830535432,0.0131407583185627,8.387299050783847,1.5136950937962192,0.65,2.0,0.002,4,5.567857589268997,22.27143035707599,50.11071830342098,89.08572142830396,0.0027859692700704,0.0016300071315236
1.073084398159133,0.0526498104589489,0.0059505197007609,217544246649.164,7946.773533940909,0.0146384431896876,7.023749930634249,14.987222281468792,0.65,2.0,0.002,4,12.260121463901902,49.040485855607606,110.34109317511712,196.16194342243045,0.002167653464913,0.0008845069634844
1.854847899761588,0.0402168638942971,0.0072637963299408,208552368568.106,7949.21236555345,0.0457516692159244,8.819949086574018,4.968458311647912,0.65,2.0,0.002,4,4.903676603113208,19.614706412452836,44.13308942801888,78.45882564981133,0.0451074330547602,0.0245157896956146
1.9935434949642317,0.0211222823132757,0.0075041047830259,193463771690.109,7840.551450240013,0.0406561438376005,9.603545767478876,5.442448594857916,0.65,2.0,0.002,4,4.253076880767022,17.01230752306809,38.2776919269032,68.04923009227235,0.03462941143286,0.0155999737353239
2.757938786968242,0.0679619725997287,0.0096944072095291,187802615174.8647,7729.025559738402,0.036317524597411,4.862543263808155,0.7946207599529451,0.65,2.0,0.002,4,2.8488508513363637,11.395403405345451,25.639657662027272,45.58161362138181,0.0044263132857596,0.0025638936913895
2.703621310911512,0.0297221983009304,0.0172119698355738,182459025773.7621,7792.849779937082,0.0280159484400886,2.056099732980209,1.8672596262241172,0.65,2.0,0.002,4,5.166573734049182,20.666294936196728,46.49916360644264,82.66517974478691,0.0008365620771338,0.0004579026413454
1.80391184080392,0.024252390027893,0.0073954756877417,204268161721.58777,7970.869556966977,0.0061583246857032,5.485948450915737,3.4103405733448326,0.65,2.0,0.002,4,5.216896713509938,20.867586854039757,46.95207042158945,83.47034741615902,0.0111128270719402,0.0057756679063318
2.54924655933404,0.0255706607080343,0.0083272057546155,212756368428.58505,7877.03086238231,0.0091675963177872,0.8315507620980063,2.8134452070495946,0.65,2.0,0.002,4,3.0197074944894102,12.07882997795764,27.17736745040469,48.31531991183056,0.018463731561217,0.0089951963407405
1.8839542761708148,0.0483222573518683,0.010611360698881,203455389852.02,7965.936939481053,0.019714510143513,5.834672882947599,12.191504749952756,0.65,2.0,0.002,4,6.851344140603985,27.40537656241594,61.66209726543587,109.62150624966375,0.001041638461154,0.0003949253671953
1.129096007319051,0.0271333462978963,0.014922601679943,201247505982.1359,7933.36480329143,0.0142313975246453,1.291388647006194,22.76703187822468,0.65,2.0,0.002,4,26.73305539945443,106.93222159781772,240.5974985950899,427.72888639127086,9.56709841356273e-05,4.288323075153503e-05
1.8421755653179703,0.0419480524759182,0.0151494202835025,210212269946.9625,7674.344630929835,0.0158470341433917,1.54789991482008,16.625031391109225,0.65,2.0,0.002,4,10.594284103153027,42.37713641261211,95.34855692837723,169.50854565044844,0.0001337629170126,4.9267189752925776e-05
2.104665500481399,0.0445701402118633,0.0132900734689612,197293416910.70236,7930.685967840875,0.0459072958909227,9.32789157217208,8.249538585098948,0.65,2.0,0.002,4,6.785649010262943,27.14259604105177,61.070841092366486,108.57038416420708,0.0041390413057175,0.0019281049735807
2.9228196554406924,0.0207894369676778,0.0170772309522035,207665029671.89447,7962.1013895995775,0.0284815630165847,6.841547227423248,1.337682993395777,0.65,2.0,0.002,4,4.6292485565274575,18.51699422610983,41.66323700874712,74.06797690443932,0.004369606417105,0.0024998608888701
1.870829957850792,0.0244850466598571,0.0084472119435453,214413798919.88895,7878.469654791261,0.0275457250028644,2.530407119294605,6.019056986563895,0.65,2.0,0.002,4,5.709255067045639,22.83702026818256,51.38329560341075,91.34808107273022,0.0136762397921101,0.0080230041291485
1.7599143115944158,0.0743513389667856,0.0064083146396953,204581768985.4194,7761.505852930773,0.0341354683584496,4.947120091383296,8.564443164167741,0.65,2.0,0.002,4,4.816710061471547,19.266840245886183,43.35039055324391,77.06736098354475,0.001900257004346,0.0007151973568569
2.2681050234108007,0.0648510377625045,0.0172010860040958,192313472793.57184,7943.093694514013,0.0186233994929408,3.1182943342722607,12.315849131390348,0.65,2.0,0.002,4,7.460515085793029,29.842060343172115,67.14463577213726,119.36824137268846,0.0002643209660954,9.881655971628188e-05
2.818936791858981,0.0728257565469582,0.0173452532430998,219688657712.03748,7834.560782215173,0.0483164432831707,9.493557901764133,4.003430220533934,0.65,2.0,0.002,4,5.241260116498102,20.96504046599241,47.17134104848292,83.86016186396964,0.0032888336930251,0.0017320404417783
1.3412624179160242,0.058330833887006,0.0187327777213139,189177147839.05167,7684.914001935659,0.0055127115998003,0.2451972937019412,21.410689117820095,0.65,2.0,0.002,4,23.42711195568829,93.70844782275314,210.8440076011946,374.8337912910126,1.618584221079187e-05,7.295014589328594e-06
1.9589274579252145,0.0630183456370066,0.0134286363794738,192225549604.0953,7713.933939116823,0.0386680820717344,5.367741618989972,6.708435217706676,0.65,2.0,0.002,4,7.921219697475097,31.684878789900388,71.29097727727587,126.73951515960157,0.001798669715525,0.000947038862569
1.6776526350439604,0.07304183307156,0.0134835003267975,214117117240.7761,7868.045499433697,0.0179832246667217,9.75268508902426,13.913975720792742,0.65,2.0,0.002,4,11.332352624710367,45.32941049884148,101.99117362239332,181.3176419953659,0.0010769604143336,0.0004432290990163
2.4341322282793287,0.0630921759442545,0.0145374297500939,214093120452.8045,7756.805300262897,0.043213502793339,1.915810122813431,3.272802791472108,0.65,2.0,0.002,4,5.845053098974735,23.38021239589894,52.60547789077261,93.52084958359576,0.0004494389497226,0.0002369137720589
2.215178899927091,0.0775377301790981,0.0174804388147914,212569717238.734,7735.80094796065,0.020068852705909,2.988205802145204,6.97777305397025,0.65,2.0,0.002,4,8.46763300229488,33.87053200917952,76.20869702065391,135.48212803671808,0.0005590611834886,0.0002683977840729
1.5516263602000735,0.0353152243321505,0.0109683426112264,212179326697.5052,7652.261625263383,0.0192222968537292,6.625168644773587,2.831381552330933,0.65,2.0,0.002,4,10.878088609427415,43.51235443770967,97.90279748484676,174.04941775083867,0.000692738263235,0.0004112827106939
2.719190661803696,0.049865108551896,0.0112444883817794,189910035619.65536,7652.545959022151,0.0181515682865837,4.1210200806892265,5.412827519193655,0.65,2.0,0.002,4,3.435267954574435,13.74107181829774,30.91741159116992,54.96428727319096,0.0037982245282824,0.0016785564794565
1.7158068984944528,0.0269776906481425,0.0069883986224271,197427677036.15063,7921.979993919474,0.0253780812090879,6.1526935088023125,4.537592403136342,0.65,2.0,0.002,4,5.373499977292278,21.493999909169112,48.36149979563051,85.97599963667645,0.0212131698945402,0.0108741952063577
2.947996094004303,0.0679302203784305,0.0093499570230228,181814029446.35907,7770.247066097487,0.0183828320496191,6.58638152492032,2.0481113053333715,0.65,2.0,0.002,4,2.3598333970064407,9.439333588025764,21.23850057305797,37.75733435210305,0.0432120882574101,0.0239594269823316
1.4065701266957285,0.0250031726219981,0.0156867347058864,188897648771.46347,7798.155108050237,0.045041671025116,6.743953233972028,8.929416699249964,0.65,2.0,0.002,4,17.69523637793905,70.7809455117562,159.25712740145147,283.1237820470248,0.0003302376326794,0.0001929569655507
1.8935331311933776,0.0536926903074933,0.0113482118744418,188479550381.24927,7687.0121630725425,0.0279459057550838,0.2415636644101928,7.036330230344521,0.65,2.0,0.002,4,7.1066382205857535,28.42655288234301,63.95974398527178,113.70621152937206,0.0004718122600887,0.000251691876217
2.426925802183405,0.0252940649736786,0.0100667749363188,187584546695.611,7865.306019141198,0.0319163344506059,9.826295845473048,3.806992949927081,0.65,2.0,0.002,4,3.784838319209413,15.139353276837651,34.06354487288471,60.55741310735061,0.119217311887113,0.0587105477569905
2.0220360946693106,0.0609543073561267,0.0108865442811201,201494399229.03693,7903.944125764892,0.0160766153812924,2.0400821928112265,10.059412210342302,0.65,2.0,0.002,4,6.09608548701851,24.38434194807404,54.8647693831666,97.53736779229617,0.0004410950455289,0.0001753251299783
2.826501217253736,0.0582386109506975,0.0123995796903463,199389170186.68655,7672.544819137964,0.0205662817604594,7.298524286639776,4.21090541484176,0.65,2.0,0.002,4,3.58772321164305,14.3508928465722,32.28950890478745,57.4035713862888,0.0140610848223886,0.0066399916960201
2.6709356884527606,0.0778623225958415,0.0094210498167334,211387542110.8173,7925.37032154309,0.0270843518540695,0.9686983853651372,4.995033324016453,0.65,2.0,0.002,4,3.092655921309024,12.370623685236096,27.833903291781212,49.48249474094438,0.000749091539804,0.0003212967569105
1.135281741191071,0.0551570804269129,0.0079047075707086,195017514130.1845,7818.586323954765,0.0391914251340209,9.779538006707892,15.118769913815568,0.65,2.0,0.002,4,13.88930280650492,55.55721122601968,125.00372525854428,222.2288449040787,0.0027554945036053,0.0015145147053322
1.9337075348697896,0.0627560335012483,0.0103446960411101,182824262355.88623,7701.620614404614,0.0363690086575428,9.187774253098764,8.134760779832535,0.65,2.0,0.002,4,6.1121114344568985,24.448445737827598,55.00900291011208,97.79378295131038,0.0035338337179719,0.0014711638581393
2.667903767890756,0.0544361713928526,0.0159497679609441,218776377066.12997,7999.003739241509,0.0277169793287583,1.6504639393705427,6.98907230611935,0.65,2.0,0.002,4,5.314049134761614,21.256196539046456,47.82644221285453,85.02478615618583,0.0006494816236019,0.000278791982021
2.952350063205708,0.0210107685564175,0.0142925983248715,184653848075.3973,7964.145096241948,0.0470888243311726,3.0999793552675965,6.050190015259182,0.65,2.0,0.002,4,3.5802581341496578,14.321032536598633,32.222323207346925,57.28413014639453,0.0036822622507974,0.0014230949485951
1.6000401780362143,0.0308938381437095,0.0160274007797801,201593148897.5613,7960.244650614642,0.0484288430739605,8.684626659034867,16.937358391445574,0.65,2.0,0.002,4,14.28582254453094,57.14329017812376,128.57240290077846,228.57316071249505,0.0011478115833162,0.0005378721022244
1.0518524561818885,0.0200188651786452,0.0102555064207242,194646254712.0968,7953.534894439453,0.0460662146463785,8.817197265957256,9.517462953602951,0.65,2.0,0.002,4,20.79311925948754,83.17247703795016,187.13807333538784,332.68990815180064,0.0005722023026264,0.000321255619033
2.7814898317483303,0.0282267198114369,0.0138453668484032,215906213176.27136,7605.662316074479,0.0485204688022953,8.84508581265683,6.429663075673946,0.65,2.0,0.002,4,4.323573224214396,17.294292896857584,38.91215901792957,69.17717158743034,0.0076823296224557,0.0031482900233658
1.8545398455997024,0.0704042772036909,0.0160699513846261,211556487449.76263,7922.879859521891,0.0217372904619564,5.109654721984645,12.20957630105641,0.65,2.0,0.002,4,10.948209971613624,43.7928398864545,98.53388974452264,175.171359545818,0.0008996366283903,0.0004235815643489
1.9338254542463844,0.0336865570260762,0.0198862052596689,186537840692.8507,7939.974841968101,0.0261544924174423,1.3783244292298658,4.830140436519923,0.65,2.0,0.002,4,11.68747073429208,46.74988293716832,105.18723660862874,186.9995317486733,8.660700835312136e-05,4.676040510049404e-05
2.311021921476588,0.0678016168106528,0.015393976228367,216838556093.43307,7690.19367453582,0.0140945047129808,7.154161463256707,7.651636671550351,0.65,2.0,0.002,4,6.940193034564686,27.760772138258744,62.461737311082175,111.04308855303498,0.004211764859952,0.0020360286400322
2.3422837313136746,0.0481936698851579,0.015983872528293,203372129656.52805,7649.028981051675,0.0466121512281375,6.634600384386127,7.150765329426648,0.65,2.0,0.002,4,6.812002873832364,27.24801149532945,61.308025864491285,108.99204598131782,0.0053887941076235,0.0033418182071394
2.294632463771091,0.0463478502170902,0.0073296036270132,202145573872.5532,7695.683188956237,0.0337107813106811,1.5413023134960868,4.822982178551502,0.65,2.0,0.002,4,3.2351319905114897,12.94052796204596,29.11618791460341,51.76211184818384,0.0028226674554149,0.0012234444456011
1.8393171856190025,0.0304891364974829,0.0054360742125319,196263925748.0785,7859.683610632768,0.0308292893668619,1.64678827363036,3.681941157260621,0.65,2.0,0.002,4,3.64098661539524,14.563946461580958,32.76887953855716,58.25578584632383,0.0324832579379321,0.0157955822741979
2.0178683035027083,0.0744251796145705,0.0112895148189171,205882871925.733,7736.944973320022,0.0233670500703955,4.456496071512168,2.7657635571737758,0.65,2.0,0.002,4,6.485511738930896,25.942046955723583,58.369605650378055,103.76818782289432,0.0007548012561638,0.0004120952081958
2.9262811209401702,0.079666459116667,0.017024366026573,219971436348.23505,7850.329783723105,0.0273675061676154,9.184598918265168,8.092106317946836,0.65,2.0,0.002,4,4.77207549732658,19.08830198930632,42.948679475939215,76.35320795722528,0.001445018932847,0.0005573011205271
1.556738418024701,0.0282856872932243,0.0160331765248663,197817966690.26007,7977.454015458028,0.0348946062011556,5.36075328281904,20.64458146188404,0.65,2.0,0.002,4,14.938887392889326,59.7555495715573,134.44998653600393,239.0221982862292,0.0004265763985709,0.0001578588197534
1.5458599853855866,0.0369643728966896,0.0142551992856302,186508152528.9978,7665.808033202306,0.0167060001429662,5.455260354613371,22.942382433128174,0.65,2.0,0.002,4,13.342345306148887,53.36938122459555,120.08110775534,213.4775248983822,0.0002864751577173,9.73130805038478e-05
2.5459907902027563,0.0224439958883297,0.0191418614619149,181865876170.3445,7835.5033897497315,0.0308909129141824,7.885263283952929,3.013994311274802,0.65,2.0,0.002,4,6.451221066714437,25.804884266857748,58.060989600429934,103.219537067431,0.0026475635531244,0.0014883065835141
2.4118842044602418,0.0668072682120553,0.0160200765136341,199780884857.74136,7933.073775709084,0.0287297834366059,2.669082345144977,1.2992120593898242,0.65,2.0,0.002,4,6.266674724538429,25.06669889815372,56.40007252084587,100.26679559261488,0.0002495477641473,0.0001681067592802
1.6038547828849832,0.0751065137309332,0.0167194105314727,184423536439.8444,7998.813863135029,0.0445640010938485,2.9106935348539857,24.149040044930373,0.65,2.0,0.002,4,14.151924598173531,56.60769839269413,127.3673213835618,226.43079357077653,5.16692040245732e-05,1.6700126797884105e-05
2.913517810183079,0.0534427904896916,0.0100570709260714,215288683452.1989,7864.013948251722,0.0301177852390704,6.853488696311016,2.3273857796190103,0.65,2.0,0.002,4,2.810954888113336,11.243819552453344,25.298593993020027,44.975278209813375,0.0274958012474028,0.0146809577844225
2.5099863121423995,0.0365146756054242,0.0113306887611124,194689081775.2196,7747.089218151949,0.0374424567070595,9.977951908981158,4.698265535592889,0.65,2.0,0.002,4,4.088315257437351,16.353261029749405,36.79483731693615,65.41304411899762,0.0250355621143098,0.0126890147807363
2.3910827036351745,0.0371444533026434,0.0120507107426457,187268152001.0087,7698.63221123189,0.0090432519391586,1.3550567223324597,2.7289755687890627,0.65,2.0,0.002,4,4.7138732032207065,18.855492812882822,42.42485882898635,75.4219712515313,0.0011698399297531,0.0005952347142023
2.686151235050727,0.0549367769827295,0.0171035763216064,202053671187.42203,7779.965414888824,0.0346089690309888,2.935844287071705,10.154196163376325,0.65,2.0,0.002,4,5.477719665285911,21.910878661143645,49.29947698757321,87.64351464457458,0.0003899074044075,0.0001461017450663
2.163474432013854,0.069043333346274,0.0109075709956862,217993142892.1125,7906.587410168237,0.0411926938501313,1.2116847466484757,10.51659147922012,0.65,2.0,0.002,4,5.548564595955465,22.19425838382186,49.9370813635992,88.77703353528744,0.0001764576204628,6.592873479510781e-05
1.462135934936412,0.0245619400191001,0.0107236071137002,194874204520.8224,7881.591879566376,0.022740190416425,0.2300241887794885,2.669554273642406,0.65,2.0,0.002,4,11.310058536737822,45.24023414695129,101.7905268306404,180.96093658780515,3.014592937394107e-05,1.8819771743687257e-05
1.2910453632823276,0.0763175792172777,0.0083022562832014,193738680345.49072,7613.831699564353,0.0183437322227852,2.077096500332733,6.734024223297771,0.65,2.0,0.002,4,11.393283844570885,45.57313537828354,102.53955460113798,182.29254151313413,0.0002206322811175,0.0001068148975663
1.8104346345228903,0.0536495449504648,0.013906622995666,216990731576.9481,7968.688846037218,0.0189403968661317,7.020780351858987,14.887317005571514,0.65,2.0,0.002,4,10.039507165589969,40.15802866235988,90.35556449030972,160.6321146494395,0.0006193861598019,0.0002397644627176
2.433330740929057,0.0372015215274245,0.0163657478121898,205191510988.99677,7915.0250250158815,0.016290933299371,6.347178632857149,3.0421661913204945,0.65,2.0,0.002,4,6.381405933767275,25.5256237350691,57.43265340390548,102.1024949402764,0.0015823643452557,0.0008795605616387
1.2068059354451033,0.0552586743306627,0.0075588945280532,217004804735.0719,7832.424455880158,0.0206091412040676,5.950063365666026,2.986076329123435,0.65,2.0,0.002,4,12.387943958452196,49.55177583380878,111.49149562606978,198.20710333523516,0.0004130777055006,0.0002570861945085
2.9557438173152946,0.0478250657147598,0.0055908258553222,212777005992.4189,7688.517548022744,0.0129307464048661,0.7930982274682666,1.2063147624662394,0.65,2.0,0.002,4,1.5265557912176502,6.106223164870601,13.739002120958853,24.424892659482403,0.0208738579621227,0.0117269862196599
2.467640585754645,0.0250496091493254,0.0159941241175595,211521031110.8787,7874.892872968864,0.0138758237125298,1.697309803035266,9.438652372987477,0.65,2.0,0.002,4,6.172773719739828,24.691094878959312,55.55496347765845,98.76437951583723,0.000711918161194,0.000301240898141
2.7641699981910044,0.0264419509811918,0.0136144593194832,186227007885.0045,7874.451724001113,0.0462394961568007,4.602215995508376,1.3734706465888071,0.65,2.0,0.002,4,3.929265048428554,15.717060193714216,35.36338543585699,62.86824077485687,0.0043971917513197,0.002452825513056
1.3794450770493931,0.0243566617967795,0.0116315448870461,193245898543.52383,7824.213620983431,0.0252980912287935,1.9829196873074133,12.454344963206871,0.65,2.0,0.002,4,13.775032137241372,55.100128548965486,123.97528923517234,220.40051419586197,0.0010142435978258,0.0005257023995239
2.7559139707839786,0.0335287877480023,0.0158431183159354,204489530957.0998,7665.475066383798,0.0383768381291824,5.3676018310187565,1.9622237672759093,0.65,2.0,0.002,4,4.885450399832033,19.54180159932813,43.96905359848829,78.16720639731253,0.0024619186429709,0.0013685361007366
1.7137352404816015,0.0541497112446323,0.0153420156600582,212032737440.11526,7810.858212487392,0.0119926313061482,6.989942502536725,13.104939736037077,0.65,2.0,0.002,4,12.341737465016628,49.36694986006651,111.07563718514966,197.46779944026605,0.0024942620526685,0.0012388638953897
2.138879767271475,0.0572032416931893,0.018184282428394,208399503659.2343,7833.409665674956,0.0201210192621328,5.152070599278155,15.858377947053956,0.65,2.0,0.002,4,9.296631094771955,37.18652437908783,83.66967985294762,148.7460975163513,0.0002797148759059,9.876728437242144e-05
1.9177431420378737,0.0603642945417487,0.0072384030909866,201251299377.4383,7938.874780655439,0.0312836338294741,4.875625745795065,7.68373810385403,0.65,2.0,0.002,4,4.493461367902025,17.9738454716081,40.44115231111822,71.8953818864324,0.0025695113270291,0.0009854047114531
2.7719312079754435,0.0656698822069934,0.0173693560717683,192836477565.48825,7989.255010384799,0.0347716472912052,7.759547280338794,8.792864172374804,0.65,2.0,0.002,4,5.036044155821036,20.144176623284142,45.32439740238932,80.57670649313657,0.0011604615323793,0.000430834486332
1.8970280170592635,0.0574316264221901,0.0181248415834737,188504194731.15182,7948.539441219965,0.0385535960296071,7.317279296748934,19.655745719265383,0.65,2.0,0.002,4,11.121742253071952,44.48696901228781,100.09568027764756,177.94787604915123,0.0002367362136565,7.765419160557249e-05
2.770370075405814,0.0552359995276307,0.0110763987197663,217895813178.24884,7746.57675860486,0.0197637318215023,7.727910613331878,2.9138520199543136,0.65,2.0,0.002,4,3.4707376605119338,13.882950642047737,31.236638944607403,55.53180256819094,0.0205081631045052,0.0103484204797778
2.8083463452404445,0.0629934318068579,0.0068117718218274,196191997152.31732,7600.222546307134,0.0158448591510413,9.716128344604693,2.030290228591219,0.65,2.0,0.002,4,1.98982783172012,7.95931132688048,17.90845048548108,31.83724530752192,0.2195484352828329,0.0962311638193708
1.009503089924961,0.0615711772937754,0.0094408059171201,202291973848.578,7628.001424184339,0.0126789961722212,6.266305783217135,16.228553520659126,0.65,2.0,0.002,4,21.632512416670306,86.53004966668121,194.6926117500327,346.12019866672483,0.0003190885701103,0.000145755752314
2.907682544429145,0.0260458824301532,0.0102052632032377,205210946591.8873,7736.59048154699,0.0357141325232464,7.776644330036108,4.767693039832118,0.65,2.0,0.002,4,2.8189342270643816,11.275736908257526,25.37040804357944,45.102947633030105,0.0178488675800664,0.0074504702183916
1.3716902391126056,0.0517867688236391,0.0103500253125064,205736519915.16217,7615.5730368442755,0.0370841912979034,3.0656358522781915,13.380012410206326,0.65,2.0,0.002,4,12.964714885036996,51.85885954014799,116.68243396533298,207.435438160592,0.001347727282664,0.000859749824607
1.4291252970731882,0.0267262570069383,0.0127034196616129,219501082045.3816,7992.665574023621,0.0308030531646038,7.744524222724975,9.598595368189002,0.65,2.0,0.002,4,14.780250602624712,59.121002410498846,133.0222554236224,236.48400964199536,0.0009514965258455,0.0004648681808817
2.110049807419043,0.0336346118424236,0.0053289020612907,212028356180.1676,7955.720513935271,0.0400041181047705,7.1084568723684844,2.940397893233752,0.65,2.0,0.002,4,2.8018107225705884,11.207242890282354,25.216296503135297,44.82897156112941,0.149270762686858,0.076341430989876
2.7610433696159262,0.0789116681145023,0.0194162463940209,214170122011.5485,7765.428885452618,0.0172072372712614,3.2630241876373214,8.343576563350293,0.65,2.0,0.002,4,6.065195307657557,24.26078123063023,54.58675776891803,97.04312492252092,0.0005257496436295,0.0002189567922398
2.253913021921395,0.0734033817572346,0.0107679275307393,200189098232.29297,7945.036976868366,0.0392914110991263,3.8372611997439616,1.1614424196305433,0.65,2.0,0.002,4,4.824577897504443,19.29831159001777,43.42120107753999,77.19324636007109,0.0008992916858892,0.0005756345308875
1.8192237512401657,0.0728942120770735,0.0109972877501184,184333451840.5449,7993.867237105002,0.0274853962048672,3.4894775647900262,13.085457673584347,0.65,2.0,0.002,4,7.2354612216798415,28.94184488671937,65.11915099511857,115.76737954687746,0.0003324473505861,0.0001195433814306
2.072621243849916,0.0448728814454191,0.0185579329396403,213572142882.7101,7623.049388618822,0.0327239258873527,7.745447291753837,12.347982689409475,0.65,2.0,0.002,4,10.368761866097843,41.47504746439137,93.3188567948806,165.9001898575655,0.0013153641932336,0.0005821318924215
1.3242059939051658,0.0731891449482228,0.0135416590625222,188481726788.83752,7765.331621278174,0.0080191171816343,4.806223554363505,16.613933670754403,0.65,2.0,0.002,4,17.252206711086956,69.00882684434782,155.2698603997826,276.0353073773913,0.0012206205478083,0.0006192354934477
1.2549209003456234,0.0598171139067295,0.0070116139476186,211279162768.2467,7708.701819500369,0.0418331026851197,3.748195286465227,9.131121215689776,0.65,2.0,0.002,4,10.569446761529155,42.27778704611662,95.1250208537624,169.1111481844665,0.0015192273560895,0.0008131423514645
1.517771325318377,0.0760120332275473,0.0168790326184857,183098416214.60284,7762.921251409926,0.0080606689715416,9.1604221621556,24.801621945429662,0.65,2.0,0.002,4,16.13592337216101,64.54369348864404,145.2233103494491,258.1747739545761,0.0001784796695037,6.84560194513217e-05
2.4927201703922077,0.0485026302203611,0.0182871493747957,215135260371.0741,7662.341551433018,0.0148468220903203,4.165338234045153,2.92659774511997,0.65,2.0,0.002,4,7.071365011836397,28.285460047345587,63.64228510652759,113.14184018938236,0.0005682055564037,0.0003103295206142
2.618092576860977,0.0703336111584711,0.0169237637463724,188326837652.18488,7853.032950958097,0.0390537415602919,7.482289341806349,3.776573000272603,0.65,2.0,0.002,4,5.482688933972823,21.93075573589129,49.344200405755416,87.72302294356517,0.0020622739187363,0.0010582868484309
1.866229336448796,0.0794094701136555,0.0075663295401984,218327999132.18625,7835.862042309165,0.03481563164986,5.7794336205868655,10.239264607084282,0.65,2.0,0.002,4,5.199909784809241,20.79963913923696,46.79918806328317,83.19855655694785,0.0010977997356614,0.0004346065838186
1.6291631380716851,0.0664363663182593,0.0164713503189897,213770894303.2978,7958.201830878754,0.0245457161701383,7.692068124261256,24.086813835990405,0.65,2.0,0.002,4,14.584653657309458,58.33861462923783,131.26188291578512,233.35445851695133,0.0001700371589055,5.570464217423792e-05
1.72821672448395,0.0489522470747296,0.0188618697347632,201795666154.5875,7766.04824424483,0.0495247958014885,0.7456351320054094,27.41093003067481,0.65,2.0,0.002,4,14.597331248646306,58.38932499458522,131.37598123781677,233.5572999783409,1.3061270654926975e-05,4.285598033297926e-06
1.1309693529580402,0.049869128794412,0.0188715340186364,181637654826.3223,7844.61913437322,0.0426002901212816,3.8590547716361927,41.90013171918172,0.65,2.0,0.002,4,32.19228446692468,128.7691378676987,289.7305602023221,515.0765514707948,3.7543481245306087e-05,1.493157037521188e-05
1.350576059252671,0.0314069620712057,0.0136493923562525,208835176150.2173,7681.882675059119,0.0267807954961667,3.626380606950822,17.510915188082592,0.65,2.0,0.002,4,17.691818259059755,70.76727303623902,159.2263643315378,283.0690921449561,0.0017833725420624,0.0011174791654535
2.075256664196375,0.0768925842009488,0.0065191804625837,189098814850.9604,7635.084777856187,0.0245990428261114,6.304475721232587,1.915853948095908,0.65,2.0,0.002,4,3.415986097862667,13.663944391450668,30.743874880764004,54.65577756580267,0.0084609296497252,0.004461929090099
2.0129466209967584,0.0333821676798977,0.0191621846999069,190998834953.48465,7610.480593675117,0.0159203319329762,3.730206856448535,8.942655539429126,0.65,2.0,0.002,4,10.742839234169432,42.97135693667773,96.6855531075249,171.88542774671092,0.0010001827970581,0.0004712432003648
2.8873785812951462,0.0502981530251752,0.0194802137549203,216228137832.33612,7916.920666668625,0.03236257621411,8.818710891632767,6.638991066843867,0.65,2.0,0.002,4,5.537241543571725,22.1489661742869,49.83517389214553,88.5958646971476,0.0041721153206235,0.0019196292999879
1.4008150727507056,0.0634413371378024,0.0139925910067634,193847397461.2465,7887.117021394792,0.0060894729282668,2.385611508553091,10.745497999257172,0.65,2.0,0.002,4,16.030114597396604,64.12045838958642,144.27103137656945,256.48183355834567,0.0001077442249634,5.286100760875412e-05
2.659957270324448,0.0777095084298455,0.0141145580387298,218260334841.22885,7765.224731772699,0.0236764278794811,1.1518642031930308,1.2651434841980518,0.65,2.0,0.002,4,4.795761883243052,19.183047532972207,43.16185694918747,76.73219013188883,0.0002165312452082,0.000128970822743
2.8783617884285477,0.036954250870729,0.0159531772444062,180819633372.8001,7823.487496795383,0.0383709010413815,4.761645295431762,5.700313128991132,0.65,2.0,0.002,4,4.197669859349054,16.790679437396214,37.77902873414149,67.16271774958486,0.0039302942657176,0.0016804513036194
1.927619076058154,0.0472091812480441,0.011179049889351,208123769499.38477,7767.925945071367,0.0090051672575129,8.535390260905512,6.815677544042076,0.65,2.0,0.002,4,7.061549708176002,28.246198832704007,63.553947373584016,112.98479533081604,0.0246076500466777,0.0132267443532951
2.895287078961921,0.0343353627675394,0.0111023068017507,212541012457.3828,7777.15454808145,0.0155581395308665,3.748501129452735,3.457602352214474,0.65,2.0,0.002,4,3.139570371618597,12.558281486474389,28.256133344567377,50.23312594589756,0.0289091841995585,0.016412587683247
2.898505628211657,0.0394474528760851,0.0134570884702659,190295503027.78455,7848.045051578936,0.0260169057559955,3.7692197889057657,2.0266252449707687,0.65,2.0,0.002,4,3.576560571698292,14.306242286793168,32.18904514528463,57.22496914717267,0.0043021377670785,0.0022190630240561
2.0211693060940474,0.0422687982540819,0.019183090421233,205367980990.8084,7817.461363597685,0.0319243519412731,6.335678431044198,16.190960604592448,0.65,2.0,0.002,4,10.913798576351992,43.65519430540797,98.22418718716791,174.62077722163187,0.000425760701236,0.0001584673202719
2.96784433521264,0.0687747679524462,0.0189179459454884,199500107146.23245,7965.6965150110145,0.0470762061360301,6.273314316755556,2.2970809843894737,0.65,2.0,0.002,4,4.873945697496184,19.495782789984737,43.86551127746566,77.98313115993895,0.0011764845742047,0.0006698567213019
1.8869013466453808,0.0557183096456239,0.0198230430442929,184148600258.00705,7793.856953403129,0.0481544065483202,3.5439810885173317,18.81363143227641,0.65,2.0,0.002,4,12.271825887866903,49.08730355146761,110.44643299080217,196.34921420587045,0.0001240717732015,4.396821561266301e-05
2.4017020045890005,0.0304988545517553,0.015199878451728,193178719187.06985,7622.7016334345235,0.0152943227418851,7.582468040317792,5.43366260954705,0.65,2.0,0.002,4,6.015286382960033,24.061145531840133,54.1375774466403,96.24458212736052,0.0142682685744726,0.0071552697040413
1.1391595361476383,0.0682377027117821,0.018842540558727,182131089319.63248,7648.49990258302,0.0365888840993366,6.0842919318938025,28.548014621956938,0.65,2.0,0.002,4,32.12946710155396,128.51786840621585,289.16520391398564,514.0714736248634,0.0001037730756551,5.559135931446478e-05
2.5479120971119267,0.0463327063851231,0.0178789687986707,207894721162.37457,7637.670939155059,0.048903005823654,7.635283049704494,10.5218951131822,0.65,2.0,0.002,4,6.5154452276842205,26.06178091073688,58.63900704915798,104.24712364294751,0.001149695120674,0.0004110834447761
2.144890544295465,0.0799432436824328,0.0156849019168292,213943612809.1031,7738.555215612302,0.0279011607160985,9.74526300755237,7.732816986777453,0.65,2.0,0.002,4,8.128689071718128,32.51475628687251,73.15820164546315,130.05902514749005,0.0047475036143856,0.002845231446541
1.8518832675286367,0.033026335534521,0.0183382253760759,207263572308.5041,7661.547315742448,0.0051997567766194,7.650561186773161,2.8822515121655607,0.65,2.0,0.002,4,12.6113793690549,50.4455174762196,113.50241432149409,201.7820699048784,0.0003783961165485,0.0002251420139666
1.1564985636364942,0.0554652986523688,0.0073493874657571,219833979639.88025,7631.400032822687,0.0084072336684293,7.89456137744054,5.1098677097165695,0.65,2.0,0.002,4,13.373205064536362,53.49282025814545,120.35884558082726,213.9712810325818,0.0006437113326429,0.0003450170550025
2.363600225619693,0.079910340662394,0.0118977365460148,201319369614.7252,7990.1312252845155,0.0385877069986192,2.047894274992622,7.987303159119304,0.65,2.0,0.002,4,4.84742815977632,19.38971263910528,43.62685343798688,77.55885055642112,0.0004554289385199,0.0001694437803735
1.199846089270281,0.0598886928244502,0.0194852833422575,206166142949.33005,7959.601581502113,0.0495963713590609,6.454250016820394,50.22896009684406,0.65,2.0,0.002,4,31.235460059797408,124.94184023918964,281.1191405381767,499.7673609567585,2.899186047524578e-05,9.380888056549525e-06
2.6315272231908278,0.0634135612455081,0.0180363780577779,216272290144.222,7734.995882553775,0.0324931405287514,6.127197311135382,4.253723442152412,0.65,2.0,0.002,4,6.2450115469057375,24.98004618762295,56.20510392215164,99.9201847504918,0.0013642072824161,0.0006980535624852
1.522620230912726,0.0250101017231938,0.0131291934829004,184948079278.2672,7859.287733960569,0.0399751393688414,9.708114971145855,23.757366807917965,0.65,2.0,0.002,4,12.457113715170095,49.82845486068038,112.11402343653089,199.31381944272152,0.0006361680537035,0.0002120171118904
2.503926243149831,0.052451398216697,0.0092681131266773,215879871950.9198,7694.038846752263,0.0196404228732504,9.09974166278719,4.094509535821599,0.65,2.0,0.002,4,3.550638066298394,14.202552265193576,31.95574259668555,56.81020906077431,0.0295552646672979,0.0145762544318709
1.883875200835455,0.0335566317840417,0.0070571375140872,180633631631.87827,7944.060016461619,0.0273283075090173,0.1301255279862307,4.955381883599521,0.65,2.0,0.002,4,4.299635344568345,17.19854137827338,38.6967181011151,68.79416551309352,0.0005382923748469,0.0002619653985693
1.7860355415961582,0.0389319090237086,0.0050597527153824,207533154576.757,7644.276191493624,0.0148614078678336,1.984138731281932,2.984822416402421,0.65,2.0,0.002,4,3.7476058741130136,14.990423496452054,33.72845286701712,59.96169398580822,0.0119808998736273,0.0060241870202802
2.2067875036860647,0.0348056465215571,0.013777607462308,194376121523.39453,7835.452474543365,0.0376480330349064,8.447305019492108,3.53039008614622,0.65,2.0,0.002,4,6.389567240384784,25.55826896153913,57.50610516346305,102.23307584615654,0.0031051436568307,0.0016384467174116
1.7779337966593798,0.0688782874173858,0.0075978667251089,208051058983.0553,7784.131763754909,0.0081817303503418,1.856003249726652,2.5573316763755627,0.65,2.0,0.002,4,5.634684843174623,22.53873937269849,50.7121635885716,90.15495749079396,0.000723476225033,0.0003845688297515
1.3051895968126792,0.0757324812295529,0.0171219372025717,189577027563.236,7761.730355906287,0.0242772709355295,5.916313098233833,19.70094908324618,0.65,2.0,0.002,4,22.524155971261887,90.09662388504756,202.717403741357,360.3864955401902,0.0002055092191957,0.0001008598523625
1.9069034497506687,0.0670326627959546,0.0050637769310611,212145052693.9788,7970.122935212348,0.0118393680657142,0.3113269700836821,3.462622533317388,0.65,2.0,0.002,4,3.2578445296632554,13.031378118653022,29.3206007669693,52.12551247461209,0.0037349040430304,0.0018635650028189
2.7606791263154102,0.0671814107889691,0.0117374124607469,201849619485.60745,7681.724806853622,0.023544549042614,1.7156347274133932,2.072773472753202,0.65,2.0,0.002,4,3.5797636381655376,14.31905455266215,32.21787274348984,57.2762182106486,0.0014041487273244,0.0007139977348444
1.6285339630312516,0.0709231156076927,0.0069841200198659,195045555701.49323,7853.677024213379,0.0201603091519553,4.147325123586728,7.082723395615976,0.65,2.0,0.002,4,5.950847465645826,23.803389862583305,53.55762719081244,95.21355945033322,0.0038248097095923,0.0017223787538698
2.4885675211637723,0.0636000774989209,0.0089750200421099,194201868508.98755,7982.904200533128,0.0096948632747891,1.9131559588120437,3.157197965771742,0.65,2.0,0.002,4,3.241246545344173,12.964986181376691,29.17121890809755,51.859944725506764,0.0176352733692359,0.007952602402905
1.4384320210710315,0.0538323763204891,0.0152979947717616,186271609825.9048,7782.552936736406,0.0302915839315156,0.5920649867744617,9.8865099339062,0.65,2.0,0.002,4,16.40202122945366,65.60808491781464,147.61819106508295,262.43233967125855,2.275415200678702e-05,1.1088546989590594e-05
2.467248920545839,0.0361561766827443,0.0148354901017102,209409045803.47705,7646.966651793629,0.0195758367952626,4.122429874548464,9.233960329472678,0.65,2.0,0.002,4,5.783068515638477,23.132274062553908,52.04761664074629,92.52909625021564,0.0013557022248787,0.0005363546658276
1.1197814267660045,0.070142398821923,0.008408450335246,215150150112.36105,7966.575951189529,0.0082744705957101,5.86604935298641,31.07859473059912,0.65,2.0,0.002,4,15.802058818661408,63.20823527464563,142.21852936795267,252.83294109858247,0.0001288037750593,5.1754303669175925e-05
2.365034167800056,0.0360840840734384,0.009774235442774,202894206949.3867,7664.323575712613,0.0158674234426842,4.516180287767452,7.26214387781842,0.65,2.0,0.002,4,4.07694750146226,16.30779000584904,36.692527513160336,65.23116002339616,0.0034679129060343,0.0014921723869267
2.711178508119561,0.0400706649918372,0.019413010970925,207381120102.6793,7902.46061393093,0.0476488031631235,2.465454181584984,7.491504454357041,0.65,2.0,0.002,4,6.134926523454317,24.53970609381727,55.214338711088864,98.15882437526908,0.0009948804495033,0.0004663579632454
1.198963638979955,0.0752813744109345,0.0192913314328039,197529245529.87683,7832.229984767141,0.0063061876975692,0.567434847040231,10.32929905189738,0.65,2.0,0.002,4,30.559934444370317,122.23973777748124,275.0394099993328,488.958951109925,2.296530627649424e-06,1.2364125428330386e-06
1.2971711926470764,0.0527596579102281,0.0077268967331582,199149173675.54996,7917.966321369458,0.0410350082755089,8.630417289742487,6.519327953775999,0.65,2.0,0.002,4,10.44292600282724,41.77170401130896,93.98633402544516,167.08681604523582,0.0016582309885049,0.0008249567703637
2.541883364278638,0.056138424405721,0.0136650620023418,181987481049.91895,7623.7985487291135,0.0377279892426063,1.1450952712972071,2.976848810617732,0.65,2.0,0.002,4,4.685594204066703,18.742376816266813,42.17034783660033,74.96950726506725,0.0006221405249273,0.0003155680273528
1.363488692397368,0.0679584907705375,0.0154054793632057,219117591106.99664,7697.372795576298,0.0199906482327769,8.232761163363483,6.279025904407589,0.65,2.0,0.002,4,20.047893723065933,80.19157489226373,180.4310435075934,320.7662995690549,0.0001036737722148,5.735262475110369e-05
1.726970083614462,0.0647111452627321,0.0178709088094262,193645464568.2285,7920.15022834177,0.0107096299668585,4.211306898209429,5.046415901407816,0.65,2.0,0.002,4,13.43517164541145,53.7406865816458,120.91654480870304,214.9627463265832,0.0001144215776102,6.11444501596565e-05
2.444517631566124,0.0273981681510494,0.0174890005644752,192222888626.322,7767.565718217945,0.0258242128079128,3.379974236889228,2.608998023816684,0.65,2.0,0.002,4,6.601885368000101,26.407541472000403,59.41696831200091,105.6301658880016,0.0009372569400404,0.0005083971963461
1.007420477370215,0.0384208410466617,0.0073154151874478,202816676900.4239,7937.703968726059,0.0225899955971708,8.388135515612134,16.396419930030667,0.65,2.0,0.002,4,16.52156058266408,66.08624233065632,148.69404524397677,264.3449693226253,0.0083538997285739,0.0050050189034729
1.390455585315549,0.0745190937850365,0.0126056818990166,215618692286.1495,7888.219151675727,0.014563053695078,3.909122218623242,30.01949597557781,0.65,2.0,0.002,4,15.457351245160035,61.82940498064014,139.11616120644032,247.31761992256057,5.847647953174179e-05,2.088460507378388e-05
2.0477235602708603,0.043543868465837,0.0130891527062992,189980461573.49316,7779.84003067531,0.0358653975073838,4.172452761749256,10.022791084339918,0.65,2.0,0.002,4,6.9946706458372985,27.978682583349197,62.95203581253568,111.91473033339678,0.0010850693331277,0.0004239837495192
1.3896770090230457,0.0491581702260683,0.0056621772333846,196623767904.06827,7915.287616799889,0.0116921477292799,4.653492495671595,13.13052974595783,0.65,2.0,0.002,4,6.626277582519824,26.505110330079297,59.63649824267843,106.0204413203172,0.0011977848537764,0.0005517315435732
2.681116638190333,0.0486430528124426,0.0150375224425991,215354608931.2593,7873.124123459769,0.0453796791928462,8.099847023660509,6.056087936943146,0.65,2.0,0.002,4,4.961096368405793,19.844385473623174,44.64986731565215,79.3775418944927,0.0054067871570542,0.0025527888512081
2.3396666420696555,0.024606132170407,0.0119001132635851,210304502588.84592,7782.018128710504,0.0345418715855362,5.945443764439811,5.311502184769139,0.65,2.0,0.002,4,5.124488809764009,20.49795523905604,46.12039928787608,81.99182095622415,0.030094709386234,0.0169937612384412
1.7611067320383471,0.044975060756359,0.009588730713693,208487540675.4554,7736.869723167917,0.0419547744098559,4.690541295260036,9.694434833031092,0.65,2.0,0.002,4,7.277403125681933,29.10961250272773,65.4966281311374,116.43845001091093,0.001855763189079,0.0007641190890839
2.619376615616453,0.0712475454668465,0.0098914983438307,201121921150.0084,7909.338941042461,0.0111643481754986,7.27146970423561,1.237760381414061,0.65,2.0,0.002,4,3.296514994352667,13.186059977410668,29.668634949174,52.74423990964267,0.0053886661139561,0.0029639565007804
1.1299332395654718,0.0424953968123573,0.0114475202333902,186896457475.30453,7749.204751154412,0.0201539764482671,4.988702681203844,29.054114049873792,0.65,2.0,0.002,4,19.96673580128997,79.8669432051599,179.70062221160975,319.4677728206396,0.0001874033692614,6.625840857599148e-05
2.137523018233748,0.0731652531842581,0.0193184526833847,181387099318.14847,7871.633209628217,0.0156728526113088,4.141014759147793,12.16399773561872,0.65,2.0,0.002,4,9.203452291908002,36.81380916763201,82.83107062717202,147.25523667052803,0.0003528040791236,0.0001449224254543
2.9479225645654106,0.0615872327964326,0.0064982182434006,194649472347.6393,7632.027163864077,0.0293689443095801,7.031449502896252,0.5167832192972381,0.65,2.0,0.002,4,1.712371795719044,6.849487182876176,15.411346161471396,27.397948731504705,0.0310887513715557,0.017600127753832
1.3478121510372498,0.0574924817100583,0.013559275569206,205021177385.71463,7825.366649132563,0.0372014904814973,6.29848866362935,6.280735189883822,0.65,2.0,0.002,4,17.32423317337837,69.29693269351348,155.91809856040533,277.18773077405393,0.0001474187014933,8.048902459202324e-05
2.275263450184239,0.0225980011572367,0.0109044322726352,190328338288.69608,7919.428939046862,0.0151454826181217,8.279503883185619,3.5690361404519515,0.65,2.0,0.002,4,4.682456241811564,18.729824967246252,42.14210617630408,74.91929986898502,0.0212097389994693,0.0102967934818478
2.544512249323787,0.039055811217823,0.0095310333008365,219493796483.69556,7861.353709354128,0.0358490314594673,0.6457308213353488,1.3718827889280047,0.65,2.0,0.002,4,3.5271392497674188,14.108556999069677,31.74425324790677,56.4342279962787,0.0007839197250432,0.0004304133272974
2.576658003555448,0.0399518993243877,0.0135848189232337,209261997965.52472,7824.504357093057,0.0187072283131528,6.527082685915127,8.201013518436314,0.65,2.0,0.002,4,4.798288042779703,19.19315217111881,43.18459238501733,76.77260868447524,0.0025555328116452,0.001043463692057
2.610380938504785,0.0726546748792001,0.005670792560806,210949266198.92365,7658.856848889607,0.03642180319847,3.779458409440017,2.9192950019965997,0.65,2.0,0.002,4,1.9804882465213909,7.9219529860855635,17.82439421869252,31.68781194434225,0.0155200719851416,0.0075677252519631
1.8815334174028544,0.0660653896023488,0.0096634089008034,195262350956.2906,7851.8415309186175,0.0074966396052154,9.672656901028382,3.173057634879921,0.65,2.0,0.002,4,6.172473479078059,24.68989391631224,55.55226131170254,98.75957566524896,0.0027080224751419,0.001507571734588
2.796312384363405,0.0380457288882605,0.0139553004927072,191499021156.29227,7859.503350251012,0.0136611216171512,4.642807634709546,4.634979544173061,0.65,2.0,0.002,4,3.994687417844007,15.978749671376027,35.952186760596064,63.91499868550411,0.0108749251556834,0.0051252476741999
2.587255078546552,0.0798099974226814,0.0190190637349299,197385696935.39288,7653.35520581671,0.0054815003608786,5.362023631121787,11.443699826264757,0.65,2.0,0.002,4,6.54292280207569,26.17169120830276,58.886305218681215,104.68676483321104,0.0004027174588683,0.0001857107444351
2.7151442882451158,0.0477679619356109,0.0107763424415053,205582530849.4844,7706.585327000338,0.011289578492928,4.830985012835083,3.253746699710482,0.65,2.0,0.002,4,3.423551918743047,13.694207674972189,30.811967268687425,54.77683069988876,0.0416736675583426,0.0200741204543218
1.3593902772910864,0.0200725698167174,0.0063023588025927,197616003041.6393,7899.203897949995,0.0321761315737739,0.2481693450734201,9.784032885087765,0.65,2.0,0.002,4,7.735055838834381,30.940223355337523,69.61550254950943,123.76089342135008,0.0003703257715101,0.0001551683657849
1.5610800590097476,0.0667951266340139,0.0197844286799781,216298146213.3615,7717.895687093845,0.02058576311072,7.572719904110107,24.88185794375085,0.65,2.0,0.002,4,19.488542551950594,77.95417020780238,175.39688296755537,311.8166808312095,0.0001789662867451,6.769795472319748e-05
2.230271179976843,0.0428846137041741,0.0055836623116132,204010931255.64328,7636.903056374149,0.0294144831971386,7.544310031890255,2.5321005536075014,0.65,2.0,0.002,4,2.630880577262393,10.523522309049572,23.67792519536154,42.094089236198286,0.1691291072936933,0.0818814502652577
1.6442441479809429,0.035899024647493,0.0117060328116919,198596498391.54428,7866.922879421665,0.0306323210306461,5.8407612427251,13.212687851911982,0.65,2.0,0.002,4,9.864832793749695,39.45933117499879,88.78349514374729,157.83732469999515,0.0013098628615864,0.0005138150561836
2.1537654738852066,0.0203965445190776,0.0188961245194567,190692206309.00208,7948.4026413988095,0.0055449179877591,1.0624434538724858,9.1609758686245,0.65,2.0,0.002,4,9.047565107893844,36.19026043157538,81.42808597104461,144.76104172630153,0.0046793601459871,0.002156160662279
1.4493789490917477,0.0708002630304946,0.0109879295398668,181404672444.38663,7664.776628099852,0.0337662653160276,7.850762214300067,6.688757391998576,0.65,2.0,0.002,4,11.538668708321016,46.15467483328406,103.84801837488914,184.61869933313625,0.0006121463262976,0.000307582848366
1.8819609028613236,0.0710740146871341,0.0098602861300851,191630876727.5,7867.462739758368,0.0499854363086289,1.3974641128053369,9.10821685915021,0.65,2.0,0.002,4,6.230357593406778,24.92143037362711,56.07321834066099,99.68572149450844,0.0003240128966762,0.0001304155817996
1.7123180926916337,0.0685332227324471,0.014760056246325,210120912188.61023,7951.110547486829,0.0413449264770845,7.813511574139789,17.762911496611817,0.65,2.0,0.002,4,11.734622372811312,46.93848949124525,105.6116013553018,187.753957964981,0.0003342327445856,0.0001203281097613
1.269350874993887,0.0679731015698035,0.0133633758399947,196010450519.10303,7678.526887464421,0.0175067464469371,1.7558512315801251,31.27683802876764,0.65,2.0,0.002,4,19.001274074915244,76.00509629966098,171.01146667423723,304.0203851986439,2.939860961574251e-05,9.532711261641768e-06
2.8811247736961265,0.0784605431226191,0.0120121015990668,209025663305.7257,7939.484776671925,0.0102517241078522,0.9377270923568256,4.850859592668062,0.65,2.0,0.002,4,3.3668809641016355,13.467523856406542,30.30192867691472,53.87009542562617,0.0006825388421948,0.0003237964035247
2.170719267431969,0.0682050047610008,0.0079969174309245,208116659624.41373,7868.621959245765,0.0267146974033005,7.692426335344797,5.022512938538482,0.65,2.0,0.002,4,3.957752453313083,15.831009813252331,35.61977207981775,63.324039253009325,0.0103910590362476,0.0046517533728192
2.232622666502186,0.0457027289595522,0.0170335348196591,198200104339.66315,7691.114438125379,0.0262625342499651,0.801234786709658,14.28605752733684,0.65,2.0,0.002,4,7.86612204287917,31.46448817151668,70.79509838591254,125.85795268606672,6.849901404915196e-05,2.4425386081819967e-05
2.762533578519337,0.0799330542799394,0.0182630303116847,209903652202.65448,7984.82676337375,0.013882425382157,8.789166866828973,4.705399352830738,0.65,2.0,0.002,4,5.563706493433327,22.254825973733308,50.073358440899945,89.01930389493323,0.0040062975806784,0.0020210578595127
1.5944662000349488,0.0378885442790813,0.0181299663478753,182155369189.54007,7976.574739238729,0.0197176910086479,7.414823492152713,12.270384748346906,0.65,2.0,0.002,4,15.45284278999316,61.81137115997264,139.07558510993843,247.24548463989052,0.000695372521165,0.0003218898062509
1.705603660722614,0.0398212708612376,0.008370962874192,197541889797.51395,7647.098261454192,0.0455708094044422,0.7898696171648231,11.32278326204226,0.65,2.0,0.002,4,6.631773692385314,26.527094769541257,59.68596323146783,106.10837907816504,0.0002509833148692,8.754285327382993e-05
2.344204675901507,0.0725683024335464,0.0152244537285625,195550389414.2733,7987.694568411671,0.0438162060445782,6.885642252763358,5.690200247159113,0.65,2.0,0.002,4,6.215821500601333,24.86328600240533,55.942393505412,99.45314400962133,0.0038555568481721,0.0022740404325141
1.0366778948951405,0.0467062926998899,0.0054344565093962,196194431030.23587,7858.799964360582,0.0106657006193009,9.176050133169708,15.293904624045808,0.65,2.0,0.002,4,11.456789029569585,45.82715611827833,103.11110126612624,183.30862447311333,0.002796053075863,0.0011367006814537
2.70226219952387,0.0293127795464654,0.0160193163790274,187721659634.75616,7708.30350052712,0.0369457113776586,9.80402737049695,6.385565984282688,0.65,2.0,0.002,4,4.9090341127627966,19.636136451051183,44.18130701486517,78.54454580420474,0.0086383680559929,0.0038156039614809
2.5461274705056365,0.0203404465015765,0.014429151603632,206107119067.9624,7901.482483780275,0.0466683063262756,7.562967545990827,7.824083035621652,0.65,2.0,0.002,4,5.154683100388213,20.61873240155285,46.39214790349392,82.4749296062114,0.0057159534937644,0.0022250637070871
1.008600412069677,0.0469761545030489,0.0160832392358003,189409572613.01825,7883.343204109527,0.0056818768917775,9.089277262713864,67.12119076753784,0.65,2.0,0.002,4,35.14068625992765,140.5627450397106,316.2661763393489,562.2509801588424,3.658322146632164e-05,1.2453985389396838e-05
2.7134614402039468,0.0284216600874055,0.0137603292623928,196265485522.40067,7668.214690446982,0.0055551274002142,2.806098704550012,1.3346080682798085,0.65,2.0,0.002,4,4.287317098147783,17.149268392591132,38.585853883330046,68.59707357036453,0.0021030157099538,0.0011784539469952
1.1095482147808722,0.0283638429872593,0.0124022623664482,206072620842.30295,7634.935926028714,0.024845838075692,5.854345526248184,14.752329668398332,0.65,2.0,0.002,4,23.732596715853926,94.9303868634157,213.5933704426853,379.7215474536628,0.0002719102510883,0.000129472518796
2.1103660217843334,0.0303799366710595,0.0051145292595971,217187065813.82205,7707.185949311701,0.0206408754494808,1.2369810140660298,3.105427669297357,0.65,2.0,0.002,4,2.764320600382586,11.057282401530344,24.878885403443277,44.229129606121376,0.0245530597354631,0.0138088035774742
1.677853689687432,0.0700404203180741,0.0113289973800233,201095838162.5781,7825.149144413792,0.0303348550933227,2.209902986455384,11.831608230170884,0.65,2.0,0.002,4,9.250554906045066,37.00221962418026,83.25499415440561,148.00887849672105,0.0003578575229205,0.0001458339492703
1.308381764379263,0.0517197451137866,0.0062953951175239,215138886215.8395,7969.715903763843,0.0419725911655131,5.669028395484188,10.42873061106141,0.65,2.0,0.002,4,8.664057376451565,34.65622950580626,77.9765163880641,138.62491802322504,0.0030083103984556,0.0013755882243729
2.240477621234163,0.0441552260319504,0.0084219963029757,180843708168.03528,7970.129723578636,0.0085469374640525,3.3601631841876,1.967139746750492,0.65,2.0,0.002,4,3.6239490770984784,14.495796308393912,32.615541693886314,57.98318523357565,0.0051095712205697,0.0027159772176066
2.257658383155533,0.0420360481698024,0.0199366747755644,200352932540.7338,7819.516379881365,0.0463049953256683,9.699405342183145,11.227239090529814,0.65,2.0,0.002,4,8.977872395425997,35.91148958170399,80.800851558834,143.64595832681596,0.0015843441591877,0.0006915072681877
1.565699714061869,0.0496622445925996,0.0094658090573193,219850429785.6897,7692.33692588465,0.0460786820670165,9.187869655116176,8.965611690185996,0.65,2.0,0.002,4,9.360618802276573,37.44247520910629,84.24556922048917,149.76990083642517,0.0072183513443173,0.0045804168973531
2.554785462575256,0.0745986263910271,0.0115750489435637,183259359205.53867,7919.491495691395,0.044832669497273,4.195236679867823,2.46817067371914,0.65,2.0,0.002,4,3.86836683283771,15.47346733135084,34.81530149553939,61.89386932540336,0.0028204004206533,0.0014654195178048
2.598574237323326,0.0503860124215944,0.0117897334446957,196820447707.93948,7842.652026576367,0.0376060325352332,8.97016849567315,2.741786233439967,0.65,2.0,0.002,4,3.96612701097652,15.86450804390608,35.69514309878868,63.45803217562432,0.009631574627437,0.0049915522779157
1.0971534756597152,0.0564525065972496,0.0153263639827852,209253501985.75052,7689.737359458502,0.0440825072882784,6.933852856576172,9.094495314701868,0.65,2.0,0.002,4,30.11717530303614,120.46870121214457,271.0545777273253,481.8748048485783,4.484059586555261e-05,2.564856765326297e-05
1.88365169963156,0.0227275790954206,0.0120330109268546,198563159069.19028,7671.488614905527,0.0402917733666133,7.071672484913268,9.444538298021628,0.65,2.0,0.002,4,7.823694358525051,31.294777434100205,70.41324922672547,125.17910973640082,0.0056827365687455,0.0025857645849319
2.605648742607936,0.0224597461881218,0.0181891395828688,218742656719.1396,7896.862481050041,0.010396108888118,8.09302130938749,8.730408305884886,0.65,2.0,0.002,4,6.393653906770721,25.574615627082885,57.54288516093649,102.29846250833154,0.0045729683059139,0.0020125170549172
1.4875379495380674,0.0425140184952752,0.0155952333610226,202295448840.42783,7747.462057662039,0.0125334658326705,5.104273653752756,12.65379936280907,0.65,2.0,0.002,4,16.330457461177417,65.32182984470967,146.97411715059675,261.2873193788387,0.0004403903786152,0.0001996193522987
2.7462078945976955,0.0339556152013875,0.0184187249423519,195881136847.58463,7837.213331463626,0.0197617766929633,5.318478632219941,1.598475489091914,0.65,2.0,0.002,4,5.53652757711187,22.14611030844748,49.82874819400683,88.58444123378992,0.0013810014205113,0.0007900711882675
2.673536768831944,0.0795898870172751,0.0166875798916725,203755819839.43088,7945.409916705102,0.0131544078819935,7.665870775943033,7.633111691430939,0.65,2.0,0.002,4,5.361016531441648,21.444066125766597,48.24914878297484,85.77626450306637,0.001610939615628,0.0006996102656041
1.8992515878291951,0.0477061659986477,0.0194743896441875,193049119481.73163,7660.045878764546,0.0478778929246104,8.115120618285518,7.702207799673314,0.65,2.0,0.002,4,12.289843143543925,49.1593725741757,110.60858829189532,196.6374902967028,0.0005040221026113,0.000254671908242
1.3968416935230832,0.0636820544827022,0.0157918790949804,190501568625.95987,7849.149862742774,0.0324927064904871,8.413897476176198,8.044489696443925,0.65,2.0,0.002,4,18.08034248102212,72.32136992408847,162.72308232919906,289.2854796963539,0.0001510772342473,8.282213661367763e-05
2.3640299533747013,0.046556931736623,0.0166067009431615,192275410447.8796,7793.7087356470465,0.0495568267623405,1.8688891493646935,3.1188225636282616,0.65,2.0,0.002,4,6.692624467252697,26.77049786901079,60.23362020527428,107.08199147604316,0.0003178707237,0.0001809999680245
2.1026338314017483,0.0510027014976954,0.0131429963282383,183058459973.4297,7603.909278086026,0.0258418385739815,2.0154770657371905,11.938666552754407,0.65,2.0,0.002,4,6.61413086663865,26.4565234665546,59.52717779974786,105.8260938662184,0.0002916778399547,0.0001077989609386
2.3819087227823728,0.0359953617137305,0.0076723661136493,217976712851.8748,7983.85159599588,0.0276995539269463,5.529295413671032,0.6718091449669141,0.65,2.0,0.002,4,3.204108134274444,12.816432537097777,28.836973208469992,51.2657301483911,0.0077185538762807,0.0053547984003871
2.187437414013061,0.0215490196526882,0.0055308431354446,209085939846.8776,7684.066064996925,0.034538770564733,7.524229398857509,0.8388146849663083,0.65,2.0,0.002,4,2.734111318888301,10.936445275553204,24.60700186999471,43.74578110221282,0.0436729597997678,0.024685551764048
2.0880728411771057,0.0488809466057004,0.0161500203491638,180403717259.80225,7647.321247478868,0.0094821226592617,1.3045043996415346,8.290158943191903,0.65,2.0,0.002,4,8.157913805084819,32.63165522033928,73.42122424576337,130.5266208813571,0.0026925081847347,0.0013105785176049
2.191760280756543,0.0533178510920569,0.0083925629123361,200767556067.55927,7991.934372166818,0.0250078004161585,8.757467694815762,3.520074882259607,0.65,2.0,0.002,4,3.970622200990917,15.882488803963666,35.73559980891825,63.52995521585466,0.0296122647851511,0.0163213204560916
1.4796210886075591,0.0436262786840242,0.0148340987366482,213441048143.10907,7877.096600106752,0.0317445280154295,1.5625127691565803,26.69338933715745,0.65,2.0,0.002,4,15.993565047801546,63.97426019120618,143.94208543021392,255.89704076482477,4.692961734353283e-05,1.504174044583649e-05
1.9242265663800573,0.0775466838931724,0.0141185254453159,180240093209.46143,7910.896456456097,0.0212591289497336,2.8308232838136167,14.012617946004942,0.65,2.0,0.002,4,8.253136608927313,33.012546435709254,74.27822948034583,132.05018574283702,0.0001853824412241,6.638888157919386e-05
1.7937028956439232,0.0764324710913325,0.0158016022699632,186146297474.36615,7820.07421594643,0.0172288387322466,8.350259654997839,17.483558115309197,0.65,2.0,0.002,4,10.865535264128798,43.46214105651519,97.78981737715918,173.84856422606077,0.0003341891246135,0.0001188308824933
1.895162175421316,0.0253476300933861,0.0084689616446311,206304641748.53964,7762.313753219921,0.0358254227367339,6.70067834291261,7.108888202512577,0.65,2.0,0.002,4,5.512207572349753,22.04883028939901,49.60986815114778,88.19532115759604,0.0106433881728035,0.0046015562967362
1.3386080631086623,0.0214304007057461,0.0095030943655476,218799912896.08075,7751.572509065764,0.0158401672722986,4.094149823668492,9.48548437182998,0.65,2.0,0.002,4,12.776623228074316,51.10649291229726,114.98960905266884,204.42597164918905,0.001622733724106,0.0007554369136713
1.4198391266478765,0.0274331721820296,0.0074915181910565,205036501814.6155,7641.077756060257,0.0382339224059324,8.881523646527995,16.304328963278266,0.65,2.0,0.002,4,8.728891492518398,34.915565970073594,78.56002343266559,139.66226388029438,0.0020882585858349,0.0007198167886597
1.0261877520658431,0.0735370019172735,0.0069829373799007,218431286880.88196,7628.3082324376755,0.0157122242985178,6.933397694064562,7.19279966640412,0.65,2.0,0.002,4,16.090037394271484,64.36014957708593,144.81033654844333,257.44059830834374,0.0003274954669815,0.000176602542202
2.813910446485125,0.0511179605208011,0.0169533760826118,213532470084.28836,7893.977239436216,0.0226123305989257,8.652207999025729,7.754474361305727,0.65,2.0,0.002,4,5.0495064781299765,20.198025912519903,45.44555830316979,80.79210365007962,0.0024152382018658,0.0009822209130859
1.660048686497332,0.048257128307409,0.0122012011279181,219905918687.348,7645.778127588452,0.0433384266020715,8.650452190276514,12.874813004395442,0.65,2.0,0.002,4,10.76707660918822,43.06830643675288,96.90368948269398,172.2732257470115,0.001750321513725,0.0008018970391655
1.8435321254291224,0.0240095452820877,0.0138943494672442,189118710888.9273,7855.04359209162,0.0072875057876814,9.815732302404715,9.498313347470894,0.65,2.0,0.002,4,9.096179073142205,36.38471629256881,81.86561165827983,145.53886517027524,0.0232072613486353,0.0128639941340849
2.0026876735567827,0.0216828089045517,0.0146283368901691,201859171573.8339,7911.308751347792,0.027557494602171,3.6034541937438616,3.72598968882735,0.65,2.0,0.002,4,8.354064699265823,33.41625879706329,75.18658229339242,133.66503518825317,0.0009601534370062,0.0005311744148109
2.460562446493144,0.0778326648229215,0.0149799922371498,190723059393.7328,7920.108691524161,0.0151731397293169,5.69355718183483,4.798024755950797,0.65,2.0,0.002,4,5.505643554022444,22.022574216089776,49.550791986202,88.0902968643591,0.003878724402634,0.0019010435559103
2.011005638714134,0.0582002167949783,0.0111248453394948,209966966292.6213,7733.4199705913425,0.0198804648625858,1.3595370227290973,3.5077147089619256,0.65,2.0,0.002,4,6.499595783470078,25.998383133880317,58.49636205123071,103.99353253552124,0.0003620246675061,0.0001915534272675
1.958128729170456,0.0662055523375453,0.0184566476593498,212934903654.82623,7673.683085704293,0.009116160598714,1.7774619453959803,18.515813046902267,0.65,2.0,0.002,4,11.497967983006912,45.99187193202765,103.48171184706224,183.9674877281106,6.535239724704897e-05,2.527832513926021e-05
1.8571096994436944,0.0700025304157064,0.0156280590630129,200469797707.91864,7630.85287150379,0.0125533397891598,2.4585077598869174,19.09011272294305,0.65,2.0,0.002,4,10.531666966986537,42.12666786794615,94.7850027028788,168.5066714717846,8.772417156182681e-05,3.2962134144896546e-05
2.3335212374923877,0.0640007902573523,0.0139340612104833,184642486266.5485,7772.619428816029,0.0350332520570105,7.457439401198852,4.434491550602963,0.65,2.0,0.002,4,5.655429205192432,22.621716820769727,50.89886284673189,90.48686728307892,0.0036608629810762,0.0018475461727631
2.084972576487816,0.0447891631157503,0.0181400720442691,186756128216.9425,7908.622221022742,0.0400141036642129,4.535496612837326,10.76797088937422,0.65,2.0,0.002,4,9.195060326027578,36.78024130411031,82.75554293424821,147.12096521644125,0.0009917267116646,0.0004692086976113
2.24274282165376,0.0602861328213847,0.0165947862714198,182685443679.36676,7851.107335615856,0.0465771760147336,9.565624867203574,14.02156529229804,0.65,2.0,0.002,4,7.216530999377818,28.866123997511277,64.94877899440036,115.4644959900451,0.0005675361561246,0.0002056114440063
1.866978045341472,0.0461651261459766,0.0197660670691222,215778554914.35733,7696.914396017497,0.04596318926009,1.4658698978257247,23.637014569162996,0.65,2.0,0.002,4,13.614976898054278,54.45990759221712,122.5347920824885,217.83963036886848,3.8138625899781554e-05,1.2376834231507362e-05
2.042822017836951,0.0575839124521126,0.011595017066868,188242311009.5017,7872.580336857778,0.0351110362613763,5.518528326774778,10.263969924219264,0.65,2.0,0.002,4,6.1608361459852405,24.64334458394096,55.44752531386717,98.57337833576383,0.0010790471623877,0.0003870557578709
2.695006371619076,0.0758149629087523,0.0138489071078783,187036449406.42065,7823.292833633778,0.0349618555246257,2.7976417090486683,8.249742431283067,0.65,2.0,0.002,4,4.227596163160339,16.910384652641355,38.04836546844305,67.64153861056542,0.0004702705771022,0.0001946761736245
1.4101011970463666,0.0683738893233788,0.0065872179152702,204577099793.52664,7898.47252024605,0.0387986522217292,1.9816027774204985,2.3770635903573534,0.65,2.0,0.002,4,7.64517930049465,30.5807172019786,68.80661370445185,122.3228688079144,0.0003796407445726,0.0002153994884497
2.5064906777634315,0.0662030191863855,0.0056526408312741,204692891683.27347,7697.1358904759745,0.0334793597243106,7.2911475622132125,1.2643426094860974,0.65,2.0,0.002,4,2.1039492580985284,8.415797032394114,18.93554332288676,33.663188129576454,0.0374860907085993,0.0196561193372007
1.3406741407551808,0.0446372695270589,0.0176039832059582,198311317608.5408,7972.460934186585,0.014419143653931,7.180805016552236,43.42255654927731,0.65,2.0,0.002,4,22.14987523696168,88.5995009478467,199.34887713265508,354.3980037913868,5.9877877733511886e-05,2.033023478652356e-05
2.2165320624469187,0.0674745649272565,0.0185342226713363,189986295037.81787,7965.771181081352,0.0348169564116571,5.651704134375516,9.23783974293478,0.65,2.0,0.002,4,8.354160564282827,33.41664225713131,75.18744507854544,133.66656902852523,0.0014147224224133,0.0007409003606204
1.39791342318639,0.0335467061947826,0.0148407140759176,193100483132.526,7846.009752761349,0.0450616070140831,6.06531197870445,24.774585073278548,0.65,2.0,0.002,4,17.08404709957434,68.33618839829737,153.7564238961691,273.34475359318947,0.0002751245715377,0.0001023825370481
1.6987160914892672,0.0349875685163008,0.0161429333127391,217965206643.0644,7783.649446825419,0.0053872230005232,6.912678381608618,12.713707760220297,0.65,2.0,0.002,4,13.423694437223594,53.69477774889437,120.81324993501234,214.7791109955775,0.0040973597466171,0.0019882041221183
2.350152851432351,0.0690476213034165,0.0199239754487115,182213458210.64343,7798.858656750296,0.0415886418508812,0.1004673773092924,9.339831812639456,0.65,2.0,0.002,4,7.906562968208086,31.626251872832345,71.15906671387278,126.50500749132938,1.6913160972965493e-05,7.996541536620928e-06
1.2399520370726356,0.033517708417839,0.0182876009466324,219551183654.78937,7877.588816032719,0.0054394102670388,7.459666512698269,38.641576989437766,0.65,2.0,0.002,4,28.47393274038667,113.89573096154668,256.2653946634801,455.5829238461867,0.0001468082787986,5.56199633392732e-05
1.6140510786791284,0.0276263798259272,0.0163274630674512,216965712407.49127,7915.90021482666,0.0325677123245377,8.151005864544704,13.801500453441578,0.65,2.0,0.002,4,14.878488482495571,59.513953929982286,133.90639634246014,238.05581571992917,0.0024316305433446,0.001386582862706
2.393449890549107,0.0715379749816058,0.0068343430580422,217047287850.9945,7610.406961420628,0.0426289887930998,0.8597302229410029,1.5899167892990935,0.65,2.0,0.002,4,2.889020284729774,11.556081138919096,26.00118256256797,46.22432455567638,0.0015312805217381,0.0008307753772836
2.6016428940661545,0.0655251436552411,0.0128737296857096,187614215128.3184,7945.151747509375,0.0385067594553485,8.344930022366807,2.616948652344248,0.65,2.0,0.002,4,4.191022992762582,16.764091971050327,37.71920693486323,67.05636788420131,0.004830096598901,0.0024371362249177
1.540683576398655,0.0296352987550951,0.0166236185507199,199863619153.8513,7814.595169500901,0.0484437179066781,9.63944113099932,27.9466452681738,0.65,2.0,0.002,4,16.059852205189635,64.23940882075854,144.5386698467067,256.95763528303416,0.0003246620635642,0.0001042986238877
2.5327212909472805,0.0348987654740178,0.0187702883394017,180222363414.78195,7822.665334943736,0.0330019242812417,5.815273293204314,10.616836555313157,0.65,2.0,0.002,4,6.368723005464775,25.474892021859095,57.31850704918298,101.8995680874364,0.0010961455669356,0.0003937854772865
2.678947800893288,0.0621907793708786,0.0134144137337396,189445139035.37268,7659.726660163076,0.0332779803286288,4.455408700856262,7.380282668282213,0.65,2.0,0.002,4,4.215096726130934,16.860386904523736,37.9358705351784,67.44154761809494,0.001352538995953,0.000522519375188
2.781981853888089,0.062862149831472,0.0116083091471852,185994575838.09973,7983.398666221518,0.0361525415238792,3.6064206987164256,1.4164688113439998,0.65,2.0,0.002,4,3.282810884696511,13.131243538786045,29.5452979622686,52.52497415514418,0.0026278959017206,0.0014939852233815
1.4609833263010064,0.0675523359291845,0.0164304692921098,196390648326.778,7627.290064882246,0.0176083397362705,1.7377485743980725,34.11077439671927,0.65,2.0,0.002,4,17.711851956956497,70.84740782782599,159.4066676126085,283.389631311304,1.7664411954843423e-05,5.961871356991184e-06
2.142863523951907,0.0545448895020506,0.00764071316833,203265128110.7776,7745.105136127115,0.0474082896184769,2.6265017822345924,6.582467771604263,0.65,2.0,0.002,4,3.865377428546881,15.461509714187525,34.788396856921935,61.8460388567501,0.0019429167067492,0.0007371513575762
1.2583283922047956,0.0687125666352435,0.0172805274155452,209550376795.24988,7984.212185561882,0.0171742832908437,8.283822516003847,21.135968644225745,0.65,2.0,0.002,4,25.352829956678946,101.41131982671578,228.17546961011053,405.64527930686313,0.0002044111358329,9.2808877066307e-05
1.033256710822526,0.0555439468903501,0.0154951144160673,204329541509.93405,7989.217337362926,0.0152990720861953,4.86432334547839,61.52753658723172,0.65,2.0,0.002,4,33.28289037289907,133.13156149159627,299.54601335609163,532.5262459663851,1.9085839912031277e-05,6.045747581465303e-06
1.1857274103466993,0.0647484507010854,0.0062982248323915,183657908595.3843,7702.034384811289,0.0465153680793747,7.524195972907341,3.352461802199457,0.65,2.0,0.002,4,9.91927168378555,39.6770867351422,89.27344515406996,158.7083469405688,0.0010023284010189,0.0005581814138755
1.223414759550317,0.0735163643672151,0.0125128025752494,184020433848.17007,7813.987492046872,0.0353934609199365,3.2670102930631506,3.985546890519655,0.65,2.0,0.002,4,18.39641018349656,73.58564073398622,165.56769165146903,294.3425629359449,4.3493876466457786e-05,2.868600834322264e-05
1.7172467853590594,0.0287665210104853,0.0191922654224991,208697867874.77637,7918.476661859665,0.0386619630517439,2.5039098302496003,6.865953517267943,0.65,2.0,0.002,4,15.150545031541846,60.60218012616738,136.3549052838766,242.40872050466956,0.000115329405282,6.405649986171532e-05
2.3318200953322243,0.0778635832601694,0.0056607003171208,185226143430.34088,7698.912517978722,0.0411962771088594,2.7855772951971214,1.2613724889585185,0.65,2.0,0.002,4,2.315505335182525,9.2620213407301,20.839548016642727,37.0480853629204,0.0083329428764858,0.0046003537191466
1.723198059145325,0.0434904105010658,0.0063462985287679,183097443410.41757,7911.9479375489245,0.0250732801814101,9.313776436591745,6.070004919650025,0.65,2.0,0.002,4,4.662069972416184,18.64827988966473,41.95862975174566,74.59311955865894,0.0160449386259327,0.0071415069434527
1.827863616352368,0.056314661649055,0.0164041292702952,202574132277.96497,7803.504352887672,0.0377105316194381,7.08211904407966,19.22274693847678,0.65,2.0,0.002,4,11.343367842552851,45.37347137021141,102.09031058297568,181.49388548084565,0.0002828238101079,9.316657998830316e-05
1.535846424433484,0.0404361631894208,0.0171825131902557,187824403290.58905,7892.780625628609,0.0108118016153835,2.135494714785064,17.739172129771337,0.65,2.0,0.002,4,16.11318342268078,64.45273369072312,145.01865080412702,257.8109347628925,0.0003621173246201,0.0001596995900321
2.768462033693675,0.0282209030440756,0.0071679556577133,214490193318.2852,7702.840762558068,0.0325303911975676,4.689746305767829,4.210864602213515,0.65,2.0,0.002,4,2.2378227277454803,8.951290910981921,20.140404549709324,35.805163643927685,0.0168112376876143,0.0078080598494046
1.3520493974048813,0.0234906540303795,0.0068927941442976,190057644353.49545,7747.093648575883,0.0451587205478844,2.4669635987767133,6.565530742039367,0.65,2.0,0.002,4,8.468621302180088,33.87448520872035,76.21759171962078,135.4979408348814,0.0027331596271832,0.0014031206601369
1.4294438851712674,0.033730790048466,0.0082222904708824,204914037977.22192,7667.076485787783,0.021321786163095,6.910079969375177,10.608645466843347,0.65,2.0,0.002,4,9.433194837430912,37.73277934972365,84.89875353687822,150.9311173988946,0.0065236509846414,0.0030421517430813
1.1478252597238077,0.0334691886816507,0.006356876149053,185067977188.61716,7665.4066176505075,0.0185913244437925,0.209065131955801,20.53580548267145,0.65,2.0,0.002,4,10.750272893070376,43.00109157228151,96.7524560376334,172.00436628912604,3.067264529508283e-05,1.1165141776475702e-05
1.0174227731313616,0.0349793690436767,0.0111913142147843,208956726773.5556,7808.019869156379,0.043364252180753,0.4400675389493167,19.811971341068663,0.65,2.0,0.002,4,25.36092900413197,101.44371601652789,228.24836103718772,405.7748640661116,2.307067986245282e-05,1.1576881286195391e-05
1.8622757127384804,0.0610339746240709,0.0141310117363791,218882151945.77225,7655.561563059693,0.0308083690954722,0.7260776176829083,16.343052352985794,0.65,2.0,0.002,4,9.879414354859364,39.517657419437455,88.91472919373427,158.07062967774982,4.525383313822666e-05,1.5335510682586098e-05
2.229473488376578,0.0450352165915211,0.0135776296478166,186143191163.44455,7895.90801062646,0.0083757788308194,7.324829593733541,10.393345526852766,0.65,2.0,0.002,4,6.014106648765396,24.056426595061584,54.126959838888574,96.22570638024634,0.0016070469052905,0.0007075473993682
1.2218662648964478,0.0283586196584918,0.010472544356159,204293318229.7737,7723.036045768772,0.007948743519416,2.7216064994416045,15.306288577150111,0.65,2.0,0.002,4,16.359392195224316,65.43756878089727,147.23452975701886,261.75027512358906,0.0016608857315378,0.0007938501047642
1.5696151772997788,0.067253335091793,0.0144853257614945,217166505290.8428,7992.401924541509,0.0069055751299417,4.504883834167361,16.46237817924247,0.65,2.0,0.002,4,13.897251117346382,55.58900446938553,125.07526005611746,222.3560178775421,0.0004363516519748,0.000185417659426
1.4419975455096377,0.0614747141615222,0.0098260967148241,182443331660.6345,7905.176832219709,0.0062866486609289,4.515611146528224,19.61686561330644,0.65,2.0,0.002,4,10.294125266503755,41.17650106601502,92.6471273985338,164.70600426406008,0.000265510932919,0.0001153320780115
2.596836376469957,0.0416856144464753,0.0113466526682395,217455530172.56067,7956.761756384007,0.021879982093572,4.932292026653766,2.8548407875972,0.65,2.0,0.002,4,3.988640492044549,15.954561968178195,35.89776442840095,63.81824787271279,0.0075629697579031,0.0036731784164296
2.4646368443356304,0.0663798215714856,0.0060074414593655,186874774569.2541,7753.722663641583,0.044066967193808,5.416299390343143,3.037185492597817,0.65,2.0,0.002,4,2.2015732397544685,8.806292959017874,19.81415915779022,35.225171836071496,0.0225048106799064,0.0106560378417987
1.8004240423531963,0.048709606288489,0.0128736556993237,211029032560.8911,7991.002393651573,0.0249964773187204,3.488918561851299,8.074198687964818,0.65,2.0,0.002,4,9.254479761965268,37.01791904786107,83.29031785768741,148.07167619144428,0.0014211183117352,0.0007115573849512
1.4020933919446807,0.0764098200787548,0.018215622683729,188195057750.51285,7757.528288802758,0.0201505457855642,5.032441282024966,37.25483924163917,0.65,2.0,0.002,4,20.694827649967348,82.77931059986939,186.25344884970616,331.1172423994776,3.5957013949377143e-05,1.1293395241287788e-05
1.2254243448861568,0.0717338206473865,0.0136194526216671,213269026344.12268,7853.613583292939,0.0395976725197298,7.335034844596012,14.323206252067918,0.65,2.0,0.002,4,21.43112788315032,85.72451153260127,192.8801509483528,342.8980461304051,0.0001524764593313,7.663638954069178e-05
1.6257826733117615,0.0610658024836936,0.0099446766181307,183141411217.718,7738.00537138671,0.0370172647304898,1.307650166007846,12.485866372296536,0.65,2.0,0.002,4,8.299916103192796,33.199664412771185,74.69924492873517,132.79865765108474,0.0001967224233776,7.355341120172585e-05
1.566493866500228,0.053689363664863,0.0168796163771206,211352964375.02853,7775.354503433678,0.0264315788864026,9.947547314456743,22.999188153784576,0.65,2.0,0.002,4,16.262170155427587,65.04868062171035,146.3595313988483,260.1947224868414,0.0003288679743111,0.000117673747649
1.552794520838459,0.0258085142048603,0.0101899781308219,210040503057.7425,7741.656023950384,0.0068351088764047,1.2919331228603184,12.711059969650671,0.65,2.0,0.002,4,9.981805783175586,39.927223132702345,89.83625204858028,159.70889253080938,0.000640864685235,0.0002768836805047
1.5889072700073794,0.0705206673405615,0.0186600399443556,187641173837.9008,7885.678706890278,0.0443361934008119,8.801118954360918,16.771596896580107,0.65,2.0,0.002,4,16.348926833096243,65.39570733238497,147.1403414978662,261.5828293295399,0.0008841821445307,0.0005815841653229
1.5681323844063926,0.0582754249760494,0.0193205736785904,209082025926.7442,7797.9394246360625,0.0359963858531051,7.74812533329853,34.21545562986583,0.65,2.0,0.002,4,18.448125536434897,73.79250214573959,166.0331298279141,295.1700085829584,7.488308441798903e-05,2.371263230334122e-05
2.3642638949458377,0.0444589792515272,0.0131563202779145,213280062843.86624,7954.136131978638,0.0096136649019913,8.693167500685938,7.246514723735194,0.65,2.0,0.002,4,5.526503017747566,22.106012070990264,49.7385271597281,88.42404828396106,0.0052902479618534,0.0023909763267035
1.4343533113500673,0.067852926029326,0.0089263715666846,208274985718.3672,7809.52968265894,0.0426501972800293,5.164395109738313,12.761099231810098,0.65,2.0,0.002,4,10.160101596077292,40.64040638430917,91.44091436469564,162.5616255372367,0.0009151273396637,0.0003894805168234
1.3466535925919112,0.0726444696614683,0.0091357877542716,185135126562.26065,7990.497716136268,0.0140737966454372,1.4528545037719671,14.589444013926762,0.65,2.0,0.002,4,10.995651458776234,43.98260583510493,98.9608631289861,175.93042334041974,0.0001808402173449,7.240570411490756e-05
2.871451236316612,0.0288225691085591,0.0109611172110643,198163826700.06412,7861.05893492687,0.0325297980720944,6.304947203175849,5.728536186581569,0.65,2.0,0.002,4,3.0265848169239606,12.106339267695844,27.23926335231565,48.42535707078337,0.0076096792561729,0.0033091449358095
1.0556936558063472,0.0586469268698299,0.0108567837962092,187653719220.9003,7606.953160438924,0.046495355640324,5.607558368130484,29.93687745219874,0.65,2.0,0.002,4,21.93955614020251,87.75822456081004,197.45600526182253,351.03289824324014,0.000151837874935,5.808974862469605e-05
2.617098716038316,0.027426092049151,0.0192069351524514,212599682112.15137,7684.930073781871,0.0124338830245832,9.370500088963777,3.212052542862486,0.65,2.0,0.002,4,6.688187820792822,26.75275128317129,60.193690387135405,107.01100513268516,0.0025639215555996,0.0014359414024283
2.285960786005764,0.0738510819782923,0.0153972722311437,196165851028.01157,7846.759756408179,0.041583027803568,7.665977333436682,7.242355747474087,0.65,2.0,0.002,4,6.680393049104917,26.721572196419668,60.12353744194425,106.88628878567869,0.0035802959787777,0.0020335495237471
1.6219906356933071,0.0405585582554587,0.0114478466732452,183217340407.744,7731.415050730815,0.0468763116966076,0.836874588805759,6.078928712406304,0.65,2.0,0.002,4,9.60528302392337,38.42113209569348,86.44754721531034,153.68452838277392,0.0001711324037208,8.61874971462225e-05
1.192046870945792,0.0249447475815281,0.0139239419752086,196516309157.20944,7800.024139163434,0.027512664894185,0.5006592579763539,36.41810110160242,0.65,2.0,0.002,4,22.302632116966475,89.2105284678659,200.7236890526983,356.8421138714636,1.5539700632310342e-05,4.904766505121981e-06
2.979867025179061,0.0580654179478193,0.0145416821145068,182886546528.34888,7987.596693697573,0.0451752300301424,5.523046178405883,2.689499580480255,0.65,2.0,0.002,4,3.553308764955767,14.213235059823068,31.979778884601902,56.85294023929227,0.0060887542962337,0.0032510176030506
1.4439045028941344,0.0268344352891413,0.0148897129387467,211236759641.2312,7904.381191806801,0.0192323919733238,2.132072519605502,17.017634419131454,0.65,2.0,0.002,4,16.74131036566844,66.96524146267376,150.67179329101597,267.86096585069504,0.0014161973800142,0.0008740462290185
2.2165675624025427,0.0318247068105962,0.0129911907217796,207780849497.2106,7779.373330148263,0.0186071920363454,6.927719938743798,8.904865145839734,0.65,2.0,0.002,4,6.1965037625656825,24.78601505026273,55.76853386309115,99.14406020105092,0.0033697861809706,0.0013810499469717
1.7828973271736803,0.0678182835149279,0.0167592737030834,195022385698.30032,7849.085605635086,0.0152396990968769,5.84602767818616,4.126553070417024,0.65,2.0,0.002,4,11.916932500250123,47.6677300010005,107.25239250225113,190.670920004002,0.0001988527052198,0.0001078518847167
2.852566642143146,0.020830858758438,0.0140278660885448,217898951829.60547,7744.021250997651,0.0287194140127608,6.98825826840408,3.1966470370820006,0.65,2.0,0.002,4,4.146613615828321,16.586454463313284,37.31952254245489,66.34581785325314,0.019077822653087,0.0097855025392767
1.92166584876464,0.0265170626025251,0.0165964207216681,194605560818.952,7727.521476816408,0.0497203612334156,8.314055011104118,12.242309591778003,0.65,2.0,0.002,4,10.226934117772691,40.90773647109077,92.04240705995424,163.6309458843631,0.0023597193154908,0.0011056743587251
2.745999137569012,0.0447259686330231,0.0066183849642411,207505376140.6192,7673.186414165346,0.0409933528475802,3.415155905600848,3.231968734120956,0.65,2.0,0.002,4,2.069699466108464,8.278797864433853,18.62729519497617,33.11519145773541,0.0156477359658538,0.006845711095151
1.3426236203408657,0.0782484555776158,0.0169710809895887,219200826087.226,7641.463077303067,0.0084010056635509,5.406148046114713,29.862092075789956,0.65,2.0,0.002,4,22.86456941346329,91.45827765385316,205.7811247211696,365.83311061541264,9.035636805249428e-05,3.407716945348267e-05
2.3970144002774427,0.0658405244664313,0.0194874153681239,214559844606.35355,7729.521878295142,0.0377269129949918,0.8520477892585451,3.60718397554053,0.65,2.0,0.002,4,8.10289325150453,32.41157300601812,72.92603926354079,129.6462920240725,6.027794869381816e-05,3.3413441097925106e-05
1.7849933331893395,0.0567801318984173,0.0157022244737503,212643366421.0699,7732.17716066601,0.0426522219014652,3.6071188174558784,2.4911916119056263,0.65,2.0,0.002,4,11.719046036476646,46.876184145906585,105.47141432828982,187.50473658362637,0.0001196337377687,8.125070835845894e-05
1.363064759182968,0.040809776003296,0.0165544674226903,214999246290.3158,7832.096056561338,0.0100970678926953,3.107107476674944,36.88917856561696,0.65,2.0,0.002,4,21.168542374120875,84.6741694964835,190.51688136708788,338.696677985934,4.877314415144104e-05,1.6354712581022356e-05
2.761468841808376,0.0375457126896147,0.0094423694933051,193032797922.21628,7606.652432929182,0.0126451804585126,9.946407747086267,1.8331403583021992,0.65,2.0,0.002,4,2.828451373179289,11.313805492717158,25.456062358613604,45.25522197086863,0.0353119956230212,0.0181876050622348
1.81495647646504,0.0324842765301051,0.0143997534884116,197477524227.23056,7635.028979472073,0.0492653583080018,2.522152515417039,11.28811542009565,0.65,2.0,0.002,4,10.081040827773862,40.32416331109545,90.72936744996476,161.2966532443818,0.0009771857004077,0.0005232379676545
1.290765120625278,0.0363862677377361,0.0052137726427605,192765550712.71652,7832.303590649682,0.0480069994026652,1.861178284255343,2.110769720681064,0.65,2.0,0.002,4,7.039743826213448,28.15897530485379,63.35769443592103,112.63590121941516,0.0009788490897163,0.0005640240573835
1.8076689820016247,0.0215728119480356,0.0194587531748003,186049316517.6225,7804.186656018731,0.0161742243940179,7.40094627023106,21.0699019528078,0.65,2.0,0.002,4,13.18428755965842,52.73715023863368,118.6585880369258,210.94860095453475,0.0005910377586022,0.0002063273892985
1.3532386918492976,0.031723781860319,0.0167825959964948,217428646423.39917,7751.29996890166,0.0085472633888254,1.098148486593188,30.330476388221932,0.65,2.0,0.002,4,22.009526008739808,88.03810403495923,198.0857340786583,352.15241613983693,3.969960629046127e-05,1.4678976602078734e-05
1.307124898625905,0.0317094543272392,0.0129749721815317,188987231317.3397,7922.5861538514355,0.0327298137521911,0.660128916203593,14.19770970680894,0.65,2.0,0.002,4,16.81838386715027,67.27353546860108,151.36545480435242,269.0941418744044,0.0001010598721218,5.07309708092338e-05
2.2105626085192456,0.0425815778540421,0.0157730898715305,207882711632.2408,7698.985708842864,0.0245981311844656,1.4267348139838332,7.0283319709656205,0.65,2.0,0.002,4,7.605588466072952,30.422353864291807,68.45029619465657,121.68941545716724,0.0012130942437526,0.0006599599683403
1.3503661466842314,0.0452481003721907,0.016791923617919,182341822140.80585,7918.068081559498,0.0275340467116314,5.661458154487423,24.36442190798713,0.65,2.0,0.002,4,20.038266578809463,80.15306631523785,180.3443992092852,320.6122652609514,0.0002541728669057,0.0001035276946088
2.6361664210587064,0.0356861538184231,0.0199343969240582,202530566633.0824,7693.05301942404,0.0273202146285954,3.4202745911135213,10.698664942164203,0.65,2.0,0.002,4,6.673945164792305,26.69578065916922,60.06550648313075,106.78312263667688,0.0006135085381368,0.0002261227562383
1.3580950982954658,0.0282437869589165,0.0072104489978711,203963138758.1734,7911.516323250641,0.0318602165663216,8.112579384880625,11.382841573873096,0.65,2.0,0.002,4,9.000718492794826,36.002873971179305,81.00646643515346,144.01149588471722,0.0055571881360648,0.0023051860074445
2.285845533907051,0.0736813857187947,0.0088137959118313,189688606246.64404,7959.2610705179695,0.0305614913355608,7.32477482815468,6.722980539779398,0.65,2.0,0.002,4,3.7340723849333046,14.936289539733218,33.60665146439974,59.74515815893288,0.0032636446549039,0.0013240309914156
2.9702701741492774,0.0389902441718153,0.0137799121372462,211776167541.61688,7684.851175945585,0.0418243614930132,3.613813254770313,1.4865934942885972,0.65,2.0,0.002,4,3.7179590792446735,14.871836316978694,33.46163171320206,59.487345267914776,0.0028067631067723,0.0015637009420569
1.9413845170608293,0.0300321427902673,0.0159932067018026,181835403560.7431,7645.566548124453,0.047345251059421,5.224455208121048,6.376041352863589,0.65,2.0,0.002,4,9.383742176612508,37.53496870645003,84.45367958951256,150.13987482580012,0.0011780984408651,0.0006151980367434
1.0808507664193283,0.0770396156077214,0.0193464441562587,191045594742.2212,7851.318193097253,0.0140861859862943,5.519970766544543,58.80146999636387,0.65,2.0,0.002,4,37.04214804154423,148.16859216617692,333.37933237389814,592.6743686647077,1.5550529793088725e-05,5.0177858924641365e-06
2.1248592360676013,0.0232753429955855,0.0098056843945622,205156384756.1096,7965.16523355287,0.0211008036766765,8.614235450546188,9.261451448145673,0.65,2.0,0.002,4,4.997950597215137,19.99180238886055,44.98155537493624,79.9672095554422,0.0057382920085035,0.002351216978529
1.6352712687271234,0.0246865035848218,0.0054475215514954,193859146216.28723,7607.613659126994,0.0124469490911798,7.279314876423601,6.875926320084412,0.65,2.0,0.002,4,4.663022611763691,18.652090447054764,41.96720350587322,74.60836178821906,0.018218609977784,0.0082597072956463
1.4445866803810756,0.060338586824461,0.0109814784565974,213419166152.01248,7855.307738265038,0.0179696622688014,6.019440428634994,21.88565493663149,0.65,2.0,0.002,4,12.43763945210068,49.75055780840272,111.93875506890612,199.00223123361087,0.000265372822513,9.025556996468314e-05
2.9242703979670504,0.06232652659112,0.0050191061937633,180931179259.29013,7876.12008138735,0.0235690293895476,8.410762397201436,0.6523871574862559,0.65,2.0,0.002,4,1.2756194281074706,5.102477712429883,11.480574852967235,20.40991084971953,0.1038690930448036,0.0602896859295652
1.2265921999527207,0.0357395045890962,0.0164856550784285,211915573865.94815,7699.206052982794,0.044138986725058,3.819409893736549,42.65871996453325,0.65,2.0,0.002,4,26.06714884037137,104.2685953614855,234.6043395633424,417.074381445942,4.863468552637916e-05,1.5643086011941072e-05
1.4439369573692369,0.0494270441602104,0.0087053824962762,213271846172.29843,7888.439683856694,0.0457960168301446,2.0597803859232,8.798052391697068,0.65,2.0,0.002,4,9.844459054365778,39.37783621746311,88.60013148929201,157.51134486985245,0.0010327587258345,0.0005889548819636
2.1312899713295943,0.0642887468219356,0.014802202813744,194649702538.9826,7727.395507861293,0.016286848529633,5.793939761394909,5.486481971750443,0.65,2.0,0.002,4,7.416189582227544,29.664758328910175,66.74570624004791,118.65903331564073,0.0014511774677928,0.0006966893575788
1.7487356672551415,0.060109657419461,0.0171935802154364,215249328626.86835,7818.806491282533,0.0418948304818865,5.161928938785681,14.101068900892134,0.65,2.0,0.002,4,13.376666742644892,53.50666697057957,120.39000068380405,214.0266678823183,0.0008186670388651,0.0005047588139887
1.138621398507624,0.0796340451586208,0.013330087052918,205447030006.50977,7673.256260902037,0.0465532142751026,5.754523905870078,22.8189949646203,0.65,2.0,0.002,4,24.12479542626811,96.49918170507244,217.123158836413,385.9967268202898,0.0002741933467285,0.000176814218958
1.1760245829867209,0.0573824169658413,0.0113854842342557,185087000793.72983,7853.753900838262,0.0352872238187718,4.456200926748794,29.654002200752263,0.65,2.0,0.002,4,18.121630666184668,72.48652266473867,163.09467599566204,289.9460906589547,0.0001073459069071,3.4552216645418894e-05
1.5917596102523313,0.0771261358727078,0.0054387566009321,187521588260.70303,7846.74950169237,0.0406853020426238,8.847945445844147,3.5255212623114534,0.65,2.0,0.002,4,4.758331099594808,19.033324398379232,42.82497989635327,76.13329759351693,0.0108988664912144,0.0055178924397049
1.6740397414689403,0.0287944475280918,0.0093003905537292,189568176750.0229,7914.745960374875,0.0205465855106329,5.006091507567346,10.406597089157575,0.65,2.0,0.002,4,7.364836997683109,29.45934799073244,66.28353297914798,117.83739196292974,0.0027616988002895,0.001088539321567
1.4677566851663824,0.0474242806929822,0.0137727760328961,185561363971.41388,7939.524247732451,0.0238495215030601,8.648390163882672,21.97725344945305,0.65,2.0,0.002,4,14.014872248895252,56.05948899558101,126.13385024005728,224.23795598232405,0.0003924231530502,0.000134331593932
1.5988229896330488,0.0228430540290559,0.0053716681274239,197201062785.8209,7953.3381082811875,0.0159828250456935,5.78314950724003,6.793364186160386,0.65,2.0,0.002,4,4.744796179760741,18.97918471904297,42.70316561784667,75.91673887617186,0.016223765200057,0.006992932886487
2.247062399132731,0.0327529889856677,0.0083318835271707,187573834369.80945,7675.992638149833,0.0274680976950091,3.1670043682565208,5.9192918182211525,0.65,2.0,0.002,4,3.698801562673105,14.79520625069242,33.289214064057944,59.18082500276968,0.0048488918772212,0.0019942456397423
1.0283172696478269,0.0780657235199073,0.0144929379175213,180433306921.03143,7796.207911488605,0.0120891573180223,8.071303041260727,7.523270321638862,0.65,2.0,0.002,4,29.89840876096166,119.59363504384665,269.08567884865494,478.3745401753866,3.686848006276624e-05,2.222510037140543e-05
2.6876495400710283,0.0247369721133267,0.0177632121463385,193724821181.80383,7762.490645589,0.02029374930594,9.123651055616106,2.425580579218841,0.65,2.0,0.002,4,5.570543511045639,22.28217404418256,50.13489159941076,89.12869617673023,0.0040333900250992,0.0022348176755006
2.270539726479856,0.0200030376216457,0.016053854709159,200101757160.67044,7683.353982913783,0.0050679750392877,7.098745243637161,10.037100294612632,0.65,2.0,0.002,4,7.206101954876825,28.8244078195073,64.85491759389143,115.2976312780292,0.0039598443958821,0.0018203713498439
1.9130946459881044,0.043644318450108,0.0171545383291019,195113505767.71292,7812.176471841231,0.0317082016598986,0.3161307772935349,11.97317805693709,0.65,2.0,0.002,4,10.621675264375048,42.48670105750019,95.59507737937544,169.94680423000077,7.587059658392234e-05,3.687554629758276e-05
2.3840680484262915,0.0390899857618365,0.0126282855592413,188670862792.072,7801.190687413607,0.0279536844303551,3.082838705292178,3.304924371828976,0.65,2.0,0.002,4,4.95459687271949,19.81838749087796,44.59137185447541,79.27354996351184,0.0024650934923698,0.001245063017905
1.4985299272530916,0.042039977631272,0.0132733915909982,200104578653.8928,7862.059176805428,0.0402551428621538,7.6006752435491425,24.806825831268487,0.65,2.0,0.002,4,13.521992120543157,54.08796848217262,121.6979290848884,216.35187392869048,0.0002799112293169,9.071037838468626e-05
2.4897038344618525,0.045462650107422,0.0065280460486446,182123791779.89792,7683.296070791479,0.0375020616302196,3.7991322289948974,2.365460310605904,0.65,2.0,0.002,4,2.325019739163085,9.30007895665234,20.925177652467763,37.20031582660936,0.0757892100095907,0.0365813891906901
2.872254926751488,0.0462742422319251,0.0107497973416611,209187428347.09512,7821.19722610116,0.0471262994077308,7.824984789702983,3.247827318833815,0.65,2.0,0.002,4,3.0557283009188128,12.222913203675253,27.50155470826932,48.89165281470101,0.0432693908292126,0.0237614715373087
2.1349763286741466,0.0339600167754197,0.0130463279175264,209419580861.30783,7801.181345703536,0.0248886296772525,5.3380637986592605,7.978648612443869,0.65,2.0,0.002,4,6.724498051745466,26.897992206981865,60.52048246570919,107.59196882792746,0.0042541138357906,0.0019307967641971
1.0683236564894991,0.064733618148715,0.0068729525894499,203285965253.07578,7655.169239382621,0.0079946029154112,5.382584248622491,24.928845598012508,0.65,2.0,0.002,4,14.071591251310846,56.28636500524338,126.6443212617976,225.14546002097356,0.0002845772110251,0.0001086773039042
2.4771607729147656,0.0390291902677987,0.0183502918567654,203753221921.1379,7650.41053669865,0.011467339765499,6.961644726604045,3.578069152227981,0.65,2.0,0.002,4,6.997996384169143,27.991985536676573,62.98196745752229,111.96794214670628,0.0013237593447974,0.0007516872566151
1.8578134647682647,0.0221941741147277,0.0173250237445822,197228516166.4845,7728.386956689063,0.0322985470974926,7.565964407107453,13.125393123125678,0.65,2.0,0.002,4,11.498450088727996,45.99380035491199,103.486050798552,183.975201419648,0.0028084483148616,0.0013276481757607
2.962412938198796,0.0218220896663449,0.0158745086692942,219963763151.9055,7918.847434517582,0.0277410651365811,8.859747423523935,6.37327164470609,0.65,2.0,0.002,4,4.32297712343116,17.29190849372464,38.90679411088044,69.16763397489856,0.0090174679725632,0.0038581782253858
1.4200530428647256,0.0600193711754299,0.0151633256070429,197695421463.1834,7794.660991670842,0.0072801579604778,4.615378506950129,28.17396113256655,0.65,2.0,0.002,4,17.17173869954681,68.68695479818724,154.5456482959213,274.747819192749,9.681240465891953e-05,3.575442056903535e-05
1.2402953300273447,0.0473307078924926,0.0165601755614865,181628249316.1113,7765.396802905302,0.0115572939724071,1.839911115718902,26.502819923786777,0.65,2.0,0.002,4,23.607709140125284,94.43083656050112,212.46938226112755,377.7233462420045,0.0001087107436845,4.575459335976477e-05
2.717868839869536,0.0570892110436187,0.0135534434239917,192520714437.84265,7865.241869447458,0.0112862619988027,5.296503014345559,1.683549552725153,0.65,2.0,0.002,4,4.1162771032792245,16.465108413116898,37.04649392951302,65.86043365246759,0.0023820710212832,0.0013305064963759
2.7228401549191474,0.069517745320516,0.0179193842447594,193764016107.69095,7789.665410843472,0.0431615077263379,9.112945891821406,2.5380351747940386,0.65,2.0,0.002,4,5.466196056419292,21.86478422567717,49.195764507773625,87.45913690270866,0.0014534166038039,0.000821161006859
1.7573913562435466,0.0618262598975665,0.0102268553247636,180052694875.20236,7637.575286068714,0.0396955546800248,0.931651923245384,9.324245482164171,0.65,2.0,0.002,4,7.29048557600141,29.16194230400564,65.61437018401269,116.64776921602255,0.0002964814928223,0.0001260636187365
1.4488126214610957,0.0795599550241783,0.0167934015508413,213943605906.33408,7949.312276035752,0.0373507012041394,4.715209757503162,34.8294108108896,0.65,2.0,0.002,4,18.820378871073466,75.28151548429386,169.3834098396612,301.12606193717545,3.6124622837679694e-05,1.1467814072544142e-05
2.034829130282903,0.0315214093941608,0.0090642791409378,184786618150.72223,7742.957863938456,0.0232686352012027,4.096804207688221,7.297372308063283,0.65,2.0,0.002,4,4.849404862729857,19.39761945091943,43.64464376456872,77.59047780367771,0.0039920617885088,0.0016775190784865
2.706688948752052,0.0671029793665269,0.0191183462803507,211555154241.60403,7830.698844733076,0.0341910592034863,8.226853266253276,9.524040106409272,0.65,2.0,0.002,4,6.150556641520719,24.60222656608288,55.35500977368648,98.4089062643315,0.0010018496009993,0.0003782617515093
2.082757498451409,0.0223004345875617,0.0062224553835924,203090317408.9481,7934.11753484615,0.0473684642570901,9.449917498207393,4.085617968411291,0.65,2.0,0.002,4,3.290856357322137,13.16342542928855,29.617707215899237,52.6537017171542,0.0698939888696224,0.0338597797836786
2.4812964268878472,0.0496911366634488,0.0112020569529665,213175979470.4657,7936.1453890920575,0.0315006763004307,7.05103083319129,4.417684850971474,0.65,2.0,0.002,4,4.275964154843607,17.10385661937443,38.48367739359246,68.41542647749772,0.0284143703520511,0.014894414528337
2.214604967581612,0.0556727606551944,0.012786151150285,186204710580.74945,7610.817265509842,0.0309283160473148,4.28987798922249,5.4860271188013074,0.65,2.0,0.002,4,5.847311535853829,23.38924614341532,52.62580382268446,93.55698457366128,0.0061007354879303,0.0036211881546841
2.974791082959154,0.0497476641448905,0.0057515925401825,204315847788.1066,7912.441830964272,0.0233472312625965,4.857268897119208,2.188135353082901,0.65,2.0,0.002,4,1.497615015055071,5.990460060220285,13.478535135495642,23.96184024088114,0.0527682529352985,0.0259514501475263
2.006091609655355,0.0713582480104474,0.0156391101671337,211828344885.00015,7756.193995907408,0.0288037956610831,0.4314873330712947,8.190356229635022,0.65,2.0,0.002,4,9.208894018726088,36.83557607490435,82.88004616853479,147.3423042996174,0.0001101996922185,5.7808789961490366e-05
2.4555232930651085,0.0672744437924603,0.0060773780685798,208342406808.7417,7921.835789449658,0.0480485910270674,5.846657680546112,2.6121840496442963,0.65,2.0,0.002,4,2.343868877931503,9.375475511726012,21.09481990138353,37.50190204690405,0.0478707229333809,0.0276823997371194
1.4883147737086313,0.0650708082796211,0.0066429689010941,214083584392.21332,7672.229835042098,0.0227380760660716,9.65964131259034,8.928379253817235,0.65,2.0,0.002,4,7.183444972835783,28.733779891343133,64.65100475552205,114.93511956537252,0.0056917935929763,0.0024479029513299
1.5641978121110502,0.0589405129179324,0.0153590258442002,201055523355.60385,7844.478920561108,0.0245039374409155,7.627833811879143,3.974148034516108,0.65,2.0,0.002,4,14.410715060240038,57.64286024096016,129.69643554216034,230.57144096384064,0.000195336553681,0.0001144313771581
2.0200201684885637,0.0634659461181553,0.0073777864281072,211836245923.09476,7833.188784658171,0.0117383235760436,8.695472909360467,4.127414196296807,0.65,2.0,0.002,4,4.263583383394465,17.05433353357786,38.37225045055019,68.21733413431144,0.0647256834856606,0.0303993668819498
1.6377262989921906,0.0280009523108296,0.0140168167582381,210359409088.8894,7917.279349682863,0.0119980670455522,5.612983972605428,20.33313654676507,0.65,2.0,0.002,4,12.214873971672992,48.85949588669197,109.93386574505692,195.43798354676787,0.0005041562533824,0.0001826150931582
1.8294122952052625,0.072727047615315,0.0115652986452663,190081749554.582,7809.22823796961,0.0133699188643728,5.862247658024835,15.343505846899893,0.65,2.0,0.002,4,7.730882471865288,30.923529887461157,69.5779422467876,123.6941195498446,0.0003683730685951,0.0001598267349557
1.1090006299825912,0.0569785381956519,0.0056352582737025,215365828454.6727,7883.831314040248,0.0127907530890126,1.0080379576595608,5.759301810870488,0.65,2.0,0.002,4,10.859234958470044,43.43693983388018,97.7331146262304,173.74775933552073,0.0001888331938373,9.883512370535377e-05
2.7811556265479327,0.0255812154214619,0.009311277572528,214631593852.90472,7975.765325208882,0.0241666283616155,2.0071754202252854,2.708793053501913,0.65,2.0,0.002,4,2.8317087707312965,11.326835082925186,25.485378936581668,45.30734033170074,0.0412464509262981,0.0195864411044582
2.084639197778603,0.034089860983697,0.0184913706136647,187646159722.96985,7661.58356496368,0.0055473184271308,1.9012838148575544,5.171353560510476,0.65,2.0,0.002,4,9.548763275190655,38.19505310076262,85.9388694767159,152.78021240305048,0.0002601476448387,0.0001347339651689
2.903908911289413,0.0688194096449602,0.0156736656878946,210959746266.0014,7735.738722760819,0.01831489283332,3.876066569119757,2.3190714249643847,0.65,2.0,0.002,4,4.401318072501756,17.605272290007026,39.61186265251581,70.4210891600281,0.0012885959525866,0.0007032519402181
1.7040223657883404,0.0737820273065747,0.0156132505521232,182377209260.5224,7958.187244203726,0.0236254502541216,3.052451744942574,16.469468081210735,0.65,2.0,0.002,4,11.672132473402986,46.68852989361194,105.04919226062688,186.75411957444777,0.0001537144643289,5.674888434094606e-05
1.973581653733767,0.0592152182781297,0.0050783920176542,189154544016.6189,7629.507409630874,0.0484584186503308,8.050801450340197,0.7529608408146423,0.65,2.0,0.002,4,2.943780455429871,11.775121821719484,26.49402409886884,47.100487286877936,0.0143044074192962,0.0088422666816107
2.442988148390956,0.0721675605174226,0.0133891227818988,217053706135.58292,7955.155438274797,0.043207587026622,2.3722490672630583,6.145872020384551,0.65,2.0,0.002,4,5.313710943970942,21.254843775883767,47.82339849573848,85.01937510353507,0.0013585962349642,0.0006902967150881
2.6914302814682616,0.0352934148223544,0.014816660909679,209485996875.89417,7742.996895526,0.0475697655969973,9.674810808289523,5.191501952229943,0.65,2.0,0.002,4,4.8243219586486905,19.29728783459476,43.41889762783822,77.18915133837905,0.0187619439124789,0.0112553996183925
1.9728159640635807,0.0405342161140296,0.0072691452500657,198843337926.19165,7680.572160993411,0.026163329061183,5.966027417714178,6.929027225415297,0.65,2.0,0.002,4,4.309215261533687,17.23686104613475,38.78293735380319,68.947444184539,0.0061835296105213,0.0024637945672077
1.6523179341083758,0.0381662919179871,0.0138978940965301,210061686773.12424,7975.106687458936,0.0092322535406066,1.588780141632655,14.947135831388051,0.65,2.0,0.002,4,11.846667303599634,47.38666921439854,106.6200057323967,189.54667685759412,0.0002750938775075,0.0001133761044938
2.461916749468922,0.0656189471729016,0.0181173995602766,211662903552.60333,7772.741036101376,0.0103386380686452,3.796311321811432,13.30711276997022,0.65,2.0,0.002,4,7.073162987700884,28.29265195080353,63.65846688930795,113.17060780321414,0.0002477505153451,0.0001060654228106
2.0539107758104365,0.0446370494185222,0.0162478812456172,202193453176.3844,7919.1244592165585,0.0384734275137087,9.85267794095282,14.645370972862928,0.65,2.0,0.002,4,8.824859582513653,35.29943833005461,79.42373624262288,141.19775332021845,0.0008595240029002,0.0002930563776349
2.808690446612373,0.0625432326628351,0.0143736869815859,202150970716.2596,7607.887890038083,0.030214871704814,7.812013100959767,8.428589158698202,0.65,2.0,0.002,4,4.25888140100577,17.03552560402308,38.32993260905193,68.14210241609231,0.0015233044007363,0.0006444046620103
1.7211302215517008,0.0669656808833661,0.0080940935510801,187466484147.8172,7798.810338486993,0.0064821206614262,2.330443653945101,9.131471946390272,0.65,2.0,0.002,4,6.0745995061115545,24.298398024446215,54.67139555500399,97.19359209778489,0.000797250290624,0.0003735354730431
1.525569936555318,0.0618191349354728,0.0111680176705973,213623512905.2396,7898.970878295629,0.0288995599043517,2.565711578628836,18.40328775643627,0.65,2.0,0.002,4,11.315672585865062,45.26269034346025,101.84105327278556,181.050761373841,0.0001543201792603,5.213941375079896e-05
2.916689808981367,0.0374020216693097,0.0140627739117534,212322104012.43024,7957.549127553208,0.047603673045066,4.010608629191761,5.648439613652565,0.65,2.0,0.002,4,3.871931813529743,15.487727254118973,34.84738632176769,61.95090901647589,0.0032084372760625,0.0013800890283449
2.706331968943946,0.0600897984765459,0.0184031329249329,202311567606.5596,7884.172902567308,0.0396663172782167,8.2659748177716,8.965110129371979,0.65,2.0,0.002,4,5.7715328141698725,23.08613125667949,51.943795327528846,92.34452502671796,0.0012882919176311,0.0004853134762369
2.356962247779632,0.0678878697234132,0.0083102557612305,208559056677.2288,7697.541920502348,0.0064306534863554,0.8393308138909947,1.001960600727272,0.65,2.0,0.002,4,3.5308306422686937,14.123322569074777,31.777475780418246,56.4932902762991,0.0006072123454868,0.0003518793643606
2.403857577306331,0.0587599142346779,0.0101337263896025,194252926648.60303,7698.688953654101,0.0482861865364258,8.615993492400355,4.832831133598092,0.65,2.0,0.002,4,3.994444215692215,15.97777686276886,35.94999794122994,63.91110745107544,0.0114046092014964,0.0056405960908493
2.706689342288118,0.0379366190671343,0.0138548037632472,195877602709.91336,7709.930020302027,0.0448950902977341,1.9571774512009643,1.5243238563172852,0.65,2.0,0.002,4,4.3223504815875,17.28940192635,38.9011543342875,69.1576077054,0.0010867965575483,0.0006014628219089
1.4541755625855426,0.0469475674122157,0.0197704090229183,199547486054.6788,7603.529570321794,0.0159137388612783,9.78670282173719,43.00930680001412,0.65,2.0,0.002,4,21.71834536753152,86.87338147012606,195.46510830778365,347.49352588050425,7.195629760758365e-05,2.4651587002673555e-05
2.276713391387249,0.0674681266195815,0.0111558246104717,219125280402.27203,7703.033583333038,0.0442886259095009,7.240033419091457,9.72871176866657,0.65,2.0,0.002,4,5.205105716126184,20.82042286450473,46.84595144513566,83.28169145801894,0.0012755107716775,0.0004744215491137
1.0575412376035702,0.0700248306527104,0.0051953555983909,183537363772.24545,7606.78120067824,0.044612543413437,0.5424853358662031,9.01035528106742,0.65,2.0,0.002,4,10.346934324507377,41.38773729802951,93.1224089205664,165.55094919211805,0.0002709697186188,0.0001486748163173
1.3630462162193877,0.051777514457569,0.0156004388196983,203011798105.14008,7637.243732343412,0.0429983876374508,1.8322805911261333,30.95107302074984,0.65,2.0,0.002,4,19.630764774860616,78.52305909944246,176.6768829737455,314.09223639776985,3.309760156375758e-05,1.1102566976681025e-05
2.001265714307811,0.0776013954770044,0.0109104317027578,202489102184.86267,7971.482637954975,0.0123264973029451,5.549807472455547,2.429364872794753,0.65,2.0,0.002,4,6.225768302132094,24.903073208528376,56.03191471918885,99.6122928341135,0.0009657650882537,0.0005301239209314
1.7733890061584237,0.0722629065391162,0.0099662866854796,182505977703.78293,7983.652566873912,0.035630460903824,5.454481844181903,11.627694593088917,0.65,2.0,0.002,4,6.87056319300692,27.48225277202768,61.83506873706228,109.92901108811073,0.0007517330820109,0.0002647582484957
2.1081784912431805,0.0595596606658551,0.0195921208035358,198227874400.84732,7859.286416108553,0.0310117661563969,3.2437934494869727,6.580663369925074,0.65,2.0,0.002,4,10.03891441440445,40.1556576576178,90.35022972964006,160.6226306304712,0.0002581598797849,0.0001274849817103
1.8382365674970205,0.0700781122782134,0.0128932927954414,207870585735.78604,7743.433077380857,0.0217296333109496,4.421433571486345,12.055844172292602,0.65,2.0,0.002,4,8.964375545487469,35.85750218194988,80.67937990938722,143.4300087277995,0.0005841108427169,0.0002294908363535
1.8712735316457263,0.0642051365724134,0.0160356891406813,211559683138.46613,7967.403553762981,0.0274384100481451,1.1291376515385476,2.884758552845496,0.65,2.0,0.002,4,10.700409041525496,42.80163616610199,96.30368137372946,171.20654466440794,4.469480810487775e-05,2.648299119398663e-05
2.5834051622316734,0.0688449254219441,0.0196617621739409,217587935398.52237,7807.971005634629,0.0367676405962854,4.0840437583864535,9.669520924537409,0.65,2.0,0.002,4,7.052043072540542,28.208172290162167,63.46838765286488,112.83268916064868,0.0005088533593163,0.0002019846470212
2.8419418959685165,0.0293390830775637,0.0099031647873995,197485387625.1832,7895.191155170351,0.0426086056456592,0.6797487148274745,4.520536137146881,0.65,2.0,0.002,4,2.7807313265215523,11.12292530608621,25.026581938693973,44.49170122434484,0.0015531597838245,0.0006376084438526
1.912085588324852,0.0551594150125108,0.0062059759756324,218180049772.05252,7963.012901988529,0.0135535422254028,6.664712537636082,6.557587751618208,0.65,2.0,0.002,4,4.028965014937499,16.115860059749995,36.26068513443749,64.46344023899998,0.0066146255537095,0.0028877651356488
2.157955049500485,0.0202771279305996,0.0055781299898515,207216752226.79688,7825.067205532773,0.0061939596742733,7.460253616101615,4.846362770901928,0.65,2.0,0.002,4,2.795126642233742,11.180506568934968,25.15613978010368,44.72202627573987,0.0412326208531652,0.0200575569931221
2.1851688961172844,0.022198519044553,0.0179050266212022,210488479010.21204,7856.995018531757,0.0326564213034637,2.26647137729344,5.157905147002444,0.65,2.0,0.002,4,8.80075905039476,35.20303620157904,79.20683145355284,140.81214480631616,0.0005921688806285,0.0002963285543045
2.6714621402938628,0.0519754158798082,0.0093299544003784,210942955769.43,7810.754153213295,0.0276257612922433,1.8898188366257984,6.13482977469728,0.65,2.0,0.002,4,3.080681190596516,12.322724762386065,27.726130715368647,49.29089904954426,0.0012669012103882,0.0005822008457167
2.693660986243435,0.0658127159440045,0.0123656968633976,189808557535.9909,7715.240166339141,0.0325523716462395,2.5384095938174167,3.0114028250170937,0.65,2.0,0.002,4,3.833055847792936,15.332223391171745,34.497502630136424,61.32889356468697,0.0030537090851122,0.0015695594599275
1.1787934046444468,0.0722355843767874,0.0051539530250992,183331844124.3321,7924.843748966302,0.0108768674405599,7.954241614863188,6.720306940790982,0.65,2.0,0.002,4,8.089429877971966,32.357719511887865,72.8048689017477,129.43087804755146,0.0063931299623534,0.00307862124439
2.242653344376373,0.0625087917224818,0.0105501622436876,199501425897.05637,7743.526669637224,0.0217807235733081,4.517543765023619,3.5329469519897203,0.65,2.0,0.002,4,4.828004862667282,19.312019450669126,43.45204376400554,77.2480778026765,0.0036678769890588,0.001796424888718
1.9408090718658324,0.0479612688331331,0.0157538929014374,219651463019.43457,7611.144940694498,0.0228211947708246,8.581502592342071,13.512021639138748,0.65,2.0,0.002,4,10.188108692037227,40.75243476814891,91.69297822833504,163.00973907259564,0.0011071414982741,0.0004372327062505
1.91582236236183,0.0475736763285702,0.0162971327789941,191582805384.0047,7695.087127203576,0.0434445884614323,6.923711696389242,10.63248385298006,0.65,2.0,0.002,4,10.046192021221072,40.18476808488429,90.41572819098964,160.73907233953716,0.0025005700922822,0.0015274659065478
1.628485956049549,0.0656180026348797,0.0154129968823319,219482211161.07425,7743.813428443174,0.0174131291685595,3.844255331524773,22.561767764765364,0.65,2.0,0.002,4,14.030415493248237,56.12166197299295,126.27373943923412,224.48664789197176,0.0001112927484758,3.803868806369437e-05
2.6724903536852027,0.0210896326348618,0.0139357066202859,189251221587.4741,7949.555399161521,0.0164149027952822,6.146624319030641,5.164647331241039,0.65,2.0,0.002,4,4.316918820704146,17.267675282816583,38.85226938633732,69.07070113126633,0.0179881396568455,0.0087426035174509
1.7820495451630411,0.0422763408720467,0.0165112405203825,206859334304.913,7948.880983239998,0.0276917800742067,2.9581208821954754,13.321612282579324,0.65,2.0,0.002,4,12.026907573846284,48.107630295385135,108.24216816461656,192.4305211815405,0.0006847966382862,0.0003366089824441
1.1834473581180134,0.0600493953888054,0.0148327660751457,206516388568.4038,7607.906578137076,0.01969460792023,2.058317487866049,40.0498310307063,0.65,2.0,0.002,4,25.02062696458906,100.08250785835624,225.1856426813016,400.33003143342495,2.162503975521389e-05,6.928807313272353e-06
1.5053806559342515,0.047190587312149,0.0067014874690324,218646326965.0394,7820.039038816968,0.0114824191719453,7.981074172419249,10.612171978581204,0.65,2.0,0.002,4,7.09046037260999,28.36184149043996,63.81414335348991,113.44736596175984,0.0034043277886282,0.0014669572790049
1.1873580150779597,0.068608498731879,0.0181934358823062,204664606214.80905,7845.262182881177,0.0217166679074175,2.5697427966923305,32.8376767749578,0.65,2.0,0.002,4,29.888095568430973,119.5523822737239,268.9928601158788,478.2095290948956,6.211810778154795e-05,2.894850226014036e-05
2.91315905906258,0.058045846470992,0.0065356559120683,189759863674.20636,7751.549758969566,0.010641089802931,8.49488421351311,0.9504887012433852,0.65,2.0,0.002,4,1.7278178168573444,6.9112712674293775,15.5503603517161,27.64508506971751,0.0580581241895872,0.0324719824453441
2.59219272223212,0.066801066161097,0.0087819745482368,205880838672.1773,7999.435056622542,0.009705428309916,5.275277526812761,2.253985744325902,0.65,2.0,0.002,4,3.0065273578795413,12.026109431518163,27.05874622091587,48.10443772607266,0.0133218347080786,0.0067858469080634
1.7129645595709009,0.0624049297187767,0.0136190992495743,206493820904.654,7635.153488821428,0.0443622551816934,3.551932421459282,7.493175860443866,0.65,2.0,0.002,4,10.945246014643889,43.78098405857555,98.507214131795,175.1239362343022,0.0003410043570085,0.0001764303058793
1.5531440273138055,0.0218125968945242,0.017237500329899,187058405658.77228,7620.722046255949,0.0390144978871646,3.5654279014924906,14.461042215429297,0.65,2.0,0.002,4,16.05353329219695,64.2141331687878,144.48179962977255,256.8565326751512,0.0008815438934222,0.0004922206950019
2.7782921982660973,0.0629424101659211,0.0138043324929477,185215624480.5037,7764.380084763833,0.0497908627194483,6.51867892410878,5.010431273040185,0.65,2.0,0.002,4,3.960720927683487,15.842883710733949,35.646488349151376,63.37153484293579,0.0049856170906906,0.0023098560733318
1.460271557436983,0.0300931160969896,0.0178749845141982,198754140719.26944,7956.743040299026,0.0386618110954772,1.6516273335781275,7.968791930955597,0.65,2.0,0.002,4,18.997572117156377,75.99028846862551,170.97814905440742,303.96115387450203,4.828902324753148e-05,2.648248709707431e-05
2.820653820370505,0.0321513444754511,0.0131311855242607,208055644049.7373,7981.168987394226,0.0324527217299228,2.625558617171069,5.066266187262582,0.65,2.0,0.002,4,3.8211150344390856,15.284460137756342,34.39003530995177,61.13784055102537,0.0039429213777988,0.0017477950380011
1.740535908750656,0.0571491508001863,0.00835475954335,189935590850.3213,7847.583263303992,0.0268174796161172,9.64754348372098,4.159122019039522,0.65,2.0,0.002,4,6.152228310072471,24.608913240289883,55.37005479065223,98.43565296115952,0.0052237719609879,0.0026741201363129
2.906602778466321,0.0221884418094035,0.0102997831496047,214698441881.08975,7709.622615654789,0.0174028764466974,8.9976429790793,4.944995128519664,0.65,2.0,0.002,4,2.917318545547937,11.669274182191748,26.255866909931434,46.67709672876699,0.0235657593125657,0.0104858616975427
2.2957998402506004,0.022429937116002,0.0124348096186428,206182798651.15927,7814.527910889052,0.0157025923196806,8.302119787852364,10.694804846269134,0.65,2.0,0.002,4,5.495094856271118,21.98037942508447,49.45585370644007,87.92151770033789,0.0033067260712909,0.001466517736214
1.1329246102760104,0.0505981942983329,0.0089052305476074,198043264587.23608,7782.5199402327235,0.0193474320830631,4.914613357672229,14.03391592765916,0.65,2.0,0.002,4,15.870562391539892,63.48224956615957,142.83506152385905,253.92899826463827,0.0011020548932482,0.0005337076369453
1.0138671752949275,0.023073809162304,0.0138832218380103,183372210822.655,7947.400636605915,0.0391749836173005,0.1873008820648076,36.2381800470561,0.65,2.0,0.002,4,29.417895373672277,117.6715814946891,264.7610583630505,470.6863259787564,8.050440255122986e-06,3.3603044901222703e-06
2.6167438290740472,0.0337820472051598,0.0088599897812165,190497224266.83823,7977.197055031989,0.0160435206332563,5.145191609591362,2.3792114248886724,0.65,2.0,0.002,4,2.867208156943996,11.46883262777598,25.80487341249596,45.875330511103925,0.0390204749242226,0.0202897115417149
1.518832478588228,0.0341537200795925,0.0132209583064898,191659473589.2953,7608.534716882398,0.0225837448847965,5.581961645102416,17.49936391074747,0.65,2.0,0.002,4,13.04328761345478,52.17315045381912,117.38958852109302,208.69260181527648,0.0007113611796617,0.000269478473934
2.46698980912566,0.0727019440286481,0.0106857904255595,200680779473.9772,7896.686564207894,0.0379011189493757,7.85130528725824,4.920167682148158,0.65,2.0,0.002,4,4.0135773289951935,16.054309315980774,36.122195960956745,64.2172372639231,0.0077266892991328,0.0037267777931671
2.329159419054628,0.0707805810193981,0.0198964829407645,196806514180.98557,7925.566273483828,0.0385060891783115,4.583414640548978,15.484840273780671,0.65,2.0,0.002,4,8.28727445658029,33.14909782632116,74.58547010922261,132.59639130528464,0.0001678032108598,5.837018089777612e-05
2.4410568305013265,0.0736791382887089,0.0185066448623831,211101022346.41797,7676.081073705474,0.0191242177995222,9.36956501860013,9.429083375137711,0.65,2.0,0.002,4,7.385443091478018,29.541772365912077,66.46898782330217,118.1670894636483,0.0015173313332047,0.0006322334821898
1.8292725701437689,0.0417540212126962,0.0072870199224983,207075985862.5129,7777.947682594105,0.0109808904279208,5.658426806106987,10.097423294800675,0.65,2.0,0.002,4,5.095123631822179,20.380494527288715,45.856112686399605,81.52197810915486,0.002296733224927,0.0011269011786312
2.025843155110672,0.0250163230984386,0.0091110139804358,219695327043.7576,7881.855407572062,0.0072799983177291,4.54199851405878,2.704914320301622,0.65,2.0,0.002,4,5.314721458476075,21.2588858339043,47.83249312628468,85.0355433356172,0.0046045796721688,0.0026419324164373
1.974239531928228,0.0600118678799315,0.0146519159177217,183683146143.6984,7770.236745507526,0.0247946570712252,8.983935776478987,14.864290279377087,0.65,2.0,0.002,4,8.287842953369323,33.15137181347729,74.59058658032392,132.60548725390916,0.0006316051352888,0.000223110710937
1.9601184456800012,0.0659268189877865,0.0177231579232234,183931104467.11017,7776.338523102498,0.045217284395554,4.302107453364946,12.383271812820007,0.65,2.0,0.002,4,10.172922602343997,40.69169040937599,91.55630342109596,162.76676163750395,0.0004375530590381,0.0001988068215427
2.871367278796085,0.0678900974838385,0.0135163417526178,185502253899.72845,7825.628727570062,0.0077717777411381,4.365760484367442,3.266303404159694,0.65,2.0,0.002,4,3.6193109741722975,14.47724389668919,32.57379876755068,57.90897558675676,0.0122077461524445,0.0067876895543964
1.6772750217360952,0.034927711030115,0.0145030145690329,219244949916.791,7966.454995801436,0.0144436673640234,8.443295414118378,2.9186163160802945,0.65,2.0,0.002,4,12.263409321497132,49.05363728598853,110.3706838934742,196.2145491439541,0.0004950862362452,0.0003031244728769
1.00086717037145,0.0376838108137645,0.01964648777635,206827609520.06512,7684.738239759336,0.0406114511817398,8.991047237647294,49.693803177230734,0.65,2.0,0.002,4,46.13717563045839,184.54870252183355,415.2345806741255,738.1948100873342,0.0001458651405518,8.293115743472606e-05
2.362352732881055,0.0697205107319904,0.0152814710330795,205507556191.9676,7667.079212279205,0.02479647596454,4.568684603745261,1.4997302013338512,0.65,2.0,0.002,4,6.428414173139657,25.71365669255863,57.85572755825692,102.85462677023452,0.0004683761197049,0.0002924500447107
1.1939557774109586,0.0707478174681285,0.0142513426861596,201694576092.0882,7666.124529346916,0.0163964963480088,1.687089047324355,40.30755780874838,0.65,2.0,0.002,4,23.25239700244216,93.00958800976863,209.27157302197944,372.0383520390746,1.4855193687919106e-05,4.689251123670476e-06
1.4172371122822591,0.0400461268454212,0.0126784841461031,187768155580.09937,7875.925000574535,0.0252170320229841,9.838139125784014,8.996884796733415,0.65,2.0,0.002,4,13.97564103746638,55.90256414986552,125.7807693371974,223.61025659946208,0.0009233252715958,0.0004458575599562
1.7937048024897622,0.0398912312805435,0.0114994395075008,188943659447.9629,7673.37026123999,0.0412298097800652,2.354807172283409,12.276879298032746,0.65,2.0,0.002,4,8.042240735383597,32.16896294153439,72.38016661845236,128.67585176613755,0.000483132421288,0.0001776284075409
1.0627832398397952,0.0707630298307089,0.0054849329876724,209999324963.3328,7752.795423599432,0.0319409514727092,2.552012206832607,5.497664770059708,0.65,2.0,0.002,4,11.460167712676691,45.840670850706765,103.14150941409022,183.36268340282703,0.0003049269622064,0.0001722096821202
1.9544012665658488,0.049658872012077,0.0111104358179445,202726694051.65457,7820.865081321771,0.0426475868464711,1.175705322296398,4.064862218407425,0.65,2.0,0.002,4,6.715230899749075,26.8609235989963,60.43707809774168,107.4436943959852,0.0003907551657085,0.0001962800593142
2.4838136575342844,0.0422997662591559,0.0084050823076596,219714802733.36215,7710.469811184868,0.0247272213537116,2.7148329126926467,3.604525854450429,0.65,2.0,0.002,4,3.297785782114655,13.19114312845862,29.6800720390319,52.76457251383448,0.0194766147941275,0.0110880821108356
2.6261898260032632,0.0422682379935805,0.0168635485158497,219320112808.29144,7759.482639403231,0.0203333571986056,1.7839185794711785,6.222454769346442,0.65,2.0,0.002,4,5.894525336568107,23.57810134627243,53.05072802911297,94.31240538508972,0.0029909450470128,0.0017360831798705
2.3140370586572656,0.0591333227970556,0.0189755770409975,218572234847.7587,7770.684656763288,0.0327685629266788,8.047789831968306,1.7203643299169726,0.65,2.0,0.002,4,8.52219524652702,34.08878098610808,76.69975721874316,136.3551239444323,0.0003874411896074,0.0002717139122792
1.974871113729031,0.0786197752032634,0.0148472429997545,207968501531.3012,7927.28288882812,0.0380263236829751,5.274006525848149,14.064534706714484,0.65,2.0,0.002,4,8.84166709063927,35.36666836255708,79.57500381575342,141.4666734502283,0.0003145780405955,0.0001098834420744
1.2929309425581428,0.053643491338037,0.0106263203849831,201568432091.8228,7643.0999001489,0.0479058281042408,9.0715197563376,24.979584424389216,0.65,2.0,0.002,4,14.802599610896577,59.21039844358631,133.22339649806918,236.84159377434523,0.0003459805450095,0.0001121841433515
1.3439207038740455,0.0734158377094171,0.0120493391043101,199043670267.1464,7974.216777537062,0.0076769011482503,2.230264918824313,18.958648850193896,0.65,2.0,0.002,4,15.113858732026353,60.45543492810541,136.02472858823717,241.8217397124216,0.0001468274705807,6.048608509296947e-05
2.8373292301225903,0.0349204797221704,0.0182983687049941,183901788270.9193,7859.379268235059,0.0402277169775103,6.1846015705990185,5.444133914212492,0.65,2.0,0.002,4,4.985641154304448,19.94256461721779,44.870770388740034,79.77025846887116,0.0088898899425802,0.0050687103136955
2.1537219169951856,0.0683714579266835,0.0075551179048777,219145365756.01755,7799.455818750526,0.027215243432179,9.711758812602804,3.465968860203593,0.65,2.0,0.002,4,3.91494116319909,15.65976465279636,35.23447046879181,62.63905861118544,0.0291674277232171,0.0162105392874344
1.9223742921995568,0.0661440175676696,0.0094956396886752,219670169184.1989,7939.197342860865,0.0449209856902972,8.56333891319131,11.517193072303154,0.65,2.0,0.002,4,6.12879118304915,24.5151647321966,55.15912064744236,98.0606589287864,0.0012416347929124,0.0004502859416139
2.204175652003384,0.0453743560614832,0.0113995249633167,187760001779.7177,7860.319584607153,0.0313280940241784,1.6331576731454756,9.329841479220896,0.65,2.0,0.002,4,5.200020369932873,20.80008147973149,46.80018332939586,83.20032591892597,0.0004809298492799,0.0001804227479712
1.6681219451116651,0.0715700646029278,0.0076742108023331,211668998483.09665,7846.120660137718,0.0104088460432516,0.7330571394065314,4.786834264147343,0.65,2.0,0.002,4,6.4954392191604775,25.98175687664191,58.45895297244431,103.92702750656764,0.0004156932738432,0.0001989433318534
1.6487261005977678,0.0322618498102647,0.0132783299095877,212451055982.7444,7674.964350813181,0.0052046352291079,1.343504515103998,11.999642966418518,0.65,2.0,0.002,4,11.653783508641444,46.61513403456577,104.884051577773,186.46053613826308,0.0022706437338027,0.0012851230640922
2.492677846965782,0.0478460518515093,0.0052593953662217,187370799946.67288,7835.506679848087,0.0362397676859596,0.4309402958478534,0.521783728240714,0.65,2.0,0.002,4,1.8769390857044643,7.507756342817858,16.892451771340184,30.031025371271436,0.002329687932381,0.0013648445767605
2.733489246088181,0.0556775903483646,0.0120701101074406,199210009104.96848,7666.406598208593,0.0254102908002052,8.235146295500131,7.392491621979259,0.65,2.0,0.002,4,3.7339233609544302,14.93569344381772,33.60531024858987,59.74277377527088,0.0027894328381251,0.0012568114537862
2.8557931876287057,0.0520623504215111,0.0110311648159051,184370690142.3275,7836.25363113005,0.0365245676834989,4.099566173497137,2.769300090161437,0.65,2.0,0.002,4,2.975012669006051,11.900050676024204,26.77511402105446,47.600202704096816,0.0236909578284116,0.0127852098917015
1.4460290790535475,0.052744509122368,0.0142563004444173,201285101275.8864,7980.742660486776,0.0497920107944355,8.390220299075077,25.61104069607183,0.65,2.0,0.002,4,15.526236669431372,62.104946677725486,139.73613002488236,248.41978671090197,0.0002225524776732,7.283158303989956e-05
2.655873462081164,0.0200118684696026,0.0130045935832736,190379024853.3281,7765.10741969684,0.0239137114945463,3.978368963103393,7.473895917291446,0.65,2.0,0.002,4,4.139492446280976,16.557969785123905,37.25543201652879,66.23187914049562,0.0037272105865228,0.0015433043292036
2.378673721175786,0.0537108168239581,0.0101165305913458,202821520587.40292,7956.630310535333,0.0343571060274739,6.064571779739691,4.20951566191835,0.65,2.0,0.002,4,4.093393834389361,16.373575337557444,36.840544509504255,65.49430135022978,0.0263315402218453,0.0135715667011198
2.249252202105392,0.0748234355043231,0.0064064641667199,190119891803.27124,7605.472595522888,0.0283095498713436,7.336505979127931,5.361502775884423,0.65,2.0,0.002,4,2.870926162547842,11.483704650191369,25.838335462930583,45.93481860076548,0.0070731817197218,0.0031449144815895
2.3341895191113258,0.0419714880177575,0.0056408584487064,195120604293.45395,7980.013785281654,0.0267468116939787,1.171481324684995,3.338393472584452,0.65,2.0,0.002,4,2.321410645729737,9.28564258291895,20.89269581156764,37.1425703316758,0.0066566381570088,0.0031029746516685
1.629499237128762,0.0538457082228333,0.0151497857376445,182643168436.7758,7600.426986009099,0.0145524712478334,8.955663827415933,17.290558556181,0.65,2.0,0.002,4,12.68265393839926,50.73061575359704,114.14388544559333,202.92246301438811,0.0006598574439327,0.0002502054961053
2.8191044877427,0.0552274364322188,0.0177541144825058,193623631823.66095,7799.526783412594,0.028913496845206,1.139299187371099,4.630278526511112,0.65,2.0,0.002,4,5.047205390513915,20.18882156205566,45.424848514625246,80.75528624822265,0.001333504171049,0.0007643636328557
2.508249990782525,0.0400599858162927,0.005221421728885,211218792163.93588,7912.599162448677,0.0053617313983871,8.649612326977142,3.473824220653522,0.65,2.0,0.002,4,1.944388671280007,7.777554685120028,17.499498041520063,31.11021874048011,0.0487338172881072,0.0248670199817475
2.64274827265535,0.0247441506420773,0.0123384360078498,183013226497.8281,7871.161434024606,0.040577067007502,8.513599627643348,7.595269824001676,0.65,2.0,0.002,4,3.862776678755477,15.451106715021908,34.76499010879929,61.80442686008763,0.0057063990432231,0.002351943276158
2.1257964665252365,0.0290759288200843,0.0093387465859158,215816458775.8904,7604.622710429981,0.0462025034890451,3.3511801357472155,7.250595274587708,0.65,2.0,0.002,4,4.9920385214244725,19.96815408569789,44.928346692820256,79.87261634279156,0.0033410788987165,0.0013789777144096
2.7031907868171814,0.0794475385287739,0.0161121567200192,202692946690.5861,7924.004491859866,0.0303733249711653,4.381899364715567,1.307230295517989,0.65,2.0,0.002,4,5.056808368591848,20.22723347436739,45.51127531732664,80.90893389746957,0.0006104982386653,0.0003645939552973
2.0564976886249458,0.0450608622839396,0.0062812851713658,185041987028.6232,7904.110187280266,0.006109882908092,0.6178197553963256,5.957873847404918,0.65,2.0,0.002,4,3.25859181397418,13.03436725589672,29.32732632576762,52.13746902358688,0.0008591219017986,0.0004273537955051
1.1906132090354202,0.029134478173328,0.0117185334688665,187428166922.65265,7894.328454734703,0.0076117885567575,5.542122390620074,16.23808622862417,0.65,2.0,0.002,4,18.265053926924665,73.06021570769866,164.385485342322,292.24086283079464,0.001447246855752,0.0006559198534187
1.1314096498307853,0.0288805239704076,0.0144244727647243,210722853821.592,7963.049135054474,0.0087762542647739,8.158859756724329,33.522535616394066,0.65,2.0,0.002,4,26.2848538679192,105.1394154716768,236.5636848112728,420.5576618867072,0.0003486841199657,0.0001304227680301
2.679165428553509,0.0253047125986147,0.0119078518774144,186688697686.95,7947.545277929549,0.0106361604749548,4.903433271106151,1.4199083037971898,0.65,2.0,0.002,4,3.645911516354607,14.583646065418428,32.813203647191465,58.33458426167371,0.007021562994963,0.0039038914780304
2.793495229737055,0.063243630458433,0.0121665306548151,198602617468.64856,7869.060716973564,0.0202239137945756,9.999110620568928,5.725977242409313,0.65,2.0,0.002,4,3.55165830093068,14.20663320372272,31.96492470837612,56.82653281489088,0.0057663885594184,0.002440959235119
2.6735230107590104,0.0778050100278943,0.0155145370321949,200612851730.36688,7791.607163483851,0.0385712240339534,8.692182767325244,8.456726716818242,0.65,2.0,0.002,4,4.994201643779775,19.9768065751191,44.94781479401797,79.9072263004764,0.0013737120551089,0.0005077221034839
2.172352590541944,0.0393477991149066,0.0154591049274489,218278863385.2312,7835.00871221155,0.0348955190795414,4.427567617778027,12.239025131353491,0.65,2.0,0.002,4,7.840415283157851,31.361661132631404,70.56373754842066,125.44664453052562,0.0006855719486471,0.0002481382148533
1.0642367468761225,0.0758095599780883,0.0063019014768594,217876326290.8948,7656.6825193769055,0.0065023032323177,5.679738508250511,5.4450203484758735,0.65,2.0,0.002,4,13.458884439281103,53.83553775712441,121.12995995352992,215.34215102849765,0.000397896003404,0.0002154046771932
1.4635587682244071,0.0726084473748876,0.010768012954585,187164750176.40363,7843.197154290714,0.0142458496737444,2.6808298738184395,15.712545214067369,0.65,2.0,0.002,4,11.135505966950085,44.54202386780033,100.21955370255074,178.16809547120133,0.0002306105466645,8.800435405312192e-05
1.876053562541463,0.0484390683817454,0.0137130702265457,180252985889.58945,7963.078361415369,0.0081989328625286,4.564154998428346,4.818749291566913,0.65,2.0,0.002,4,8.405706580214865,33.62282632085946,75.65135922193379,134.49130528343784,0.0007958366952026,0.0003941443957896
1.121439680018245,0.0780664478284569,0.0189097328676357,184737563411.36984,7811.809540484193,0.0496783111389951,8.540930565579421,49.3112323957,0.65,2.0,0.002,4,33.1561879477284,132.6247517909136,298.40569152955555,530.4990071636544,3.2399553044966294e-05,1.150803563471858e-05
1.2903545495750126,0.0480781081981037,0.0054868347823558,197712465593.76688,7949.794342187806,0.0110924041341871,5.033424657915025,4.895730063335731,0.65,2.0,0.002,4,7.451987219636441,29.80794887854577,67.06788497672798,119.23179551418306,0.0033753961378627,0.0016714502137452
2.680168745296265,0.0552741984810904,0.019488916877809,208788477904.69308,7870.750150465052,0.021263980665139,0.1223599281400759,4.01531299634128,0.65,2.0,0.002,4,6.3363313715780905,25.34532548631236,57.02698234420282,101.38130194524943,2.6157304844715308e-05,1.2846498930432768e-05
1.0289683577561053,0.0613351029062136,0.00718279897176,207752426212.2736,7876.268573090184,0.0350664806405711,5.960401701284588,28.32553495216977,0.65,2.0,0.002,4,15.79907715681224,63.19630862724896,142.19169441131018,252.78523450899584,0.0002197083200143,6.998388027221747e-05
1.3161009012724278,0.0302310828114619,0.013601395796698,197224178929.12585,7644.460217590757,0.0377750907277541,7.01967040585524,6.598408389464431,0.65,2.0,0.002,4,18.08593749108452,72.34374996433809,162.7734374197607,289.37499985735235,0.000292974802118,0.0001600834796899
2.51977836213936,0.0781656672965332,0.0176385570395657,183445393792.26212,7684.609151976663,0.0289261336045417,2.6501508424710902,1.3900947693698256,0.65,2.0,0.002,4,6.15474603483002,24.61898413932008,55.39271431347018,98.47593655728032,0.0002239886696638,0.0001427098551916
2.08449999052298,0.066826093236353,0.0051730906203488,191425238673.22183,7607.072255279249,0.0051521965455371,0.4169624038353087,3.083843617980809,0.65,2.0,0.002,4,2.7081104513932366,10.832441805572946,24.37299406253913,43.329767222291785,0.0041955716973752,0.0023233553506305
2.357605910964732,0.0779768145592074,0.0122564922328499,189516583818.07837,7744.113053713273,0.0337825269603228,4.777622468857108,1.6962917306099947,0.65,2.0,0.002,4,4.946417754682862,19.78567101873145,44.51775979214575,79.1426840749258,0.0011087924409797,0.0006215980472052
2.404773026765393,0.0266387677319533,0.0123346664013966,183326120318.5172,7693.661309661668,0.0135169030803388,6.027222490010028,6.094977580026656,0.65,2.0,0.002,4,4.721218716587239,18.884874866348955,42.49096844928516,75.53949946539582,0.0097322125973566,0.0044676579146539
1.311884201946233,0.0458570117965454,0.01431147383992,215729531531.55005,7663.810469155896,0.0200312581131863,7.999505135840094,18.76556625392628,0.65,2.0,0.002,4,20.005759007461908,80.02303602984763,180.05183106715717,320.0921441193905,0.0012257768842089,0.0006568678335629
1.2026817745760277,0.059088697579049,0.0090800474669263,212866820390.032,7689.283046017757,0.0218039224591145,6.799751654331072,17.979783955681558,0.65,2.0,0.002,4,14.977074016344496,59.90829606537799,134.79366614710048,239.633184261512,0.0008828620604162,0.0003635354383414
1.0391875411258038,0.0515724778699409,0.0174319442412717,201800654483.79272,7743.974682418285,0.0261812942030135,0.89886971775396,40.85371316821672,0.65,2.0,0.002,4,37.365133859120206,149.46053543648082,336.28620473208184,597.8421417459233,1.921939797191573e-05,9.396827416164766e-06
1.1775653768459855,0.0666644288485785,0.0174585215416232,187048252287.56265,7969.056920652817,0.0329413027724974,5.395875720878805,38.95919569121337,0.65,2.0,0.002,4,27.659226081651465,110.63690432660586,248.9330347348632,442.5476173064234,4.590467263847514e-05,1.629936619959446e-05
1.156373365495729,0.0295359429519978,0.0053989857781228,185529054457.53027,7811.766859530516,0.0084532115896344,0.6926926783702574,3.68214847434634,0.65,2.0,0.002,4,8.922295572333157,35.68918228933263,80.30066015099841,142.7567291573305,0.0003260997475823,0.0001783057063693
2.4715607276172262,0.0576829824482233,0.0061210781393355,189473977909.6391,7637.663371932562,0.0490539362772178,1.3650506683075636,4.392611467809875,0.65,2.0,0.002,4,2.2631280944753303,9.05251237790132,20.368152850277976,36.21004951160528,0.0023922542894606,0.0010853476872996
1.8463193695216031,0.068764784682375,0.0142074471265472,206951596491.8654,7612.602674843854,0.042778686211514,1.5472847558916083,7.338757779504477,0.65,2.0,0.002,4,9.853702809739485,39.41481123895794,88.68332528765536,157.65924495583175,0.0001970113029466,9.853288821770402e-05
1.629588423687085,0.0325888838848009,0.0197557544228459,180642811603.74243,7650.900973544654,0.0426330581423781,1.467801167199159,11.560240536562844,0.65,2.0,0.002,4,16.391589257023522,65.56635702809409,147.5243033132117,262.2654281123764,9.00399692331604e-05,4.494487757424093e-05
2.2235207088969986,0.0791511920265396,0.0148098079962667,215952675693.4767,7890.300093887698,0.0107323754776137,7.024294732190894,7.616047941779267,0.65,2.0,0.002,4,7.106059817066227,28.42423926826491,63.95453835359605,113.69695707305964,0.0048349055682484,0.0024595678534031
2.0254641286002224,0.045978349572066,0.0055376412712724,218390980893.1688,7641.201073652063,0.0068485591987181,2.536059453898891,1.040415600690709,0.65,2.0,0.002,4,3.2722124738768827,13.088849895507533,29.449912264891942,52.35539958203013,0.0050790300786726,0.0027952416388909
2.232458530963026,0.0777164707027259,0.0140893828409091,196492699307.216,7696.96880244057,0.0343386271950005,2.1883593471997056,2.3840005563588083,0.65,2.0,0.002,4,6.476908615811929,25.90763446324772,58.29217754230736,103.63053785299088,0.0002681415160604,0.0001470646323789
1.9623608820196543,0.0373118237536494,0.0153068559649467,185404983266.7501,7698.924993078226,0.0077832972265815,0.5105619561317581,14.731158456858862,0.65,2.0,0.002,4,8.845108217152104,35.380432868608416,79.60597395436893,141.52173147443366,6.26170960608608e-05,2.6017503985515063e-05
1.404830867843628,0.0435715491114188,0.0194701624690859,207600349706.62207,7836.911409928808,0.0292840723130606,0.8475527633489398,41.630175805951794,0.65,2.0,0.002,4,23.024611906997368,92.09844762798949,207.22150716297637,368.3937905119579,7.599176496165713e-06,2.352604055111606e-06
1.0731026707991749,0.0724952628637101,0.0066501146007419,208841197973.5949,7679.817118919006,0.0214793998888336,3.006143212464279,14.78352706540524,0.65,2.0,0.002,4,13.655527487376045,54.62210994950418,122.8997473863844,218.4884397980167,0.0010562924310193,0.0005249816422481
1.8020777873274287,0.0376219467669105,0.0143671734363679,198047328607.90875,7909.134347367966,0.0323010112556796,4.178021743745099,19.228155041810417,0.65,2.0,0.002,4,10.038609011518105,40.15443604607242,90.34748110366294,160.61774418428968,0.0002561552934901,8.89092448891307e-05
1.6386691574751444,0.0208465934525558,0.0144741218136332,197252153873.48276,7658.810980719284,0.0146865986602067,9.37164022750888,3.9594310272473656,0.65,2.0,0.002,4,12.40421026751856,49.61684107007424,111.63789240766704,198.46736428029692,0.0010919016205402,0.0006046751365769
1.685841212853061,0.0273896351523733,0.0158268461195858,202266794262.1943,7693.641369129958,0.033035250743496,9.79437912112425,5.441988695495774,0.65,2.0,0.002,4,12.947521093072831,51.79008437229133,116.52768983765549,207.16033748916533,0.0007974848199876,0.0004366039921207
1.8207844070658925,0.0432071432246177,0.0099265636707222,180606025486.11084,7846.636154705966,0.026307111513915,3.7954982239786186,3.781573882244212,0.65,2.0,0.002,4,6.513816137666885,26.05526455066754,58.624345239001975,104.22105820267016,0.0016836772493409,0.0008392613570444
1.446712375214087,0.0662720034686124,0.0083931178904343,181304668051.87592,7859.943332763663,0.0146584818850066,9.204584582571782,16.42013075729529,0.65,2.0,0.002,4,8.73339232086912,34.93356928347648,78.60053088782209,139.73427713390592,0.0008113327743565,0.0003172112078566
1.0712344500591262,0.0392533000157295,0.0123223368502953,205666593280.3628,7942.846375349996,0.0256130821543881,2.8170892307979387,17.50012192515581,0.65,2.0,0.002,4,24.77690552767444,99.10762211069776,222.99214974906997,396.430488442791,0.0001042994564475,4.897858556381326e-05
1.8049965240860384,0.0505057104888662,0.0069520558038823,199612263643.4376,7645.892338621497,0.0312408442404847,4.33119820036194,7.960007016014375,0.65,2.0,0.002,4,4.943895521473173,19.77558208589269,44.49505969325856,79.10232834357076,0.0028251846671371,0.0010805314609617
2.270268457923149,0.0753315815079979,0.0087368487493527,188062864896.9942,7676.090193453996,0.0363763572728514,9.05839962279718,2.998879966410472,0.65,2.0,0.002,4,3.8046186295359847,15.21847451814394,34.241567665823865,60.87389807257576,0.0136118786891041,0.0070605864506951
1.202870101708842,0.0385249093101802,0.0134797482050741,181719005025.87595,7631.72675967258,0.0363252360925855,0.8105932213016105,21.82505870148045,0.65,2.0,0.002,4,20.614003336766093,82.45601334706437,185.52603003089487,329.8240533882575,0.000115361402729,6.829647280992061e-05
2.923374325505563,0.0648878325737677,0.0143987335395658,213741074928.38483,7931.488454575896,0.0449691763335561,1.1777120404165915,1.7173163929140822,0.65,2.0,0.002,4,3.965987474678713,15.863949898714852,35.69388727210842,63.45579959485941,0.0004577274891241,0.0002590662564424
1.3964759540791054,0.0571106819364108,0.0124359663390732,190406086063.8198,7616.343161404038,0.0333406088610197,7.820563657227658,27.399307656332645,0.65,2.0,0.002,4,14.458026923638872,57.83210769455549,130.12224231274985,231.328430778222,0.0001877127374409,6.177877918346039e-05
1.8661447295888145,0.0394862665775992,0.0130659597852715,180111635618.94354,7752.059735327839,0.0265704827211344,8.052713423432476,11.987004154828668,0.65,2.0,0.002,4,8.20053630704611,32.80214522818444,73.80482676341501,131.20858091273777,0.0016241043827797,0.0006295036983299
1.9524529851226584,0.0378505225191779,0.0100529678845116,214266734200.26584,7946.479922193702,0.0415569045835777,9.147301329711071,11.88580815664531,0.65,2.0,0.002,4,6.2094389173087645,24.837755669235055,55.88495025577888,99.35102267694025,0.0020260932909627,0.0007479515523029
2.503813949480434,0.0546767342845775,0.0170925124513404,201707521775.2306,7941.633506190107,0.0408230194820772,1.0730172444082466,12.203529844564317,0.65,2.0,0.002,4,6.230704802182291,24.92281920872916,56.07634321964062,99.69127683491664,8.986960705176169e-05,3.374538723905458e-05
2.475679642197436,0.073942990809756,0.0198445572630542,203357002561.2516,7881.709571401261,0.0163264853352838,2.9714590846353293,12.91203730316733,0.65,2.0,0.002,4,7.457635094819819,29.83054037927928,67.11871585337838,119.32216151711712,0.0001721440434343,6.543990699206413e-05
1.9138246346765693,0.0393969551015268,0.0158981000234323,194756736709.5346,7668.034842691461,0.019438837768759,8.780708009987677,7.043591523828345,0.65,2.0,0.002,4,9.919148764744762,39.676595058979046,89.27233888270285,158.7063802359162,0.0016900214625486,0.0007963329812516
1.1384405799819628,0.0306261137614126,0.0197792687318279,213774600119.7129,7905.615070372691,0.035185687393874,0.5733729452924694,61.3423688794552,0.65,2.0,0.002,4,35.98561824839885,143.9424729935954,323.8705642355897,575.7698919743816,3.388038787853578e-06,1.0287883586564318e-06
1.3937420171287345,0.0345337046583896,0.017623828951296,209647701029.1685,7845.149395591809,0.0067514238853958,1.3598504210187925,23.392230403700097,0.65,2.0,0.002,4,21.26714442209175,85.068577688367,191.40429979882572,340.274310753468,0.0001624637776835,6.958914640808891e-05
2.895904636415202,0.0467632202792964,0.0075551931108649,201996892795.8669,7798.670210521794,0.0402162485310143,8.61597468662628,3.082664282127485,0.65,2.0,0.002,4,2.0790664860933035,8.316265944373214,18.71159837483973,33.265063777492855,0.0359579157426136,0.0168469923417503
2.1132772716855497,0.0620214718931595,0.0103406636006348,200084176274.9147,7919.242553461471,0.0444182523312274,1.240641036968329,1.218760524167299,0.65,2.0,0.002,4,5.277512236809265,21.11004894723706,47.49761013128339,84.44019578894824,0.0002911106658807,0.0001908846940609
2.695376309354894,0.0734556417090402,0.016449129946556,204181025638.5622,7813.067064349787,0.0298244804420715,2.094401938636657,3.075117878296924,0.65,2.0,0.002,4,5.248440597860394,20.99376239144157,47.23596538074354,83.9750495657663,0.0005128563710212,0.0002562563425904
1.1931878801832825,0.068220590413196,0.0197634809306251,191879060342.7907,7730.244784160717,0.0175540956521001,1.6327981921277586,50.72353625643426,0.65,2.0,0.002,4,31.361165519009678,125.4446620760387,282.25048967108705,501.7786483041548,7.004999084693305e-06,2.184108030383976e-06
1.2562272653510915,0.047023156273734,0.0105619703634887,217070599553.9441,7857.546048032265,0.0420242725971873,4.489800568390578,9.714786824314665,0.65,2.0,0.002,4,15.95125301257838,63.80501205031352,143.56127711320542,255.2200482012541,0.0002946044625283,0.0001471178916881
1.4735991295173274,0.0777438760349031,0.0073791264508816,184206192219.0153,7655.073004654514,0.0141309969727996,3.750324155450943,4.194198498794224,0.65,2.0,0.002,4,7.558801458523593,30.235205834094373,68.02921312671234,120.94082333637748,0.000902838844463,0.0004642463324591
1.228505229953024,0.0300983863548664,0.0145675433757451,205014852794.55463,7926.972645291346,0.0362201827664566,2.155998710394042,7.259248026423316,0.65,2.0,0.002,4,22.2587380030819,89.0349520123276,200.32864202773703,356.1398080493104,5.122351901055754e-05,2.848032938387325e-05
2.401965960625512,0.023931956249633,0.0154047634598157,188501128900.9768,7701.808246314344,0.0064136613315101,6.310985005451379,9.087179807333282,0.65,2.0,0.002,4,5.989784780018645,23.959139120074585,53.90806302016781,95.83655648029831,0.0032461466363735,0.0015096071278541
2.653322973173615,0.0725320454508635,0.0083306678779083,193505939966.3796,7934.766743675316,0.009033575087098,1.2572787014993556,2.81736355759282,0.65,2.0,0.002,4,2.649774450884941,10.599097803539763,23.847970057964478,42.39639121415906,0.012589201224585,0.0058382324156666
1.2181799273549734,0.074999597611744,0.0139871889138156,195541421218.25128,7802.762873388882,0.0191388868910963,8.55787721328147,26.42460317576324,0.65,2.0,0.002,4,21.3959707559802,85.5838830239208,192.56373680382185,342.3355320956832,0.0002412919068481,9.424614741622307e-05
2.808084928980241,0.0688891331044186,0.010068863724687,212546818687.57745,7646.938108789222,0.0121441830759127,9.92454700638118,2.9660461935861555,0.65,2.0,0.002,4,3.052620079670417,12.210480318681668,27.473580717033755,48.84192127472667,0.0843217201249086,0.037424072808699
2.5004787357716736,0.0358185427457575,0.017822208178421,190648654581.54343,7805.285400145445,0.0443513449093128,7.407472812194172,7.902180126534712,0.65,2.0,0.002,4,6.388029507962068,25.552118031848277,57.49226557165863,102.2084721273931,0.0033076670847717,0.0014981190107608
1.1473825516629923,0.0723550161535053,0.0174699805647457,203776953504.2964,7614.394433626272,0.0329514263046326,6.216679566185914,37.44678927683034,0.65,2.0,0.002,4,31.128990788864726,124.5159631554589,280.1609170997826,498.0638526218356,7.345037060793175e-05,3.06071683545535e-05
1.7485271499582131,0.076777047147881,0.0061989589217447,180173701354.6945,7641.454622772218,0.0493717310454776,9.72011477329519,3.9834677817570583,0.65,2.0,0.002,4,4.4643777314093365,17.857510925637346,40.17939958268403,71.43004370254938,0.0213211062512937,0.0124904398913772
1.1210724575715525,0.0535099273555864,0.0084383189559163,204484013078.39563,7709.806363997531,0.0491148932935134,5.946880306089261,19.259627987084453,0.65,2.0,0.002,4,15.679267502652536,62.71707001061014,141.1134075238728,250.86828004244057,0.0006277387416484,0.0002789958381988
1.9606230006213463,0.0650440847931955,0.0173928443377783,210593872495.8328,7753.771220093683,0.0338866592724193,8.587863091882184,5.059346980443001,0.65,2.0,0.002,4,10.692470279653865,42.76988111861546,96.23223251688478,171.07952447446183,0.0004024139847645,0.000225506996688
1.5783268771883472,0.0680696255292887,0.0110710060268861,208558584408.3284,7883.317555091497,0.0111100208453817,0.6601557002626174,17.782600039312513,0.65,2.0,0.002,4,10.36530203516866,41.46120814067464,93.28771831651795,165.84483256269857,4.000074945223252e-05,1.5173388644032663e-05
1.2463047461781585,0.0593588492794133,0.0086080361781787,213796729543.8344,7604.140808634718,0.0239624236756511,9.622830759164463,5.372693359871188,0.65,2.0,0.002,4,13.324787551223148,53.29915020489259,119.92308796100832,213.1966008195704,0.0006335667086171,0.0003413605484742
2.6075055119203414,0.0628499580720842,0.0100425380710453,189278290745.4928,7863.231818621493,0.0087901565125773,7.893784400479185,1.9991986574535288,0.65,2.0,0.002,4,3.286034611773613,13.144138447094454,29.574311505962527,52.576553788377815,0.0105226261247679,0.0053643914730784
2.587784774791196,0.0763716007946656,0.0178653027575983,209586438132.1357,7860.550925264671,0.0284491474394732,4.012710467408262,10.982491740181295,0.65,2.0,0.002,4,6.2465241503804645,24.986096601521854,56.218717353424175,99.94438640608745,0.0003308083437838,0.00012083007941
1.52421330335372,0.0359371984461995,0.0090723204425864,206816791190.17023,7717.67091356532,0.0189663239764391,3.828528039520891,18.006425956431674,0.65,2.0,0.002,4,9.166549956836397,36.66619982734559,82.49894961152756,146.66479930938235,0.0004546284683285,0.0001763597399155
1.0484610330231283,0.0641544688021982,0.0142489593401988,188759951424.05444,7725.859070066308,0.0480701115171354,6.339015095591932,36.951208464613785,0.65,2.0,0.002,4,29.052890713615938,116.21156285446376,261.47601642254347,464.846251417855,8.488181121798206e-05,3.50592144446238e-05
1.4717187390875486,0.023271520865239,0.0170473846112511,214605270052.49103,7696.277902526011,0.0359395482627661,0.1490116732187186,28.232496322204977,0.65,2.0,0.002,4,18.845913564778183,75.38365425911273,169.61322208300368,301.5346170364509,6.775212360251749e-06,2.378711274143193e-06
2.8302768074901983,0.0680427784132716,0.0108566976559543,199368540571.20255,7911.743017914322,0.0181667565432105,8.058439129057849,2.4388140540072847,0.65,2.0,0.002,4,3.085044273401919,12.340177093607675,27.765398460617277,49.3607083744307,0.017744296583344,0.0086954042686571
2.6087860038676114,0.0282773886778728,0.0076487751745966,203415996079.44983,7982.978344827582,0.0305200619186197,7.352698428606785,1.3838000970797757,0.65,2.0,0.002,4,2.572493660765761,10.289974643063044,23.15244294689185,41.159898572252175,0.0350420119985153,0.0192297461406633
1.1633063581840473,0.0796226470600843,0.005133257024391,208327790144.60104,7844.426144783449,0.0298647959769125,7.879696795882925,17.60779601973909,0.65,2.0,0.002,4,8.863945453294594,35.455781813178376,79.77550907965136,141.8231272527135,0.0007530909773858,0.0002722803375619
2.6860574375074684,0.0667169327375381,0.0093206201808427,184654487569.4991,7698.893770415088,0.0145844436062154,7.357250951752762,1.6869281258789075,0.65,2.0,0.002,4,2.8688592645410527,11.47543705816421,25.819733380869472,45.90174823265684,0.0124652288850007,0.0063550414223567
1.7552572646634752,0.0521143763542744,0.0134096083585224,189016179473.73837,7681.822281114302,0.0411604966306469,0.8543482986144513,10.650648908577429,0.65,2.0,0.002,4,9.78996529474845,39.1598611789938,88.10968765273606,156.6394447159752,0.0003022492265182,0.0001694334648504
2.8433130954140227,0.0443926549103143,0.0112989783207185,214041423191.89325,7812.208447218384,0.0102701204720239,1.2372470829082147,1.446447719409112,0.65,2.0,0.002,4,3.317271843241524,13.269087372966096,29.85544658917372,53.076349491864384,0.0013606933901779,0.000779660788108
2.848383169106225,0.0727156790266193,0.006580809821785,201608409113.6259,7614.878956009488,0.0406582778051605,3.809710252321028,1.1104335788862758,0.65,2.0,0.002,4,1.892494350602968,7.569977402411871,17.03244915542671,30.279909609647483,0.0181191096385226,0.0095669025097853
1.0879433364458906,0.0554649693136913,0.0186480423584374,207115521020.81305,7726.899439157893,0.0339299745930485,8.337477233735452,39.076955435556805,0.65,2.0,0.002,4,36.98738609422339,147.94954437689356,332.8864748480105,591.7981775075742,0.0001924042328694,0.0001136369795099
2.3957362961325472,0.0655597527995989,0.0118400404382983,199121175055.95743,7652.8127531156515,0.0365822642215873,9.92394457263255,7.635596276766842,0.65,2.0,0.002,4,4.771474355665377,19.085897422661507,42.94326920098839,76.34358969064603,0.0031369137637677,0.0011995483355553
1.174570779695089,0.0225697999456213,0.0145548557224152,186000951884.39267,7809.97961829332,0.0056348941678028,7.821299679427182,42.46987138046884,0.65,2.0,0.002,4,23.34594225068873,93.3837690027549,210.11348025619853,373.5350760110196,0.0001865582754628,6.894628392681114e-05
1.3190839596578563,0.0619021220446528,0.0132433130283695,207055714804.3669,7641.889678959656,0.0471116802657966,4.233124756881645,28.67982524191364,0.65,2.0,0.002,4,17.96487703465596,71.85950813862384,161.68389331190366,287.4380325544953,8.728318244464061e-05,2.896298447672548e-05
2.7501897707781344,0.0655687909876071,0.0127981257933377,198743616161.64548,7983.960559118822,0.0480407974111056,7.077231592307888,6.003541365007298,0.65,2.0,0.002,4,3.82813906589058,15.31255626356232,34.453251593015224,61.250225054249285,0.0031204333689996,0.0012265538889052
2.6218560285464085,0.0694341805170458,0.0134930872915762,188725912634.9215,7988.089270072146,0.0476140941578861,6.236223391335434,8.527087352097894,0.65,2.0,0.002,4,4.3263058242306,17.3052232969224,38.9367524180754,69.2208931876896,0.0010565658207743,0.000412817319885
1.5350440684492257,0.0452961926178098,0.0169626819694539,213235653377.06543,7768.423586693115,0.0228587252882838,2.0311481636622477,33.45282596213367,0.65,2.0,0.002,4,17.101946342604744,68.40778537041898,153.9175170834427,273.6311414816759,2.9197270586158465e-05,9.870494317393173e-06
2.192055381884903,0.0361925385570093,0.0077740678341689,183787415416.53244,7630.508268122866,0.0388925773436041,2.893415149061184,7.06102079004861,0.65,2.0,0.002,4,3.600440901839064,14.401763607356257,32.40396811655157,57.60705442942502,0.0025111308534715,0.0010657530258258
2.382607457958068,0.0282455800926481,0.0175985284508939,210193486274.2165,7721.962654010721,0.0274420183873535,8.012019606231812,13.80891259545415,0.65,2.0,0.002,4,7.334092669693869,29.33637067877548,66.00683402724484,117.34548271510192,0.0010981611059335,0.0004033639001963
2.577661938008168,0.0755813439060432,0.005350438844107,196483928708.32767,7681.650191828078,0.0498545953441035,9.302703495368425,3.035900684930146,0.65,2.0,0.002,4,1.846728256837796,7.386913027351184,16.620554311540165,29.547652109404737,0.0339672758603305,0.0146304504654163
2.251978278666186,0.049539906254694,0.0053507524311527,215586989272.03287,7659.025750817537,0.0423362682342343,6.91280893973421,0.8255284431859455,0.65,2.0,0.002,4,2.538284080186302,10.153136320745208,22.84455672167672,40.61254528298083,0.0214598578413365,0.0118545835384994
2.519345407975992,0.0651731482194698,0.0062886335742493,204379555483.58075,7657.147847416343,0.0271944199790507,2.4728884383271037,0.686328639370332,0.65,2.0,0.002,4,2.321107870016624,9.284431480066496,20.88997083014962,37.13772592026599,0.0057398494914628,0.003389307353298
2.192890198720547,0.0675362502302241,0.0162960991043076,215701659791.8035,7922.30907933692,0.016127018738575,5.603186308270034,5.896157595235562,0.65,2.0,0.002,4,8.018257345473623,32.07302938189449,72.16431610926261,128.29211752757797,0.0010002823731588,0.0004726252483373
2.0308704582868806,0.0335280582585604,0.0069844083836749,218290201938.3916,7862.325015303662,0.0414158667608022,7.000008237597392,6.850251393628052,0.65,2.0,0.002,4,4.0460948492479805,16.184379396991922,36.41485364323182,64.73751758796769,0.0085486528553173,0.0032605830577564
2.480721817410848,0.0369475477767622,0.0070346265301379,207127648716.14453,7787.922727127756,0.0288562820778699,5.253244862965416,0.8206722932530917,0.65,2.0,0.002,4,2.673144205960638,10.692576823842552,24.05829785364574,42.77030729537021,0.014522366424609,0.0081375557488355
2.571853067667078,0.0617225633398078,0.005799377676835,208931533432.60812,7779.451523384675,0.0121052489871472,3.0217475037975605,2.27066353285732,0.65,2.0,0.002,4,2.060372982212989,8.241491928851955,18.5433568399169,32.96596771540782,0.0583653808590565,0.0286117134115168
1.7471837645109725,0.0434550569671737,0.0165999556310556,180343889126.16632,7905.601300144297,0.0291346899710197,7.008471349759795,13.151199242645644,0.65,2.0,0.002,4,11.77720601088955,47.1088240435582,105.99485409800596,188.4352961742328,0.0015340876629904,0.0007468376167202
1.7502273061511404,0.0222719669985876,0.0093927025888206,184906938784.47937,7640.9481320060495,0.0302387707821374,1.0777720913642663,2.6351557010113544,0.65,2.0,0.002,4,6.8396502314651615,27.35860092586065,61.55685208318646,109.43440370344258,0.000638917244211,0.0003485296851895
2.106369390082332,0.0725213212674487,0.0178957132141057,197690309786.1135,7667.414444850215,0.0309495071196995,6.245321269098703,10.606575137402617,0.65,2.0,0.002,4,9.287042161066909,37.14816864426763,83.58337944960218,148.5926745770705,0.0010693622586312,0.0005093343936033
2.3803103787027275,0.0525913031324333,0.0175619544496579,218415149102.28088,7746.916645651666,0.0089753368950336,7.521493067420636,1.7787561788222317,0.65,2.0,0.002,4,7.462972770714671,29.851891082858685,67.16675493643206,119.40756433143474,0.0006834518429131,0.0004083189800818
2.706016477255999,0.0642052754986091,0.0104076225763822,206293971191.8559,7981.098967301239,0.0393804066913126,7.123179974754613,1.9639294657433437,0.65,2.0,0.002,4,3.2766634369621177,13.10665374784847,29.48997093265906,52.42661499139388,0.0079990244893903,0.0041655427806469
2.436338899483206,0.0539299503478989,0.0114335145845183,219520990741.85645,7894.604693343789,0.0413281830881251,8.271311403324495,1.1025162813698255,0.65,2.0,0.002,4,4.605814451989718,18.423257807958876,41.45233006790746,73.69303123183549,0.0027292888725228,0.0017160672524173
1.774478436071397,0.0391618499482674,0.0088588912348475,197099374422.0115,7875.68084375852,0.0116989551644242,8.668785836485078,8.641533723088179,0.65,2.0,0.002,4,6.382131382223292,25.52852552889317,57.43918244000964,102.11410211557266,0.0059197560974762,0.0025709670725208
1.2373547341576898,0.0762230858402304,0.0184209287257209,187438976795.0284,7729.306353746042,0.0314435738593869,7.208817132679079,26.780069231604397,0.65,2.0,0.002,4,26.86655731978113,107.46622927912452,241.7990158780302,429.8649171164981,0.0004194278072614,0.0002753554391865
2.101575512661471,0.0383207569537241,0.0129792268392809,182185487973.2344,7644.947949637077,0.0053226997273521,8.853679411493543,9.161241934468718,0.65,2.0,0.002,4,6.505155784804336,26.020623139217346,58.54640206323902,104.08249255686935,0.0037766666448331,0.0017180419960513
2.530099951165907,0.066250795075282,0.0183276058589324,183367141699.2196,7878.876628549641,0.0485905190502407,5.779141433757927,3.702543414832149,0.65,2.0,0.002,4,6.263084076257208,25.05233630502883,56.36775668631487,100.20934522011532,0.0009478281030114,0.0004904223100668
2.541620563664785,0.0500189368651682,0.0165178606345071,190715024083.0904,7835.802532161387,0.0439332554654544,3.248046595703474,6.122860469792004,0.65,2.0,0.002,4,5.720214735462647,22.880858941850587,51.48193261916383,91.52343576740236,0.0030406958539367,0.0018213555263116
2.2574999820045734,0.0585212136774993,0.011173432124968,181444739744.4633,7746.611390386158,0.0278660062671107,9.506407536551317,7.262860245180707,0.65,2.0,0.002,4,4.81145739056146,19.24582956224584,43.30311651505315,76.98331824898337,0.0040294738604609,0.0016568779021552
1.3225435580672036,0.0500626865062018,0.0072846815406975,207852815003.10944,7778.462510229612,0.0221459551743417,3.084969682563978,13.027837372674105,0.65,2.0,0.002,4,9.762272579290844,39.049090317163376,87.86045321361759,156.1963612686535,0.0008641059982816,0.000340366027971
1.3489242875211491,0.0548810784530025,0.0112505153535201,182063181776.1789,7973.230096591378,0.0236121413131798,7.860872703936545,12.719010467918352,0.65,2.0,0.002,4,13.397397331724545,53.58958932689817,120.57657598552088,214.35835730759268,0.0029377790250157,0.0016853450080451
2.4200471531219847,0.0249693377213337,0.0127648494957533,204889874384.686,7799.594219818788,0.0386332637958004,3.917109557207873,2.954802295922452,0.65,2.0,0.002,4,5.065490909256444,20.261963637025776,45.589418183308,81.0478545481031,0.00379502832079,0.0019520159276822
1.7979115234466043,0.0524831060718867,0.0169757252705715,183457129401.89587,7776.441346950589,0.0432823198272435,4.378584343800057,13.124740645026575,0.65,2.0,0.002,4,11.566389328186965,46.26555731274786,104.09750395368268,185.06222925099144,0.0006483808034612,0.0003275197944078
1.7539876379410746,0.0399694917389059,0.0090610352424414,202696262985.8709,7784.910144112113,0.04501389583916,9.419305372766893,4.055133267075326,0.65,2.0,0.002,4,6.814752476719784,27.259009906879136,61.33277229047806,109.03603962751654,0.0045095983307533,0.0022879093110113
2.610933094034572,0.0424307960393268,0.0106863257468219,219441537735.5956,7908.345274764045,0.0437367880278888,4.129031077508427,4.697929896178345,0.65,2.0,0.002,4,3.744404722294545,14.977618889178178,33.699642500650896,59.91047555671271,0.0070980877998955,0.0033433332298553
2.089238804330991,0.0796090770374149,0.0115205974403868,203042335098.2877,7967.697450471611,0.0267430596359622,7.833093203164164,7.174900092607252,0.65,2.0,0.002,4,6.041641767932582,24.166567071730327,54.37477591139324,96.66626828692132,0.0035949528417465,0.0016423711926395
2.955495735286592,0.0614850555817849,0.0057832243262351,183705112349.67896,7635.267242769663,0.0478680016951374,6.872110258054118,1.4279743275510723,0.65,2.0,0.002,4,1.4726078748301343,5.890431499320537,13.25347087347121,23.56172599728215,0.1865797167563869,0.0906129811427723
2.707844945154715,0.0532696539420879,0.0082266324689242,217058626108.87225,7929.158612162701,0.0169381503664661,9.614403987260708,1.8151752683831632,0.65,2.0,0.002,4,2.661820323221552,10.647281292886206,23.95638290899396,42.58912517154482,0.0320329695106242,0.0169479917785127
2.9844066913021603,0.0606284293773644,0.0145615643834338,204061436758.26477,7643.847655278912,0.0280949963270129,8.529680572722835,0.9098851695365694,0.65,2.0,0.002,4,3.8304141876595055,15.321656750638022,34.473727688935554,61.28662700255209,0.0029557490910052,0.0019029549479503
2.052920181270028,0.0301987112717471,0.0172734102894088,203366485967.33185,7705.379725742762,0.0468319537403227,1.240341927811181,11.600190485860477,0.65,2.0,0.002,4,9.547856516873008,38.19142606749203,85.93070865185706,152.76570426996813,0.0003236370147538,0.0001484297274951
1.84731024110121,0.0758063311550074,0.012536194904464,218845406072.0931,7703.53425489496,0.0277045357866771,8.609354838912319,8.939343478496388,0.65,2.0,0.002,4,8.878488205508893,35.51395282203557,79.90639384958003,142.05581128814228,0.0072130209237667,0.0039740350225737
2.2350100671622544,0.0408873798954604,0.0104556577707342,204603876644.8145,7862.620677857033,0.022756404309138,4.035422194823268,2.5089687720417064,0.65,2.0,0.002,4,4.841666967329168,19.36666786931667,43.57500270596251,77.46667147726669,0.002620750337039,0.0014831810728636
2.786073077145589,0.0312769685384148,0.0060647691531832,211076877589.1643,7947.1612078467,0.0289127668564509,3.828009061009421,1.780167848184692,0.65,2.0,0.002,4,1.8258825615802672,7.303530246321069,16.432943054222406,29.214120985284275,0.1782115109373357,0.0831831719927784
2.1844434256673475,0.032499208767794,0.0174829037748408,191659279672.2016,7983.71127342991,0.0196390520003479,9.10422775903059,14.506411090328232,0.65,2.0,0.002,4,8.139987401846518,32.55994960738607,73.25988661661866,130.2397984295443,0.0010326266544472,0.000377664824036
1.0171825374637404,0.0244590348794391,0.0050064182754091,216215748619.89423,7848.666278088817,0.0112295873916587,1.0158779297645593,19.251078668762656,0.65,2.0,0.002,4,11.516070732803833,46.06428293121533,103.64463659523447,184.2571317248613,0.0003292838627583,0.0001219002205797
2.856029054254007,0.0228973380452337,0.0196937131650138,211678166505.45227,7601.098850455024,0.0461058599846233,9.607655390007038,7.694118560694472,0.65,2.0,0.002,4,5.777387030920383,23.10954812368153,51.99648327828345,92.43819249472612,0.0057793305030597,0.0024476902144071
1.434335313245606,0.0538592963329545,0.0072346075433951,196227716483.65424,7804.170534121922,0.0064265462619722,6.146100680649181,12.397962931578268,0.65,2.0,0.002,4,7.995758137155748,31.98303254862299,71.96182323440173,127.93213019449196,0.0015822267286538,0.000704756766792
2.9234228597943908,0.0660622332210119,0.0100071480572181,214012066954.49863,7819.396895452678,0.028487049766382,6.94953203655383,2.7029263334254456,0.65,2.0,0.002,4,2.7777221632631544,11.110888653052616,24.999499469368388,44.44355461221047,0.0529483130286262,0.0248984431238586
1.1163301589036188,0.067482904378691,0.0171201367284749,180917237556.6239,7979.118005547989,0.0250654922107326,9.062194259610353,48.015765725535815,0.65,2.0,0.002,4,29.6629061032281,118.6516244129124,266.9661549290529,474.6064976516496,4.780422665677475e-05,1.4947989053456854e-05
1.3492009336251125,0.0358132695380794,0.0051233446041582,203208925125.23004,7944.319455573327,0.0329860821044066,6.550911537337539,2.061464107013652,0.65,2.0,0.002,4,6.454648480673469,25.818593922693875,58.09183632606122,103.2743756907755,0.0043829264704804,0.0024369417422263
1.4939054004783756,0.0338328225145926,0.013793893285746,196870046750.304,7664.420963768839,0.039261312177277,5.368259732487024,16.146123850981255,0.65,2.0,0.002,4,14.204307598229857,56.81723039291943,127.83876838406874,227.2689215716777,0.0010464298850184,0.0005126868356123
1.659302944539362,0.0781849536044955,0.0121211261256079,194886020410.08572,7869.266171587215,0.0342745275585161,0.1241488760121474,13.046450497158268,0.65,2.0,0.002,4,9.934455817165007,39.73782326866003,89.41010235448508,158.95129307464012,1.2692691430899392e-05,5.126438685319384e-06
2.331835560001275,0.0778724940016063,0.0190116712856448,187784336032.15012,7892.484939439285,0.0207187168746962,4.9264218695996975,3.7317094960333006,0.65,2.0,0.002,4,7.7335074705281155,30.934029882112466,69.60156723475305,123.73611952844983,0.0003384526316253,0.0001920159937615
2.2574561126895576,0.0491736463588714,0.0159979199101259,183035801575.15485,7953.108683538511,0.0129981286092834,0.3116781022093606,5.819960875628311,0.65,2.0,0.002,4,6.828946407895421,27.315785631581683,61.46051767105879,109.26314252632672,0.0001844146050694,8.914934304853126e-05
1.5901564181875776,0.0257070313564038,0.0053772425163534,218925172479.87415,7638.563973746366,0.0106199305299792,8.722544442288463,7.197975065214885,0.65,2.0,0.002,4,5.162394329261674,20.649577317046692,46.46154896335506,82.59830926818678,0.0215310891716991,0.0094986561843276
1.128013423430644,0.0762999580373627,0.0175747671925844,199585626027.19,7680.159303501749,0.0068079029522213,9.755953633552826,6.711559298531951,0.65,2.0,0.002,4,31.92786035461092,127.71144141844368,287.3507431914983,510.8457656737747,3.183299935512829e-05,1.986132491191168e-05
2.882601383639151,0.0600941563874621,0.0066659732556427,206147631816.4441,7742.427363456693,0.01866405053509,0.4639637037669931,2.824389296048426,0.65,2.0,0.002,4,1.8770430989513731,7.508172395805493,16.893387890562362,30.032689583221973,0.0021820927633487,0.0011009451270789
2.118984624512861,0.0607636205119646,0.0135799476158264,209055670907.63492,7661.963703329945,0.0147028162592041,2.446529343702669,6.803551094160324,0.65,2.0,0.002,4,7.163622123949672,28.654488495798688,64.47259911554706,114.61795398319477,0.0029760597990088,0.0017039513753054
2.52918954229492,0.0795016588161524,0.0113889829752698,186603987129.3933,7933.722720434778,0.0369691343815991,1.5362501427532842,3.063063593783549,0.65,2.0,0.002,4,3.915375269577771,15.661501078311083,35.23837742619994,62.64600431324433,0.0014924591916809,0.0007711149366305
1.9334225118129544,0.0416370494232088,0.0067612533231261,188293851380.2003,7609.824557964053,0.0091884722608653,2.736371165472993,6.83744446980163,0.65,2.0,0.002,4,4.079751089290371,16.319004357161482,36.71775980361334,65.27601742864593,0.0031766342902828,0.0014423553603239
2.499967075870537,0.0407895716787829,0.0068580466229633,181637878411.4288,7910.937251011672,0.0270364883817607,9.856847677999768,2.4723451248639723,0.65,2.0,0.002,4,2.3842420841005483,9.536968336402191,21.458178756904932,38.14787334560877,0.2092137761057005,0.0988401404343139
2.6258015497246565,0.0327955473006141,0.0064122552506141,206735796465.9751,7602.962273985723,0.0424589267153847,5.67082469361345,1.4167809763469248,0.65,2.0,0.002,4,2.199037716998831,8.796150867995324,19.79133945298948,35.1846034719813,0.0513478248723342,0.0275044369101049
1.1015199170921128,0.0321376516274323,0.0127739789088411,180079093240.59433,7692.890734098823,0.0118511612903921,3.5205765305385825,40.30527994564987,0.65,2.0,0.002,4,23.097108043092717,92.38843217237086,207.87397238783444,369.5537286894834,7.674602898438148e-05,2.4934367551196336e-05
2.4209114188588776,0.075059259125766,0.0123581176753548,215167987613.74692,7752.845795989977,0.0227823686445479,6.890817897374472,1.4656390164861566,0.65,2.0,0.002,4,5.03711699996865,20.1484679998746,45.33405299971786,80.5938719994984,0.0014752953714836,0.0008561579065743
2.2140396114091647,0.0646308979831318,0.0179262895227554,181199691360.08456,7890.6206229477475,0.0191383708230122,8.40255590603367,2.672308953981625,0.65,2.0,0.002,4,7.946429456633669,31.785717826534675,71.51786510970302,127.1428713061387,0.0006159301961279,0.0003402688864457
2.203158334376911,0.0209301524435226,0.0118318581649052,181718047110.07867,7959.507825807207,0.0054711775801062,3.139318832088297,10.51584390469332,0.65,2.0,0.002,4,5.281371443480602,21.125485773922406,47.532342991325415,84.50194309568963,0.0014230582260305,0.0007620643017733
2.1829649746193374,0.0752419417377129,0.0157477004743234,211105481950.4247,7783.366269522897,0.01280522277895,9.130632355342474,10.820705365141045,0.65,2.0,0.002,4,7.804029209883729,31.21611683953492,70.23626288895355,124.86446735813966,0.0011392591466867,0.0004660668824198
2.374586085607504,0.0751667164270979,0.0083122024081068,180566029502.99344,7929.643336482777,0.0375214248107624,1.6865470266776932,3.449308492499217,0.65,2.0,0.002,4,3.1897799514303227,12.75911980572129,28.708019562872902,51.03647922288516,0.0066459362838385,0.0038243193983124
1.401306591190382,0.0348034345236648,0.0178081869314421,183888528657.0688,7914.35290507229,0.011000332477847,4.698260049596225,25.09567451155727,0.65,2.0,0.002,4,19.822217782314212,79.28887112925686,178.39996004082795,317.15548451702745,0.0002437213773688,9.322884687210812e-05
2.8571795784455487,0.0249403884139764,0.01859389008059,187780864980.84143,7675.642889337652,0.0137946181443594,9.319435214801794,6.573306175586963,0.65,2.0,0.002,4,5.1084920952536965,20.433968381014783,45.97642885728327,81.73587352405914,0.0092450231100951,0.004159332193914
1.2332641923617669,0.0382114851811947,0.0054739655179844,199500064963.516,7728.54167420316,0.0093884850430428,3.1593702925982523,11.323316760956535,0.65,2.0,0.002,4,8.291666223893218,33.16666489557287,74.62499601503895,132.6666595822915,0.0021262222367359,0.0008972235834803
1.6342620276743998,0.0620153839323395,0.0172967374348975,188897816695.667,7811.292427910577,0.0068273756324672,2.221132647041273,22.68953062802065,0.65,2.0,0.002,4,14.441160270026105,57.76464108010442,129.97044243023495,231.05856432041767,6.171180034712011e-05,2.435239097530321e-05
1.2477812185767156,0.0740409019857345,0.0178113311994831,182148614605.80905,7929.4697959298255,0.0093745687003222,0.7265079706801665,38.92132152526116,0.65,2.0,0.002,4,24.862202887423017,99.44881154969208,223.7598259868072,397.79524619876827,5.405537535094972e-06,1.8745684256009247e-06
2.960884468372078,0.0543005991843929,0.0198787166389818,193743239533.7388,7765.587695464124,0.01452932141489,4.360604751761085,1.6003377160846364,0.65,2.0,0.002,4,5.135713494110026,20.542853976440103,46.22142144699024,82.17141590576041,0.0008071363418012,0.0004494016228264
1.9041558243120795,0.0463414750584208,0.0081555510681562,208993516842.2228,7653.180987563802,0.0458919690200745,6.28597748664437,1.5351382716327882,0.65,2.0,0.002,4,5.329948462561941,21.319793850247763,47.96953616305746,85.27917540099105,0.0029042845869525,0.0016859159320482
2.1567763170318166,0.0301554252242272,0.008115529084495,189330170028.3136,7605.722255395383,0.0451327474001154,8.061929187749588,1.011697346851945,0.65,2.0,0.002,4,3.947076666268328,15.788306665073312,35.52368999641496,63.15322666029325,0.0098618375333529,0.0060466800791078
1.0225291510574208,0.0613692814768897,0.0111618718548053,184864873290.4618,7637.078180751861,0.0342193544091243,1.5629541893929269,41.463073970236486,0.65,2.0,0.002,4,23.81652913909389,95.26611655637558,214.34876225184507,381.0644662255023,1.8359981210354268e-05,5.64281335181721e-06
2.6805881289498155,0.0372481356979955,0.0141788345416337,194550388734.29044,7661.690469737446,0.0342233290133878,7.6250557687781315,7.189325331218398,0.65,2.0,0.002,4,4.508824785414969,18.03529914165988,40.57942306873472,72.14119656663951,0.0040214849807603,0.001558604669447
2.189120739230487,0.0487406035623133,0.0095386337312643,197750839402.68408,7894.124812752172,0.0086348366737728,5.1174605301508125,1.1851185148889711,0.65,2.0,0.002,4,4.517344060461814,18.06937624184725,40.656096544156334,72.27750496738902,0.0025450831115333,0.0015523615294505
1.2840869172238638,0.0313391392636189,0.0150176127930512,211304040510.6052,7932.885796793968,0.0154017372354013,8.832922841065594,27.64926566508064,0.65,2.0,0.002,4,21.314719108512723,85.25887643405089,191.83247197661453,341.0355057362036,0.0004554936883331,0.0001698298839076
1.7198492601864706,0.0317367640822073,0.0101782167463769,212468603972.9976,7698.276332466723,0.0419570651659086,8.626995930879193,11.471316913234404,0.65,2.0,0.002,4,8.197299732119241,32.789198928476964,73.77569758907318,131.15679571390783,0.0030893473701318,0.0012023118008492
2.1151868541728414,0.0426125200589724,0.0155184060329718,206247807924.6904,7902.733954197261,0.0285352060002112,3.737476360052651,4.515899647615933,0.65,2.0,0.002,4,8.0349814292056,32.1399257168224,72.3148328628504,128.5597028672896,0.00065955507554,0.0003363644354965
2.7800772045352664,0.0703207477328337,0.0078353366593586,217373715059.3886,7885.639617790096,0.0402267802587319,4.645482675259351,1.3545643119404638,0.65,2.0,0.002,4,2.4135608532509245,9.654243413003698,21.72204767925832,38.61697365201479,0.0105871281042256,0.0056284798381687
2.95858337403265,0.0501319280244016,0.005643741972175,189372680867.9436,7685.080383613984,0.0470872492224849,4.249584913140249,2.765942039857434,0.65,2.0,0.002,4,1.451320185423337,5.805280741693348,13.061881668810036,23.221122966773397,0.0239715873065536,0.0120108125780348
1.6834981534129705,0.0582506744570366,0.0105556180573779,195248366189.65656,7889.091016182118,0.0320969270508138,5.231936718137498,15.08418488694262,0.65,2.0,0.002,4,8.401713223687972,33.60685289475189,75.61541901319174,134.42741157900755,0.000492647097782,0.0001693246984717
1.578365483121582,0.064009323670819,0.0057060071304047,214113757963.1647,7784.538505957342,0.005717472363315,1.4202884148164403,10.358943924128017,0.65,2.0,0.002,4,5.446935914769356,21.787743659077424,49.02242323292421,87.1509746363097,0.0005084155917944,0.0002462490847434
2.297949973472432,0.0555032315051573,0.0152499499840631,211244990612.3321,7966.019847591289,0.0477075466111165,6.338836471043402,13.073875208745331,0.65,2.0,0.002,4,6.743557285173213,26.97422914069285,60.69201556655892,107.8969165627714,0.0005033818939216,0.0001839338836022
1.7401767414267622,0.0287594734255345,0.0088478015139169,195971859323.6588,7959.664356865707,0.0265284289038201,6.181600319747642,1.708060970910927,0.65,2.0,0.002,4,6.573964962346345,26.29585984938538,59.16568466111711,105.18343939754152,0.0025692795790671,0.0015642455979716
2.27800940902231,0.0588489969763858,0.012753115935555,192190971270.6685,7961.263440041269,0.0247178983885252,5.754167029879795,6.605761323104128,0.65,2.0,0.002,4,5.475326577936511,21.901306311746044,49.2779392014286,87.60522524698418,0.0036992857896585,0.0016622356980556
1.3157068310711082,0.0395096039220916,0.0088977291559201,180869196645.4251,7720.350515278004,0.0260075033865696,8.3144099436379,5.921007045429919,0.65,2.0,0.002,4,11.281165547080148,45.12466218832059,101.53048992372136,180.4986487532824,0.001257766000964,0.0006882873360264
2.4346864407840063,0.0650077934196552,0.0185345161230135,190987316192.18912,7622.427780954577,0.0278362276433102,8.765870607230244,13.829654265040697,0.65,2.0,0.002,4,7.097085480729482,28.388341922917927,63.87376932656533,113.55336769167172,0.0004786755693079,0.0001824029319382
2.801532645074996,0.0530225307552691,0.0151455219217604,183087585017.57617,7981.786811739037,0.0191843910659985,3.6074883219104223,2.5191876765951147,0.65,2.0,0.002,4,4.190844136819413,16.76337654727765,37.71759723137471,67.0535061891106,0.0021846264517577,0.0010820683696478
1.394588875913551,0.0497185594016728,0.0146727687534565,212663199744.55304,7837.118126410721,0.03615953379395,4.891394685033224,21.742547975228437,0.65,2.0,0.002,4,17.820377890572544,71.28151156229018,160.3834010151529,285.1260462491607,0.0002688386240016,0.0001148439051381
2.3202872459712767,0.0771121514645335,0.0055105816614989,180916737611.2804,7629.908675123119,0.0050749004434275,9.290293305460088,2.380481923127819,0.65,2.0,0.002,4,2.2600752267855126,9.04030090714205,20.34067704106961,36.1612036285682,0.1887651170116445,0.0855815234142901
1.5293207563164937,0.0229087602018825,0.0107876963737365,183969075137.49677,7785.5086122146195,0.0409651007990977,0.5715400810598893,18.44364442042487,0.65,2.0,0.002,4,10.166927354980103,40.66770941992041,91.50234619482092,162.67083767968165,8.748179530293539e-05,2.9208742235241167e-05
1.640094587544883,0.0659299223510928,0.0068111350581176,204474756766.85483,7833.906428193291,0.0292158783125278,4.894051274388259,8.18276299627542,0.65,2.0,0.002,4,5.86599401323839,23.46397605295356,52.79394611914551,93.85590421181423,0.0025835712217945,0.0010441655858043
1.917988000415476,0.0204017587483569,0.0078212058800265,213136216818.25293,7807.541535773721,0.0227254095567044,6.8514998095154045,3.952049695251551,0.65,2.0,0.002,4,5.037124385192784,20.14849754077113,45.33411946673505,80.59399016308454,0.025262194378388,0.0123537017386869
2.0650602583698667,0.0641339223175539,0.0194668056618966,213931021920.1717,7848.60736809198,0.0312638303675664,6.07154826141944,12.76636331119328,0.65,2.0,0.002,4,10.806848683866631,43.22739473546653,97.2616381547997,172.90957894186613,0.0006435860689696,0.0002872500999579
1.7535369425934704,0.0686125913419607,0.0157952789131641,217895348468.07068,7770.806166934828,0.0368510629366333,6.68688304881,7.28571839638674,0.65,2.0,0.002,4,12.334389397654885,49.33755759061953,111.00950457889395,197.35023036247813,0.0003302410472259,0.0001643263287268
1.787512859759941,0.0726892355869622,0.0072080065592009,204948283940.485,7686.759727924462,0.0250161966561646,5.3769102683533205,2.2143187173843515,0.65,2.0,0.002,4,5.281977750187716,21.127911000750863,47.53779975168944,84.51164400300345,0.0021997973177644,0.00121335068976
1.397796757102599,0.0508759322102588,0.0073748200476808,216493702005.9116,7673.310853444028,0.0308784504001929,0.1555356424020131,4.378251600097487,0.65,2.0,0.002,4,9.091255467408631,36.36502186963453,81.82129920667771,145.46008747853813,3.0950456657913666e-05,1.7533796887653985e-05
1.3735791911142303,0.0494587903002967,0.0134574066220231,197026081623.904,7709.021949238944,0.0175379708414137,9.922068747773237,30.455766541270908,0.65,2.0,0.002,4,16.351042308949438,65.40416923579775,147.15938078054495,261.616676943191,0.000217182016026,7.247325320164662e-05
1.3142246658724006,0.0708721645117956,0.0174234994429726,211325859011.1354,7845.882602615429,0.0375572098946135,7.410963987319031,42.75012899888385,0.65,2.0,0.002,4,23.74000634447485,94.96002537789938,213.6600571002736,379.8401015115976,4.265969091736722e-05,1.3143945488338309e-05
1.8184304007205463,0.0617978180900831,0.0097409743441176,201860144745.94583,7695.058847528619,0.0348327887488982,3.487126414596952,2.047830567320086,0.65,2.0,0.002,4,6.84159881920393,27.36639527681572,61.57438937283536,109.46558110726288,0.0006304939977507,0.0003577458184768
1.427414424297975,0.0543547270255898,0.0064897263274857,195049159551.10077,7844.146617080434,0.0163349205798526,8.664319213728533,14.093595941487004,0.65,2.0,0.002,4,7.202025672990444,28.80810269196177,64.818231056914,115.2324107678471,0.0015500168267513,0.0006483574853144
1.1836708685370174,0.0202245457009427,0.0061874236457221,200909423150.87628,7692.357178052377,0.0399898460443527,8.589335467410255,4.714821957425651,0.65,2.0,0.002,4,10.234052032815784,40.936208131263136,92.10646829534208,163.74483252505254,0.0039462903170739,0.0022211777992338
2.1067964152357783,0.0621233037457149,0.018217479809389,182064306598.8905,7989.332763879751,0.036671798390916,2.9145569756740226,5.046840850153627,0.65,2.0,0.002,4,8.884429796346872,35.53771918538749,79.95986816712185,142.15087674154995,0.000242752974052,0.0001239772370323
1.9494327157812348,0.061331381163352,0.0166460597949807,183138348399.282,7762.937133410418,0.0396435371132227,9.923135708448475,2.1316084113484046,0.65,2.0,0.002,4,9.647189645122928,38.588758580491714,86.82470680610636,154.35503432196683,0.00044017307336,0.000288097796142
2.0726605019149504,0.061668618801456,0.0096995894076793,196156386124.7714,7688.491371682372,0.0181868146685826,6.904838530339152,4.173677134582926,0.65,2.0,0.002,4,5.171385605769749,20.685542423079,46.54247045192775,82.74216969231598,0.0073020300624253,0.0036380037326222
1.0031421016365083,0.040730720716978,0.0104249419879137,217944164695.46176,7617.912285008095,0.0288529277060831,5.820351811212079,36.65195329388556,0.65,2.0,0.002,4,25.12653622297896,100.50614489191584,226.13882600681063,402.02457956766335,0.000154564292959,5.414941316789438e-05
2.8269513820313903,0.0714478001408495,0.0145290683417134,201390942229.23276,7781.170429327434,0.0266978680595074,7.7152843443392625,4.712602273961524,0.65,2.0,0.002,4,4.193994383894241,16.775977535576963,37.74594945504817,67.10391014230785,0.0092263987932955,0.0047671441903409
1.9014751756365744,0.0650787286761885,0.0119690388078955,193752638756.97485,7704.6619662531775,0.0175166035461487,9.28569422809536,3.74226236277124,0.65,2.0,0.002,4,7.5275600307626735,30.11024012305069,67.74804027686406,120.44096049220278,0.0013242405343444,0.0007629268805924
2.6169111345973506,0.0298703000515003,0.006521007486899,205226031987.01456,7890.714331175557,0.007387539769376,2.0895371768584217,2.5699553068569574,0.65,2.0,0.002,4,2.202034233682611,8.808136934730443,19.818308103143497,35.232547738921774,0.044739950702412,0.0248197952752628
2.8828573059562728,0.0429617671941505,0.0197689692236513,202260861828.5617,7995.997270895563,0.0334348678327759,3.528724262501969,8.93001545429345,0.65,2.0,0.002,4,5.42483576362908,21.69934305451632,48.82352187266172,86.79737221806528,0.0007128372102432,0.0002640692568716
1.0645571042719937,0.0265091421542238,0.0056830132057053,217942342903.4177,7770.607161066674,0.0372027033886032,0.1170016793443201,19.60154182790325,0.65,2.0,0.002,4,12.042407658235224,48.1696306329409,108.38166892411704,192.6785225317636,2.8242103869793776e-05,9.412636365204422e-06
2.7248709042389083,0.069682816517881,0.0102650028067361,207614068700.48,7796.961162510244,0.0392437443708995,3.962310449778673,3.765922191609968,0.65,2.0,0.002,4,3.234909740139272,12.939638960557089,29.11418766125345,51.75855584222835,0.0084022988274502,0.0043204363704156
2.338827290146427,0.0211614874944865,0.0195443915029109,195231450540.5821,7734.634944409488,0.0263665775285538,5.226831766704643,7.781779536366469,0.65,2.0,0.002,4,8.1397315562112,32.5589262248448,73.2575840059008,130.2357048993792,0.0083327977430972,0.0049936856623849
2.9998945149090672,0.0224139421655888,0.0080345756551633,185803137276.7896,7661.773620968281,0.0254411897279884,8.79751191046808,2.0089732995294014,0.65,2.0,0.002,4,1.9936186790810224,7.97447471632409,17.9425681117292,31.89789886529636,0.4257605476788397,0.1893112602863188
1.3434216374942345,0.0740706233339558,0.0061787396690618,182045075062.4292,7792.43299221778,0.0150198775643359,1.1192341072891865,2.3092599684333246,0.65,2.0,0.002,4,7.503387967447058,30.01355186978823,67.53049170702351,120.05420747915292,0.0002264804010817,0.000125709579734
1.8966057395171148,0.0744824937227304,0.0156760509401692,182038159122.2461,7953.596912860416,0.0422000249619674,5.512173694538326,2.272055420025968,0.65,2.0,0.002,4,9.453904872094922,37.81561948837969,85.0851438488543,151.26247795351875,0.0002266986409315,0.0001427491337514
2.0785339224888317,0.074000665911517,0.0108792568263723,197195323608.86224,7993.929177560274,0.0100873690714627,7.085459695670196,9.81322380167204,0.65,2.0,0.002,4,5.671297208763305,22.68518883505322,51.04167487886975,90.74075534021289,0.0013001643470929,0.0005577233009032
1.7675309187457653,0.0289461781499435,0.0164335536481009,198263578947.62152,7880.264759878897,0.0071141002987509,5.093345026533285,3.981666918458395,0.65,2.0,0.002,4,11.964037571234137,47.85615028493654,107.67633814110722,191.42460113974616,0.000404989253145,0.0002220078584333
2.698505637916986,0.0718317663064693,0.0089078186085718,208212285111.48956,7975.366880684521,0.0382935173600508,0.3972154595069896,3.6508421084078,0.65,2.0,0.002,4,2.8342085206194554,11.336834082477822,25.507876685575106,45.347336329911286,0.0007730043680194,0.0003733265899939
2.843842641548579,0.050777267030678,0.0143536272155402,194299527015.92484,7710.498456413565,0.0276429726604495,3.013797450864853,3.3069404206022397,0.65,2.0,0.002,4,4.039935556180636,16.159742224722542,36.35942000562572,64.63896889889017,0.0042675264804331,0.0021585552849402
2.776422375859248,0.0446451721980404,0.0106383131285634,216562749769.3333,7934.696115047942,0.0484886099013935,0.7582320471870239,2.085859987863645,0.65,2.0,0.002,4,3.269321878518632,13.077287514074529,29.42389690666769,52.30915005629811,0.001282602833994,0.00065825683268
1.244819560163423,0.0609803529255624,0.0119898798735159,201645834168.4208,7671.829871861913,0.0375584404750211,1.7494659375546884,32.26171726009534,0.65,2.0,0.002,4,17.98773262971932,71.95093051887729,161.88959366747392,287.80372207550914,3.052484285475061e-05,9.62462585771902e-06
1.1136746891477438,0.0777424704122422,0.0088303733852794,199699356840.5124,7980.264601497514,0.0354497243059157,5.897057317531182,12.703669826541994,0.65,2.0,0.002,4,16.14995476623787,64.59981906495148,145.34959289614082,258.3992762598059,0.0004528079793594,0.0002217078628449
2.441089890954807,0.0269820642520981,0.0071160575781003,185050608317.8304,7893.087220700129,0.031619339796367,4.556587755751591,2.771959419426765,0.65,2.0,0.002,4,2.621941336911012,10.487765347644046,23.597472032199104,41.951061390576186,0.1072850292975843,0.0537690062030189
1.5953113748947565,0.0634169884439243,0.0152232874403826,198467417603.2215,7873.042161937613,0.0440210947844688,9.607768860628042,27.15293161995993,0.65,2.0,0.002,4,13.6182122542863,54.4728490171452,122.56391028857672,217.8913960685808,0.0001603724500607,5.234092063080306e-05
1.8268164887797167,0.0694347416630477,0.0088508264230274,218790863153.2404,7913.888808340541,0.0485416861698862,8.397551892820012,2.882072146049855,0.65,2.0,0.002,4,6.323286371359683,25.29314548543873,56.90957734223715,101.17258194175491,0.001974560022251,0.0011188477956063
2.596781933652779,0.0472994960056558,0.0090584891256664,196811801443.5293,7778.184176793218,0.0377161344345911,8.70062580239636,2.3846284165813483,0.65,2.0,0.002,4,3.0640829366437394,12.256331746574958,27.57674642979365,49.02532698629983,0.0291314959508637,0.0149662183166998
2.2432139242955245,0.0224057311057691,0.0114918993630678,212991009125.07388,7999.539052936992,0.0216636311292875,0.2992565723519512,5.809616985468527,0.65,2.0,0.002,4,5.343524907518041,21.374099630072163,48.09172416766236,85.49639852028865,0.0011843350892184,0.000638837030626
1.067742377228631,0.0701182316065531,0.0059054334463947,206588310872.48477,7774.772350204283,0.0069465615808672,1.6821769260131936,4.616549374242533,0.65,2.0,0.002,4,12.107573267750828,48.43029307100331,108.96815940975743,193.72117228401325,0.0001618571507799,8.715395691614915e-05
2.215426567668951,0.0447150350476442,0.0080242198801025,198277222770.2536,7987.858586307628,0.0180890095661589,2.7928815896039625,1.6081942204317898,0.65,2.0,0.002,4,3.69350410002514,14.77401640010056,33.241536900226265,59.09606560040224,0.0033517506626764,0.0018457812894559
1.0973135739668556,0.0427287993214133,0.0144940128730902,215742700721.7921,7773.802229247,0.0087846344206818,8.42061394269633,12.215532225184278,0.65,2.0,0.002,4,28.754624811203133,115.01849924481252,258.79162330082823,460.0739969792501,9.955913832528809e-05,5.31920805227118e-05
1.229688877919166,0.0562437816509196,0.0156810527972094,203818195223.351,7709.774027765534,0.0406935666362748,7.956584291385828,20.54313067690898,0.65,2.0,0.002,4,24.17768039234931,96.71072156939724,217.59912353114385,386.84288627758895,0.0002741079900363,0.0001430770890763
1.7878804292749406,0.035947172715754,0.0156491392052455,192700052815.7499,7939.832557410358,0.0313773105149594,6.376048357428988,12.203182140817075,0.65,2.0,0.002,4,10.936491300432234,43.745965201728936,98.42842170389012,174.98386080691574,0.0020259721651105,0.0010045946920536
2.721009400238291,0.0210633427571133,0.0178907791541403,210071810390.27072,7978.728699994585,0.0155115862370952,3.291981138259383,7.818743572388313,0.65,2.0,0.002,4,5.622318760943053,22.489275043772214,50.60086884848749,89.95710017508885,0.0023751684471596,0.0009965650673243
2.1783164888182664,0.0326882680252291,0.0164748076820187,209490580803.6737,7638.063189361906,0.0317747467516964,6.61611807876581,14.049913687306873,0.65,2.0,0.002,4,8.24514460397382,32.98057841589528,74.20630143576439,131.92231366358112,0.0008789229281104,0.0003025193659408
1.6519272055586631,0.0362764443624794,0.014727684476077,182121294866.87537,7736.145511255892,0.0360388384673213,1.840912517881959,7.096783088028562,0.65,2.0,0.002,4,11.874079815562787,47.49631926225115,106.86671834006508,189.9852770490046,0.0002038948228592,0.0001008872298068
1.4186470915905032,0.0386130368052233,0.0190489935880236,192119812970.4817,7892.554634220007,0.0068963749211514,1.3703082049355295,16.107218354600864,0.65,2.0,0.002,4,21.175312326876384,84.70124930750553,190.57781094188744,338.80499723002214,5.996539966909741e-05,2.718549153288944e-05
2.357971321829874,0.0242701293528736,0.0196384188842198,207381079143.4325,7672.69182712477,0.0056342590457835,3.411182632831666,3.955682538515632,0.65,2.0,0.002,4,8.326632994495368,33.30653197798147,74.93969695045833,133.2261279119259,0.0006992203749509,0.0003781182016342
2.3635994273963945,0.0229720965240125,0.0069680744107366,205533598552.3865,7683.773134610504,0.0151537093533661,7.813471301901745,2.0905034340033906,0.65,2.0,0.002,4,2.925151929072893,11.700607716291572,26.32636736165604,46.802430865166286,0.0698773687539344,0.0357984503815773
2.1639381597882466,0.0492332705697824,0.0066392541265455,198593084746.8625,7826.929436213795,0.0375329589579724,4.200555943330865,2.503479444906629,0.65,2.0,0.002,4,3.2385097345632152,12.95403893825286,29.146587611068934,51.81615575301144,0.01604425988889,0.0083594815583168
2.0057882729584904,0.0749831846253425,0.0132519057172694,210752691730.56635,7717.436523863885,0.0405686070519983,2.7167839685513573,1.8357190110681392,0.65,2.0,0.002,4,7.805261318378118,31.221045273512477,70.24735186540306,124.8841810940499,0.0001959847869153,0.0001241671917139
2.126144646283989,0.0768992035907523,0.015582743914066,191952134458.31915,7884.349270117143,0.017717283995098,5.4726194916584925,8.853086807875453,0.65,2.0,0.002,4,7.712605514426001,30.850422057704005,69.41344962983402,123.40168823081602,0.0015708339182037,0.0007119935536324
1.6097463515750792,0.0441710007112635,0.0094987444466676,206268510431.70905,7925.687332444633,0.0123951122124863,2.6219509073627947,3.2849692415370013,0.65,2.0,0.002,4,8.47966230378415,33.9186492151366,76.31696073405735,135.6745968605464,0.0004975838024253,0.0002671671556551
1.7965471662867794,0.0732507329121154,0.0119365086894762,191554116812.46292,7960.258073224998,0.0302301846013404,3.668794520797409,2.302846468998096,0.65,2.0,0.002,4,8.226431702770306,32.90572681108122,74.03788532493276,131.6229072443249,0.0002953809066737,0.0001711317361856
2.1825638471811595,0.0740712780627109,0.0131962265001541,182692738362.1642,7737.988762067306,0.0332747081084298,3.3980933005447467,9.65780520062368,0.65,2.0,0.002,4,6.103679153022548,24.414716612090192,54.93311237720294,97.65886644836075,0.0005338671588699,0.0001982107583367
2.752700469212946,0.0689545982419441,0.0065587373613234,201267252626.0127,7861.473144058578,0.0272966987627264,3.963604533440764,3.771133326283864,0.65,2.0,0.002,4,1.9859402234611163,7.943760893844466,17.87346201115005,31.775043575377865,0.0077909469155764,0.0038159621162883
2.753208512983451,0.0591569224151088,0.0097969686776322,218813871185.74832,7800.439421723094,0.0053649453141285,0.1610170278982353,5.878393033710872,0.65,2.0,0.002,4,3.1039924530418084,12.415969812167232,27.93593207737628,49.66387924866893,0.000113419112404,5.766304838022138e-05
1.4556858686833782,0.0416445948510649,0.01552125683876,216321336963.6958,7604.512379478305,0.0125531576097556,7.086760068664324,21.677931289044285,0.65,2.0,0.002,4,17.71474075245667,70.85896300982668,159.43266677211005,283.4358520393067,0.0005358487282013,0.00021087478811
1.5991692890093347,0.0756516974868286,0.0199990708080351,185746953898.0072,7977.107295985088,0.0367943005258362,5.036220866828594,32.82733507691589,0.65,2.0,0.002,4,17.111509541273495,68.44603816509398,154.0035858714615,273.7841526603759,3.692413910606508e-05,1.1989638665598045e-05
1.5323236367280235,0.0501279673180778,0.0114777200170204,201801389829.7244,7939.626259454963,0.0151359036214825,0.3738753909724883,3.0038937227061617,0.65,2.0,0.002,4,11.174958672185994,44.69983468874398,100.57462804967396,178.7993387549759,2.4608810735671108e-05,1.4445317108337556e-05
1.2990164315456274,0.0685585938712062,0.0182895724589571,216188877829.20056,7928.6534682445,0.0111780150429258,1.0677442189169664,28.19154459922484,0.65,2.0,0.002,4,25.66377112144285,102.65508448577138,230.97394009298563,410.62033794308553,3.95700880624713e-05,1.7147915347489737e-05
2.5923641494847,0.0580860049465067,0.0114110069599042,182292614290.98788,7887.097549416713,0.0365118247562292,1.2553528362183803,2.2732290288143275,0.65,2.0,0.002,4,3.701580009321498,14.806320037285992,33.31422008389349,59.22528014914397,0.0011748629765879,0.0005975554809887
1.297125851588879,0.045413074003679,0.0125599784480552,208527863374.9956,7982.06927225235,0.0359901651681305,9.873034040581764,11.131810069968404,0.65,2.0,0.002,4,17.301279370383117,69.20511748153247,155.71151433344806,276.8204699261299,0.0005135651639286,0.000253306673927
2.6840390726485213,0.0749166323315989,0.0095487292722176,186169744883.8029,7888.056179026523,0.0311899426455194,2.090059871907843,4.579944553245473,0.65,2.0,0.002,4,2.919891548979108,11.679566195916433,26.27902394081197,46.71826478366573,0.0019726473185,0.0008351169797646
1.0486910733103894,0.066496426886647,0.0104376432278777,195866342088.08524,7919.943017963278,0.0130971106209806,6.538236721058253,16.358680525316935,0.65,2.0,0.002,4,21.402053112389297,85.60821244955719,192.61847801150367,342.43284979822874,0.0002907812408632,0.000131668856152
2.5866040700348014,0.0736107200022216,0.0182861894958526,193515692285.84024,7701.813533376009,0.0453465218635866,1.5454690507131477,1.906061313250404,0.65,2.0,0.002,4,6.212324755328939,24.849299021315755,55.91092279796045,99.39719608526302,0.0001518198437095,8.7636476497688e-05
2.36889553107505,0.051653881153884,0.0081732066245462,202247881079.0605,7981.893245701402,0.0474879889655502,2.9867811139941787,3.875235179246255,0.65,2.0,0.002,4,3.324443433569861,13.297773734279444,29.91999090212875,53.191094937117775,0.0092478040759691,0.0048497663197825
1.0912635628711518,0.0524439605551254,0.008230080272097,209149037714.5265,7640.529403478119,0.0053822812175862,6.789463162444405,18.05928997152189,0.65,2.0,0.002,4,16.396087449356386,65.58434979742555,147.5647870442075,262.3373991897022,0.0019942253313082,0.0008771484483137
2.8266744235468435,0.0559235404519499,0.0093548910597965,187781785679.99188,7873.979011741985,0.0397064270620792,9.134589172682263,4.745324181537523,0.65,2.0,0.002,4,2.59266267613582,10.37065070454328,23.33396408522238,41.48260281817312,0.0098477847161409,0.0041742667290093
1.661015550550641,0.0209345086572127,0.0120364814086689,210680634739.12045,7640.088015098378,0.0380850211397312,5.883533144214078,11.513245100815157,0.65,2.0,0.002,4,10.388301240435023,41.5532049617401,93.49471116391524,166.2128198469604,0.0047070569935425,0.0024519420449833
2.294917149296153,0.0460940188348819,0.0167718757717153,182164150161.53397,7925.247700373186,0.0414815977735007,2.3624411918909707,1.8540730691082925,0.65,2.0,0.002,4,6.923120677784754,27.69248271113901,62.30808610006278,110.76993084455606,0.0002940514151522,0.0001756334694023
2.141733082611336,0.0539631739205158,0.0126607727498175,182322621902.64688,7885.037798468025,0.0379071774175988,4.8934296822082,10.970430062741778,0.65,2.0,0.002,4,6.01834619864074,24.07338479456296,54.16511578776666,96.29353917825183,0.0007615256232802,0.0002755272348085
1.6507375459403697,0.0719497572519494,0.0151796840329482,203132338076.74692,7796.491820494676,0.022877177823008,6.160705154336912,5.470683740953668,0.65,2.0,0.002,4,12.893649102592024,51.5745964103681,116.04284192332824,206.2983856414724,0.0002012456725564,0.00010924629317
1.0003423512489895,0.0648156774336038,0.0100845312798865,203049590930.03384,7904.608916895424,0.0279875825434975,6.506797360456643,42.98347592720486,0.65,2.0,0.002,4,23.160531695119072,92.64212678047627,208.44478525607167,370.5685071219052,6.939465338099576e-05,2.1485498140899053e-05
2.37697262454816,0.0200994098045344,0.0099896157123642,213583808966.6729,7660.480479162326,0.0209027868719702,0.1103288390015109,1.0229459735460114,0.65,2.0,0.002,4,4.233366164086684,16.933464656346736,38.10029547678016,67.73385862538694,0.0001396956430125,8.625794995297765e-05
1.99399683594046,0.0313097302563422,0.0124193361691884,202968214883.4449,7973.375161027742,0.0345010965956968,0.4073031540709839,6.326585962965208,0.65,2.0,0.002,4,7.146141703665268,28.58456681466107,64.31527533298741,114.33826725864428,0.0004471563661048,0.0002405141261771
1.7275939643292737,0.063461605690568,0.014475025783699,187514429013.5009,7943.337068837011,0.0074007942055331,5.99263531631483,21.05913812911243,0.65,2.0,0.002,4,10.685161576888886,42.74064630755554,96.166454192,170.96258523022215,0.0001843456751221,8.325938247921186e-05
1.9611114392244628,0.0429178856439294,0.0190370449791508,196742961777.6201,7955.621075065927,0.0317598320295171,5.288834256877339,5.450921101328208,0.65,2.0,0.002,4,11.161865933400108,44.64746373360043,100.45679340060096,178.58985493440173,0.0003097778233644,0.000176759920164
1.903983766441253,0.0220010077064305,0.0169679086067925,205084280436.37717,7683.509083214793,0.0320788196900365,4.426373318312645,18.50142297084541,0.65,2.0,0.002,4,10.96522304109773,43.86089216439092,98.68700736987958,175.44356865756367,0.0004880214179188,0.0001620942932482
1.7830288301602626,0.0531797072184617,0.008487689493445,188893807244.55063,7752.555982947232,0.0352410400945738,6.912443569652265,11.694495339224384,0.65,2.0,0.002,4,5.975694835488476,23.902779341953902,53.78125351939627,95.6111173678156,0.0013505882286965,0.0005211960361745
2.6748508270546854,0.0739917178757789,0.0181257127472816,207279783876.58624,7965.930670984038,0.0173995043754205,7.280231669650087,1.9806324732696243,0.65,2.0,0.002,4,5.859835514109948,23.43934205643979,52.738519626989536,93.75736822575917,0.0008436780216739,0.0004664600720333
1.069058329690124,0.07063371223325,0.005444759943797,186498297391.78436,7726.138037756606,0.0381992255377304,9.004262118625874,14.855786980817182,0.65,2.0,0.002,4,10.613567625315632,42.45427050126253,95.52210862784068,169.8170820050501,0.0016343647871746,0.0006177833857594
1.0857624257734666,0.0415272338737866,0.0095170184926324,216683192343.1127,7688.203426046918,0.0232316259899788,6.851939452618814,15.122023810484562,0.65,2.0,0.002,4,19.433934307164563,77.73573722865825,174.90540876448105,310.942948914633,0.0006735361239117,0.0003135668331193
1.5672022992111478,0.045096639153702,0.009866084962124,211934032510.39444,7983.077363206169,0.0443882517642881,1.62042088278279,14.997770666991771,0.65,2.0,0.002,4,9.385105665354832,37.54042266141933,84.4659509881935,150.1616906456773,0.0002166903112943,7.52049305893214e-05
2.0365600264039347,0.0399346134420223,0.0166205188823335,189059346259.76004,7976.333800018557,0.0194602988700368,1.1281310507784317,5.595917184695061,0.65,2.0,0.002,4,8.84660868545263,35.38643474181052,79.61947816907367,141.54573896724207,0.0001985906105678,9.584485211533828e-05
2.728522626425711,0.0781751138441905,0.0110787810503867,185383448989.01105,7740.792037998981,0.0278427783856508,3.074196876529701,4.29403884277391,0.65,2.0,0.002,4,3.302241974097074,13.208967896388296,29.720177766873668,52.83587158555319,0.0034052397138495,0.0015811592458541
1.2324265835206862,0.0318579119917648,0.0170583347426497,189406679601.5205,7894.82613551753,0.0172878214859685,2.426772301814928,18.420781527596684,0.65,2.0,0.002,4,24.944231692633952,99.7769267705358,224.4980852337056,399.1077070821432,9.11642513244288e-05,4.155899926044679e-05
2.28373459659858,0.0462830610862598,0.0166749699347501,205998656905.7883,7829.842653634127,0.0245917271964002,5.40370280576576,2.170051593772149,0.65,2.0,0.002,4,7.436331271690655,29.74532508676262,66.9269814452159,118.98130034705048,0.0006315118286062,0.0003649685622324
2.6822322624611536,0.0546349605813865,0.0163471708742675,210279168828.30096,7961.281071722914,0.0092021093975456,5.758001354728408,9.72340317227602,0.65,2.0,0.002,4,5.295241108991272,21.180964435965087,47.65716998092145,84.72385774386035,0.0009286492904037,0.0004264836072527
2.761863968845497,0.0438299395602036,0.0086564079482596,201465578947.87653,7754.256564714055,0.0405588883897248,9.905411621298974,3.0107301318104014,0.65,2.0,0.002,4,2.622966509275581,10.491866037102325,23.60669858348023,41.9674641484093,0.0645614062918029,0.0364649844318559
1.2979556483590422,0.055043800561763,0.0056741210526381,212980102707.67496,7768.364679788247,0.0236639400872888,3.3389914989114677,15.552351642574902,0.65,2.0,0.002,4,7.996737847600668,31.986951390402677,71.970640628406,127.94780556161068,0.0005537092483685,0.0002099748284266
2.4122615094606306,0.0595458203014624,0.0130324114105151,216430985587.26392,7641.255541092109,0.0117360151015158,3.8961518242721898,7.461851735336469,0.65,2.0,0.002,4,5.404837209009777,21.61934883603911,48.643534881088,86.47739534415643,0.0016072665752908,0.0006980768959443
2.898180982462759,0.0660722519314277,0.0080664587460708,187777994338.56644,7951.908604352288,0.0113862165355006,5.882961025591643,1.8640230402478888,0.65,2.0,0.002,4,2.116156703535064,8.464626814140255,19.04541033181557,33.85850725656102,0.0652502917283535,0.0338935036256506
1.1257824846390572,0.0591307163174819,0.0109666208171352,212073001461.97525,7974.924521588529,0.0480668204179659,4.313369253552374,13.673623834684038,0.65,2.0,0.002,4,20.233569590389635,80.93427836155854,182.10212631350672,323.73711344623416,0.0001473930383784,7.628740566603612e-05
1.881074393394087,0.0551989926100822,0.0182219539294512,208635599380.8033,7692.498506847949,0.043672513285619,6.676008550777211,22.027181532646107,0.65,2.0,0.002,4,12.161096981023476,48.6443879240939,109.44987282921127,194.5775516963756,0.0001775464293057,5.789256707612593e-05
1.9260936135051612,0.0578141296983793,0.0053489066018265,191148407222.2536,7802.159061823754,0.0448798241025231,2.7872502338873253,5.162640376008143,0.65,2.0,0.002,4,3.23606642835032,12.94426571340128,29.12459785515288,51.77706285360512,0.0046385580945552,0.0018810368635766
1.111800309186979,0.0657302658585624,0.01283514322193,202304093037.8775,7699.545587758863,0.0289302597131303,5.495556271316904,22.80241204719527,0.65,2.0,0.002,4,24.13493756164037,96.53975024656148,217.21443805476332,386.1590009862459,0.0004181401584976,0.0002448866241642
1.0778177606424877,0.0572492521429269,0.0140970397910242,192849791491.45636,7959.776188031139,0.0298796767747289,2.538768654766326,9.72467168473933,0.65,2.0,0.002,4,27.084802098538297,108.3392083941532,243.7632188868447,433.3568335766128,2.317156786680945e-05,1.2603309034470808e-05
1.8073462199800328,0.0294330535262202,0.0155622003214728,199802453238.38556,7855.926576333001,0.0263434788046009,4.183595528628508,11.835024012614308,0.65,2.0,0.002,4,10.894799580887303,43.57919832354922,98.05319622798577,174.31679329419688,0.0021553011504378,0.0011146658165636
1.9098642186532275,0.0428199164671171,0.0191642867885814,209447019268.2799,7819.137705061289,0.0320313451045557,9.73082411991147,5.859652367640411,0.65,2.0,0.002,4,12.330326936610147,49.3213077464406,110.97294242949134,197.2852309857624,0.00046994104127,0.0002638629614899
1.6623564899242649,0.0700966647591768,0.0184385527696382,199333400528.64548,7957.715707792297,0.0174561479325971,6.61849091921443,5.426158922170924,0.65,2.0,0.002,4,15.142709330846497,60.57083732338598,136.28438397761846,242.28334929354392,0.0001224205648136,6.620625196658826e-05
2.308036924232536,0.0387672042278489,0.0122849841345404,201482911940.0618,7710.094936573028,0.0060580148288251,2.2346767835889976,8.797315655266633,0.65,2.0,0.002,4,5.34573708871626,21.38294835486504,48.111633798446334,85.53179341946016,0.0009302950483365,0.0004301200248166
2.97565032287994,0.0484305716847519,0.0168432611068098,198642459705.2269,7946.383659362148,0.0342377447458368,9.37273987015232,8.60385044180248,0.65,2.0,0.002,4,4.31263718540951,17.25054874163804,38.81373466868559,69.00219496655215,0.0018521684894413,0.0007581306864582
2.981358067426143,0.0474860244710875,0.0110212750376343,183161498255.9493,7911.287473517672,0.0123225798445807,9.3371738187132,5.364925552182513,0.65,2.0,0.002,4,2.7053678676692727,10.821471470677093,24.34831080902345,43.28588588270837,0.007644892187545,0.004070604485234
2.9210946483060702,0.0640561344799836,0.016456712221492,209611615954.1764,7873.162945151465,0.0091061585408476,7.561420587503941,2.9243473190156597,0.65,2.0,0.002,4,4.512467881281095,18.04987152512438,40.61221093152986,72.19948610049752,0.0034620489805137,0.0017382886353093
1.5328161177541135,0.0611906243210602,0.0168981523032969,184097436351.32,7966.935281098495,0.0063465322012745,6.915198885165518,13.985590048555924,0.65,2.0,0.002,4,15.677130843703075,62.70852337481231,141.0941775933277,250.83409349924924,0.0008335945733426,0.000382624098815
1.0468416774522604,0.0276430673440384,0.0175350184242006,198227358066.88766,7716.648590803829,0.0399047027730508,7.955114617166657,31.32736244005344,0.65,2.0,0.002,4,36.77400289387397,147.09601157549588,330.96602604486577,588.3840463019835,0.0002182723547594,0.000113662643464
1.141575951797587,0.0623347877206872,0.0158249144613521,188948903617.16025,7981.576625530122,0.0073630144687771,7.385994577951046,52.06189881345591,0.65,2.0,0.002,4,26.790995212156247,107.163980848625,241.11895690940625,428.6559233945,3.558419081247666e-05,1.2685221074387232e-05
1.9316655469354491,0.0338663804048717,0.0106740063228999,205322027036.10284,7974.491992146046,0.032801963405381,5.119975354730575,7.91553649710551,0.65,2.0,0.002,4,6.582018528709295,26.32807411483718,59.238166758383656,105.31229645934872,0.0045354607956152,0.0020635562591749
1.6182995553999608,0.0747479250865028,0.017396543798457,209764378610.84937,7981.516627123145,0.034432568366378,4.999318458420757,21.86905776187388,0.65,2.0,0.002,4,15.441787005914414,61.76714802365765,138.9760830532297,247.06859209463065,0.0001195363242138,4.356078478982695e-05
2.0992272744406217,0.0615310339186395,0.0108983998940151,210053493589.0188,7963.549622609492,0.0366375005172738,9.365694242671694,7.254519226776003,0.65,2.0,0.002,4,5.759498664872062,23.03799465948825,51.83548798384856,92.151978637953,0.0046794652426239,0.0020491974296875
2.29437507363032,0.0360192474789809,0.0126015413637081,180922798139.57312,7651.978421040171,0.0283212888242356,3.1657555287559367,10.230190171371298,0.65,2.0,0.002,4,5.2781760458014615,21.11270418320585,47.503584412213165,84.45081673282338,0.0008406754767808,0.0003395465587094
1.5613658291295085,0.0671435004675758,0.0175855867663609,216997573888.5334,7678.42495968024,0.0276283257976044,0.5821084095108384,10.986808776521038,0.65,2.0,0.002,4,17.38874119524615,69.5549647809846,156.4986707572154,278.2198591239384,1.5072685108479695e-05,7.280283068062232e-06
2.684264532072773,0.0309821738499777,0.0145050272433335,184527426361.4296,7922.2063384896755,0.0156044131475433,4.332997233640187,6.083050856257336,0.65,2.0,0.002,4,4.405594936854099,17.622379747416396,39.650354431686885,70.48951898966558,0.0044016319544225,0.0019133964366216
1.869941723439814,0.0336831552117052,0.0127105384697929,206317765688.98663,7862.317539640015,0.0452193993739907,9.666559055183775,15.226015583235712,0.65,2.0,0.002,4,8.443647268286322,33.774589073145286,75.9928254145769,135.09835629258114,0.0012352941655455,0.000419940799816
1.7321055534992171,0.0547870103697199,0.0102720862842332,211374233846.9496,7668.732455636735,0.0147502271432589,0.4830713016160576,10.564259664633177,0.65,2.0,0.002,4,8.15086001400403,32.60344005601612,73.35774012603628,130.41376022406448,0.0001492958237032,6.238718643843928e-05
2.8426858636179384,0.0311305233795614,0.0175486600940964,199785271348.99512,7641.886962477806,0.0211911083415002,9.191473083643062,8.571961867257025,0.65,2.0,0.002,4,5.034970213818341,20.139880855273365,45.31473192436507,80.55952342109346,0.0033372123523214,0.0013129255629443
2.1528868821614067,0.0266902103075503,0.0155529146779004,197244501995.29675,7681.63256614527,0.0482481181816189,7.224513071642813,9.772013952787354,0.65,2.0,0.002,4,7.71035383643898,30.84141534575592,69.39318452795081,123.36566138302368,0.0030866539633475,0.0013457492291044
2.865969941933744,0.0743349097853177,0.0145839859388985,193698665992.2823,7970.227070975553,0.0105123437600173,1.7711181690030935,3.893232265086159,0.65,2.0,0.002,4,3.969083139100544,15.876332556402174,35.7217482519049,63.505330225608695,0.0067788807850081,0.0030556823211291
2.3550342796171213,0.0787397259131261,0.0065722968696926,201853796997.39105,7994.949739756744,0.0099903554075346,9.728429634769556,2.7861769986915528,0.65,2.0,0.002,4,2.6999924687893637,10.799969875157451,24.299932219104274,43.19987950062981,0.1267166242824547,0.0551626378399533
2.083396124306546,0.0560094721487406,0.0142778048766071,207311955112.26984,7627.611830153977,0.0366524331727071,1.630517469930594,11.031706865049298,0.65,2.0,0.002,4,7.776154388808432,31.104617555233727,69.98538949927588,124.4184702209349,0.000257877400047,9.962141495558504e-05
1.8582554017282864,0.0439171831355887,0.0091350697769948,181033277071.6467,7705.82727735206,0.0226985154154691,5.25125956378055,5.952479004399471,0.65,2.0,0.002,4,5.814332804674222,23.257331218696887,52.328995242068,93.02932487478756,0.022712823198057,0.0117575799442236
2.9105071288109743,0.0334382274793122,0.0111449944179207,185253361530.0537,7876.857632844989,0.0266989991133038,5.928241628459474,4.633886627264115,0.65,2.0,0.002,4,2.893199125716857,11.572796502867428,26.038792131451714,46.29118601146971,0.0105896156966915,0.0045690650758807
1.264433762276924,0.0655587831335456,0.0179345184280826,192516741216.9075,7640.533570867545,0.0499959121335323,9.713417201668124,39.88940153560378,0.65,2.0,0.002,4,25.5328452498964,102.1313809995856,229.7956072490676,408.5255239983424,7.198332150059895e-05,2.4143983444297558e-05
1.5149397864570484,0.0784254660661188,0.0110108001132149,186493064853.5052,7622.366167349851,0.0336277369888417,9.835460526646912,19.503164940931875,0.65,2.0,0.002,4,10.76078189278446,43.043127571137845,96.84703703506015,172.17251028455138,0.0004023665881521,0.0001337654485824
1.5794729884070042,0.0316510089533532,0.0168394768513339,209004014250.8725,7721.763738531067,0.007445044831755,1.770533523727431,21.23908840735064,0.65,2.0,0.002,4,15.924012211471968,63.69604884588787,143.3161099032477,254.7841953835515,0.0001374151655504,5.5504759739609375e-05
1.1603984043067035,0.040934356243879,0.0109710427194149,216167266255.4978,7897.246285606084,0.0265619198457053,1.435086961021792,26.69576210337665,0.65,2.0,0.002,4,19.32947410254945,77.31789641019782,173.9652669229451,309.2715856407913,7.206285872083011e-05,2.5904216227341223e-05
1.494920019538667,0.0550097559051494,0.0123269117845624,181699468422.26987,7995.637877372947,0.0197225262810185,4.052868408856441,13.406719944190714,0.65,2.0,0.002,4,11.92333912327368,47.69335649309472,107.31005210946311,190.77342597237887,0.0009582882265884,0.000436916649507
2.596864381600269,0.0745170663509007,0.0159670906536208,205072649445.2121,7770.971676339402,0.027964666268408,5.142073100925736,1.305279576942865,0.65,2.0,0.002,4,5.515345379678251,22.061381518713,49.63810841710427,88.24552607485201,0.0006278066182974,0.0003895501116762
1.945842274394556,0.0662309729198826,0.0107494026952384,189539223686.09485,7642.012950686973,0.0352359444275945,4.752431143949545,10.623038818435166,0.65,2.0,0.002,4,6.411268747557718,25.64507499023087,57.70141872801946,102.58029996092348,0.000840120412829,0.0003005080380379
1.488735112252107,0.0657859233841457,0.0145807135904566,191477289253.7907,7996.732510741918,0.0340552460576907,1.5104820265317926,24.7105834981818,0.65,2.0,0.002,4,14.597400409284036,58.38960163713615,131.37660368355634,233.55840654854455,3.471882130524254e-05,1.1150038473451757e-05
1.980051143718864,0.0703340242834049,0.0122150829915908,186756110704.21896,7807.039270971835,0.0190655131744859,4.57840962380781,13.454852660421412,0.65,2.0,0.002,4,6.909825636556472,27.63930254622589,62.188430729008246,110.55721018490355,0.0003707414816485,0.0001507771357253
1.4339847398737755,0.0404996607702771,0.0093588892169896,215514869031.6309,7907.482222261349,0.0448257594153008,7.228421893547375,8.561445309454225,0.65,2.0,0.002,4,10.774174580595764,43.096698322383055,96.96757122536188,172.38679328953222,0.0022389103903779,0.0011422971321167
1.023727056881655,0.033364888876003,0.0106560804627408,200272697882.74677,7736.638117902264,0.0342049666167072,2.341335420782056,5.767630018232777,0.65,2.0,0.002,4,23.458115172089272,93.83246068835707,211.12303654880344,375.3298427534284,5.385736917745918e-05,3.340804148117616e-05
1.572570460793699,0.0768186592949793,0.0109624290087328,185634558538.7247,7986.126582340596,0.0349669203320907,7.552873160606183,2.330937729068376,0.65,2.0,0.002,4,9.691190726001333,38.76476290400533,87.22071653401201,155.05905161602132,0.0004108018510948,0.0002564228676547
1.7441568230320508,0.0243100921840165,0.0083019662034964,198670117036.7576,7996.176871570129,0.049831927832261,9.79825464313045,5.931145590306603,0.65,2.0,0.002,4,6.1682821418494935,24.67312856739797,55.51453927664544,98.6925142695919,0.0386556650791364,0.0234467634020052
2.013726610394927,0.0478703604315393,0.0127417052743472,181119558013.0073,7621.7707585908975,0.021701478794359,8.860921485995485,11.276188361419775,0.65,2.0,0.002,4,6.945612095923204,27.782448383692817,62.51050886330884,111.12979353477128,0.0017024052656337,0.0006367355707153
2.211625264549591,0.0558168436427967,0.0167825533546303,182985187987.41684,7681.164537404468,0.0459303069660412,5.76514461167392,7.774845072516273,0.65,2.0,0.002,4,7.593790994657536,30.375163978630145,68.34411895191782,121.50065591452058,0.0038215700760834,0.0023304294659234
2.330814232959134,0.0462472893872276,0.0145894598865492,202853391604.2424,7695.558017844507,0.0283445618660792,5.194468666727062,10.519249802670116,0.65,2.0,0.002,4,6.252075641036269,25.00830256414508,56.26868076932642,100.0332102565803,0.0009931289088498,0.0003618594963294
2.40566274576902,0.0782471564746132,0.0128753369721732,206927306614.66852,7877.041001024882,0.0122648947620254,1.998834046664785,2.9716748465904934,0.65,2.0,0.002,4,5.170656913649673,20.682627654598694,46.53591222284706,82.73051061839477,0.0006095278712292,0.000308348189506
1.87463634530068,0.0591368825774565,0.0068747006009749,204856609315.2908,7978.767208064421,0.0217287290576862,3.4398285348316056,1.127699656150826,0.65,2.0,0.002,4,4.494755478244199,17.979021912976794,40.4527993041978,71.91608765190718,0.00187620976034,0.0011540008903559
2.2561186653145544,0.0796258926013501,0.009174593021142,219876245704.70053,7672.098916848829,0.0209038265437568,9.359708395366937,3.7934239087258375,0.65,2.0,0.002,4,4.37546530965103,17.50186123860412,39.37918778685928,70.00744495441648,0.0152571932256785,0.0077140280922991
1.4310016988626453,0.031407168921817,0.0072838378251735,212791373976.4939,7796.02202279579,0.020212095679666,3.3155909715130343,5.862718904654776,0.65,2.0,0.002,4,8.426548091687936,33.70619236675174,75.83893282519143,134.82476946700697,0.0022471343246493,0.0010800545736155
2.2632497092906894,0.0764898853779973,0.0140305343223494,214800754213.7921,7743.352325943946,0.0075820529590677,3.8147051180207097,7.580576668910803,0.65,2.0,0.002,4,6.5417193580319495,26.1668774321278,58.87547422228754,104.6675097285112,0.0017878261405862,0.0008323630396854
2.967440912056998,0.0274712269404103,0.0123515991694495,190320919603.6345,7899.872867837451,0.0065508497356015,5.491293186756445,5.440789548032094,0.65,2.0,0.002,4,3.121918032257729,12.487672129030916,28.09726229031956,49.95068851612366,0.0079131396766871,0.0039061147280585
1.229220543692141,0.0588172168012619,0.0108631317537165,210706474963.6971,7811.351461795186,0.0108265691833221,0.2063310350899656,9.861150501072991,0.65,2.0,0.002,4,16.93169873574059,67.72679494296236,152.3852886216653,270.9071797718494,9.552747795010433e-06,4.582973785510641e-06
2.3217363918495986,0.0459008648706214,0.0162168458471999,198315894790.05545,7765.770908443256,0.0286377423607707,3.245451114612009,2.672369607902711,0.65,2.0,0.002,4,6.893762218840421,27.575048875361684,62.04385996956378,110.30019550144674,0.0005258328554554,0.0002880567877558
2.7545296464223936,0.05279900053252,0.0127596263801817,210293058848.42685,7642.005590198142,0.0074314216167603,9.838652236106435,7.397687418003911,0.65,2.0,0.002,4,4.00019445471366,16.00077781885464,36.001750092422945,64.00311127541856,0.0038351139418943,0.0018633012539831
1.744365422182493,0.0515936495363429,0.0146890604261681,186500140257.88824,7675.587419896772,0.012784541411833,7.573876815042587,8.025347134499212,0.65,2.0,0.002,4,10.79026480986225,43.161059239449,97.11238328876024,172.644236957796,0.0011631913039043,0.0005443025205645
2.5620551671735146,0.0509449268354223,0.0069620649051925,183957024667.0851,7842.358963176503,0.027392342372326,9.30264535364829,3.961935465596494,0.65,2.0,0.002,4,2.3292987720105973,9.31719508804239,20.963688948095378,37.26878035216956,0.0233256564761957,0.010137164033879
2.8943986305013967,0.0380926035777368,0.0060012657101782,184391206690.16812,7942.88600952827,0.0430634746063685,4.806117528445143,0.7289471834362139,0.65,2.0,0.002,4,1.5650793456177667,6.260317382471067,14.0857141105599,25.041269529884268,0.050011982684689,0.0299793487366103
2.2393370519397227,0.0759740469447951,0.0197123171829955,182785625463.6558,7655.199006939162,0.0405832088253197,2.779258307481519,15.614757849395456,0.65,2.0,0.002,4,8.710052598296329,34.84021039318532,78.39047338466695,139.36084157274126,0.0001008555323045,3.4180871189599175e-05
1.9628805910423288,0.0522203004544104,0.0160194755142612,206602230830.6724,7865.686095100057,0.0346525309186427,5.8941727998909625,15.971319688832445,0.65,2.0,0.002,4,9.662488354936698,38.6499534197468,86.96239519443029,154.59981367898718,0.000381442550945,0.0001293753493197
1.2011801607000094,0.0788741162451107,0.0050658652151918,190698024433.9474,7846.248632353527,0.0273937236335135,2.4680669800404336,15.510650374662614,0.65,2.0,0.002,4,7.84889731633957,31.39558926535828,70.64007584705612,125.58235706143311,0.0003106502731302,0.0001170645506789
1.8118887949759397,0.0443016035900586,0.015687219256398,205076880628.1876,7673.656074677364,0.0098460105033137,4.432357717485003,13.628549720557398,0.65,2.0,0.002,4,11.201323194734776,44.80529277893911,100.81190875261298,179.22117111575642,0.0008130227117372,0.0003442481784846
1.678560332231432,0.056232615890347,0.0065227877878849,183778502006.5519,7628.587426720219,0.046721491073956,1.609081019652186,5.503782133243228,0.65,2.0,0.002,4,5.152451137177412,20.609804548709647,46.37206023459671,82.43921819483859,0.0042125849569027,0.0025333373954489
1.8954196085057744,0.0620840677629025,0.0059129387480855,201603222731.53372,7818.931124887081,0.0390538517507771,9.828183048132914,6.186036997822207,0.65,2.0,0.002,4,3.789631111919025,15.1585244476761,34.10668000727122,60.6340977907044,0.0096665415101795,0.0038044972570667
1.0244309258307016,0.0275375027330992,0.0133027127748043,193770311485.78607,7975.993037481997,0.0332350740548322,5.2515163410581325,46.36216232660355,0.65,2.0,0.002,4,28.330571961666127,113.32228784666452,254.97514765499517,453.289151386658,9.109849955052776e-05,2.857502488841869e-05
1.2474076122204334,0.0643843647199387,0.0060211260702752,201084658679.46057,7869.921012743847,0.0155540516729253,0.8489315207442386,11.246904522031173,0.65,2.0,0.002,4,8.869404808612043,35.47761923444817,79.8246432775084,141.91047693779268,0.0003438968052519,0.0001426268228278
1.645279468687728,0.0737937403952184,0.0165252875877572,209689322840.97708,7867.169292187256,0.0236868732334572,4.092089071412548,23.66784670025201,0.65,2.0,0.002,4,14.29150068639557,57.16600274558228,128.62350617756013,228.66401098232916,8.536620056629953e-05,2.801006478341828e-05
2.9861429826490884,0.0449767317634482,0.0144417079561128,191471240180.97952,7701.29926474128,0.0430760720809157,7.606010589272393,4.9724724056183724,0.65,2.0,0.002,4,3.6618149202453214,14.64725968098129,32.956334282207905,58.58903872392516,0.0074559337190257,0.0032733563254547
2.08405908356882,0.0389034913433101,0.0096998401895055,209804682394.0144,7652.692546970527,0.0397176491611981,6.584630497859062,9.502227656986044,0.65,2.0,0.002,4,5.3024213356995125,21.20968534279805,47.72179202129561,84.8387413711922,0.0025731074240451,0.0009406448093804
2.858593471807324,0.0681952116599681,0.0082834799690293,195261835400.9729,7739.969288974549,0.0277208517397731,9.54176483995659,3.0200190371121525,0.65,2.0,0.002,4,2.30874703185313,9.23498812741252,20.77872328667817,36.93995250965008,0.0322503952126734,0.0153294830416272
2.203035796712367,0.0785948964301576,0.0181220844680265,184170416197.8264,7992.442390383738,0.0296962867701432,9.20835544522392,12.749135063142813,0.65,2.0,0.002,4,8.127640278090311,32.510561112361245,73.14876250281282,130.04224444944498,0.0005572117086772,0.0002012136645784
1.9477970957468969,0.0383253900224448,0.016974162036648,181166964366.14813,7864.996677737931,0.0195452071764857,4.861945366238979,7.608320128395316,0.65,2.0,0.002,4,9.736893093975803,38.94757237590321,87.63203784578222,155.79028950361285,0.0011732070996774,0.0005494766678054
1.834672080346803,0.0233135465813148,0.01921547482198,216075832420.3744,7619.573478210337,0.0427240274851525,5.137854323491251,20.174548106746627,0.65,2.0,0.002,4,13.784824368544266,55.13929747417706,124.0634193168984,220.55718989670825,0.0004006104580759,0.0001499853373483
2.6091907934710914,0.021311430038421,0.0092657064692642,194219986621.5619,7727.411650750442,0.0159544417690752,1.1709667615747743,0.6365188711292904,0.65,2.0,0.002,4,3.0940409177930563,12.376163671172224,27.84636826013751,49.5046546846889,0.0025257616212289,0.0017376535155802
2.118642667306819,0.0738638441782234,0.0091708770357672,181039102397.86243,7910.262001473568,0.0366069946987387,5.500367292174516,7.39114541510913,0.65,2.0,0.002,4,4.432160261280153,17.72864104512061,39.88944235152138,70.91456418048244,0.002024982989914,0.0007701841786619
1.329310530383796,0.0613962674588653,0.0172687381539313,209477826649.24835,7889.293106880942,0.0497444276625853,9.629717619277807,15.616920527112612,0.65,2.0,0.002,4,22.834260541257503,91.33704216503,205.50834487131752,365.34816866012005,0.0001611318969853,8.408365216749957e-05
1.7935947706375044,0.0249293650764476,0.0151683496552634,218895662498.59872,7614.673459284383,0.0286848359399244,5.379306976506736,5.66169357856638,0.65,2.0,0.002,4,11.46335819833516,45.85343279334064,103.17022378501645,183.41373117336252,0.0006784198285219,0.0003879347197375
2.0201018426086264,0.0512540087396197,0.0118433851809027,205584620597.71704,7989.677178626533,0.0412348415941293,9.589384202879051,3.611593438210692,0.65,2.0,0.002,4,6.675584134298458,26.702336537193837,60.08025720868612,106.80934614877532,0.0023818780232772,0.001292063274745
1.5074221960693184,0.0215154567249869,0.0050961934915972,199104686022.11295,7880.269798499812,0.0222367727675748,6.248766432363981,2.784285654495718,0.65,2.0,0.002,4,5.111819951564474,20.447279806257896,46.00637956408026,81.78911922503158,0.015785633205218,0.0083320242113417
2.1292618639505907,0.0391597319832282,0.0050163811146851,214643846915.1394,7771.777634208682,0.0271439818274298,0.9266590627166892,4.500316164626908,0.65,2.0,0.002,4,2.6366996727055083,10.546798690822031,23.73029705434957,42.18719476328813,0.003277087100304,0.0014424133347677
1.8132708124016264,0.0660994131040036,0.0066293208086702,202407955463.53363,7880.885118560452,0.0237124823777724,6.052494985050793,8.294973136753859,0.65,2.0,0.002,4,4.633394074250208,18.53357629700083,41.700546668251874,74.13430518800332,0.0027158997728469,0.0010797776283566
2.4301774873667883,0.0218011992392876,0.0194921085334096,197996935037.84335,7795.903072423493,0.0184743003187019,0.9475991208430384,9.494619045246528,0.65,2.0,0.002,4,7.542374743472858,30.169498973891432,67.88137269125572,120.67799589556572,0.0004949576076011,0.0002093402091619
1.5279918718502332,0.0200376301377181,0.0051018383507014,190983507200.83652,7810.741917204554,0.0268201070890726,9.226628149731535,7.718769205754879,0.65,2.0,0.002,4,4.899656660119232,19.59862664047693,44.09690994107308,78.3945065619077,0.0219136492340217,0.0087004073065889
2.7061591597718437,0.021726758953499,0.017273185765809,208157620173.16516,7635.384169583453,0.0116149031569901,4.578675394420938,4.131191007186589,0.65,2.0,0.002,4,5.5843899520418185,22.337559808167278,50.259509568376366,89.3502392326691,0.005298261128581,0.0026083666756647
1.362577244976945,0.0536788690045169,0.0197101727369501,202012391032.291,7858.222746904179,0.0354908962362278,8.320844740987498,23.991776627013405,0.65,2.0,0.002,4,24.40755392398049,97.63021569592196,219.66798531582444,390.5208627836879,0.0006257573034358,0.0004163992726395
2.862213517246244,0.0482920870865416,0.0090050307956872,219507999217.3203,7769.249573517895,0.0217174542084294,0.4461165462584607,1.3801497183436413,0.65,2.0,0.002,4,2.649390891335055,10.59756356534022,23.844518022015496,42.39025426136088,0.0009768367860124,0.0005617602886875
2.5538438050208487,0.0221636333297842,0.0167538390644827,208255515192.4604,7900.794755267345,0.0160127767722065,3.996595009384949,2.4850929540051068,0.65,2.0,0.002,4,5.980228732056373,23.920914928225493,53.82205858850735,95.68365971290196,0.0017656626598636,0.0009666938345508
2.8901587707428043,0.0218366365736141,0.0069941465491106,203551481262.4196,7880.562744819352,0.0162807345279076,5.58530385922435,1.4918051395694352,0.65,2.0,0.002,4,1.9296524585306325,7.718609834122529,17.366872126775693,30.87443933649012,0.143183075743151,0.0775230263612293
1.5458920636786213,0.0541291388235292,0.0071749808449008,211958200021.42188,7796.4841379386335,0.0304908301091372,8.423967001779753,3.78540831145396,0.65,2.0,0.002,4,7.098512907011995,28.39405162804798,63.88661616310796,113.57620651219192,0.0029523775381525,0.0015973941716683
2.243267980510157,0.063832432474059,0.0169090286099549,216456931298.87296,7632.206331792704,0.0307197056650302,7.512890652841969,4.791397940727348,0.65,2.0,0.002,4,8.114210971900189,32.456843887600755,73.0278987471017,129.82737555040302,0.0008906904613284,0.0004409630035114
1.2488850556591289,0.0212380572819528,0.0199113570465067,215066289793.39844,7964.935171740255,0.0178053381172453,2.279005570179847,29.074279153826563,0.65,2.0,0.002,4,30.0801657714044,120.3206630856176,270.7214919426396,481.2826523424704,0.0003495285774499,0.0002048692331072
2.9402799835450004,0.0221322644425229,0.0115645175432219,186765261695.6376,7749.595814321302,0.0211906134423478,6.015854517467981,2.9401507928416097,0.65,2.0,0.002,4,2.9777478707870397,11.910991483148155,26.79973083708336,47.64396593259263,0.1202912968368795,0.0560172137085476
1.779006793399725,0.0796441212267485,0.0138397244272255,191847837187.9181,7755.597704016705,0.0195153685985206,4.531224457301301,9.862914764949284,0.65,2.0,0.002,4,9.86216582749099,39.44866330996396,88.75949244741892,157.79465323985585,0.0036396646339606,0.0019085916818961
2.5288755950756605,0.0372934727899095,0.0187079612364761,212765415071.49435,7649.6105770976865,0.0203754897847462,3.3432987696580416,10.59209014149683,0.65,2.0,0.002,4,6.9957074373923,27.9828297495692,62.9613669365307,111.9313189982768,0.0006455829621123,0.000255145016424
2.6866225777996453,0.0632096171374178,0.012699213673911,210553872432.3633,7939.1166077716225,0.0076166863859859,5.963065515544336,1.1416941179974718,0.65,2.0,0.002,4,4.1085472935835226,16.43418917433409,36.9769256422517,65.73675669733636,0.0021413519753689,0.0012622495011729
2.3234601190120348,0.0471081183395627,0.01864006183799,192970447005.76373,7731.410279259298,0.0214674584716225,5.02811325781682,14.063274286678386,0.65,2.0,0.002,4,7.822079023456673,31.28831609382669,70.39871121111005,125.15326437530676,0.0003999677445056,0.0001457343415318
1.5928934329552076,0.0463442974285613,0.0176895963783828,201933771425.0359,7622.234784330935,0.0370864530914595,1.9062797281823172,17.490827485758988,0.65,2.0,0.002,4,16.271854469845543,65.08741787938217,146.4466902286099,260.3496715175287,0.0002400820473167,0.0001355552851955
1.75551849413353,0.0374925652512393,0.0105059528647074,212823066471.6881,7880.600128487431,0.0162445630793776,7.1441977729692265,7.092525839229423,0.65,2.0,0.002,4,8.03310764106514,32.13243056426056,72.29796876958626,128.52972225704224,0.0072401367275243,0.0036071007272241
1.7171798489579508,0.0249551402863921,0.0059491462795284,198768969260.1507,7977.469766738435,0.0097481492624398,2.81012499996818,7.736481959863565,0.65,2.0,0.002,4,4.566611270312924,18.266445081251696,41.09950143281632,73.06578032500678,0.0045757221121968,0.0020203031418154
1.303771807403448,0.0685628512094298,0.0148036529577364,219163648699.09003,7654.603874574585,0.0279566458103031,7.26770234878762,37.21607341693369,0.65,2.0,0.002,4,21.130894348613417,84.52357739445367,190.1780491375208,338.09430957781467,7.21279258936064e-05,2.226760220307096e-05
2.4071795985981037,0.0314917946363194,0.0087892504571277,216044473188.4452,7788.67394400285,0.0298002736714896,9.59039048809842,2.0743774134020514,0.65,2.0,0.002,4,3.622462721739857,14.489850886959427,32.60216449565871,57.95940354783771,0.0207947407092277,0.0106483881486859
1.7169112908651236,0.036981949283758,0.0113377560436852,183881214421.33435,7780.512200626379,0.0069413442392857,0.1390650042692255,15.91181235172666,0.65,2.0,0.002,4,8.478621269757037,33.91448507902815,76.30759142781334,135.6579403161126,1.843897760464344e-05,8.068639791031685e-06
2.528272799084041,0.0384675204569339,0.0098223950458078,196510194041.45544,7945.487807963234,0.0059925230289522,4.395869447421613,4.9347731438794735,0.65,2.0,0.002,4,3.4652218641059136,13.860887456423654,31.18699677695322,55.44354982569462,0.0080189198553,0.003902180769733
1.7721792350206094,0.0595689159061533,0.0098770423053001,186226117974.37143,7694.0735794211905,0.0172259615307302,2.343504493890504,9.969871382819909,0.65,2.0,0.002,4,7.015893830505665,28.06357532202266,63.14304447455099,112.25430128809064,0.0006629953143597,0.0002683569621872
1.1579324763267462,0.0568264124958542,0.0137212179347134,211487799331.943,7638.671397662109,0.0199672081341504,7.001323896230022,36.16221631519176,0.65,2.0,0.002,4,24.41682508698356,97.66730034793424,219.751425782852,390.6692013917369,0.0001030135439586,3.64335348586167e-05
1.2338974153426934,0.0774618605798711,0.0132597712150519,195672609923.77155,7630.420425692925,0.0183311698143046,4.435551768702403,37.73161831208715,0.65,2.0,0.002,4,19.99852479604128,79.99409918416511,179.98672316437154,319.97639673666043,4.070404759693531e-05,1.3234906191001151e-05
2.208608327100385,0.0668853817128306,0.007071646417773,197624328967.58112,7875.466833379742,0.0425238606802837,5.0138064913599365,1.8805664682383207,0.65,2.0,0.002,4,3.2930204827417366,13.172081930966948,29.637184344675628,52.688327723867786,0.0073377425660996,0.0039013444938224
2.4013747150897484,0.0437889846236174,0.0131786890084899,195166930025.83264,7731.970708516258,0.0184468372106218,2.317144473530509,8.170890938362891,0.65,2.0,0.002,4,5.206424943812027,20.825699775248108,46.857824494308254,83.30279910099243,0.000901102278775,0.0003703203164228
1.8242096703621469,0.0647531097377013,0.0096891660167636,206529521140.4221,7694.857145276437,0.0195538666082363,8.61825352854999,4.452275766733052,0.65,2.0,0.002,4,6.840013080646163,27.360052322584654,61.56011772581548,109.4402092903386,0.0028788339625035,0.0014301995619309
2.330736478248747,0.0789818595412515,0.0134964797159163,183388188358.4357,7791.10526866251,0.0100303003887802,9.023496420124609,3.832482525231511,0.65,2.0,0.002,4,5.465747409457311,21.862989637829244,49.19172668511581,87.45195855131698,0.0033313571966809,0.00160273337647
1.2994440985929203,0.041510337634941,0.0074795772130628,184515262127.21545,7710.523128269658,0.0297278846358078,2.179065417341046,8.043429930277773,0.65,2.0,0.002,4,9.825741328934564,39.302965315738255,88.43167196041108,157.21186126295302,0.0012078343084141,0.0005949659360708
1.539824796515581,0.0335088942004289,0.0124790213445669,196818080097.01453,7833.45735436525,0.0116184838101094,6.889842522479165,7.015407895575483,0.65,2.0,0.002,4,11.962526624439963,47.85010649775985,107.66273961995968,191.4004259910394,0.0009852445778214,0.000475745914319
1.6439038381732989,0.0745361028069372,0.0093160007474914,207752452154.85944,7670.022229956453,0.0097363152984502,1.6407821866327783,9.380313698661242,0.65,2.0,0.002,4,8.135433843148025,32.5417353725921,73.21890458833224,130.1669414903684,0.0007879768514499,0.0003584320790691
1.957673911771138,0.024437243068432,0.0058284305883524,215518377242.6637,7877.905625364669,0.0345730665738957,9.140692644150713,4.237091224030532,0.65,2.0,0.002,4,3.606923598618086,14.427694394472343,32.462312387562775,57.710777577889374,0.0762918575675225,0.037444417184194
1.1905142460574396,0.0606624535767831,0.0101321934948002,206346803583.8239,7764.899603031786,0.0054064917421395,2.389637885074715,4.617084854796098,0.65,2.0,0.002,4,16.710693978289825,66.8427759131593,150.39624580460844,267.3711036526372,6.908757813431215e-05,3.993965965991518e-05
1.151820140427244,0.0323535605734498,0.0120951740546967,181517657038.3435,7637.170972735509,0.0455288055624467,0.5507454605642389,13.00895458123639,0.65,2.0,0.002,4,20.154184129574723,80.6167365182989,181.3876571661725,322.4669460731956,3.1418122660945335e-05,1.5829007736499128e-05
2.203701154119034,0.0402298599846888,0.0159632485921742,200896172837.3627,7706.436022377676,0.0234967062925554,6.9419996036745655,12.277418120845429,0.65,2.0,0.002,4,7.610342030763915,30.44136812305566,68.49307827687524,121.76547249222264,0.001055123139516,0.0003836256701701
1.7554634017731252,0.0491717155501905,0.0118292745887137,213168402733.9626,7701.598154533885,0.0449192220749755,9.090415903435142,17.652271918796906,0.65,2.0,0.002,4,9.157455056940892,36.62982022776357,82.41709551246802,146.51928091105427,0.0006049422722154,0.0002110464195643
1.8399763218810437,0.0711306130002631,0.0085751873864286,190031666669.81732,7602.935965442621,0.0119753091013521,9.788924945308873,5.632803985939032,0.65,2.0,0.002,4,5.7420996743741135,22.96839869749645,51.67889706936703,91.87359478998582,0.0406401086522739,0.0191413691929018
1.6603753206857514,0.0787594287987274,0.0153876945024605,189523448009.1613,7601.244779967931,0.0357727321559151,2.3015588375472844,7.79111198699587,0.65,2.0,0.002,4,12.638030112791624,50.552120451166495,113.74227101512464,202.208481804666,0.0001054346849009,5.177658460741683e-05
1.1777993181753363,0.0639420306149983,0.0090219093247118,206437414610.68588,7949.215114544264,0.0324325117955745,2.2055689595324792,4.335706954620568,0.65,2.0,0.002,4,15.028553981672223,60.1142159266889,135.25698583505002,240.4568637067556,8.197734125660538e-05,4.711448593446264e-05
2.8975138793733928,0.0530305006628994,0.0101655953174121,201007381049.34064,7735.726025792335,0.0254949391171576,1.648968542414282,4.814898763309771,0.65,2.0,0.002,4,2.7987653177522644,11.195061271009058,25.188887859770382,44.78024508403623,0.0018644370399966,0.0008039238475216
2.837791475106078,0.0727988931878908,0.009837246746084,214719083219.79385,7853.020799565643,0.0491729978068052,9.66556757415009,3.795699907056261,0.65,2.0,0.002,4,2.896401792969564,11.585607171878255,26.06761613672608,46.34242868751303,0.0145582605824334,0.0069263365938789
2.764209925335347,0.0774049021072513,0.0087982346465495,188275317236.0427,7685.568740923019,0.0224339688361111,8.54694903545957,3.289102530926108,0.65,2.0,0.002,4,2.584291139700187,10.337164558800747,23.25862025730168,41.34865823520299,0.0224800907862217,0.0104767187931404
1.7642259642097613,0.0492818581676479,0.0067090536481669,215726786373.75635,7871.1435644226385,0.0469509511036832,9.413932275565903,5.74413434765483,0.65,2.0,0.002,4,5.1169976809925535,20.46799072397021,46.05297912893298,81.87196289588086,0.0195503557923649,0.0105269089094256
1.8203853955950573,0.0513455255637743,0.0147672490856773,216822328496.74728,7918.806620289652,0.0078989799887032,7.158207812790959,6.909700619550711,0.65,2.0,0.002,4,10.573634704244652,42.29453881697861,95.16271233820189,169.17815526791443,0.0008354138261065,0.0004092264525749
2.1945617415509675,0.0350544187678249,0.018990723097478,196555169932.6534,7714.785574644934,0.0456946782826312,6.587367191117432,11.778774112995372,0.65,2.0,0.002,4,9.025171301719256,36.100685206877024,81.2265417154733,144.4027408275081,0.0011475706922579,0.0004818066482655
2.203900904813993,0.0352379034162426,0.017125744490875,217283482811.43573,7648.017719606439,0.0351348565981503,6.344875350154878,11.977304065387262,0.65,2.0,0.002,4,8.521842474738111,34.087369898952446,76.69658227264301,136.34947959580978,0.0011477449184381,0.0004406150483371
2.5641679761481524,0.0400996266672369,0.0172016111986438,189031539561.4068,7846.228540703805,0.0388212697276073,7.06126891945905,8.047459766092214,0.65,2.0,0.002,4,5.822937062893703,23.291748251574813,52.40643356604333,93.16699300629924,0.0024353136294188,0.0009809474363715
1.1634211862257475,0.0691910183329957,0.0177754724659655,218597111662.4933,7931.135167196462,0.0298575872127962,0.7955154225371148,10.442092670331352,0.65,2.0,0.002,4,31.26302547916043,125.05210191664172,281.36722931244384,500.20840766656687,3.4774278339812703e-06,1.914037776169619e-06
1.2947964433660142,0.0644962140146238,0.0092042645899754,192069245778.02652,7741.675585023126,0.024445675237874,5.804022729011506,17.720452082032303,0.65,2.0,0.002,4,12.400145594840954,49.60058237936381,111.60131035356858,198.40232951745529,0.0004900533593518,0.0001799909310926
1.9846916234497305,0.0332638979940589,0.0108701619974854,187337244699.9035,7933.473301538182,0.0103986171187913,8.747924739804592,1.7187377848357672,0.65,2.0,0.002,4,6.080784029850761,24.32313611940305,54.72705626865685,97.29254447761218,0.0032089107926358,0.0018723789586717
2.074620718941805,0.0737722535542894,0.0057354682510041,188638978305.4331,7886.940166179513,0.02836309153601,5.985731730487681,0.6812159868993994,0.65,2.0,0.002,4,2.9551678760247486,11.820671504098994,26.596510884222734,47.28268601639598,0.0070324844954552,0.004580970925056
2.8618392292917303,0.0515145971634539,0.0152073979290385,204170481406.36295,7681.301338495881,0.0343848908534707,3.398097716658051,3.5089076096150973,0.65,2.0,0.002,4,4.340829961248313,17.363319844993253,39.067469651234816,69.45327937997301,0.0035762216079323,0.0018616225988147
2.0445836998415534,0.0743556448837628,0.0174880987801043,180284057164.579,7691.905565829389,0.0449462836327652,3.2160569641223624,9.733665601416144,0.65,2.0,0.002,4,9.183828246907172,36.73531298762869,82.65445422216455,146.94125195051475,0.0008029644501375,0.0004892678404151
1.9950198021049956,0.0305583208354753,0.0142201983160625,191830320252.9756,7803.04989955548,0.0394950737079454,0.2739420563516673,9.760236377963905,0.65,2.0,0.002,4,8.032799360074135,32.13119744029654,72.29519424066723,128.52478976118616,0.0001257113086124,5.653126967767337e-05
1.2364212194448172,0.0349883166871654,0.0161188961802054,194663969056.46228,7802.943288660717,0.0137952750563389,2.021646106760762,32.73581790611387,0.65,2.0,0.002,4,23.88059889977993,95.52239559911972,214.92539009801945,382.0895823964789,5.783917012021835e-05,2.0606766003508303e-05
2.5091405908792623,0.07054730008716,0.018035806794155,181457207827.3153,7822.476118719116,0.0147321189408898,8.617424318739655,8.553328228855579,0.65,2.0,0.002,4,6.256476605786918,25.02590642314767,56.308289452082256,100.10362569259068,0.001610254470747,0.0006800521459021
2.758846817823317,0.0483544106544243,0.0195703853612826,202120520253.77625,7708.368157354525,0.0270038981904923,0.4693718947889833,9.834319650343938,0.65,2.0,0.002,4,5.970317618682416,23.881270474729664,53.732858568141744,95.52508189891866,7.408664804898589e-05,2.7571212969343326e-05
1.889671518563724,0.0553572622198776,0.0129956090717953,207522469324.0508,7788.714288065211,0.037123730827883,9.973376351211678,7.074755854650067,0.65,2.0,0.002,4,8.51830006901601,34.07320027606404,76.6647006211441,136.29280110425617,0.0031791270920356,0.0016217378241392
1.9522188640663236,0.0368935064059854,0.0110010600204035,201871115456.76184,7856.357364572877,0.0473128764394602,3.388788927578914,8.311806430752844,0.65,2.0,0.002,4,6.634882779922677,26.539531119690707,59.7139450193041,106.15812447876284,0.0020582121332802,0.0009150027696443
2.789359387939836,0.079485707678198,0.0068444188592271,207049837932.8879,7948.537119806713,0.0158232970964656,4.852353267368319,0.4334422403078651,0.65,2.0,0.002,4,2.035873223816876,8.143492895267503,18.32285901435188,32.57397158107001,0.0089772615919245,0.0060466420065784
2.331220290925065,0.0358563879220096,0.0115804272068014,199570667316.2253,7827.971125908346,0.0435852624951303,5.940012799068106,9.570731003403436,0.65,2.0,0.002,4,4.8787768358255725,19.51510734330229,43.90899152243016,78.06042937320916,0.001842564246048,0.0007153921101107
2.19451160889947,0.0784684440186963,0.0087668083423331,211701884901.62576,7802.493259901921,0.0129592964044342,6.471000268973996,6.992936720570141,0.65,2.0,0.002,4,4.299724824951953,17.198899299807813,38.69752342456758,68.79559719923125,0.0028736682354128,0.0012421951032233
2.6292768862357656,0.0741532381531539,0.01681384754344,187407173798.1427,7824.868293495029,0.0095852370791545,6.563929052983584,10.360854984603051,0.65,2.0,0.002,4,5.397321640035212,21.58928656014085,48.57589476031692,86.3571462405634,0.0006566322692683,0.000306645528973
1.2051258487444336,0.0722654856882444,0.0104302781662294,194738692995.65213,7903.002549298254,0.0185601931429424,7.1803045381686506,27.163961425228894,0.65,2.0,0.002,4,16.16554704468015,64.6621881787206,145.48992340212135,258.6487527148824,0.000184634372973,6.027893257055634e-05
2.025742281762999,0.0797339008450872,0.0117830786367006,185200393595.83975,7883.873521728433,0.0213143747017085,2.5605355749425915,8.40087207617215,0.65,2.0,0.002,4,6.310601738081654,25.24240695232661,56.79541564273488,100.96962780930646,0.0006653528786564,0.0002780296889283
2.9324638242863634,0.0557625531940623,0.0189953483240031,212174436624.51883,7786.952640622117,0.0403143552163484,0.2765841613721785,2.0728718098311245,0.65,2.0,0.002,4,5.228461945818237,20.91384778327295,47.05615751236414,83.6553911330918,5.430854567945138e-05,2.9620671741213107e-05
1.669110410507155,0.0426095665084145,0.0058501936470499,181594443333.91824,7889.968904869722,0.01899088488336,0.310024647152388,1.5836322880209537,0.65,2.0,0.002,4,4.568177768139485,18.27271107255794,41.11359991325537,73.09084429023176,0.0003243891649663,0.0001768876965076
2.4064678814680223,0.0534332275652881,0.0176481637036773,211036043834.0494,7713.654352714301,0.0117254849427112,8.095802048486426,1.8722389722610275,0.65,2.0,0.002,4,7.227978792083477,28.91191516833391,65.0518091287513,115.64766067333564,0.0007846454839815,0.0004705359817382
1.983655821559818,0.02580221734098,0.0170010651096468,205337277136.26517,7752.206876091841,0.0488989918680749,3.452983506766001,18.4897908403798,0.65,2.0,0.002,4,10.08309745539937,40.33238982159748,90.74787709859434,161.32955928638992,0.0002885063386868,9.665545979620824e-05
1.21907570634464,0.0325026264000948,0.0094771771370005,213031609567.28088,7880.262368200942,0.0053156497101396,1.9172593168781644,23.308081164314405,0.65,2.0,0.002,4,15.034832159688452,60.13932863875381,135.31348943719607,240.55731455501524,0.0001755249775429,7.217600004702702e-05
1.639462091540592,0.0580844383333262,0.015485235883074,186974933994.37387,7751.986416846468,0.0107411903513051,5.155490864376311,23.56831482315008,0.65,2.0,0.002,4,12.830084412451017,51.32033764980406,115.47075971205916,205.28135059921624,0.0001432501497083,5.3566942562704944e-05
2.898587046018515,0.0441727765104577,0.0175118133800316,207253178907.58765,7676.768464564434,0.0128958010960589,8.138683194954394,3.322038900694672,0.65,2.0,0.002,4,4.910763956679877,19.643055826719507,44.196875610118894,78.57222330687803,0.0046231985669978,0.0023189960854685
2.7983700772599778,0.0631587100735289,0.0107284523615168,201476601955.98804,7888.138707770342,0.0358577984585696,2.955160297480136,3.776971259324735,0.65,2.0,0.002,4,3.139648822933676,12.558595291734704,28.25683940640309,50.23438116693882,0.0060670639152144,0.0029132150926543
1.1903645019857274,0.0729272339601574,0.0195789519714042,191269602736.5256,7782.493538296841,0.0288197768130815,2.136324395287658,47.1152398070593,0.65,2.0,0.002,4,31.061494961385343,124.24597984554138,279.55345465246813,496.9839193821656,9.672791396062549e-06,3.262539022395641e-06
2.029443062823485,0.0475095082274953,0.0073230555211211,192230483383.6134,7636.149635753782,0.00898520729317,3.18716149761367,5.659364967350283,0.65,2.0,0.002,4,4.0452163313296525,16.18086532531861,36.40694698196688,64.72346130127444,0.0050701466049098,0.0023073497016486
1.816601220129716,0.0414145662112766,0.0153367889316336,202908925393.57123,7702.7619412514705,0.0287375517335271,4.109005884872956,20.087316052140903,0.65,2.0,0.002,4,10.816128273510396,43.26451309404159,97.3451544615936,173.05805237616636,0.0002113345726944,7.147701427311124e-05
2.1333598631138737,0.0470475858660494,0.010830326139764,196474088903.6397,7781.237861980336,0.0264869875850479,1.0670379520453848,4.796306026940282,0.65,2.0,0.002,4,5.422141474455628,21.68856589782251,48.79927327010065,86.75426359129004,0.0017022964112312,0.0008829772570564
2.877069748111122,0.0676033554416244,0.0173714918948008,213617340752.41812,7638.25385703597,0.0365979585281725,7.072933453968049,3.0430685714806422,0.65,2.0,0.002,4,5.032534944470361,20.130139777881443,45.292814500233256,80.52055911152577,0.0020421490626707,0.0010249277629074
2.229333402014848,0.0327709071029874,0.0086331933100423,198990008697.5242,7695.128412416234,0.0359634981418419,3.1546896713320067,1.896407426682245,0.65,2.0,0.002,4,4.005515098215751,16.022060392863004,36.04963588394176,64.08824157145202,0.0042336717650259,0.002428645499205
1.6094232066054008,0.0346299271625898,0.0180064522322076,189880793524.65707,7766.20098497272,0.0215565273516568,8.990812043326896,15.889421617232694,0.65,2.0,0.002,4,15.586661183662574,62.3466447346503,140.27995065296318,249.3865789386012,0.0039414017846909,0.002452662012421
2.6492787726920497,0.0508783610090155,0.0153002675191617,203006955406.90613,7845.676938325436,0.0148522879829885,9.353140214869724,5.057878614700519,0.65,2.0,0.002,4,5.028207682711531,20.112830730846124,45.25386914440378,80.4513229233845,0.0352497238164351,0.0163436468816157
1.9440778921064887,0.0634279859359186,0.0126565635360616,208514868878.6804,7689.98729911829,0.0382479370669868,7.179727832224476,5.3760372056168935,0.65,2.0,0.002,4,7.907213004178152,31.62885201671261,71.16491703760337,126.51540806685044,0.0013912204734236,0.0007174241288793
2.502647551582604,0.0675812473160953,0.0142957190182193,192050247577.85056,7724.145036515145,0.0485043783638914,4.448200574418625,5.185718749280103,0.65,2.0,0.002,4,5.16081271645351,20.64325086581404,46.44731444808159,82.57300346325616,0.0062756258813933,0.0034464734824249
2.159108711215392,0.0366094164936673,0.0092631743390618,200531298523.0762,7602.920059939682,0.0161651881614471,1.601124885393412,1.923915611433704,0.65,2.0,0.002,4,4.627441568276844,18.50976627310737,41.64697411449159,74.0390650924295,0.0013441624917765,0.0007440060752923
1.182328811605595,0.0517091542945427,0.0120623577355347,205538701098.59607,7691.622453895688,0.0151712730939594,7.516184720920067,14.667867389972596,0.65,2.0,0.002,4,20.22659307002765,80.9063722801106,182.0393376302489,323.6254891204424,0.0003729308155078,0.0001693931367493
1.1657369894278355,0.0288303263322229,0.0059924559047193,207063512141.30084,7703.025893842321,0.0093357051224668,3.720129591518435,18.251548417975847,0.65,2.0,0.002,4,10.367022855697776,41.46809142279111,93.30320570127998,165.87236569116442,0.0009445413440078,0.0003713206254421
1.5004162208742402,0.0517235228873688,0.0119376227465977,211220179350.01575,7696.036045377012,0.0139993332885652,4.794434861712904,3.6644872205690167,0.65,2.0,0.002,4,12.59672823564077,50.38691294256308,113.37055412076694,201.54765177025232,0.0002506565406902,0.0001429874795609
2.4013760014714696,0.0612740618082796,0.0055137637952627,206068724053.9786,7800.183110403372,0.0392255440481426,1.059027779409751,3.4409569996260667,0.65,2.0,0.002,4,2.2284901620002446,8.913960648000979,20.0564114580022,35.655842592003914,0.0037141379046161,0.0016529734227862
1.8236407108877464,0.0336827487508149,0.0074854678110883,183341474487.52493,7855.708150202775,0.0201773558111155,5.228331265145638,5.64748461396969,0.65,2.0,0.002,4,4.930685850866268,19.72274340346507,44.37617265779641,78.89097361386028,0.0173606148531557,0.0083592064901329
2.19832234066974,0.0625125481514736,0.013211422955,211507737906.64783,7727.546942374341,0.0436545699619861,1.1659958939634474,8.698297762624028,0.65,2.0,0.002,4,6.4854244978506665,25.941697991402663,58.36882048065599,103.76679196561066,0.0002957031882861,0.0001221014840825
1.1241262130803105,0.0474957224921908,0.0069354508577306,186093068406.30304,7852.913125212084,0.0226817326206605,9.226339256534452,9.382847538160958,0.65,2.0,0.002,4,12.115002401919629,48.46000960767851,109.03502161727666,193.84003843071403,0.0027096514771548,0.0012774352902619
1.5855731186272897,0.0691447689088245,0.0106487683177775,183937933315.3532,7947.990985076962,0.0058124420052398,0.1297930157306067,9.74389583247787,0.65,2.0,0.002,4,9.239810239438135,36.95924095775254,83.15829215494321,147.83696383101017,0.0001166076783663,5.890945986753343e-05
2.879408432669273,0.052623470237984,0.0050251147456683,217796919615.2689,7653.113479683607,0.0425273531224434,3.359850600858905,1.7923734033016403,0.65,2.0,0.002,4,1.4661401354903527,5.864560541961411,13.195261219413176,23.458242167845643,0.0738941604464209,0.0420636698547051
2.8433603472915263,0.0578066614730638,0.0143802559788164,185960708519.41928,7827.327095284333,0.0218828477272128,2.367592639049938,4.914095259541646,0.65,2.0,0.002,4,3.931297592194034,15.725190368776136,35.38167832974631,62.90076147510455,0.0023363666923929,0.0010859968355038
1.1873151660390662,0.0355381580300085,0.0091473835962431,197375190059.59988,7968.58724562024,0.0231643713762928,3.3474080155008066,4.798528479643306,0.65,2.0,0.002,4,14.64366313575682,58.57465254302728,131.79296822181138,234.2986101721091,0.0002507042852842,0.0001373323949134
1.1429916979689363,0.079376809092718,0.0137125374217754,195799738356.68625,7607.804106134162,0.0314070385172623,4.999415593674303,14.18722252761146,0.65,2.0,0.002,4,24.14556213872975,96.582248554919,217.31005924856777,386.328994219676,6.572949818036138e-05,3.237958705715416e-05
1.527242285953892,0.0360178606601252,0.0135849945721177,194646822738.6264,7866.437896048639,0.0324607856885571,6.605407147720181,8.594076243087732,0.65,2.0,0.002,4,13.13734010251925,52.549360410077,118.23606092267325,210.197441640308,0.0007266188995148,0.0003578321184232
2.2854822741592926,0.0471866902526191,0.0081323770882805,195780772291.7832,7714.541743002286,0.0336916660017829,8.184029157717085,2.392229819372908,0.65,2.0,0.002,4,3.556485148732165,14.22594059492866,32.00836633858949,56.90376237971464,0.0163910404503513,0.0085195090795737
1.7404629319737184,0.0232582371272045,0.0112157035515554,210271081403.05444,7800.3728243917585,0.0393635260314035,0.4492100345744595,4.523121700400722,0.65,2.0,0.002,4,8.716824718830804,34.867298875323215,78.45142246947724,139.46919550129286,0.0001433503728596,8.156166694843616e-05
2.428684202989039,0.0549082915484267,0.0144770231952772,202220916284.2334,7909.077209281541,0.0135518399821468,5.601550114139828,2.726998688512269,0.65,2.0,0.002,4,5.627513655874775,22.510054623499094,50.64762290287298,90.04021849399639,0.0013752892994939,0.0007890979128025
1.867501833012832,0.0268380826684036,0.013221970264635,216629893631.51477,7913.815319851763,0.0230867225756483,8.563176213289436,9.313901623370423,0.65,2.0,0.002,4,8.994346082850331,35.977384331401325,80.94911474565299,143.9095373256053,0.0146783199415368,0.008783109338375
2.833952549057814,0.0311004713695524,0.0148863204539804,181823565650.0763,7812.4590537164495,0.03836926656976,0.4370136337824157,3.246213036722498,0.65,2.0,0.002,4,4.05473688005125,16.218947520205,36.49263192046125,64.87579008082,0.0008365158908601,0.0004372629756123
1.7739291461512494,0.07561066437841,0.007908281019495,214308519311.5076,7961.719812010206,0.0332009135091222,9.67848570427456,5.551969833825913,0.65,2.0,0.002,4,5.91228119876121,23.64912479504484,53.210530788850896,94.59649918017936,0.0149422153011871,0.0088797042676745
1.3203953589927122,0.0408171274512772,0.008648965187116,182448604526.89645,7948.225190867932,0.018751149819442,1.0432932491261675,12.27292402717404,0.65,2.0,0.002,4,10.777564139498422,43.11025655799369,96.9980772554858,172.44102623197475,0.0005396594493883,0.0002414548119687
1.8681932524375056,0.0337140164263,0.0175227906879533,194451433664.8979,7665.420277868519,0.0298223472118523,4.945084182742531,19.837214985363897,0.65,2.0,0.002,4,11.466384957057675,45.8655398282307,103.19746461351907,183.4621593129228,0.0002978682419751,9.822514513665416e-05
2.9125721934121804,0.0417958373356824,0.0123388059166918,195019724061.008,7654.883920835607,0.02086619206836,7.81208850792289,4.388180846770691,0.65,2.0,0.002,4,3.3290395386131437,13.316158154452571,29.961355847518288,53.26463261781029,0.0141136859004267,0.0065137949320346
2.7763167114938074,0.0774885920558015,0.0083267168852833,191767363719.6251,7920.041158894413,0.0486618749403892,6.531793363142839,2.402328526563645,0.65,2.0,0.002,4,2.4103974974628914,9.641589989851566,21.693577477166023,38.56635995940626,0.0486634664625042,0.0238538035064292
1.9788055673154905,0.0761206393885731,0.0193331359417117,181228672840.72345,7753.792390307559,0.0286800535960819,5.441995332460971,18.18739893616457,0.65,2.0,0.002,4,10.823847939318323,43.2953917572733,97.41463145386494,173.1815670290932,0.0001582779471702,5.294341651093777e-05
1.4626567777525583,0.0410965017450467,0.0169103408591352,185885848603.70123,7696.892569706536,0.0361705068780557,6.17851409269941,16.865291067761653,0.65,2.0,0.002,4,17.6141711355746,70.4566845422984,158.52754022017143,281.8267381691936,0.0010758039119002,0.0006801687857934
1.2092301936095504,0.0742383974526824,0.0179835880898154,211923897432.7333,7639.944990864292,0.0141978815186643,7.461643614565754,7.097790647395452,0.65,2.0,0.002,4,29.3719300767123,117.4877203068492,264.34737069041074,469.9508812273968,3.004800910065173e-05,1.8301924957522324e-05
1.6258781188402576,0.0764910643031263,0.0155040720924454,190643220939.28012,7962.605107520892,0.0204895804011244,5.210491628286394,13.82777884662656,0.65,2.0,0.002,4,13.013141579840363,52.05256631936146,117.11827421856329,208.21026527744584,0.0009681697813805,0.0005126081482691
2.2534433189601715,0.0571320223753919,0.0120616736324774,206214418566.6304,7897.430777530709,0.0328551337103399,5.643946731406393,7.110479835105655,0.65,2.0,0.002,4,5.503768391238722,22.01507356495489,49.5339155211485,88.06029425981956,0.0027776698551166,0.0011949897761813
1.7271085901605998,0.0654030456094122,0.0188450652663666,218815686515.2572,7979.0696587501425,0.0299775918975024,4.969612739043616,29.67035501993452,0.65,2.0,0.002,4,15.002053483610862,60.00821393444345,135.01848135249776,240.0328557377738,5.435236371167493e-05,1.8198115932704776e-05
2.864110663095527,0.0583618711763932,0.0093172419765052,217011240532.5687,7760.184208459365,0.0167117262077471,3.9065574885996233,3.543003073946612,0.65,2.0,0.002,4,2.723592564276765,10.89437025710706,24.512333078490887,43.57748102842824,0.0107534017893416,0.0052869489008086
1.3380168794812934,0.079865957074729,0.0178407703404451,182798896746.99805,7826.301550450873,0.0116330544893959,7.186236008628176,23.39696970030351,0.65,2.0,0.002,4,21.838769710579776,87.3550788423191,196.548927395218,349.4203153692764,0.000428319311057,0.0001974566757352
2.550200373794707,0.0653629180721357,0.0137552237767254,183390325828.5957,7606.915450874325,0.0401963790794932,5.538826698479641,7.576285905724397,0.65,2.0,0.002,4,4.709038275373721,18.836153101494883,42.38134447836349,75.34461240597953,0.0015257934216299,0.0005780658589574
2.1525686413975063,0.0540687887335726,0.0147002254205575,197623132007.12515,7621.668817400538,0.0228426731026113,9.012496880167108,12.078931467937666,0.65,2.0,0.002,4,7.325429318305832,29.30171727322333,65.92886386475249,117.20686909289331,0.0011486159369671,0.0004185181708958
2.5656711079086074,0.0714344307653929,0.0164010315623133,208129575876.2456,7604.05502765628,0.0331746040314144,1.292769860977265,1.8063307131763864,0.65,2.0,0.002,4,5.910751828509924,23.643007314039696,53.19676645658931,94.5720292561588,0.0001649201675805,9.275117682026716e-05
1.5012177488061196,0.047166304706769,0.0063160667462395,208850805836.9554,7688.678859350729,0.013702341192195,3.21729693494728,12.082837385861025,0.65,2.0,0.002,4,6.6233972109840415,26.49358884393617,59.61057489885638,105.97435537574466,0.0010370128096507,0.0004254825776894
1.4658852908890163,0.0271789594371105,0.0087404851327332,201356393902.94324,7942.315270268694,0.028819948755477,8.504956661453457,2.9303682338710977,0.65,2.0,0.002,4,9.286968437961036,37.14787375184415,83.58271594164934,148.59149500737658,0.0021196284472744,0.0011942860098974
1.9511834910735484,0.0638504518347225,0.012945989328253,200371321521.54547,7920.726550687393,0.0426899641908399,3.747340611638435,7.35104066756342,0.65,2.0,0.002,4,7.755388249060123,31.02155299624049,69.7984942415411,124.08621198496196,0.0023033215358851,0.0014203519483264
2.788400393435103,0.0641437845140851,0.0064428111145632,196033959042.21716,7602.118351962201,0.0188573173649184,6.72682826687945,1.3784261823417907,0.65,2.0,0.002,4,1.9080630644395329,7.632252257758131,17.172567579955793,30.529009031032523,0.0559191616153853,0.0282291952362624
1.3666467534600346,0.0455362009339018,0.019758824469025,183881957462.0892,7935.915127987202,0.0272630277287446,1.1988145211735928,44.207984118291904,0.65,2.0,0.002,4,23.09132538025412,92.36530152101648,207.82192842228707,369.4612060840659,8.390502920646993e-06,2.666046337707312e-06
1.5306851744307548,0.0338844952966394,0.015872518704897,197777097060.6164,7926.628158075889,0.0114657613771545,3.4233949851791268,10.47371032138016,0.65,2.0,0.002,4,15.344300889767393,61.37720355906957,138.09870800790654,245.50881423627828,0.0002866717575268,0.0001363899619217
1.413189800065164,0.0620299295292769,0.0168254436647816,213609079010.84903,7935.8119754158815,0.0407381789974093,4.632221714650025,26.222989393822544,0.65,2.0,0.002,4,19.82024230586488,79.28096922345951,178.3821807527839,317.12387689383803,0.0001018807245214,3.972908134097176e-05
1.2649027962884087,0.0268510642438712,0.0165788320390195,205018563550.91696,7807.750446876551,0.0458267805881972,6.629944533025064,21.983852356524583,0.65,2.0,0.002,4,24.077007699175187,96.30803079670076,216.69306929257667,385.232123186803,0.0006062169424352,0.0003589757719721
1.356492006302187,0.0587568542550131,0.0078788406277301,182541333931.81345,7874.126096967697,0.0099812697487472,1.1515527389267095,14.320773823984512,0.65,2.0,0.002,4,9.348383480038091,37.393533920152365,84.13545132034282,149.57413568060946,0.0001836678625425,7.534207514211075e-05
2.2180518807962843,0.0509404236250965,0.0153239201019437,184281494142.0915,7609.120460474283,0.0422055459195131,4.841188248735945,5.124432909459973,0.65,2.0,0.002,4,6.950713138841627,27.802852555366503,62.55641824957464,111.21141022146602,0.0015236539898179,0.0007656874873115
2.78475607356211,0.0570407546161882,0.019480517144868,195005081924.40756,7635.18811039753,0.0071443536737678,8.351107820480859,5.125032805541415,0.65,2.0,0.002,4,5.75663256599613,23.02653026398452,51.80969309396517,92.10612105593808,0.007084037806164,0.0033561096879637
2.378760907340296,0.0586077340492165,0.0174188622073485,214473003977.6697,7825.302452988124,0.0182550233734879,0.3257224509921976,9.543369138746106,0.65,2.0,0.002,4,7.307741955445716,29.230967821782865,65.76967759901144,116.92387128713146,6.399972238110126e-05,2.666600172572682e-05
1.3221740228483705,0.0324609351062404,0.0050361709614751,200985366255.81152,7677.87267874478,0.0375909159077104,9.625917170614295,3.848182349614413,0.65,2.0,0.002,4,6.683658382534167,26.73463353013667,60.15292544280751,106.93853412054668,0.0104147175545793,0.0053118751819942
1.086415360832865,0.0500379946692169,0.0101037033758605,191402048018.99823,7707.848969907274,0.0342026103810401,4.349650445141053,18.69397181770041,0.65,2.0,0.002,4,19.34304039808665,77.3721615923466,174.0873635827799,309.4886463693864,0.0009715520347381,0.00062651950609
1.956133832665453,0.0535265551767717,0.014727262697963,201595930115.0753,7825.274848901938,0.0385035498030182,8.084066570892192,6.653380677199365,0.65,2.0,0.002,4,8.858195041726294,35.432780166905175,79.72375537553664,141.7311206676207,0.0015872187709959,0.0007933936090992
1.5674389382479583,0.0331293290862268,0.0091099131101722,212468677385.1058,7707.557804575198,0.0324292362807025,3.497261902834756,12.195807661881682,0.65,2.0,0.002,4,8.827775663844276,35.311102655377105,79.44998097459849,141.24441062150842,0.0012550670889321,0.0004832562812827
2.921492588842554,0.0783869768881123,0.0123397466337605,201332844250.58408,7684.7372469408465,0.0238118740492509,9.845740916097409,5.447549027164271,0.65,2.0,0.002,4,3.3555886885635657,13.422354754254265,30.20029819707209,53.68941901701705,0.005045312502477,0.0021110393761744
2.771410341716725,0.0329554874258759,0.012969391322279,211170797742.99203,7698.279897197993,0.0153835837370247,0.3691031216260918,7.720970339322876,0.65,2.0,0.002,4,4.010211365288191,16.040845461152763,36.09190228759371,64.16338184461105,0.000189848167646,8.869263957761922e-05
1.7216776972523231,0.0705205179129706,0.0132182625309231,185477428606.46823,7984.659488114789,0.0494526415505175,5.17550440173201,11.302678695932986,0.65,2.0,0.002,4,9.74579458001807,38.98317832007228,87.71215122016262,155.9327132802891,0.0008548424574703,0.000425185953132
2.10468502048506,0.0561923026029697,0.0104789967562343,190817527396.91623,7668.660063788568,0.0157870700046242,1.3892479928749992,3.585609839162219,0.65,2.0,0.002,4,5.35086665431405,21.4034666172562,48.15779988882645,85.6138664690248,0.0008448171892938,0.0004284333507938
1.7483680868143654,0.0455529251824105,0.0147789653836996,214699625270.093,7781.55875283052,0.0161527803328111,2.4429573936760534,17.766699351351487,0.65,2.0,0.002,4,11.515687935612249,46.062751742449,103.64119142051024,184.251006969796,0.0001728632511289,6.342508617072028e-05
1.7705794815468294,0.0210073727175864,0.0126503268945681,191154168284.9928,7877.361256608072,0.0179523780095791,4.868831221987157,5.056826168192619,0.65,2.0,0.002,4,9.01366997832898,36.05467991331592,81.12302980496081,144.21871965326366,0.0017466016909443,0.0008766660668024
1.2905243794468704,0.0257359117190462,0.0088806224896303,204281193286.1845,7972.673125588369,0.0400605588905159,7.482534199207031,9.723030459621157,0.65,2.0,0.002,4,12.239183609265313,48.95673443706125,110.15265248338784,195.826937748245,0.0030253617519053,0.0015187116994103
1.0031506143175917,0.0788811753974411,0.0127524007079211,212083778753.9113,7943.239784561638,0.0497846517433106,8.61036629790137,21.654765528773662,0.65,2.0,0.002,4,29.69229780628836,118.76919122515343,267.2306802565953,475.0767649006138,0.0001042232650285,5.2715802741856846e-05
2.313540156780072,0.0340191501491778,0.0182008789624752,190757111364.334,7651.908565149348,0.0247615690744311,1.6267073669787215,4.288695836926811,0.65,2.0,0.002,4,7.6987995833343374,30.79519833333735,69.28919625000904,123.1807933333494,0.0003426829188674,0.0001751492553398
1.4485471526654872,0.0578232953123038,0.0078539995741755,213199792272.26227,7735.870102447356,0.0239494763831759,6.854926990158545,15.97784789698042,0.65,2.0,0.002,4,8.910327319978002,35.64130927991201,80.19294587980202,142.56523711964803,0.0008132189622063,0.0002845853550371
1.3468696163673133,0.0351303967422724,0.0101128112468196,185911166038.02094,7728.892416560391,0.0059910814561308,8.029738608133906,8.360989602915579,0.65,2.0,0.002,4,12.397786404830862,49.59114561932345,111.58007764347778,198.3645824772938,0.0015761069945454,0.0007759284931563
1.414041083049624,0.0381242941270183,0.0109118866576714,196664385322.76596,7600.66428306992,0.0100431666949413,8.641369181034692,2.545453622893853,0.65,2.0,0.002,4,12.58757669403462,50.35030677613848,113.2881902463116,201.40122710455395,0.0005359708050055,0.000364690711788
1.102978509246864,0.0275953647951329,0.0116917700876489,203711797793.28784,7781.512493738244,0.0341181496765291,7.584329774567394,42.56945914335514,0.65,2.0,0.002,4,22.297260133378725,89.1890405335149,200.6753412004085,356.7561621340596,0.0001609711121994,5.092828058486398e-05
1.815951561011499,0.0483396057496062,0.019730946730049,211164536217.42908,7908.043938847062,0.0277130951167897,8.989335266663574,17.470428440078113,0.65,2.0,0.002,4,14.019890216742972,56.07956086697189,126.17901195068676,224.3182434678876,0.0005887132073098,0.0002376964676192
2.7351552764890426,0.0214237417826308,0.0182008676008966,215575842437.06293,7861.373043523691,0.0102312907303121,8.77255918107927,10.512866268654795,0.65,2.0,0.002,4,5.777077780363955,23.10831112145582,51.9937000232756,92.43324448582328,0.0028255707967013,0.0012410237092391
1.633710171559848,0.0577518763297756,0.0139661912743188,182181740624.8466,7602.072699934143,0.0075993806567664,1.366626270564237,7.7101740513371855,0.65,2.0,0.002,4,11.615652954790294,46.462611819161175,104.54087659311266,185.8504472766447,0.0001317506546486,6.53237926657779e-05
2.3565496197248965,0.0569188420590445,0.0075179965166662,206952863779.2715,7674.960089861636,0.0052678914912124,9.704907363298704,0.7923735239702163,0.65,2.0,0.002,4,3.1876883411415204,12.750753364566082,28.689195070273687,51.00301345826433,0.0104962583320646,0.0063474907699988
2.0970746252226524,0.0646277440448539,0.0094775560224476,214926285938.69293,7700.295188403586,0.0499189320858465,1.2390475016561373,8.77326712040035,0.65,2.0,0.002,4,5.162843060495493,20.65137224198197,46.465587544459446,82.60548896792788,0.0003510188055802,0.000126726529007
1.621910068798663,0.0265630251742677,0.0067353681459278,199827846516.0045,7655.531701553907,0.0150552878886594,1.73169495700711,9.754473226470024,0.65,2.0,0.002,4,5.9316754033146095,23.72670161325844,53.38507862983148,94.90680645303377,0.0015313549205442,0.0006205397794571
2.5843293160404306,0.0507756967267675,0.014520774750502,196243376368.6564,7651.058247695953,0.0233199743630742,2.886709225722784,7.092750736793536,0.65,2.0,0.002,4,4.992982959156771,19.971931836627085,44.93684663241095,79.88772734650834,0.0012617184959492,0.0005215180890776
2.550911432715151,0.0581180446653619,0.0086635107283721,212211814287.8025,7685.777000711386,0.0457619428477107,7.095792421506612,0.946916369115575,0.65,2.0,0.002,4,3.172293055753566,12.689172223014264,28.5506375017821,50.756688892057056,0.0070552431811203,0.0041821097804051
1.355824976592289,0.0567865651396483,0.0052118710021523,217106736098.16885,7705.829711128505,0.0067802093775586,1.1716694706010848,4.31586145005425,0.65,2.0,0.002,4,6.824056239469082,27.296224957876326,61.41650615522174,109.1848998315053,0.0008348982979954,0.0004137905852043
1.048533976843266,0.0308259938764893,0.014333137710357,206380496027.6533,7804.170099859048,0.0222686620803222,5.804356085776298,41.28634319931173,0.65,2.0,0.002,4,30.400202337438337,121.60080934975336,273.60182103694507,486.4032373990134,0.0001304079362622,4.600249866119323e-05
1.2984411717863316,0.0507547111097082,0.0053584903579917,183606779905.1399,7632.4204612341555,0.0075735857097725,3.4043165556725627,5.964744821858774,0.65,2.0,0.002,4,7.068713263046378,28.274853052185517,63.6184193674174,113.09941220874204,0.0056326721866045,0.0026690781844258
1.858303579758325,0.0625426178140662,0.0057068737489335,208435507309.1796,7714.757529532925,0.0343267398703898,6.308547155590017,2.369448069745765,0.65,2.0,0.002,4,3.895102612992948,15.58041045197179,35.05592351693653,62.32164180788716,0.0100493087365957,0.0050754282247001
2.613845955639832,0.0717487020190087,0.0081740387218052,181682657682.12244,7761.899360875432,0.0435531507996549,2.9621224838256515,3.832101397847764,0.65,2.0,0.002,4,2.624694127034058,10.498776508136231,23.62224714330652,41.995106032544925,0.0048007694033551,0.0021688506905062
2.391757536456551,0.0550682656826893,0.0127897086112353,202176783897.83917,7688.760258517529,0.0356193977491605,3.9362553018338073,4.440931175998012,0.65,2.0,0.002,4,5.198679979940938,20.794719919763757,46.788119819468456,83.17887967905502,0.0039188173024328,0.0020806710589923
2.540065765580323,0.0292077028025415,0.0097757482645299,214712039174.65594,7802.212699453528,0.0289326491004896,7.251841150828181,4.469951885763384,0.65,2.0,0.002,4,3.6041980434284335,14.416792173713734,32.4377823908559,57.66716869485494,0.0245967060564166,0.011836554934317
2.7351630492319527,0.042380886024664,0.0075996313984387,203361934216.2013,7768.227204014925,0.0056835547106902,0.7914020656856818,1.2997920700315235,0.65,2.0,0.002,4,2.3568351860557866,9.427340744223146,21.21151667450208,37.709362976892585,0.0034812255241961,0.0018197380290114
2.556766994147524,0.031678322471118,0.0120008150559055,181752150631.48917,7661.715796827019,0.0357372028959104,7.473145343487389,7.8718311152192975,0.65,2.0,0.002,4,4.054473390372056,16.217893561488225,36.49026051334851,64.8715742459529,0.003908916398082,0.0016243144475306
1.913082862138516,0.0243899027146958,0.0067902996282822,180011716872.99652,7743.679907801174,0.0060522783574818,4.406715728195211,5.1740818291706345,0.65,2.0,0.002,4,4.056274344045777,16.225097376183108,36.506469096412,64.90038950473243,0.0209602434201303,0.0097556344932247
2.7858431700869453,0.0332908619057607,0.0142985109503668,217918871202.19135,7811.918101982182,0.0489603975663708,3.169455837429485,5.364288127168381,0.65,2.0,0.002,4,4.412404489131831,17.649617956527322,39.71164040218648,70.59847182610929,0.0041199719857718,0.0020161136025826
1.1513720309925142,0.0579387073592815,0.0068061730381905,206177908657.3292,7767.090315129399,0.0373146374946952,0.6167028045216533,14.383549223138472,0.65,2.0,0.002,4,11.994793536030262,47.979174144121046,107.95314182427236,191.91669657648416,0.0001521450137239,6.727901474870771e-05
2.2994891672175344,0.0783103727320644,0.005736079313832,180575947222.9752,7866.202176424406,0.029581419426792,4.87921671423775,4.091439794627255,0.65,2.0,0.002,4,2.3568343783409027,9.42733751336361,21.211509405068124,37.70935005345444,0.008860456638018,0.00387246014862
2.3376168085967413,0.0560329432031743,0.0147024521461676,188769476342.5143,7990.680766655638,0.0390487333752479,2.419012907592845,6.668550470159784,0.65,2.0,0.002,4,5.929886500862628,23.71954600345051,53.36897850776366,94.87818401380204,0.0015697464018909,0.0008197246785469
2.045153858533403,0.0737388444597522,0.0131395565078975,200218704457.2857,7682.464751434739,0.0477398204317023,6.678453161541262,9.328826130705274,0.65,2.0,0.002,4,7.272103050394701,29.088412201578805,65.44892745355232,116.35364880631522,0.0013091488772861,0.0005683574260244
2.650937666531239,0.0470323883306995,0.0074705921073629,191523282917.42563,7803.995571804746,0.0426506548539949,1.8003561460773645,3.1088879747035087,0.65,2.0,0.002,4,2.388017627687616,9.552070510750465,21.49215864918855,38.20828204300186,0.008564132547281,0.0041420363998185
2.5626702762418243,0.049092040510552,0.0090178786713647,183496122987.1612,7942.302434851839,0.0237815873049355,4.475033199208715,4.712874971867408,0.65,2.0,0.002,4,2.992873870736285,11.97149548294514,26.935864836626568,47.88598193178056,0.0065343682090892,0.0028525306354179
2.24976845561242,0.0506575500434883,0.0189348807066864,190512833389.0439,7996.094030350425,0.0058707200500694,1.2734865471355117,4.423411494272762,0.65,2.0,0.002,4,8.28017189490395,33.1206875796158,74.52154705413555,132.4827503184632,0.0001432278569139,7.493807467489686e-05
1.1067638652543508,0.0554686289666582,0.0152107179019925,195745218273.28116,7727.196438780819,0.0277036806660003,8.762548928122625,49.0863539721228,0.65,2.0,0.002,4,28.34024677572484,113.36098710289936,255.06222098152355,453.44394841159743,6.0057802410416064e-05,1.824335608158017e-05
1.5375166690130666,0.0797916691484779,0.0196588327436584,201185858520.04712,7982.034232945534,0.0210269951422899,8.514943808339394,25.420758909559492,0.65,2.0,0.002,4,18.931684064626072,75.72673625850429,170.38515658163465,302.9069450340172,0.000141279053304,5.204886731889273e-05
2.997507611548426,0.0304806375692887,0.0100333654606228,186882487536.6867,7785.8051475000275,0.0238494204324931,4.96328487545467,4.639972323009321,0.65,2.0,0.002,4,2.4807776135569397,9.923110454227755,22.32699852201245,39.69244181691103,0.0098862221323229,0.0046001858961418
1.1544111092349485,0.0679403124315478,0.0088465956289783,215121122104.836,7900.903061683058,0.0491796712835283,8.33554161724593,9.953875934213302,0.65,2.0,0.002,4,15.706795747758356,62.82718299103343,141.3611617298252,251.3087319641337,0.0004787709855709,0.0002426676079756
2.7536536456790657,0.0346958787410477,0.0123798857553566,199490651866.26535,7707.540128156806,0.0212769312988817,1.9374078158483607,4.618333739040501,0.65,2.0,0.002,4,3.766436420884855,15.06574568353942,33.897927787963695,60.26298273415768,0.0044721041294362,0.002158797711492
1.3579657894373574,0.0766469210320027,0.0141741671809141,191416766449.40576,7834.581897907051,0.0159391633329215,4.99322526123987,13.822260265453508,0.65,2.0,0.002,4,17.22785556312772,68.91142225251087,155.05070006814947,275.6456890100435,0.0002557510142011,0.0001172206153072
2.0729729791165803,0.047572829075705,0.0194302154572829,208273566953.84116,7998.267920250159,0.0182777040641287,7.91162746811075,12.555147947824942,0.65,2.0,0.002,4,10.462577589455538,41.85031035782215,94.16319830509984,167.4012414312886,0.0012114956219949,0.0005082815949403
1.0205038250942604,0.0265516888147043,0.0198237391479646,198280927771.85007,7610.884480679828,0.0432641533366398,9.181713820703264,52.29885457993021,0.65,2.0,0.002,4,44.05634462125602,176.2253784850241,396.50710159130426,704.9015139400964,0.0001265032439979,5.757742320801895e-05
1.0666735497926267,0.0787848175977204,0.0194637600435651,180895511787.157,7799.803768671214,0.0230641747236129,2.6162151969164085,73.22177856736384,0.65,2.0,0.002,4,37.35639863911027,149.42559455644107,336.2075877519924,597.7023782257643,3.932103869009226e-06,1.2172307318072628e-06
1.4943070995922998,0.0534516853918616,0.0096230420875978,209157791664.62704,7827.175893142814,0.0289518694436321,9.51780829418354,7.882766958392435,0.65,2.0,0.002,4,10.101744893414748,40.40697957365899,90.91570404073272,161.62791829463595,0.0025627074339131,0.001238115945814
2.044504670464417,0.023499713729065,0.0166941068196444,188459860962.36453,7826.369030494614,0.0462400746165925,6.527663462563019,4.629809957856514,0.65,2.0,0.002,4,8.88680192205071,35.54720768820284,79.98121729845639,142.18883075281136,0.0013201892983069,0.0007573344834953
1.1784204358655217,0.0710795567913446,0.0157226447032893,204983451353.1768,7890.98698488435,0.0114565411491011,3.909411966162846,43.57812640489291,0.65,2.0,0.002,4,26.16664611082787,104.66658444331148,235.49981499745084,418.6663377732459,2.6852505531391264e-05,8.678315067020825e-06
1.1802364873516578,0.0615906271675406,0.0140543114417232,193501849867.75836,7704.294399102686,0.0373442351786668,7.439477592203671,18.089962213805133,0.65,2.0,0.002,4,22.92856522414777,91.71426089659109,206.35708701733,366.85704358636434,0.0002320164419126,0.0001139956982395
2.5072665616067225,0.079102752541113,0.016190729385059,204324402872.26355,7901.688333170898,0.0346591252836943,4.694253696028893,4.31499497266514,0.65,2.0,0.002,4,5.938746970386261,23.754987881545045,53.448722733476345,95.01995152618018,0.0011867107062995,0.000583474693086
1.0245136037300544,0.0579337722252991,0.0199804323878057,191781974151.5997,7673.573780987608,0.0176795131021858,4.311613200292768,28.119892045649447,0.65,2.0,0.002,4,43.15227862999173,172.60911451996694,388.3705076699256,690.4364580798677,1.9783721040672763e-05,9.292506636857204e-06
1.4875840974608727,0.020677027942105,0.0072189206742073,188795261628.6798,7990.2254132093185,0.0486703245363267,7.699894992904454,9.337389970394703,0.65,2.0,0.002,4,7.190423976509495,28.76169590603798,64.71381578858545,115.04678362415191,0.0091103066632565,0.0039465713730345
1.0623116216533408,0.0572739906928198,0.0143998277300503,182832018870.94635,7726.816625163781,0.0442762489397929,5.863453975621327,26.50049429849894,0.65,2.0,0.002,4,28.145470291763363,112.58188116705344,253.3092326258703,450.3275246682138,0.0002629232931682,0.0001660494223991
1.053638907147549,0.0718931899525688,0.0122781267740027,194045087407.3624,7962.73398038356,0.020293670829809,9.77920381535334,46.67787742677898,0.65,2.0,0.002,4,24.756998563642878,99.0279942545715,222.8129870727859,396.111977018286,6.5171175380505e-05,2.045949905579872e-05
1.0851578145837388,0.0304082430401102,0.0151587032781736,216287188445.82693,7670.312885117124,0.0192694207831306,5.922955581935041,61.97432984046348,0.65,2.0,0.002,4,30.996621427131597,123.98648570852636,278.9695928441844,495.9459428341055,4.152477535855383e-05,1.3315011879384072e-05
2.3426063659779803,0.0706509530856186,0.0115728300697551,218217544832.32095,7679.810008369651,0.0133311255322467,8.914313874226552,9.201080255762315,0.65,2.0,0.002,4,5.097295209725956,20.389180838903822,45.8756568875336,81.55672335561529,0.0018268677112728,0.0007817601793167
2.56801641973439,0.0344072907658859,0.006528197041531,209324804146.48724,7980.987586533169,0.0336640141388407,1.5115761954932243,3.122041476018718,0.65,2.0,0.002,4,2.2988410567149877,9.19536422685995,20.68956951043488,36.7814569074398,0.0109179012041252,0.0052049876074138
2.059076754429775,0.0556046606298304,0.010776812183869,208428781604.7817,7614.227181687571,0.0271029094580434,4.328869911989716,9.308767976825523,0.65,2.0,0.002,4,6.030320939321003,24.12128375728401,54.27288845388903,96.48513502913605,0.001240328793193,0.0004789833946099
2.666446716856729,0.0546213726989569,0.0167529762154567,181579155239.5164,7798.470794707771,0.0485146324793937,7.774633105280771,3.51946482128643,0.65,2.0,0.002,4,5.155652971727119,20.62261188690848,46.40087674554407,82.4904475476339,0.0029910029018544,0.0015886507471819
2.736125708350264,0.0658217087709755,0.0165488832345622,201470231874.87735,7811.1379227546495,0.034191801077287,7.0354092649334845,6.022166534769742,0.65,2.0,0.002,4,5.090660590284132,20.36264236113653,45.81594531255719,81.45056944454612,0.003771589732836,0.0018139716803403
2.205093625898247,0.036534571638816,0.0120584528741159,197675436560.1953,7899.5573082895935,0.0273488945476963,4.270086218252853,8.519432809992907,0.65,2.0,0.002,4,5.625249023855378,22.500996095421517,50.6272412146984,90.00398438168605,0.0019172334356852,0.0007664353999809
2.4486929896409118,0.0697108476560518,0.0101200255348942,201437002849.31415,7696.005316183422,0.0446199458413982,9.6555507445009,6.089632473981776,0.65,2.0,0.002,4,3.915427010979156,15.661708043916624,35.23884309881241,62.646832175666496,0.0051632665223733,0.0020435592430094
2.851613838609711,0.067635344091414,0.0160507554725383,199508883245.4261,7960.086319312532,0.0268841055839759,9.309829274623812,7.372250670961507,0.65,2.0,0.002,4,4.480902925208362,17.923611700833447,40.328126326875264,71.69444680333379,0.0022091824981694,0.0008714518015284
2.7418311587876216,0.0329225879729373,0.0075891945055309,217751318712.8137,7820.357207665427,0.0214597408546365,2.073262605134816,4.810377684683427,0.65,2.0,0.002,4,2.4155199244896632,9.662079697958651,21.73967932040697,38.64831879183461,0.0044190742342058,0.0022614686612846
1.3092052206050138,0.0714299442614705,0.0156306192372794,202544911615.29492,7704.707993364994,0.0256029229835195,2.0628783281089933,31.62989093320941,0.65,2.0,0.002,4,21.20179141916041,84.80716567664165,190.8161227724437,339.2286627065666,2.7274935055635676e-05,9.525685570954787e-06
1.6643260954069032,0.0301480824429713,0.0081765824519946,183600055641.8036,7648.044252040554,0.008208704038318,9.899248385128248,2.1858771068097784,0.65,2.0,0.002,4,6.558211786488839,26.23284714595536,59.02390607839956,104.93138858382144,0.005208645967677,0.0029041097547581
1.056783820812996,0.0640873277829407,0.0136084164516272,201753582500.42105,7940.788887500535,0.0414190606448637,4.1479276268328125,36.16769879804886,0.65,2.0,0.002,4,27.851163093706823,111.4046523748273,250.66046784336143,445.6186094993092,5.823579994643154e-05,2.3221337789128493e-05
1.5687942691468175,0.0382277971045966,0.0181150138450221,180958814221.11823,7808.182977506891,0.0258654071606675,6.932255018826751,7.939078888840345,0.65,2.0,0.002,4,16.067592759559822,64.27037103823929,144.6083348360384,257.0814841529572,0.0002379488388733,0.0001351363738032
2.948575356141703,0.0619877821264268,0.0142440478072424,195613382615.91135,7718.060787407724,0.0480460128095694,4.326503935226576,5.535174167550486,0.65,2.0,0.002,4,3.7401015824824415,14.960406329929766,33.660914242341974,59.84162531971906,0.0022132169972405,0.0009336808199936
1.3969440340503834,0.0500254571413078,0.0189386917547623,183308428702.5494,7635.906688021794,0.0481425567593775,1.6726086182571696,17.587535684047335,0.65,2.0,0.002,4,21.561656653138296,86.24662661255319,194.05490987824467,344.98650645021274,5.62954310755068e-05,2.9583594313572294e-05
2.987777770777572,0.0206505849239669,0.0129722888765346,206748012485.2148,7965.6585231820545,0.0339861344350149,6.009991117063671,2.486395583418418,0.65,2.0,0.002,4,3.3570600588248904,13.428240235299562,30.21354052942401,53.71296094119825,0.0235535629528616,0.0122039828181782
1.4356745837671987,0.0720105237448325,0.0101900130085702,216917736793.607,7682.941333210582,0.0302025864306303,5.412489425941577,20.149520797427257,0.65,2.0,0.002,4,11.911754725116706,47.647018900466826,107.20579252605036,190.5880756018673,0.0002576152115407,8.472174296015324e-05
2.55401390619853,0.0737932563311097,0.0127895758934811,181411359976.70804,7883.758328232021,0.049307112593259,2.654724264122417,4.410877213593645,0.65,2.0,0.002,4,4.264856964790823,17.059427859163293,38.38371268311741,68.23771143665317,0.0046927110869314,0.0026350911381279
1.9034977953056984,0.0405821238988331,0.019600080984052,199331331040.1873,7671.19874397442,0.0486147157423104,9.612733047393634,12.30745516722454,0.65,2.0,0.002,4,12.503699553834238,50.01479821533695,112.53329598450816,200.0591928613478,0.0028781629733933,0.0018485342946631
2.9628184218529814,0.0289757656472742,0.0064200147600573,181211115488.6218,7909.652843024523,0.0462468625533301,8.414353708971712,3.0022005629080124,0.65,2.0,0.002,4,1.5873361739943492,6.349344695977397,14.286025565949142,25.397378783909588,0.0602107127618127,0.0294224266627251
2.0035502769773625,0.0702978247519524,0.0089378090431199,212252339972.2742,7998.618293575573,0.0459538694498192,3.11031001564426,8.96158659484532,0.65,2.0,0.002,4,5.200901071215338,20.80360428486135,46.80810964093804,83.2144171394454,0.0007944866514744,0.0002880543871288
2.7089415394075247,0.0397472518463019,0.010206645638609,186335791927.93896,7877.202906458893,0.0176049013262357,1.8497567005162123,3.3928983781973376,0.65,2.0,0.002,4,3.0674334613937866,12.269733845575146,27.606901152544083,49.078935382300585,0.0130508091176229,0.0073711012941152
2.9491448255353223,0.0694869689231535,0.0195285954588534,205071695365.9732,7691.739347423792,0.0323688332410117,2.0585571510732508,1.858853861569972,0.65,2.0,0.002,4,5.257129122239025,21.0285164889561,47.31416210015123,84.1140659558244,0.0003045625464477,0.0001672313122726
2.8013687260177216,0.0663538724175307,0.0157716805602479,197840020184.68933,7992.464060303925,0.0369531633553837,4.293884777367923,8.74609532861297,0.65,2.0,0.002,4,4.5340196938498165,18.136078775399262,40.80617724464835,72.54431510159706,0.0006370392420159,0.000254465096833
1.982644051360668,0.0356371137117401,0.0143651442909231,187231189549.2073,7901.319581373873,0.0458065414659194,1.7495499380171553,13.52351440862147,0.65,2.0,0.002,4,8.066572255921825,32.2662890236873,72.59915030329643,129.0651560947492,0.0002476323714353,8.479190674357373e-05
1.2349408133785147,0.0220376662661872,0.0102942126046969,188730986399.53296,7653.146779820185,0.0120789834967915,8.280038042712198,5.636388061373145,0.65,2.0,0.002,4,15.199583352451016,60.79833340980407,136.79625017205916,243.19333363921623,0.0009208271606871,0.0004933312018079
1.0334593861368275,0.0764319258826613,0.0081782689034806,202982874221.99,7606.210503166856,0.0093742054009062,1.784678194454409,7.213625125112868,0.65,2.0,0.002,4,17.93698070185016,71.74792280740064,161.43282631665144,286.99169122960257,5.391162121697037e-05,2.8839041863826343e-05
1.4221269008733295,0.0661810837370014,0.0055667364247923,203712935584.61807,7800.704650646267,0.0067840256867031,2.5720841849634968,2.1612582597536223,0.65,2.0,0.002,4,6.378162732212029,25.51265092884812,57.40346458990827,102.05060371539248,0.0009478547013882,0.0005251785292225
1.6162310025038176,0.0657449761503766,0.01686927996475,215353088442.891,7799.295169385916,0.0087861882897365,1.3551737566192863,9.844233132134876,0.65,2.0,0.002,4,15.38745541124729,61.54982164498916,138.4870987012256,246.19928657995663,5.043833306219141e-05,2.397729262671173e-05
1.506357891917636,0.0202311873188148,0.0112605388734378,199055724853.31732,7774.832664263919,0.0139725142535421,5.283236375662419,18.9620254490211,0.65,2.0,0.002,4,11.386071453908476,45.54428581563391,102.47464308517628,182.1771432625356,0.0009539063672471,0.0003414016369782
1.9496472739258943,0.0665998176402735,0.0050789018492559,188628438231.59128,7718.575050065298,0.0475427527813002,5.119757508372487,2.563369558653961,0.65,2.0,0.002,4,2.9951736010615617,11.980694404246249,26.95656240955406,47.92277761698499,0.029517887337931,0.016837293369976
2.5846222012197844,0.0291688272404255,0.0071139101801979,197137826097.9741,7729.803800547347,0.0494220996960574,8.059391940471462,4.395434123741021,0.65,2.0,0.002,4,2.4386205923216973,9.754482369286787,21.94758533089528,39.01792947714716,0.0256977181390798,0.0108607807821561
2.512588443406901,0.0498187736276076,0.0121883391933346,181059164052.19852,7977.003705327923,0.0193628287295298,2.6337969106193637,8.337202160116496,0.65,2.0,0.002,4,4.1708198191952,16.683279276780798,37.537378372756805,66.73311710712319,0.0007583111464872,0.0003477421055136
1.2613377659969212,0.0643428623720093,0.0110953945784695,185939442901.3841,7692.000150592868,0.0407570866243522,6.270361021574394,24.40530171150024,0.65,2.0,0.002,4,15.548028484263686,62.19211393705474,139.93225635837317,248.76845574821897,0.0002079704223716,7.025304683491918e-05
2.65390290170381,0.0522711488124423,0.0138677608261093,199668135722.77756,7649.745435781835,0.0246246299894913,3.006968797269167,8.236511728115671,0.65,2.0,0.002,4,4.561381829647109,18.24552731858844,41.052436466823984,72.98210927435375,0.0008433443295655,0.0003366382855857
2.7584960508858414,0.0608317608891215,0.0198898159864874,211382170439.84787,7857.382173721202,0.0303440928869938,9.38054359568441,7.061362081735322,0.65,2.0,0.002,4,6.147669673173417,24.59067869269367,55.32902705856075,98.36271477077467,0.0037250840748079,0.0018203603579387
1.024931319675764,0.0460421369453789,0.0156152136512011,212053957256.8776,7841.722921519568,0.043109339140126,4.124371817294392,60.56141226848212,0.65,2.0,0.002,4,35.051378305440444,140.20551322176178,315.462404748964,560.8220528870471,2.033705867105603e-05,6.3167541745990135e-06
2.866067811318993,0.0332776566442111,0.01680487888553,205721529008.34955,7807.289231346382,0.0214517136723537,1.0200476483576144,7.043719779206783,0.65,2.0,0.002,4,4.761912982653354,19.047651930613416,42.85721684388018,76.19060772245366,0.0005446249147138,0.0002351728769673
2.282862829264536,0.0273135717488389,0.0084470200715779,194599172743.2145,7996.015961504869,0.0395865753794782,3.4379368343989154,7.026080079472036,0.65,2.0,0.002,4,3.625824801421949,14.503299205687798,32.63242321279754,58.01319682275119,0.0035360810224437,0.0014868961848114
1.9036959802310789,0.0281708558232039,0.0106460834806649,180337410725.26483,7911.50784229402,0.0478855556263547,7.038408572032211,10.547803608484742,0.65,2.0,0.002,4,6.359708632341581,25.438834529366325,57.23737769107423,101.7553381174653,0.0027908396516344,0.0009865592366608
1.6911182414314885,0.024092548288243,0.0100079155868309,209219004351.8574,7862.311295632895,0.0266661894829304,2.868561531761348,7.794949126325365,0.65,2.0,0.002,4,8.185597528302514,32.74239011321006,73.67037775472264,130.96956045284023,0.0072839042203864,0.0043407569245577
1.9050167971890573,0.0411640642556202,0.0067718933992178,217772389580.7656,7775.271316300886,0.0360649067610287,5.795149998973908,4.93964566049442,0.65,2.0,0.002,4,4.478013311984383,17.912053247937532,40.30211980785945,71.64821299175013,0.023301231182732,0.0129859564576766
2.058294473674926,0.062853963461004,0.0102880685300373,197599522326.3914,7887.352767829083,0.015235444163891,5.310809148819914,3.18656271979903,0.65,2.0,0.002,4,5.511570906051893,22.04628362420757,49.60413815446704,88.18513449683029,0.0022218385780385,0.0011268400913286
1.7855698775943651,0.0493887700157806,0.0194596124586185,185126099992.248,7979.284689566398,0.0476726185356391,9.53940206992224,4.274604969472015,0.65,2.0,0.002,4,13.330964908074035,53.32385963229614,119.97868417266632,213.29543852918457,0.0002806940435649,0.0001583074162946
2.534742751645994,0.0598421330461216,0.0069597441894717,188006914096.36264,7720.386058522586,0.0471218678527429,3.3308636496819104,0.571522645004105,0.65,2.0,0.002,4,2.423941605123173,9.695766420492694,21.815474446108563,38.783065681970776,0.0059204084319761,0.0036917108180309
1.9707001282297172,0.0364994549310663,0.0167630451828853,212816403256.6595,7745.67425097404,0.0467494951817551,3.760442774249241,4.0381540885340295,0.65,2.0,0.002,4,10.259212256532017,41.03684902612806,92.33291030878814,164.14739610451224,0.000330309718621,0.0001812517756897
2.306637491526068,0.0657883892126461,0.0195313830968111,213554612549.04068,7742.376147803859,0.0290612226790964,2.237608132947685,16.992707019392935,0.65,2.0,0.002,4,8.742203342006501,34.968813368026005,78.67983007805852,139.87525347210402,7.460911015417099e-05,2.715011902079365e-05
1.0814516089891244,0.0260455212773416,0.0104988037995318,207300074024.9976,7932.677440962214,0.0165381891113062,7.51586441501231,12.562706780737782,0.65,2.0,0.002,4,20.808689144639043,83.23475657855617,187.27820230175143,332.9390263142247,0.0005528900363964,0.0002603782867533
2.9048361052347085,0.0473981870609158,0.0184109468534229,206224213837.54248,7642.076356413648,0.023767383693484,2.0388967314886157,2.599322804753097,0.65,2.0,0.002,4,5.1395636926053445,20.558254770421375,46.2560732334481,82.23301908168551,0.000558554224138,0.0003257003172649
1.6588138487285138,0.0415759837122023,0.0102208831963678,182500127868.1721,7723.829726161679,0.034132132453822,9.029532146453546,2.2514719086019985,0.65,2.0,0.002,4,8.187241770090813,32.74896708036325,73.68517593081731,130.995868321453,0.0015343020138575,0.0009053949810646
1.400314532474059,0.0387834801144023,0.0182839011879043,198475134412.41647,7727.155531469431,0.0066784401582773,4.24763507211032,23.594447730608845,0.65,2.0,0.002,4,21.42842015460169,85.71368061840676,192.8557813914152,342.854722473627,0.0004322562309469,0.0001844712102007
1.4205479887417156,0.0741666234168698,0.0112053986858379,205691876133.69772,7648.387723907137,0.0164247983802703,7.036025084120047,15.547077719894862,0.65,2.0,0.002,4,13.057750615685098,52.23100246274039,117.51975554116588,208.9240098509616,0.0008463384662085,0.0003523320503084
2.350861550544736,0.0422436877994722,0.0188421675947729,214404680618.12936,7909.743541513409,0.0075867945871066,1.85236760930308,14.914737349510894,0.65,2.0,0.002,4,8.049000238850223,32.19600095540089,72.44100214965202,128.78400382160356,0.0001450528715012,6.314973495784315e-05
2.278088676562459,0.0699559050303051,0.007382522197485,219248672438.56647,7806.516390640344,0.0464185601281268,5.340495943730069,1.833830316632362,0.65,2.0,0.002,4,3.418476612221853,13.673906448887411,30.76628950999668,54.695625795549645,0.0059115762492673,0.0032830275829002
2.5222886762783903,0.05402967590156,0.0062169849279888,198073255212.60245,7631.630326249115,0.0218088257473125,7.712648608620725,1.5008836082347752,0.65,2.0,0.002,4,2.2574791358787665,9.029916543515066,20.3173122229089,36.11966617406026,0.0452631879195303,0.023913720557606
2.939350789365207,0.0494986852464152,0.0170406234844095,201956213611.18958,7881.599489445656,0.0189460469556675,9.67195506308485,2.658670168461683,0.65,2.0,0.002,4,4.527237994302612,18.10895197721045,40.74514194872351,72.4358079088418,0.0046725766870571,0.0023772213508115
1.343591386826671,0.0740605177502424,0.0122692540864177,194915673038.25867,7821.462696919222,0.049162879977445,1.2843415068863246,24.038901255864424,0.65,2.0,0.002,4,15.384818744129744,61.53927497651898,138.46336869716774,246.15709990607596,3.322034376173374e-05,1.1362004339534283e-05
1.4994014478574786,0.0592564378224982,0.0061563074422367,180309023884.63055,7788.872630235233,0.0205995678630991,1.6517885107018868,8.248458785046155,0.65,2.0,0.002,4,5.974273939671937,23.897095758687747,53.76846545704743,95.588383034751,0.0011187248658851,0.0004597765204033
1.81595638463582,0.0666594540496699,0.0196037271517112,208331971955.77136,7889.202573333833,0.0327155357381774,9.778997495415478,10.245785333240784,0.65,2.0,0.002,4,13.852191434955834,55.40876573982334,124.6697229146025,221.63506295929332,0.0004668643713341,0.0002251353797687
1.9449373551289764,0.0505898219634229,0.0096832140938311,218778343349.0235,7893.249789823818,0.0216044848985155,1.8305931237067503,3.637527498688038,0.65,2.0,0.002,4,6.110993112704064,24.443972450816258,54.99893801433659,97.77588980326504,0.0008458526135079,0.0004189326523037
1.2158358946181038,0.0558833105218421,0.0122277085377022,203123379879.93524,7982.597140282459,0.0203576845017418,7.512787094789679,19.023405860057352,0.65,2.0,0.002,4,18.920484875809045,75.68193950323618,170.2843638822814,302.7277580129447,0.0026032391273221,0.0015670195444308
1.651650716276304,0.0422275823620921,0.0120433371691371,187578854363.37143,7651.968602134189,0.026406721680167,2.346402555603753,13.9324315861431,0.65,2.0,0.002,4,9.91162880109152,39.64651520436608,89.20465920982367,158.5860608174643,0.0003859463194342,0.000145303340133
1.6072524818687588,0.0676394174147193,0.0100653786739032,205018011430.12747,7817.200152553522,0.0438812997328301,8.212878045864421,5.359287800093484,0.65,2.0,0.002,4,9.048186730036477,36.19274692014591,81.4336805703283,144.77098768058363,0.001176284130139,0.0005956697304651
2.5105637240727683,0.0490937869548425,0.011437376088632,185177700757.4456,7846.077656246294,0.0073559150385765,4.347835821643042,2.509891373067796,0.65,2.0,0.002,4,3.997433061399292,15.98973224559717,35.97689755259363,63.95892898238868,0.0046235039222395,0.0023439729088477
1.5561246862639455,0.0208293159639935,0.011374229850278,207298849651.54572,7900.963775855445,0.0236254253008382,5.761398075718602,16.822141124589304,0.65,2.0,0.002,4,10.909902770950382,43.639611083801526,98.18912493855343,174.5584443352061,0.0012447297253737,0.0004452219785566
1.5487998222245498,0.076316162373225,0.0113644893842843,180629085453.98825,7800.995893201864,0.0327542066782469,2.522903884390686,15.602497575160536,0.65,2.0,0.002,4,10.337307088280587,41.34922835312236,93.0357637945253,165.39691341248945,0.0001709549864159,6.225596159295105e-05
2.9844944146264982,0.0652616641238989,0.0177826879251117,213294654338.60004,7892.106304912018,0.041081081749515,9.35336395588736,4.966892235833617,0.65,2.0,0.002,4,4.7062895409790055,18.825158163916026,42.35660586881105,75.30063265566409,0.0106094008026281,0.0062780174560395
1.52961645488347,0.0478909149142284,0.0083441255265241,181076887942.3061,7815.817209642137,0.0342229374067849,4.21901440388132,6.73902589027553,0.65,2.0,0.002,4,7.783757606179395,31.13503042471758,70.05381845561456,124.54012169887032,0.0034835625232392,0.0018271396392688
1.5676692565042638,0.0611023144174864,0.0054584933917536,200791568690.1145,7634.184368911228,0.0392745551818138,6.382366212087745,6.690926957824348,0.65,2.0,0.002,4,5.165169455670098,20.66067782268039,46.48652510103088,82.64271129072156,0.0072651935850468,0.0031940133466755
2.644151894694023,0.0200389029897473,0.0135203636200815,186666405182.67752,7750.298764482703,0.0242563524865328,9.435113502339172,5.769788870507065,0.65,2.0,0.002,4,4.303469070322871,17.213876281291483,38.73122163290584,68.85550512516593,0.0179873648059498,0.007901320334908
1.1301552543550315,0.0522522460909776,0.0145752021764268,185584111431.44995,7821.144789414078,0.0138995204746219,8.462827573022576,42.93303899548202,0.65,2.0,0.002,4,25.20593765161318,100.82375060645272,226.85343886451855,403.2950024258109,8.648028981569618e-05,2.7578067539168867e-05
1.7649000808207096,0.0781788929165435,0.0168624675848494,181118072242.90488,7646.634565568038,0.0148105022920152,0.9266854717679724,12.828229500315103,0.65,2.0,0.002,4,11.946917414212136,47.78766965684855,107.52225672790924,191.1506786273942,0.0001882734189838,9.324314516871718e-05
2.632967964289045,0.0362207135802625,0.0165222816308286,182893735559.67288,7849.979529656371,0.0499520131341933,8.677109900249604,9.26533981509867,0.65,2.0,0.002,4,5.216428724471548,20.865714897886196,46.94785852024393,83.46285959154477,0.0021488305898086,0.0007754641264045
1.921226118212683,0.0527442348832184,0.0066600504656057,186141084921.7094,7812.097671243178,0.0173945769147335,6.327413718242335,3.4784163409346838,0.65,2.0,0.002,4,3.993807223213103,15.97522889285241,35.944265008917924,63.90091557140964,0.0268848308175814,0.0138529909332584
2.802161609875168,0.0210329979908907,0.0160586675006829,215100844962.10632,7981.722130338266,0.0170550136119278,1.8123078310443888,5.28648914579102,0.65,2.0,0.002,4,4.814211414162451,19.256845656649805,43.32790272746207,77.02738262659922,0.0065840364305706,0.0034642691276545
1.5543962804210796,0.0231995050960004,0.0191052711880727,217482508995.18805,7812.966127885148,0.033904283525219,4.679740601037002,18.077116166261376,0.65,2.0,0.002,4,18.917474642038,75.669898568152,170.25727177834204,302.679594272608,0.0011112449046854,0.0006943194394506
1.789075506258001,0.0537023761578332,0.0059120963802092,211167590974.0928,7649.150831787571,0.0415992184710422,0.2692341770489619,7.11435574320261,0.65,2.0,0.002,4,4.400686589781771,17.602746359127085,39.60617930803595,70.41098543650834,0.00023570766202,8.966957785571586e-05
2.427386364642601,0.0556192713271445,0.0081429014602962,189777758074.8316,7964.600694426498,0.0146767451537563,0.4198295415171138,2.0776603812903653,0.65,2.0,0.002,4,3.058942189967361,12.235768759869442,27.53047970970625,48.94307503947777,0.0010172741210549,0.0005301252519795
2.898081127504732,0.0592422227045049,0.0075631440018034,212700903165.37332,7929.477504813144,0.0303749952145899,1.0007414749161547,1.9485943320197288,0.65,2.0,0.002,4,2.1148176545294683,8.459270618117873,19.03335889076521,33.837082472471494,0.0139180859510559,0.0068677436905629
2.352030366634141,0.0435373001959509,0.0052103160284312,184280830530.64804,7783.52339376148,0.0473582650490555,2.5627022935920576,3.027688175711741,0.65,2.0,0.002,4,2.078066464378312,8.312265857513248,18.70259817940481,33.24906343005299,0.0169596054208181,0.0081327307625994
1.5305823229184448,0.0212886747115443,0.0084631292513878,181765038629.43857,7763.098937719603,0.0423979951352151,9.754277779173028,11.57734858005486,0.65,2.0,0.002,4,7.926554629275087,31.706218517100343,71.33899166347578,126.8248740684014,0.005657923459753,0.0022090716995538
1.3264133694355742,0.0537989745018777,0.0105213990649492,205046371433.6188,7964.882136163471,0.011794690914578,9.142993232149331,25.10272696375106,0.65,2.0,0.002,4,13.758824570782986,55.03529828313194,123.8294211370469,220.14119313252775,0.0003474282961517,0.0001256070332711
2.7976523705776257,0.0785370884960019,0.0150118280369117,219370212197.76697,7928.796736851442,0.0069964475060215,0.1377283476044219,1.0861990842310434,0.65,2.0,0.002,4,4.57467791005269,18.29871164021076,41.172101190474216,73.19484656084305,2.5684391637360868e-05,1.524481742235316e-05
2.6344970880378487,0.0485264695105859,0.0060696040467378,193738244127.62195,7802.541774500314,0.0110972064581149,5.508745702797623,2.275844090042636,0.65,2.0,0.002,4,1.9759856997994216,7.903942799197687,17.783871298194796,31.61577119679075,0.1033391100389596,0.0567128127031029
2.1244298921215936,0.0485663131460669,0.0177277276122771,209199669415.4709,7652.794183096636,0.0481448368037946,3.616624927407273,17.863908551182696,0.65,2.0,0.002,4,9.312536698042967,37.25014679217188,83.81283028238671,149.0005871686875,0.0001596213616945,5.521058701969778e-05
1.565068802573422,0.0558035810259157,0.0115190626352144,216932502492.4102,7715.123605984547,0.0355615415797502,0.635137685024132,21.716797265089888,0.65,2.0,0.002,4,11.307598868854372,45.23039547541749,101.76838981968936,180.92158190166995,2.60149720796698e-05,8.846170335408501e-06
2.531085246547055,0.0487106228066678,0.0050696259133049,194188631528.61,7831.575577601611,0.0445811055863371,8.309590007659446,3.40097389383616,0.65,2.0,0.002,4,1.7868123773280176,7.14724950931207,16.08131139595216,28.58899803724828,0.0351403337986105,0.0164855050136412
1.9500448880087211,0.0562043574492565,0.0086834905821417,181702072705.87103,7689.436128350419,0.0254702480779687,4.197910158640548,2.607337812763698,0.65,2.0,0.002,4,5.033465177345441,20.133860709381764,45.30118659610897,80.53544283752706,0.0022421668766625,0.0012711023741894
2.278054420529348,0.0715982326220963,0.0189940018768025,188154425093.18176,7811.416691576981,0.042477667459768,3.1017005586824573,8.077389429892214,0.65,2.0,0.002,4,8.145351995035353,32.581407980141414,73.30816795531818,130.32563192056566,0.001456460699711,0.0008549687992622
1.908245776221938,0.0474328502922462,0.0187656939117523,207785713139.9923,7978.292590510531,0.0198289402749904,9.93954949625252,17.575816173951424,0.65,2.0,0.002,4,11.925541955664755,47.70216782265903,107.3298776009828,190.8086712906361,0.0005298478129077,0.0001987781920288
2.360706148922202,0.0271362858450098,0.0197593968366079,193758498024.074,7853.109143078069,0.0172841039386681,8.290489205395758,7.036905543288813,0.65,2.0,0.002,4,7.985987717796612,31.94395087118645,71.87388946016951,127.7758034847458,0.0061396087185076,0.0030547110067694
1.966722348463197,0.0615803183794999,0.0054971015070561,197463545932.1077,7635.919118815752,0.0257945901968016,6.190475150110584,5.3552105422566285,0.65,2.0,0.002,4,3.277100127182114,13.108400508728456,29.49390114463903,52.43360203491383,0.0093639097466439,0.0039025129587275
2.291665758535874,0.0579972108874919,0.0132869760016594,204302134366.0676,7844.847172153264,0.0069083720834759,0.9798257307408664,7.698502310204454,0.65,2.0,0.002,4,5.854597749201351,23.418390996805403,52.69137974281217,93.6735639872216,0.0004097021831267,0.000193452735871
2.0475058974352747,0.0261003141742229,0.0175018783068283,182078474658.60416,7969.936747607225,0.0094600913710943,8.451392020817751,16.511059263653436,0.65,2.0,0.002,4,9.048268033162469,36.19307213264987,81.4344122984622,144.77228853059947,0.0009288410305805,0.0003810705368768
2.0626429656244585,0.0471468439530772,0.0060888713948549,211482805077.09436,7650.564697456735,0.0227556504629739,3.929546171516519,2.4022968568186083,0.65,2.0,0.002,4,3.4119976254446764,13.647990501778706,30.70797862900209,54.59196200711482,0.0134844233926156,0.0067979267368904
1.3934015387042409,0.0468259830249429,0.0193315945723529,187014146034.49423,7815.518929935492,0.0499131898209424,0.2364013504525565,6.284761257590133,0.65,2.0,0.002,4,22.08526834262014,88.34107337048056,198.76741508358128,353.36429348192223,2.573705252127688e-06,1.5106415021480664e-06
1.1693401435310984,0.067402807408511,0.0086073512255925,191307509413.81253,7672.718510642509,0.0488698376134496,7.832244493064124,26.70767977428956,0.65,2.0,0.002,4,14.253070601348671,57.01228240539469,128.27763541213807,228.0491296215788,0.0002349303584385,7.670363675924516e-05
2.659241956631217,0.0456461379553169,0.0133554423223079,181232546672.24207,7960.356679654766,0.0491910198046776,2.428267824537369,5.646066667608077,0.65,2.0,0.002,4,4.086237963058286,16.344951852233145,36.77614166752457,65.37980740893258,0.0018172843836789,0.0007732261327237
1.8149523828387997,0.0766725036211211,0.007425675987718,201093999635.35605,7846.931851592365,0.0327821591821538,6.6028291648323885,6.939207927983314,0.65,2.0,0.002,4,5.174690673303166,20.698762693212664,46.5722160597285,82.79505077285066,0.0039395424427804,0.001663143194215
2.1152291133593244,0.0317918419478869,0.0082362237367335,181871962292.30792,7996.068555123331,0.0100892853404079,4.214626289100941,3.7882933982978426,0.65,2.0,0.002,4,3.980954197358838,15.923816789435351,35.82858777622955,63.695267157741405,0.0554439948408632,0.0271469891471728
1.109644411587578,0.0343718815324688,0.0143220841360297,208092497120.41476,7920.462629927659,0.0234631085661548,3.532726857750036,19.448535550975432,0.65,2.0,0.002,4,27.034649935452254,108.13859974180905,243.3118494190703,432.5543989672361,0.0001133692354821,5.289595836573513e-05
2.4452712175692715,0.0491561341748148,0.0149422462599275,190524396463.26025,7816.680561929013,0.0260598088508325,3.0917432992076628,1.7463635786481593,0.65,2.0,0.002,4,5.594421532945035,22.37768613178014,50.34979379650533,89.51074452712056,0.0006961021587851,0.0003923326012357
1.6692472178882392,0.0593012176757701,0.0071854639844859,219764623785.3468,7908.817316581359,0.0237763145067938,3.0833833235564017,5.535582417489929,0.65,2.0,0.002,4,6.164045967452009,24.65618386980804,55.47641370706808,98.62473547923214,0.0050387378587208,0.0026136849603902
1.8685615621404816,0.0341081919668103,0.0158848196517688,207525753858.03192,7872.657899499682,0.0249540511197186,5.696452788937729,3.29979085019638,0.65,2.0,0.002,4,10.591855102438286,42.36742040975314,95.32669592194458,169.46968163901258,0.0004815470010536,0.0002679385430492
2.408686514619048,0.0271773446186805,0.0081028910797847,211550551802.4616,7971.834079893808,0.0264419922667919,7.940849231238762,2.528096440550541,0.65,2.0,0.002,4,3.26239579353708,13.04958317414832,29.361562141833723,52.19833269659328,0.0465407728785858,0.0234591657298843
1.1512733231415986,0.0759091401286425,0.0059895403041936,199812934512.1908,7969.293192204892,0.0171018176536405,8.39525516092617,13.007628002795949,0.65,2.0,0.002,4,10.260481916287448,41.04192766514979,92.34433724658705,164.16771066059917,0.0021173733415663,0.0008549561471249
1.5525507948639845,0.0735665008153515,0.0156725472549154,196172930752.2381,7904.811292367268,0.0203542641015319,5.265459492626519,27.333831784100468,0.65,2.0,0.002,4,14.687605291772208,58.75042116708883,132.18844762594986,235.00168466835527,7.978541694153801e-05,2.6698454323484294e-05
1.3409797411263125,0.0421213876576938,0.0125201075925414,219675949058.12115,7775.900418849624,0.0229342015482337,9.356765425075285,23.33669542578123,0.65,2.0,0.002,4,16.78065049349173,67.12260197396692,151.0258544414256,268.4904078958677,0.0005374544373518,0.0001925263151482
1.043953357882039,0.0788541840876231,0.008887197735653,203724332355.91345,7720.1001534151455,0.0216779729094695,4.037839429964521,15.254673852586349,0.65,2.0,0.002,4,18.995113390191264,75.98045356076506,170.9560205117214,303.9218142430602,0.0002597220954228,0.0001210889185204
