model,training_percentage,training_samples,repeat,source_row_index,actual_f1,predicted_f1,error_f1,actual_f2,predicted_f2,error_f2,actual_f3,predicted_f3,error_f3,actual_f4,predicted_f4,error_f4,actual_peak_displacement,predicted_peak_displacement,error_peak_displacement,actual_rms_displacement,predicted_rms_displacement,error_rms_displacement
standard_NN,10,350,2,0,6.186700893706153,6.672435,-0.48573391311757774,24.74680357482461,27.223036,-2.476232237553319,55.680308043355375,61.8431,-6.162793458109469,98.98721429929844,110.59497,-11.607756403826556,0.0035537163708347,0.006428677,-0.002874960752205261,0.0018668367173623,0.003143035,-0.0012761983908612575
standard_NN,10,350,2,1,9.903250120774487,9.333103,0.5701469408428466,39.61300048309796,37.82206,1.7909408517503067,89.12925108697041,85.3881,3.741151416560257,158.45200193239182,155.9727,2.479299906024636,0.0061209173382417,-0.0005758772,0.0066967945404507855,0.0029278196685243,-0.000884747,0.0038125666847679367
standard_NN,10,350,2,2,4.639680631888204,5.4293957,-0.7897150437709755,18.558722527552817,21.486124,-2.927401511143472,41.75712568699384,51.076775,-9.31964891017413,74.23489011021127,82.23376,-7.998866908831701,0.0053186435933173,0.00845628,-0.0031376368616759477,0.002820590054376,0.004208577,-0.0013879868111182515
standard_NN,10,350,2,3,6.806357768124741,6.047749,0.7586087256137546,27.225431072498964,23.247076,3.978355037953065,61.25721991312268,57.03529,4.221930148718386,108.90172428999584,96.95124,11.95048375044506,0.0066459270300925,0.008253502,-0.0016075746980845707,0.0033518613871852,0.003946318,-0.0005944564382811945
standard_NN,10,350,2,4,15.868402634520177,17.50256,-1.6341570273450579,63.47361053808071,69.18669,-5.713080746098974,142.8156237106816,151.4834,-8.667774726818408,253.8944421523228,274.88824,-20.993802476583454,0.0002914181937687,-0.00094885187,0.0012402700636759301,0.000185351405424,3.121342e-05,0.00015413798381660996
standard_NN,10,350,2,5,12.643611494404144,14.29699,-1.653378900188141,50.57444597761658,57.13769,-6.5632455201861575,113.79250344963732,123.69465,-9.902145293038458,202.2977839104663,223.10309,-20.805304468439942,0.0012559713638756,-0.0009453622,0.002201333568095746,0.0006072123145144,-0.00048010642,0.0010873187350965603
standard_NN,10,350,2,6,9.45972756115158,7.596097,1.8636305686589036,37.83891024460632,28.894863,8.944047115944208,85.13754805036422,69.121025,16.016522964914998,151.35564097842527,126.74878,24.60686168155027,0.0052110600853599,0.009182801,-0.00397174045347801,0.0024767616399103,0.0042376686,-0.0017609069488472148
standard_NN,10,350,2,7,7.027557013460982,6.786463,0.24109422964750582,28.11022805384393,27.607895,0.502333156382992,63.24801312114885,60.314697,2.933315855523851,112.44091221537572,112.63748,-0.19656947407740688,0.0003562779189139,0.0014836002,-0.0011273223184928903,0.0001601930054747,0.0004934877,-0.000333294686963366
standard_NN,10,350,2,8,5.496248478891723,5.412668,0.08358025074230913,21.984993915566893,19.43101,2.5539846229643537,49.46623631002551,43.711838,5.75439854147082,87.93997566226757,73.4189,14.521076126134759,0.0052667846196957,-0.0005082101,0.005774994717600949,0.0027349370426037,0.00026003658,0.0024749004583810106
standard_NN,10,350,2,9,8.258353189123369,8.048499,0.20985408176252918,33.03341275649348,32.34192,0.6914938111809832,74.32517870211032,71.22735,3.0978303744736024,132.1336510259739,132.7329,-0.5992438714870332,0.0008322962233817,0.0019210341,-0.001088737845418809,0.00035169445793,0.0013893043,-0.0010376098344582604
standard_NN,10,350,2,10,1.929974717044784,2.1346774,-0.20470269308094835,7.719898868179136,9.530577,-1.810677837753481,17.369772453403055,15.212734,2.1570382309909455,30.879595472716545,37.224976,-6.345380113220955,0.0234900632577201,0.06273044,-0.039240375749562156,0.0119642960333229,0.031811554,-0.019847257951557548
standard_NN,10,350,2,11,4.927304670559308,4.796013,0.13129179214133924,19.709218682237232,17.572239,2.1369797601180913,44.34574203503377,37.08587,7.259873199584554,78.83687472894893,65.97754,12.859335666448928,0.0003189917155481,-0.0002318499,0.0005508416183232386,0.0001180333771677,0.0005487966,-0.00043076323467034275
standard_NN,10,350,2,12,15.472698554740608,18.205479,-2.7327801134722822,61.89079421896243,72.33527,-10.444479523713355,139.25428699266547,158.19078,-18.936493646982967,247.5631768758497,281.62296,-34.05977844641592,0.0006305740513392,0.00067633117,-4.57571171670945e-05,0.0002503300297083,-0.0001392866,0.00038961662580348945
standard_NN,10,350,2,13,3.240174949311588,3.9124007,-0.672225773192074,12.960699797246352,14.850613,-1.889912843134507,29.16157454380429,32.28841,-3.1268356429632895,51.84279918898541,58.197723,-6.354924199686465,0.0216719214517747,0.031169735,-0.009497813443454638,0.0102374025954442,0.015473998,-0.00523659555627537
standard_NN,10,350,2,14,7.256315136126632,7.1821976,0.07411756532585034,29.02526054450653,27.464645,1.5606151587643424,65.30683622513969,64.05215,1.2546893135185968,116.10104217802612,120.556915,-4.455873105177005,0.0032415115549485,0.008768986,-0.005527474424310515,0.0012703612274022,0.0038083761,-0.0025380149190782414
standard_NN,10,350,2,15,4.442000092457506,5.2389603,-0.7969601736557754,17.768000369830023,19.906164,-2.1381637994815,39.97800083211755,44.06778,-4.0897787088980735,71.0720014793201,77.79982,-6.727818466968969,0.0026040336139117,-0.0035835318,0.0061875654406462425,0.001408026651636,-0.0011884038,0.002596430462010439
standard_NN,10,350,2,16,12.033025442877864,12.941897,-0.9088719493950848,48.13210177151145,51.314335,-3.182233097873315,108.29722898590076,107.815636,0.4815933047484151,192.5284070860458,206.47734,-13.948933612196385,0.0001476335873221,0.0036141041,-0.0034664705327387014,4.904790280904922e-05,0.0012843838,-0.0012353359166294678
standard_NN,10,350,2,17,3.7933805119604735,4.238552,-0.44517158154538583,15.173522047841894,15.890598,-0.7170762492772464,34.14042460764426,35.05706,-0.9166356340549555,60.69408819136758,61.399246,-0.7051580244527358,0.0039353939566326,0.00567443,-0.0017390362125325343,0.0016935033868195,0.0029812204,-0.0012877169852016982
standard_NN,10,350,2,18,2.4501347258980446,2.371119,0.07901570352865983,9.800538903592178,9.708862,0.09167659890467839,22.051212533082406,17.56425,4.486961587037484,39.20215561436871,37.112267,2.08988907384137,0.0191874611705435,0.043926656,-0.024739195075641804,0.011834558380617,0.02219378,-0.010359221788273953
standard_NN,10,350,2,19,3.251164306111213,3.691986,-0.440821777873162,13.004657224444854,13.652496,-0.6478391134457713,29.26047875500092,29.044678,0.21580102062592132,52.018628897779415,52.91349,-0.8948613976307414,0.0430041175307428,0.016933028,0.026071089875856553,0.0236641386342238,0.008185891,0.015478247199673514
standard_NN,10,350,2,20,4.237986580249869,3.8325582,0.4054284251900544,16.951946320999475,14.55784,2.3941059737094363,38.141879222248825,32.696472,5.445407054280075,67.8077852839979,50.821045,16.9867403621229,0.0047768707120056,0.019873468,-0.015096597493327157,0.0019492283195955,0.0097281085,-0.0077788802131312645
standard_NN,10,350,2,21,40.64406666890176,31.372713,9.2713535799125,162.57626667560703,124.65984,37.91642323078281,365.7966000201158,290.1416,75.65499845761582,650.3050667024281,499.47327,150.83180010086562,1.5505257108330758e-05,0.0042791506,-0.004263645370445132,9.130186019217458e-06,0.0028293233,-0.002820193103896702
standard_NN,10,350,2,22,2.902183163048412,2.5625467,0.33963643300690816,11.608732652193648,9.077265,2.5314678664270467,26.119648467435702,23.251095,2.868553649320468,46.43493060877459,40.21183,6.223100469614437,0.0097184221669327,0.011401938,-0.0016835161075700548,0.0050084951975183,0.0056885555,-0.0006800603411360271
standard_NN,10,350,2,23,5.142201232783284,4.5378833,0.6043179510755206,20.568804931133137,17.778944,2.789860915630207,46.27981109504956,41.877872,4.401938628008544,82.27521972453255,73.24168,9.033543393966141,0.0011226691117699,0.0044129877,-0.0032903186233525423,0.0005077374228269,0.0020841146,-0.0015763771659701924
standard_NN,10,350,2,24,2.1600466311698385,2.1493893,0.01065736420206509,8.640186524679354,8.895931,-0.25574471921713027,19.440419680528542,21.063778,-1.623358243055442,34.560746098717416,30.474617,4.086129094322885,0.0278291828382865,0.01239445,0.015434733164693456,0.0158586446318918,0.006271607,0.009587037855028464
standard_NN,10,350,2,25,15.039436223097557,15.165584,-0.1261473874371113,60.15774489239022,59.72003,0.4377131541089696,135.35492600787802,129.61284,5.742087262760833,240.63097956956088,230.18607,10.444913895732753,3.13657136574224e-05,0.004247726,-0.004216360227583365,1.738559044836718e-05,0.0024889698,-0.00247158423475982
standard_NN,10,350,2,26,12.689187530339115,12.828962,-0.1397747957106894,50.75675012135647,52.495987,-1.7392368171200943,114.20268777305203,113.64755,0.555135282817659,203.02700048542587,208.9576,-5.9305953397694395,0.0009588654445881,-0.00012616109,0.0010850265332894376,0.0004114017392586,-0.0011726696,0.0015840713203961977
standard_NN,10,350,2,27,8.035770564195651,7.543041,0.4927293349476045,32.143082256782606,32.045284,0.09779798554237118,72.32193507776086,71.33776,0.9841741524678866,128.57232902713042,133.67563,-5.103299634978953,0.0005528791614672,-0.0034564855,0.004009364619185572,0.0002125299899266,-0.0012024905,0.0014150205199033852
standard_NN,10,350,2,28,30.800036447357083,30.868029,-0.06799219338998697,123.20014578942832,123.52546,-0.3253135001224621,277.2003280262137,281.4593,-4.258961524567553,492.8005831577133,491.5321,1.2684786655257767,5.210402567520608e-05,0.0013962594,-0.0013441553837002826,1.614234783510892e-05,0.0004170266,-0.00040088425599214405
standard_NN,10,350,2,29,6.95030101364309,7.5609074,-0.6106063502485117,27.80120405457236,30.800657,-2.999453217766508,62.55270912278782,67.05498,-4.50226829420437,111.20481621828944,119.64834,-8.443522099581656,0.0016745240663364,-0.0024863658,0.004160889913625962,0.000820124024276,-0.0007999352,0.0016200592189397035
standard_NN,10,350,2,30,14.6619414403532,15.6519165,-0.9899750635530502,58.6477657614128,61.819958,-3.1721919717414977,131.95747296317882,132.218,-0.2605293561571216,234.5910630456512,247.43837,-12.847306705325366,0.0003207644041915,-0.0041400623,0.004460826661839014,0.0001060963068559,-0.0027744526,0.002880548864643199
standard_NN,10,350,2,31,3.749525168065405,4.194816,-0.4452909444529056,14.99810067226162,14.722099,0.27600136806240094,33.74572651258865,35.56809,-1.822362018905494,59.992402689046486,63.541916,-3.5495132045082016,0.0610179422162491,0.024568798,0.03644914419576704,0.0331257359560026,0.011955992,0.021169743637312777
standard_NN,10,350,2,32,2.068929461665606,1.8853965,0.18353298110530325,8.275717846662424,6.5426617,1.7330561797923068,18.620365154990456,13.543568,5.0767974975197525,33.102871386649696,27.786018,5.3168530150676645,0.0161139002143161,0.032630064,-0.016516163379071504,0.0089729294159271,0.016406039,-0.007433109360112978
standard_NN,10,350,2,33,11.856180485244336,13.637287,-1.7811066546482426,47.42472194097735,55.249817,-7.825094953553901,106.70562436719904,116.556496,-9.85087129930487,189.6988877639094,219.7937,-30.094813407965603,0.0002760859269495,0.0025762147,-0.0023001288000648033,0.0001023009876367,0.001154628,-0.0010523270125854466
standard_NN,10,350,2,34,7.749130820433567,7.2376957,0.5114351264638408,30.99652328173427,29.434082,1.5624412504842695,69.74217738390212,68.277245,1.4649328160310233,123.98609312693708,121.16906,2.8170333735191093,0.0008412893334205,0.0014487581,-0.0006074687294860632,0.0004622929601314,0.0006682441,-0.0002059511270058819
standard_NN,10,350,2,35,6.635803980157069,6.6377125,-0.0019084984806259087,26.54321592062828,26.691765,-0.14854891091468758,59.722235821413626,57.055428,2.666808270144095,106.17286368251312,106.30464,-0.13177804111968783,0.0010605453856659,0.0010280252,3.2520212083763387e-05,0.0005151382196758,0.00064376846,-0.00012863024453929985
standard_NN,10,350,2,36,10.61488749918763,11.315711,-0.7008235222357104,42.45954999675052,46.711544,-4.251994040114717,95.53398749268868,96.41587,-0.8818831738152255,169.83819998700207,176.15244,-6.314235315732304,0.0002930875378121,-0.0024699382,0.00276302578620802,0.0001548547260525,-0.0013949865,0.0015498412502991331
standard_NN,10,350,2,37,3.2355863041003987,3.7783098,-0.5427235179821208,12.942345216401597,13.56867,-0.6263250564255518,29.120276736903588,31.605919,-2.485642147373756,51.76938086560638,50.585564,1.1838172059384107,0.0150253291618152,0.014316514,0.0007088150274081571,0.0074359097671304,0.0071679377,0.0002679720674250378
standard_NN,10,350,2,38,13.904540915174742,13.901754,0.002786535902281173,55.61816366069897,55.036064,0.5820995127497497,125.14086823657269,119.40433,5.736540843994561,222.47265464279587,212.45526,10.017393412327124,0.0009457456538146,0.0028848285,-0.0019390828317338961,0.0005292154861014,0.0011678751,-0.0006386596464220771
standard_NN,10,350,2,39,10.343716525408988,8.170858,2.172858142230277,41.37486610163595,32.486275,8.88859138239767,93.09344872868093,72.1889,20.904544920087176,165.4994644065438,134.93925,30.56020964580162,0.0001568621964532,0.0024302863,-0.0022734240620058913,6.356414461408556e-05,0.0005933825,-0.0005298183713304549
standard_NN,10,350,2,40,6.429676602503863,6.04325,0.38642651858052357,25.718706410015454,23.723782,1.9949248243220943,57.86708942253479,50.95952,6.907570989917602,102.8748256400618,93.80068,9.074143572190707,0.0001118182888483,-0.0025925077,0.0027043260386442136,5.621150812716693e-05,-0.0009347744,0.0009909859134501358
standard_NN,10,350,2,41,2.479684200489037,3.1133919,-0.633707675731666,9.918736801956149,11.836987,-1.9182497397918983,22.317157804401337,24.69759,-2.3804320698662416,39.674947207824594,47.79538,-8.12043243084728,0.0290887915426202,0.026389519,0.0026992727899260716,0.0131539099371442,0.01297258,0.00018132966816512656
standard_NN,10,350,2,42,11.698263912526665,10.503474,1.1947896769919968,46.79305565010665,43.79144,3.0016165937101675,105.28437521273996,98.83789,6.44648458773996,187.1722226004266,174.5068,12.665417180504733,0.0005724970021776,0.001879309,-0.0013068119526349863,0.0003085021973515,0.00031771782,-9.215617699355287e-06
standard_NN,10,350,2,43,11.179834604337966,11.413645,-0.23381018631144812,44.71933841735186,45.822044,-1.102705955206737,100.6185114390417,98.79781,1.8206980235143533,178.87735366940746,182.6812,-3.8038444507097324,0.000422215415964,0.0012885482,-0.0008663328123669102,0.0001402285004203,0.00040514735,-0.0002649188511370889
standard_NN,10,350,2,44,17.368906728179066,19.026102,-1.6571953378609727,69.47562691271627,75.794716,-6.319088968631391,156.3201605536116,164.79488,-8.474715545021212,277.90250765086506,294.5283,-16.625782144056814,0.00020018114613,0.0007048529,-0.0005046717762238935,6.875846152524547e-05,0.00076377427,-0.0006950158058725755
standard_NN,10,350,2,45,2.9830500021364865,2.84899,0.13406003860499238,11.932200008545946,11.075108,0.8570924340830555,26.84745001922838,22.332783,4.514667273867051,47.72880003418378,40.163574,7.565225815433777,0.0115029720158564,0.027982315,-0.016479343032719,0.005130794793116,0.013811232,-0.008680436797691437
standard_NN,10,350,2,46,4.720890989769187,5.310362,-0.5894708724134299,18.88356395907675,22.550205,-3.6666412716361414,42.48801890792269,48.177628,-5.689608655553876,75.534255836307,90.834076,-15.299820091427378,0.005784865705416,-0.0045226533,0.010307519002005851,0.002787491657286,-0.001890791,0.004678282655290376
standard_NN,10,350,2,47,5.062766237591458,6.189217,-1.126450853015231,20.25106495036584,23.398695,-3.147630041699589,45.564896138323135,51.375103,-5.810206858503037,81.00425980146333,93.70662,-12.702359461231978,0.0017031670636135,-0.0022112438,0.003914410909135904,0.0006777865621889,-0.0007810191,0.0014588056640395886
standard_NN,10,350,2,48,2.055085973228175,2.1221552,-0.06706921628598517,8.2203438929127,7.998308,0.22203571115000464,18.495773759053574,16.20779,2.287983384297714,32.8813755716508,28.63163,4.249745627803144,0.0967923034095716,0.025128674,0.07166362964748854,0.0451798347561757,0.012641817,0.032538017424861614
standard_NN,10,350,2,49,2.477903044160504,2.3367443,0.14115873568882442,9.911612176642016,9.295347,0.6162649628968992,22.30112739744453,21.229572,1.0715551013019535,39.64644870656806,29.098892,10.547556494653996,0.019232999656255,0.018711532,0.0005214681214640061,0.0104579709025528,0.009093579,0.001364391997685628
standard_NN,10,350,2,50,5.955595748421161,5.334525,0.6210706400837589,23.822382993684645,19.477476,4.344906873689528,53.60036173579046,47.911964,5.688397319286551,95.28953197473858,80.51253,14.777004508918267,0.0047688682137197,0.031160954,-0.026392086172276164,0.0023862163284903,0.015390091,-0.013003874315869288
standard_NN,10,350,2,51,5.581267560649692,5.9196386,-0.3383710730783349,22.32507024259877,21.652155,0.6729153201134181,50.231408045847225,48.045258,2.1861504774878497,89.30028097039506,83.46428,5.836001795590377,0.0043352635247097,-0.00044135883,0.004776622356886475,0.0025104112520067,0.0003215395,0.00218887175477091
standard_NN,10,350,2,52,5.211641771009218,4.638661,0.5729808632638571,20.84656708403688,17.441168,3.4053992526159824,46.90477593908296,35.414917,11.48985894689546,83.3862683361475,65.573395,17.81287356075687,0.0001961528363204,0.00019644859,-2.9574916377686825e-07,7.552146715998147e-05,0.00066734466,-0.0005918231952008656
standard_NN,10,350,2,53,13.334704767371436,14.797884,-1.4631792200553217,53.338819069485744,59.442417,-6.103598075289646,120.01234290634292,129.64915,-9.636811756743015,213.35527627794292,232.08713,-18.731851407603955,0.001803498916345,0.0009358512,0.0008676477275027929,0.0007689441868172,-9.018494e-05,0.0008591291284722249
standard_NN,10,350,2,54,1.589547070487722,0.7446227,0.8449243631207786,6.358188281950889,2.049574,4.308614383635459,14.3059236343895,2.5644648,11.741458826879125,25.432753127803554,7.511589,17.921164077510586,0.0131680829387649,0.02839759,-0.015229506983186394,0.0071448756216065,0.014072147,-0.006927271576414912
standard_NN,10,350,2,55,1.983695920341253,2.1299987,-0.1463027635881904,7.934783681365012,8.111757,-0.17697359707737093,17.85326328307128,13.816952,4.036311531362294,31.739134725460048,30.686325,1.05280965221786,0.0396939400346792,0.029936671,0.009757268777660158,0.0202349661746362,0.01489613,0.005338835985336618
standard_NN,10,350,2,56,1.8669041184563684,1.0524154,0.8144887475152063,7.4676164738254736,4.858488,2.6091283909397314,16.802137066107317,6.7026486,10.099488426428362,29.87046589530189,15.57885,14.291616102821422,0.1432891717733956,0.042496447,0.10079272525330549,0.0704967901410945,0.021506846,0.04898994419001418
standard_NN,10,350,2,57,10.477116954109777,9.707103,0.7700141785360461,41.90846781643911,39.668232,2.2402358523277783,94.294052586988,90.920425,3.3736271719489395,167.63387126575643,173.59213,-5.958261302602949,0.0003953383278564,0.0023362134,-0.0019408750373407818,0.0001590627483103,0.00052874594,-0.0003696831869882025
standard_NN,10,350,2,58,20.375535995200487,22.420591,-2.0450553591696305,81.50214398080195,88.778915,-7.276771424471491,183.3798239568044,199.3521,-15.9722726008128,326.0085759232078,355.13568,-29.127105229135964,0.0001199136320624,0.0036054756,-0.003485562017175233,4.486649217868252e-05,0.0020289398,-0.001984073287669178
standard_NN,10,350,2,59,12.367229006475965,13.553994,-1.186765172296008,49.46891602590386,53.909252,-4.440336140844188,111.30506105828368,116.36158,-5.056518836735847,197.87566410361543,209.87527,-11.99961055458769,0.0028914706760657,0.00238421,0.0005072606706631351,0.0014562367542712,0.00073139055,0.0007248462026072649
standard_NN,10,350,2,60,7.259922346915204,7.3115926,-0.05167023197273579,29.03968938766081,28.352251,0.6874383348043658,65.33930112223683,67.42314,-2.0838403572553545,116.15875755064326,117.50954,-1.350779192520804,0.0011848402323287,0.0023849662,-0.0012001260070044527,0.0004181500411686,0.0012862525,-0.0008681024770158831
standard_NN,10,350,2,61,6.850769784298405,6.312768,0.5380018018154953,27.40307913719362,25.047867,2.3552123159045593,61.65692805868566,58.426517,3.230410572113392,109.61231654877449,105.6027,4.009617268989331,0.0016477141880633,-0.00021720625,0.001864920440336472,0.0007949413008481,-5.071363e-05,0.0008456549291457717
standard_NN,10,350,2,62,4.657415212883389,5.650653,-0.9932376725536223,18.62966085153356,23.53414,-4.90447878164515,41.91673691595052,54.59983,-12.683093711490883,74.51864340613423,97.38676,-22.868113490838425,0.0047152524028116,0.0014966346,0.0032186178403117785,0.0026370878862338,0.0010361572,0.0016009306367607648
standard_NN,10,350,2,63,11.818697172734336,11.755389,0.06330795917232379,47.27478869093734,49.618893,-2.3441039787403923,106.36827455460902,104.4857,1.8825720399605785,189.09915476374937,193.94061,-4.841458029219382,0.0012286155864118,-0.001333367,0.0025619825494928618,0.0005710328990964,-0.0007157809,0.001286813785917849
standard_NN,10,350,2,64,27.1208251382587,28.974733,-1.8539082144024341,108.4833005530348,115.86463,-7.381331099797237,244.0874262443283,264.36844,-20.281012476374826,433.9332022121392,463.54343,-29.610224301532696,5.843066045779509e-05,0.0011524415,-0.0010940108271897979,1.875016104149639e-05,0.0006485636,-0.0006298134502796548
standard_NN,10,350,2,65,2.172957221959886,2.231758,-0.05880089571589542,8.691828887839543,9.237761,-0.5459316559836989,19.55661499763897,15.3317375,4.224877479328423,34.76731555135817,35.836502,-1.0691865238371392,0.1538547663382672,0.058817096,0.09503767028371321,0.0861287455147516,0.029580077,0.05654866835832707
standard_NN,10,350,2,66,25.87578184662529,25.866888,0.008893800360642246,103.50312738650116,103.27904,0.22408991091522523,232.88203661962768,233.99101,-1.1089759536145039,414.0125095460047,418.1057,-4.093203344620292,0.0001667538071048,0.0022626156,-0.0020958617916333935,0.0001010433902521,0.0021811712,-0.002080127816505326
standard_NN,10,350,2,67,3.667297020034559,3.7980294,-0.13073240272545084,14.669188080138236,14.169449,0.4997392275991732,33.00567318031103,34.1378,-1.1321251290151437,58.67675232055294,56.58789,2.088861695552943,0.0074214051378621,0.01908253,-0.011661124332462417,0.003210293721881,0.0092232,-0.006012906658921154
standard_NN,10,350,2,68,20.57037898451195,23.418158,-2.8477785930026975,82.2815159380478,92.7089,-10.427384513612353,185.1334108606076,212.69438,-27.56097085325959,329.1260637521912,376.8666,-47.74054391382441,5.814601795745109e-05,0.0019504182,-0.0018922722093947509,3.134523541650482e-05,0.0013905104,-0.0013591651197058826
standard_NN,10,350,2,69,34.419582676328304,26.814205,7.605377506650569,137.6783307053132,108.627655,29.05067567601631,309.7762440869548,243.67325,66.1029957959392,550.7133228212529,424.4231,126.29022711812786,0.0001190137196533,-0.0015064011,0.00162541482916247,5.4978306269072936e-05,-0.0013192006,0.0013741789216676586
standard_NN,10,350,2,70,4.3020525558207865,5.095823,-0.7937702553059225,17.208210223283146,21.196388,-3.9881780213457603,38.71847300238708,45.379005,-6.660532429741828,68.83284089313258,83.39089,-14.55805113567601,0.0047141106264979,-0.0039029252,0.008617035804906522,0.0022291488338951,-0.0016705607,0.0038997095170188673
standard_NN,10,350,2,71,5.752035346796996,4.910165,0.8418705137281481,23.008141387187983,21.001503,2.006638396465327,51.76831812117297,46.65393,5.1143874571104675,92.03256554875192,84.05059,7.9819750336152,0.0008137665189468,-0.0038913405,0.004705106975849781,0.000363609865282,-0.001412629,0.0017762388987208615
standard_NN,10,350,2,72,16.70143981705965,16.716223,-0.014782946001872688,66.8057592682386,66.334526,0.47123320622688425,150.31295835353689,144.49031,5.822647684591573,267.2230370729544,259.43945,7.783583947954412,5.580284776677952e-05,0.007216961,-0.00716115827528248,2.413154160776149e-05,0.0036402168,-0.0036160852336307526
standard_NN,10,350,2,73,5.639718874505925,5.9008403,-0.26112140793426075,22.5588754980237,23.360739,-0.8018632562487618,50.75746987055332,50.974285,-0.2168152551790996,90.2355019920948,91.046135,-0.810632956635672,0.0008791162619948,-0.0035666116,0.004445727820193729,0.0005327910716519,-0.0008274795,0.0013602705971211436
standard_NN,10,350,2,74,7.446400447365925,6.771019,0.6753814654323316,29.7856017894637,25.573792,4.211810285557451,67.01760402629333,55.840954,11.17665019938903,119.1424071578548,104.23739,14.905018547014961,0.0009541743468264,-0.0004298137,0.001383988038706954,0.000412933087482,0.00017119679,0.00024173629497445582
standard_NN,10,350,2,75,20.1760592825747,22.457727,-2.2816681496762783,80.7042371302988,88.38026,-7.676019522533238,181.58453354317228,201.71878,-20.13424697440584,322.8169485211952,356.89896,-34.08200777763295,0.0001001592821741,-0.0021332465,0.002233405793395032,5.970719205522564e-05,-0.00038641584,0.0004461230272923562
standard_NN,10,350,2,76,27.417405294709244,28.541903,-1.1244972474050137,109.66962117883698,114.04148,-4.37185983922943,246.75664765238324,258.55698,-11.800328665976139,438.6784847153479,457.70615,-19.02766152488647,0.0003291094769453,-0.0011353156,0.0014644251065989327,0.0002166121354843,0.0003936639,-0.0001770517758974364
standard_NN,10,350,2,77,17.03555819645127,19.50001,-2.4644513402918946,68.14223278580508,77.82663,-9.684396852866797,153.32002376806142,171.73059,-18.410567052251082,272.5689311432203,302.6539,-30.084969003264064,1.266702312552735e-05,0.002626731,-0.0026140640373197815,4.32661613079639e-06,0.00068257784,-0.0006782512239217487
standard_NN,10,350,2,78,6.013086916228769,5.6666126,0.3464742911066985,24.052347664915075,20.745148,3.30719995983695,54.11778224605892,43.976322,10.141460071986657,96.2093906596603,80.5977,15.611688633293113,0.0005599797286812,0.0012118943,-0.0006519145981621214,0.0002510507078286,0.0013506735,-0.0010996227898258976
standard_NN,10,350,2,79,33.30028073763222,31.801596,1.49868504976601,133.20112295052888,127.24763,5.953495692228103,299.70252663869,290.64786,9.054668972674392,532.8044918021155,507.85123,24.95326499547491,1.8905406619291864e-06,0.006441523,-0.006439632314649703,5.77192666891846e-07,0.0036578553,-0.0036572781336429083
standard_NN,10,350,2,80,4.314873250443108,4.6032295,-0.2883562722619697,17.25949300177243,15.833437,1.4260560358300474,38.83385925398796,40.91625,-2.082389067545243,69.03797200708972,65.31294,3.725029502206908,0.0172083368683871,0.019339504,-0.002131166852015618,0.0089268269409629,0.008771546,0.00015528075594626808
standard_NN,10,350,2,81,11.34400957947625,12.043663,-0.6996534454260939,45.376038317905,48.54942,-3.1733810851711723,102.09608621528623,100.348976,1.7471100800323285,181.50415327162,189.4692,-7.965039233262814,0.0007430520357057,0.0029760115,-0.002232959449155674,0.0004322360034374,0.0014916944,-0.0010594583584653734
standard_NN,10,350,2,82,21.07199065573772,21.968517,-0.8965266477290754,84.28796262295087,87.60217,-3.3142102286116284,189.64791590163944,189.12126,0.5266543049597487,337.1518504918035,341.00684,-3.8549854456965136,1.4490111019139813e-05,0.00075015804,-0.0007356679292994983,4.612300241468938e-06,0.0006385747,-0.000633962410805644
standard_NN,10,350,2,83,4.639768105722026,5.187136,-0.5473680675262651,18.559072422888104,20.255299,-1.6962261916138495,41.75791295149824,46.848877,-5.090964001626759,74.23628969155241,84.7679,-10.531608868017898,0.0022022878431454,-0.00038034184,0.00258262967986238,0.0010397313464146,0.00045773518,0.0005819961671896172
standard_NN,10,350,2,84,3.827676379590789,4.17021,-0.3425335050527658,15.310705518363156,16.238438,-0.9277321342247351,34.449087416317106,36.9123,-2.4632126935461756,61.24282207345263,62.03469,-0.7918687834809646,0.0021957925127719,0.0074401796,-0.005244387073638623,0.0008719442600143,0.0035164102,-0.002644465984614487
standard_NN,10,350,2,85,19.56569306416669,21.27547,-1.709777669475887,78.26277225666679,84.57249,-6.3097146207746135,176.09123757750027,190.36926,-14.278025117812234,313.0510890266672,340.65244,-27.601346276067147,0.0005941636064131,-0.0013803866,0.0019745502523187733,0.0003216608842338,-0.0006057032,0.0009273640993485723
standard_NN,10,350,2,86,3.848098298505328,3.6755567,0.17254163880684148,15.392393194021311,14.012323,1.3800698145047097,34.63288468654795,31.26093,3.3719555788819378,61.56957277608525,51.592148,9.977424948936815,0.0085035487688843,0.006084576,0.0024189729854229673,0.0041949602234061,0.003365195,0.0008297653327579736
standard_NN,10,350,2,87,14.718219828164498,17.007448,-2.2892283682466346,58.87287931265799,67.32979,-8.45690889534982,132.46397845348048,147.42159,-14.957606629527334,235.491517250632,262.45895,-26.967436606789875,8.196989801032394e-05,0.00309938,-0.003017410163020064,2.8646142559281982e-05,0.0008554588,-0.000826812641357847
standard_NN,10,350,2,88,35.87543514909105,28.362598,7.5128367299015935,143.5017405963642,112.56378,30.937958858082936,322.8789163418195,264.90317,57.975748617210115,574.0069623854567,458.9074,115.099552717488,2.438996549996655e-06,0.0046255887,-0.004623149658921805,1.5712289499159052e-06,0.002857404,-0.002855832833574522
standard_NN,10,350,2,89,7.806175997646319,7.803446,0.0027301816062799134,31.22470399058528,31.329048,-0.1043441661530018,70.25558397881687,70.740776,-0.4851920831948462,124.8988159623411,125.29338,-0.3945647749635839,0.0018273986377395,0.0020037075,-0.00017630881959430325,0.0007474811340773,0.001193331,-0.000445849838378142
standard_NN,10,350,2,90,9.94724223695917,10.918317,-0.9710746041663185,39.78896894783668,43.00945,-3.220480057290274,89.52518013263253,94.36666,-4.841480939144816,159.15587579134672,170.46072,-11.304848085606409,0.0006846827282828,0.001543082,-0.0008583992193195316,0.0002607038125071,0.000706341,-0.0004456371886980463
standard_NN,10,350,2,91,10.904725327467013,12.696789,-1.7920634603747843,43.61890130986805,50.441463,-6.822562160590934,98.14252794720312,107.6326,-9.490070929750004,174.4756052394722,196.64337,-22.167766342559048,0.0011521675383448,0.0014302578,-0.0002780902672783142,0.0003790625867089,0.00041707806,-3.8015472690600496e-05
standard_NN,10,350,2,92,21.738414214986754,22.420029,-0.6816144715366832,86.95365685994702,90.13154,-3.177881531166264,195.6457279348808,199.2536,-3.607873139337954,347.81462743978807,349.35352,-1.5388881852119312,0.0002526875472806,0.0016588258,-0.0014061382385723688,0.0001123275482402,0.0008277219,-0.0007153943539290873
standard_NN,10,350,2,93,5.822220809987998,6.5668845,-0.7446637076816796,23.288883239952,27.501032,-4.212148635658352,52.39998728989199,63.591877,-11.19188969375059,93.15553295980796,112.71299,-19.55745684732095,0.0015557462703617,-0.0034898976,0.0050456438567669775,0.0010735191178243,-0.001457794,0.0025313131051804263
standard_NN,10,350,2,94,4.94223023647492,5.780954,-0.8387236476498359,19.76892094589968,22.173393,-2.404472303612039,44.48007212827428,53.869217,-9.389144790671033,79.07568378359872,92.51088,-13.435195733002843,0.0087039317321548,0.017333487,-0.008629555316590355,0.0053228865153176,0.008155167,-0.0028322805874961207
standard_NN,10,350,2,95,12.648392782706413,12.143905,0.5044880967322918,50.59357113082565,48.84591,1.7476620121733077,113.83553504435773,106.01886,7.8166751810764765,202.3742845233026,190.59233,11.781953590685418,0.0006500678503681,-0.0013589569,0.0020090247638318713,0.0003157301838122,-0.0010950997,0.0014108299077100744
standard_NN,10,350,2,96,4.579576803432119,4.610798,-0.031221078647958755,18.31830721372848,16.60791,1.710397057478481,41.21619123088907,40.12216,1.0940293656546984,73.2732288549139,61.42222,11.85101053215999,0.0025718652512607,0.003063762,-0.000491896843564806,0.0010011515132756,0.0021525894,-0.0011514378693281645
standard_NN,10,350,2,97,4.566478297700056,4.312999,0.2534795260325753,18.265913190800223,15.050903,3.215009870487723,41.0983046793005,33.525917,7.572387626077841,73.06365276320089,59.046783,14.016869315935267,0.0008949605186491,0.0021872441,-0.0012922836097867501,0.0005043102697453,0.0014500053,-0.0009456950669193171
standard_NN,10,350,2,98,3.603615425363611,3.961536,-0.3579205052699339,14.414461701454444,14.87528,-0.4608186787945794,32.4325388282725,33.903816,-1.4712773948720326,57.657846805817776,58.467674,-0.8098274495533175,0.0141006641781369,0.008863059,0.005237605305615976,0.0064541414037406,0.004547607,0.0019065342500865015
standard_NN,10,350,2,99,9.549235872401892,9.986677,-0.43744129739791227,38.19694348960757,39.968014,-1.7710702738201647,85.94312285161703,89.28497,-3.3418502929142164,152.78777395843028,164.52113,-11.733359464421284,0.0028869724739037,0.0009344719,0.0019525005737944983,0.001775079987879,0.00061412866,0.001160951330262325
standard_NN,10,350,2,100,25.57762706444893,25.497505,0.08012187646064817,102.3105082577957,101.60419,0.7063212460769535,230.1986435800404,227.5602,2.6384476571888342,409.2420330311828,400.9923,8.249723460870314,3.5998959313194545e-05,-0.0015817526,0.0016177515156893538,1.1402659725646796e-05,-0.00095901114,0.000970413803730409
standard_NN,10,350,2,101,2.388208922163364,2.0862374,0.30197149159085424,9.552835688653456,7.9344635,1.6183721876768935,21.49388029947028,16.552319,4.941561726472234,38.211342754613824,27.101418,11.109925213109918,0.0108901971227379,0.012017901,-0.001127703932776912,0.0057073771149211,0.0059222057,-0.00021482863125275864
standard_NN,10,350,2,102,5.340761816954979,4.722696,0.618065989470848,21.363047267819915,15.6417465,5.721300746823822,48.06685635259481,35.469723,12.597133604792077,85.45218907127966,62.722275,22.729914291006224,0.0011231480443581,0.003063688,-0.0019405400103227244,0.0004146033315373,0.00220355,-0.0017889466253655617
standard_NN,10,350,2,103,20.878560341391864,21.416954,-0.5383936991354794,83.51424136556746,84.628426,-1.1141842325770739,187.9070430725268,193.59134,-5.684296038801335,334.05696546226983,338.02213,-3.9651597818707955,0.0002042901783706,0.00082619215,-0.0006219019682622204,9.979472523016213e-05,0.001051535,-0.0009517402897642804
standard_NN,10,350,2,104,5.800029701834299,5.400758,0.39927191222248215,23.200118807337194,21.431742,1.7683770928596552,52.200267316508686,49.43629,2.7639765755418892,92.80047522934878,91.89055,0.9099265232940894,0.0003867827748253,-0.0020193486,0.0024061313291384827,0.0001981109306169,-0.00086735457,0.0010654654977795925
standard_NN,10,350,2,105,9.509567869166998,8.853819,0.6557489757343813,38.038271476668,34.99118,3.047091056746126,85.58611082250299,81.11762,4.468488447014707,152.15308590667198,147.73953,4.413553435968851,0.0094807206821437,0.006145632,0.0033350887876744395,0.0060305708981753,0.0022924494,0.0037381215449125175
standard_NN,10,350,2,106,6.191534467721945,6.274979,-0.0834446468105261,24.76613787088778,24.038807,0.7273309556045753,55.72381020949751,52.50729,3.2165203230228983,99.06455148355111,93.52894,5.535613190094082,0.0004841523727612,0.0009327466,-0.0004485942522785265,0.0002687269975853,0.0010422539,-0.0007735269222918119
standard_NN,10,350,2,107,11.42073821769062,13.759254,-2.338516237875787,45.68295287076248,55.222717,-9.539764414393773,102.7866439592156,117.23478,-14.44813539869456,182.7318114830499,211.44225,-28.710434000348528,0.0005902473671949,0.0026791524,-0.0020889050470077903,0.0002477729422742,0.0010588433,-0.0008110703937938938
standard_NN,10,350,2,108,4.91188894622407,5.0845823,-0.1726933825723167,19.64755578489628,19.963945,-0.31638960389766524,44.20700051601664,46.332417,-2.1254160184071864,78.59022313958512,77.35304,1.2371805370460578,0.0006978634337747,0.0036513982,-0.0029535348002946472,0.0002692036260709,0.002153869,-0.0018846653937503862
standard_NN,10,350,2,109,14.861769498872436,16.830723,-1.968953309965455,59.44707799548974,66.49392,-7.046841377068851,133.75592548985193,146.04158,-12.28565471034338,237.78831198195897,261.9307,-24.142382598119156,0.0002913726527934,0.0016884856,-0.001397112963093348,9.880204819574744e-05,0.00015872988,-5.9927827497350275e-05
standard_NN,10,350,2,110,22.46412910495373,23.893612,-1.4294828030052535,89.85651641981495,95.28969,-5.433171690536611,202.1771619445836,215.57968,-13.402519451900787,359.4260656792598,379.88367,-20.457601312927693,0.0001583390564113,-0.0021410948,0.0022994338229685167,8.89868852583374e-05,-0.0008409972,0.0009299840922368373
standard_NN,10,350,2,111,4.825329761379336,4.8497562,-0.024426479465391004,19.301319045517342,18.95451,0.34680931040992036,43.42796785241403,41.288754,2.1392143428925436,77.20527618206938,68.401405,8.803870847596727,0.0057705266597027,-0.0010447473,0.0068152739629427014,0.0028125966633712,0.00038466547,0.0024279311907053984
standard_NN,10,350,2,112,10.428010877008289,9.733272,0.6947392781923707,41.71204350803316,39.05059,2.661452992896443,93.8520978930746,87.88646,5.965638542488662,166.84817403213262,164.01204,2.836134847562306,0.0029918967576849,-8.327135e-05,0.0030751681062428007,0.0015877821710157,-0.0006062797,0.0021940618748041594
standard_NN,10,350,2,113,1.7771309449366817,0.9820819,0.7950490548304805,7.108523779746727,5.896162,1.212361746665672,15.994178504430137,7.315312,8.678866595708213,28.434095118986907,18.749657,9.684438441740813,0.0360242692880304,0.085901186,-0.04987691658214019,0.0203045007841629,0.043501966,-0.023197464917417147
standard_NN,10,350,2,114,12.289019590632158,12.10412,0.18489933611555642,49.15607836252863,49.86362,-0.7075423955280087,110.60117631568944,106.126366,4.474810654068349,196.62431345011453,193.96846,2.6558533671067153,9.754662266965013e-05,-0.0021736901,0.002271236748015834,4.886034234012437e-05,-0.0014911675,0.001540027808496309
standard_NN,10,350,2,115,4.308078214917012,4.6567807,-0.3487025048400678,17.23231285966805,17.873762,-0.6414492710692556,38.77270393425311,39.483833,-0.7111293787351727,68.9292514386722,70.19936,-1.2701122698238976,0.0035557236533978,0.0004821425,0.003073581157940717,0.001711271758825,0.0009041092,0.0008071625462551075
standard_NN,10,350,2,116,5.439125605408498,5.215948,0.22317750055009977,21.756502421634,20.92117,0.8353331406281406,48.952130448676485,47.864803,1.0873271344675004,87.02600968653597,84.049416,2.976594098157065,0.0010248442978199,-0.00028467266,0.0013095169543820794,0.0004185072753014,3.9214414e-05,0.00037929286145548836
standard_NN,10,350,2,117,8.937083971553351,8.498448,0.43863559966614396,35.748335886213404,32.61073,3.137606668684107,80.43375574398017,70.41415,10.019609320640328,142.99334354485362,136.79079,6.202556801689553,0.0006666903682739,0.004185295,-0.003518604829838826,0.0003392612795958,0.002119065,-0.0017798037499508184
standard_NN,10,350,2,118,1.42848315165017,0.8076043,0.6208788387534414,5.713932606600681,2.910902,2.803030583285251,12.85634836485153,3.1256602,9.730688183805999,22.85573042640272,4.659157,18.196573627086313,0.0145479856855555,0.011916976,0.0026310092634840437,0.0070821030301843,0.005800211,0.0012818921593818972
standard_NN,10,350,2,119,6.677879061803077,7.1063995,-0.4285204743297353,26.71151624721231,26.58242,0.12909589809121513,60.10091155622769,61.874924,-1.7740121498269943,106.84606498884924,107.15765,-0.31158881974451447,0.0016497518985362,-0.00015182322,0.0018015751151197797,0.0006505421426135,0.00014624526,0.0005042968788637665
standard_NN,10,350,2,120,5.497448918746255,5.714903,-0.21745395906136178,21.98979567498501,21.12393,0.8658656975680188,49.47704026871629,49.9622,-0.48515989607863474,87.95918269994007,82.19608,5.763099631092416,0.0025465563815759,0.004982496,-0.0024359397645367805,0.0014255835410219,0.0026305488,-0.0012049652434874011
standard_NN,10,350,2,121,15.033435433741772,15.752144,-0.7187084261215091,60.13374173496709,63.016834,-2.8830925240661145,135.30091890367595,135.81053,-0.5096127125349881,240.53496693986835,241.96661,-1.4316468296628955,0.0001944794301099,0.0014762195,-0.0012817400758930626,8.52648176757975e-05,-0.00027491953,0.0003601843440944685
standard_NN,10,350,2,122,22.80786756985916,22.649014,0.1588540505720495,91.23147027943664,90.96252,0.2689534947686667,205.27080812873243,203.9746,1.2962140125214887,364.92588111774654,363.99496,0.9309165181371668,2.954715334064149e-05,0.006592581,-0.006563033895267184,1.3857814611923316e-05,0.0036407327,-0.0036268749133329275
standard_NN,10,350,2,123,1.8325058136135792,0.86216116,0.9703446540981984,7.330023254454317,4.5495663,2.7804569855334185,16.49255232252221,9.059582,7.432970565930415,29.320093017817268,10.6968,18.623292785883674,0.0094966624512623,0.005129186,0.004367476480389659,0.0053058602792893,0.0024080111,0.002897849161339218
standard_NN,10,350,2,124,6.618000068936514,6.5527897,0.06521038082616215,26.47200027574605,25.6407,0.8313008891493716,59.56200062042864,56.64381,2.9181903482118443,105.88800110298422,101.9642,3.9237982221248444,0.0014063008426342,0.0016761572,-0.0002698563906710755,0.0005962611359141,0.0013816428,-0.0007853816313140861
standard_NN,10,350,2,125,4.366536082362725,3.9700403,0.39649576101262696,17.4661443294509,14.936296,2.529847866438203,39.298824741264525,36.682007,2.616817905327025,69.8645773178036,62.209885,7.654692674248906,0.0058880616620181,0.012040268,-0.006152206036448678,0.0026836214050987,0.0056234426,-0.0029398211814126735
standard_NN,10,350,2,126,2.67115610967517,3.0518293,-0.3806732283985603,10.68462443870068,11.539164,-0.8545391507768585,24.04040498707653,24.408905,-0.3685000422203437,42.73849775480272,46.170174,-3.431675890216809,0.0087413439507307,0.035261076,-0.02651973199297772,0.0048618842001809,0.017741239,-0.012879354498182404
standard_NN,10,350,2,127,4.711270387854971,5.1790986,-0.46782821825464804,18.845081551419884,20.550873,-1.7057912513144906,42.40143349069474,43.81979,-1.4183563957798668,75.38032620567954,77.520386,-2.1400595365079624,0.0031103591169908,0.003507745,-0.0003973858695731211,0.0018734929579194,0.0018428906,3.060232464925563e-05
standard_NN,10,350,2,128,24.04386606193053,27.197468,-3.1536017420245486,96.1754642477221,107.9778,-11.802334214191958,216.39479455737475,246.9503,-30.555507566648686,384.7018569908884,432.4208,-47.71894989387721,5.390962245978184e-05,0.0031395843,-0.0030856747027941814,1.6653896933989982e-05,0.002011911,-0.0019952571152983137
standard_NN,10,350,2,129,12.41606617647059,13.262963,-0.8468971185123202,49.66426470588236,52.394547,-2.7302818029067026,111.7445955882353,112.15613,-0.41153234145220097,198.65705882352944,205.17479,-6.517730605181498,0.0009677155655496,0.0013008887,-0.00033317315255625265,0.0005306516101594,0.0006201799,-8.952831588583893e-05
standard_NN,10,350,2,130,2.1324182057935803,2.2122035,-0.07978529686144897,8.529672823174321,8.884413,-0.3547399423286084,19.191763852142223,16.073383,3.1183805208433952,34.118691292697285,33.764465,0.3542259606660352,0.1399415584847196,0.04115405,0.09878750914780934,0.0807647465710334,0.0206547,0.060110045874565046
standard_NN,10,350,2,131,13.111650819042408,14.630071,-1.5184198672979239,52.44660327616963,58.098614,-5.652010462844039,118.00485737138168,126.28078,-8.275919606157387,209.78641310467853,230.58646,-20.800043194149595,0.0005224422012416,-0.0012813489,0.0018037910732400888,0.0001944206251694,-0.0014743534,0.0016687739935634768
standard_NN,10,350,2,132,3.0906422179031225,3.700585,-0.6099426705551294,12.36256887161249,13.148096,-0.7855272129822364,27.815779961128108,28.300251,-0.4844710459519703,49.45027548644996,50.28048,-0.830203944702383,0.0122814366683881,0.017532468,-0.005251031173713951,0.005540147182967,0.008361756,-0.0028216086873156503
standard_NN,10,350,2,133,14.026593036231542,13.638154,0.3884390063853509,56.10637214492617,55.13073,0.9756424696332004,126.23933732608388,115.53926,10.700076461826072,224.42548857970468,214.99132,9.43417083068124,7.501022966497949e-06,0.008399451,-0.008391950128523713,2.464121109239653e-06,0.0043334225,-0.004330958398157366
standard_NN,10,350,2,134,8.24463773501718,7.99141,0.25322795642220974,32.97855094006872,32.03161,0.946942358525753,74.20173961515462,70.36363,3.8381074130061847,131.9142037602749,130.81538,1.0988198491420746,0.0006111043165311,0.0026547685,-0.002043664210023008,0.0002543370434921,0.0012669669,-0.0010126298796478894
standard_NN,10,350,2,135,27.82904718475065,27.412163,0.4168844039889308,111.31618873900258,108.60546,2.710727618397115,250.46142466275572,248.03612,2.4253071090447804,445.2647549560104,441.91138,3.3533780028853926,0.0001197568222336,-0.0014215837,0.0015413405222273891,5.5659446316274334e-05,-0.00011190851,0.00016756795268549256
standard_NN,10,350,2,136,4.898991040150561,5.3395715,-0.44058043583210527,19.595964160602243,20.035822,-0.43985775407060856,44.09091936135505,45.67395,-1.5830308339574515,78.38385664240897,74.30493,4.078925001783972,0.0089140784551873,8.748478e-05,0.008826593672334602,0.005290892962084,0.0006148458,0.0046760471860848715
standard_NN,10,350,2,137,4.566342687557527,4.825045,-0.258702421237639,18.265370750230108,18.825558,-0.5601869585101262,41.09708418801775,42.142757,-1.0456732277537313,73.06148300092043,71.884705,1.1767784110766826,0.0025472347813401,0.004063799,-0.0015165642646398766,0.0013051014989528,0.0021642298,-0.0008591282516804397
standard_NN,10,350,2,138,7.404395539731026,6.9139686,0.49042697665119217,29.617582158924105,26.593172,3.024410085559847,66.63955985757923,61.661434,4.978125683995245,118.47032863569642,110.93357,7.536757773880012,0.0007798959699697,0.003909641,-0.003129744975524475,0.0003743876798453,0.0018599534,-0.0014855657143143747
standard_NN,10,350,2,139,2.5613469639474733,2.547295,0.014051870411096345,10.245387855789891,9.738512,0.5068758166053211,23.05212267552726,24.150593,-1.0984701284278167,40.98155142315957,34.42623,6.555320038882229,0.0889863865616995,0.018914714,0.07007167210609494,0.0432868700469643,0.009393342,0.03389352820765079
standard_NN,10,350,2,140,9.680229981866049,9.2939625,0.38626750322835335,38.72091992746419,37.23317,1.487750371800125,87.12206983679442,85.80074,1.32132673376708,154.88367970985675,157.43774,-2.55406443076825,0.0018134004518107,-0.003415157,0.005228557538957936,0.0009666398149844,-0.001807718,0.0027743577706556507
standard_NN,10,350,2,141,3.049184367930736,3.3399138,-0.29072947713151986,12.196737471722944,11.7497635,0.44697398295341273,27.442659311376627,29.124203,-1.6815434168948578,48.786949886891776,49.085175,-0.2982246736550991,0.0073772398086829,0.026536454,-0.019159213706608315,0.0040681650111863,0.0131693855,-0.009101220481615366
standard_NN,10,350,2,142,13.08631862231328,14.474034,-1.3877156870739267,52.34527448925312,59.73314,-7.387864548832816,117.77686760081954,125.684685,-7.907817152598426,209.38109795701249,224.36461,-14.983510807635952,0.0001830420819045,0.002575911,-0.0023928690339504784,0.000112907994169,0.00092359225,-0.0008106842538312045
standard_NN,10,350,2,143,8.92731951436687,8.02181,0.9055099364249752,35.70927805746748,32.006607,3.7026710018034166,80.34587562930184,74.827515,5.518360980864344,142.83711222986992,136.31244,6.524673265026166,0.0007052229711243,-0.0035782475,0.004283470473570475,0.0003475707251902,-0.0017623896,0.002109960279832341
standard_NN,10,350,2,144,4.044983529092328,4.3834634,-0.3384798536286189,16.17993411636931,17.406511,-1.2265771903933853,36.40485176183096,39.1378,-2.73294654749521,64.71973646547724,69.704834,-4.98509751889776,0.0006149247278255,0.0024194946,-0.0018045698303002342,0.000360343215153,0.0013495471,-0.0009892038478475002
standard_NN,10,350,2,145,9.066507260458769,8.981137,0.08536998476296809,36.26602904183508,37.3868,-1.1207698168074955,81.59856534412891,78.82211,2.7764523070195395,145.0641161673403,146.29355,-1.229432416644073,3.819729896766109e-05,-0.0019738656,0.002012062852704348,1.3156376015703372e-05,-0.001394288,0.0014074444083313749
standard_NN,10,350,2,146,13.42726998780054,13.23251,0.19476037476343144,53.70907995120216,53.103977,0.6051027478330226,120.8454298902049,117.03593,3.8095030713572413,214.83631980480865,214.13025,0.7060707813711531,0.0001249730461307,0.0010247641,-0.0008997911014564206,4.70001011013226e-05,-0.0012025497,0.0012495497700615958
standard_NN,10,350,2,147,6.663668098842473,6.264057,0.3996109394186451,26.654672395369893,24.873999,1.7806737534021195,59.973012889582265,55.089283,4.883729900080311,106.61868958147956,100.16281,6.455878302182683,0.0005821285697384,0.003153936,-0.002571807436390388,0.0002259798641331,0.0019308967,-0.001704916794317265
standard_NN,10,350,2,148,3.391487628496284,3.713344,-0.3218564686411671,13.565950513985136,14.417397,-0.8514460314250201,30.52338865646656,33.95348,-3.4300911103791414,54.26380205594055,58.49704,-4.233237738981323,0.0033447445083038,0.006090287,-0.002745542610846362,0.0016333122197866,0.0031347037,-0.001501391509515091
standard_NN,10,350,2,149,4.954479545156899,4.309458,0.6450217662262352,19.8179181806276,18.571218,1.2466996900270146,44.5903159064121,41.29485,3.295466510660148,79.27167272251039,73.62606,5.645612236670544,0.0009654001765272,-0.003535376,0.0045007761068961,0.00047476928586,-0.0011729806,0.0016477499287375192
standard_NN,10,350,2,150,6.011367773815236,6.03459,-0.023221993640818894,24.045471095260943,24.872292,-0.8268204696804631,54.10230996433713,58.102642,-4.000332094989041,96.18188438104376,105.98792,-9.806038287413273,0.0032401851609279,-0.00024002366,0.0034802088162791513,0.0016135898205019,0.00029960662,0.0013139832027289483
standard_NN,10,350,2,151,4.602912515609323,5.3226786,-0.7197660503696808,18.411650062437293,19.228882,-0.8172317735002075,41.426212640483904,46.640068,-5.213855413715315,73.64660024974917,76.38605,-2.73944711353208,0.0036565600972338,0.015021449,-0.011364888857706042,0.0013548253582353,0.0073139,-0.005959074803299248
standard_NN,10,350,2,152,7.471445561391796,6.617055,0.8543906221217767,29.885782245567185,25.250387,4.635395053794724,67.24301005252617,58.97309,8.269918927037892,119.54312898226874,107.05271,12.490417495452334,0.002408051176181,0.0049293684,-0.002521317208001453,0.0009512165040181,0.0022942745,-0.0013430580086602848
standard_NN,10,350,2,153,4.298680966941013,4.8713264,-0.5726454795921905,17.19472386776405,19.336405,-2.1416809326509885,38.68812870246912,44.956436,-6.268307454757441,68.7788954710562,72.616875,-3.8379792237680164,0.0145250890891151,0.006892641,0.007632448014159637,0.008266752623768,0.0034113,0.004855452609063534
standard_NN,10,350,2,154,9.961519696258648,8.920264,1.0412554521790582,39.84607878503459,36.923687,2.9223918038334205,89.65367726632783,86.36987,3.2838042194528327,159.38431514013837,155.02585,4.358466751466494,0.0005343290450003,-0.000596669,0.0011309980236876758,0.0003047122490164,-0.00024191555,0.0005466277988664913
standard_NN,10,350,2,155,3.802494141193,3.719255,0.08323917064246311,15.209976564772,14.042686,1.1672901023696571,34.222447270737,32.49923,1.723217839584656,60.839906259088,51.815163,9.024743600396597,0.002337667315171,0.0045106844,-0.0021730170893511807,0.000915370152851,0.0027677512,-0.0018523810733506534
standard_NN,10,350,2,156,1.8090587522250845,1.4393907,0.3696680928928091,7.236235008900337,5.640093,1.5961421591688918,16.28152877002576,7.7787213,8.50280743747571,28.94494003560135,17.387794,11.557145540972442,0.12657816747043,0.034172222,0.09240594545218811,0.0627941426076313,0.016972251,0.04582189137119255
standard_NN,10,350,2,157,15.865744505275009,15.390736,0.47500887905430567,63.46297802110004,62.65964,0.8033367552309016,142.7917005474751,132.20172,10.589979356068852,253.8519120844001,235.26253,18.5893846185798,3.720885576926503e-05,0.005348749,-0.005311540137359273,1.4232428834007023e-05,0.0022186274,-0.0022043949420599484
standard_NN,10,350,2,158,8.256042300482644,8.408585,-0.15254229424391852,33.024169201930576,34.32125,-1.2970817135967678,74.30438070434381,76.89565,-2.59127206665228,132.0966768077223,138.69637,-6.599688548723009,0.0052435352965902,0.0031158002,0.0021277350872467666,0.0032711917881521,0.0014363659,0.0018348259034233704
standard_NN,10,350,2,159,12.151822997528502,11.483107,0.668716384369322,48.60729199011401,46.233932,2.3733594949968193,109.36640697775653,99.25293,10.113477290256526,194.42916796045603,185.29343,9.135741446784152,0.0001662571033781,0.0052412488,-0.00507499165326901,6.547810727220494e-05,0.0017875461,-0.0017220679835094838
standard_NN,10,350,2,160,23.54995484428793,22.836966,0.7129892833748457,94.19981937715174,91.42843,2.771390727249397,211.94959359859132,199.85242,12.09717660640382,376.79927750860696,354.39542,22.403861248841338,3.177768661307464e-05,0.0005069273,-0.00047514963086096277,1.107390869344593e-05,0.00073185714,-0.0007207832355803716
standard_NN,10,350,2,161,13.519309641027354,14.317523,-0.798213361597158,54.077238564109415,56.82471,-2.747472281837851,121.6737867692462,119.563576,2.1102110246173,216.3089542564377,223.7501,-7.4411525550857505,0.000249639490009,0.0025390508,-0.00228941127532656,8.066250989349991e-05,0.0009786311,-0.0008979685739600429
standard_NN,10,350,2,162,8.145403208820799,7.361664,0.7837393904614238,32.581612835283195,28.882526,3.699086437578117,73.30862887938719,68.8869,4.421727023918436,130.32645134113278,122.17733,8.149121324042937,0.001292656229479,0.0062474883,-0.00495483208666952,0.0006162321584601,0.0028642428,-0.0022480106057297393
standard_NN,10,350,2,163,2.8729771356231284,2.2904663,0.5825108270293784,11.491908542492514,9.738382,1.7535262030149745,25.85679422060816,17.951077,7.905717713039799,45.96763416997005,38.52861,7.43902394047786,0.0060776574636114,0.07329871,-0.06722105014079686,0.0029435441384797,0.037261963,-0.0343184187521453
standard_NN,10,350,2,164,13.053786585878662,13.667594,-0.6138073701149906,52.21514634351465,55.653942,-3.43879576463965,117.48407927290796,116.945335,0.5387438847243686,208.8605853740586,210.21523,-1.3546398456679754,0.0002198132185227,0.0029528826,-0.0027330693358593857,0.0001222256881609,0.0017413495,-0.0016191237761214936
standard_NN,10,350,2,165,6.914075788258415,6.2828836,0.6311921441544115,27.65630315303365,24.54823,3.108073935504354,62.22668209432573,57.220684,5.00599804281206,110.62521261213465,100.04329,10.581923427564334,0.0145908582400218,0.00355478,0.011036078203810785,0.0077070339814973,0.0018513353,0.005855698697197152
standard_NN,10,350,2,166,4.6890501256039725,4.067498,0.6215519185116873,18.75620050241589,15.884668,2.8715321521961634,42.20145113043576,37.91916,4.282292194888882,75.02480200966356,58.380142,16.644659797749497,0.0072142869950008,0.008046997,-0.0008327097847390568,0.0034188463387068,0.0043026228,-0.0008837764116946967
standard_NN,10,350,2,167,3.661748803522384,3.9777346,-0.3159857622124793,14.646995214089538,15.825146,-1.1781505073460092,32.95573923170146,35.816326,-2.8605869096559644,58.58798085635815,57.116333,1.4716478485456506,0.0112397627006563,0.017277375,-0.006037612162968272,0.0058662779062314,0.008115313,-0.0022490351096468002
standard_NN,10,350,2,168,5.548107903853351,5.079843,0.4682648595723453,22.192431615413405,21.42843,0.7640010581624281,49.932971134680166,49.133793,0.7991782574829003,88.76972646165362,82.46633,6.303394979720025,0.00315308902062,0.003910159,-0.0007570702058869484,0.0015546236145767,0.0025028647,-0.0009482410777834627
standard_NN,10,350,2,169,7.337626590906152,6.965394,0.37223257082558536,29.350506363624607,28.768715,0.5817914588394508,66.03863931815538,67.11206,-1.0734212287196243,117.40202545449844,115.88175,1.5202734403382863,0.0018343693741747,0.004097658,-0.002263288835327997,0.0010001784220899,0.0017145231,-0.0007143446446766601
standard_NN,10,350,2,170,3.783466432271873,3.9077058,-0.12423935157212096,15.133865729087493,14.485422,0.6484435946880787,34.05119789044686,32.01175,2.0394486228687327,60.53546291634997,56.224617,4.31084591195544,0.0175748592387951,0.008743961,0.008830897897116004,0.0083559726236618,0.004290541,0.004065431455359503
standard_NN,10,350,2,171,4.192578830995087,3.8339038,0.35867504147482343,16.77031532398035,15.111042,1.6592733012752703,37.733209478955786,36.603592,1.1296175600104732,67.0812612959214,56.4644,10.616860050804206,0.0034219534842407,0.005581406,-0.0021594524608815418,0.0014748418718889,0.0031726484,-0.0016978065002397058
standard_NN,10,350,2,172,15.907873605759288,17.093082,-1.1852088222192272,63.63149442303715,66.44891,-2.8174191511816034,143.1708624518336,148.8781,-5.707235082346074,254.5259776921486,267.10614,-12.580162444570163,0.0002674286185471,8.354203e-05,0.0001838865898140365,0.000147685965158,0.0001722415,-2.4555538447619063e-05
standard_NN,10,350,2,173,7.529287417626925,6.907108,0.6221795875793177,30.1171496705077,27.718063,2.399086316015513,67.76358675864232,59.04379,8.71979784873021,120.4685986820308,114.89238,5.576218921288614,4.960285739719004e-05,-0.0021836087,0.0022332115681630285,2.936096086046404e-05,-0.0009141484,0.000943509365123424
standard_NN,10,350,2,174,11.221000949597205,10.552067,0.6689341466186889,44.88400379838882,43.49296,1.3910419148438962,100.98900854637483,92.74014,8.248865724109208,179.53601519355527,177.4874,2.048618953320897,8.307858923906641e-05,0.0061982567,-0.006115178152970129,2.8701196128320285e-05,0.0028399508,-0.00281124964851718
standard_NN,10,350,2,175,4.371037361473001,4.4777026,-0.10666525617226252,17.484149445892005,16.975197,0.5089526075130983,39.33933625325701,36.953957,2.385379649253103,69.93659778356802,67.07204,2.864561040403956,0.001474688627582,0.0012203843,0.00025430436414848405,0.0006816434680877,0.00067321083,8.432637659993767e-06
standard_NN,10,350,2,176,2.026161249496456,1.3321834,0.6939778884429892,8.104644997985824,4.2069225,3.8977224668578945,18.235451245468106,6.4263196,11.809131646316494,32.4185799919433,18.385567,14.033013280517515,0.0291277236262833,0.03991906,-0.010791336097332346,0.012815315670536,0.019625852,-0.00681053621394829
standard_NN,10,350,2,177,4.836701571213908,4.1731234,0.6635782115337321,19.34680628485563,14.868341,4.47846483893278,43.53031414092517,37.030884,6.499430351862671,77.38722513942253,58.688835,18.698389995379557,0.0018642519732965,0.018428126,-0.016563874376748704,0.0008726443580653,0.00880587,-0.007933225720438785
standard_NN,10,350,2,178,3.693784680630692,4.1427193,-0.4489345881681359,14.775138722522769,14.768631,0.0065077410774563305,33.24406212567623,33.26621,-0.022146523005410756,59.10055489009107,59.92932,-0.8287663989714318,0.0045680871379539,0.005126456,-0.0005583686607912551,0.0020591419029182,0.0026872458,-0.0006281039372885424
standard_NN,10,350,2,179,39.81207665030063,35.97392,3.8381577355057104,159.24830660120253,143.50038,15.747925131475967,358.3086898527057,329.17224,29.136448641768197,636.9932264048101,573.15326,63.839967127466366,1.279363630514613e-05,0.00054330664,-0.0005305130035785211,3.815542145283997e-06,6.164206e-05,-5.782651628123027e-05
standard_NN,10,350,2,180,12.43003756035442,13.043077,-0.613039908517651,49.72015024141768,53.20476,-3.484611263709276,111.8703380431898,113.96461,-2.0942691955797272,198.8806009656707,212.50969,-13.629088365383978,0.0003894848210113,0.0034984192,-0.003108934366951709,0.0001567755462108,0.001242407,-0.0010856314693140046
standard_NN,10,350,2,181,7.248853975187079,5.9397693,1.3090847071511904,28.99541590074832,24.22627,4.76914522508914,65.23968577668371,51.440845,13.798840287181761,115.98166360299328,100.13474,15.846920866176873,0.0006171102551573,-0.0010342643,0.0016513745914974293,0.0003305792214,-0.0005077006,0.0008382798276492728
standard_NN,10,350,2,182,3.619498467870675,4.052714,-0.43321540313152207,14.4779938714827,16.81527,-2.337275598732143,32.575486210836075,34.788364,-2.212878199564315,57.9119754859308,61.697273,-3.785297768463728,0.0070144320593859,0.047650553,-0.04063612122668969,0.0039648740421015,0.024081497,-0.02011662247972906
standard_NN,10,350,2,183,1.9798873455519888,2.1965966,-0.21670927691505226,7.919549382207957,8.356972,-0.43742235851469946,17.818986109967906,14.988674,2.8303119461495463,31.678197528831827,35.96039,-4.282190654761923,0.0941693071010605,0.039309997,0.05485930998950159,0.0449022569114365,0.01955645,0.02534580718521255
standard_NN,10,350,2,184,5.996641481246384,6.1512656,-0.15462413993891833,23.986565924985538,23.942026,0.04453978667987357,53.96977333121747,52.14605,1.823723831705749,95.94626369994216,90.09774,5.848523526602321,0.0038583919474686,-0.00048197428,0.004340366222785643,0.0019486829404366,0.0005621064,0.001386576564854084
standard_NN,10,350,2,185,13.490853166421708,15.399787,-1.908933782736007,53.96341266568683,61.09492,-7.131508446373715,121.4176784977954,134.2211,-12.803421355720232,215.85365066274733,237.59818,-21.744524386080798,0.0001522279969539,-8.7669054e-05,0.00023989705070913493,0.0001032532258526,0.00014436609,-4.111286177220318e-05
standard_NN,10,350,2,186,2.222323046961649,2.8755932,-0.6532701384631556,8.889292187846598,11.217171,-2.3278785274854332,20.000907422654844,21.488262,-1.4873547538588276,35.55716875138639,46.65036,-11.093191356035483,0.0661146114947023,0.048112005,0.018002606499356227,0.0346657305884439,0.024286786,0.010378944494135997
standard_NN,10,350,2,187,6.834854351201392,6.210126,0.6247284280446541,27.33941740480557,23.382915,3.9565019079793977,61.51368916081253,56.559834,4.953855634201204,109.35766961922228,96.955734,12.40193536629259,0.0294407228688673,0.017109029,0.012331693873830221,0.0162392659874282,0.0078124716,0.008426794392766727
standard_NN,10,350,2,188,5.508561721758829,5.4219146,0.0866471442746981,22.03424688703532,21.575733,0.4585137022208663,49.57705549582946,46.19876,3.3782945095013375,88.13698754814126,83.02529,5.11169610527017,0.0001195430414754,0.00045786804,-0.00033832499673561785,4.625905679853948e-05,0.00030773334,-0.0002614742817605069
standard_NN,10,350,2,189,4.218381743038337,5.139155,-0.9207731680029232,16.873526972153346,16.871153,0.0023740943457291053,37.96543568734502,45.01966,-7.05422526236201,67.49410788861339,71.98286,-4.488748861874896,0.0164462909818377,0.036938243,-0.020491951632431556,0.0087446224236235,0.01821196,-0.009467338368918004
standard_NN,10,350,2,190,6.070715567521796,6.3347325,-0.26401696497942506,24.282862270087183,26.305874,-2.023011600762427,54.63644010769616,59.0886,-4.452160050995246,97.13144908034872,100.15502,-3.0235725871317527,0.0089544369942032,0.003615126,0.005339310980447402,0.0051754306945191,0.002138296,0.0030371347851292467
standard_NN,10,350,2,191,17.113728212773086,20.234735,-3.1210072761185153,68.45491285109235,81.15152,-12.69660692429828,154.0235539149578,176.62828,-22.604726724690636,273.8196514043694,315.74265,-41.922993859302494,0.0001759606813494,0.0019935141,-0.0018175534504052367,8.680755994717004e-05,0.0012378077,-0.001151000119042896
standard_NN,10,350,2,192,16.765377557509378,18.62185,-1.8564715025492156,67.06151023003751,74.994675,-7.933164452579675,150.88839801758442,163.75485,-12.866454277337454,268.24604092015005,290.3415,-22.0954507790687,0.0002322117757241,0.0025761202,-0.00234390842204888,9.308705975010233e-05,0.0008833405,-0.0007902534265752212
standard_NN,10,350,2,193,7.972670060499945,7.1914935,0.7811765492999942,31.89068024199978,27.53183,4.358850408015407,71.75403054449951,65.985016,5.769014675358889,127.56272096799913,116.350945,11.211776448956158,0.0010528434173093,0.005283814,-0.0042309705062880355,0.0003687911527509,0.0021846045,-0.0018158133746778461
standard_NN,10,350,2,194,5.14007728651632,5.273432,-0.13335449143778177,20.56030914606528,20.857086,-0.29677703557534585,46.26069557864688,48.06917,-1.8084763268706965,82.24123658426112,84.72576,-2.484524829313102,0.004602596349982,0.012930753,-0.008328156359525943,0.0017724866497323,0.005931405,-0.004158918235172323
standard_NN,10,350,2,195,4.374222196008239,4.8060713,-0.4318490854248669,17.496888784032954,15.701195,1.7956940208493606,39.36799976407415,41.53775,-2.169750480066476,69.98755513613182,66.17249,3.815062155174786,0.0170992227250879,0.032330547,-0.015231323803013067,0.0076033468275715,0.015801,-0.008197652649934184
standard_NN,10,350,2,196,19.46692364231172,22.827227,-3.3603029964822255,77.86769456924688,89.973465,-12.105770396573433,175.20231278080547,202.13441,-26.93210189204609,311.4707782769875,358.75104,-47.28025932066873,0.000132578219273,0.0018278357,-0.0016952574681631635,4.328241240399081e-05,1.3353215e-05,2.992919755014015e-05
standard_NN,10,350,2,197,17.058624699770295,19.226997,-2.168372675717986,68.23449879908118,76.56545,-8.330953776602414,153.52762229793265,165.23413,-11.706508561442348,272.9379951963247,305.86307,-32.925072430628404,0.0001679906112009,-0.0030312594,0.0031992500138336133,5.574806046646049e-05,-0.0016300607,0.0016858087844492118
standard_NN,10,350,2,198,5.327162086150201,5.4249926,-0.09783047519013088,21.308648344600805,20.936996,0.3716518846398671,47.94445877535181,49.53213,-1.5876724197165473,85.23459337840322,86.08559,-0.8509931694483441,0.0016698855709417,0.0034984217,-0.001828536178158389,0.0007282481236476,0.0020749082,-0.0013466601086687749
standard_NN,10,350,2,199,9.437546265301124,8.670214,0.7673325659603041,37.75018506120449,34.33943,3.410753298509178,84.93791638771012,76.67249,8.265423406753087,151.00074024481796,140.26605,10.734687998724212,0.0005756730315145,0.0026544398,-0.0020787667381707686,0.0003322665445334,0.0013852493,-0.0010529827693649845
standard_NN,10,350,2,200,22.61961912258584,21.496635,1.1229836855741198,90.47847649034335,86.089355,4.389121021593354,203.57657210327253,193.79892,9.77765242553815,361.9139059613735,344.51196,17.401943070748473,0.0001141156187301,0.0005054246,-0.00039130900976979533,6.600799078174634e-05,0.00092704024,-0.0008610322462203284
standard_NN,10,350,2,201,13.668170793570228,16.419758,-2.75158704944735,54.67268317428091,68.40261,-13.729927604527681,123.01353714213204,141.4624,-18.448865201617963,218.69073269712365,256.8959,-38.205171843891975,0.0001222692364372,0.0019281186,-0.0018058494031884089,4.007678039428388e-05,0.0013469172,-0.0013068404604861458
standard_NN,10,350,2,202,11.35580565790681,12.42325,-1.0674445404574477,45.42322263162724,48.99031,-3.5670880373180722,102.20225092116132,102.04812,0.15413232985272884,181.69289052650896,190.70042,-9.007533667826976,0.0005892622234714,-0.00016652787,0.0007557900921855836,0.0003103831629464,0.00045984975,-0.00014946658418424732
standard_NN,10,350,2,203,6.099337131658988,5.9428854,0.15645173279424185,24.39734852663595,24.044785,0.35256398073751427,54.894034184930895,54.08048,0.8135555167180044,97.5893941065438,92.246376,5.343018068946151,0.0008351021352413,0.00096799625,-0.0001328941179250477,0.0004688958253512,0.0010202386,-0.0005513427930152202
standard_NN,10,350,2,204,3.654229721327012,4.122482,-0.46825210164051745,14.61691888530805,16.325882,-1.7089630726997633,32.88806749194311,40.628284,-7.740216962402592,58.4676755412322,64.75697,-6.289297725369366,0.051691310956815,0.01068629,0.041005020506420846,0.026566094994101,0.0053275144,0.021238580621334983
standard_NN,10,350,2,205,7.525671855633088,6.588189,0.9374827305720528,30.10268742253235,25.954313,4.14837414433411,67.73104670069779,61.229576,6.501470589857945,120.4107496901294,109.84174,10.569006220891126,0.0004529241974654,0.0030498817,-0.0025969574657080372,0.0001743365785258,0.0018939135,-0.001719576911240619
standard_NN,10,350,2,206,8.631411966777332,8.168343,0.46306937644530066,34.52564786710933,30.261984,4.263663995649367,77.68270770099598,64.64423,13.038473997382695,138.1025914684373,129.49625,8.606345130546686,0.0001689727022992,0.0023672534,-0.002198280712987341,6.25208944075939e-05,0.0013722897,-0.0013097688330343726
standard_NN,10,350,2,207,5.043821261829542,4.5418167,0.5020045504037611,20.17528504731817,18.156418,2.018867200638482,45.39439135646588,39.8267,5.567693053243225,80.70114018927268,73.11148,7.589659476382053,0.0009724139404781,-0.0016167079,0.002589121827047302,0.0004515290792255,-0.0009040538,0.0013555828781022029
standard_NN,10,350,2,208,23.292217264160296,22.60055,0.6916675662843197,93.1688690566412,90.0467,3.122169532715418,209.62995537744268,205.85963,3.7703209780286215,372.6754762265648,361.00327,11.672210845705422,2.659360101201349e-05,0.002203093,-0.0021764993093373554,1.5124534713654686e-05,0.0008054882,-0.0007903636708011935
standard_NN,10,350,2,209,5.350518837492076,6.1968727,-0.8463538736895648,21.402075349968303,23.566475,-2.164399564582478,48.15466953742869,54.492805,-6.338135943528343,85.60830139987321,91.09373,-5.4854257119431935,0.0025677197588472,0.0063565215,-0.003788801750740565,0.0015007865704566,0.0031756577,-0.0016748711377412321
standard_NN,10,350,2,210,6.07800615537599,6.537084,-0.4590779472546256,24.31202462150396,25.867765,-1.5557408051317836,54.70205539838391,59.68314,-4.9810844026414784,97.24809848601583,105.01312,-7.765024072577916,0.0017510013597737,0.0042511015,-0.0025001001601387815,0.0009906774567312,0.0018657239,-0.0008750464121007921
standard_NN,10,350,2,211,28.743999303092217,30.705675,-1.9616758220298536,114.97599721236888,121.79305,-6.817055460970963,258.69599372783,279.32513,-20.62914054951375,459.90398884947547,490.15613,-30.252139080212032,2.374378387206449e-05,0.0011921377,-0.0011683939315346513,7.698980896502559e-06,0.0011356646,-0.0011279656618919673
standard_NN,10,350,2,212,26.146974126092235,28.800102,-2.6531281077944833,104.58789650436894,115.72713,-11.13923057082637,235.3227671348301,262.84387,-27.521104935482413,418.35158601747577,459.93774,-41.58615812314923,8.424729520175523e-05,0.0023876028,-0.002303355518340134,2.614202680166244e-05,0.0011020544,-0.001075912348422153
standard_NN,10,350,2,213,4.530610226306957,4.3638034,0.166806839618725,18.12244090522783,15.698126,2.4243150659944313,40.77549203676262,38.772503,2.0029891375926994,72.48976362091132,63.65763,8.832132700501163,0.0049127912106859,0.018872987,-0.013960196268285582,0.0025183498720954,0.009279705,-0.00676135478063125
standard_NN,10,350,2,214,5.242396247518047,5.575027,-0.33263074146510707,20.96958499007219,21.398481,-0.4288963789463658,47.18156622766243,52.177383,-4.995817195189133,83.87833996028876,94.99271,-11.11436633853937,0.0698451016483708,0.013185466,0.05665963593999582,0.0398113174750342,0.006156482,0.03365483567257067
standard_NN,10,350,2,215,10.814507831856025,12.398254,-1.5837465626752252,43.2580313274241,50.564045,-7.306013624968479,97.33057048670422,109.18689,-11.856319161733282,173.0321253096964,193.65463,-20.622507258662978,0.0005311337135578,-0.0011007692,0.0016319028636286462,0.0001835374468323,-0.0013176793,0.0015012167468052514
standard_NN,10,350,2,216,2.154736485165542,1.9022183,0.2525181433381496,8.618945940662169,7.993,0.6259459101445906,19.39262836648988,14.55196,4.840668375034802,34.475783762648675,36.24952,-1.7737355854958565,0.021262256864581,0.08077076,-0.05950850391003143,0.009969927364687,0.0409678,-0.030997872358461347
standard_NN,10,350,2,217,12.237226870029446,14.572133,-2.334906194240574,48.94890748011778,57.702183,-8.753275289657608,110.13504183026502,121.18293,-11.047888162410757,195.7956299204712,221.47964,-25.68401485491941,0.0002909343505048,0.0028768992,-0.00258596485464342,0.0001496760149094,0.00200309,-0.0018534139755574332
standard_NN,10,350,2,218,19.78464324541212,21.361065,-1.576421665476552,79.13857298164847,84.9088,-5.770225236124972,178.06178920870903,189.1511,-11.089303320587845,316.55429192659386,336.09705,-19.542753971843638,1.275368573239916e-05,0.0023224773,-0.002309723602811779,4.492689823982283e-06,0.00052919437,-0.0005247016772941975
standard_NN,10,350,2,219,13.309044120368792,13.375028,-0.06598353618638342,53.23617648147517,54.70735,-1.471175203095143,119.78139708331916,113.45343,6.327966907537913,212.94470592590068,206.44359,6.50111766906474,4.830784369470663e-05,0.0055428995,-0.005494591638257483,2.6325065316621536e-05,0.0025959308,-0.002569605760602291
standard_NN,10,350,2,220,11.307875009931962,11.09498,0.21289477006379798,45.23150003972785,44.372917,0.8585828644348794,101.77087508938769,96.844315,4.926560514192374,180.9260001589114,173.80266,7.123342077856705,0.0007136289475482,0.005058228,-0.0043445990907032,0.0003676631191477,0.0023017067,-0.00193404358050676
standard_NN,10,350,2,221,9.478256013457584,8.620379,0.8578765655205718,37.913024053830334,34.998653,2.9143706419650997,85.30430412111826,78.436485,6.86781883059092,151.65209621532134,148.41306,3.239040795399461,0.0012844141265474,0.0003053067,0.0009791074362680056,0.0005032768036723,-0.00015405458,0.0006573313818331671
standard_NN,10,350,2,222,13.894999628761749,14.09883,-0.20383059432174733,55.579998515047,56.696205,-1.116206624113154,125.05499665885574,124.13173,0.92326753287918,222.319994060188,225.86726,-3.547269733757304,0.0012969932116305,0.0012274483,6.954486646852556e-05,0.0004428263265568,1.698607e-05,0.0004258402560795127
standard_NN,10,350,2,223,14.447331930863438,16.561962,-2.114630196822109,57.78932772345375,65.296295,-7.506967442561873,130.02598737777095,143.54124,-13.515257129064992,231.157310893815,258.80377,-27.64646107884124,0.0021759700251027,-0.0017926887,0.003968658762726094,0.0009541786954678,-0.0014587211,0.002412899814446956
standard_NN,10,350,2,224,8.981182992244404,9.349069,-0.36788564941819324,35.92473196897762,37.431202,-1.5064699658368355,80.83064693019965,83.06625,-2.2356067319097264,143.69892787591047,149.8974,-6.198472026433279,0.0011296896718485,0.004911704,-0.0037820143170612212,0.0006860938387613,0.0024445462,-0.001758452365299016
standard_NN,10,350,2,225,7.7161672104415935,7.2922344,0.4239327896652263,30.86466884176637,29.305216,1.5594530061950813,69.44550489397436,66.6768,2.7687013051071716,123.4586753670655,124.204735,-0.746059435180598,0.0013026966684824,-0.001899558,0.0032022546715429197,0.0004599777536131,-0.0007480293,0.0012080070815644716
standard_NN,10,350,2,226,4.095482743334061,3.6538515,0.4416312342398223,16.381930973336242,14.871681,1.5102497599573361,36.85934469000655,34.15534,2.704006402653036,65.52772389334497,55.37532,10.152403458774657,0.0056955867479256,-0.00014306785,0.0058386546009852195,0.0033825872859603,-0.00018975334,0.0035723406225593966
standard_NN,10,350,2,227,10.231510924923084,9.598815,0.6326959606286504,40.926043699692336,38.20688,2.719165037582961,92.0835983243078,86.13055,5.953051754483582,163.70417479876934,162.27406,1.4301116884177816,0.0031694054962731,0.0048398925,-0.0016704870028757457,0.0016588547677655,0.0013767103,0.0002821445177231211
standard_NN,10,350,2,228,3.184881272352736,3.5448875,-0.36000627037187316,12.73952508941094,13.707739,-0.9682137869318339,28.663931451174616,30.028145,-1.3642133852511655,50.958100357643765,53.144203,-2.186102828391391,0.0008603869216376,-0.0010253711,0.001885758058712726,0.00043526885331,-0.00029377206,0.0007290409097759686
standard_NN,10,350,2,229,3.8755034178268417,4.183519,-0.3080154687393204,15.502013671307369,16.065674,-0.5636601568176314,34.879530760441575,37.743004,-2.8634730847732683,62.00805468522947,63.492058,-1.4840031150635014,0.0376220106117254,0.01389127,0.02373074022753293,0.0197032850933418,0.0065100384,0.013193246698860857
standard_NN,10,350,2,230,13.096187721050416,15.886443,-2.7902554170721423,52.38475088420167,62.14655,-9.761798340651843,117.86568948945376,136.474,-18.608309533983743,209.53900353680663,246.80472,-37.26571448077149,0.0003686013558441,0.0014108565,-0.0010422551379046245,0.0001383982818233,0.0006548305,-0.0005164321991024388
standard_NN,10,350,2,231,15.49589578357424,16.612797,-1.1169009998730264,61.98358313429696,66.74559,-4.7620070756639805,139.46306205216817,144.3513,-4.888241048417768,247.93433253718783,260.9044,-12.970055890546547,0.0001286864347713,0.007968145,-0.007839458987866163,5.178375834028999e-05,0.0040222453,-0.003970461537005494
standard_NN,10,350,2,232,14.21872832320477,15.466497,-1.2477690980598783,56.87491329281908,60.557846,-3.682932776516857,127.96855490884292,131.24527,-3.2767148665477066,227.49965317127632,239.50853,-12.008876491809616,0.0007436961941599,-9.1109825e-05,0.0008348060191670518,0.0002563180051828,-0.0002647148,0.0005210327973207656
standard_NN,10,350,2,233,6.365380475719864,6.202205,0.16317529459803826,25.461521902879458,22.282242,3.179280081590395,57.288424281478775,54.16418,3.124243525863541,101.84608761151785,92.05139,9.794696009955345,0.0024841150245227,0.004522458,-0.0020383431599877693,0.000903770183122,0.001967265,-0.001063494854697743
standard_NN,10,350,2,234,8.901793449846561,8.039187,0.8626060185111122,35.607173799386246,31.812187,3.794986604562027,80.11614104861906,72.65363,7.462507930943275,142.42869519754498,137.00848,5.420211310826232,0.00046763572442,0.002165373,-0.0016977372246735802,0.0001891601681181,0.0007664092,-0.0005772490436739518
standard_NN,10,350,2,235,3.0916709686905595,3.407166,-0.31549503549034874,12.366683874762238,13.708624,-1.3419400113461606,27.82503871821504,30.320957,-2.49591846562285,49.46673549904895,49.253983,0.2127529551036389,0.0159311102514571,0.0044730417,0.011458068508417015,0.0078598300226219,0.0021759423,0.005683887726459653
standard_NN,10,350,2,236,2.2236122759748773,2.8139348,-0.5903225270341559,8.89444910389951,10.988825,-2.0943757404608423,20.01251048377389,21.606922,-1.5944116658843122,35.57779641559804,37.538956,-1.9611592728785254,0.0235524198564675,0.015419673,0.008132746681847824,0.011216628490543,0.007391242,0.0038253866457995094
standard_NN,10,350,2,237,8.44635258790726,7.055943,1.390409575669711,33.78541035162904,28.926052,4.85935825812318,76.01717329116535,68.38523,7.631942273098943,135.14164140651616,123.301025,11.840616015891158,0.0004594601478973,0.0022021374,-0.0017426772254905136,0.0001758827418416,0.0013967793,-0.001220896578361168
standard_NN,10,350,2,238,5.162931939493839,5.49629,-0.333358267415341,20.651727757975355,23.06843,-2.4167021889240594,46.46638745544455,51.856644,-5.390256221313265,82.60691103190142,90.71252,-8.10560575276655,0.0005143995454245,-0.0016115344,0.002125933935091713,0.0002841226847598,-0.00063247874,0.0009166014238947673
standard_NN,10,350,2,239,3.860819877299951,4.12656,-0.2657403338816895,15.443279509199805,14.671156,0.7721235796343748,34.74737889569956,34.995956,-0.24857752519887555,61.77311803679921,61.843803,-0.07068536896250777,0.0091644046176434,0.021848923,-0.012684517977738338,0.0048632619555952,0.010784214,-0.005920952406906898
standard_NN,10,350,2,240,25.906732600360822,27.81088,-1.90414806064992,103.6269304014433,110.27167,-6.644737079025447,233.16059340324745,251.4229,-18.26230393561974,414.5077216057732,445.0932,-30.585479077820537,1.841717626413301e-05,0.0027828077,-0.0027643905091706855,5.6238899918926426e-06,0.0018239534,-0.0018183294628766643
standard_NN,10,350,2,241,3.311690133209241,4.1080084,-0.7963182514953488,13.246760532836966,15.413736,-2.1669758105468233,29.80521119888318,36.997326,-7.192114698333619,52.98704213134786,59.374573,-6.387530622558387,0.0439182921568043,0.010947206,0.032971086099196176,0.025475870964637,0.005204081,0.020271789894958932
standard_NN,10,350,2,242,1.7554429941860044,1.3643413,0.3911017351833188,7.021771976744017,5.129793,1.8919788096297596,15.798986947674042,9.426708,6.372278726238495,28.08708790697607,13.089272,14.997816361565913,0.0134955252942232,0.016042985,-0.0025474597278448245,0.0063758596227622,0.008023054,-0.0016471947162294423
standard_NN,10,350,2,243,4.334239396506373,4.3558326,-0.021593180245336185,17.33695758602549,16.48689,0.8500667931788115,39.00815456855736,36.50316,2.5049959992214212,69.34783034410196,60.558495,8.789335776230871,0.0046504906813592,0.005816762,-0.0011662711885779813,0.0024048445911112,0.0034257125,-0.001020867873266084
standard_NN,10,350,2,244,2.831194021659799,2.6253304,0.20586357350916407,11.324776086639195,10.714134,0.6106418703306016,25.48074619493819,22.08324,3.3975056859049886,45.29910434655678,38.634537,6.664567603392719,0.0016579272123121,0.005630604,-0.003972676779136779,0.0007943360217938,0.0029114396,-0.0021171036093404717
standard_NN,10,350,2,245,4.158860795694611,3.8199587,0.33890210886599803,16.635443182778445,15.698244,0.9371990879298124,37.42974716125151,35.837757,1.5919900506558093,66.54177273111378,62.756584,3.7851885636333122,0.0013990833619159,0.0040020114,-0.0026029280191737876,0.0006251215055102,0.0020942702,-0.001469148690301787
standard_NN,10,350,2,246,4.81036473360478,5.4726233,-0.6622586146313036,19.24145893441912,21.617851,-2.3763923229050974,43.29328260244303,47.960003,-4.6667202967268935,76.96583573767649,82.84784,-5.8820036177922645,0.0015661768503117,-0.0019885777,0.0035547545067595877,0.0007907790158013,-0.000492975,0.0012837540151620403
standard_NN,10,350,2,247,2.2574082006840026,2.0264254,0.23098283905070183,9.02963280273601,7.794159,1.2354738671891354,20.316673806156025,17.14648,3.170193245853291,36.11853121094404,28.909523,7.2090082006901355,0.0055781559777944,0.009134851,-0.003556695418289432,0.0031235568110924,0.004532582,-0.0014090253154654272
standard_NN,10,350,2,248,7.846664457009283,8.33582,-0.48915574104979864,31.386657828037134,33.83716,-2.4505003750878664,70.61998011308356,74.90622,-4.286239369338318,125.54663131214852,139.01173,-13.465102696640542,0.0090756905137689,-0.00090744434,0.009983134850686151,0.0046720260466103,-0.00052332913,0.005195355176984195
standard_NN,10,350,2,249,28.380762567846283,23.998064,4.382698526708587,113.52305027138512,96.80978,16.713273965232773,255.42686311061647,214.69136,40.735502636983654,454.0922010855405,377.76398,76.32822403475927,4.805989300067394e-06,0.0061962605,-0.0061914544629704405,1.5777557169770771e-06,0.002061508,-0.0020599301417345427
standard_NN,10,350,2,250,6.825494010946028,5.648966,1.176528175374739,27.301976043784112,22.598795,4.703181106650323,61.429446098514255,49.625225,11.804221031375583,109.20790417513643,90.686165,18.521739319179403,0.0002377529422988,0.0006513894,-0.00041363647633671735,9.985320277419948e-05,0.00026722476,-0.0001673715619100157
standard_NN,10,350,2,251,3.952458295443556,3.7967062,0.15575209579755978,15.809833181774223,15.254543,0.5552898773308641,35.57212465899201,34.598495,0.9736291755935724,63.2393327270969,56.617805,6.62152724613987,0.0012538005827487,0.0055159014,-0.004262100789087962,0.0005612408893033,0.0027789178,-0.002217676894567993
standard_NN,10,350,2,252,9.792727195423833,10.3247175,-0.5319903262436476,39.17090878169533,41.229874,-2.058964875531231,88.13454475881449,89.55636,-1.4218135785878587,156.6836351267813,163.67542,-6.991779912281203,0.0001710836195905,0.0016518367,-0.0014807530560012668,9.995541500483102e-05,0.0011957452,-0.001095789778394658
standard_NN,10,350,2,253,3.4345803368084304,4.2335243,-0.7989439857013352,13.738321347233722,15.572313,-1.8339919614820985,30.91122303127588,36.51511,-5.6038869845932595,54.95328538893489,58.845154,-3.891868419658863,0.0026611976873825,0.010383204,-0.007722005938296516,0.0010771851087734,0.005068585,-0.003991399702169012
standard_NN,10,350,2,254,4.052307745554791,3.8460612,0.20624651584898057,16.209230982219164,13.491306,2.717924677287524,36.47076970999312,32.06177,4.408998317170855,64.83692392887666,52.79722,12.039705606122752,0.0093625321958848,0.015418272,-0.0060557402695826535,0.0038074841465917,0.0073803393,-0.003572855170432054
standard_NN,10,350,2,255,3.027187167030083,2.8826194,0.14456778607915544,12.108748668120333,11.354141,0.7546074327687702,27.24468450327075,25.096916,2.147768304540282,48.43499467248133,40.381104,8.05389115685633,0.0055681303165251,0.011740856,-0.006172725556105973,0.0025755250879823,0.0057572336,-0.003181708505630609
standard_NN,10,350,2,256,3.980147406033314,5.0063453,-1.0261978660308948,15.92058962413326,21.203365,-5.282775701794474,35.82132665429983,48.45998,-12.638653356686497,63.68235849653304,87.146255,-23.46389699663102,0.0057564682460349,-0.0019655647,0.007722032921664039,0.0031730371800023,-0.00048130457,0.003654341747076703
standard_NN,10,350,2,257,16.73289790026411,19.596195,-2.863297320683156,66.93159160105644,80.125534,-13.193942456560748,150.59608110237698,172.35765,-21.761569654458953,267.72636640422576,311.88123,-44.15485918171174,0.0002332219427874,0.0007040082,-0.0004707862699913173,9.261965698601845e-05,-0.00010455222,0.00019717187916899265
standard_NN,10,350,2,258,5.36858180945762,5.5602007,-0.19161888176552466,21.47432723783048,21.043352,0.43097511075528416,48.317236285118575,45.18073,3.1365073727650596,85.89730895132192,80.614395,5.282913809720355,0.0004469846464748,-0.00087185105,0.001318835697235397,0.0002364886319732,0.00013910295,9.738568104819255e-05
standard_NN,10,350,2,259,9.44935743069088,9.603693,-0.15433557773197215,37.79742972276352,39.09773,-1.3002990064845292,85.0442168762179,85.3477,-0.30348515014928523,151.18971889105407,156.2235,-5.033776592344367,0.0013726151480967,0.00028225553,0.0010903596228616134,0.000520055893374,-0.0006124469,0.001132502815251563
standard_NN,10,350,2,260,36.69037991599079,32.539352,4.151027498998602,146.76151966396316,129.32817,17.43334888759597,330.21341924391714,297.0245,33.18891362868277,587.0460786558526,518.9965,68.04955765975888,8.439579992652557e-06,0.00024806388,-0.00023962429956057607,2.556230061778608e-06,0.00047237627,-0.0004698200385280905
standard_NN,10,350,2,261,8.777435505594772,9.279574,-0.5021388886313023,35.10974202237909,38.96891,-3.8591681949060685,78.99691955035294,86.35778,-7.360860906190027,140.43896808951635,157.69708,-17.2581144300149,0.0006362908549372,-0.0022989316,0.0029352224461499494,0.0003463602748743,-0.0015047112,0.0018510714995718302
standard_NN,10,350,2,262,6.689441324651211,6.530201,0.1592403663992581,26.757765298604845,25.464561,1.2932038362025011,60.2049719218609,57.63285,2.5721212748882465,107.03106119441938,100.469955,6.561105750083442,0.0011259458063312,-0.00013802102,0.0012639668223589785,0.0004455371934598,0.00019465564,0.0002508815494509102
standard_NN,10,350,2,263,13.137181551136976,12.165342,0.9718392202043589,52.548726204547904,49.185665,3.36306107393267,118.2346339602328,103.39265,14.841987170682017,210.1949048181916,186.14368,24.05122806037909,0.0003282486929789,0.0019207328,-0.0015924840929687207,0.0001391048912676,0.0008156657,-0.0006765608073426462
standard_NN,10,350,2,264,30.61536480815044,25.42926,5.186104554244189,122.46145923260175,102.56463,19.896830631527536,275.5382832733539,233.10919,42.42909137882265,489.845836930407,401.96155,87.88428907884452,3.097522702963724e-06,0.0066990815,-0.006695983987602441,2.0917751936444143e-06,0.003879601,-0.0038775091278256645
standard_NN,10,350,2,265,2.90160137349155,2.905033,-0.0034317380807156184,11.6064054939662,12.792801,-1.1863954093541125,26.114412361423955,25.390476,0.7239361346173148,46.4256219758648,45.282654,1.14296816727105,0.0643182230866209,0.054474737,0.009843485591436954,0.0322949355780003,0.027492585,0.004802350917350998
standard_NN,10,350,2,266,8.297198007439883,8.230153,0.0670449236386137,33.18879202975953,31.855522,1.3332698739978142,74.67478206695897,71.01522,3.659561424869125,132.75516811903813,134.899,-2.143833956157181,0.0024584463830797,0.0039045992,-0.0014461528476567942,0.0012379774599722,0.0015856988,-0.00034772134298324863
standard_NN,10,350,2,267,8.70126624102165,8.643702,0.05756468767692269,34.8050649640866,34.4978,0.3072660444088626,78.31139616919484,77.585335,0.7260613913628049,139.2202598563464,140.54062,-1.320359040137987,0.0019369601165026,0.0035017286,-0.001564768526229305,0.0009498812070567,0.0017741598,-0.000824278635114075
standard_NN,10,350,2,268,4.792720021340485,4.462214,0.33050602826797526,19.17088008536194,15.465986,3.7048938335308854,43.134480192064366,35.24364,7.890839292406163,76.68352034144776,57.88089,18.802630448869635,0.0012232172921167,0.0027645258,-0.0015413085311784165,0.0004758705536272,0.0018199282,-0.0013440576230738688
standard_NN,10,350,2,269,2.702378198376767,2.8870091,-0.18463094545257874,10.809512793507068,11.728437,-0.9189246301989868,24.321403785390903,24.916946,-0.5955426257419099,43.23805117402827,42.946625,0.29142641816889636,0.0020694942609407,0.0035026993,-0.001433205052744598,0.0009212032511435,0.0016450572,-0.0007238539781816753
standard_NN,10,350,2,270,9.319334939519518,11.320591,-2.001256033380873,37.27733975807807,45.109936,-7.832596002419976,83.87401445567566,97.00734,-13.1333250218634,149.10935903231228,177.15723,-28.047867530187716,0.0009879169614187,-0.004015955,0.00500387210409553,0.0003680971261737,-0.0020525071,0.0024206042566028486
standard_NN,10,350,2,271,4.881242485620905,4.6021743,0.27906820354693007,19.52496994248362,17.772207,1.7527626823517828,43.93118237058814,43.239906,0.6912760595529832,78.09987976993447,74.14968,3.950198678625881,0.0128269563999773,0.009956045,0.00287091132372627,0.0059999465093674,0.0049215523,0.001078394249892407
standard_NN,10,350,2,272,14.292671947859512,12.550111,1.7425611309039457,57.17068779143805,52.23129,4.939398881525939,128.6340475307356,114.09283,14.541220687473867,228.6827511657522,207.53218,21.15057037961938,0.0019166611088369,0.00042993348,0.0014867276255901862,0.0007635987457393,-0.0010373386,0.0018009373778982351
standard_NN,10,350,2,273,7.045485155741367,6.6054897,0.43999542490640575,28.181940622965467,25.135664,3.046276636759412,63.40936640167231,59.92999,3.479377540588324,112.72776249186188,103.756905,8.9708578898111,0.0069333251484901,0.006666543,0.0002667821862966111,0.0034854932360715,0.0031472207,0.00033827253136697703
standard_NN,10,350,2,274,4.407115703618412,4.8936834,-0.4865677299143032,17.628462814473647,18.065397,-0.4369344480995956,39.6640413325657,43.621082,-3.957040973342501,70.51385125789459,68.70554,1.8083077398281802,0.0077605530017186,0.0073615024,0.00039905061508901853,0.0045699095600456,0.0036101337,0.0009597759009510277
standard_NN,10,350,2,275,37.214319500872,37.59588,-0.3815591002022174,148.85727800348798,150.3968,-1.5395268060823355,334.928875507848,347.65308,-12.724200664027023,595.4291120139519,602.41364,-6.984523239954342,4.551579734047782e-05,0.0041682534,-0.004122737594640647,1.4270137376649677e-05,0.0018748223,-0.0018605521709327266
standard_NN,10,350,2,276,13.273485211988923,11.931741,1.3417444511857006,53.0939408479557,50.43632,2.6576195894107784,119.46136690790031,110.683815,8.777551905458907,212.3757633918228,207.20363,5.172134851783738,0.0034976892428968,0.001105114,0.002392575240184729,0.0019835584359255,-0.00024519474,0.0022287531725608124
standard_NN,10,350,2,277,3.74602773446589,3.6292577,0.1167700554802944,14.98411093786356,15.199736,-0.21562470361593178,33.714249610193015,36.010956,-2.29670620035386,59.93644375145424,55.589546,4.34689754784096,0.0091952397875411,0.0030814372,0.006113802587233253,0.0046842532596189,0.00226682,0.0024174332051176053
standard_NN,10,350,2,278,12.70223693371022,12.914097,-0.21185989856517118,50.808947734840885,52.507084,-1.6981361579813807,114.320132403392,111.70738,2.612750201243557,203.2357909393636,204.30563,-1.0698426055582786,0.001679330857394,0.0026212381,-0.0009419072625062267,0.0006904056772013,0.00052372145,0.00016668422719284804
standard_NN,10,350,2,279,2.353569305420612,2.6838002,-0.3302309150688898,9.414277221682443,11.317968,-1.9036911468478301,21.182123748785504,21.83881,-0.656686218255512,37.65710888672978,40.913452,-3.2563432617077197,0.0336812896818581,0.045203347,-0.011522057077222786,0.0198131262093373,0.022795325,-0.002982198935788088
standard_NN,10,350,2,280,15.950585933670816,17.310137,-1.3595508613731297,63.80234373468327,67.847725,-4.045381179867512,143.55527340303735,151.4405,-7.885232578407965,255.20937493873308,265.24762,-10.038244690173173,0.0006476521125168,0.002892173,-0.002244520782855114,0.0002960091752008,0.0010411934,-0.0007451842010944685
standard_NN,10,350,2,281,16.470581763807967,18.703966,-2.233384376939103,65.88232705523187,72.78691,-6.904583955510319,148.23523587427172,165.34549,-17.110253627681402,263.5293082209275,295.22284,-31.693531134541274,0.0002146165988067,0.00085880194,-0.000644185342114994,0.0001189184716223,0.00062830315,-0.0005093846827493788
standard_NN,10,350,2,282,16.345825809393947,19.112072,-2.76624618157285,65.38330323757579,76.943825,-11.560521530490618,147.11243228454552,167.8524,-20.739969448852918,261.53321295030315,299.56296,-38.02974481336872,0.0001094458387728,0.0033335062,-0.0032240603356127476,3.5893563928417205e-05,0.0014551122,-0.0014192186800741039
standard_NN,10,350,2,283,3.28954259845544,3.5395508,-0.25000818279456016,13.15817039382176,13.721117,-0.562946625831561,29.605883386098963,29.444958,0.1609256529446661,52.63268157528704,51.5505,1.0821826128846936,0.0320310694199761,0.018750649,0.013280420474406106,0.0173829911004699,0.008977941,0.008405049863079859
standard_NN,10,350,2,284,7.2984879994898435,6.790963,0.5075248265772458,29.19395199795937,25.22105,3.9729017355081986,65.6863919954086,52.912838,12.773554013230864,116.7758079918375,102.06105,14.714757576798434,0.0008456361622578,0.0034555555,-0.002609919369869819,0.0004792154817527,0.0022024575,-0.0017232420337701376
standard_NN,10,350,2,285,9.511313477953488,8.600654,0.910659829577023,38.04525391181395,34.58017,3.465084234079576,85.6018213015814,78.85432,6.747504590155614,152.1810156472558,145.0125,7.168518699013617,0.0086822494139865,0.0055942414,0.0030880079811409084,0.0048897124716222,0.0018808469,0.0030088655539929577
standard_NN,10,350,2,286,2.44650227695198,2.165195,0.28130728870124777,9.78600910780792,8.935616,0.8503935682571395,22.018520492567824,17.185123,4.833397048964308,39.14403643123168,35.044144,4.099892754473871,0.0590871401965537,0.043727886,0.01535925426482343,0.0294644072985578,0.021814616,0.0076497909015346005
standard_NN,10,350,2,287,3.1564528777367995,3.7012143,-0.5447614357702806,12.625811510947198,13.962885,-1.3370733920069036,28.4080758996312,31.137962,-2.729886441677394,50.50324604378879,57.99063,-7.487385059726833,0.0051615459508528,0.033914037,-0.02875249109796388,0.0021126505918158,0.017035887,-0.014923236053501278
standard_NN,10,350,2,288,5.872865552500903,6.2855444,-0.41267884294587454,23.49146221000361,24.008879,-0.517416497882131,52.85578997250813,56.44148,-3.58568875673992,93.96584884001444,102.91325,-8.947404944165243,0.0020969147092439,0.0038850452,-0.0017881304727159677,0.0011344728085061,0.0018118276,-0.0006773548408562852
standard_NN,10,350,2,289,6.899066805394647,6.5011554,0.39791142896032117,27.59626722157859,26.021986,1.5742812138881597,62.09160124855183,59.51987,2.5717304904951916,110.38506888631436,108.68403,1.7010402608260762,0.0057944792830336,0.00017915113,0.005615328151727756,0.0027517948385201,0.00018856526,0.002563229578487908
standard_NN,10,350,2,290,3.057340019729543,3.749443,-0.6921030344696759,12.229360078918171,13.142208,-0.912848020447063,27.516060177565887,28.751335,-1.235274966477082,48.917440315672685,48.77339,0.14404859203987286,0.0098294118997986,0.013343989,-0.0035145770179694016,0.0047039950770803,0.0065605757,-0.0018565806055895777
standard_NN,10,350,2,291,3.746862926135832,3.4992647,0.24759820903378138,14.987451704543329,13.732658,1.25479331831286,33.72176633522249,31.983395,1.738371712419756,59.94980681817332,55.968307,3.981499323056134,0.0321559775290597,0.02774264,0.004413338345061593,0.0174537840527734,0.0136211505,0.0038326335367998322
standard_NN,10,350,2,292,8.343765300853464,7.673951,0.6698141518666478,33.37506120341386,30.240627,3.1344339145954976,75.09388770768119,70.12655,4.967338940591347,133.50024481365543,123.84321,9.657036500667147,0.0023396229938415,0.005174386,-0.0028347628555449537,0.0011108897732691,0.0025582053,-0.0014473155034585765
standard_NN,10,350,2,293,6.912158087400874,7.2870626,-0.3749045575576222,27.648632349603496,29.19554,-1.546907124883809,62.20942278660787,64.54736,-2.337940494642133,110.59452939841398,114.003815,-3.4092852988516427,0.0017664513295426,-0.0004738536,0.0022403049376702837,0.0010284829600375,-0.00040941717,0.0014379001345611964
standard_NN,10,350,2,294,4.809114876478157,4.8111634,-0.0020485489673998103,19.236459505912627,19.798735,-0.5622751590043649,43.28203388830342,47.333023,-4.050989182985646,76.94583802365051,74.683304,2.262534190642697,0.0042279139598742,0.015699893,-0.011471979276286078,0.0022359855189291,0.007684631,-0.005448645288560056
standard_NN,10,350,2,295,13.659789750679543,16.818874,-3.159084608451316,54.63915900271818,65.94022,-11.301064691129476,122.93810775611594,142.52437,-19.586260530016872,218.55663601087272,259.46313,-40.90649875475228,0.0001424359458407,0.0020644758,-0.0019220398438254758,4.659443460052538e-05,0.0012248004,-0.0011782059276511736
standard_NN,10,350,2,296,2.1332323455195263,1.8263535,0.30687879556225095,8.532929382078105,5.790716,2.742213210813457,19.19909110967573,12.364567,6.834524306697215,34.13171752831242,19.91018,14.221538390128828,0.0098364897009382,0.018655334,-0.008818843967055345,0.0044436721080761,0.008635405,-0.004191733342983241
standard_NN,10,350,2,297,3.3799221720017094,3.876738,-0.496815899439941,13.519688688006838,14.35372,-0.8340310232968733,30.41929954801539,34.052654,-3.6333547183420336,54.07875475202735,52.394882,1.683872549878913,0.0082954048157966,0.015932146,-0.007636741644021287,0.0037508425372899,0.007926694,-0.004175851580196577
standard_NN,10,350,2,298,5.026545090163434,4.7228,0.3037453121788145,20.10618036065373,19.343084,0.7630960253265826,45.2389058114709,40.73526,4.503645801705275,80.42472144261494,72.48561,7.939110480700876,0.001243399244433,-0.0019022216,0.00314562083005692,0.000624505923883,0.00010540304,0.0005191028803204536
standard_NN,10,350,2,299,1.8195624528940275,0.57041407,1.2491483865793302,7.278249811576109,4.702463,2.575786661551695,16.37606207604625,1.559872,14.816190044834396,29.11299924630444,13.685249,15.427749917691159,0.2723226777781321,0.10090313,0.1714195467103793,0.1255070194837914,0.051354267,0.07415275278066258
standard_NN,10,350,2,300,1.6465677845908904,0.96426535,0.6823024380637908,6.5862711383635615,4.650923,1.9353483630950068,14.819110061318012,10.275974,4.543135787636372,26.34508455345425,11.793449,14.55163515159878,0.0053661383744736,0.009560415,-0.004194276215467902,0.003018044824529,0.004768158,-0.0017501130189713759
standard_NN,10,350,2,301,16.74379218263693,19.409554,-2.6657613451951008,66.97516873054772,77.39263,-10.417462800213997,150.6941296437324,168.26028,-17.56615478009573,267.9006749221909,299.02524,-31.124563114918487,0.0001430912625076,0.0023860428,-0.0022429515857218083,4.563881016347726e-05,0.0014420928,-0.0013964540099072067
standard_NN,10,350,2,302,7.957546968299408,7.215651,0.7418959329905706,31.83018787319764,29.899319,1.9308691781292815,71.61792271469469,67.23087,4.3870496067845295,127.32075149279054,119.441864,7.87888747911866,0.0006230565533653,-0.0007054838,0.0013285403303481737,0.0003392071044096,8.4461324e-05,0.0002547457802598573
standard_NN,10,350,2,303,6.405124527019185,6.1273503,0.27777419666640224,25.62049810807674,24.873999,0.7464994661089683,57.646120743172666,57.905045,-0.2589238124913962,102.48199243230697,98.37841,4.103582092951498,0.004755179215217,0.00094771344,0.003807465770741915,0.0023638548705741,0.00013341955,0.0022304353156606836
standard_NN,10,350,2,304,3.425345728870783,3.9292269,-0.5038811464343929,13.701382915483132,15.4319725,-1.7305895881789777,30.828111559837044,33.375755,-2.5476437502215497,54.80553166193253,57.054314,-2.248781997735442,0.0034986044855366,0.018666346,-0.0151677411405792,0.0014357858731673,0.009248797,-0.007813010977275586
standard_NN,10,350,2,305,2.917398062455377,3.3924217,-0.47502365995673257,11.669592249821507,12.833746,-1.1641537065993912,26.256582562098394,28.916946,-2.660363849034418,46.67836899928603,46.69375,-0.015379474835064855,0.0084142428281328,0.015024962,-0.006610719075558491,0.0047443954097332,0.0070009558,-0.002256560343295193
standard_NN,10,350,2,306,5.754397997767394,5.3326974,0.42170060625738426,23.017591991069576,17.67227,5.345322169902584,51.78958197990654,43.840057,7.9495246068596686,92.0703679642783,71.84961,20.220758589278304,0.0014149885573399,0.0043253587,-0.0029103701054143975,0.0005086532034373,0.0023519273,-0.001843274134730725
standard_NN,10,350,2,307,10.072462620194765,10.804216,-0.7317537646929306,40.28985048077905,43.632385,-3.3425347731271984,90.65216358175287,95.74984,-5.0976762009619705,161.1594019231162,177.06618,-15.906775445047856,0.0002550996273166,-0.004804074,0.005059173460245734,8.746424448895865e-05,-0.0023153427,0.0024028069036196513
standard_NN,10,350,2,308,3.4834861818181566,3.7399201,-0.2564339574945875,13.933944727272626,13.951324,-0.01737973561799855,31.35137563636341,31.126041,0.22533422400989522,55.735778909090506,51.268425,4.467353921297537,0.002491632809419,0.004129272,-0.0016376391448790196,0.0010508586143555,0.0022453193,-0.0011944606943575784
standard_NN,10,350,2,309,7.393707864071475,7.1570315,0.23667632796917992,29.5748314562859,27.865505,1.70932623778004,66.54337077664327,63.78122,2.762151294221397,118.2993258251436,116.93953,1.359796406198285,0.0015032148082635,0.0014960758,7.13903930844818e-06,0.0005255338881616,0.00089705747,-0.0003715235827039476
standard_NN,10,350,2,310,5.040647502336177,5.333789,-0.29314136942895974,20.162590009344708,21.634071,-1.4714813407529483,45.3658275210256,46.63871,-1.2728825009470555,80.65036003737883,81.05172,-0.4013596281485121,0.0071872319646521,0.0004802668,0.006706965152860293,0.0036463863795841,0.00061497104,0.0030314153406986854
standard_NN,10,350,2,311,4.900127945157423,4.816218,0.08391004583491313,19.60051178062969,18.031006,1.5695059212546916,44.101151506416805,40.37649,3.7246599597859458,78.40204712251877,67.523224,10.878823245565641,0.0134666170299488,0.0046627186,0.008803898406072229,0.0073882484051204,0.002908896,0.004479352448768047
standard_NN,10,350,2,312,9.575764391639913,12.41606,-2.840296056052958,38.30305756655965,51.121857,-12.818799122893473,86.18187952475922,107.02817,-20.84628819985015,153.2122302662386,192.41515,-39.20291560778483,0.000124076545307,-0.0046689287,0.004793005228111108,4.177622430828251e-05,-0.0017448453,0.001786621524289817
standard_NN,10,350,2,313,27.362856253186045,26.304783,1.0580733857544047,109.45142501274418,104.79467,4.6567549077637125,246.2657062786745,239.57648,6.689229227893236,437.8057000509767,423.5542,14.251500832226725,3.5870094095143644e-05,0.004004072,-0.003968201838190881,1.6739638684653904e-05,0.0025471188,-0.0025303791741148
standard_NN,10,350,2,314,4.69416689200374,5.245762,-0.5515949793341504,18.77666756801496,20.47139,-1.6947222024928514,42.24750202803367,50.552536,-8.305033982708515,75.10667027205984,80.05325,-4.946582901768281,0.0047924994317345,0.014934756,-0.010142256430024685,0.0024654522493191,0.007095597,-0.004630144969403005
standard_NN,10,350,2,315,6.178756250881438,6.652797,-0.47404097125601297,24.71502500352576,23.742447,0.9725781041116974,55.60880625793294,57.790592,-2.1817859356705753,98.860100014103,103.28457,-4.424468772518097,0.0114587731610162,0.015151731,-0.0036929575775640263,0.0051586488457611,0.0070889043,-0.0019302554232785308
standard_NN,10,350,2,316,10.537861182235591,13.417648,-2.879787133194096,42.151444728942366,53.374096,-11.222651187805681,94.84075064012032,113.48783,-18.647080475602337,168.60577891576946,206.85202,-38.24624134790241,0.0004307148077118,-0.0037685568,0.004199271559022625,0.0001462191742387,-0.0020578185,0.0022040376373108806
standard_NN,10,350,2,317,12.939376374550164,12.355632,0.583744546242059,51.75750549820065,49.92543,1.832075200349088,116.45438737095148,102.40509,14.04929703892023,207.0300219928026,192.60767,14.422355977177602,4.9357942611402576e-05,0.005964272,-0.005914914247273975,1.6303306754413276e-05,0.0027470642,-0.002730760916758594
standard_NN,10,350,2,318,2.172886514468425,2.6414742,-0.4685877325103349,8.6915460578737,9.841541,-1.1499952324095037,19.555978630215822,22.590649,-3.0346700209072246,34.7661842314948,40.89451,-6.128324130321609,0.0189091823516967,0.010870854,0.008038327981400698,0.0089090327873262,0.005428126,0.003480906705501897
standard_NN,10,350,2,319,8.448452699514577,8.510608,-0.06215501990680927,33.79381079805831,35.01641,-1.222600029578409,76.0360742956312,76.54637,-0.5102971643297423,135.17524319223324,144.12341,-8.94816989370426,0.0012260455321675,-0.0013456474,0.0025716929147174415,0.0005903631740103,-0.00053133245,0.0011216956249291534
standard_NN,10,350,2,320,3.427925651107885,3.422493,0.005432670150853802,13.711702604431542,12.539391,1.1723120404666982,30.851330859970968,29.666832,1.1844988897561244,54.84681041772617,49.57399,5.272820549562105,0.024766817102743,0.021755265,0.003011552030754896,0.0127022602853013,0.010471963,0.0022302969616485556
standard_NN,10,350,2,321,29.097526462261825,26.331636,2.7658900334288177,116.3901058490473,104.8918,11.49830592228949,261.87773816035644,237.4251,24.452643555864256,465.5604233961892,416.27713,49.28329326923608,8.511144075118383e-06,0.002646468,-0.002637956970032729,2.725751783619145e-06,0.0012756764,-0.0012729506672435305
standard_NN,10,350,2,322,7.593919151651635,9.822779,-2.2288595501305917,30.37567660660654,40.078854,-9.703177000571195,68.34527236486471,86.1805,-17.8352238509556,121.50270642642616,159.8145,-38.31179247494103,0.0001911250209663,0.0019835797,-0.0017924546928849135,8.624322031994738e-05,0.00035205288,-0.0002658096640892568
standard_NN,10,350,2,323,8.599959126471477,8.43997,0.1599891099919848,34.39983650588591,33.92942,0.47041603469450166,77.39963213824329,75.658005,1.7416273775011035,137.59934602354363,138.99931,-1.3999673309485559,0.0008660307616892,0.00082087243,4.5158329602583295e-05,0.0004284060834188,0.0007971673,-0.0003687612205531462
standard_NN,10,350,2,324,6.929553255474268,7.148601,-0.21904779967099586,27.71821302189707,27.966867,-0.2486544250023428,62.36597929926842,62.503174,-0.13719452885658256,110.87285208758829,112.71226,-1.8394052976656212,0.0012047397312182,0.0015799996,-0.00037525984324188926,0.0004367115094644,0.0005976722,-0.00016096067825881942
standard_NN,10,350,2,325,6.426156437982037,6.7162585,-0.2901020878663516,25.70462575192815,25.74749,-0.0428641772710705,57.83540794183834,54.52579,3.30961677362545,102.8185030077126,99.83518,2.9833208177711867,0.0064396615284435,-0.00079183275,0.00723149427491571,0.0036335959839936,0.0002640478,0.003369548193442042
standard_NN,10,350,2,326,8.42516544590078,7.454657,0.9705083681114726,33.70066178360312,30.918276,2.782385950473234,75.82648901310701,70.46872,5.3577695306851325,134.80264713441247,124.123436,10.679211160291374,0.0007848245484217,0.0011307445,-0.0003459199172050762,0.0004344438365734,0.0005753002,-0.00014085635309305005
standard_NN,10,350,2,327,4.412935087080895,4.9227343,-0.5097991734781866,17.65174034832358,19.090641,-1.4389006734049339,39.71641578372805,46.170795,-6.454379656945775,70.60696139329433,73.65071,-3.0437496662759855,0.0101735870547631,0.011322932,-0.001149345263089874,0.0047730152429422,0.005683306,-0.0009102908960203077
standard_NN,10,350,2,328,7.5170823389073185,6.5060806,1.0110017114659122,30.06832935562928,25.702995,4.365334055336312,67.65374105016586,55.855534,11.798207450312347,120.2733174225171,105.63231,14.641008462556158,0.0001234324607741,0.0021099052,-0.0019864727784205316,5.293154619055565e-05,0.0010086907,-0.00095575913791192
standard_NN,10,350,2,329,4.07272597176347,4.7240605,-0.6513345636674384,16.29090388705388,18.078667,-1.7877627999578394,36.65453374587123,44.939186,-8.28465235032018,65.16361554821552,74.19091,-9.027294791139951,0.0043887952069441,0.008507774,-0.0041189790045222125,0.0022654600870637,0.0046575274,-0.002392067344781965
standard_NN,10,350,2,330,4.869981394099291,5.0120897,-0.14210833520979094,19.479925576397164,19.68049,-0.20056491737724969,43.82983254689363,47.11018,-3.28034735422942,77.91970230558866,78.79617,-0.8764707901144675,0.0037529335838289,0.016916232,-0.01316329859974673,0.0020964863951937,0.007902959,-0.005806472966478701
standard_NN,10,350,2,331,2.740416792064702,2.6425014,0.09791543784717271,10.961667168258808,11.368633,-0.40696610200486383,24.66375112858232,26.571507,-1.9077553716618212,43.84666867303523,41.764572,2.0820965294805447,0.0027541455695849,0.005298413,-0.0025442673010308207,0.0011736569136816,0.0029303222,-0.0017566652826530005
standard_NN,10,350,2,332,4.689752631874905,4.999107,-0.3093542521277808,18.75901052749962,19.118853,-0.35984208785682625,42.20777368687415,41.42427,0.7835030569913357,75.03604210999848,75.715515,-0.6794730267202738,0.0002595489832989,-0.0036932798,0.003952828793548705,0.0001464727695583,-0.0016401171,0.0017865899147017493
standard_NN,10,350,2,333,8.291061477848935,7.901402,0.38965948123638583,33.16424591139574,31.840338,1.3239081580998402,74.61955330064042,72.31879,2.300766679546669,132.65698364558295,131.20776,1.4492199737079545,0.0012329691118306,0.0035017573,-0.0022687881690704745,0.0004500177181865,0.0016196714,-0.0011696536368151285
standard_NN,10,350,2,334,3.914186503897979,3.5706944,0.34349205733425814,15.656746015591915,14.55171,1.1050358868077357,35.227678535081814,31.54319,3.684488532640408,62.62698406236766,53.929817,8.69716686266063,0.0009288848416438,0.00043472048,0.0004941643603635625,0.0004453038831807,0.0005964086,-0.00015110473263940986
standard_NN,10,350,2,335,25.1328188831624,24.92379,0.20902890513505668,100.53127553264956,98.21311,2.318163655208153,226.19536994846155,227.4183,-1.222934494897828,402.1251021305983,403.83047,-1.7053727229173319,0.0001903026817388,0.0039519356,-0.003761632881497675,0.0001077115960306,0.0027363605,-0.0026286489371323517
standard_NN,10,350,2,336,6.472741479369782,6.449343,0.023398274871491154,25.89096591747913,24.903927,0.9870390681138943,58.25467331432804,58.052834,0.2018397571991315,103.56386366991651,102.22126,1.3426035991157335,0.0021580220898634,0.0049051363,-0.002747114212250133,0.0012516940494875,0.002848296,-0.0015966019110878421
standard_NN,10,350,2,337,2.19318210332456,1.5552993,0.6378828212505856,8.772728413298237,5.536997,3.235731571867573,19.738638929921034,10.46188,9.276759199696425,35.09091365319295,20.65461,14.436303973017168,0.0044848797070244,0.0259404,-0.02145551990993231,0.0022966476773838,0.013056023,-0.01075937536899052
standard_NN,10,350,2,338,3.760549761403825,3.7248778,0.03567192708375666,15.0421990456153,15.075195,-0.03299626688469992,33.84494785263442,33.86315,-0.018203697658549345,60.1687961824612,57.805725,2.3630710848049503,0.0104211646201969,0.0064174104,0.004003754172003349,0.0049680812583918,0.0032965736,0.001671507612025204
standard_NN,10,350,2,339,2.1208016388357214,1.9443569,0.17644472050076043,8.483206555342885,8.130079,0.3531272859337058,19.087214749521493,18.358364,0.7288506442968838,33.93282622137154,26.57035,7.362475574398886,0.0041512323247282,0.005070696,-0.0009194637944908643,0.0022118948623552,0.0025976237,-0.00038572887517372006
standard_NN,10,350,2,340,11.216034534800285,11.265896,-0.049861308705574814,44.86413813920113,46.262268,-1.3981299272051189,100.94431081320252,98.92682,2.01749196554627,179.45655255680452,187.1462,-7.689641901203288,0.0002783640115919,1.4982714e-05,0.00026338129782713376,0.0001038740526446,-0.0008723949,0.0009762689375811115
standard_NN,10,350,2,341,9.523504006513493,9.743189,-0.21968485151873374,38.09401602605397,40.229053,-2.135037471260482,85.71153605862143,86.58252,-0.8709834726285663,152.37606410421589,155.2659,-2.88983555398724,0.0003770117774633,0.00011008426,0.0002669275210149827,0.0001433844429987,-0.0004881726,0.000631557048399605
standard_NN,10,350,2,342,7.993521538074312,7.0718327,0.9216888812139601,31.974086152297247,28.552118,3.421967850905645,71.9416938426688,62.81604,9.125653803606298,127.896344609189,114.9415,12.954846806454626,0.0020092433294752,0.001939315,6.992832985756392e-05,0.0009171361231079,0.0008755367,4.159942146592316e-05
standard_NN,10,350,2,343,7.185916582313517,8.746086,-1.5601695382919516,28.74366632925407,35.532665,-6.788998923431478,64.67324924082166,77.54128,-12.868033412986932,114.97466531701627,143.70201,-28.727345791382163,0.000724750190758,-0.0039140694,0.004638819575094472,0.0003352589269806,-0.0024092256,0.0027444844895679805
standard_NN,10,350,2,344,5.949236483628002,6.731002,-0.7817653703148695,23.796945934512006,26.948378,-3.1514316747409232,53.54312835265202,62.842907,-9.299778599252278,95.18778373804804,112.25603,-17.068243483631647,0.0013048736344554,-0.0013670017,0.0026718753123186998,0.0005244939810539,-0.00010858578,0.0006330797613075339
standard_NN,10,350,2,345,4.286441707300471,4.8042803,-0.517838573766424,17.145766829201882,17.962147,-0.8163799298313208,38.57797536570424,41.148876,-2.5709008244813063,68.58306731680753,73.35343,-4.770364384852627,0.0028437688609027,0.0055431454,-0.002699376490209189,0.0011295705838431,0.0028763274,-0.0017467567892443061
standard_NN,10,350,2,346,8.163261684614895,8.051086,0.11217525883364488,32.65304673845958,31.339344,1.3137027138013764,73.46935516153405,69.76769,3.701662595616085,130.61218695383832,127.3656,3.246586367900818,0.0006425122506983,0.0023880405,-0.0017455282844536584,0.0003663341015629,0.0014712926,-0.001104958475189703
standard_NN,10,350,2,347,12.883432675947349,12.412214,0.47121839677254407,51.53373070378939,50.6826,0.851132589775716,115.95089408352612,111.650795,4.300099100615967,206.13492281515755,205.31725,0.8176773317591142,0.0003697011528619,0.0007873611,-0.0004176599646836153,0.0001240212290362,-0.00071865635,0.0008426775743067741
standard_NN,10,350,2,348,4.100810975148651,3.9059281,0.1948828402304379,16.403243900594603,14.057606,2.3456381571864,36.90729877633785,31.936592,4.970706674287072,65.61297560237841,55.381714,10.231261735190913,0.0051249133027013,0.0022465782,0.002878335078697985,0.0023572391470778,0.0015273985,0.0008298406716319932
standard_NN,10,350,2,349,2.419211174485898,2.493019,-0.0738079295180083,9.676844697943592,9.423618,0.2532263812932012,21.77290057037308,20.4192,1.3536996731562816,38.70737879177437,32.183334,6.52404444118843,0.0054717198955274,0.008368852,-0.002897131721451245,0.0025762914917015,0.003939401,-0.0013631094010032254
standard_NN,10,350,2,350,10.701749523630667,9.412064,1.2896859249978547,42.80699809452268,37.80794,4.999056657755105,96.31574571267602,84.88602,11.429728866972894,171.2279923780907,160.31729,10.910701118325079,0.0003357821321661,0.0044260016,-0.004090219438952732,0.0001657417502941,0.0017270424,-0.0015613006201817287
standard_NN,10,350,2,351,5.433973803652028,6.188134,-0.7541603897683817,21.73589521460812,21.951206,-0.21531099266726983,48.905764232868265,53.50163,-4.595864642864157,86.94358085843245,94.85553,-7.911948926723795,0.0066122651851279,0.014277932,-0.007665667048980548,0.0023796932777824,0.006997716,-0.004618022869670193
standard_NN,10,350,2,352,2.136630823486991,2.291438,-0.15480727923517712,8.546523293947963,8.69849,-0.15196684887430223,19.229677411382923,15.777981,3.4516966069395636,34.186093175791854,34.06096,0.12513431348716608,0.0158240593542591,0.032713152,-0.0168890931139454,0.0072251565747535,0.016346531,-0.009121374414058947
standard_NN,10,350,2,353,10.22038488143885,10.779419,-0.55903406387365,40.8815395257554,43.987503,-3.1059635260024123,91.98346393294966,95.74949,-3.766024897616745,163.5261581030216,178.41034,-14.88418125244715,0.0005267987235059,-0.00070278154,0.0012295802680385268,0.0001789723380297,-0.00076794566,0.0009469179992392237
standard_NN,10,350,2,354,1.9188923441770207,1.4775605,0.44133182400490156,7.675569376708085,6.785612,0.8899572703848424,17.27003109759319,11.19717,6.0728608400248305,30.70227750683234,19.985054,10.717223490719057,0.0641427245157604,0.03637143,0.027771295996273024,0.0363574218060066,0.018217558,0.01813986376479166
standard_NN,10,350,2,355,12.472953922845315,12.947887,-0.47493349780898164,49.89181569138127,52.338722,-2.446906537622638,112.25658530560786,113.67887,-1.4222858491772996,199.56726276552507,203.10654,-3.539274099709303,0.0006398875407585,0.00022567349,0.00041421405288288946,0.0003565750539497,4.3307946e-06,0.00035224425936808044
standard_NN,10,350,2,356,23.06371404912152,23.501081,-0.43736741755328623,92.25485619648607,92.23461,0.020244685255605077,207.57342644209368,210.45099,-2.8775623274375732,369.0194247859443,373.21835,-4.19892848554008,0.0002587365177103,-0.0025164597,0.002775196191353412,0.0001278170349477,-0.0006435638,0.0007713808410270281
standard_NN,10,350,2,357,5.191202419256093,4.8246818,0.36652066037547737,20.76480967702437,19.783466,0.9813433379130423,46.72082177330484,45.66395,1.0568698995255446,83.05923870809748,79.90017,3.159069335538888,0.0029997506386853,0.0022210223,0.0007787283717907213,0.0012198964747667,0.0014316643,-0.00021176786077472718
standard_NN,10,350,2,358,3.14052122039465,3.2206588,-0.0801375587496369,12.5620848815786,13.551176,-0.9890911895883914,28.26469098355185,28.077232,0.18745862271200764,50.2483395263144,49.990387,0.25795256342377826,0.0018825751160689,0.00030726386,0.0015753112513989512,0.0009466412469067,0.00024960717,0.0006970340785358421
standard_NN,10,350,2,359,1.6540475738506275,0.93964434,0.714403237150188,6.616190295402511,4.5814342,2.0347560455245812,14.886428164655651,4.504338,10.382090377027478,26.464761181610044,9.475822,16.988938732879575,0.0461993728288602,0.033506244,0.01269312840785495,0.0243109014885833,0.01679246,0.0075184420751740685
standard_NN,10,350,2,360,2.7895649287222253,2.562317,0.22724803419097528,11.1582597148889,9.255465,1.9027951610558915,25.106084358500027,23.124348,1.981736671732449,44.6330388595556,34.45601,10.177029948422785,0.0087248079923793,0.009198078,-0.0004732699619726024,0.0038664131840396,0.0038470763,1.9336859293587246e-05
standard_NN,10,350,2,361,8.146968797944385,7.8722696,0.27469916751225654,32.58787519177754,31.276072,1.3118036433156277,73.32271918149948,72.58976,0.7329593548393234,130.35150076711017,132.61636,-2.264862758280458,0.0011731766291016,0.0031550555,-0.001981878826761876,0.0005947282754285,0.0015313589,-0.0009366306492658593
standard_NN,10,350,2,362,13.72963166740321,14.0960245,-0.3663928458414194,54.91852666961284,57.35901,-2.440482119449662,123.5666850066289,120.67016,2.896526620398433,219.67410667845127,223.57843,-3.904323497329983,0.000537533282369,0.0016217023,-0.0010841690543372212,0.0002435671379168,0.0005745954,-0.00033102827339130973
standard_NN,10,350,2,363,22.97014234412599,24.096449,-1.1263065541894406,91.88056937650396,95.702576,-3.8220063070897936,206.7312810971339,216.80264,-10.071361725131737,367.5222775060158,381.6947,-14.172424642421674,3.608331315385241e-05,0.004319506,-0.004283422918541561,1.276374887125046e-05,0.0024370893,-0.002424325588164763
standard_NN,10,350,2,364,33.94399390623123,31.757292,2.1867021124079855,135.7759756249249,126.477165,9.298810402756942,305.495945156081,293.66898,11.826969326002882,543.1039024996996,512.16846,30.935445468449643,0.0001051702643172,0.0047539766,-0.004648806330339506,4.906070200792836e-05,0.0033355588,-0.0032864981073320717
standard_NN,10,350,2,365,11.574694418145098,12.145327,-0.5706321962347847,46.29877767258039,50.691944,-4.393166449734061,104.17224976330589,107.39266,-3.2204122850339587,185.1951106903216,194.26543,-9.070315945420589,0.001246911715037,-0.004208968,0.00545587973601259,0.000582441557453,-0.002002783,0.0025852244443008536
standard_NN,10,350,2,366,11.111649989126107,11.635168,-0.5235180864354163,44.44659995650443,47.142807,-2.696207050331509,100.00484990213496,100.03416,-0.029306897181442082,177.7863998260177,177.56769,0.21871183773646408,0.0030103932686571,0.0040633264,-0.0010529331311162592,0.0018462842544907,0.0021270267,-0.00028074241891566263
standard_NN,10,350,2,367,5.112735297639341,5.333086,-0.2203507161546039,20.45094119055737,21.283924,-0.8329829122258339,46.01461767875407,49.942345,-3.9277269867732727,81.80376476222946,83.20539,-1.4016261679463184,0.0041105317156919,0.012770758,-0.008660226294755127,0.0017673698049026,0.006053722,-0.004286352192984296
standard_NN,10,350,2,368,3.534246373168988,3.054831,0.479415345184369,14.136985492675953,10.730677,3.406308841674976,31.808217358520896,25.46952,6.338696789673239,56.54794197070381,44.296608,12.251333999512404,0.011593305426342,0.027572494,-0.015979188573854455,0.0056135265043575,0.013994271,-0.00838074443129714
standard_NN,10,350,2,369,4.658699263837465,5.447621,-0.7889216048453962,18.63479705534986,20.37501,-1.7402124813933035,41.92829337453718,46.033806,-4.105512472630785,74.53918822139944,79.33746,-4.798275157506808,0.005238960458891,0.0012699558,0.003969004688778426,0.0023920016429377,0.0006443345,0.0017476671674278776
standard_NN,10,350,2,370,11.583148866195224,11.244699,0.3384503417201259,46.332595464780894,45.210606,1.1219898434430036,104.248339795757,100.14692,4.101420545268724,185.3303818591236,186.61446,-1.2840743176342073,0.0029823553508093,0.0040688785,-0.0010865231284926296,0.0016667297371465,0.0014108649,0.0002558648614946039
standard_NN,10,350,2,371,2.6455149580159483,2.6854715,-0.039956576713055636,10.582059832063791,12.477112,-1.8950519843424587,23.809634622143538,22.769886,1.0397486052978344,42.32823932825517,43.908936,-1.5806962186198277,0.0170143613615865,0.06958367,-0.052569307943261215,0.0093805202821647,0.03519475,-0.025814230593069906
standard_NN,10,350,2,372,9.749012535703995,7.847624,1.9013887106307532,38.99605014281598,31.777475,7.2185747857603175,87.74111282133596,72.351776,15.389336698289085,155.98420057126393,136.65265,19.331551645482676,9.141732939538696e-06,0.002026861,-0.00201771933492178,3.243150471924133e-06,-6.1570754e-05,6.48139045138194e-05
standard_NN,10,350,2,373,4.939297936506591,5.4779224,-0.5386245030686041,19.757191746026365,21.038132,-1.2809399678408226,44.45368142855933,50.5536,-6.099918882719969,79.02876698410546,83.21307,-4.184306746363291,0.002114203923569,0.012243277,-0.010129073469712459,0.0007737493998735,0.005858979,-0.005085229788032289
standard_NN,10,350,2,374,7.018500883352095,6.97066,0.04784067369633327,28.07400353340838,28.507645,-0.43364111991193255,63.16650795016885,65.374245,-2.2077367397725567,112.29601413363352,115.701195,-3.405180629550074,0.0131405287505453,0.0061942576,0.006946271107471503,0.0066336897636095,0.0027379685,0.003895721302021475
standard_NN,10,350,2,375,22.260983640669348,24.64003,-2.3790462665572143,89.04393456267739,97.43551,-8.391574165349951,200.34885276602407,224.47986,-24.131005632413434,356.1757382507096,391.1291,-34.95335110475912,0.00058135320887,0.0027314373,-0.0021500841203328904,0.0003167682552121,0.0019184202,-0.0016016519403674288
standard_NN,10,350,2,376,12.6267080345084,12.162038,0.46467018508213087,50.5068321380336,48.634018,1.872814193697664,113.6403723105756,102.98275,10.657622371610756,202.0273285521344,190.83638,11.190948547251594,5.963062597727358e-05,0.0041105165,-0.004050885888651852,1.9912099545971687e-05,0.0014783911,-0.0014584790178703505
standard_NN,10,350,2,377,7.544442164024071,6.7987056,0.7457365861737291,30.177768656096283,27.097198,3.0805701697681585,67.89997947621664,60.693962,7.206017379048674,120.71107462438512,109.20818,11.5028913358109,0.0009993773425788,-0.00024886843,0.0012482457684211746,0.0005338276039891,0.00017247969,0.00036134791463502303
standard_NN,10,350,2,378,2.22174795745561,1.8360829,0.3856650221223581,8.88699182982244,8.430586,0.4564059686163855,19.99573161710049,11.968647,8.027084613926661,35.54796731928976,28.745003,6.8029645727077295,0.0117537590207847,0.047274053,-0.035520294075986544,0.0057968016391225,0.023999475,-0.018202673303561675
standard_NN,10,350,2,379,6.8806313221121975,6.8281264,0.052504891600722914,27.52252528844879,28.42039,-0.897863886966249,61.925681899009774,64.2699,-2.344215561927726,110.09010115379516,114.83636,-4.746255962904058,0.002477923105611,0.0012904537,0.0011874693912924264,0.0011302277153225,0.00091305317,0.0002171745464072878
standard_NN,10,350,2,380,1.950991301639846,1.9735079,-0.02251657952470487,7.803965206559384,8.485468,-0.6815027042072179,17.558921714758615,15.88905,1.6698721847293179,31.21586082623753,32.47529,-1.2594275648757502,0.2652438052430529,0.058300044,0.20694376085547395,0.1328213469111404,0.029523233,0.1032981139593801
standard_NN,10,350,2,381,12.472014774530264,13.803002,-1.3309875829526465,49.888059098121055,54.897182,-5.009123366478555,112.24813297077236,118.34094,-6.09280941204014,199.55223639248425,210.87308,-11.320841000093878,0.0017475911916761,0.008020773,-0.006273181407007734,0.0006429509236189,0.0035862948,-0.0029433439043638834
standard_NN,10,350,2,382,6.07435702558408,6.2071624,-0.1328053546344261,24.29742810233632,22.596699,1.7007293413499909,54.66921323025672,51.29784,3.37137311184852,97.18971240934528,92.51171,4.678001288739807,0.000575566861573,0.00281939,-0.0022438231745927142,0.0002174043030753,0.0016453047,-0.0014279004252240794
standard_NN,10,350,2,383,8.952744941107538,8.814817,0.13792751251867053,35.81097976443015,35.79642,0.014558713404760226,80.57470446996784,79.16864,1.4060643332490912,143.2439190577206,145.72157,-2.477653818255959,0.0012894528978122,-0.0033232598,0.004612712661231828,0.0006647072140355,-0.0015394482,0.0022041553737823256
standard_NN,10,350,2,384,3.321862933128952,3.7208714,-0.3990085153878935,13.287451732515809,13.831652,-0.5441999551062615,29.89676639816057,32.894855,-2.998089101107009,53.14980693006324,55.156357,-2.006549881460195,0.0091345300601452,0.022449493,-0.013314963348057925,0.0046316663256239,0.011025158,-0.006393491431479543
standard_NN,10,350,2,385,7.663507105849908,7.064839,0.5986682195889212,30.65402842339964,28.809135,1.8448929863879222,68.97156395264918,63.893337,5.078226702893318,122.61611369359854,112.979576,9.636537582758692,0.0028689954720368,0.0012009457,0.0016680497733806581,0.0016843627789936,0.0007557358,0.000928626989567929
standard_NN,10,350,2,386,23.18838305931266,21.666096,1.5222873256700815,92.75353223725064,86.04693,6.70660383148892,208.695447533814,195.04358,13.65186843225149,371.01412894900255,345.72406,25.290068890408804,4.97774073308724e-05,0.0005011578,-0.0004513803667934221,2.83063006833003e-05,0.0013128252,-0.0012845189460307552
standard_NN,10,350,2,387,4.391115487818064,4.7555914,-0.3644759046990256,17.564461951272257,18.41679,-0.8523280572726648,39.52003939036258,39.039375,0.4806640851867954,70.25784780508903,68.66959,1.588253994053872,0.0011849056479953,-0.0013575366,0.0025424422945327825,0.0006144092041771,-0.00023385728,0.000848266485450331
standard_NN,10,350,2,388,3.348609665301315,3.8509579,-0.5023482051820833,13.39443866120526,14.515318,-1.1208792556648568,30.13748698771184,34.107216,-3.9697288936358177,53.57775464482104,53.30867,0.26908460087572905,0.0017514331099489,0.005755977,-0.004004543663849566,0.0007556508890755,0.0031344036,-0.0023787527215265213
standard_NN,10,350,2,389,4.003939030150839,4.370544,-0.3666049266057527,16.015756120603356,17.912128,-1.8963723278829718,36.03545127135756,42.512302,-6.476851127324082,64.06302448241343,71.92708,-7.864053764656887,0.0047906325620542,0.0040728785,0.0007177540522942966,0.0020189047888626,0.0022956491,-0.00027674435593591723
standard_NN,10,350,2,390,4.172321394699771,4.189432,-0.01711074946526825,16.689285578799083,16.796951,-0.10766571514622925,37.550892552297945,38.15788,-0.6069863234344766,66.75714231519633,65.55607,1.2010738947861768,0.0185906884095657,0.030924633,-0.012333944735766638,0.0093384558077723,0.01521051,-0.005872054423782209
standard_NN,10,350,2,391,3.2311092512039945,3.404615,-0.17350567418052698,12.924437004815978,13.245119,-0.3206820900326548,29.079983260835952,31.435093,-2.3551096651894383,51.69774801926391,47.999474,3.6982744474865683,0.0018812001668996,0.007740323,-0.005859122799228988,0.0008302833059693,0.003769963,-0.0029396797424291947
standard_NN,10,350,2,392,17.061946746455813,19.381527,-2.319580200565671,68.24778698582325,76.92323,-8.675446046403309,153.55752071810232,170.72849,-17.17096438931955,272.991147943293,304.39124,-31.400087408269485,0.0005843964567078,0.0042124037,-0.003628007213245546,0.0002862804951791,0.001822864,-0.0015365835595231223
standard_NN,10,350,2,393,11.390821846645991,10.828261,0.5625604712187453,45.56328738658397,45.771805,-0.2085174229863398,102.51739661981394,101.24255,1.2748429088764368,182.2531495463359,181.25697,0.9961762797343283,0.0003079587942317,-0.0030437754,0.0033517342409446708,0.0002106635431538,-0.0016839852,0.0018946487755293622
standard_NN,10,350,2,394,11.877593698904665,12.146181,-0.26858740766271794,47.51037479561866,48.834038,-1.3236629851430592,106.898343290142,104.57897,2.319371427349026,190.04149918247464,196.37325,-6.3317460567831745,7.433700839591353e-05,0.0048437226,-0.004769385554841039,2.8138746357786715e-05,0.0017244276,-0.001696288819574487
standard_NN,10,350,2,395,15.9045775084573,17.602922,-1.6983449311178962,63.6183100338292,68.6332,-5.014891565291897,143.1411975761157,154.20175,-11.060554132868674,254.4732401353168,271.38205,-16.90880942523009,8.304473068819628e-05,0.00491188,-0.004828835278188127,4.759184450739252e-05,0.0027103443,-0.0026627524253643193
standard_NN,10,350,2,396,5.705486860312443,6.1016016,-0.39611474033452954,22.82194744124977,25.028114,-2.2061668775978873,51.34938174281199,54.70701,-3.3576266190044137,91.28778976499908,95.75291,-4.4651170343173305,0.0129033103232296,-6.2741274e-05,0.012966051596952678,0.0074198264456097,0.00015436337,0.007265463075807687
standard_NN,10,350,2,397,14.021322337124378,17.675146,-3.6538237657808956,56.08528934849751,69.488625,-13.403335224256395,126.1919010341194,153.18378,-26.991875821349353,224.34115739399004,275.86856,-51.52740339702558,0.0020194303772175,-0.00042253773,0.0024419681114838704,0.0010477655170096,-8.291271e-05,0.00113067822634074
standard_NN,10,350,2,398,2.5416947678303097,3.195889,-0.6541942282939579,10.16677907132124,11.059427,-0.8926481900312986,22.87525291047279,27.528889,-4.65363579191979,40.66711628528496,49.029648,-8.362531541863476,0.0173237832254538,0.023746064,-0.006422280707322651,0.007294745375962,0.0111911,-0.003896354506163854
standard_NN,10,350,2,399,10.087561187101244,10.780783,-0.6932215124837171,40.350244748404975,43.67659,-3.326345217415337,90.7880506839112,99.744835,-8.95678421599115,161.4009789936199,181.92159,-20.52060608938791,0.0006188251757838,0.004779462,-0.004160636595465971,0.0002694587426852,0.0013008184,-0.0010313596605662691
standard_NN,10,350,2,400,3.5251992913509334,3.8779225,-0.3527232435916936,14.100797165403732,14.747959,-0.647161971559159,31.7267936221584,33.63885,-1.9120575436130842,56.40318866161493,55.96482,0.43836779979852025,0.0118676329446304,0.021728398,-0.009860765333725199,0.005678566432419,0.010731934,-0.005053367206034483
standard_NN,10,350,2,401,5.131653706318986,5.5018816,-0.3702278931072831,20.526614825275946,21.734987,-1.208372433635187,46.18488335687088,49.524895,-3.3400113574845918,82.10645930110378,83.36055,-1.2540906256540296,0.0028215365585674,0.0024091066,0.00041242997243892687,0.0015179839195243,0.0016756142,-0.0001576302363046529
standard_NN,10,350,2,402,6.7239933116782,6.2975736,0.4264197452414322,26.8959732467128,25.677242,1.2187309676600648,60.5159398051038,58.248497,2.2674427958264545,107.5838929868512,106.54685,1.0370408750347906,0.0021453345610188,0.0016390645,0.0005062700432153099,0.0009250958530255,0.0009602156,-3.511972389888367e-05
standard_NN,10,350,2,403,7.443883455816558,7.3324876,0.11139587265615791,29.77553382326624,29.583698,0.1918355505611622,66.99495110234903,66.23826,0.7566927405326282,119.10213529306492,121.86264,-2.7605050877944564,0.0006688984808327,-0.00092850433,0.001597402815129731,0.0002307007610794,-0.00018293908,0.00041363984323067885
standard_NN,10,350,2,404,13.24383405236694,14.11813,-0.8742956778576687,52.97533620946776,56.529438,-3.5541018093310655,119.19450647130245,123.00027,-3.8057605575061473,211.90134483787105,219.9162,-8.0148538925977,0.0012496031265076,-0.0035010716,0.0047506747211631135,0.0006006001288903,-0.001421159,0.0020217591457900646
standard_NN,10,350,2,405,15.0739806231415,17.018814,-1.9448334637725626,60.295922492566,66.535385,-6.239462639269938,135.6658256082735,147.46628,-11.800452467898367,241.183689970264,268.20544,-27.0217543656735,0.0005756027839364,-0.0010271826,0.0016027853434191532,0.0002927287939649,-0.00045522008,0.0007479488783694729
standard_NN,10,350,2,406,5.541332666019742,4.826843,0.7144898811381504,22.16533066407897,17.108881,5.056449667374867,49.87199399417768,42.923744,6.948249792517522,88.66132265631587,70.531364,18.129958215397906,0.0042377742035613,0.005102376,-0.0008646017843558845,0.0019930162853602,0.0020751823,-8.216598862375527e-05
standard_NN,10,350,2,407,7.813126362029707,7.815104,-0.0019776456912401486,31.25250544811883,32.7397,-1.487194869263984,70.31813725826737,73.01807,-2.6999291479826297,125.01002179247531,130.98846,-5.978442562993436,0.0006352701833627,-0.0018344986,0.002469768785328306,0.0003478241656446,-0.0008149169,0.0011627410809048554
standard_NN,10,350,2,408,17.040054383733615,19.770859,-2.7308043809148224,68.16021753493446,77.44822,-9.288001764381946,153.36048945360253,172.44815,-19.0876611811631,272.64087013973784,306.72318,-34.08230490909028,0.0001559688580704,-0.0018667941,0.0020227629329559473,5.6649850911800906e-05,-0.0016675474,0.0017241972398453998
standard_NN,10,350,2,409,21.027723915675555,24.180061,-3.1523374246564764,84.11089566270222,96.41034,-12.29944369276653,189.24951524108,216.70158,-27.452068621224697,336.4435826508089,384.77527,-48.33168590387862,0.0002019222767886,0.00038325746,-0.00018133518166353531,7.920678583010414e-05,0.00061847165,-0.0005392648617826463
standard_NN,10,350,2,410,4.013049917661316,4.3478065,-0.3347565360435176,16.052199670645262,16.457062,-0.4048620969328631,36.11744925895184,36.90663,-0.789182210774726,64.20879868258105,62.559753,1.6490452646122975,0.0079939804653201,0.030655619,-0.022661638291689407,0.004300733039607,0.015409537,-0.01110880362011056
standard_NN,10,350,2,411,29.25139495170068,27.432098,1.8192965630288036,117.00557980680271,108.35176,8.653818942544902,263.2625545653061,252.21635,11.04620019518893,468.0223192272109,437.2164,30.80591908072654,2.1605208344533897e-05,0.0021844297,-0.002162824463270828,1.511103039440526e-05,0.0022793883,-0.0022642772222513257
standard_NN,10,350,2,412,6.231982721210787,5.7356677,0.4963150156748979,24.927930884843143,20.088982,4.838949256425174,56.08784449089708,43.17856,12.909286141287708,99.71172353937258,78.07611,21.635612699528835,0.0004838403459334,0.0016150331,-0.0011311927898159995,0.0001708146381893,0.0016133566,-0.00144254200051047
standard_NN,10,350,2,413,20.30416014568943,21.525616,-1.221455546449242,81.21664058275772,87.58137,-6.364726909918062,182.7374413112049,190.44635,-7.70890878645136,324.8665623310309,338.88287,-14.016311204125373,0.0001555644141844,-0.0021499963,0.0023055607619097912,5.183607571379122e-05,-0.0010352217,0.0010870578116606252
standard_NN,10,350,2,414,3.991235087045202,4.8578334,-0.8665982984223275,15.964940348180804,16.173548,-0.2086073965701729,35.92111578340681,40.93381,-5.012695404337329,63.85976139272322,70.272156,-6.412394368995528,0.0106668275453801,0.029416744,-0.01874991612055351,0.0041595206675923,0.014285644,-0.010126122917433963
standard_NN,10,350,2,415,3.762099285859775,4.314267,-0.5521678726485257,15.0483971434391,15.384676,-0.33627883617515764,33.858893572737976,37.103626,-3.244732678482727,60.1935885737564,59.781334,0.41225465041655696,0.0243707623426507,0.010701169,0.01366959308280449,0.0123444705483083,0.0051690578,0.007175412795371221
standard_NN,10,350,2,416,6.396507538299827,6.510595,-0.11408730651828858,25.586030153199307,26.39682,-0.8107899151600684,57.56856784469844,57.393764,0.1748033488488332,102.34412061279724,103.08354,-0.7394212573199468,0.001023794217149,-0.0007955422,0.001819336421435903,0.0004344804456207,8.5787295e-05,0.0003486931509553485
standard_NN,10,350,2,417,24.908560761138546,25.159725,-0.2511644280704388,99.63424304455418,100.29303,-0.6587867406020678,224.1770468502469,230.47075,-6.2937020511202775,398.53697217821673,399.564,-1.027023183111396,2.7152195966694383e-05,0.0061374903,-0.0061103380765552785,1.5638908897241834e-05,0.00331228,-0.003296641027028957
standard_NN,10,350,2,418,3.622819326203278,3.7344875,-0.11166820736605798,14.491277304813112,15.150097,-0.658819588497435,32.605373935829505,36.463867,-3.8584932516704953,57.96510921925245,54.937088,3.028021206557135,0.0032581506491461,0.003940275,-0.0006821242897949017,0.0019707628195269,0.0025391784,-0.0005684155370013822
standard_NN,10,350,2,419,5.823496162508097,5.222201,0.6012952919941812,23.29398465003239,21.474188,1.8197967990802404,52.41146546257288,50.412846,1.998619851000612,93.17593860012956,90.01574,3.1601991592115866,0.0003374277845345,-0.0033902926,0.0037277204215846516,0.0001762236527486,-0.0012273159,0.0014035395172743354
standard_NN,10,350,2,420,13.442647356529804,13.100786,0.3418611474233586,53.770589426119216,52.925655,0.8449340611289813,120.98382620876824,116.436264,4.547562170682298,215.0823577044769,208.30254,6.779821693734704,0.000173101544734,0.0009095036,-0.000736402062811048,9.474766856658512e-05,0.0012299704,-0.001135222698127448
standard_NN,10,350,2,421,13.20282695903578,14.64015,-1.4373231111546492,52.81130783614312,57.887417,-5.076109003456487,118.82544263132203,125.91303,-7.087589900416248,211.2452313445725,221.94026,-10.695030496247824,0.0004074747434155,0.00217127,-0.0017637953402205454,0.0001945881127969,0.00068659533,-0.0004920072200118926
standard_NN,10,350,2,422,12.4082680968916,12.637506,-0.229237434419435,49.6330723875664,51.163345,-1.530272949347662,111.6744128720244,108.57241,3.102002288528311,198.5322895502656,195.35208,3.1802082514374774,5.550270640361247e-05,0.0010748781,-0.0010193754432622796,2.9073950366307377e-05,0.00073590863,-0.0007068346799377312
standard_NN,10,350,2,423,15.657620587848484,18.07625,-2.418629488445461,62.63048235139394,72.138756,-9.508273446945907,140.91858529063637,157.06546,-16.146874914441753,250.5219294055757,282.43137,-31.909436561221185,0.0004056509514723,0.0034885064,-0.0030828554718371455,0.0001948710923974,0.0018832076,-0.0016883364951278486
standard_NN,10,350,2,424,30.369378416441368,27.63199,2.73738798370211,121.47751366576549,111.44578,10.03173577269908,273.3244057479723,250.06815,23.256259996019196,485.9100546630619,438.7142,47.19585178220251,0.0001736481748859,-0.00026883924,0.0004424874163570416,8.197315548142494e-05,0.00049909565,-0.0004171224958396882
standard_NN,10,350,2,425,18.40985773802792,18.215382,0.19447611571346712,73.63943095211167,72.10198,1.537448835412448,165.68871964225127,160.32344,5.365279090493459,294.55772380844667,286.08563,8.472091484227917,0.0012131926510766,0.0039794846,-0.0027662918995782883,0.0007046677832091,0.0024139965,-0.0017093287120973919
standard_NN,10,350,2,426,7.962514534245007,7.6671944,0.29532016778992887,31.850058136980028,30.558445,1.2916131601733873,71.66263080820507,70.603195,1.059435617775378,127.40023254792013,129.78488,-2.384649043876749,0.0021292008821284,0.0030034473,-0.0008742464344585711,0.0008820786195463,0.0014058141,-0.0005237354609528126
standard_NN,10,350,2,427,4.93945710779292,4.8264766,0.11298053384882856,19.75782843117168,18.290648,1.4671809244578142,44.45511397013629,44.60965,-0.15453568806683649,79.03131372468673,71.45319,7.578120060135944,0.0040634340343154,0.012559965,-0.008496531218560883,0.0017823490318078,0.006285852,-0.004503502789495567
standard_NN,10,350,2,428,5.406593487330929,5.636778,-0.23018439047668782,21.62637394932372,20.876554,0.7498194601879788,48.65934138597837,49.10518,-0.44583744702944017,86.50549579729487,86.44455,0.06094623674799493,0.0452556505234549,0.016930498,0.02832515234068131,0.0249833880349037,0.0080500115,0.016933376563989813
standard_NN,10,350,2,429,5.032734798598193,5.0961356,-0.06340081770429684,20.130939194392774,19.412138,0.7188012091632814,45.29461318738374,44.537403,0.7572100806942856,80.5237567775711,74.2855,6.238257204817188,0.0527325291980679,0.008518853,0.044213675973253964,0.0280424458243544,0.004590178,0.023452267915814628
standard_NN,10,350,2,430,2.2921031718585905,2.800932,-0.5088287586834017,9.168412687434362,12.0584755,-2.8900628069504037,20.628928546727312,28.608574,-7.979645366846906,36.67365074973745,46.86463,-10.190980903094584,0.000827930204897,0.003747568,-0.0029196377952110035,0.0004397163492773,0.0023199986,-0.001880282224234539
standard_NN,10,350,2,431,8.012834254898625,6.1812167,1.8316175381322672,32.0513370195945,23.39677,8.654566542299577,72.11550829408762,50.416435,21.6990730523884,128.205348078378,94.42179,33.78355700171784,8.43507535088772e-05,0.0016228292,-0.0015384784835126286,3.136059652294892e-05,0.0008961315,-0.0008647709068727873
standard_NN,10,350,2,432,4.87041750536382,5.4942875,-0.6238699854809067,19.48167002145528,21.738478,-2.2568076854539,43.833757548274384,51.780273,-7.946515889225616,77.92668008582112,83.26229,-5.335610868768725,0.0022401708723474,0.006558289,-0.004318117947740509,0.0011450869957384,0.0034862715,-0.002341184486222612
standard_NN,10,350,2,433,7.615479703964523,7.4209895,0.194490190567306,30.46191881585809,29.378847,1.0830716936657083,68.5393173356807,65.056885,3.482432570055707,121.84767526343236,118.54912,3.298557221440177,0.0049301660602497,0.0031290068,0.0018011592311369317,0.0029673878912868,0.0018590816,0.0011083063314722874
standard_NN,10,350,2,434,7.830061576607795,8.019793,-0.1897309801549003,31.32024630643118,29.796103,1.524143782627469,70.47055418947016,66.06415,4.406406240251414,125.28098522572472,123.92938,1.35160290150597,0.0003260114475939,0.00093037315,-0.0006043617018644189,0.0001169534807633,0.0007066914,-0.0005897379305605454
standard_NN,10,350,2,435,10.577914324117138,9.8943,0.6836138633017086,42.31165729646855,41.80098,0.5106776822107406,95.20122891705424,90.14553,5.055698216370644,169.2466291858742,165.83858,3.4080519153664,0.0028044481142366,0.0012343518,0.0015700963404902883,0.0015324955834848,0.00042185924,0.0011106363468178673
standard_NN,10,350,2,436,13.967727128471353,15.883937,-1.9162097535476903,55.87090851388541,62.76811,-6.897199854034511,125.70954415624216,139.051,-13.341450716804715,223.4836340555416,246.48087,-22.99723142297404,0.0005507475492208,-0.0003238711,0.0008746186416259702,0.0002665142823246,-9.756078e-05,0.0003640750659399358
standard_NN,10,350,2,437,16.080892427224747,16.166586,-0.08569349501646428,64.32356970889899,64.75471,-0.43113762752679463,144.7280318450227,138.89104,5.836994857718025,257.29427883559595,246.65666,10.637616848291259,5.1585769511530256e-05,0.004833794,-0.004782208429418734,1.866593633812685e-05,0.0014382222,-0.0014195563071124552
standard_NN,10,350,2,438,10.205851138918396,8.530505,1.6753459585595092,40.823404555673584,34.06127,6.762132888193115,91.85266025026556,79.22423,12.62843234499212,163.2936182226943,143.09654,20.19707586429587,0.0008900654564501,0.0030672266,-0.0021771611583529756,0.0004301743748636,0.0009632929,-0.0005331185246779569
standard_NN,10,350,2,439,2.579492868283253,2.9850483,-0.40555542578412984,10.317971473133012,11.922842,-1.604870552623824,23.21543581454928,27.4604,-4.244963813136266,41.27188589253205,43.196312,-1.9244260581515462,0.0042785846806067,0.011328701,-0.0070501162492734425,0.0029207484083382,0.005490969,-0.0025702205268534313
standard_NN,10,350,2,440,15.295850253234365,15.699657,-0.4038071869511821,61.18340101293745,63.521645,-2.3382435793477043,137.66265227910927,133.11603,4.546624447078017,244.7336040517498,246.15764,-1.4240344980548798,6.571178458610668e-05,0.005956214,-0.005890502136722411,2.358489638227267e-05,0.0030454183,-0.0030218334033523197
standard_NN,10,350,2,441,7.594309143157296,7.9500346,-0.3557254752203898,30.377236572629183,31.432728,-1.05549124109152,68.34878228841566,72.07026,-3.7214768058226184,121.50894629051672,132.09372,-10.584773191905157,0.0010797519905775,-0.0014691985,0.00254895048852108,0.0003824792851575,-0.00068988313,0.001072362419485329
standard_NN,10,350,2,442,6.898629995739067,7.0256653,-0.12703528746405812,27.594519982956268,28.975946,-1.381426443435334,62.0876699616516,63.374866,-1.2871965239441039,110.37807993182508,115.056755,-4.6786751340928845,0.0008214035569459,-0.0030464549,0.0038678584187060395,0.0004513707610513,-0.0011429511,0.0015943218388329177
standard_NN,10,350,2,443,7.777813007403506,7.413906,0.36390690999139697,31.111252029614025,30.147833,0.9634191591306269,70.00031706663157,66.324776,3.6755413708307856,124.4450081184561,122.59995,1.8450554207021952,0.0002737979672987,-0.0030443463,0.00331814431474991,9.723717577735458e-05,-0.0014209066,0.0015181438042593982
standard_NN,10,350,2,444,2.2007365036084017,2.078271,0.12246559143799152,8.802946014433607,9.040865,-0.23791893002440112,19.806628532475614,14.960911,4.845717735356473,35.21178405773443,36.33844,-1.1266558836718232,0.0727254122373275,0.06685863,0.00586678533522407,0.0324434627858249,0.033800203,-0.0013567405673416827
standard_NN,10,350,2,445,1.5685480449592062,0.99463797,0.5739100788032003,6.274192179836825,4.835638,1.4385541335721763,14.116932404632855,7.2747617,6.842170727844525,25.0967687193473,18.266624,6.830144268663705,0.0425297231493675,0.056772932,-0.01424320926087267,0.0267211607510996,0.028681137,-0.001959975916628824
standard_NN,10,350,2,446,6.279253966662661,6.7670836,-0.4878296782042826,25.117015866650643,27.162802,-2.045785875903068,56.51328569996395,62.111374,-5.598088201403236,100.46806346660256,106.3655,-5.8974379372060355,0.0014386584783782,0.0017638645,-0.00032520605839148824,0.0005717533138448,0.0012359665,-0.0006642131404152512
standard_NN,10,350,2,447,11.667032511335082,12.394965,-0.7279326604788832,46.66813004534033,50.519768,-3.851637715890142,105.00329260201572,106.11005,-1.1067537847030309,186.6725201813613,191.0956,-4.423076132115256,3.284845874449921e-05,-0.0054154852,0.005448333699263546,1.11500591916143e-05,-0.0025218173,0.002532967398775846
standard_NN,10,350,2,448,5.106397401966825,5.495829,-0.3894317034103727,20.4255896078673,20.703938,-0.27834792265027986,45.95757661770143,44.063835,1.8937414736584586,81.7023584314692,80.01107,1.6912881800043493,0.0052983523610702,-0.0014961538,0.006794506128290876,0.0028186679489898,-5.3851254e-05,0.002872519203041351
standard_NN,10,350,2,449,7.833954736792751,7.7623477,0.07160703858108075,31.335818947171003,31.07501,0.2608086474883855,70.50559263113476,70.127304,0.378288553986323,125.343275788684,128.33066,-2.9873821703003784,0.0007715231481899,0.001806256,-0.001034732863869848,0.000286712801252,0.0007120598,-0.00042534698622257263
standard_NN,10,350,2,450,9.536844296526269,11.311353,-1.7745084332710945,38.14737718610508,46.46793,-8.320552653982809,85.83159866873642,99.80888,-13.977284998255769,152.5895087444203,179.3262,-26.736693648157825,0.0052137357944636,0.0006928058,0.004520929995273645,0.0031964129327083,0.00070722064,0.0024891922973314293
standard_NN,10,350,2,451,29.347593248471984,25.631117,3.7164763814065545,117.39037299388794,102.08816,15.302215340079343,264.1283392362479,235.09203,29.036313479411945,469.56149197555175,407.4901,62.071379670864246,1.9941814951186552e-05,0.0042588348,-0.004238892941959615,1.0716534372491029e-05,0.0023599358,-0.0023492192466146524
standard_NN,10,350,2,452,7.024433946896661,7.1768713,-0.15243735284699156,28.097735787586643,28.286892,-0.18915614966921623,63.21990552206995,60.77762,2.4422871138668256,112.39094315034656,115.41888,-3.0279334976026604,0.0006015883217477,0.0007981221,-0.00019653376248620984,0.0002761832250864,0.0007320257,-0.00045584248857342296
standard_NN,10,350,2,453,9.42359914975412,9.862896,-0.43929681582205227,37.694396599016486,39.816856,-2.122459785260858,84.8123923477871,90.34314,-5.530747300650404,150.77758639606594,162.99586,-12.21827847209812,0.0002970198177279,-0.003354854,0.0036518737681687837,0.0001501162824136,-0.0016121365,0.0017622527721253018
standard_NN,10,350,2,454,1.3550370193236496,0.820807,0.534230039190593,5.420148077294599,3.6363544,1.7837936308834665,12.195333173912848,2.9425852,9.252747944039191,21.6805923091784,12.739693,8.94089962119012,0.0863990689536571,0.04520378,0.041195290060901585,0.0410992394309355,0.022685394,0.01841384573987257
standard_NN,10,350,2,455,5.821228998938319,6.097154,-0.27592514153409287,23.28491599575328,25.027538,-1.7426223038072663,52.39106099044488,56.943676,-4.552615004428169,93.13966398301312,98.478676,-5.339011859272034,0.0032302407516443,-0.0028153826,0.006045623306771443,0.001322795934052,-0.0011897691,0.0025125650633208247
standard_NN,10,350,2,456,9.625133837918709,11.623908,-1.9987742049890063,38.500535351674834,46.758785,-8.2582498961279,86.62620454126838,97.52395,-10.897744128165215,154.00214140669934,177.43456,-23.4324136470116,0.0004583349412275,0.0018865896,-0.0014282546278121429,0.0001570040989499,0.00088420685,-0.0007272027502004596
standard_NN,10,350,2,457,4.735142021518095,4.480711,0.2544310382417274,18.94056808607238,18.159119,0.7814494337286284,42.61627819366286,41.283375,1.3329034072859045,75.76227234428951,73.79444,1.9678311211449824,0.0007423741963538,0.0027834075,-0.0020410332608190706,0.0004112411618153,0.0016646539,-0.0012534127242942905
standard_NN,10,350,2,458,12.048392902965476,13.41061,-1.362217296009133,48.1935716118619,54.00587,-5.8122992072298985,108.43553612668929,116.70431,-8.268771429463058,192.7742864474476,211.3609,-18.586614431458656,0.0007814990602717,-0.00050619844,0.001287697501415779,0.0003719255023311,-0.0004537174,0.0008256428977615308
standard_NN,10,350,2,459,21.13947754683293,20.007776,1.131701286456952,84.55791018733171,82.67534,1.8825714422145268,190.2552979214964,181.60385,8.651446603137032,338.23164074932686,318.6761,19.555554323545607,0.0001067076321749,0.00035236502,-0.0002456573908159526,6.163865240561377e-05,-9.3851326e-05,0.00015548997820625615
standard_NN,10,350,2,460,4.8769701280652855,4.980944,-0.103974028581443,19.507880512261146,19.669252,-0.1613718833687372,43.892731152587565,42.17137,1.7213596926266277,78.03152204904457,75.239876,2.791646255587537,0.0001906628125155,-0.0034264522,0.0036171149798476725,7.088385859241336e-05,-0.0011602509,0.0012311347188588009
standard_NN,10,350,2,461,2.592798600128094,3.240952,-0.6481534147950017,10.371194400512376,12.608055,-2.2368607142337176,23.33518740115285,26.46492,-3.1297326427924617,41.48477760204951,49.088783,-7.604005662110644,0.0090755145328503,0.021002768,-0.011927253074719394,0.0038401099670633,0.010159548,-0.006319438404966958
standard_NN,10,350,2,462,5.047077164491515,4.673759,0.3733181808794548,20.18830865796606,18.408064,1.7802447694162566,45.423694480423634,44.339355,1.0843390116736344,80.75323463186425,71.572266,9.180969006864245,0.0135994968639527,0.012268417,0.0013310802804146447,0.0065182318301061,0.0060492675,0.0004689643480935901
standard_NN,10,350,2,463,4.555845678326203,4.383285,0.1725606327024236,18.22338271330481,16.513432,1.709951164232546,41.00261110493583,35.4565,5.5461100978557525,72.89353085321925,60.90924,11.984290130562997,0.0012804621025684,0.0005111653,0.0007692968017185748,0.0005698445171372,0.0010081743,-0.0004383297485976513
standard_NN,10,350,2,464,5.0040551643863145,5.4522104,-0.4481552619442519,20.01622065754525,21.865076,-1.8488554075182257,45.03649647947683,47.961533,-2.9250361132966063,80.06488263018103,86.841,-6.776120787787718,0.0032740799087478,0.0009338535,0.002340226406828143,0.001792921318311,0.00086877367,0.0009241476483752371
standard_NN,10,350,2,465,17.331254318865753,16.265072,1.0661824499692685,69.32501727546301,66.44064,2.8843739649161364,155.98128886979177,140.78212,15.199169118815206,277.30006910185205,247.09483,30.205235727828608,0.0002682890698234,-0.0005715023,0.000839791384238229,0.0001486359574875,-0.0006597553,0.0008083912721878055
standard_NN,10,350,2,466,23.66891828777028,24.022556,-0.35363801716136223,94.67567315108111,95.2394,-0.5637296199149802,213.02026458993248,215.82918,-2.808913266512832,378.70269260432445,381.18906,-2.4863637921599206,3.470749587365628e-05,0.007190587,-0.007155879503185067,1.730134464464268e-05,0.0044082287,-0.0043909273321215145
standard_NN,10,350,2,467,8.501309975549521,8.73149,-0.23018015964334992,34.005239902198085,36.29447,-2.2892318385245716,76.5117897799457,80.27476,-3.762967605308205,136.02095960879234,146.06131,-10.040350205660786,0.0011451639476688,-0.0035389327,0.004684096598950157,0.0005537797495862,-0.0014874045,0.0020411842068796507
standard_NN,10,350,2,468,11.469806764163344,11.735717,-0.26591005559983927,45.87922705665337,46.677654,-0.7984272097040517,103.22826087747008,101.81708,1.4111832407513276,183.51690822661348,178.2068,5.310105858449418,0.0004717387290034,0.0018332145,-0.0013614758119624552,0.0002600780237704,0.00084936817,-0.0005892901433393875
standard_NN,10,350,2,469,3.846689483651373,4.596256,-0.7495662956149842,15.386757934605493,15.553499,-0.16674128719626502,34.620205352862364,39.369106,-4.748900939862246,61.54703173842197,67.506966,-5.95993389878506,0.0187798117190261,0.025326854,-0.00654704189899968,0.0100230414065008,0.01218181,-0.0021587686968560383
standard_NN,10,350,2,470,2.589188253216009,2.7718554,-0.18266710109307294,10.356753012864038,11.104788,-0.7480348136740478,23.302694278944088,26.66743,-3.364736598741459,41.42701205145615,43.546944,-2.1199316130946286,0.0023732021398305,0.006510502,-0.004137300053292602,0.0013896212446625,0.003681562,-0.0022919406649534934
standard_NN,10,350,2,471,5.15406776380301,5.400945,-0.24687742281198055,20.61627105521204,19.861853,0.7544184093380153,46.38660987422709,43.22735,3.159261546590372,82.46508422084815,74.64648,7.818607475242686,0.002279303530853,0.0003950196,0.0018842839339447584,0.0010623916237312,0.00097169133,9.070029004240436e-05
standard_NN,10,350,2,472,6.533364890638045,6.6287055,-0.09534061091835166,26.13345956255218,27.023813,-0.8903536851284848,58.8002840157424,58.338528,0.46175633629903956,104.53383825020872,104.251625,0.28221318917356086,0.000526063695466,-0.00031644985,0.0008425135439353468,0.0002858742152763,0.00049121527,-0.00020534105007970422
standard_NN,10,350,2,473,12.793028341790706,13.044088,-0.25106002185675536,51.17211336716282,51.774403,-0.6022892512453808,115.13725507611636,110.38636,4.75089490765933,204.6884534686513,202.37047,2.317985329002852,0.0001420508456987,0.0036409711,-0.0034989203008252527,4.691146235487304e-05,0.0014751443,-0.001428232831735696
standard_NN,10,350,2,474,9.757580841633295,8.782982,0.9745989690747017,39.03032336653319,35.615837,3.41448626936522,87.81822757469968,82.37206,5.446164891594208,156.12129346613276,159.9421,-3.8207994293750573,0.0002016789333795,0.0014206824,-0.001219003479192705,8.415177550027412e-05,0.0003370728,-0.0002529210181268837
standard_NN,10,350,2,475,9.3116812821914,8.842863,0.46881819930565705,37.2467251287656,35.052658,2.1940670477109094,83.8051315397226,80.939995,2.865136727710876,148.9869005150624,149.35364,-0.36673718025011226,0.0018770066558112,-0.00015496364,0.0020319702921163833,0.0007147755018495,-0.00064105156,0.0013558270652838027
standard_NN,10,350,2,476,4.871440727523472,4.295606,0.5758345912014509,19.48576291009389,15.372177,4.113585786070452,43.84296654771125,33.87134,9.971624842388984,77.94305164037556,54.033905,23.909146611078683,0.0077700990431565,-0.00013901893,0.007909117971322979,0.0043934870187507,0.00072825595,0.0036652310660422772
standard_NN,10,350,2,477,4.600168998009698,5.335136,-0.7349669387273625,18.400675992038792,21.19886,-2.798184176418239,41.40152098208728,46.678017,-5.276495680510379,73.60270396815517,82.11281,-8.510104259383894,0.0021523140169207,0.002658493,-0.0005061788686092951,0.0014421525489619,0.0015087867,-6.663414332214765e-05
standard_NN,10,350,2,478,2.7365041701286192,3.0583692,-0.3218649895698671,10.946016680514475,12.047689,-1.1016727573517358,24.628537531157576,25.230156,-0.6016184136666425,43.78406672205791,42.5935,1.190568492077439,0.0058070149575364,0.004516428,0.0012905870866965659,0.002608548026528,0.001984874,0.0006236740071287146
standard_NN,10,350,2,479,13.867832764128174,15.647434,-1.7796014704909666,55.471331056512696,62.6233,-7.151967588506835,124.81049487715356,135.31683,-10.506338618940191,221.8853242260508,242.15413,-20.2688048022695,0.0002829612411815,0.0061177094,-0.005834748205516927,0.0001309241807784,0.0029846055,-0.0028536813159708817
standard_NN,10,350,2,480,9.365056110978236,10.2171135,-0.8520573838948113,37.46022444391295,42.17855,-4.7183262763018945,84.28550499880416,89.22549,-4.939981756566937,149.8408977756518,164.2255,-14.384596609113828,0.0010476305274464,-0.0005781189,0.0016257494230925847,0.000452907289197,-0.0007173981,0.0011703054176692685
standard_NN,10,350,2,481,4.672145588555732,3.7291265,0.9430191351560735,18.688582354222927,14.923981,3.764601641332302,42.04931029700159,34.4046,7.644712060917605,74.75432941689171,61.504005,13.250323984762801,0.0011512595625123,0.0036604928,-0.0025092332693288115,0.0005579646993235,0.0018730892,-0.0013151245340898387
standard_NN,10,350,2,482,18.04491169621069,20.303064,-2.2581526501027867,72.17964678484276,81.432236,-9.252588932930678,162.4042052658962,180.41496,-18.010757502658493,288.71858713937104,322.99402,-34.27543141531646,7.961404994813343e-05,0.004428329,-0.004348714896284662,2.536399801157736e-05,0.0022806202,-0.002255256161569726
standard_NN,10,350,2,483,11.858555658889498,12.57804,-0.7194844640963414,47.434222635558,51.023323,-3.5891004235240302,106.72700093000547,109.347534,-2.620533249682026,189.736890542232,195.2822,-5.545305502689871,5.065161545413394e-05,-0.00075875217,0.0008094037840760018,2.827322056235568e-05,0.00012916853,-0.00010089531245922847
standard_NN,10,350,2,484,4.274572875131773,4.4118657,-0.1372928360803849,17.098291500527093,17.437094,-0.3388022342141177,38.47115587618596,39.36752,-0.8963635024761487,68.39316600210837,67.05055,1.3426136339443104,0.0010266419836355,0.00080595684,0.00022068514824263754,0.0003917176447685,0.00055828167,-0.00016656402183071406
standard_NN,10,350,2,485,18.642704432997824,19.727322,-1.084617191758035,74.5708177319913,79.39883,-4.828008867129796,167.7843398969804,174.27974,-6.4953994829024,298.2832709279652,312.17624,-13.892968085706684,2.2776345948410984e-05,0.0068570254,-0.006834249091108607,7.212722337110209e-06,0.003731135,-0.003723922323772447
standard_NN,10,350,2,486,5.983063624841268,4.838502,1.1445616946044517,23.932254499365072,19.27256,4.659694379736166,53.847572623571416,45.90344,7.944134055456182,95.72901799746028,75.66353,20.065489555077463,0.0011293563503629,0.005901117,-0.004771760527431366,0.0005113188035499,0.0033388187,-0.002827499867631898
standard_NN,10,350,2,487,7.455756711300488,7.0655737,0.39018301897871055,29.82302684520195,27.744696,2.078331181749803,67.10181040170438,59.6312,7.470611518647743,119.2921073808078,112.57322,6.7188880814914,0.0001616645695494,0.00045295205,-0.00029128748245151005,6.92276303175298e-05,0.00023230692,-0.0001630792899072709
standard_NN,10,350,2,488,15.963023585895812,16.104097,-0.1410737804371962,63.852094343583246,63.769615,0.08247917024340268,143.66721227306232,140.78432,2.882895256460756,255.40837737433296,250.97636,4.43201323859077,0.000527439014806,0.0031704046,-0.0026429655684097136,0.0002567121024683,0.00092213077,-0.0006654186675816892
standard_NN,10,350,2,489,9.050123738456378,8.6324835,0.4176402560955381,36.20049495382551,35.966614,0.23388118429426186,81.45111364610742,80.93159,0.5195264268691346,144.80197981530205,153.21288,-8.41089555090889,0.000190123235559,0.00020492688,-1.4803644983188874e-05,8.167704772703131e-05,0.0004007883,-0.00031911124851986985
standard_NN,10,350,2,490,6.024240923737268,5.9236035,0.1006373890387815,24.09696369494907,22.096268,2.000695994753759,54.21816831363542,46.720512,7.497655923498698,96.38785477979629,85.96802,10.419837201671285,0.0002251900884384,-0.0014721163,0.0016973064200082504,8.111090485903164e-05,-4.4957822e-05,0.000126068726814936
standard_NN,10,350,2,491,3.065720658779973,2.8771539,0.1885667853363695,12.262882635119892,9.358797,2.9040855617556343,27.59148592901976,23.318882,4.2726039404943705,49.05153054047957,38.806587,10.244943321241287,0.0095350828270864,0.021118825,-0.011583742474441577,0.0042832921269601,0.0100652,-0.005781907680326163
standard_NN,10,350,2,492,7.968024073862097,7.5136023,0.4544218170871943,31.872096295448387,30.442034,1.4300625277481913,71.71221666475887,67.16175,4.550465871301839,127.48838518179356,121.8184,5.6699876598209045,0.0033646581469745,-0.0014277742,0.004792432348121758,0.0016706080945524,-0.0004889447,0.002159552795471492
standard_NN,10,350,2,493,10.107433286483412,9.441625,0.6658086450649545,40.429733145933646,39.80073,0.6290014869980993,90.9668995783507,88.264946,2.701953594463987,161.71893258373458,166.49573,-4.776794955327915,0.0012127582198013,0.00075079134,0.00046196688013192336,0.0006490456458574,-0.0001029266,0.0007519722444863829
standard_NN,10,350,2,494,16.997503871649254,17.42614,-0.4286359598937146,67.99001548659702,68.127594,-0.13757850754360845,152.9775348448433,152.51794,0.4595905089057908,271.96006194638807,272.7247,-0.7646389813463088,0.0005272895416928,-0.0019613607,0.002488650227220125,0.0002607974185064,-0.00075737096,0.0010181683775424522
standard_NN,10,350,2,495,7.73184203994365,7.3847537,0.3470883358726047,30.9273681597746,29.775097,1.1522712664640515,69.58657835949286,64.985054,4.60152434337958,123.7094726390984,120.00649,3.7029800243523,0.0001029039879054,0.0009678244,-0.0008649204362459312,5.7616094548844535e-05,0.0005618179,-0.0005042018038661845
standard_NN,10,350,2,496,8.2774721584624,7.8708634,0.40660872080981214,33.1098886338496,32.287125,0.8227640000605376,74.4972494261616,69.68904,4.80820828846629,132.4395545353984,129.18172,3.257837616453088,0.0004807379311623,0.0019814186,-0.0015006806486545182,0.0001686017289916,0.0005347893,-0.0003661875584935823
standard_NN,10,350,2,497,5.704889133459517,6.294786,-0.5898968429503952,22.819556533838067,25.618603,-2.7990462188474794,51.34400220113565,56.875557,-5.531554744665129,91.27822613535228,101.8287,-10.55047106923756,0.0025300261310039,0.0022268938,0.0003031323409376577,0.0012861460798805,0.0013008259,-1.467977395156611e-05
standard_NN,10,350,2,498,10.773340529433431,9.355907,1.4174330892478846,43.09336211773373,36.03347,7.059891963925139,96.9600647649009,82.694954,14.265110846443875,172.37344847093493,152.79218,19.58127317796618,0.000697826499233,0.00073322706,-3.540056234041598e-05,0.0002714411497357,-0.00028510913,0.000556550276443239
standard_NN,10,350,2,499,8.851418923480306,7.66502,1.1863989344666344,35.405675693921225,30.150904,5.254771992138998,79.66277031132276,65.16106,14.501713792768072,141.6227027756849,122.80161,18.821089921680993,0.0003208457310582,0.0018655608,-0.0015447150399079126,0.0001443250593749,0.000868003,-0.0007236779411303686
standard_NN,10,350,2,500,6.536964629818418,6.042259,0.49470541350982433,26.147858519273672,23.08953,3.0583275744494536,58.83268166836576,50.2333,8.599382412994665,104.59143407709468,92.097404,12.494029597114206,0.000349084565059,-0.0023616105,0.0027106950968659458,0.0001856378518482,-0.0009246984,0.0011103362782364041
standard_NN,10,350,2,501,37.123406383208525,27.958261,9.165144893340361,148.4936255328341,110.888145,37.60548008605676,334.11065744887674,252.7873,81.32336496840799,593.9745021313364,448.32944,145.64506487547703,5.2788917078620174e-05,-0.0011516147,0.0012044036231105982,2.751713052672088e-05,-0.0007702218,0.0007977389441086048
standard_NN,10,350,2,502,11.468765948749056,11.634743,-0.1659767880673506,45.87506379499622,47.246037,-1.370972734544793,103.2188935387415,101.651695,1.5671982872766534,183.5002551799849,187.26321,-3.762958931343235,1.1167985842777043e-05,-0.00062386313,0.0006350311180476375,6.312840898354442e-06,-0.00093971135,0.0009460241871893601
standard_NN,10,350,2,503,7.746600842449795,7.0951724,0.6514284372068753,30.98640336979918,28.228722,2.757681751146837,69.71940758204816,62.993378,6.726029896501288,123.94561347919672,113.76536,10.180255508005317,0.0004651016052427,0.00012613327,0.0003389683398032791,0.0001686797427585,0.0005124797,-0.0003437999452824121
standard_NN,10,350,2,504,5.813857737183127,5.588415,0.22544259130910316,23.255430948732503,21.689514,1.5659167885762528,52.32471963464815,47.029533,5.295186248417679,93.02172379493004,80.504326,12.517397928230821,0.0006383992138725,-5.2661573e-05,0.0006910607870084925,0.0003789683646119,0.00051700685,-0.00013803848246421799
standard_NN,10,350,2,505,7.558766223228334,7.431079,0.1276873124006972,30.235064892913336,28.85418,1.380885510589117,68.028896009055,67.729836,0.2990604988010972,120.94025957165334,121.04821,-0.10795057238962613,0.0008979711003423,0.0039234445,-0.0030254734426915383,0.0003111290301485,0.002036514,-0.0017253849633680643
standard_NN,10,350,2,506,2.052027990911536,2.2024126,-0.15038461437410833,8.208111963646141,9.448711,-1.2405994316175306,18.46825191820382,21.47948,-3.011228825204384,32.832447854584565,32.406677,0.42577060849081505,0.0088355464550535,0.006156105,0.0026794413725714002,0.0043816524740428,0.0031770861,0.001204566349846151
standard_NN,10,350,2,507,5.4491535196174725,5.766572,-0.3174184789787189,21.79661407846989,22.54735,-0.7507358513396802,49.042381676557255,53.169266,-4.126884070513057,87.18645631387956,92.2426,-5.056143173425127,0.0050243116478958,0.0042418023,0.0007825093838908547,0.0021513013277229,0.0023962748,-0.0002449734959725212
standard_NN,10,350,2,508,11.824797694684513,11.114395,0.7104025530829503,47.29919077873805,45.186844,2.1123469066677387,106.42317925216062,99.950066,6.473113639367654,189.1967631149522,181.53595,7.660813407920955,0.0002660740552655,0.0033589255,-0.003092851404640959,0.0001125498461792,0.00017799172,-6.544187583273869e-05
standard_NN,10,350,2,509,38.47489175071352,33.181995,5.292896358867814,153.89956700285407,132.97502,20.924545640549383,346.2740257564217,303.6827,42.591317016187304,615.5982680114163,528.82367,86.77459857782253,7.688122123916642e-05,0.0005872725,-0.0005103912947469483,2.353435482123847e-05,-0.00082704925,0.0008505836092610096
standard_NN,10,350,2,510,20.16198609182005,20.265638,-0.10365225962037883,80.6479443672802,79.271866,1.376078522553641,181.45787482638048,175.34254,6.115330270716413,322.5917774691208,320.25177,2.3400074495895637,0.0006472006502847,-0.002349102,0.002996302588591985,0.0003365394546811,-0.0013792225,0.001715761947368504
standard_NN,10,350,2,511,7.596354706749549,5.8845377,1.7118170099111705,30.3854188269982,21.922337,8.46308224862906,68.36719236074595,46.011803,22.355389687406102,121.5416753079928,86.749435,34.79223988318812,5.844647627194301e-05,0.0022512535,-0.0021928069870559416,2.0830772031916287e-05,0.0013203704,-0.0012995395845203865
standard_NN,10,350,2,512,38.507649234573634,30.022032,8.485617450516017,154.03059693829454,119.015656,35.01494142071641,346.5688431111627,278.45163,68.11721347249085,616.1223877531781,487.61942,128.50297246997502,6.012825594429279e-06,0.004275308,-0.00426929516501617,3.468645947141803e-06,0.0036831025,-0.0036796339040379095
standard_NN,10,350,2,513,10.211456714067603,8.99117,1.2202867845632088,40.84582685627042,35.337273,5.508554212227452,91.90311042660844,75.275505,16.627605360690467,163.38330742508168,143.76778,19.61553093582387,0.0001312163511134,0.004054677,-0.003923460855909506,6.639760246715507e-05,0.0017715782,-0.0017051806135267857
standard_NN,10,350,2,514,11.395279411136956,11.737228,-0.34194898241773153,45.581117644547824,48.289078,-2.7079601142412386,102.5575147002326,104.803535,-2.2460207611931793,182.3244705781913,191.22339,-8.898918093683704,0.000265773124682,0.001231386,-0.0009656128523254487,0.0001109324342722,0.00024753428,-0.00013660184287820742
standard_NN,10,350,2,515,8.237774894631448,7.5062695,0.7315054396753933,32.95109957852579,29.84847,3.102628890659581,74.13997405168303,67.0682,7.071774893968183,131.80439831410317,121.15355,10.65084911976723,0.000633001030152,0.0003146907,0.0003183103336107801,0.0002769351117803,0.0005459079,-0.0002689727702619292
standard_NN,10,350,2,516,16.60656170031878,14.710193,1.896369019959895,66.42624680127513,58.786922,7.639324346441143,149.45905530286902,130.55646,18.902597783337768,265.7049872051005,231.97202,33.73297182424113,2.397565110033093e-05,-0.00054635754,0.0005703331873231167,1.4565290955339462e-05,-0.00079002685,0.0008045921447477089
standard_NN,10,350,2,517,4.516676120078229,5.1599402,-0.6432641226891054,18.066704480312914,18.404701,-0.3379967525972418,40.65008508070406,45.281483,-4.631397615829144,72.26681792125166,72.23709,0.029726856798532708,0.0046846364608687,0.009832814,-0.005148177874954359,0.0020754051349244,0.004884888,-0.0028094828174331306
standard_NN,10,350,2,518,9.519263440096095,9.707811,-0.18854791549472516,38.07705376038438,40.129868,-2.052813793326557,85.67337096086484,91.280365,-5.606994029369531,152.30821504153752,168.28146,-15.973248581509353,0.0007035759723228,0.0023485618,-0.0016449857988912082,0.0003398238100473,0.0009813429,-0.0006415190523128794
standard_NN,10,350,2,519,16.594036884946302,16.745283,-0.15124624188475266,66.37614753978521,65.411255,0.9648926569727081,149.3463319645167,144.82553,4.520800958657333,265.50459015914083,260.00177,5.502820139609582,0.0003716415850141,-0.0004114019,0.0007830434952557933,0.0001866722447355,-0.0004986025,0.0006852747607533542
standard_NN,10,350,2,520,8.737211694320672,8.546889,0.19032238920592626,34.94884677728269,35.10982,-0.16097454229738872,78.63490524888606,77.56986,1.0650428831634002,139.79538710913076,143.75911,-3.963722387939555,0.0002015693380491,0.0035048202,-0.003303250829969241,7.898039191072972e-05,0.0006431417,-0.0005641612922116538
standard_NN,10,350,2,521,4.1256851748156125,4.1924872,-0.06680206502203401,16.50274069926245,17.621403,-1.1186620412160657,37.13116657334052,37.55135,-0.42018306655205606,66.0109627970498,65.634026,0.3769372233193309,0.0009816144450834,-0.00053195324,0.0015135676807058955,0.0004582025484459,-1.4669117e-05,0.00047287166570901084
standard_NN,10,350,2,522,7.658164783935409,7.7346725,-0.07650776245130952,30.63265913574164,30.92443,-0.2917717114263283,68.92348305541869,66.28127,2.642210167235092,122.53063654296656,124.63571,-2.105075126955313,0.0001531046516276,0.002613205,-0.0024601003454052806,9.404109461986997e-05,0.0014886392,-0.0013945980635768774
standard_NN,10,350,2,523,13.969370536831208,15.645325,-1.6759541702000416,55.877482147324834,62.37137,-6.493886260878291,125.72433483148087,134.90154,-9.177200202698813,223.5099285892993,238.53746,-15.02753173784913,9.59059207991423e-05,0.007217908,-0.007122001891647214,5.154257423933925e-05,0.003607887,-0.0035563445019746167
standard_NN,10,350,2,524,12.141775795501944,12.52401,-0.38223390908789945,48.56710318200778,50.130054,-1.562951291869176,109.27598215951753,105.545265,3.730716961763619,194.2684127280311,192.78894,1.4794722983436088,0.0004865880755576,0.005081259,-0.004594671104302754,0.000232475000082,0.0027317873,-0.002499312273578302
standard_NN,10,350,2,525,2.550028780916782,2.7380934,-0.18806459524288588,10.200115123667128,10.814989,-0.614873966298692,22.950259028251043,24.039013,-1.0887538806845036,40.80046049466851,39.911797,0.8886639248442947,0.0098959616075469,0.008307207,0.0015887542317820531,0.0047377004384824,0.0041980916,0.0005396088681944569
standard_NN,10,350,2,526,11.540201565621164,11.652583,-0.11238155663225413,46.160806262484655,47.32273,-1.161924755581751,103.86181409059049,98.52908,5.33273083863736,184.64322504993865,182.70137,1.9418548106808373,0.0001705391264895,0.0048092403,-0.0046387012184223135,9.286674920912932e-05,0.002433468,-0.002340601139995492
standard_NN,10,350,2,527,9.459397345605629,8.47028,0.989117652002113,37.83758938242251,34.038868,3.7987214319830542,85.13457611045064,76.82118,8.313393859474075,151.35035752969003,143.37059,7.979767319729092,0.0031057405270782,0.0034955016,-0.0003897610600891821,0.0013018344636597,0.0014991619,-0.00019732747547698392
standard_NN,10,350,2,528,2.4668943649042228,2.474187,-0.007292532373609273,9.867577459616893,9.578419,0.2891587279274397,22.20204928413801,19.110844,3.091205625690744,39.47030983846757,34.28482,5.185489281826946,0.0126737241546779,0.03249561,-0.019821886261257617,0.0057742592397636,0.016411861,-0.010637602165012973
standard_NN,10,350,2,529,6.881763774309415,6.553986,0.3277777017691319,27.52705509723766,23.917738,3.6093171364222307,61.93587396878475,54.829056,7.106818182651935,110.10822038895064,96.085014,14.023206045688923,0.0075987050439174,-0.0013602375,0.008958942525921268,0.0044965519507555,-0.00046083503,0.00495738697896243
standard_NN,10,350,2,530,3.615736370530539,3.6223822,-0.006645793470925643,14.462945482122157,12.654026,1.8089194506280162,32.54162733477486,27.930962,4.61066572588814,57.85178192848863,49.68313,8.168653571555033,0.0031428726682898,0.011520526,-0.008377653703606467,0.0012340591756954,0.0058069853,-0.004572926135514755
standard_NN,10,350,2,531,7.169670764613766,6.5508633,0.6188074986225551,28.678683058455064,27.935602,0.7430808703447127,64.5270368815239,62.07153,2.455507493096164,114.71473223382026,114.099594,0.6151381176093196,0.0004201411645381,-0.0008788332,0.0012989743406405891,0.0002042139354975,-0.00082684343,0.0010310573676482811
standard_NN,10,350,2,532,9.053769032736689,7.956947,1.0968221829136908,36.21507613094676,32.416386,3.798690480311997,81.4839212946302,70.971794,10.512127166212238,144.86030452378702,134.65677,10.203535724958897,0.0015403369009138,-0.0024739308,0.004014267729187096,0.000916081516075,-0.0016107982,0.0025268796952469794
standard_NN,10,350,2,533,5.317715562221599,5.807268,-0.4895525804785965,21.270862248886395,23.20974,-1.9388774361721985,47.85944005999439,52.347294,-4.487853793765375,85.08344899554558,87.6936,-2.610154520079419,0.0031645573634797,0.0064379037,-0.0032733463723069764,0.0017035607961663,0.0031481413,-0.0014445805209032305
standard_NN,10,350,2,534,5.964191982230467,5.615376,0.3488159865944809,23.85676792892187,20.728952,3.1278155210849548,53.677727840074205,43.0916,10.586129329332017,95.42707171568748,79.409775,16.017296935414038,0.000112928137489,-0.0061454773,0.006258405432410875,5.05227186256896e-05,-0.0024402055,0.0024907282609963667
standard_NN,10,350,2,535,5.57921110070059,6.1794577,-0.6002465637891561,22.31684440280236,24.695063,-2.3782182345267415,50.21289990630532,58.15583,-7.942930476995464,89.26737761120944,103.39089,-14.123514417599154,0.0007397578116747,-0.0013282121,0.002067969904305265,0.0004069847478263,-0.000685864,0.0010928487595833758
standard_NN,10,350,2,536,5.980561924235108,5.967071,0.013490867869140999,23.92224769694043,24.497774,-0.5755264272050766,53.82505731811597,53.54299,0.28206567993237286,95.68899078776172,98.71025,-3.0212600667304628,0.0011721436464134,-0.0020103073,0.0031824509211722156,0.0005231398582874,-0.0007948944,0.0013180342695159972
standard_NN,10,350,2,537,4.445327612947614,4.55296,-0.10763230602821583,17.781310451790457,18.898468,-1.117157565787668,40.00794851652853,42.5217,-2.5137532962156115,71.12524180716183,71.87989,-0.7546486347327033,0.0021559424395956,0.00057639653,0.0015795459086358449,0.0011027786523083,0.00033142712,0.0007713515361284613
standard_NN,10,350,2,538,1.6551186929301422,1.3389459,0.31617282729903873,6.620474771720569,5.914568,0.7059068243328737,14.89606823637128,13.58675,1.3093182058537014,26.48189908688228,16.872078,9.609821144987748,0.0230164260534935,0.01288278,0.010133645769804002,0.0116591744921663,0.006491163,0.005168011677966376
standard_NN,10,350,2,539,16.99136160921159,16.349068,0.6422939212233096,67.96544643684636,67.077675,0.8877715711237073,152.92225448290432,140.81042,12.111829678216822,271.86178574738545,249.74309,22.118697978830767,0.0003622750700869,1.737016e-05,0.000344904910902107,0.0001817700796606,-0.00042775864,0.0006095287209687735
standard_NN,10,350,2,540,6.694916618188316,7.380107,-0.6851903077760397,26.779666472753263,28.58225,-1.8025841223395105,60.25424956369485,67.71576,-7.461509713648901,107.11866589101304,118.94231,-11.82364062754165,0.0031711077184482,0.0045261267,-0.0013550189456836797,0.0017394723823967,0.0020839702,-0.0003444978514013271
standard_NN,10,350,2,541,7.978451738790416,8.034794,-0.05634211496934949,31.913806955161665,31.94317,-0.029363592323687016,71.80606564911375,71.90393,-0.0978650149487521,127.65522782064666,130.55498,-2.8997495963455293,0.004854120570109,0.0009451039,0.003909016691487988,0.0025081882478915,0.0005438003,0.0019643879488356257
standard_NN,10,350,2,542,7.834230773128736,7.869986,-0.03575528415275819,31.336923092514944,31.437702,-0.10077908644013434,70.50807695815864,71.662025,-1.1539484935015167,125.34769237005978,131.36034,-6.012643933651162,0.0006470204361362,0.005498317,-0.0048512966341691475,0.0003350930743246,0.0022443132,-0.0019092201731772502
standard_NN,10,350,2,543,4.5540857316377,5.222376,-0.6682901381132762,18.2163429265508,19.734638,-1.5182952875605267,40.9867715847393,46.175,-5.188227652321245,72.8653717062032,78.580414,-5.715042112156169,0.0072082890586085,0.018740708,-0.011532418949800047,0.0028057521070871,0.008852457,-0.0060467045892444015
standard_NN,10,350,2,544,5.674429562320764,5.5940876,0.08034196161275631,22.697718249283056,22.460566,0.23715268226645492,51.06986606088688,52.78595,-1.7160836461443694,90.79087299713224,91.326164,-0.5352912484732286,0.0077256804218856,0.0038966953,0.0038289850930092236,0.0037896862736146,0.002073017,0.0017166693246166258
standard_NN,10,350,2,545,9.00914107418707,8.714701,0.29444037533453127,36.03656429674828,33.735462,2.301102108027578,81.08226966768363,80.33101,0.7512607565508205,144.14625718699313,143.98859,0.1576707612118753,0.0012092522581677,0.0011874164,2.183588255299726e-05,0.0004631762803111,0.0003895228,7.365349475739133e-05
standard_NN,10,350,2,546,12.945907244131933,12.976152,-0.03024517591201281,51.78362897652773,53.10959,-1.325959646519145,116.5131651971874,112.51489,3.998272619062405,207.1345159061109,204.37102,2.763498450056204,7.577755760771052e-05,-0.005355237,0.005431014609452308,4.647823319119343e-05,-0.0019354912,0.001981969455148102
standard_NN,10,350,2,547,3.328114398640752,3.4764056,-0.14829122193419897,13.312457594563009,12.028709,1.283748182941915,29.95302958776677,30.47049,-0.5174599141863538,53.24983037825204,50.697586,2.55224431868173,0.0145152561550858,0.019117765,-0.0046025089735267175,0.0071917821741861,0.00905877,-0.0018669876181322438
standard_NN,10,350,2,548,6.430340719273352,5.937799,0.4925417423751588,25.72136287709341,21.559786,4.161577034197901,57.87306647346017,52.82937,5.0436978821515766,102.88545150837363,86.94639,15.939063263744728,0.0027566815595487,0.009608253,-0.006851571345760501,0.0013443577526149,0.004905086,-0.0035607282580796037
standard_NN,10,350,2,549,6.964034988096503,7.196118,-0.23208288986370196,27.85613995238601,29.201687,-1.3455469067448504,62.67631489286854,63.816147,-1.1398319577173979,111.42455980954404,117.188545,-5.7639854175067455,0.01046885872535,0.0016039448,0.008864913916173972,0.0050902681435385,0.001077056,0.0040132120960318695
standard_NN,10,350,2,550,1.641896009204116,1.1594176,0.4824783799621726,6.567584036816464,4.269907,2.2976770391357997,14.777064082837043,5.930081,8.846983192181526,26.27033614726585,12.2475815,14.022754665332258,0.0452212868032776,0.023030179,0.022191108181866273,0.0246420056599265,0.011470065,0.01317194020776805
standard_NN,10,350,2,551,4.048919453589192,4.5938025,-0.5448829984982106,16.195677814356767,18.794495,-2.598816814549483,36.440275082302726,46.378876,-9.938600650119149,64.78271125742707,71.29997,-6.51726127675262,0.0077216486002886,0.0089779645,-0.0012563159201658064,0.003949007532353,0.004527834,-0.0005788262460581497
standard_NN,10,350,2,552,1.69896481582231,1.217813,0.4811518008381792,6.79585926328924,5.9622593,0.8335999706867012,15.290683342400792,6.8689084,8.421774937096837,27.18343705315696,19.425972,7.75746506829368,0.0668823166447299,0.06267459,0.0042077271896021895,0.0347879305254752,0.03180671,0.002981219417982753
standard_NN,10,350,2,553,8.091053394511503,7.8850503,0.2060030977280558,32.36421357804601,31.625156,0.7390571754581217,72.81948055060353,70.71846,2.101020467595717,129.45685431218405,129.02802,0.42883917546529915,0.0016864639550526,-0.000940456,0.0026269199519496716,0.0008848199635591,-0.00038267378,0.0012674937446914255
standard_NN,10,350,2,554,8.337849791369003,7.608986,0.7288638904900964,33.35139916547601,29.812534,3.53886483320062,75.04064812232103,68.4889,6.551748891363999,133.40559666190404,125.5244,7.881197858193104,0.0011711922657764,0.004542136,-0.00337094383341312,0.0004474379094637,0.0021664654,-0.0017190274810099041
standard_NN,10,350,2,555,6.711276834660852,6.324094,0.38718301599630145,26.84510733864341,25.66709,1.1780178763631355,60.40149151194768,58.45213,1.9493621479340106,107.38042935457364,101.95645,5.423977938558011,0.0019897118994155,0.0040601995,-0.002070487584813588,0.0009987672428167,0.0021576486,-0.0011588813168430195
standard_NN,10,350,2,556,2.1152573676832973,1.4172549,0.6980024429091274,8.46102947073319,6.579069,1.881960333159947,19.03731630914968,6.6988034,12.338512884314476,33.84411788293276,22.408638,11.435479882444476,0.051363959467393,0.072577536,-0.02121357663871662,0.0308228699724276,0.036523093,-0.005700222565690763
standard_NN,10,350,2,557,3.878351466906913,4.210721,-0.33236954902326277,15.51340586762765,15.970291,-0.4568852700676622,34.90516320216222,35.78224,-0.8770786191268414,62.0536234705106,59.666313,2.3873102991238824,0.0032448316949401,0.0132544795,-0.010009647810181608,0.0013528260717418,0.0063459976,-0.00499317149275281
standard_NN,10,350,2,558,6.00180327182794,6.0835843,-0.0817810367963272,24.00721308731176,21.827473,2.1797404005441834,54.01622944645146,53.696243,0.3199861603186491,96.02885234924705,93.70046,2.3283900079384523,0.0032521694556644,0.0139347855,-0.0106826160445044,0.0012029070114032,0.006315945,-0.00511303817059243
standard_NN,10,350,2,559,30.44393015945268,27.731936,2.7119946583540475,121.7757206378107,110.97907,10.796648067009926,273.9953714350741,252.44077,21.55460605421473,487.1028825512428,446.30502,40.79785935788345,1.233214566272879e-05,0.0055383444,-0.005526012237577017,4.708995279241084e-06,0.0039474405,-0.0039427315395508524
standard_NN,10,350,2,560,4.169786512702347,4.4266996,-0.25691312566435265,16.679146050809386,16.63666,0.04248642861700347,37.52807861432113,38.423264,-0.8951849354835559,66.71658420323755,61.437813,5.278771398061764,0.0287800943518493,0.016341835,0.012438259091458063,0.01667497227356,0.007894951,0.008780021354706718
standard_NN,10,350,2,561,4.689550370699779,4.8041673,-0.11461689996062141,18.75820148279912,19.334875,-0.576673624012404,42.20595333629802,43.640316,-1.4343626732234611,75.03280593119646,78.92303,-3.890221107377755,0.0009428241548873,0.0006239964,0.00031882772713894773,0.0004116133219919,0.00049754453,-8.593121158119102e-05
standard_NN,10,350,2,562,12.299671747422249,11.690925,0.6087471029520337,49.198686989688994,46.99078,2.20790711298001,110.69704572680024,103.5248,7.172242565179147,196.794747958756,185.32869,11.466058383560693,0.0015396157364993,0.006471695,-0.00493207917626215,0.0007513836384517,0.0025781197,-0.0018267361088889792
standard_NN,10,350,2,563,23.728149501989176,25.244665,-1.5165156438848477,94.9125980079567,100.55298,-5.640380507668297,213.55334551790256,227.0971,-13.543761415691193,379.6503920318268,399.17715,-19.526762509188814,0.0017793299792269,0.0006971211,0.0010822088968874641,0.0010616834875302,0.0004906809,0.0005710025685013813
standard_NN,10,350,2,564,16.075670695426826,18.910677,-2.835006260749932,64.3026827817073,74.48871,-10.186025714386446,144.68103625884146,162.75648,-18.075448726510103,257.2107311268292,292.27628,-35.06554450793641,0.0001338815679993,-0.0017332545,0.0018671360928784575,4.553117845959576e-05,-0.0009015844,0.0009471155755297056
standard_NN,10,350,2,565,6.872145138108219,6.432524,0.4396209338540684,27.488580552432875,25.633839,1.8547418988684221,61.84930624297398,59.852077,1.9972287588431215,109.9543222097315,107.323166,2.6311563161768134,0.0017171075655582,0.005383211,-0.003666103622460122,0.0006134650789418,0.0025848409,-0.0019713757905892356
standard_NN,10,350,2,566,13.697276776233696,14.98472,-1.2874434538688426,54.78910710493478,59.868286,-5.079179027877721,123.27549098610324,127.34483,-4.0693423879202015,219.15642841973911,237.15994,-18.00351420721401,0.0006797051109233,0.0030582226,-0.0023785174772283932,0.0004295262992644,0.0016356863,-0.0012061599623149942
standard_NN,10,350,2,567,5.359517553966195,4.9565,0.4030175005604333,21.43807021586478,18.802353,2.6357173105913425,48.23565798569576,38.75742,9.478238399514119,85.75228086345912,70.60852,15.14376035564662,0.0004521219025847,-0.0003592404,0.0008113622980673295,0.0001777737090027,0.00069445267,-0.0005166789595374798
standard_NN,10,350,2,568,1.4483506050395227,0.37551165,1.0728389587687708,5.793402420158091,0.24134248,5.552059935207072,13.035155445355706,-2.2219808,15.257136255521111,23.173609680632364,-1.4341052,24.607714838484537,0.009147537929804,0.020469995,-0.011322457285731164,0.0047017824258236,0.010416675,-0.005714892933187096
standard_NN,10,350,2,569,6.36154406679816,6.0660915,0.29545252932257426,25.44617626719264,24.87337,0.5728070502736955,57.25389660118345,56.373158,0.8807390999627458,101.78470506877056,97.92543,3.8592747709190007,0.0023801532957313,0.00039573578,0.001984417511763179,0.0010345501866013,0.0007283847,0.0003061654785469362
standard_NN,10,350,2,570,10.12347574386519,11.053604,-0.9301283821113717,40.49390297546076,45.523495,-5.029591744998221,91.11128169478673,98.08863,-6.977348981482805,161.97561190184305,174.32304,-12.347431921399135,0.0015625324948718,0.00061170856,0.0009508239371729243,0.0008007763834067,0.00028960794,0.00051116844479482
standard_NN,10,350,2,571,7.752086959363663,7.568354,0.18373282957240367,31.008347837454654,30.619062,0.38928541374859904,69.76878263427298,69.97921,-0.2104272656293631,124.0333913498186,131.86638,-7.832987434361087,0.000709979928578,-0.004493152,0.005203131719971757,0.00025387002429,-0.0018335785,0.002087448479551886
standard_NN,10,350,2,572,4.985360398839296,5.0408583,-0.05549786989849714,19.941441595357183,17.978096,1.963345587056402,44.86824358955367,44.03668,0.8315652753446869,79.76576638142873,68.075584,11.69018196980764,0.0037205840434205,0.007442272,-0.003721687759153896,0.001868213687736,0.003603235,-0.001735021199387108
standard_NN,10,350,2,573,9.527125882380249,10.100616,-0.5734905726978763,38.108503529521,41.053917,-2.945413401631342,85.74413294142224,89.84376,-4.099624687972295,152.43401411808398,164.38397,-11.94995804988477,0.0005730253851191,0.0009092796,-0.00033625423934675294,0.0002884761355592,0.00049865537,-0.00021017923301476363
standard_NN,10,350,2,574,34.553400283402674,28.60736,5.946039443558924,138.2136011336107,117.0806,21.13300420978257,310.9806025506241,258.2776,52.7030146599991,552.8544045344428,459.08548,93.76892479811465,1.6742735984999097e-06,0.0047947434,-0.004793069104116849,5.288688107036667e-07,0.0033157466,-0.003315217682568858
standard_NN,10,350,2,575,7.0233569327298895,6.6104145,0.41294242772500667,28.09342773091956,24.983904,3.109523846031866,63.210212394569005,59.399857,3.810355827186193,112.37371092367825,100.957184,11.41652708578762,0.0020796280878563,0.0040906155,-0.002010987460337155,0.0010588304905731,0.0020583323,-0.000999501829729625
standard_NN,10,350,2,576,13.49606438032764,15.736546,-2.2404811824165005,53.98425752131056,62.595016,-8.610758958181627,121.46457942294876,135.30539,-13.840809981348116,215.93703008524224,241.47638,-25.53934930928901,0.0003048425813766,0.0031881009,-0.0028832582949100257,0.0001569517813417,0.0015738072,-0.001416855429319771
standard_NN,10,350,2,577,1.8564341224853305,0.8980098,0.9584243454162387,7.425736489941322,5.629671,1.796065393139564,16.707907102367976,3.9023325,12.805574558041194,29.702945959765287,19.012962,10.689983618456694,0.0459055224335483,0.077174984,-0.03126946148511854,0.0209432920822026,0.03923857,-0.018295276313173604
standard_NN,10,350,2,578,2.4975767778021187,2.307897,0.1896796868902535,9.990307111208477,8.952538,1.037769574587383,22.47819100021907,19.362377,3.115813833471023,39.9612284448339,30.887802,9.073426320810462,0.00822991013197,0.008085144,0.00014476637957389245,0.0037323099098699,0.003630577,0.00010173302177058719
standard_NN,10,350,2,579,16.539000031070547,17.219135,-0.6801352533532814,66.15600012428219,67.93593,-1.7799282204443756,148.85100027963497,148.03311,0.8178887073693488,264.62400049712875,267.57022,-2.9462204501368774,0.0001570167338365,-0.0012363772,0.0013933939013519568,8.396408678671484e-05,-0.0010865264,0.0011704905207239665
standard_NN,10,350,2,580,2.128170833272856,1.1978402,0.9303306194972212,8.512683333091424,3.8955746,4.617108763389275,19.15353749945571,7.2891583,11.86437915518691,34.050733332365695,14.960976,19.08975768539304,0.0120904165358701,0.03289621,-0.02080579297231052,0.0070706817304676,0.016385999,-0.009315316846411901
standard_NN,10,350,2,581,12.17077724408992,11.870461,0.30031578016169647,48.68310897635968,48.994884,-0.3117755146071204,109.53699519680926,100.54562,8.991371417512383,194.7324359054387,179.19044,15.541990959149643,0.0001616800612916,0.0050761118,-0.0049144316986988535,7.852164078703322e-05,0.0025718003,-0.002493278617223593
standard_NN,10,350,2,582,5.4505685841636895,5.4330845,0.017484096248650438,21.80227433665476,21.501795,0.300479521591285,49.05511725747321,50.819218,-1.7641004244115521,87.20909734661903,84.23198,2.9771179765018445,0.00328521030838,0.0012082808,0.002076929513126187,0.0016049914942361,0.0012952468,0.000309744728287268
standard_NN,10,350,2,583,26.67622754860419,28.433197,-1.7569694728801863,106.70491019441675,112.42971,-5.724800193766839,240.08604793743768,258.2895,-18.203441808656066,426.819640777667,451.62253,-24.802887298504857,7.914309213854606e-05,0.002329058,-0.002249914921717865,2.472465679163253e-05,0.001165985,-0.0011412603565666623
standard_NN,10,350,2,584,13.549778269986197,16.882622,-3.332843495150522,54.19911307994478,67.236015,-13.036902239879439,121.94800442987578,146.0693,-24.121300990046095,216.79645231977912,258.8715,-42.075038158736504,0.0001085191313336,0.0036762892,-0.003567770095526208,4.065335910671977e-05,0.0011572497,-0.0011165963141629694
standard_NN,10,350,2,585,6.604588979554742,5.8841596,0.7204294145828181,26.418355918218968,24.40445,2.0139064553283426,59.44130081599268,54.01287,5.4284300274184645,105.67342367287588,97.321434,8.35198965187979,0.0005645443785187,-0.0019186315,0.0024831758679073447,0.0002284012909732,-0.00012471862,0.0003531199065256105
standard_NN,10,350,2,586,5.416172876012137,5.669376,-0.2532030204417204,21.664691504048548,21.664665,2.628188057940406e-05,48.74555588410923,51.18045,-2.434894555343895,86.65876601619419,86.36869,0.29007552547153637,0.005169393147522,0.0052970736,-0.00012768048123142344,0.0024191604525835,0.0026450031,-0.00022584269111447725
standard_NN,10,350,2,587,4.477485625660652,5.1462135,-0.6687279058334887,17.909942502642608,19.044432,-1.1344891837587596,40.29737063094587,42.415115,-2.117744725499442,71.63977001057043,73.27605,-1.6362767423592572,0.0066510961375192,0.004533636,0.002117460219468195,0.0033424301028246,0.0023281663,0.0010142638303333833
standard_NN,10,350,2,588,34.698184689110526,28.674967,6.023217876976737,138.7927387564421,114.64975,24.14298900058273,312.2836622019948,257.7879,54.49575936996354,555.1709550257684,458.9833,96.1876481410028,5.83731373086809e-05,-0.0025086869,0.0025670599927440523,2.6826697242979133e-05,-0.0010750181,0.0011018447781257071
standard_NN,10,350,2,589,28.49264475552102,26.668446,1.8241991683628171,113.97057902208408,105.74072,8.229856365834081,256.4338027996892,242.88597,13.547831730353266,455.8823160883363,429.5631,26.319205736773824,1.0566135803226142e-05,0.0053131436,-0.005302577463975187,5.895844310104878e-06,0.0039986237,-0.0039927278509144185
standard_NN,10,350,2,590,11.90980934739788,13.437064,-1.527254823439522,47.63923738959152,54.717815,-7.0785780095784006,107.18828412658092,117.82218,-10.633897575079232,190.55694955836609,212.69331,-22.136364040266727,0.0057234491396555,-0.0021338277,0.007857276796162993,0.0032909052372724,-0.0010448777,0.004335782925672847
standard_NN,10,350,2,591,8.000472556710196,7.0822473,0.9182252994775304,32.001890226840786,27.54606,4.455829664706997,72.00425301039176,64.7685,7.235751728653483,128.00756090736314,114.53772,13.469841180800643,0.000874064107268,0.003938788,-0.0030647239751826283,0.0003408139368077,0.0016959092,-0.0013550952513213077
standard_NN,10,350,2,592,15.288837851303732,17.091475,-1.8026366817773223,61.15535140521493,68.70338,-7.548025364804602,137.5995406617336,148.9749,-11.375358630258575,244.6214056208597,266.1744,-21.553002338124685,0.0001421702250394,0.0027776472,-0.002635477002009474,7.620768391996814e-05,0.0013102345,-0.0012340268562221507
standard_NN,10,350,2,593,21.13636478930044,22.641441,-1.5050765559144033,84.54545915720176,90.20625,-5.6607938945560505,190.227283103704,201.43219,-11.204906837702254,338.18183662880705,360.80136,-22.619524455177327,0.0005502402095093,-0.0011662355,0.0017164757486401666,0.0002377520944321,-0.0009863268,0.0012240789295503342
standard_NN,10,350,2,594,15.76693750830694,15.502641,0.26429678412481117,63.06775003322776,61.592133,1.4756174648683853,141.90243757476247,134.23502,7.667421705621848,252.27100013291104,244.61444,7.656559214942291,0.0006043833184623,0.0054934165,-0.004889033132455421,0.0002997533109775,0.0024769942,-0.0021772408700743502
standard_NN,10,350,2,595,6.864901543003248,7.0487576,-0.18385601009733765,27.459606172013,28.838974,-1.3793678270104373,61.78411388702924,62.993683,-1.2095689742988824,109.83842468805196,119.481834,-9.643409723569135,0.0006943385963468,-0.0021274406,0.0028217792426375793,0.000272916315901,-0.0011444486,0.0014173649603825994
standard_NN,10,350,2,596,2.6116570275003883,2.8377042,-0.22604715417075427,10.446628110001551,12.102728,-1.656099780013097,23.50491324750349,22.597584,0.9073294767515385,41.78651244000621,43.644417,-1.8579043690758184,0.0170165050798208,0.048566494,-0.03154998905722792,0.0071475443854976,0.024636142,-0.01748859757035491
standard_NN,10,350,2,597,12.154760611215757,12.694742,-0.5399815915430324,48.61904244486303,51.53127,-2.9122266286233014,109.39284550094185,107.32805,2.064796794887158,194.4761697794521,197.49138,-3.0152090047275806,0.0001166573402714,0.0011130573,-0.0009963999126795663,3.987617676121781e-05,0.00028372617,-0.0002438499941306781
standard_NN,10,350,2,598,2.35059653341914,2.6542602,-0.3036636251196785,9.40238613367656,11.092642,-1.6902556967677764,21.155368800772266,21.38261,-0.22724152027265632,37.60954453470624,42.46952,-4.859976034141418,0.0459524064168384,0.045833495,0.00011891190261148488,0.0252962444285374,0.02302989,0.0022663545171242062
standard_NN,10,350,2,599,5.617212418489019,6.137791,-0.52057873827978,22.468849673956075,25.570242,-3.1013922541445105,50.55491176640117,59.375965,-8.821053352007034,89.8753986958243,98.08026,-8.204862534644448,0.0028338457052998,0.0049246512,-0.0020908055300422257,0.0013990617168725,0.002700369,-0.001301307389733149
standard_NN,10,350,2,600,7.09254511445024,7.250426,-0.15788070113203556,28.37018045780096,29.493801,-1.1236206591424,63.83290603005217,68.83116,-4.998255468971266,113.48072183120384,120.76618,-7.285460114596944,0.0022943129150665,-0.0014506568,0.0037449697118720608,0.0010343863981899,-0.001070001,0.002104387444363175
standard_NN,10,350,2,601,9.78927589389658,9.343352,0.4459235760865212,39.15710357558632,39.076332,0.08077148330116302,88.10348304506923,90.21183,-2.108347094090931,156.62841430234528,161.02208,-4.39366516542816,0.0007124828426246,0.0039201784,-0.003207695552140062,0.000382420999332,0.0010539709,-0.0006715498898563492
standard_NN,10,350,2,602,6.362749009224957,7.014379,-0.6516300152806584,25.450996036899827,27.817537,-2.3665412708394307,57.26474108302462,67.29888,-10.034140447737101,101.80398414759932,121.14881,-19.34482719273271,0.0007349185487175,-0.0038590143,0.004593932799055577,0.0002913044816152,-0.0016882153,0.0019795197811246657
standard_NN,10,350,2,603,15.498490406629491,16.952162,-1.4536713823109384,61.99396162651797,67.793785,-5.7998234686968715,139.48641365966543,148.678,-9.191580114748632,247.9758465060719,261.22794,-13.252089284943736,0.0001793387691547,0.006874213,-0.006694874226016847,0.0001090993858915,0.0032984621,-0.003189362749825773
standard_NN,10,350,2,604,21.199336268021213,20.076014,1.1233227029577364,84.79734507208485,80.31795,4.479397684389539,190.79402641219093,179.2033,11.590733565511243,339.1893802883394,319.62872,19.560657143808157,4.61723563287987e-05,0.0021512615,-0.002105089193114208,1.871842600853603e-05,7.8120414e-05,-5.940198839193721e-05
standard_NN,10,350,2,605,1.7621372684560792,1.5234714,0.2386659130178468,7.048549073824317,6.7217503,0.3267988144249028,15.859235416104712,11.067745,4.791490207364477,28.194196295297267,28.887093,-0.6928962950347639,0.0604082119985348,0.07678437,-0.016376160331177114,0.0303357724565455,0.038982373,-0.008646600274424883
standard_NN,10,350,2,606,2.1929501137921115,1.7814345,0.41151557781188686,8.771800455168446,7.4228287,1.3489717808520396,19.736551024129003,12.580715,7.155835844685644,35.08720182067378,28.770226,6.31697629577144,0.0411045634797124,0.056494966,-0.01539040266961774,0.0214934233558796,0.028653922,-0.007160498203573409
standard_NN,10,350,2,607,3.696186480962634,4.2425737,-0.5463872571355104,14.784745923850537,15.740854,-0.9561083394551275,33.26567832866371,34.06643,-0.800750809519883,59.13898369540215,63.956657,-4.8176737142658155,0.0309155169964484,0.019157311,0.01175820604867256,0.0158140868883782,0.009526325,0.006287761498635348
standard_NN,10,350,2,608,19.01869613914811,20.463198,-1.4445015689817744,76.07478455659243,82.93608,-6.861296376024754,171.16826525233296,183.16936,-12.00109204747173,304.29913822636973,324.9265,-20.627375445505265,0.000110915758696,0.0016274588,-0.0015165430828439194,6.113392213999391e-05,0.0010774218,-0.0010162879023078168
standard_NN,10,350,2,609,10.05306698971414,10.06933,-0.016263225739962195,40.212267958856565,40.31853,-0.10626307752038855,90.47760290742728,87.521484,2.9561185324272827,160.84907183542626,165.6281,-4.779025698753429,0.0002091508381211,-0.0020177308,0.0022268816851221756,7.272606980302852e-05,-0.0012804902,0.001353216262387722
standard_NN,10,350,2,610,8.475244179593128,8.25287,0.22237457357506152,33.90097671837251,33.68288,0.21809631676118357,76.27719761633814,71.550606,4.726591842412361,135.60390687349005,136.50668,-0.9027764761193282,0.0002088280455074,0.00044344278,-0.0002346147373453987,0.0001024393820815,7.5922726e-05,2.6516656126475635e-05
standard_NN,10,350,2,611,8.375622487777678,7.357912,1.017710424179045,33.50248995111071,28.740696,4.76179399774157,75.3806023899991,66.85341,8.527193576522535,134.00995980444284,122.791306,11.218654262450656,0.0003294298451521,0.0008413634,-0.0005119335462212065,0.0001413028334386,-0.0004568243,0.000598127120977948
standard_NN,10,350,2,612,4.232825910570765,4.552635,-0.3198092823003291,16.93130364228306,18.192942,-1.2616380233663556,38.09543319513688,41.72268,-3.6272459430467165,67.72521456913223,71.64841,-3.923192413289641,0.0021552985611128,0.0014149748,0.0007403237589391257,0.0011919845850876,0.0005928738,0.0005991108040994432
standard_NN,10,350,2,613,2.584159058928916,2.3338904,0.2502686208490821,10.336636235715664,9.860695,0.475941350461758,23.257431530360243,20.06879,3.1886410945692276,41.34654494286266,33.7778,7.568743429190782,0.0016069605226823,0.0007965342,0.0008104263434381095,0.0007829541140688,0.00041652904,0.0003664250693270353
standard_NN,10,350,2,614,14.274381044790012,15.178019,-0.9036375251562774,57.09752417916005,59.802456,-2.7049317229395626,128.46942940311013,131.06586,-2.5964275304836235,228.3900967166402,237.49574,-9.105646081211376,0.0008800070994667,3.8139584e-05,0.0008418675155454072,0.0004470628075007,0.00013342235,0.00031364045861955966
standard_NN,10,350,2,615,4.913793455405847,4.8452883,0.06850517873348405,19.65517382162339,20.876898,-1.221723990266259,44.22414109865263,43.35183,0.8723115698440367,78.62069528649356,82.38272,-3.7620256607720677,0.0004682081639075,-0.0038519185,0.004320126667549582,0.0002492424095958,-0.0016920733,0.0019413157128706103
standard_NN,10,350,2,616,3.863432838065908,3.7523985,0.11103434716014648,15.453731352263633,15.18461,0.26912098544234375,34.77089554259317,32.150932,2.6199632305814546,61.81492540905453,56.54628,5.268645501827969,0.0020507677230754,0.0021325755,-8.180777023052144e-05,0.0010340448212808,0.0011898832,-0.00015583839500341555
standard_NN,10,350,2,617,17.51697822512977,20.725243,-3.2082643896163248,70.06791290051908,81.91632,-11.848407900262174,157.65280402616796,180.7443,-23.09148918672267,280.2716516020763,327.45023,-47.17857422800182,3.980656474743464e-05,0.005147883,-0.0051080766381331865,1.3087508041205186e-05,0.003109614,-0.003096526391100345
standard_NN,10,350,2,618,8.298270203898571,8.291897,0.0063733838302120205,33.193080815594286,31.807922,1.3851584523130356,74.68443183508714,76.463974,-1.7795421639362985,132.77232326237714,136.39658,-3.6242526653572327,0.0041491113549129,0.008056796,-0.003907684800957061,0.0020808227684124,0.0034928527,-0.001412029904522132
standard_NN,10,350,2,619,14.37726907483595,14.584892,-0.2076231981132679,57.5090762993438,60.745018,-3.2359417060272904,129.39542167352357,128.03943,1.3559929625860718,230.0363051973752,234.21143,-4.1751205838747865,0.0002022981043054,-0.00072214653,0.0009244446391320065,0.000101409513863,-0.00039522056,0.0004966300727205453
standard_NN,10,350,2,620,26.02972392909168,27.050476,-1.0207521451270694,104.1188957163667,107.70269,-3.5837944081450246,234.26751536182505,242.25273,-7.98521596141714,416.4755828654668,433.4396,-16.96402284742385,6.089125792279704e-05,-0.0002789832,0.0003398744648766504,1.9500658281493504e-05,-0.00011543473,0.0001349353847488496
standard_NN,10,350,2,621,5.182720431259041,5.377291,-0.19457077128612532,20.730881725036163,21.720823,-0.9899415629277044,46.64448388133137,49.248627,-2.604142827653007,82.92352690014465,88.904,-5.98047242846863,0.0012562470414028,-0.0023942627,0.0036505097426757643,0.0004694705770626,-0.00050107844,0.0009705490141450695
standard_NN,10,350,2,622,21.90072520771264,24.74195,-2.841223873708259,87.60290083085056,97.90485,-10.301945360555692,197.10652686941376,222.21056,-25.10402916085968,350.41160332340223,386.46658,-36.05497992855089,0.0001427783976786,0.0026611234,-0.0025183450084633966,4.431260169404941e-05,0.0009238479,-0.0008795352943528871
standard_NN,10,350,2,623,5.566863139867586,5.835941,-0.2690776979925218,22.267452559470343,23.92927,-1.6618172311790715,50.10176825880827,53.786697,-3.684929128887042,89.06981023788137,95.11774,-6.04792657852488,0.0022796039345103,-8.438652e-06,0.0022880425865132513,0.0011699530671123,0.00036346182,0.0008064912483334125
standard_NN,10,350,2,624,25.124582588166028,24.474009,0.650574027985364,100.49833035266413,96.75646,3.7418682554961578,226.12124329349425,222.28201,3.8392303540411206,401.9933214106565,386.6753,15.318028441906506,0.0002116130971312,0.0027183858,-0.002506772677511029,9.42670106243322e-05,0.0017594848,-0.001665217748907583
standard_NN,10,350,2,625,7.815482447706329,7.843288,-0.02780549708737201,31.26192979082532,31.930868,-0.6689383579783907,70.33934202935697,71.12818,-0.7888394281625608,125.04771916330128,134.26152,-9.213801222440907,0.0001640542338996,0.00039475603,-0.00023070179872002533,8.013038698422108e-05,-3.652656e-05,0.00011665694567213152
standard_NN,10,350,2,626,6.881997965291877,6.483062,0.3989361748255682,27.527991861167507,26.735596,0.7923961580425072,61.9379816876269,58.530643,3.407338224492136,110.11196744467004,106.00354,4.108427405607543,0.0001573093810094,-0.0019819858,0.002139295136274159,5.586908623458982e-05,-0.0006279227,0.0006837917953345382
standard_NN,10,350,2,627,10.533647717262616,10.712647,-0.17899972078670068,42.13459086905046,43.05954,-0.9249489258714121,94.80282945536356,92.83623,1.9666020383713771,168.53836347620185,169.26816,-0.7297944827825233,0.0004947319317319,-0.0026744884,0.0031692202824809158,0.0001841599015565,-0.001218675,0.001402834955234953
standard_NN,10,350,2,628,2.8672944865656835,3.0365448,-0.16925031323900397,11.469177946262734,10.797348,0.6718299238017966,25.80565037909115,24.950577,0.8550735968645888,45.87671178505094,45.544655,0.33205693885953025,0.0095578279695151,0.015364093,-0.005806264805174098,0.0048708410996247,0.007621054,-0.002750212972308331
standard_NN,10,350,2,629,8.192876656355208,7.204242,0.9886344268935385,32.771506625420834,28.99822,3.773286181695248,73.73588990719689,64.886734,8.84915589840783,131.08602650168334,120.95614,10.129887890843492,0.0011064599518362,0.0072052786,-0.006098818660837083,0.000417532126353,0.002791194,-0.002373661886035587
standard_NN,10,350,2,630,3.6626206598043183,3.2243261,0.43829452607629094,14.650482639217271,13.166721,1.4837612952231307,32.963585938238865,31.063587,1.8999987495181614,58.60193055686909,51.453506,7.14842408714253,0.0015509126601031,0.0040005264,-0.002449613727141363,0.0007042411265603,0.002180455,-0.001476213893137247
standard_NN,10,350,2,631,3.6156948522430192,3.5442123,0.07148251093442548,14.462779408972075,14.858921,-0.3961416420533155,32.541253670187174,33.514507,-0.9732536235139975,57.85111763588831,57.37246,0.47865822426721394,0.0011457380728704,0.00040751282,0.0007382252492849791,0.0006656865392855,0.0004309699,0.0002347166395323914
standard_NN,10,350,2,632,3.178134187154344,4.040499,-0.862365023203322,12.712536748617376,15.792448,-3.079911295205866,28.603207684389098,33.12771,-4.524500750669496,50.85014699446951,65.68519,-14.83504129898752,0.0563825542148672,0.044778936,0.011603618603619185,0.02854838595282,0.02244111,0.0061072763104335626
standard_NN,10,350,2,633,4.467488055743761,4.998612,-0.5311238712887096,17.869952222975044,18.152899,-0.2829465654771042,40.207392501693846,43.181877,-2.9744846345366227,71.47980889190018,67.520966,3.958843315728302,0.0174239169501222,0.004990808,0.012433108750031077,0.0092993935345821,0.00277878,0.00652061358645185
standard_NN,10,350,2,634,9.192614958204388,8.95898,0.2336353515759697,36.77045983281755,35.125008,1.6454522034230195,82.7335346238395,82.26971,0.46382789776528455,147.0818393312702,148.72635,-1.6445095456829222,0.000255568717009,0.00039284356,-0.00013727484470365246,0.000143165567791,-0.00051392696,0.0006570925311128646
standard_NN,10,350,2,635,16.129761688759118,19.902985,-3.7732229303815075,64.51904675503647,78.35317,-13.834125547209624,145.16785519883206,172.42494,-27.257086817769505,258.0761870201459,308.78073,-50.704544181025994,0.0002407331780976,-0.0021573426,0.0023980757982915582,7.783098547888727e-05,-0.0012943911,0.0013722220988122914
standard_NN,10,350,2,636,23.865177235575445,27.60685,-3.7416724348347117,95.46070894230178,109.88664,-14.42593351375291,214.786595120179,251.09949,-36.31289218450851,381.8428357692071,438.99854,-57.15569938704289,8.425668579248755e-05,0.0037239257,-0.0036396689922669713,2.5867086226292407e-05,0.002251419,-0.0022255519196892302
standard_NN,10,350,2,637,2.0343216301602407,1.3276353,0.7066863419217153,8.137286520640963,5.731535,2.4057515627552206,18.308894671442168,8.427586,9.881309069635527,32.54914608256385,16.144875,16.404271509809945,0.0426043886797278,0.0427132,-0.00010881013108800935,0.0210395943162012,0.02150927,-0.00046967493621827283
standard_NN,10,350,2,638,4.720633632170582,4.460606,0.26002753399553313,18.882534528682328,16.819172,2.0633626231647497,42.48570268953524,38.27717,4.208534415609456,75.53013811472931,69.61611,5.914026359358218,0.0298015066342412,0.028857803,0.000943703662043667,0.0150528016340909,0.013886004,0.0011667978790578844
standard_NN,10,350,2,639,1.5183265889827338,1.1760211,0.3423054898921576,6.073306355930935,4.889246,1.1840603689924585,13.664939300844605,9.457958,4.206981079409058,24.29322542372374,12.635918,11.657307760149521,0.0020291467781887,0.009570446,-0.007541299087203985,0.0011257707070395,0.004629468,-0.0035036973726168628
standard_NN,10,350,2,640,8.12194056711412,7.2437534,0.8781871338865805,32.48776226845648,29.452883,3.0348795017328456,73.09746510402708,68.57742,4.520042008323955,129.9510490738259,128.98296,0.9680931412087261,0.000517197572938,-0.003924896,0.004442093582204376,0.000268858800282,-0.0017127827,0.001981641457987247
standard_NN,10,350,2,641,2.4128960423994736,2.8485775,-0.4356814569901748,9.651584169597896,10.458933,-0.8073487069890177,21.716064381595263,22.337368,-0.6213036298793462,38.60633667839158,42.329872,-3.723535452956078,0.0867504660468966,0.011745387,0.07500507928994002,0.0448129175148035,0.00592208,0.038890837497177214
standard_NN,10,350,2,642,11.15321599271592,11.099867,0.05334912565048988,44.612863970863685,46.005314,-1.3924499024273302,100.3789439344433,99.7297,0.6492457532909555,178.45145588345474,179.09254,-0.641088672209321,0.0003411249764322,-5.3911408e-05,0.0003950363844633265,0.0001687008470671,-0.001430028,0.0015987288488449277
standard_NN,10,350,2,643,5.13495165490518,5.4109116,-0.27595990515341384,20.53980661962072,22.097708,-1.5579011287923663,46.21456489414661,51.289303,-5.074737931781122,82.15922647848288,93.63979,-11.480566917513215,0.0036905627747553,0.005571556,-0.0018809930371565214,0.0015533924164542,0.0029978347,-0.0014444422846368512
standard_NN,10,350,2,644,6.081408260952425,5.825198,0.2562100874294755,24.3256330438097,23.138027,1.1876058526475894,54.73267434857182,50.091957,4.640717256286663,97.3025321752388,88.20895,9.093585947211452,0.0014189368684623,-0.00097653636,0.00239547323322255,0.000722385353239,0.00038815654,0.0003342288179022522
standard_NN,10,350,2,645,12.933711094847313,12.629612,0.3040991258531722,51.73484437938925,51.037113,0.6977311896919858,116.40339985362584,109.09386,7.309543042102405,206.939377517557,194.32077,12.61860725388513,6.751284386107974e-05,0.00058930606,-0.0005217932149667078,3.34150835811097e-05,0.0001717982,-0.0001383831104789924
standard_NN,10,350,2,646,7.50022014315233,7.2831173,0.21710284884080622,30.00088057260932,28.655922,1.3449586365741624,67.50198128837097,67.797745,-0.29576346260559205,120.00352229043727,120.47012,-0.4666010005783505,0.0008920367728977,0.0059734983,-0.005081461564073107,0.0003994151953752,0.0027610522,-0.002361637027547244
standard_NN,10,350,2,647,14.063130911971449,14.243106,-0.1799749763952505,56.25252364788579,56.64248,-0.389955294985306,126.56817820774302,120.37726,6.190919906961767,225.01009459154315,212.79042,12.219674059316588,5.089733540762051e-05,0.0051941415,-0.005143244194092864,3.016577804491623e-05,0.002724619,-0.0026944531057585706
standard_NN,10,350,2,648,10.195426598502614,9.951399,0.24402774901530933,40.781706394010456,41.002365,-0.22065871829423145,91.75883938652352,91.96009,-0.20125125068351224,163.12682557604182,171.57544,-8.448613877083176,0.0009687820744101,0.0008019568,0.00016682526947521092,0.0004007899267047,-0.00037487116,0.000775661087306897
standard_NN,10,350,2,649,5.82540094927879,5.971661,-0.14626014157204015,23.30160379711516,21.932901,1.3687024146688707,52.42860854350912,47.154346,5.274262077444668,93.20641518846064,87.082664,6.123750698714545,0.0003048100246069,-0.00463611,0.004940919831204133,0.0001095481952996,-0.0015859752,0.0016955233682290657
standard_NN,10,350,2,650,9.069476242050948,8.304035,0.7654410552833699,36.27790496820379,32.988083,3.2898220824616047,81.62528617845855,73.86191,7.763378219474177,145.11161987281517,139.33485,5.776765746838606,0.0006318373001868,0.006055054,-0.005423216488981796,0.0002191042221406,0.0024748899,-0.0022557856355539065
standard_NN,10,350,2,651,7.3236403581884835,7.550772,-0.22713183190551067,29.29456143275393,28.178038,1.1165237893213131,65.91276322369634,67.17232,-1.2595542811864675,117.17824573101574,119.27649,-2.0982435267967645,0.0131132897151626,0.008787172,0.004326117799989069,0.007922502191362,0.003995209,0.003927293190357305
standard_NN,10,350,2,652,28.019534299667487,25.21242,2.807114789779792,112.07813719866996,101.66224,10.415898123962933,252.17580869700743,226.32457,25.85123899485899,448.3125487946798,397.44238,50.8701659821798,4.203858666850339e-05,0.0038460337,-0.003803995122455227,1.539817402109558e-05,0.0026961472,-0.002680749014523178
standard_NN,10,350,2,653,2.9054598943859173,3.0977259,-0.19226597383918032,11.62183957754367,11.174587,0.44725232778781,26.14913904947326,25.109379,1.0397602347759936,46.48735831017468,46.958008,-0.47064950232532254,0.0250886815022804,0.031181632,-0.006092950107517078,0.013471137952556,0.015674012,-0.0022028738292557137
standard_NN,10,350,2,654,30.48198540490122,32.4145,-1.9325157852843269,121.92794161960488,129.06117,-7.1332308657466825,274.337868644111,298.30658,-23.968710945732767,487.7117664784195,518.21326,-30.50149035751798,8.091626026923095e-05,0.0019605793,-0.0018796630456179913,2.4467510465911685e-05,0.0011687846,-0.0011443170585516773
standard_NN,10,350,2,655,4.180535591678468,4.0740514,0.10648421152099719,16.72214236671387,14.888292,1.8338500540918012,37.62482032510621,34.57615,3.0486713382898003,66.88856946685549,53.492737,13.395832650449236,0.0079138788314133,0.005831224,0.0020826549188762023,0.0036088217671149,0.0026700106,0.0009388112153046356
standard_NN,10,350,2,656,2.8459250778091865,2.5491042,0.29682086409458686,11.383700311236746,9.693203,1.6904973388246365,25.61332570028268,21.046192,4.567133531093226,45.53480124494698,33.405052,12.12974905988839,0.0019146453996605,0.009634737,-0.00772009152570304,0.0009957859482007,0.0051168315,-0.004121045563058379
standard_NN,10,350,2,657,12.093585365846211,13.883339,-1.7897535623764451,48.374341463384845,54.689476,-6.315134549798749,108.84226829261593,119.139565,-10.29729622154423,193.49736585353932,217.80612,-24.308755972632554,0.0038242167486573,-0.0017901136,0.005614330379361881,0.0023377799655489,-0.0009262244,0.0032640043639756114
standard_NN,10,350,2,658,5.548507226573595,6.355776,-0.8072686065562875,22.19402890629438,24.123268,-1.929239221147025,49.93656503916236,56.94715,-7.010586144919671,88.77611562517752,96.09025,-7.3141324827326315,0.0128673469630126,0.009848389,0.0030189581197742465,0.0078307672790011,0.0048834183,0.0029473489536663133
standard_NN,10,350,2,659,4.48583635922169,4.841149,-0.3553124940803123,17.94334543688676,17.994598,-0.05125295178511635,40.37252723299521,43.340668,-2.9681404916141645,71.77338174754703,69.59251,2.1808753388556283,0.0069216773298782,0.0071773073,-0.0002556299405890817,0.0037892077264352,0.0034664792,0.00032272847899927253
standard_NN,10,350,2,660,19.621653356334555,22.504543,-2.8828899481088044,78.48661342533822,88.33471,-9.848095742142249,176.594880207011,201.1015,-24.506621257832762,313.9464537013529,355.42664,-41.48018204083462,0.0006094743697761,-0.0008135214,0.001422995756365955,0.0003082410345756,0.00017745481,0.00013078622002792712
standard_NN,10,350,2,661,6.356261662806186,6.340437,0.015824727381381187,25.425046651224743,24.677408,0.7476384328409544,57.20635496525567,56.557495,0.6488598480681702,101.70018660489896,98.85071,2.84947859708646,0.0015769146076875,0.0057327286,-0.004155814026342127,0.0007382169631515,0.0028252536,-0.002087036679943993
standard_NN,10,350,2,662,9.857927498260612,10.541046,-0.6831186443175135,39.431709993042446,42.807217,-3.375506651244663,88.7213474843455,90.819405,-2.098057117705281,157.72683997216978,172.06772,-14.34087853368959,0.000403901003362,-0.0012773479,0.0016812489135799409,0.0002000883671649,-0.00047757928,0.0006776676439408413
standard_NN,10,350,2,663,10.800688119338824,9.324691,1.4759973005522031,43.2027524773553,37.420395,5.782357579894359,97.2061930740494,84.62587,12.580323323072832,172.8110099094212,151.53004,21.280965353757125,7.665670772349662e-05,-0.0048531247,0.004929781438012479,4.299743147576528e-05,-0.0020556266,0.0020986240268685884
standard_NN,10,350,2,664,3.2067406290331624,2.8105807,0.39615989859492995,12.82696251613265,10.942375,1.8845873330271807,28.860665661298462,24.868057,3.9926084103218997,51.3078500645306,39.15695,12.150898160233723,0.0114886187626553,0.038859256,-0.027370636849241216,0.0052722269864213,0.01952998,-0.014257752689586924
standard_NN,10,350,2,665,7.685009490931439,7.6733856,0.011623870814251092,30.74003796372576,29.267475,1.4725628355519333,69.16508541838296,71.070045,-1.9049600528084483,122.96015185490305,126.03674,-3.076591309159454,0.003111794005907,0.009971927,-0.006860132914208948,0.0015346654815641,0.004893436,-0.003358770615044539
standard_NN,10,350,2,666,6.649839545484384,7.065447,-0.41560730815331137,26.599358181937536,28.191523,-1.5921644163290658,59.848555909359455,60.86783,-1.0192724597811704,106.39743272775014,112.08726,-5.689824657503763,0.00027288273706,0.002007049,-0.0017341663056715236,0.0001484048775096,0.0013251189,-0.0011767140600200236
standard_NN,10,350,2,667,20.259055166403225,21.295364,-1.036309213479587,81.03622066561289,85.43329,-4.397067908605862,182.33149649762905,189.18456,-6.853058556081891,324.14488266245155,333.0911,-8.946212308251575,0.000183847683228,-0.0008110012,0.0009948489109309455,9.874013242733613e-05,-0.0004893652,0.0005881053254888668
standard_NN,10,350,2,668,10.384970764530848,9.376615,1.0083561939131727,41.539883058123394,37.724792,3.8150905776546438,93.46473688077764,84.09467,9.370063724039355,166.15953223249358,150.64899,15.510545416087325,0.0005096330805458,0.002230337,-0.0017207038090787958,0.0002793734957889,0.0006733426,-0.00039396911678311436
standard_NN,10,350,2,669,14.402921392831113,14.310619,0.09230203858306574,57.61168557132445,57.52287,0.08881646121702857,129.62629253548002,124.73639,4.889903375323769,230.4467422852978,220.66118,9.785563696430614,2.6297937067925755e-06,0.0031206328,-0.0031180030484763204,1.544166300548219e-06,0.0012876148,-0.0012860706439799536
standard_NN,10,350,2,670,3.089397072641674,2.907805,0.18159210666877357,12.357588290566696,11.358759,0.9988293641750943,27.80457365377507,23.544834,4.2597395168121786,49.43035316226678,47.965065,1.465288159825377,0.0225861083222681,0.03973491,-0.017148802851313975,0.0100065258674201,0.019827489,-0.00982096294240389
standard_NN,10,350,2,671,13.31308824583294,14.498348,-1.1852599902510441,53.25235298333176,58.48049,-5.228138654851833,119.81779421249648,125.44265,-5.624855628812114,213.00941193332704,222.91583,-9.906420586204206,0.0001383215476269,0.0016683034,-0.001529981842406643,7.491211420131411e-05,0.0011179737,-0.0010430615906210474
standard_NN,10,350,2,672,10.136288125091276,10.295758,-0.15947012228421187,40.54515250036511,41.94248,-1.3973256795665279,91.22659312582152,90.324005,0.9025879988683982,162.18061000146042,165.09763,-2.9170157309614524,0.0098680508769629,-0.004116891,0.01398494182895398,0.0059322766478901,-0.0020028807,0.007935157323608288
standard_NN,10,350,2,673,4.272450622437737,4.1686153,0.10383528125121355,17.089802489750948,15.649908,1.4398944239550495,38.452055601939634,36.748722,1.7033335255236182,68.35920995900379,60.096558,8.262652341816292,0.0016459335209227,0.0059594233,-0.004313489737977943,0.0009319653823905,0.0030733359,-0.0021413704756714095
standard_NN,10,350,2,674,4.825251641624267,4.9606333,-0.13538163626879918,19.30100656649707,18.514778,0.7862284292900377,43.4272647746184,43.92072,-0.493454372110115,77.20402626598828,73.24047,3.963555379757807,0.004396511333887,0.01491738,-0.010520868842597585,0.0016986784554819,0.0069629983,-0.005264319849034177
standard_NN,10,350,2,675,2.489602111522406,2.934124,-0.4445218813975158,9.958408446089624,10.927124,-0.9687155773478757,22.406419003701657,24.922218,-2.515799319052249,39.8336337843585,37.710846,2.122787837092872,0.0227942097159621,0.014419449,0.008374761153995682,0.0129807074536298,0.007317885,0.00566282262845976
standard_NN,10,350,2,676,12.932085005531812,13.827417,-0.8953323681254144,51.72834002212725,54.88499,-3.156650670011423,116.3887650497863,118.085594,-1.696829127459793,206.913360088509,212.6062,-5.692841083366005,0.0029802844366943,0.0035641259,-0.0005838414215529803,0.001514562584493,0.0011388698,0.00037569279506399094
standard_NN,10,350,2,677,3.94144034173452,4.50723,-0.5657894632581559,15.76576136693808,17.197365,-1.4316034401908269,35.47296307561068,38.175987,-2.703024168041665,63.06304546775232,70.075226,-7.012180362325807,0.0118297788424747,0.024161125,-0.012331345759485482,0.0061717146840856,0.011864307,-0.005692592652423628
standard_NN,10,350,2,678,3.295962389168515,3.0486135,0.24734884088970643,13.18384955667406,12.250139,0.9337103202238648,29.66366150251664,29.694386,-0.03072402604781388,52.73539822669624,45.588684,7.14671414466499,0.0045119465684546,0.0061885403,-0.0016765936853336324,0.0026653304964548,0.0035115615,-0.0008462310500198952
standard_NN,10,350,2,679,12.715693045087615,13.654369,-0.9386763091604315,50.86277218035046,55.915276,-5.052503393380007,114.44123740578854,116.529915,-2.0886774501684897,203.45108872140185,215.52278,-12.071692650668467,0.0015762091114907,0.0049953586,-0.003419149530699995,0.0008996610844266,0.0020799253,-0.0011802641825992284
standard_NN,10,350,2,680,7.111449407938019,6.443323,0.6681262725620423,28.445797631752075,22.827515,5.618282983314575,64.00304467144217,55.322113,8.680931634332794,113.7831905270083,95.81566,17.967531957672364,0.0006080399770383,0.0007600468,-0.00015200684637760526,0.0002172950605688,0.00023867298,-2.1377915114784808e-05
standard_NN,10,350,2,681,2.3262943217981635,2.720924,-0.3946295788060845,9.305177287192654,10.681822,-1.376644535927463,20.93664889618347,22.044407,-1.1077579946856702,37.22070914877062,45.09681,-7.876100238436415,0.0532272487559678,0.036858577,0.01636867147473115,0.0253911774587157,0.018389374,0.007001803441000248
standard_NN,10,350,2,682,6.703332993137632,7.0941987,-0.39086571062823694,26.81333197255053,28.882715,-2.0693832526691978,60.329996938238686,65.68431,-5.354313974847251,107.25332789020212,116.64202,-9.388693288997104,0.0028042050807864,0.0013291129,0.0014750921663955379,0.0016058745768471,0.00081511436,0.0007907602212010262
standard_NN,10,350,2,683,3.4167048552873016,3.294662,0.12204285653852232,13.666819421149206,13.274794,0.39202579627127676,30.75034369758572,27.533371,3.2169727259060323,54.667277684596826,51.30715,3.360125890163232,0.0409495839954854,0.051261228,-0.010311643582439328,0.022333718135023,0.025872942,-0.003539223925209164
standard_NN,10,350,2,684,27.63327114374906,25.11152,2.5217503765371454,110.53308457499624,101.34882,9.184261027632957,248.6994402937416,227.4028,21.296638780069713,442.13233829998495,398.82983,43.30250431560995,7.354604022319072e-05,0.0033363046,-0.003262758525668433,2.9946699326518685e-05,0.0017773408,-0.0017473940750978554
standard_NN,10,350,2,685,28.812030067706008,29.350836,-0.5388057324648905,115.24812027082405,116.61247,-1.3643522633556415,259.3082706093541,269.6563,-10.34804042580214,460.9924810832961,469.70557,-8.713085322953873,2.523627297373658e-05,0.0068694125,-0.006844176219986955,1.3056983533431842e-05,0.004532885,-0.004519827822861145
standard_NN,10,350,2,686,8.64887141254869,8.4172125,0.23165892628160023,34.59548565019476,33.793396,0.8020896541010103,77.83984271293822,74.13077,3.7090748906725963,138.38194260077904,139.61192,-1.2299806169943963,0.000815304589808,0.0022263243,-0.001411019696503865,0.0003279359671119,0.0010719119,-0.0007439759201538418
standard_NN,10,350,2,687,22.79618739416724,22.452097,0.34409045508032676,91.18474957666896,87.98429,3.200458500008807,205.1656865475052,203.86923,1.296454369770828,364.7389983066759,355.92667,8.812332046910285,2.695011396215442e-05,0.0058017364,-0.005774786263217468,1.363979494265097e-05,0.0035197127,-0.0035060729195357226
standard_NN,10,350,2,688,2.324084041233112,2.2769113,0.04717278253560231,9.296336164932448,9.768618,-0.4722814650724345,20.916756371098007,18.512272,2.4044844899944913,37.18534465972979,38.887245,-1.701900518492863,0.0182342589116,0.047009666,-0.0287754066073991,0.0093112983554116,0.0235484,-0.014237101674128462
standard_NN,10,350,2,689,2.4808285055534465,2.4258142,0.05501435378953046,9.923314022213786,9.103378,0.8199357263153484,22.32745654998102,19.433086,2.894370154717347,39.69325608885514,30.806587,8.886668869616855,0.0985140488485558,0.043881077,0.05463297152917218,0.0443862936954511,0.022088366,0.022297928066135723
standard_NN,10,350,2,690,3.855013621688679,4.4837513,-0.6287376753083915,15.420054486754715,17.316319,-1.8962640252081755,34.69512259519811,38.147118,-3.4519950195479865,61.68021794701886,72.31134,-10.63112238501239,0.0959053116717678,0.03298183,0.06292348009136733,0.0510369381099283,0.016254628,0.03478231003277891
standard_NN,10,350,2,691,17.94961704808851,20.069683,-2.1200660268626628,71.79846819235404,78.244255,-6.445786873563932,161.54655343279657,177.31573,-15.769181430484679,287.19387276941615,317.44998,-30.25610892003698,0.0003485282831036,-0.0022865795,0.0026351077430092243,0.0001684275066225,-0.0007578967,0.0009263241972519227
standard_NN,10,350,2,692,5.634114891015761,6.417005,-0.7828901710875105,22.536459564063044,24.466019,-1.9295591126947684,50.70703401914186,54.432476,-3.725442024559314,90.14583825625218,99.15474,-9.008901123630636,0.0033260561291004,-0.00422044,0.007546496181550103,0.001721058476955,-0.001975265,0.00369632357569069
standard_NN,10,350,2,693,8.298360489473515,7.074872,1.2234884725667765,33.19344195789406,28.161676,5.031765551033708,74.68524440526163,61.107883,13.577360951892487,132.77376783157624,116.77542,15.998346688998112,2.2866394499188017e-05,0.0020133625,-0.001990496083965654,1.1330540445061387e-05,0.0008736021,-0.0008622715713787955
standard_NN,10,350,2,694,5.792866871996669,5.067786,0.7250806552608289,23.171467487986675,21.16221,2.009257023509136,52.13580184797003,44.2801,7.855700071846982,92.6858699519467,79.51838,13.167490740520918,0.0003201137451497,-0.0023390315,0.0026591452924576682,0.0001137790247182,-0.001107497,0.0012212760490680683
standard_NN,10,350,2,695,19.13495466765149,20.119717,-0.984761976635621,76.53981867060597,79.20442,-2.664603326464345,172.21459200886343,179.94821,-7.733619661058441,306.15927468242387,318.44806,-12.28878439960738,0.0002944669230491,0.0017500288,-0.0014555618855521006,0.0001476533684983,0.00090023375,-0.0007525803780079738
standard_NN,10,350,2,696,40.39555485052529,34.71685,5.678704569763575,161.58221940210117,138.82054,22.761678020265236,363.5599936547276,322.16772,41.39226904535258,646.3288776084047,561.4925,84.83638493262345,9.441400375201815e-05,0.00090362184,-0.0008092078360730458,4.579064833803763e-05,0.0015505712,-0.0015047805297480645
standard_NN,10,350,2,697,4.392348619938861,4.0229473,0.3694013085374941,17.569394479755445,15.229876,2.33951891518025,39.53113757944976,33.05763,6.473508947857965,70.27757791902178,54.40921,15.868367713943655,0.0004764442167707,-0.0015784473,0.0020548915093295487,0.0001797047693971,-0.0002637036,0.0004434083780496768
standard_NN,10,350,2,698,4.2503758006177925,4.0548,0.19557576704845658,17.00150320247117,14.91526,2.086242887529764,38.253382205560136,33.331955,4.921427249505449,68.00601280988468,56.201813,11.804200065744055,0.0008327195242109,0.003530218,-0.002697498508909136,0.0003721672345139,0.0022847587,-0.001912591489758351
standard_NN,10,350,2,699,8.264012232904452,7.4572806,0.8067315970707121,33.05604893161781,28.945576,4.110473217506481,74.37611009614007,64.21171,10.164402027292411,132.22419572647124,118.743675,13.480520494537643,0.0002509588682984,0.0015316462,-0.001280687369410228,8.868421414837076e-05,0.0010010722,-0.0009123880184631066
standard_NN,10,350,2,700,8.07605471198222,9.167358,-1.09130368645528,32.30421884792888,37.410458,-5.106238763155105,72.68449240783998,84.13614,-11.451646508175642,129.21687539171552,149.22401,-20.007138890511044,0.0021613745269,0.0018462582,0.00031511634761536775,0.0011161830707037,0.0006826642,0.0004335188504823594
standard_NN,10,350,2,701,14.2229337089186,14.331164,-0.10823065112778707,56.8917348356744,57.123463,-0.23172784132755453,128.0064033802674,124.48611,3.5202965077087924,227.5669393426976,221.0027,6.564238537033532,0.0004428414806659,0.004058957,-0.0036161156192486507,0.0001552675495042,0.0013778895,-0.0012226219877482856
standard_NN,10,350,2,702,6.929263104376097,6.437552,0.4917111291258527,27.717052417504387,24.482954,3.2340983922358326,62.36336793938487,57.969887,4.393481159599716,110.86820967001756,108.01568,2.8525312642558447,0.002632910235679,0.006109067,-0.0034761565375269953,0.0012153333447168,0.002822025,-0.001606691635843145
standard_NN,10,350,2,703,16.97659418086485,18.924236,-1.9476421167425713,67.9063767234594,74.68332,-6.7769423683374725,152.78934762778366,165.39012,-12.600773832177282,271.6255068938376,297.9619,-26.33640716866239,0.0001349380679212,0.0020171735,-0.0018822353825189684,5.308821386626992e-05,0.0013728115,-0.001319723287048125
standard_NN,10,350,2,704,6.831497759354942,7.0846543,-0.2531565718523332,27.32599103741977,27.633081,-0.3070903987374578,61.48347983419448,65.2706,-3.7871195310398917,109.30396414967908,115.11576,-5.811796653543581,0.0071918077761791,0.0075026792,-0.00031087147123000543,0.0031726863596985,0.003447946,-0.00027525956850257957
standard_NN,10,350,2,705,2.85935397342903,2.253631,0.6057228584693131,11.43741589371612,8.70117,2.7362459260647523,25.73418576086128,21.370853,4.363332336789014,45.74966357486448,35.305397,10.444266541173072,0.0085457363139333,0.004385929,0.004159807224893735,0.0041410458204205,0.0021682284,0.0019728174363131488
standard_NN,10,350,2,706,2.4877669875267743,1.7439704,0.7437965933922528,9.951067950107095,6.5098057,3.4412622707858063,22.38990288774097,14.457645,7.932257471481204,39.80427180042839,21.704887,18.09938441029167,0.0018842706390763,0.011330628,-0.009446357197210722,0.0011450870024938,0.0056497804,-0.0045046933864276995
standard_NN,10,350,2,707,2.451173278605219,1.5727677,0.8784055440776313,9.804693114420877,7.9451694,1.8595236655683376,22.06055950744697,12.672955,9.3876049481208,39.21877245768351,30.612923,8.605849789226475,0.1549682266181138,0.08826916,0.06669906742030648,0.0712397021824571,0.0447376,0.02650210239236081
standard_NN,10,350,2,708,1.8701541496723308,1.9753237,-0.10516952739065744,7.480616598689323,7.8100605,-0.32944390240930943,16.831387347050978,12.854374,3.977013415166212,29.922466394757294,30.76307,-0.8406027580747377,0.0489463112801202,0.04380678,0.0051395311504491,0.0250917709334481,0.02208103,0.0030107404007303946
standard_NN,10,350,2,709,13.36517271273798,13.635919,-0.27074590451055514,53.46069085095192,56.33881,-2.8781191160890955,120.2865544146418,116.28871,3.9978428667902364,213.84276340380768,213.33084,0.5119223393545553,0.0002961795766746,0.0007773857,-0.0004812061447742089,0.0001659880138245,0.00024947632,-8.348830372462436e-05
standard_NN,10,350,2,710,2.8675305533945794,2.860579,0.006951539570116516,11.470122213578318,10.871473,0.5986489012003879,25.807774980551216,23.46407,2.3437056140961374,45.88048885431327,42.663895,3.216594200992958,0.030246708697937,0.026785836,0.0034608730741958506,0.0168075716938603,0.013095521,0.0037120503257739614
standard_NN,10,350,2,711,5.169604339436905,5.7269115,-0.5573072053628998,20.67841735774762,21.72718,-1.0487631232094117,46.52643905493215,48.46402,-1.9375807204584774,82.71366943099048,80.92875,1.784920346517822,0.0009109147341291,-0.00031169032,0.0012226050585808744,0.0004792415002242,0.00042371606,5.552543917412768e-05
standard_NN,10,350,2,712,2.9445639806828345,3.0728016,-0.12823760928298578,11.778255922731338,12.919207,-1.1409506965313572,26.50107582614552,25.14917,1.3519059042705202,47.11302369092535,47.102547,0.010476999030821332,0.0090562749712983,0.04484743,-0.035791153827377235,0.0060744726513251,0.022688257,-0.016613783925332196
standard_NN,10,350,2,713,2.348835347275052,1.9496269,0.3992084246676302,9.395341389100208,6.588312,2.8070292400523567,21.13951812547547,12.328419,8.811099393786016,37.58136555640083,27.231636,10.349729509037552,0.0126314760013717,0.027470179,-0.0148387029007775,0.0053633691619596,0.013287434,-0.007924065192464877
standard_NN,10,350,2,714,3.06977565574086,3.5077333,-0.4379576892908781,12.27910262296344,13.47937,-1.2002674942240592,27.62798090166774,30.762054,-3.1340735416916345,49.11641049185376,50.15618,-1.0397708435954556,0.0061619161821298,0.017138684,-0.010976767986328184,0.0036184813168752,0.008213255,-0.004594773306239863
standard_NN,10,350,2,715,4.988652898520612,5.46703,-0.47837714984974955,19.954611594082447,20.433165,-0.4785530024751701,44.89787608668552,46.186775,-1.2888991208340101,79.81844637632979,79.75407,0.0643799090446322,0.0019618759175075,0.005586234,-0.0036243580038415484,0.0007326411208186,0.0029634458,-0.0022308047270354183
standard_NN,10,350,2,716,3.17511829308196,3.7600713,-0.5849529845364483,12.70047317232784,13.902475,-1.2020021847278244,28.57606463773764,33.038445,-4.462379881305328,50.80189268931136,58.76133,-7.9594369615675475,0.0027367120014591,0.005992006,-0.0032552940433757524,0.0016983443826759,0.003057183,-0.0013588386166518789
standard_NN,10,350,2,717,5.785582401500091,4.832659,0.9529236337998954,23.142329606000363,17.186466,5.955863388959347,52.07024161350081,37.315384,14.754857702368,92.56931842400144,68.643814,23.925504337087375,0.0002742914990352,-0.0012933769,0.0015676684020848478,0.0001159216327758,-0.00029173828,0.00040765991356945196
standard_NN,10,350,2,718,3.8670430047944016,5.0511026,-1.1840596334502274,15.468172019177606,18.119146,-2.6509743278682922,34.80338704314961,43.6531,-8.849712016908981,61.872688076710425,73.59285,-11.720161654734888,0.009454606510343,0.010637302,-0.0011826954413038052,0.0036640627351547,0.00492787,-0.0012638071510051967
standard_NN,10,350,2,719,37.46793028688852,34.00033,3.467598408226408,149.87172114755407,135.54225,14.329469560640007,337.2113725819966,313.94897,23.262397972621613,599.4868845902163,543.6751,55.81177472693503,0.000118825692371,0.0035734847,-0.003454659026428591,5.959415156976146e-05,0.0029851657,-0.0029255715357081515
standard_NN,10,350,2,720,4.6799548980400605,5.0785117,-0.39855681689524225,18.71981959216024,20.067188,-1.3473686707792147,42.11959408236054,44.98405,-2.8644566683718793,74.87927836864097,76.4419,-1.5626237920035635,0.0020432057793048,0.006371544,-0.004328338429072799,0.0008199053378851,0.0031323459,-0.002312440515488308
standard_NN,10,350,2,721,6.3140088512631936,6.311758,0.0022508098813576183,25.25603540505277,24.604595,0.6514402207265988,56.82607966136874,57.627155,-0.8010756425863406,101.0241416202111,102.409935,-1.3857933773474969,0.0012380003656837,0.006620712,-0.005382711746951674,0.0006181596136896,0.0030771855,-0.0024590258662344827
standard_NN,10,350,2,722,6.962408835301998,6.943283,0.019125754247310667,27.849635341208,25.829712,2.0199234271454998,62.66167951771798,62.550953,0.11072660634102505,111.39854136483196,114.45785,-3.0593062303828873,0.0026281286738265,0.008431385,-0.005803256597424701,0.0009297598434335,0.0042055077,-0.003275747848516106
standard_NN,10,350,2,723,22.82328998045657,22.230503,0.5927868981811777,91.29315992182627,88.143425,3.1497349340333045,205.4096098241092,200.36604,5.043566733288884,365.1726396873052,354.6752,10.497438271289582,0.0001444960139757,0.0013566731,-0.0012121770637044706,8.01241515667132e-05,0.0015862399,-0.001506115749804587
standard_NN,10,350,2,724,4.719518620313517,3.8256617,0.8938569610727942,18.878074481254068,15.495939,3.3821352264933253,42.47566758282164,37.579502,4.896165477108752,75.51229792501627,60.172684,15.339614209195958,0.002887839066605,0.004166947,-0.0012791081454652268,0.0012213367887312,0.0023600936,-0.0011387568514323407
standard_NN,10,350,2,725,16.32848496436736,17.802416,-1.4739308834109615,65.31393985746944,70.19645,-4.882509422315721,146.95636467930626,155.05106,-8.094691228896863,261.25575942987774,279.128,-17.87223129277851,0.0013477888086776,-0.0061406344,0.007488423226211474,0.0008858269544482,-0.0023907626,0.0032765895126551157
standard_NN,10,350,2,726,19.795511033793485,19.920462,-0.12495062086960118,79.18204413517394,78.45975,0.722296820720814,178.15959930414138,177.53687,0.6227340697663806,316.72817654069576,315.8413,0.8868679469457561,0.000184434989813,0.00044202764,-0.00025759264838767044,0.0001185555623363,0.00059674366,-0.0004781880967800278
standard_NN,10,350,2,727,2.4344568642220232,2.1629152,0.27154163442465995,9.737827456888091,9.475515,0.2623120912875052,21.910111777998207,22.401714,-0.491602546952965,38.95130982755237,35.348442,3.602867749915653,0.0033726576939966,0.0059489156,-0.0025762579179559432,0.0018438815273234,0.0034385426,-0.0015946610696724306
standard_NN,10,350,2,728,7.776034232672879,7.587302,0.18873202472610195,31.10413693069152,29.235302,1.8688349592559739,69.9843080940559,68.35304,1.6312654915168423,124.41654772276608,118.64265,5.773900933215302,0.0011360476795986,0.0012626882,-0.0001266405148029621,0.000635778640247,0.0005579601,7.78185127666719e-05
standard_NN,10,350,2,729,15.088662328999805,16.64691,-1.5582473847453127,60.35464931599922,67.3727,-7.018054236246876,135.79796096099827,148.5354,-12.737439429626733,241.41859726399687,262.13522,-20.716626124675003,0.0001975135823886,0.00030362472,-0.00010611113932103882,0.0001183990386086,-1.1383178e-05,0.00012978221699782376
standard_NN,10,350,2,730,22.200328241148654,21.720226,0.4801019533068569,88.80131296459462,86.58845,2.212865393793834,199.8029541703379,186.09102,13.711935493580086,355.20525185837846,333.10144,22.10381142869096,1.0200858923463462e-05,0.00028302992,-0.000272829061032416,3.175237763357828e-06,0.00011929302,-0.00011611778350764745
standard_NN,10,350,2,731,11.826310812541507,11.011018,0.8152930131640659,47.30524325016604,46.07103,1.2342135870801059,106.4367973128736,95.53091,10.9058906356275,189.2209730006641,174.35617,14.864802346367213,0.0001878495524759,-0.00022843009,0.0004162796387570506,9.1178685943781e-05,-0.00038301884,0.00047419752209000153
standard_NN,10,350,2,732,4.258804167384981,4.5001826,-0.24137846124661078,17.035216669539924,17.44373,-0.40851273109484154,38.32923750646482,39.049423,-0.7201857113086163,68.1408666781597,67.69983,0.44103757659719633,0.0005938625076527,0.000515292,7.857051647475362e-05,0.0002652633967712,0.00027244297,-7.179568298585715e-06
standard_NN,10,350,2,733,10.450616472858064,11.772941,-1.3223241628230884,41.802465891432256,47.922962,-6.120496297288447,94.05554825572258,102.476555,-8.421006614882884,167.20986356572902,187.10168,-19.891821004583477,0.000102046485343,0.0020895046,-0.0019874581328546796,4.25207167296738e-05,0.00018255497,-0.00014003425306723707
standard_NN,10,350,2,734,10.26519806986247,10.437618,-0.17242018575276497,41.06079227944988,42.216328,-1.1555353877864505,92.38678262876223,90.841064,1.5457181756372336,164.2431691177995,173.28204,-9.03887433923174,0.0031203248098543,0.004019314,-0.0008989891476878808,0.0017496207120821,0.001662357,8.72637002721549e-05
standard_NN,10,350,2,735,20.500990725635813,20.659887,-0.15889658820696084,82.00396290254325,82.93238,-0.9284177737262809,184.5089165307224,186.06564,-1.556726779824487,328.015851610173,331.23856,-3.2227042980301235,7.024558829213636e-05,0.004072214,-0.004001968422810778,3.3618747071328135e-05,0.0022564528,-0.0022228340573599912
standard_NN,10,350,2,736,8.216473521237178,8.349537,-0.13306337451477468,32.865894084948714,34.267033,-1.4011385383423018,73.94826169113462,71.97949,1.9687695036346184,131.46357633979486,134.32877,-2.86518952934577,0.0001856042743032,-0.0017620128,0.0019476171089639089,9.106865172602254e-05,-0.0007576308,0.0008486994497603925
standard_NN,10,350,2,737,5.475905731902349,5.8757596,-0.39985386969066816,21.9036229276094,22.059847,-0.1562239504423566,49.28315158712115,49.30714,-0.023988763220650355,87.61449171043759,87.909225,-0.29473375342959685,0.0035056360035557,0.00479735,-0.001291714146045998,0.0013185890230823,0.0022583662,-0.0009397771835785668
standard_NN,10,350,2,738,11.802040268467303,11.920218,-0.11817819924509898,47.20816107386921,47.561996,-0.35383538609172405,106.21836241620572,97.13202,9.086343373236971,188.83264429547685,184.75562,4.077029061101854,0.0001676842908172,0.003399166,-0.0032314817548932443,8.347402069280407e-05,0.0017589735,-0.0016754994427456472
standard_NN,10,350,2,739,1.7680090257619416,1.6098695,0.158139545628885,7.072036103047767,6.560198,0.5118382728475721,15.912081231857474,9.730381,6.181700219894584,28.288144412191063,19.61811,8.670033755452781,0.0635576442395264,0.02753513,0.03602251490102351,0.0347494063100534,0.013392697,0.021356709221633012
standard_NN,10,350,2,740,23.533263201206267,26.211945,-2.6786813788718575,94.13305280482508,104.53818,-10.405124685409291,211.79936881085644,236.94101,-25.14164071062794,376.5322112193003,415.50275,-38.97053536273097,9.225500066163006e-05,0.003499147,-0.003406892015893441,3.0184355324552822e-05,0.0018320906,-0.0018019061957090631
standard_NN,10,350,2,741,4.258611667534818,4.9845953,-0.725983631232272,17.03444667013927,19.788885,-2.7544384464378773,38.327505007813365,44.939056,-6.61155138867101,68.13778668055708,77.57287,-9.435081666610884,0.0034791735963405,0.007850576,-0.004371402595800079,0.0020158030500474,0.0038277586,-0.001811955549025295
standard_NN,10,350,2,742,5.890543392121846,6.1526456,-0.2621021957992964,23.562173568487385,24.906145,-1.3439715273378106,53.01489052909663,54.08308,-1.0681897626514143,94.24869427394954,98.4934,-4.24470629978093,0.0061128368749427,0.0011764868,0.004936350035402397,0.0029370319829915,0.00089372357,0.002043308414112432
standard_NN,10,350,2,743,8.70935843963217,7.7278266,0.9815318443257741,34.83743375852868,31.22165,3.6157845886068074,78.38422595668953,69.988266,8.395959965478596,139.34973503411473,126.72225,12.627483142024886,0.0007306837680434,0.0020520636,-0.0013213798200095881,0.0002777775624755,0.00086632196,-0.0005885444007825877
standard_NN,10,350,2,744,3.58729335434284,3.7456207,-0.1583273731962227,14.349173417371356,14.511015,-0.16184152098313653,32.285640189085555,36.476376,-4.190735390748429,57.39669366948543,51.678123,5.718570195364336,0.003203852546207,0.008463319,-0.005259466844805192,0.0012557185145897,0.0044434895,-0.0031877709661739737
standard_NN,10,350,2,745,4.3731194850572335,4.135092,0.23802770344102253,17.492477940228934,17.596718,-0.10423989424372238,39.35807536551511,36.136944,3.221131548376441,69.96991176091574,64.20671,5.763200945486048,6.922992682248785e-05,-0.0010195764,0.0010888063748383564,2.926704403553005e-05,-0.00037307743,0.00040234447735901767
standard_NN,10,350,2,746,18.39583685980177,18.451849,-0.05601212396287991,73.58334743920707,73.35737,0.22597896996879285,165.56253173821594,162.66016,2.902375488215938,294.3333897568283,290.78528,3.5481114365157964,0.0001625122758177,0.00012857706,3.393521994248804e-05,7.825476855509e-05,-0.0005864337,0.0006646884539397808
standard_NN,10,350,2,747,6.667520132070138,6.4997883,0.1677318477683798,26.67008052828055,24.684376,1.9857047653410973,60.00768118863123,55.943066,4.0646155453206845,106.6803221131222,100.81514,5.865182342614389,0.0007787565873301,0.0022006994,-0.0014219428240025071,0.000351187700825,0.0011010716,-0.0007498838962519524
standard_NN,10,350,2,748,23.62487300992673,25.996061,-2.3711883151465116,94.49949203970694,103.76671,-9.267216334316501,212.6238570893406,234.89926,-22.275404385268786,377.99796815882775,411.88934,-33.891375102891004,7.434995514011049e-05,0.0013593781,-0.0012850281489580307,2.398574146526293e-05,0.00037354944,-0.00034956369778057204
standard_NN,10,350,2,749,20.297072309396807,19.885063,0.4120091380100881,81.18828923758723,79.416466,1.7718234783098836,182.6736507845713,177.10838,5.565267605860356,324.7531569503489,309.25452,15.49864034878641,2.315686944939018e-05,0.00403564,-0.0040124831728258,1.4379707688878902e-05,0.002401049,-0.002386669308354665
