model,training_percentage,training_samples,repeat,epoch,training_loss,validation_loss
standard_NN,5,175,1,1,0.9627017676830292,0.9148503541946411
standard_NN,5,175,1,2,0.9383955001831055,0.8960513472557068
standard_NN,5,175,1,3,0.9367589155832926,0.8761767745018005
standard_NN,5,175,1,4,0.8996949195861816,0.8534611463546753
standard_NN,5,175,1,5,0.866214394569397,0.8267530202865601
standard_NN,5,175,1,6,0.911500891049703,0.7946221828460693
standard_NN,5,175,1,7,0.8005813558896383,0.7555221915245056
standard_NN,5,175,1,8,0.8111397425333658,0.708929717540741
standard_NN,5,175,1,9,0.7020879586537679,0.6554506421089172
standard_NN,5,175,1,10,0.6155593395233154,0.5978868007659912
standard_NN,5,175,1,11,0.6380221744378408,0.5407109260559082
standard_NN,5,175,1,12,0.4834689696629842,0.4876207113265991
standard_NN,5,175,1,13,0.43636765082677204,0.44640371203422546
standard_NN,5,175,1,14,0.3765058120091756,0.42177626490592957
standard_NN,5,175,1,15,0.4241337428490321,0.4089494049549103
standard_NN,5,175,1,16,0.3389355192581813,0.39875975251197815
standard_NN,5,175,1,17,0.39247746268908185,0.38794904947280884
standard_NN,5,175,1,18,0.37558217843373615,0.3762301802635193
standard_NN,5,175,1,19,0.30121822903553647,0.3675370216369629
standard_NN,5,175,1,20,0.36057384063800174,0.3617182672023773
standard_NN,5,175,1,21,0.28608336796363193,0.3559182286262512
standard_NN,5,175,1,22,0.27585141609112424,0.34997227787971497
standard_NN,5,175,1,23,0.26665475219488144,0.3409823477268219
standard_NN,5,175,1,24,0.2631066714723905,0.3321893811225891
standard_NN,5,175,1,25,0.2548748627305031,0.32637104392051697
standard_NN,5,175,1,26,0.24508095160126686,0.3221953213214874
standard_NN,5,175,1,27,0.2427463506658872,0.3164774775505066
standard_NN,5,175,1,28,0.23492765923341116,0.31073227524757385
standard_NN,5,175,1,29,0.22980563590923944,0.30668699741363525
standard_NN,5,175,1,30,0.2729669710000356,0.3035613000392914
standard_NN,5,175,1,31,0.2657974337538083,0.29819726943969727
standard_NN,5,175,1,32,0.21488775312900543,0.2930092513561249
standard_NN,5,175,1,33,0.20880367110172907,0.2905939221382141
standard_NN,5,175,1,34,0.2434895783662796,0.2879466712474823
standard_NN,5,175,1,35,0.19986312836408615,0.2820853292942047
standard_NN,5,175,1,36,0.23321605225404105,0.2803790271282196
standard_NN,5,175,1,37,0.22463380172848701,0.27841663360595703
standard_NN,5,175,1,38,0.18167431155840555,0.27467337250709534
standard_NN,5,175,1,39,0.18002652873595557,0.27231162786483765
standard_NN,5,175,1,40,0.172486441830794,0.2698109447956085
standard_NN,5,175,1,41,0.1650087758898735,0.26782292127609253
standard_NN,5,175,1,42,0.15958666056394577,0.26662546396255493
standard_NN,5,175,1,43,0.15656530360380808,0.263109028339386
standard_NN,5,175,1,44,0.1496413598457972,0.2601170241832733
standard_NN,5,175,1,45,0.145282452305158,0.25991442799568176
standard_NN,5,175,1,46,0.1402177301545938,0.25971633195877075
standard_NN,5,175,1,47,0.13806122913956642,0.25692152976989746
standard_NN,5,175,1,48,0.13315956791241965,0.2544962167739868
standard_NN,5,175,1,49,0.12805246685942015,0.2524835467338562
standard_NN,5,175,1,50,0.12281312669316928,0.2535329759120941
standard_NN,5,175,1,51,0.1176614339152972,0.24992914497852325
standard_NN,5,175,1,52,0.11371753613154094,0.2474433332681656
standard_NN,5,175,1,53,0.10705534120400746,0.24799403548240662
standard_NN,5,175,1,54,0.1031051663060983,0.2476370930671692
standard_NN,5,175,1,55,0.09955446794629097,0.24434618651866913
standard_NN,5,175,1,56,0.09728732953468959,0.24434839189052582
standard_NN,5,175,1,57,0.09251452858249347,0.2455139458179474
standard_NN,5,175,1,58,0.0874301182727019,0.24209991097450256
standard_NN,5,175,1,59,0.08443261682987213,0.24272973835468292
standard_NN,5,175,1,60,0.08122319479783376,0.24453873932361603
standard_NN,5,175,1,61,0.08937750570476055,0.24167025089263916
standard_NN,5,175,1,62,0.0712335854768753,0.24073512852191925
standard_NN,5,175,1,63,0.07761898388465245,0.2417997568845749
standard_NN,5,175,1,64,0.06510855381687482,0.24249164760112762
standard_NN,5,175,1,65,0.061715989063183464,0.24062515795230865
standard_NN,5,175,1,66,0.06543997675180435,0.2413662075996399
standard_NN,5,175,1,67,0.05474171849588553,0.24115628004074097
standard_NN,5,175,1,68,0.05469505488872528,0.24248814582824707
standard_NN,5,175,1,69,0.050609324127435684,0.2448267638683319
standard_NN,5,175,1,70,0.052179304882884026,0.24277077615261078
standard_NN,5,175,1,71,0.044966996336976685,0.24190792441368103
standard_NN,5,175,1,72,0.045540000001589455,0.24457888305187225
standard_NN,5,175,1,73,0.04174181943138441,0.2429502159357071
standard_NN,5,175,1,74,0.04079071866969267,0.2437293529510498
standard_NN,5,175,1,75,0.03809611809750398,0.24584342539310455
standard_NN,5,175,1,76,0.033582997818787895,0.2437301129102707
standard_NN,5,175,1,77,0.03401251013080279,0.24529440701007843
standard_NN,5,175,1,78,0.03373117993275324,0.2462281882762909
standard_NN,5,175,1,79,0.02964077517390251,0.2438652366399765
standard_NN,5,175,1,80,0.02868545614182949,0.24750414490699768
standard_NN,5,175,1,81,0.027740253135561943,0.24579817056655884
standard_NN,5,175,1,82,0.027091699962814648,0.24542047083377838
standard_NN,5,175,1,83,0.024865800514817238,0.24490144848823547
standard_NN,5,175,1,84,0.02292385883629322,0.2468498796224594
standard_NN,5,175,1,85,0.022651371856530506,0.24778306484222412
standard_NN,5,175,1,86,0.022122522816061974,0.24669422209262848
standard_NN,5,175,1,87,0.020107664167881012,0.24820996820926666
standard_NN,5,175,1,88,0.019422806178530056,0.2480321228504181
standard_NN,5,175,1,89,0.018584559361139934,0.24628010392189026
standard_NN,5,175,1,90,0.017948164294163387,0.24777479469776154
standard_NN,5,175,1,91,0.017675043394168217,0.2482181042432785
standard_NN,5,175,1,92,0.016528725003202755,0.2473897635936737
standard_NN,5,175,1,93,0.016724655715127785,0.2490818202495575
standard_NN,5,175,1,94,0.016588350447515648,0.24797499179840088
standard_NN,5,175,1,95,0.015596251003444195,0.24854758381843567
standard_NN,5,175,1,96,0.014692294721802076,0.24716781079769135
standard_NN,5,175,1,97,0.014651177451014519,0.2505646049976349
standard_NN,5,175,1,98,0.014505264659722647,0.24827663600444794
standard_NN,5,175,1,99,0.01346938374141852,0.24783778190612793
standard_NN,5,175,1,100,0.01279466071476539,0.25158071517944336
standard_NN,5,175,1,101,0.01332637295126915,0.2485695332288742
standard_NN,5,175,1,102,0.013778559553126494,0.2488155961036682
standard_NN,5,175,1,103,0.014082848094403744,0.25073158740997314
standard_NN,5,175,1,104,0.012345843637983004,0.24789224565029144
standard_NN,5,175,1,105,0.01214253685126702,0.2517454922199249
standard_NN,5,175,1,106,0.012596458196640015,0.2484804093837738
standard_NN,5,175,1,107,0.011623065608243147,0.24931661784648895
standard_NN,5,175,1,108,0.010801807045936584,0.2545067071914673
standard_NN,5,175,1,109,0.01095234788954258,0.2506212294101715
standard_NN,5,175,1,110,0.010717255684236685,0.25026968121528625
standard_NN,5,175,1,111,0.00972489376241962,0.2518196702003479
standard_NN,5,175,1,112,0.009657941448191801,0.24998624622821808
standard_NN,5,175,1,113,0.009328309136132399,0.2503235638141632
standard_NN,5,175,1,114,0.00889566664894422,0.25194618105888367
standard_NN,5,175,1,115,0.008839413989335299,0.25005701184272766
physics_guided_NN,5,175,1,1,0.9608076512813568,0.9180876612663269
physics_guided_NN,5,175,1,2,0.9423117836316427,0.9000190496444702
physics_guided_NN,5,175,1,3,0.9451349576314291,0.879550039768219
physics_guided_NN,5,175,1,4,0.9098659555117289,0.8552132844924927
physics_guided_NN,5,175,1,5,0.8743317723274231,0.8262081146240234
physics_guided_NN,5,175,1,6,0.9130079944928488,0.7918825149536133
physics_guided_NN,5,175,1,7,0.8054590026537577,0.7504214644432068
physics_guided_NN,5,175,1,8,0.811648408571879,0.7013447880744934
physics_guided_NN,5,175,1,9,0.7067074775695801,0.6447657346725464
physics_guided_NN,5,175,1,10,0.6174063483874003,0.5817248225212097
physics_guided_NN,5,175,1,11,0.6203001985947291,0.5159292817115784
physics_guided_NN,5,175,1,12,0.46671095987161,0.4521541893482208
physics_guided_NN,5,175,1,13,0.39999760190645856,0.399596631526947
physics_guided_NN,5,175,1,14,0.3338647931814194,0.3652184307575226
physics_guided_NN,5,175,1,15,0.3624066611131032,0.3475378155708313
physics_guided_NN,5,175,1,16,0.27908259133497876,0.33294785022735596
physics_guided_NN,5,175,1,17,0.31569676846265793,0.31588229537010193
physics_guided_NN,5,175,1,18,0.2975884824991226,0.2988271415233612
physics_guided_NN,5,175,1,19,0.22658425817886987,0.28667351603507996
physics_guided_NN,5,175,1,20,0.2698101190229257,0.2788265645503998
physics_guided_NN,5,175,1,21,0.20794307440519333,0.2716826796531677
physics_guided_NN,5,175,1,22,0.1978148197134336,0.26545172929763794
physics_guided_NN,5,175,1,23,0.19020703931649527,0.25936800241470337
physics_guided_NN,5,175,1,24,0.18478325133522353,0.25303709506988525
physics_guided_NN,5,175,1,25,0.17866242676973343,0.24557547271251678
physics_guided_NN,5,175,1,26,0.16869863122701645,0.23972764611244202
physics_guided_NN,5,175,1,27,0.16489755858977637,0.2339242398738861
physics_guided_NN,5,175,1,28,0.1582919384042422,0.2281942218542099
physics_guided_NN,5,175,1,29,0.1521761752665043,0.2239113301038742
physics_guided_NN,5,175,1,30,0.1816162330408891,0.2204093337059021
physics_guided_NN,5,175,1,31,0.17324036670227846,0.2139928638935089
physics_guided_NN,5,175,1,32,0.13434469078977904,0.20818369090557098
physics_guided_NN,5,175,1,33,0.12715666989485422,0.20362472534179688
physics_guided_NN,5,175,1,34,0.1491089935104052,0.20067624747753143
physics_guided_NN,5,175,1,35,0.11773649975657463,0.19563202559947968
physics_guided_NN,5,175,1,36,0.13503928358356157,0.19236251711845398
physics_guided_NN,5,175,1,37,0.1257925182580948,0.1878557652235031
physics_guided_NN,5,175,1,38,0.09922252719600995,0.18437282741069794
physics_guided_NN,5,175,1,39,0.09289149257043998,0.1810682713985443
physics_guided_NN,5,175,1,40,0.08741562130550544,0.17834174633026123
physics_guided_NN,5,175,1,41,0.08134360921879609,0.1753256916999817
physics_guided_NN,5,175,1,42,0.07565774644414584,0.17232438921928406
physics_guided_NN,5,175,1,43,0.07295017689466476,0.16873891651630402
physics_guided_NN,5,175,1,44,0.06734962202608585,0.1656002402305603
physics_guided_NN,5,175,1,45,0.06220572876433531,0.1633772850036621
physics_guided_NN,5,175,1,46,0.057755179703235626,0.16133922338485718
physics_guided_NN,5,175,1,47,0.054217456529537834,0.15886768698692322
physics_guided_NN,5,175,1,48,0.05012546665966511,0.15692704916000366
physics_guided_NN,5,175,1,49,0.04715972580015659,0.15486419200897217
physics_guided_NN,5,175,1,50,0.0434323555479447,0.15347447991371155
physics_guided_NN,5,175,1,51,0.04030016312996546,0.15197741985321045
physics_guided_NN,5,175,1,52,0.037070587587853275,0.1503763198852539
physics_guided_NN,5,175,1,53,0.03410228403906027,0.14895546436309814
physics_guided_NN,5,175,1,54,0.031108831676344078,0.14765916764736176
physics_guided_NN,5,175,1,55,0.029166077574094135,0.14635147154331207
physics_guided_NN,5,175,1,56,0.02699842086682717,0.14539788663387299
physics_guided_NN,5,175,1,57,0.02444473033150037,0.14447961747646332
physics_guided_NN,5,175,1,58,0.02260422520339489,0.14370080828666687
physics_guided_NN,5,175,1,59,0.021112213532129925,0.1435762494802475
physics_guided_NN,5,175,1,60,0.019392688293009996,0.14305336773395538
physics_guided_NN,5,175,1,61,0.020107409606377285,0.14229337871074677
physics_guided_NN,5,175,1,62,0.016400201867024105,0.14223475754261017
physics_guided_NN,5,175,1,63,0.016675082966685295,0.14174914360046387
physics_guided_NN,5,175,1,64,0.014503522465626398,0.14202888309955597
physics_guided_NN,5,175,1,65,0.013263376274456581,0.14111696183681488
physics_guided_NN,5,175,1,66,0.013346867014964422,0.14065241813659668
physics_guided_NN,5,175,1,67,0.011472076488037905,0.14114101231098175
physics_guided_NN,5,175,1,68,0.010493919098128876,0.1405200958251953
physics_guided_NN,5,175,1,69,0.009683603420853615,0.14036314189434052
physics_guided_NN,5,175,1,70,0.009496933004508415,0.13990846276283264
physics_guided_NN,5,175,1,71,0.008496364889045557,0.13975396752357483
physics_guided_NN,5,175,1,72,0.00840505724772811,0.1390930861234665
physics_guided_NN,5,175,1,73,0.007881847055008015,0.13939622044563293
physics_guided_NN,5,175,1,74,0.0073198783211410046,0.1392950713634491
physics_guided_NN,5,175,1,75,0.007062275738765796,0.1392900049686432
physics_guided_NN,5,175,1,76,0.006635979128380616,0.1395001858472824
physics_guided_NN,5,175,1,77,0.0062242237230141955,0.13841253519058228
physics_guided_NN,5,175,1,78,0.006186903842414419,0.13761687278747559
physics_guided_NN,5,175,1,79,0.005780574244757493,0.13805189728736877
physics_guided_NN,5,175,1,80,0.005506763545175393,0.13769011199474335
physics_guided_NN,5,175,1,81,0.005274221145858367,0.13813278079032898
physics_guided_NN,5,175,1,82,0.004812032915651798,0.13809508085250854
physics_guided_NN,5,175,1,83,0.004975204821676016,0.13796992599964142
physics_guided_NN,5,175,1,84,0.004516698652878404,0.13802053034305573
physics_guided_NN,5,175,1,85,0.004471850193416079,0.13761167228221893
physics_guided_NN,5,175,1,86,0.004183274228125811,0.1376573145389557
physics_guided_NN,5,175,1,87,0.0041878868360072374,0.13749103248119354
physics_guided_NN,5,175,1,88,0.003911132691428065,0.13712634146213531
physics_guided_NN,5,175,1,89,0.00369404962596794,0.13682611286640167
physics_guided_NN,5,175,1,90,0.003795494713510076,0.1366908997297287
physics_guided_NN,5,175,1,91,0.003745086103056868,0.13660281896591187
physics_guided_NN,5,175,1,92,0.0034765685753275952,0.13640527427196503
physics_guided_NN,5,175,1,93,0.003404490416869521,0.13648702204227448
physics_guided_NN,5,175,1,94,0.0033523864888896546,0.13634446263313293
physics_guided_NN,5,175,1,95,0.003243052400648594,0.13628485798835754
physics_guided_NN,5,175,1,96,0.0032206111742804446,0.1361335963010788
physics_guided_NN,5,175,1,97,0.003074414019162456,0.13601355254650116
physics_guided_NN,5,175,1,98,0.003125690699865421,0.13613629341125488
physics_guided_NN,5,175,1,99,0.00293847577025493,0.13612189888954163
physics_guided_NN,5,175,1,100,0.0030223939878245196,0.13588809967041016
physics_guided_NN,5,175,1,101,0.0028155114656935134,0.13588015735149384
physics_guided_NN,5,175,1,102,0.0028896472261597714,0.1357877105474472
physics_guided_NN,5,175,1,103,0.002642264706082642,0.13565705716609955
physics_guided_NN,5,175,1,104,0.0026627374657740197,0.1356702744960785
physics_guided_NN,5,175,1,105,0.0025431804436569414,0.13576017320156097
physics_guided_NN,5,175,1,106,0.0026113320297251144,0.13545852899551392
physics_guided_NN,5,175,1,107,0.002491664607077837,0.13537955284118652
physics_guided_NN,5,175,1,108,0.0025376040721312165,0.13536255061626434
physics_guided_NN,5,175,1,109,0.002536017602930466,0.13522817194461823
physics_guided_NN,5,175,1,110,0.002343679040980836,0.1351279467344284
physics_guided_NN,5,175,1,111,0.002314049440125624,0.13488611578941345
physics_guided_NN,5,175,1,112,0.0022787201839188733,0.13465286791324615
physics_guided_NN,5,175,1,113,0.0022281091660261154,0.13456597924232483
physics_guided_NN,5,175,1,114,0.002279414290872713,0.13451725244522095
physics_guided_NN,5,175,1,115,0.002097547558757166,0.1345188170671463
physics_guided_NN,5,175,1,116,0.002151112693051497,0.13443714380264282
physics_guided_NN,5,175,1,117,0.0021313285687938333,0.1342485398054123
physics_guided_NN,5,175,1,118,0.0021232652943581343,0.1345035880804062
physics_guided_NN,5,175,1,119,0.0020362775151928267,0.13434180617332458
physics_guided_NN,5,175,1,120,0.001973346690647304,0.13427779078483582
physics_guided_NN,5,175,1,121,0.0019284778196985524,0.13403968513011932
physics_guided_NN,5,175,1,122,0.002021033278045555,0.13399426639080048
physics_guided_NN,5,175,1,123,0.0019235236880679925,0.13391689956188202
physics_guided_NN,5,175,1,124,0.0018165923344592254,0.13375839591026306
physics_guided_NN,5,175,1,125,0.001821474249785145,0.13352970778942108
physics_guided_NN,5,175,1,126,0.001763571014938255,0.13338403403759003
physics_guided_NN,5,175,1,127,0.001747456573260327,0.13341286778450012
physics_guided_NN,5,175,1,128,0.0017044281121343374,0.13336500525474548
physics_guided_NN,5,175,1,129,0.001683426438830793,0.1332598477602005
physics_guided_NN,5,175,1,130,0.0016253746192281444,0.13327524065971375
physics_guided_NN,5,175,1,131,0.001619037512379388,0.13316859304904938
physics_guided_NN,5,175,1,132,0.0015677017314980428,0.13308343291282654
physics_guided_NN,5,175,1,133,0.0016181327324981491,0.1330575942993164
physics_guided_NN,5,175,1,134,0.0015730097463044028,0.13287115097045898
physics_guided_NN,5,175,1,135,0.0015220230755706627,0.13273267447948456
physics_guided_NN,5,175,1,136,0.0015010926484440763,0.13269342482089996
physics_guided_NN,5,175,1,137,0.0014640012523159385,0.13259461522102356
physics_guided_NN,5,175,1,138,0.0015196453508300085,0.1326558142900467
physics_guided_NN,5,175,1,139,0.0014630549897750218,0.1326686292886734
physics_guided_NN,5,175,1,140,0.0013819251907989383,0.13257868587970734
physics_guided_NN,5,175,1,141,0.0014189372304826975,0.13265486061573029
physics_guided_NN,5,175,1,142,0.0014331164226556818,0.13263244926929474
physics_guided_NN,5,175,1,143,0.0013743894329915445,0.13248369097709656
physics_guided_NN,5,175,1,144,0.0013970359577797353,0.13230231404304504
physics_guided_NN,5,175,1,145,0.001304638630244881,0.13205692172050476
physics_guided_NN,5,175,1,146,0.0012722254226294656,0.132040873169899
physics_guided_NN,5,175,1,147,0.0013479004070783656,0.13194727897644043
physics_guided_NN,5,175,1,148,0.001338254699173073,0.13192512094974518
physics_guided_NN,5,175,1,149,0.0012140377269436915,0.1318734735250473
physics_guided_NN,5,175,1,150,0.0012456073697345953,0.1317548006772995
physics_guided_NN,5,175,1,151,0.0012599908901999395,0.13184945285320282
physics_guided_NN,5,175,1,152,0.0011989294240872066,0.13171152770519257
physics_guided_NN,5,175,1,153,0.001142494302863876,0.1316358894109726
physics_guided_NN,5,175,1,154,0.0011457536602392793,0.13149723410606384
physics_guided_NN,5,175,1,155,0.0011679924403627713,0.1315317004919052
physics_guided_NN,5,175,1,156,0.0011241852189414203,0.13148579001426697
physics_guided_NN,5,175,1,157,0.0010712454677559435,0.13145659863948822
physics_guided_NN,5,175,1,158,0.0010890046639057498,0.13132047653198242
physics_guided_NN,5,175,1,159,0.0011157993770514925,0.13117270171642303
physics_guided_NN,5,175,1,160,0.0010841095548433561,0.13110625743865967
physics_guided_NN,5,175,1,161,0.001002029050141573,0.13106030225753784
physics_guided_NN,5,175,1,162,0.001009517601535966,0.13091494143009186
physics_guided_NN,5,175,1,163,0.0009564334565463165,0.13088123500347137
physics_guided_NN,5,175,1,164,0.0009644871267179648,0.13089948892593384
physics_guided_NN,5,175,1,165,0.0009503196730899314,0.13101187348365784
physics_guided_NN,5,175,1,166,0.0009416040848009288,0.13101957738399506
physics_guided_NN,5,175,1,167,0.0009622552509730061,0.1309971958398819
physics_guided_NN,5,175,1,168,0.0009419289029513797,0.13080807030200958
physics_guided_NN,5,175,1,169,0.0009060024943513175,0.13080981373786926
physics_guided_NN,5,175,1,170,0.0009220075250292817,0.13072794675827026
physics_guided_NN,5,175,1,171,0.0008705694150800506,0.13053852319717407
physics_guided_NN,5,175,1,172,0.0008830979544048508,0.13052412867546082
physics_guided_NN,5,175,1,173,0.0008370362726661066,0.13035829365253448
physics_guided_NN,5,175,1,174,0.0008665222558192909,0.13032159209251404
physics_guided_NN,5,175,1,175,0.0008101606508716941,0.13031205534934998
physics_guided_NN,5,175,1,176,0.0007938529209544262,0.13019512593746185
physics_guided_NN,5,175,1,177,0.0007951641649318238,0.13019710779190063
physics_guided_NN,5,175,1,178,0.0007799687058043977,0.13026441633701324
physics_guided_NN,5,175,1,179,0.0008187594939954579,0.1302478164434433
physics_guided_NN,5,175,1,180,0.000766652791450421,0.13018400967121124
physics_guided_NN,5,175,1,181,0.0007394258864223957,0.1300540566444397
physics_guided_NN,5,175,1,182,0.0007312629216661056,0.13001799583435059
physics_guided_NN,5,175,1,183,0.0007246485135207573,0.12998369336128235
physics_guided_NN,5,175,1,184,0.0007461135974153876,0.13003060221672058
physics_guided_NN,5,175,1,185,0.0007151583364854256,0.13003015518188477
physics_guided_NN,5,175,1,186,0.0006899701159757873,0.13004820048809052
physics_guided_NN,5,175,1,187,0.0006790317905445894,0.13007964193820953
physics_guided_NN,5,175,1,188,0.0007053020332629482,0.13002967834472656
physics_guided_NN,5,175,1,189,0.0006602962190906206,0.12995000183582306
physics_guided_NN,5,175,1,190,0.0006623789668083191,0.12989376485347748
physics_guided_NN,5,175,1,191,0.0006562011743274828,0.12982620298862457
physics_guided_NN,5,175,1,192,0.0006493816811901828,0.1297411322593689
physics_guided_NN,5,175,1,193,0.0006317067891359329,0.12983198463916779
physics_guided_NN,5,175,1,194,0.000614119654831787,0.12989541888237
physics_guided_NN,5,175,1,195,0.0006225361915615698,0.1298791468143463
physics_guided_NN,5,175,1,196,0.0006034225613499681,0.12978807091712952
physics_guided_NN,5,175,1,197,0.0006025707019337764,0.12977193295955658
physics_guided_NN,5,175,1,198,0.0006077250970217088,0.12973211705684662
physics_guided_NN,5,175,1,199,0.0005830213776789606,0.12971633672714233
physics_guided_NN,5,175,1,200,0.0005784459644928575,0.1295989453792572
physics_guided_NN,5,175,1,201,0.0005760425507711867,0.12953266501426697
physics_guided_NN,5,175,1,202,0.0005743802369882663,0.12957488000392914
physics_guided_NN,5,175,1,203,0.0005452471959870309,0.12961667776107788
physics_guided_NN,5,175,1,204,0.0005738115966475258,0.12962248921394348
physics_guided_NN,5,175,1,205,0.0005435973968512068,0.12954914569854736
physics_guided_NN,5,175,1,206,0.0005515718075912446,0.12951834499835968
physics_guided_NN,5,175,1,207,0.0005515043546135227,0.1295333206653595
physics_guided_NN,5,175,1,208,0.0005428349055970708,0.12954729795455933
physics_guided_NN,5,175,1,209,0.0005243343184702098,0.12946100533008575
physics_guided_NN,5,175,1,210,0.0005134156381245703,0.1294107884168625
physics_guided_NN,5,175,1,211,0.0005133086815476418,0.12931667268276215
physics_guided_NN,5,175,1,212,0.0005071241563806931,0.1292087733745575
physics_guided_NN,5,175,1,213,0.0004942463322853049,0.12923237681388855
physics_guided_NN,5,175,1,214,0.0004936187469866127,0.12916825711727142
physics_guided_NN,5,175,1,215,0.0004827661905437708,0.12920811772346497
physics_guided_NN,5,175,1,216,0.0004775473498739302,0.12925633788108826
physics_guided_NN,5,175,1,217,0.0004717970829612265,0.12926706671714783
physics_guided_NN,5,175,1,218,0.0004762624157592654,0.1292685717344284
physics_guided_NN,5,175,1,219,0.00046969093576384086,0.12917086482048035
physics_guided_NN,5,175,1,220,0.00047523876613316435,0.12921142578125
physics_guided_NN,5,175,1,221,0.000445608893642202,0.12910781800746918
physics_guided_NN,5,175,1,222,0.00044340654858388007,0.12905552983283997
physics_guided_NN,5,175,1,223,0.00045249400621590513,0.12900082767009735
physics_guided_NN,5,175,1,224,0.00043258520114856463,0.12899181246757507
physics_guided_NN,5,175,1,225,0.0004203043645247817,0.12911194562911987
physics_guided_NN,5,175,1,226,0.0004281517564474295,0.12904813885688782
physics_guided_NN,5,175,1,227,0.0004183712007943541,0.1291232854127884
physics_guided_NN,5,175,1,228,0.0004113571873555581,0.12908028066158295
physics_guided_NN,5,175,1,229,0.0004167408236147215,0.1290578693151474
physics_guided_NN,5,175,1,230,0.0004097769657770793,0.1290067434310913
physics_guided_NN,5,175,1,231,0.00040492289311562973,0.12898704409599304
physics_guided_NN,5,175,1,232,0.00039634297718293965,0.12889371812343597
physics_guided_NN,5,175,1,233,0.0003982134803663939,0.1288178563117981
physics_guided_NN,5,175,1,234,0.0004067603246464084,0.12883803248405457
physics_guided_NN,5,175,1,235,0.00040972755717424053,0.1288701891899109
physics_guided_NN,5,175,1,236,0.00040071669112270075,0.12881594896316528
physics_guided_NN,5,175,1,237,0.0003777055050401638,0.1288180947303772
physics_guided_NN,5,175,1,238,0.0003863780584651977,0.12875878810882568
physics_guided_NN,5,175,1,239,0.0003895195065221439,0.12874402105808258
physics_guided_NN,5,175,1,240,0.0003883993291916947,0.12880121171474457
physics_guided_NN,5,175,1,241,0.0003859699548532565,0.12880785763263702
physics_guided_NN,5,175,1,242,0.0003833182466526826,0.12892508506774902
physics_guided_NN,5,175,1,243,0.00036872840913323063,0.12870079278945923
physics_guided_NN,5,175,1,244,0.00037075999231698614,0.12866823375225067
physics_guided_NN,5,175,1,245,0.0003602165961638093,0.12854069471359253
physics_guided_NN,5,175,1,246,0.0003434640336005638,0.12860286235809326
physics_guided_NN,5,175,1,247,0.00035244077056025464,0.12864170968532562
physics_guided_NN,5,175,1,248,0.00034170353319495916,0.12860813736915588
physics_guided_NN,5,175,1,249,0.00033731741132214665,0.12860707938671112
physics_guided_NN,5,175,1,250,0.0003244822340396543,0.12857890129089355
physics_guided_NN,5,175,1,251,0.0003249349635249625,0.12863950431346893
physics_guided_NN,5,175,1,252,0.0003234264440834522,0.1286057084798813
physics_guided_NN,5,175,1,253,0.0003170933632645756,0.1285221427679062
physics_guided_NN,5,175,1,254,0.0003306717553641647,0.12853021919727325
physics_guided_NN,5,175,1,255,0.0003197761931611846,0.12854109704494476
physics_guided_NN,5,175,1,256,0.0003292007022537291,0.12859752774238586
physics_guided_NN,5,175,1,257,0.0003251517191529274,0.1285124123096466
physics_guided_NN,5,175,1,258,0.0003220935517068331,0.12850187718868256
physics_guided_NN,5,175,1,259,0.00030641006499839324,0.12848255038261414
physics_guided_NN,5,175,1,260,0.00030656139521549147,0.12848566472530365
physics_guided_NN,5,175,1,261,0.00029468223025711876,0.12845054268836975
physics_guided_NN,5,175,1,262,0.00029270265561838943,0.12846457958221436
physics_guided_NN,5,175,1,263,0.0002993477100972086,0.12844999134540558
physics_guided_NN,5,175,1,264,0.0002852826049396147,0.12837469577789307
physics_guided_NN,5,175,1,265,0.00029124761931598186,0.12838302552700043
physics_guided_NN,5,175,1,266,0.0002822892468733092,0.12839259207248688
physics_guided_NN,5,175,1,267,0.00027855427470058203,0.1284080594778061
physics_guided_NN,5,175,1,268,0.0002791756414808333,0.12836746871471405
physics_guided_NN,5,175,1,269,0.0002759062578358377,0.12833617627620697
physics_guided_NN,5,175,1,270,0.00027735053542225313,0.1283230185508728
physics_guided_NN,5,175,1,271,0.0002784068832018723,0.1283106803894043
physics_guided_NN,5,175,1,272,0.0002896006529529889,0.12833693623542786
physics_guided_NN,5,175,1,273,0.00029285203587884706,0.1283225119113922
physics_guided_NN,5,175,1,274,0.0002739646879490465,0.12824927270412445
physics_guided_NN,5,175,1,275,0.0002718713852421691,0.12818628549575806
physics_guided_NN,5,175,1,276,0.0002572213707026094,0.12827089428901672
physics_guided_NN,5,175,1,277,0.00025786571980764467,0.12823474407196045
physics_guided_NN,5,175,1,278,0.00026425442774780095,0.1282370537519455
physics_guided_NN,5,175,1,279,0.00025536685522335273,0.1281934380531311
physics_guided_NN,5,175,1,280,0.0002488092965601633,0.12818770110607147
physics_guided_NN,5,175,1,281,0.00024706232458508265,0.12819929420948029
physics_guided_NN,5,175,1,282,0.00024946535025568056,0.1282348334789276
physics_guided_NN,5,175,1,283,0.0002489393518771976,0.12826921045780182
physics_guided_NN,5,175,1,284,0.00024638543254695833,0.12818221747875214
physics_guided_NN,5,175,1,285,0.000249437764675046,0.12815628945827484
physics_guided_NN,5,175,1,286,0.0002472463190012301,0.12816713750362396
physics_guided_NN,5,175,1,287,0.0002459080278640613,0.12814417481422424
physics_guided_NN,5,175,1,288,0.0002458227681927383,0.1281445175409317
physics_guided_NN,5,175,1,289,0.00024482025764882565,0.12818536162376404
physics_guided_NN,5,175,1,290,0.00023306837829295546,0.12810711562633514
physics_guided_NN,5,175,1,291,0.0002356327361970519,0.1280505359172821
physics_guided_NN,5,175,1,292,0.0002304431206236283,0.12803906202316284
physics_guided_NN,5,175,1,293,0.00022879183719245097,0.12806321680545807
physics_guided_NN,5,175,1,294,0.00023191465394726643,0.12801845371723175
physics_guided_NN,5,175,1,295,0.00023021189069064954,0.1280176192522049
physics_guided_NN,5,175,1,296,0.00023164888261817396,0.12795239686965942
physics_guided_NN,5,175,1,297,0.0002265136669545124,0.12797626852989197
physics_guided_NN,5,175,1,298,0.00022363252355717123,0.1279495507478714
physics_guided_NN,5,175,1,299,0.000216957579444473,0.12800349295139313
physics_guided_NN,5,175,1,300,0.00021776243132383874,0.12795858085155487
physics_guided_NN,5,175,1,301,0.00021918778171918044,0.12805502116680145
physics_guided_NN,5,175,1,302,0.000218950347819676,0.12797532975673676
physics_guided_NN,5,175,1,303,0.00021451458451338112,0.1279708445072174
physics_guided_NN,5,175,1,304,0.00021731082233600318,0.1279204934835434
physics_guided_NN,5,175,1,305,0.00021083047128437707,0.12788644433021545
physics_guided_NN,5,175,1,306,0.00020399887580424547,0.12782175838947296
physics_guided_NN,5,175,1,307,0.00021014065229489157,0.12791813910007477
physics_guided_NN,5,175,1,308,0.00020898040384054184,0.12784764170646667
physics_guided_NN,5,175,1,309,0.00020595243646918485,0.12789639830589294
physics_guided_NN,5,175,1,310,0.00020868406378819296,0.12780293822288513
physics_guided_NN,5,175,1,311,0.0002006125869229436,0.1277541220188141
physics_guided_NN,5,175,1,312,0.0002012715364495913,0.1277352124452591
physics_guided_NN,5,175,1,313,0.00020049193214314678,0.1278393268585205
physics_guided_NN,5,175,1,314,0.00020203620078973472,0.12780210375785828
physics_guided_NN,5,175,1,315,0.0001959138511059185,0.12779134511947632
physics_guided_NN,5,175,1,316,0.00019248388707637787,0.12776565551757812
physics_guided_NN,5,175,1,317,0.00019606648129411042,0.12780165672302246
physics_guided_NN,5,175,1,318,0.00019398583875348172,0.12774603068828583
physics_guided_NN,5,175,1,319,0.00019696416954199472,0.1278037428855896
physics_guided_NN,5,175,1,320,0.00019322110650440058,0.1277819573879242
physics_guided_NN,5,175,1,321,0.00019327245536260307,0.12772256135940552
physics_guided_NN,5,175,1,322,0.00019093225516068438,0.12769819796085358
physics_guided_NN,5,175,1,323,0.00018568892361751446,0.12774018943309784
physics_guided_NN,5,175,1,324,0.00018507322238292545,0.12770047783851624
physics_guided_NN,5,175,1,325,0.00018561615919073424,0.12769585847854614
physics_guided_NN,5,175,1,326,0.00018733748098990569,0.1276613473892212
physics_guided_NN,5,175,1,327,0.0001856060407590121,0.12773540616035461
physics_guided_NN,5,175,1,328,0.00018246556768038621,0.1277254968881607
physics_guided_NN,5,175,1,329,0.0001817403438811501,0.12779153883457184
physics_guided_NN,5,175,1,330,0.00018015179860716066,0.12769173085689545
physics_guided_NN,5,175,1,331,0.0001759616134222597,0.1276673525571823
physics_guided_NN,5,175,1,332,0.00017141936890160045,0.12764795124530792
physics_guided_NN,5,175,1,333,0.00017012152238748968,0.12766146659851074
physics_guided_NN,5,175,1,334,0.0001748527332286661,0.12754905223846436
physics_guided_NN,5,175,1,335,0.0001743168686516583,0.1275331676006317
physics_guided_NN,5,175,1,336,0.00017109225154854357,0.12754105031490326
physics_guided_NN,5,175,1,337,0.00016887788175760457,0.12760162353515625
physics_guided_NN,5,175,1,338,0.00016604539511414865,0.12759870290756226
physics_guided_NN,5,175,1,339,0.00016883215478931865,0.12760671973228455
physics_guided_NN,5,175,1,340,0.00016948633128777146,0.12755385041236877
physics_guided_NN,5,175,1,341,0.0001690096299474438,0.12751460075378418
physics_guided_NN,5,175,1,342,0.00016578731689757356,0.12745551764965057
physics_guided_NN,5,175,1,343,0.00016513958689756691,0.1274845153093338
physics_guided_NN,5,175,1,344,0.00016684861232837042,0.12752079963684082
physics_guided_NN,5,175,1,345,0.0001688808212444807,0.1275617480278015
physics_guided_NN,5,175,1,346,0.00016403160407207906,0.12750525772571564
physics_guided_NN,5,175,1,347,0.00016679969849064946,0.12746670842170715
physics_guided_NN,5,175,1,348,0.00016038915297637382,0.12742090225219727
physics_guided_NN,5,175,1,349,0.0001575578353367746,0.12744121253490448
physics_guided_NN,5,175,1,350,0.00015612114414883158,0.12746913731098175
physics_guided_NN,5,175,1,351,0.00015440437224848816,0.12746258080005646
physics_guided_NN,5,175,1,352,0.00015255005564540625,0.12746292352676392
physics_guided_NN,5,175,1,353,0.0001524372686011096,0.1274590641260147
physics_guided_NN,5,175,1,354,0.0001517121612171953,0.1274014711380005
physics_guided_NN,5,175,1,355,0.0001488240329005445,0.127370223402977
physics_guided_NN,5,175,1,356,0.0001482184937534233,0.12741519510746002
physics_guided_NN,5,175,1,357,0.00014849105840160823,0.12742148339748383
physics_guided_NN,5,175,1,358,0.00014636292083499333,0.12743045389652252
physics_guided_NN,5,175,1,359,0.00014727365244956067,0.12737120687961578
physics_guided_NN,5,175,1,360,0.0001467671051310996,0.12736299633979797
physics_guided_NN,5,175,1,361,0.00014819476443032423,0.12731000781059265
physics_guided_NN,5,175,1,362,0.00014517894305754453,0.12736010551452637
physics_guided_NN,5,175,1,363,0.0001464414429695656,0.12734456360340118
physics_guided_NN,5,175,1,364,0.0001443589135305956,0.12735918164253235
physics_guided_NN,5,175,1,365,0.0001418701916312178,0.12734511494636536
physics_guided_NN,5,175,1,366,0.00013954289897810668,0.12734048068523407
physics_guided_NN,5,175,1,367,0.00014089501928538084,0.1272968351840973
physics_guided_NN,5,175,1,368,0.00014231423362313458,0.12732906639575958
physics_guided_NN,5,175,1,369,0.00013900300837121904,0.12729811668395996
physics_guided_NN,5,175,1,370,0.0001398394136534383,0.12728963792324066
physics_guided_NN,5,175,1,371,0.0001358995529396149,0.12730009853839874
physics_guided_NN,5,175,1,372,0.00014012149040354416,0.12730301916599274
physics_guided_NN,5,175,1,373,0.0001387141334513823,0.12727533280849457
physics_guided_NN,5,175,1,374,0.00014075585204409435,0.12728773057460785
physics_guided_NN,5,175,1,375,0.00013438182941172272,0.12726397812366486
physics_guided_NN,5,175,1,376,0.0001332919200649485,0.12726861238479614
physics_guided_NN,5,175,1,377,0.0001326613055425696,0.12722599506378174
physics_guided_NN,5,175,1,378,0.00013356872174578407,0.127214714884758
physics_guided_NN,5,175,1,379,0.00013508161888845885,0.12720443308353424
physics_guided_NN,5,175,1,380,0.00013059644212868685,0.12722229957580566
physics_guided_NN,5,175,1,381,0.0001324262557318434,0.12720699608325958
physics_guided_NN,5,175,1,382,0.00013174440149062624,0.1271733194589615
physics_guided_NN,5,175,1,383,0.0001291280835478877,0.12716327607631683
physics_guided_NN,5,175,1,384,0.00012837430889097354,0.1272769272327423
physics_guided_NN,5,175,1,385,0.00012955817995437732,0.127253919839859
physics_guided_NN,5,175,1,386,0.00013031725150843462,0.1272077113389969
physics_guided_NN,5,175,1,387,0.00013142897660145536,0.1271464079618454
physics_guided_NN,5,175,1,388,0.00012507583596743643,0.12710382044315338
physics_guided_NN,5,175,1,389,0.0001303506893843102,0.1271599382162094
physics_guided_NN,5,175,1,390,0.00012913123403753465,0.12716001272201538
physics_guided_NN,5,175,1,391,0.0001243854446026186,0.12716150283813477
physics_guided_NN,5,175,1,392,0.0001235398740391247,0.1271219104528427
physics_guided_NN,5,175,1,393,0.0001234924711752683,0.12715080380439758
physics_guided_NN,5,175,1,394,0.00012092713586753234,0.1271480917930603
physics_guided_NN,5,175,1,395,0.0001248696401792889,0.12713798880577087
physics_guided_NN,5,175,1,396,0.00012120964674977586,0.1270950883626938
physics_guided_NN,5,175,1,397,0.00012221849707808966,0.12705747783184052
physics_guided_NN,5,175,1,398,0.00011879165443436553,0.1270020604133606
physics_guided_NN,5,175,1,399,0.00012140476125447701,0.12701644003391266
physics_guided_NN,5,175,1,400,0.00012006106408080086,0.1270429491996765
physics_guided_NN,5,175,1,401,0.00011925401486223564,0.12717343866825104
physics_guided_NN,5,175,1,402,0.00012477410928113386,0.12712475657463074
physics_guided_NN,5,175,1,403,0.00011839551734738052,0.12709568440914154
physics_guided_NN,5,175,1,404,0.00011974427131159852,0.12706655263900757
physics_guided_NN,5,175,1,405,0.00011714927677530795,0.12698251008987427
physics_guided_NN,5,175,1,406,0.00011721213619845609,0.12698902189731598
physics_guided_NN,5,175,1,407,0.00011427557425728689,0.12699183821678162
physics_guided_NN,5,175,1,408,0.00011498265666887164,0.12706774473190308
physics_guided_NN,5,175,1,409,0.00011344025309275214,0.12699812650680542
physics_guided_NN,5,175,1,410,0.00011396681899592902,0.12702947854995728
physics_guided_NN,5,175,1,411,0.00011230165061230461,0.1269969642162323
physics_guided_NN,5,175,1,412,0.00010981338467293729,0.12702403962612152
physics_guided_NN,5,175,1,413,0.00011125865178958823,0.12700730562210083
physics_guided_NN,5,175,1,414,0.00010978487989632413,0.1270134449005127
physics_guided_NN,5,175,1,415,0.00011121430240261058,0.12697981297969818
physics_guided_NN,5,175,1,416,0.00010910031899887447,0.1270229071378708
physics_guided_NN,5,175,1,417,0.00011035339412046596,0.1269846260547638
physics_guided_NN,5,175,1,418,0.00010910526907537133,0.12701138854026794
physics_guided_NN,5,175,1,419,0.00010710972856031731,0.12696592509746552
physics_guided_NN,5,175,1,420,0.00010509655839996412,0.1269986927509308
physics_guided_NN,5,175,1,421,0.00010941918056535845,0.12691116333007812
physics_guided_NN,5,175,1,422,0.00010945205334185933,0.1269383728504181
physics_guided_NN,5,175,1,423,0.00010562875346901517,0.12694716453552246
physics_guided_NN,5,175,1,424,0.00010538132967970644,0.12695416808128357
physics_guided_NN,5,175,1,425,0.00010336194585155074,0.12696166336536407
physics_guided_NN,5,175,1,426,0.00010346049384679645,0.12693139910697937
physics_guided_NN,5,175,1,427,0.00010186386740921687,0.1269407719373703
physics_guided_NN,5,175,1,428,0.00010230443634403248,0.12688478827476501
physics_guided_NN,5,175,1,429,0.00010143271113823478,0.12694069743156433
physics_guided_NN,5,175,1,430,0.00010205622917662065,0.1268993318080902
physics_guided_NN,5,175,1,431,9.989536677797635e-05,0.1269414871931076
physics_guided_NN,5,175,1,432,0.00010022488519704591,0.12689873576164246
physics_guided_NN,5,175,1,433,9.89353332746153e-05,0.126911923289299
physics_guided_NN,5,175,1,434,0.00010084200039273128,0.12692227959632874
physics_guided_NN,5,175,1,435,9.910037867181624e-05,0.12688519060611725
physics_guided_NN,5,175,1,436,9.856994438450783e-05,0.12687864899635315
physics_guided_NN,5,175,1,437,9.661311923991889e-05,0.12683892250061035
physics_guided_NN,5,175,1,438,9.630539958986144e-05,0.1268625110387802
physics_guided_NN,5,175,1,439,9.64827243781959e-05,0.12688151001930237
physics_guided_NN,5,175,1,440,9.737379878060892e-05,0.12688829004764557
physics_guided_NN,5,175,1,441,9.562067134538665e-05,0.12686869502067566
physics_guided_NN,5,175,1,442,9.19018275453709e-05,0.1268509328365326
physics_guided_NN,5,175,1,443,9.296969801653177e-05,0.1268068253993988
physics_guided_NN,5,175,1,444,9.252255161603291e-05,0.12681463360786438
physics_guided_NN,5,175,1,445,9.459754316291462e-05,0.126820906996727
physics_guided_NN,5,175,1,446,9.497942179829504e-05,0.12686561048030853
physics_guided_NN,5,175,1,447,9.548186547666167e-05,0.12687605619430542
physics_guided_NN,5,175,1,448,0.00010194639132047693,0.1268528401851654
physics_guided_NN,5,175,1,449,9.624198476861541e-05,0.12682028114795685
physics_guided_NN,5,175,1,450,9.514090197626501e-05,0.1267954260110855
physics_guided_NN,5,175,1,451,9.363505038587998e-05,0.12675414979457855
physics_guided_NN,5,175,1,452,9.252893505617976e-05,0.12675747275352478
physics_guided_NN,5,175,1,453,9.181429292463388e-05,0.12682822346687317
physics_guided_NN,5,175,1,454,8.970492247802515e-05,0.12682342529296875
physics_guided_NN,5,175,1,455,8.942644732693832e-05,0.12683863937854767
physics_guided_NN,5,175,1,456,9.061255453464885e-05,0.12673763930797577
physics_guided_NN,5,175,1,457,8.993039712853108e-05,0.1267329603433609
physics_guided_NN,5,175,1,458,8.87977197029007e-05,0.12674374878406525
physics_guided_NN,5,175,1,459,8.85409172042273e-05,0.12676669657230377
physics_guided_NN,5,175,1,460,8.991240611067042e-05,0.12680917978286743
physics_guided_NN,5,175,1,461,9.152280351069446e-05,0.1267802119255066
physics_guided_NN,5,175,1,462,8.672671780611078e-05,0.12673717737197876
physics_guided_NN,5,175,1,463,9.027099440572783e-05,0.126748189330101
physics_guided_NN,5,175,1,464,8.498362634175767e-05,0.1267571598291397
physics_guided_NN,5,175,1,465,8.461513304306816e-05,0.1267450451850891
physics_guided_NN,5,175,1,466,8.561383098519097e-05,0.12672118842601776
physics_guided_NN,5,175,1,467,8.478571544401348e-05,0.12670955061912537
physics_guided_NN,5,175,1,468,8.551095864580323e-05,0.12670060992240906
physics_guided_NN,5,175,1,469,8.481679590962206e-05,0.1267688125371933
physics_guided_NN,5,175,1,470,8.609117260978867e-05,0.12669913470745087
physics_guided_NN,5,175,1,471,8.524901932105422e-05,0.12670189142227173
physics_guided_NN,5,175,1,472,8.461248216917738e-05,0.12668970227241516
physics_guided_NN,5,175,1,473,8.13305329453821e-05,0.1266988068819046
physics_guided_NN,5,175,1,474,8.338009744572143e-05,0.12670335173606873
physics_guided_NN,5,175,1,475,8.165647644394387e-05,0.12666673958301544
physics_guided_NN,5,175,1,476,8.469770061007391e-05,0.12669016420841217
physics_guided_NN,5,175,1,477,8.159902548262228e-05,0.12663313746452332
physics_guided_NN,5,175,1,478,8.120185884763487e-05,0.1266883760690689
physics_guided_NN,5,175,1,479,8.109274979991217e-05,0.12665584683418274
physics_guided_NN,5,175,1,480,8.319016342284158e-05,0.1266462206840515
physics_guided_NN,5,175,1,481,8.145003084791824e-05,0.1266559660434723
physics_guided_NN,5,175,1,482,7.990185258677229e-05,0.12665928900241852
physics_guided_NN,5,175,1,483,7.974640417766447e-05,0.12666811048984528
physics_guided_NN,5,175,1,484,7.824735560764869e-05,0.12663638591766357
physics_guided_NN,5,175,1,485,7.774403396372993e-05,0.12660813331604004
physics_guided_NN,5,175,1,486,7.747827476123348e-05,0.12661004066467285
physics_guided_NN,5,175,1,487,7.467369384054716e-05,0.1265823096036911
physics_guided_NN,5,175,1,488,7.793066470185295e-05,0.12660790979862213
physics_guided_NN,5,175,1,489,7.821369460240628e-05,0.12662231922149658
physics_guided_NN,5,175,1,490,7.778830574049304e-05,0.12665075063705444
physics_guided_NN,5,175,1,491,7.838194384627666e-05,0.12662449479103088
physics_guided_NN,5,175,1,492,7.421027112286538e-05,0.12661457061767578
physics_guided_NN,5,175,1,493,7.396992198967685e-05,0.12664471566677094
physics_guided_NN,5,175,1,494,7.618942133073385e-05,0.12663158774375916
physics_guided_NN,5,175,1,495,7.566840940853581e-05,0.12664256989955902
physics_guided_NN,5,175,1,496,7.381821584810193e-05,0.1265946924686432
physics_guided_NN,5,175,1,497,7.63334464863874e-05,0.1265939474105835
physics_guided_NN,5,175,1,498,7.673253639950417e-05,0.12655393779277802
physics_guided_NN,5,175,1,499,7.610615527179714e-05,0.12653307616710663
physics_guided_NN,5,175,1,500,7.439774344675243e-05,0.12655097246170044
standard_NN,5,175,2,1,1.0087674061457317,0.9544216394424438
standard_NN,5,175,2,2,0.9990145961443583,0.9325571656227112
standard_NN,5,175,2,3,0.9355568687121073,0.9082868695259094
standard_NN,5,175,2,4,0.9222982327143351,0.8799852132797241
standard_NN,5,175,2,5,0.8283892273902893,0.846861720085144
standard_NN,5,175,2,6,0.8233117063840231,0.8079103827476501
standard_NN,5,175,2,7,0.7744696935017904,0.7621030807495117
standard_NN,5,175,2,8,0.7278049985567728,0.7119318842887878
standard_NN,5,175,2,9,0.6577545801798502,0.6582560539245605
standard_NN,5,175,2,10,0.5964450240135193,0.6044062972068787
standard_NN,5,175,2,11,0.5124298830827078,0.5548089742660522
standard_NN,5,175,2,12,0.5028280814488729,0.5158005356788635
standard_NN,5,175,2,13,0.4579115907351176,0.4907085597515106
standard_NN,5,175,2,14,0.4178444941838582,0.4762500524520874
standard_NN,5,175,2,15,0.3759045898914337,0.4664475917816162
standard_NN,5,175,2,16,0.3801777760187785,0.45520150661468506
standard_NN,5,175,2,17,0.3493787745634715,0.44183000922203064
standard_NN,5,175,2,18,0.34630651275316876,0.4268593490123749
standard_NN,5,175,2,19,0.36235447973012924,0.41504329442977905
standard_NN,5,175,2,20,0.312088280916214,0.40484297275543213
standard_NN,5,175,2,21,0.2938792010148366,0.3972652554512024
standard_NN,5,175,2,22,0.33386656641960144,0.39206188917160034
standard_NN,5,175,2,23,0.27576944231987,0.3858003318309784
standard_NN,5,175,2,24,0.2739017407099406,0.3780820369720459
standard_NN,5,175,2,25,0.2634337246417999,0.3717503845691681
standard_NN,5,175,2,26,0.25780395170052844,0.36656343936920166
standard_NN,5,175,2,27,0.23796360194683075,0.35895201563835144
standard_NN,5,175,2,28,0.23106461018323898,0.35306960344314575
standard_NN,5,175,2,29,0.2158155490954717,0.3479342460632324
standard_NN,5,175,2,30,0.23806622624397278,0.3426789939403534
standard_NN,5,175,2,31,0.21672052641709647,0.33748286962509155
standard_NN,5,175,2,32,0.2321115384499232,0.3342582881450653
standard_NN,5,175,2,33,0.2039852812886238,0.32997602224349976
standard_NN,5,175,2,34,0.19657356043656668,0.32655516266822815
standard_NN,5,175,2,35,0.18231826275587082,0.3218247592449188
standard_NN,5,175,2,36,0.18700403968493143,0.31731221079826355
standard_NN,5,175,2,37,0.17842655877272287,0.3148874342441559
standard_NN,5,175,2,38,0.17620965093374252,0.3133675158023834
standard_NN,5,175,2,39,0.1736830770969391,0.310295432806015
standard_NN,5,175,2,40,0.15720213452974954,0.30787715315818787
standard_NN,5,175,2,41,0.1724871670206388,0.30361801385879517
standard_NN,5,175,2,42,0.15225339184204736,0.3013310134410858
standard_NN,5,175,2,43,0.14697221169869104,0.3035961091518402
standard_NN,5,175,2,44,0.1509863461057345,0.2985614538192749
standard_NN,5,175,2,45,0.14502144356568655,0.29338523745536804
standard_NN,5,175,2,46,0.14944460739692053,0.29233741760253906
standard_NN,5,175,2,47,0.13841764628887177,0.2926921844482422
standard_NN,5,175,2,48,0.13113877922296524,0.2895878255367279
standard_NN,5,175,2,49,0.12523036201794943,0.28735560178756714
standard_NN,5,175,2,50,0.12167386710643768,0.287028431892395
standard_NN,5,175,2,51,0.12370481466253598,0.28452232480049133
standard_NN,5,175,2,52,0.12100935479005177,0.2826157212257385
standard_NN,5,175,2,53,0.11982560654481252,0.28334981203079224
standard_NN,5,175,2,54,0.10742499058445294,0.2843764126300812
standard_NN,5,175,2,55,0.11461724837621053,0.28154459595680237
standard_NN,5,175,2,56,0.10809613764286041,0.28003960847854614
standard_NN,5,175,2,57,0.10655764490365982,0.27994900941848755
standard_NN,5,175,2,58,0.10714287807544072,0.2791719138622284
standard_NN,5,175,2,59,0.10140561312437057,0.2760739326477051
standard_NN,5,175,2,60,0.095101498067379,0.2754976749420166
standard_NN,5,175,2,61,0.10313314199447632,0.2752714157104492
standard_NN,5,175,2,62,0.08988424266378085,0.27506378293037415
standard_NN,5,175,2,63,0.09058020139733951,0.2744045853614807
standard_NN,5,175,2,64,0.09311003983020782,0.2749003767967224
standard_NN,5,175,2,65,0.09100982795159022,0.2744685709476471
standard_NN,5,175,2,66,0.08599635834495227,0.27339935302734375
standard_NN,5,175,2,67,0.07948132852713267,0.27338501811027527
standard_NN,5,175,2,68,0.08575564374526341,0.27489766478538513
standard_NN,5,175,2,69,0.07485366985201836,0.273836225271225
standard_NN,5,175,2,70,0.07735064004858334,0.2733307182788849
standard_NN,5,175,2,71,0.07076027616858482,0.2749144732952118
standard_NN,5,175,2,72,0.06587134425838788,0.27560076117515564
standard_NN,5,175,2,73,0.07021090512474377,0.2745741009712219
standard_NN,5,175,2,74,0.06212360908587774,0.2751060724258423
standard_NN,5,175,2,75,0.06371695796648662,0.275233656167984
standard_NN,5,175,2,76,0.058650046586990356,0.2754025161266327
standard_NN,5,175,2,77,0.05726844693223635,0.2759970724582672
standard_NN,5,175,2,78,0.05501461401581764,0.2761782705783844
standard_NN,5,175,2,79,0.05727434220413367,0.2758391201496124
standard_NN,5,175,2,80,0.053558518489201866,0.27726638317108154
standard_NN,5,175,2,81,0.0478250477463007,0.2799238860607147
standard_NN,5,175,2,82,0.04954123434921106,0.27752187848091125
standard_NN,5,175,2,83,0.044426136960585914,0.27718618512153625
standard_NN,5,175,2,84,0.04343075677752495,0.2777608036994934
standard_NN,5,175,2,85,0.0413626953959465,0.2782404124736786
standard_NN,5,175,2,86,0.04060892450312773,0.2784593403339386
standard_NN,5,175,2,87,0.04064107251664003,0.27952584624290466
standard_NN,5,175,2,88,0.03663378208875656,0.2799038887023926
standard_NN,5,175,2,89,0.03693927265703678,0.28049489855766296
standard_NN,5,175,2,90,0.03497786447405815,0.2815397083759308
standard_NN,5,175,2,91,0.03334637979666392,0.2815333306789398
standard_NN,5,175,2,92,0.03220801303784052,0.28224772214889526
standard_NN,5,175,2,93,0.03256283141672611,0.28268083930015564
standard_NN,5,175,2,94,0.03068561851978302,0.2833924889564514
standard_NN,5,175,2,95,0.02902473385135333,0.284056156873703
standard_NN,5,175,2,96,0.030525052299102146,0.2847427427768707
standard_NN,5,175,2,97,0.02803405063847701,0.2855428457260132
standard_NN,5,175,2,98,0.027244207449257374,0.28570491075515747
standard_NN,5,175,2,99,0.025061363354325294,0.2850489914417267
standard_NN,5,175,2,100,0.02523859217762947,0.28465718030929565
standard_NN,5,175,2,101,0.026291844124595325,0.2843082547187805
standard_NN,5,175,2,102,0.024374025563398998,0.28564733266830444
standard_NN,5,175,2,103,0.023043939222892124,0.28632470965385437
standard_NN,5,175,2,104,0.02280116391678651,0.28537046909332275
standard_NN,5,175,2,105,0.02184971235692501,0.28499194979667664
standard_NN,5,175,2,106,0.020682190855344135,0.2860005497932434
standard_NN,5,175,2,107,0.020269527720908325,0.28557366132736206
standard_NN,5,175,2,108,0.021274962772925694,0.2855384349822998
standard_NN,5,175,2,109,0.01955814069757859,0.28617432713508606
standard_NN,5,175,2,110,0.019374210387468338,0.28621745109558105
standard_NN,5,175,2,111,0.01870731295396884,0.2860161364078522
standard_NN,5,175,2,112,0.017474055600663025,0.2870109975337982
standard_NN,5,175,2,113,0.018200296287735302,0.2868868410587311
standard_NN,5,175,2,114,0.017044868009785812,0.2870577871799469
standard_NN,5,175,2,115,0.015986107600231964,0.2873670160770416
standard_NN,5,175,2,116,0.01714243646711111,0.287222295999527
standard_NN,5,175,2,117,0.01438026890779535,0.28661853075027466
standard_NN,5,175,2,118,0.014428493722031513,0.2866925597190857
standard_NN,5,175,2,119,0.01402081223204732,0.28636398911476135
standard_NN,5,175,2,120,0.01439068621645371,0.2871728837490082
physics_guided_NN,5,175,2,1,1.0159288048744202,0.9770607352256775
physics_guided_NN,5,175,2,2,1.0151262283325195,0.9576470255851746
physics_guided_NN,5,175,2,3,0.9541632930437723,0.9347301721572876
physics_guided_NN,5,175,2,4,0.9394251306851705,0.9072540998458862
physics_guided_NN,5,175,2,5,0.8502359290917715,0.873562753200531
physics_guided_NN,5,175,2,6,0.8442925016085306,0.8323765993118286
physics_guided_NN,5,175,2,7,0.7870731552441915,0.7823822498321533
physics_guided_NN,5,175,2,8,0.7328746517499288,0.7253039479255676
physics_guided_NN,5,175,2,9,0.6592130462328593,0.6621084809303284
physics_guided_NN,5,175,2,10,0.5899868408838908,0.5971888303756714
physics_guided_NN,5,175,2,11,0.4881071199973424,0.5367676019668579
physics_guided_NN,5,175,2,12,0.4677097300688426,0.4877662658691406
physics_guided_NN,5,175,2,13,0.4117159346739451,0.45176002383232117
physics_guided_NN,5,175,2,14,0.356652095913887,0.42386290431022644
physics_guided_NN,5,175,2,15,0.30730687578519184,0.4016543924808502
physics_guided_NN,5,175,2,16,0.3020575741926829,0.3801880478858948
physics_guided_NN,5,175,2,17,0.26052359491586685,0.35907286405563354
physics_guided_NN,5,175,2,18,0.2544512649377187,0.3392717242240906
physics_guided_NN,5,175,2,19,0.26565393184622127,0.3237934708595276
physics_guided_NN,5,175,2,20,0.2236815852423509,0.30989328026771545
physics_guided_NN,5,175,2,21,0.20022683093945184,0.2976560592651367
physics_guided_NN,5,175,2,22,0.22227778161565462,0.2863008677959442
physics_guided_NN,5,175,2,23,0.17804096390803656,0.27560585737228394
physics_guided_NN,5,175,2,24,0.17042490591605505,0.26662346720695496
physics_guided_NN,5,175,2,25,0.16018061836560568,0.2581993043422699
physics_guided_NN,5,175,2,26,0.15521336098512015,0.2508908808231354
physics_guided_NN,5,175,2,27,0.13678674648205438,0.24366579949855804
physics_guided_NN,5,175,2,28,0.13146438325444856,0.2372487485408783
physics_guided_NN,5,175,2,29,0.11916647851467133,0.23172803223133087
physics_guided_NN,5,175,2,30,0.12564034759998322,0.22694182395935059
physics_guided_NN,5,175,2,31,0.11010729273160298,0.22139675915241241
physics_guided_NN,5,175,2,32,0.1171343003710111,0.216976597905159
physics_guided_NN,5,175,2,33,0.0948445734878381,0.21264472603797913
physics_guided_NN,5,175,2,34,0.09134383499622345,0.2088349610567093
physics_guided_NN,5,175,2,35,0.0795875582844019,0.2050899714231491
physics_guided_NN,5,175,2,36,0.07971030722061793,0.2014407515525818
physics_guided_NN,5,175,2,37,0.0724793014427026,0.197874516248703
physics_guided_NN,5,175,2,38,0.06946932648619016,0.19524389505386353
physics_guided_NN,5,175,2,39,0.06359954799215,0.1924508661031723
physics_guided_NN,5,175,2,40,0.05532958234349886,0.18905223906040192
physics_guided_NN,5,175,2,41,0.058614445850253105,0.18585152924060822
physics_guided_NN,5,175,2,42,0.04949684192736944,0.18328237533569336
physics_guided_NN,5,175,2,43,0.04385588566462199,0.18074427545070648
physics_guided_NN,5,175,2,44,0.042345416421691574,0.17841100692749023
physics_guided_NN,5,175,2,45,0.03750074841082096,0.17519612610340118
physics_guided_NN,5,175,2,46,0.03757614828646183,0.17335887253284454
physics_guided_NN,5,175,2,47,0.030850640187660854,0.17154385149478912
physics_guided_NN,5,175,2,48,0.027676356645921867,0.17030753195285797
physics_guided_NN,5,175,2,49,0.026811659956971805,0.16840800642967224
physics_guided_NN,5,175,2,50,0.023796846469243366,0.16649647057056427
physics_guided_NN,5,175,2,51,0.02273452716569106,0.16455978155136108
physics_guided_NN,5,175,2,52,0.02050066739320755,0.16330452263355255
physics_guided_NN,5,175,2,53,0.01901066458473603,0.16291143000125885
physics_guided_NN,5,175,2,54,0.016660978086292744,0.1615518033504486
physics_guided_NN,5,175,2,55,0.016442502848803997,0.16035929322242737
physics_guided_NN,5,175,2,56,0.015070856548845768,0.15984374284744263
physics_guided_NN,5,175,2,57,0.013685167456666628,0.158219113945961
physics_guided_NN,5,175,2,58,0.01280858057240645,0.156582310795784
physics_guided_NN,5,175,2,59,0.011676185764372349,0.15581268072128296
physics_guided_NN,5,175,2,60,0.010976655253519615,0.15481512248516083
physics_guided_NN,5,175,2,61,0.011832797589401403,0.15419329702854156
physics_guided_NN,5,175,2,62,0.009523634798824787,0.1543537676334381
physics_guided_NN,5,175,2,63,0.009567503506938616,0.15413476526737213
physics_guided_NN,5,175,2,64,0.008847403184821209,0.15370836853981018
physics_guided_NN,5,175,2,65,0.008539283958574137,0.15223775804042816
physics_guided_NN,5,175,2,66,0.007981862562398115,0.15220226347446442
physics_guided_NN,5,175,2,67,0.007353685175379117,0.15084712207317352
physics_guided_NN,5,175,2,68,0.007458064084251721,0.15027548372745514
physics_guided_NN,5,175,2,69,0.00626061437651515,0.15079976618289948
physics_guided_NN,5,175,2,70,0.006523282577594121,0.1495848298072815
physics_guided_NN,5,175,2,71,0.005815552081912756,0.14963775873184204
physics_guided_NN,5,175,2,72,0.005353654036298394,0.1493658870458603
physics_guided_NN,5,175,2,73,0.005529656540602446,0.14896316826343536
physics_guided_NN,5,175,2,74,0.004881514546771844,0.14844658970832825
physics_guided_NN,5,175,2,75,0.004796807964642842,0.1480507254600525
physics_guided_NN,5,175,2,76,0.004612749752899011,0.14783325791358948
physics_guided_NN,5,175,2,77,0.004376518540084362,0.14758142828941345
physics_guided_NN,5,175,2,78,0.004237313211585085,0.1473495066165924
physics_guided_NN,5,175,2,79,0.004050972638651729,0.14700253307819366
physics_guided_NN,5,175,2,80,0.003988098663588365,0.14703691005706787
physics_guided_NN,5,175,2,81,0.003746254835277796,0.14687131345272064
physics_guided_NN,5,175,2,82,0.0035869079486777387,0.14659523963928223
physics_guided_NN,5,175,2,83,0.00350416311994195,0.1464432328939438
physics_guided_NN,5,175,2,84,0.0035060658119618893,0.14626388251781464
physics_guided_NN,5,175,2,85,0.0032930361727873483,0.1462518870830536
physics_guided_NN,5,175,2,86,0.003262861631810665,0.1460627317428589
physics_guided_NN,5,175,2,87,0.0031393214594572783,0.145867720246315
physics_guided_NN,5,175,2,88,0.00310086722796162,0.1457304060459137
physics_guided_NN,5,175,2,89,0.003050414069245259,0.14540018141269684
physics_guided_NN,5,175,2,90,0.00287498013737301,0.14513811469078064
physics_guided_NN,5,175,2,91,0.002798027048508326,0.1451704353094101
physics_guided_NN,5,175,2,92,0.0028079208762695393,0.14500214159488678
physics_guided_NN,5,175,2,93,0.002789531135931611,0.14475658535957336
physics_guided_NN,5,175,2,94,0.0027296082504714527,0.14452281594276428
physics_guided_NN,5,175,2,95,0.002725614351220429,0.14427606761455536
physics_guided_NN,5,175,2,96,0.0025982079872240624,0.14413592219352722
physics_guided_NN,5,175,2,97,0.00250350427813828,0.14410273730754852
physics_guided_NN,5,175,2,98,0.0024581836381306252,0.14405584335327148
physics_guided_NN,5,175,2,99,0.0024369877840702734,0.14387905597686768
physics_guided_NN,5,175,2,100,0.002408269482354323,0.1437099128961563
physics_guided_NN,5,175,2,101,0.0023078902158886194,0.14366590976715088
physics_guided_NN,5,175,2,102,0.0022058643711109958,0.14344315230846405
physics_guided_NN,5,175,2,103,0.0023055882193148136,0.14330944418907166
physics_guided_NN,5,175,2,104,0.0021292928528661528,0.1431054174900055
physics_guided_NN,5,175,2,105,0.0022405816319709024,0.1429116129875183
physics_guided_NN,5,175,2,106,0.002090505324304104,0.14280802011489868
physics_guided_NN,5,175,2,107,0.0020673562151690326,0.142793208360672
physics_guided_NN,5,175,2,108,0.0020230193622410297,0.1426256000995636
physics_guided_NN,5,175,2,109,0.002078356958615283,0.1424441784620285
physics_guided_NN,5,175,2,110,0.0019688373431563377,0.14234311878681183
physics_guided_NN,5,175,2,111,0.0020290445536375046,0.1422448754310608
physics_guided_NN,5,175,2,112,0.001975072353767852,0.14208096265792847
physics_guided_NN,5,175,2,113,0.0019439295089493196,0.14193807542324066
physics_guided_NN,5,175,2,114,0.0018432353778431814,0.1417650431394577
physics_guided_NN,5,175,2,115,0.0017884575063362718,0.14162638783454895
physics_guided_NN,5,175,2,116,0.001734310993924737,0.1415358930826187
physics_guided_NN,5,175,2,117,0.0017208809731528163,0.14142252504825592
physics_guided_NN,5,175,2,118,0.0016813816813131173,0.14127355813980103
physics_guided_NN,5,175,2,119,0.0017645001644268632,0.1411862075328827
physics_guided_NN,5,175,2,120,0.0017549373442307115,0.14112849533557892
physics_guided_NN,5,175,2,121,0.0016386243126665552,0.1410822868347168
physics_guided_NN,5,175,2,122,0.0016175138686473172,0.14092296361923218
physics_guided_NN,5,175,2,123,0.0016004163383816679,0.140770822763443
physics_guided_NN,5,175,2,124,0.0015741590953742464,0.1406283974647522
physics_guided_NN,5,175,2,125,0.0016676135710440576,0.1405586451292038
physics_guided_NN,5,175,2,126,0.0015337937123452623,0.14045432209968567
physics_guided_NN,5,175,2,127,0.0015214175024690728,0.1404602974653244
physics_guided_NN,5,175,2,128,0.0015813514861899118,0.1403643935918808
physics_guided_NN,5,175,2,129,0.0015294774202629924,0.14037911593914032
physics_guided_NN,5,175,2,130,0.0014353851438499987,0.1403363049030304
physics_guided_NN,5,175,2,131,0.0015364264448483784,0.14026767015457153
physics_guided_NN,5,175,2,132,0.001501965996188422,0.14018680155277252
physics_guided_NN,5,175,2,133,0.0015486795455217361,0.14011326432228088
physics_guided_NN,5,175,2,134,0.0014674054109491408,0.14004552364349365
physics_guided_NN,5,175,2,135,0.001377619996977349,0.1399642527103424
physics_guided_NN,5,175,2,136,0.0013774643302895129,0.13983234763145447
physics_guided_NN,5,175,2,137,0.0013618524729584653,0.1397056132555008
physics_guided_NN,5,175,2,138,0.0014232167741283774,0.13966456055641174
physics_guided_NN,5,175,2,139,0.0013682845747098327,0.13963018357753754
physics_guided_NN,5,175,2,140,0.0013237339832509558,0.13958199322223663
physics_guided_NN,5,175,2,141,0.0014577215964285035,0.13951049745082855
physics_guided_NN,5,175,2,142,0.0014270977699197829,0.1393856406211853
physics_guided_NN,5,175,2,143,0.0013643015020837386,0.13939571380615234
physics_guided_NN,5,175,2,144,0.0013850015044833224,0.139363095164299
physics_guided_NN,5,175,2,145,0.0012444621340061228,0.1392425298690796
physics_guided_NN,5,175,2,146,0.0012659238224538665,0.13916906714439392
physics_guided_NN,5,175,2,147,0.0012536206631921232,0.13907352089881897
physics_guided_NN,5,175,2,148,0.0013626091143426795,0.13904495537281036
physics_guided_NN,5,175,2,149,0.0012072814667286973,0.1390347182750702
physics_guided_NN,5,175,2,150,0.0011992571138155956,0.13896386325359344
physics_guided_NN,5,175,2,151,0.0011782080594760676,0.13894976675510406
physics_guided_NN,5,175,2,152,0.0011687921942211688,0.1388489156961441
physics_guided_NN,5,175,2,153,0.0012885238393209875,0.1387929469347
physics_guided_NN,5,175,2,154,0.0011604125999535124,0.1387849599123001
physics_guided_NN,5,175,2,155,0.0012889736487219732,0.1387127786874771
physics_guided_NN,5,175,2,156,0.0011324310520042975,0.1387811154127121
physics_guided_NN,5,175,2,157,0.0011337106116116047,0.13868792355060577
physics_guided_NN,5,175,2,158,0.0011498688448530932,0.13861514627933502
physics_guided_NN,5,175,2,159,0.00123470575393488,0.13853952288627625
physics_guided_NN,5,175,2,160,0.0012261617230251431,0.138490229845047
physics_guided_NN,5,175,2,161,0.0011016478917251031,0.13846440613269806
physics_guided_NN,5,175,2,162,0.0011393094124893348,0.1384388506412506
physics_guided_NN,5,175,2,163,0.0011049426005532343,0.13834823668003082
physics_guided_NN,5,175,2,164,0.0012293722829781473,0.1382616013288498
physics_guided_NN,5,175,2,165,0.0010729822679422796,0.1381896436214447
physics_guided_NN,5,175,2,166,0.001077107231443127,0.1382199078798294
physics_guided_NN,5,175,2,167,0.001209735977075373,0.13828317821025848
physics_guided_NN,5,175,2,168,0.00114067339260752,0.13821451365947723
physics_guided_NN,5,175,2,169,0.0010339052144748468,0.13818755745887756
physics_guided_NN,5,175,2,170,0.001182174504113694,0.13814711570739746
physics_guided_NN,5,175,2,171,0.001064032141584903,0.13814561069011688
physics_guided_NN,5,175,2,172,0.0011691712425090373,0.13813452422618866
physics_guided_NN,5,175,2,173,0.0009942476269012939,0.13803517818450928
physics_guided_NN,5,175,2,174,0.0011307198146823794,0.13802340626716614
physics_guided_NN,5,175,2,175,0.001000565243884921,0.1379518210887909
physics_guided_NN,5,175,2,176,0.0011252258263994008,0.1379537284374237
physics_guided_NN,5,175,2,177,0.001063336676452309,0.1379772424697876
physics_guided_NN,5,175,2,178,0.0010656816302798688,0.13793587684631348
physics_guided_NN,5,175,2,179,0.0009622796593854824,0.13789761066436768
physics_guided_NN,5,175,2,180,0.0010412311530672014,0.13785257935523987
physics_guided_NN,5,175,2,181,0.0009967187846389909,0.13777950406074524
physics_guided_NN,5,175,2,182,0.0009966956567950547,0.13779912889003754
physics_guided_NN,5,175,2,183,0.0009366584320863088,0.13777334988117218
physics_guided_NN,5,175,2,184,0.0009316257880224536,0.13776448369026184
physics_guided_NN,5,175,2,185,0.0009790269541554153,0.13773813843727112
physics_guided_NN,5,175,2,186,0.0010143983139035602,0.1376952826976776
physics_guided_NN,5,175,2,187,0.0009108252512911955,0.13772998750209808
physics_guided_NN,5,175,2,188,0.0010368515116473038,0.1376994103193283
physics_guided_NN,5,175,2,189,0.0009078541188500822,0.13769710063934326
physics_guided_NN,5,175,2,190,0.0009470740527225038,0.1376497745513916
physics_guided_NN,5,175,2,191,0.0009577398013789207,0.13762052357196808
physics_guided_NN,5,175,2,192,0.0008981886591451863,0.13760289549827576
physics_guided_NN,5,175,2,193,0.0009147832946230968,0.13756713271141052
physics_guided_NN,5,175,2,194,0.000948902607584993,0.13753803074359894
physics_guided_NN,5,175,2,195,0.0008949199109338224,0.13747568428516388
physics_guided_NN,5,175,2,196,0.0010458798108932872,0.1374615579843521
physics_guided_NN,5,175,2,197,0.0008831136219669133,0.13745655119419098
physics_guided_NN,5,175,2,198,0.0008698280435055494,0.13744723796844482
physics_guided_NN,5,175,2,199,0.0008765378831109653,0.13741891086101532
physics_guided_NN,5,175,2,200,0.0008958963153418154,0.13738039135932922
physics_guided_NN,5,175,2,201,0.0009602768016823878,0.1373901516199112
physics_guided_NN,5,175,2,202,0.0008799533728354921,0.13736562430858612
physics_guided_NN,5,175,2,203,0.0008469133754260838,0.1374008059501648
physics_guided_NN,5,175,2,204,0.0009221975148345033,0.1373753547668457
physics_guided_NN,5,175,2,205,0.0008756123133935034,0.13734020292758942
physics_guided_NN,5,175,2,206,0.0008657667203806341,0.13727614283561707
physics_guided_NN,5,175,2,207,0.0008367134917837878,0.13721756637096405
physics_guided_NN,5,175,2,208,0.0008247152145486325,0.13722139596939087
physics_guided_NN,5,175,2,209,0.0008132185612339526,0.1372099369764328
physics_guided_NN,5,175,2,210,0.0009074991685338318,0.13722079992294312
physics_guided_NN,5,175,2,211,0.0008122631697915494,0.13718251883983612
physics_guided_NN,5,175,2,212,0.000809146644314751,0.13718080520629883
physics_guided_NN,5,175,2,213,0.0008051606904094418,0.1371144950389862
physics_guided_NN,5,175,2,214,0.0008103039969379703,0.13712379336357117
physics_guided_NN,5,175,2,215,0.0007955015171319246,0.13707616925239563
physics_guided_NN,5,175,2,216,0.0007778401971639445,0.137085422873497
physics_guided_NN,5,175,2,217,0.0007878855685703456,0.13705503940582275
physics_guided_NN,5,175,2,218,0.0007876594609115273,0.13705217838287354
physics_guided_NN,5,175,2,219,0.0008199819130823016,0.1370505541563034
physics_guided_NN,5,175,2,220,0.0008249319507740438,0.13703987002372742
physics_guided_NN,5,175,2,221,0.000779155302249516,0.13703463971614838
physics_guided_NN,5,175,2,222,0.0007666363477862129,0.1369858980178833
physics_guided_NN,5,175,2,223,0.0007734700435927758,0.1369689553976059
physics_guided_NN,5,175,2,224,0.0008666288437477002,0.13693559169769287
physics_guided_NN,5,175,2,225,0.0007725212296160558,0.1369687020778656
physics_guided_NN,5,175,2,226,0.0007553720497526228,0.13695065677165985
physics_guided_NN,5,175,2,227,0.0008412462581569949,0.13692893087863922
physics_guided_NN,5,175,2,228,0.0007869757537264377,0.13690824806690216
physics_guided_NN,5,175,2,229,0.0007456233918977281,0.13684171438217163
physics_guided_NN,5,175,2,230,0.0007465152496782442,0.1368308961391449
physics_guided_NN,5,175,2,231,0.000742769024024407,0.13680508732795715
physics_guided_NN,5,175,2,232,0.0007459549621368448,0.13683107495307922
physics_guided_NN,5,175,2,233,0.0008264645196807882,0.13684014976024628
physics_guided_NN,5,175,2,234,0.0007301658042706549,0.1368565410375595
physics_guided_NN,5,175,2,235,0.0007676746851454178,0.1368073672056198
physics_guided_NN,5,175,2,236,0.0007282222504727542,0.1368025243282318
physics_guided_NN,5,175,2,237,0.0007202904768443356,0.1367514580488205
physics_guided_NN,5,175,2,238,0.0007646100614996006,0.13675524294376373
physics_guided_NN,5,175,2,239,0.0007575636943026135,0.13668392598628998
physics_guided_NN,5,175,2,240,0.0008354867265249292,0.1367015540599823
physics_guided_NN,5,175,2,241,0.0008246903986825297,0.13673363626003265
physics_guided_NN,5,175,2,242,0.0007145977967108289,0.13670732080936432
physics_guided_NN,5,175,2,243,0.0008032664093965044,0.1366792619228363
physics_guided_NN,5,175,2,244,0.0007320337075119218,0.13669490814208984
physics_guided_NN,5,175,2,245,0.0007262545016904672,0.13670390844345093
physics_guided_NN,5,175,2,246,0.0006891884646999339,0.13667021691799164
physics_guided_NN,5,175,2,247,0.0006909319684685519,0.13664057850837708
physics_guided_NN,5,175,2,248,0.0006917716236785054,0.1366416960954666
physics_guided_NN,5,175,2,249,0.0006915489599729577,0.13663600385189056
physics_guided_NN,5,175,2,250,0.0007790254264061028,0.13662433624267578
physics_guided_NN,5,175,2,251,0.0007274456438608468,0.13664613664150238
physics_guided_NN,5,175,2,252,0.0006755523306007186,0.1366250365972519
physics_guided_NN,5,175,2,253,0.000776247528847307,0.13657967746257782
physics_guided_NN,5,175,2,254,0.0006860154244350269,0.13657623529434204
physics_guided_NN,5,175,2,255,0.000776655797380954,0.1365654170513153
physics_guided_NN,5,175,2,256,0.0006776822168224802,0.13658981025218964
physics_guided_NN,5,175,2,257,0.0007090846581074098,0.13657453656196594
physics_guided_NN,5,175,2,258,0.0006730134482495487,0.1365024596452713
physics_guided_NN,5,175,2,259,0.0007250457614039382,0.13648435473442078
physics_guided_NN,5,175,2,260,0.0006960420578252524,0.1364838182926178
physics_guided_NN,5,175,2,261,0.0007042717770673335,0.13649088144302368
physics_guided_NN,5,175,2,262,0.0006532593251904473,0.13648377358913422
physics_guided_NN,5,175,2,263,0.0006573431213231137,0.1364963948726654
physics_guided_NN,5,175,2,264,0.0006525157077703625,0.1364579200744629
physics_guided_NN,5,175,2,265,0.0006766479151944319,0.13647165894508362
physics_guided_NN,5,175,2,266,0.0006833101894396046,0.1364557445049286
physics_guided_NN,5,175,2,267,0.0006771340704290196,0.13642054796218872
physics_guided_NN,5,175,2,268,0.0006763143270897368,0.13639794290065765
physics_guided_NN,5,175,2,269,0.0006616175717984637,0.136416494846344
physics_guided_NN,5,175,2,270,0.0007379391706005359,0.1364070326089859
physics_guided_NN,5,175,2,271,0.000698206490293766,0.13639657199382782
physics_guided_NN,5,175,2,272,0.0006698419504876559,0.1363857090473175
physics_guided_NN,5,175,2,273,0.0006179440291210389,0.13638409972190857
physics_guided_NN,5,175,2,274,0.0007504158129449934,0.13636378943920135
physics_guided_NN,5,175,2,275,0.0006826427609970173,0.13638296723365784
physics_guided_NN,5,175,2,276,0.000715399820668002,0.13638845086097717
physics_guided_NN,5,175,2,277,0.0006507798195040474,0.13636963069438934
physics_guided_NN,5,175,2,278,0.0006181518983794376,0.13634273409843445
physics_guided_NN,5,175,2,279,0.0006752739330598464,0.1363309770822525
physics_guided_NN,5,175,2,280,0.0005987174469434345,0.1363447606563568
physics_guided_NN,5,175,2,281,0.0006866789723668868,0.13632450997829437
physics_guided_NN,5,175,2,282,0.0005951922891351084,0.13633425533771515
physics_guided_NN,5,175,2,283,0.0006546092578597987,0.13630807399749756
physics_guided_NN,5,175,2,284,0.0006379263359121978,0.13633616268634796
physics_guided_NN,5,175,2,285,0.0005922844187201312,0.1362915337085724
physics_guided_NN,5,175,2,286,0.000628931544876347,0.13626959919929504
physics_guided_NN,5,175,2,287,0.0006447782458659882,0.13622607290744781
physics_guided_NN,5,175,2,288,0.0006738484710998213,0.13624818623065948
physics_guided_NN,5,175,2,289,0.0006337854623173674,0.13623768091201782
physics_guided_NN,5,175,2,290,0.0006716831267112866,0.13626013696193695
physics_guided_NN,5,175,2,291,0.0006541164523999518,0.13625523447990417
physics_guided_NN,5,175,2,292,0.0006258359353523701,0.1362520009279251
physics_guided_NN,5,175,2,293,0.0006193959367616723,0.13625659048557281
physics_guided_NN,5,175,2,294,0.0005660294409608468,0.1361914724111557
physics_guided_NN,5,175,2,295,0.0005965918729392191,0.13620245456695557
physics_guided_NN,5,175,2,296,0.0005611802868467445,0.1361837238073349
physics_guided_NN,5,175,2,297,0.0005645578785333782,0.13617287576198578
physics_guided_NN,5,175,2,298,0.0005866184801561758,0.1361532211303711
physics_guided_NN,5,175,2,299,0.0005662736317996556,0.13616763055324554
physics_guided_NN,5,175,2,300,0.0006077779398765415,0.13615725934505463
physics_guided_NN,5,175,2,301,0.0005602470240167653,0.13614104688167572
physics_guided_NN,5,175,2,302,0.0005609030777122825,0.13609395921230316
physics_guided_NN,5,175,2,303,0.000588532459611694,0.13611319661140442
physics_guided_NN,5,175,2,304,0.0005747031051820765,0.13610902428627014
physics_guided_NN,5,175,2,305,0.0005642834439640865,0.1361212134361267
physics_guided_NN,5,175,2,306,0.0005559081134075919,0.13609983026981354
physics_guided_NN,5,175,2,307,0.0005436502057515705,0.13606177270412445
physics_guided_NN,5,175,2,308,0.0006124035377676288,0.13604703545570374
physics_guided_NN,5,175,2,309,0.0005447129078675061,0.13603952527046204
physics_guided_NN,5,175,2,310,0.0005505071943237757,0.13599275052547455
physics_guided_NN,5,175,2,311,0.0005565243579136828,0.13596497476100922
physics_guided_NN,5,175,2,312,0.0005655299658731868,0.13599567115306854
physics_guided_NN,5,175,2,313,0.0005685442107884834,0.13600650429725647
physics_guided_NN,5,175,2,314,0.000541862410803636,0.13596586883068085
physics_guided_NN,5,175,2,315,0.0005766176618635654,0.1359722763299942
physics_guided_NN,5,175,2,316,0.0005930254701524973,0.13594724237918854
physics_guided_NN,5,175,2,317,0.0005801202593526492,0.13597506284713745
physics_guided_NN,5,175,2,318,0.0005432019534055144,0.13589534163475037
physics_guided_NN,5,175,2,319,0.0005957567288229862,0.1359052062034607
physics_guided_NN,5,175,2,320,0.0005196712882025167,0.13592000305652618
physics_guided_NN,5,175,2,321,0.0005594941224747648,0.13592994213104248
physics_guided_NN,5,175,2,322,0.000507463085038277,0.13585315644741058
physics_guided_NN,5,175,2,323,0.0005127970410588508,0.13584251701831818
physics_guided_NN,5,175,2,324,0.0005062686541350558,0.13582302629947662
physics_guided_NN,5,175,2,325,0.0005581185881358882,0.13586817681789398
physics_guided_NN,5,175,2,326,0.0005572526812708626,0.13582544028759003
physics_guided_NN,5,175,2,327,0.0006054932649324959,0.1358494609594345
physics_guided_NN,5,175,2,328,0.0005726701250144591,0.13581271469593048
physics_guided_NN,5,175,2,329,0.0005580770084634423,0.13580650091171265
physics_guided_NN,5,175,2,330,0.0004947462875861675,0.13579699397087097
physics_guided_NN,5,175,2,331,0.0004984614497516304,0.13577857613563538
physics_guided_NN,5,175,2,332,0.00048207999498117715,0.13579866290092468
physics_guided_NN,5,175,2,333,0.0005371581161549935,0.13577964901924133
physics_guided_NN,5,175,2,334,0.0004837068311947708,0.1357356458902359
physics_guided_NN,5,175,2,335,0.00047743240914617974,0.1357285976409912
physics_guided_NN,5,175,2,336,0.00047238361003110185,0.13572004437446594
physics_guided_NN,5,175,2,337,0.0004729159651712204,0.13568717241287231
physics_guided_NN,5,175,2,338,0.0004924851576409613,0.13567662239074707
physics_guided_NN,5,175,2,339,0.0005238117785969129,0.13568057119846344
physics_guided_NN,5,175,2,340,0.0004945808371606594,0.13567228615283966
physics_guided_NN,5,175,2,341,0.0005477835220517591,0.1356794536113739
physics_guided_NN,5,175,2,342,0.0004910116598087674,0.13565915822982788
physics_guided_NN,5,175,2,343,0.0005334787371490771,0.13564829528331757
physics_guided_NN,5,175,2,344,0.0005246491297536219,0.13565951585769653
physics_guided_NN,5,175,2,345,0.00048674863258687157,0.13564102351665497
physics_guided_NN,5,175,2,346,0.0004768332631404822,0.13562777638435364
physics_guided_NN,5,175,2,347,0.00045779407567655045,0.13562968373298645
physics_guided_NN,5,175,2,348,0.00048476155401052284,0.13562041521072388
physics_guided_NN,5,175,2,349,0.0005030279814188058,0.13563282787799835
physics_guided_NN,5,175,2,350,0.000511820389268299,0.13558094203472137
physics_guided_NN,5,175,2,351,0.0005025332793593407,0.13559672236442566
physics_guided_NN,5,175,2,352,0.0004505958058871329,0.13556315004825592
physics_guided_NN,5,175,2,353,0.0005064440629212186,0.13557447493076324
physics_guided_NN,5,175,2,354,0.00045921850445059437,0.13558511435985565
physics_guided_NN,5,175,2,355,0.0004389248739850397,0.13555006682872772
physics_guided_NN,5,175,2,356,0.0004475001284542183,0.13550519943237305
physics_guided_NN,5,175,2,357,0.0004497484624153003,0.13552065193653107
physics_guided_NN,5,175,2,358,0.000450579672663783,0.13549619913101196
physics_guided_NN,5,175,2,359,0.000490803072655884,0.13549119234085083
physics_guided_NN,5,175,2,360,0.0004722669837065041,0.1354753077030182
physics_guided_NN,5,175,2,361,0.0004907423378123591,0.1355559229850769
physics_guided_NN,5,175,2,362,0.00046391259820666164,0.13550645112991333
physics_guided_NN,5,175,2,363,0.00043333955788208794,0.13548360764980316
physics_guided_NN,5,175,2,364,0.0004357871172639231,0.13548360764980316
physics_guided_NN,5,175,2,365,0.00047104127588681877,0.13547742366790771
physics_guided_NN,5,175,2,366,0.00043188676742526394,0.13548777997493744
physics_guided_NN,5,175,2,367,0.0005170919127219046,0.13547424972057343
physics_guided_NN,5,175,2,368,0.0004623629744552697,0.13547806441783905
physics_guided_NN,5,175,2,369,0.0004442869685590267,0.1354532241821289
physics_guided_NN,5,175,2,370,0.00043264996687260765,0.13540157675743103
physics_guided_NN,5,175,2,371,0.00043729729562376934,0.13537447154521942
physics_guided_NN,5,175,2,372,0.00040951599172937375,0.13541801273822784
physics_guided_NN,5,175,2,373,0.00044860277072681737,0.1353914588689804
physics_guided_NN,5,175,2,374,0.0004986274240460867,0.13536608219146729
physics_guided_NN,5,175,2,375,0.0004820871617994271,0.1353592425584793
physics_guided_NN,5,175,2,376,0.00044857871156030643,0.13532690703868866
physics_guided_NN,5,175,2,377,0.0004056863544974476,0.135276660323143
physics_guided_NN,5,175,2,378,0.00040638782472039264,0.1353338062763214
physics_guided_NN,5,175,2,379,0.0003975129729951732,0.13532784581184387
physics_guided_NN,5,175,2,380,0.0003970735609376182,0.1352970451116562
physics_guided_NN,5,175,2,381,0.0004004134874170025,0.13529235124588013
physics_guided_NN,5,175,2,382,0.0004396994869845609,0.13524280488491058
physics_guided_NN,5,175,2,383,0.0003891835707084586,0.1352546066045761
physics_guided_NN,5,175,2,384,0.00038992417830741033,0.13524597883224487
physics_guided_NN,5,175,2,385,0.00038616668704586726,0.13529430329799652
physics_guided_NN,5,175,2,386,0.0004255242335299651,0.13522866368293762
physics_guided_NN,5,175,2,387,0.0004205166284615795,0.13521702587604523
physics_guided_NN,5,175,2,388,0.00040353905933443457,0.13520973920822144
physics_guided_NN,5,175,2,389,0.00042581647721817717,0.13519103825092316
physics_guided_NN,5,175,2,390,0.00037830152480940643,0.13517546653747559
physics_guided_NN,5,175,2,391,0.00037498895108001307,0.13517795503139496
physics_guided_NN,5,175,2,392,0.00038004583135868114,0.13523054122924805
physics_guided_NN,5,175,2,393,0.0003734735970889839,0.13514652848243713
physics_guided_NN,5,175,2,394,0.0004081030492670834,0.13512970507144928
physics_guided_NN,5,175,2,395,0.00040765473871336627,0.13510039448738098
physics_guided_NN,5,175,2,396,0.00037429260555654764,0.1351323127746582
physics_guided_NN,5,175,2,397,0.00038074740829567116,0.13514187932014465
physics_guided_NN,5,175,2,398,0.00038322704494930804,0.1351560354232788
physics_guided_NN,5,175,2,399,0.000377441542999198,0.13512636721134186
physics_guided_NN,5,175,2,400,0.00042844303728391725,0.13513179123401642
physics_guided_NN,5,175,2,401,0.0003854728104973522,0.13510867953300476
physics_guided_NN,5,175,2,402,0.0004156874128966592,0.13505743443965912
physics_guided_NN,5,175,2,403,0.0003835816072144856,0.13508114218711853
physics_guided_NN,5,175,2,404,0.00036429535733380664,0.13505470752716064
physics_guided_NN,5,175,2,405,0.0004012711870018393,0.1350705325603485
physics_guided_NN,5,175,2,406,0.00035614773757212487,0.13502895832061768
physics_guided_NN,5,175,2,407,0.0003520926960239497,0.13506576418876648
physics_guided_NN,5,175,2,408,0.0004173569371535753,0.13506188988685608
physics_guided_NN,5,175,2,409,0.00038641395804006606,0.13500800728797913
physics_guided_NN,5,175,2,410,0.0003980712960280168,0.13499699532985687
physics_guided_NN,5,175,2,411,0.00039667400415055454,0.13498720526695251
physics_guided_NN,5,175,2,412,0.00035239301117447514,0.13499905169010162
physics_guided_NN,5,175,2,413,0.00038999087216022116,0.1349697709083557
physics_guided_NN,5,175,2,414,0.00036258274485589936,0.13494758307933807
physics_guided_NN,5,175,2,415,0.00037107574947488803,0.13497872650623322
physics_guided_NN,5,175,2,416,0.00038562242601377267,0.13495415449142456
physics_guided_NN,5,175,2,417,0.0003748069527015711,0.13498228788375854
physics_guided_NN,5,175,2,418,0.00034261238033650443,0.1349063664674759
physics_guided_NN,5,175,2,419,0.00033844905071115744,0.13496634364128113
physics_guided_NN,5,175,2,420,0.0003715368123569836,0.13496220111846924
physics_guided_NN,5,175,2,421,0.0003443537959052871,0.13493002951145172
physics_guided_NN,5,175,2,422,0.0003734921823100497,0.1349191516637802
physics_guided_NN,5,175,2,423,0.0003269025061551171,0.1348598748445511
physics_guided_NN,5,175,2,424,0.00036340885465809453,0.13486914336681366
physics_guided_NN,5,175,2,425,0.0003392052312847227,0.13483014702796936
physics_guided_NN,5,175,2,426,0.00032607148023089394,0.1348690539598465
physics_guided_NN,5,175,2,427,0.000375576385219271,0.13486723601818085
physics_guided_NN,5,175,2,428,0.0003627655532909557,0.1348731517791748
physics_guided_NN,5,175,2,429,0.0003738887414025764,0.13488832116127014
physics_guided_NN,5,175,2,430,0.00033387929822007817,0.1348404735326767
physics_guided_NN,5,175,2,431,0.0003203132703977947,0.13486385345458984
physics_guided_NN,5,175,2,432,0.0003629759812611155,0.13481426239013672
physics_guided_NN,5,175,2,433,0.00034173944489642355,0.13482430577278137
physics_guided_NN,5,175,2,434,0.00031377552416718874,0.13483655452728271
physics_guided_NN,5,175,2,435,0.00031958375378356624,0.13487055897712708
physics_guided_NN,5,175,2,436,0.0003434837805495287,0.13479259610176086
physics_guided_NN,5,175,2,437,0.00031722720693020773,0.13478536903858185
physics_guided_NN,5,175,2,438,0.0003216375868457059,0.13482503592967987
physics_guided_NN,5,175,2,439,0.00032844197024436045,0.1348283439874649
physics_guided_NN,5,175,2,440,0.0002980607581169655,0.1347944587469101
physics_guided_NN,5,175,2,441,0.000300007188343443,0.1347658485174179
physics_guided_NN,5,175,2,442,0.00034656938078114763,0.13477888703346252
physics_guided_NN,5,175,2,443,0.0002976103254089442,0.13480809330940247
physics_guided_NN,5,175,2,444,0.0003271124927171816,0.13479052484035492
physics_guided_NN,5,175,2,445,0.00028769837808795273,0.13466763496398926
physics_guided_NN,5,175,2,446,0.0002902550671327238,0.13471095263957977
physics_guided_NN,5,175,2,447,0.0003043176936140905,0.13476034998893738
physics_guided_NN,5,175,2,448,0.0003416444039127479,0.1347483992576599
physics_guided_NN,5,175,2,449,0.0003158785548293963,0.13474233448505402
physics_guided_NN,5,175,2,450,0.00030982286504392204,0.1346760392189026
physics_guided_NN,5,175,2,451,0.00027918892495411757,0.1346876621246338
physics_guided_NN,5,175,2,452,0.0003277740179328248,0.1347372978925705
physics_guided_NN,5,175,2,453,0.0002877374305777873,0.13471642136573792
physics_guided_NN,5,175,2,454,0.0002778559258634535,0.13478471338748932
physics_guided_NN,5,175,2,455,0.00031000312689381343,0.13476160168647766
physics_guided_NN,5,175,2,456,0.00028788378403987736,0.1347041130065918
physics_guided_NN,5,175,2,457,0.00028563226805999875,0.1346876621246338
physics_guided_NN,5,175,2,458,0.00029982854418146115,0.13466274738311768
physics_guided_NN,5,175,2,459,0.00029585720524967957,0.13467644155025482
physics_guided_NN,5,175,2,460,0.00028438237980784226,0.13472241163253784
physics_guided_NN,5,175,2,461,0.00026061471483747783,0.1346638798713684
physics_guided_NN,5,175,2,462,0.00026970476513573277,0.13469354808330536
physics_guided_NN,5,175,2,463,0.0002659206559959178,0.13470816612243652
physics_guided_NN,5,175,2,464,0.00028771356543681276,0.1346566081047058
physics_guided_NN,5,175,2,465,0.000288861168276829,0.13468007743358612
physics_guided_NN,5,175,2,466,0.0003188192252612983,0.1345919817686081
physics_guided_NN,5,175,2,467,0.0002628873723248641,0.1345580667257309
physics_guided_NN,5,175,2,468,0.0002612090853896613,0.13462761044502258
physics_guided_NN,5,175,2,469,0.00028188086677497876,0.1345808207988739
physics_guided_NN,5,175,2,470,0.00025290066211406764,0.13461263477802277
physics_guided_NN,5,175,2,471,0.00027490489204258967,0.13461995124816895
physics_guided_NN,5,175,2,472,0.0002481068028525139,0.13460513949394226
physics_guided_NN,5,175,2,473,0.0002496409554926989,0.13460952043533325
physics_guided_NN,5,175,2,474,0.0002781968529840621,0.13458529114723206
physics_guided_NN,5,175,2,475,0.0002511245790325726,0.13452522456645966
physics_guided_NN,5,175,2,476,0.00027584334505566704,0.13456599414348602
physics_guided_NN,5,175,2,477,0.00025097064159732935,0.13460613787174225
physics_guided_NN,5,175,2,478,0.0002458765181169535,0.13457705080509186
physics_guided_NN,5,175,2,479,0.0002422743636998348,0.13454419374465942
physics_guided_NN,5,175,2,480,0.00024632348261851195,0.13455116748809814
physics_guided_NN,5,175,2,481,0.00024210476355316737,0.13454630970954895
physics_guided_NN,5,175,2,482,0.00024470807693433017,0.13457614183425903
physics_guided_NN,5,175,2,483,0.00023553575010737404,0.13455086946487427
physics_guided_NN,5,175,2,484,0.00024330615997314453,0.13451312482357025
physics_guided_NN,5,175,2,485,0.00022775645872267583,0.1345089226961136
physics_guided_NN,5,175,2,486,0.00025152659994394827,0.1345008760690689
physics_guided_NN,5,175,2,487,0.00022750424007729939,0.13455113768577576
physics_guided_NN,5,175,2,488,0.0002442114637233317,0.1345171332359314
physics_guided_NN,5,175,2,489,0.00021826593729201704,0.13454373180866241
physics_guided_NN,5,175,2,490,0.00022411150954818973,0.1345505714416504
physics_guided_NN,5,175,2,491,0.00021178737127532563,0.1344359964132309
physics_guided_NN,5,175,2,492,0.00022664998687105253,0.1344769448041916
physics_guided_NN,5,175,2,493,0.00021243159426376224,0.1345188468694687
physics_guided_NN,5,175,2,494,0.00022696842643199489,0.13444404304027557
physics_guided_NN,5,175,2,495,0.0002098504191963002,0.13449040055274963
physics_guided_NN,5,175,2,496,0.00021739872560525933,0.13445740938186646
physics_guided_NN,5,175,2,497,0.0002264759653674749,0.13444587588310242
physics_guided_NN,5,175,2,498,0.00022342242785574248,0.13443587720394135
physics_guided_NN,5,175,2,499,0.00021718932839576155,0.13436520099639893
physics_guided_NN,5,175,2,500,0.00021624654376258454,0.1344360113143921
standard_NN,5,175,3,1,0.9801133076349894,1.502708077430725
standard_NN,5,175,3,2,0.9776361187299093,1.481975793838501
standard_NN,5,175,3,3,0.9527990023295084,1.4585751295089722
standard_NN,5,175,3,4,0.9135387937227885,1.4303439855575562
standard_NN,5,175,3,5,0.8903194467226664,1.3946425914764404
standard_NN,5,175,3,6,0.8473034699757894,1.3513774871826172
standard_NN,5,175,3,7,0.8135397632916769,1.302079439163208
standard_NN,5,175,3,8,0.7658039132754008,1.2450870275497437
standard_NN,5,175,3,9,0.7515826920668284,1.1842833757400513
standard_NN,5,175,3,10,0.7142049471537272,1.120234489440918
standard_NN,5,175,3,11,0.5826375385125478,1.0544131994247437
standard_NN,5,175,3,12,0.535508006811142,0.9938663244247437
standard_NN,5,175,3,13,0.48896140853563946,0.9382892847061157
standard_NN,5,175,3,14,0.4338587721188863,0.8867520093917847
standard_NN,5,175,3,15,0.37779145936171216,0.8402740359306335
standard_NN,5,175,3,16,0.37558085719744366,0.8047157526016235
standard_NN,5,175,3,17,0.30370992918809253,0.7771120071411133
standard_NN,5,175,3,18,0.2780509740114212,0.7619442343711853
standard_NN,5,175,3,19,0.2597387383381526,0.7466331124305725
standard_NN,5,175,3,20,0.2485641042391459,0.7358507513999939
standard_NN,5,175,3,21,0.23163777341445288,0.7276679873466492
standard_NN,5,175,3,22,0.2220973620812098,0.7202265858650208
standard_NN,5,175,3,23,0.2124575525522232,0.7107333540916443
standard_NN,5,175,3,24,0.2039100875457128,0.6984987258911133
standard_NN,5,175,3,25,0.1954591323932012,0.6877462267875671
standard_NN,5,175,3,26,0.2170646513501803,0.6811695694923401
standard_NN,5,175,3,27,0.2152608335018158,0.6761590242385864
standard_NN,5,175,3,28,0.20246867338816324,0.6626176238059998
standard_NN,5,175,3,29,0.1710195615887642,0.6537880301475525
standard_NN,5,175,3,30,0.18998887141545615,0.6515848636627197
standard_NN,5,175,3,31,0.15734990437825522,0.6443566679954529
standard_NN,5,175,3,32,0.15135718882083893,0.635044515132904
standard_NN,5,175,3,33,0.14872473726669946,0.6310405135154724
standard_NN,5,175,3,34,0.1440022016565005,0.6284873485565186
standard_NN,5,175,3,35,0.14018958310286203,0.6249912977218628
standard_NN,5,175,3,36,0.13702819496393204,0.6213127970695496
standard_NN,5,175,3,37,0.15223578612009683,0.6201797723770142
standard_NN,5,175,3,38,0.12991905709107718,0.6155581474304199
standard_NN,5,175,3,39,0.12297548726201057,0.6125652194023132
standard_NN,5,175,3,40,0.11869786803921063,0.6096006035804749
standard_NN,5,175,3,41,0.11957423388957977,0.6054579019546509
standard_NN,5,175,3,42,0.11453173806269963,0.6032639741897583
standard_NN,5,175,3,43,0.13043232137958208,0.6015604138374329
standard_NN,5,175,3,44,0.1078341081738472,0.5976696014404297
standard_NN,5,175,3,45,0.10699491699536641,0.5949177742004395
standard_NN,5,175,3,46,0.10395269965132077,0.593805730342865
standard_NN,5,175,3,47,0.10060522456963857,0.5931937098503113
standard_NN,5,175,3,48,0.09616524850328763,0.5908083319664001
standard_NN,5,175,3,49,0.09271287669738133,0.5910502672195435
standard_NN,5,175,3,50,0.09298853203654289,0.5914934873580933
standard_NN,5,175,3,51,0.09033229947090149,0.5880832076072693
standard_NN,5,175,3,52,0.10090310995777448,0.5870192050933838
standard_NN,5,175,3,53,0.08926406006018321,0.5867026448249817
standard_NN,5,175,3,54,0.08244557368258636,0.5858423113822937
standard_NN,5,175,3,55,0.08152250945568085,0.585117757320404
standard_NN,5,175,3,56,0.09446696874996026,0.5885571241378784
standard_NN,5,175,3,57,0.07692359139521916,0.5850104093551636
standard_NN,5,175,3,58,0.07573708519339561,0.5845956206321716
standard_NN,5,175,3,59,0.08530134956041972,0.5863904356956482
standard_NN,5,175,3,60,0.07139836624264717,0.5825622081756592
standard_NN,5,175,3,61,0.06895531713962555,0.5830258727073669
standard_NN,5,175,3,62,0.06839047993222873,0.5830380916595459
standard_NN,5,175,3,63,0.06599117318789165,0.5821440815925598
standard_NN,5,175,3,64,0.0734880156815052,0.5858277082443237
standard_NN,5,175,3,65,0.06449833512306213,0.5864457488059998
standard_NN,5,175,3,66,0.06192723289132118,0.586523175239563
standard_NN,5,175,3,67,0.05771941381196181,0.5874441266059875
standard_NN,5,175,3,68,0.05667088429133097,0.5868908166885376
standard_NN,5,175,3,69,0.05380812846124172,0.5879930257797241
standard_NN,5,175,3,70,0.05562925338745117,0.5883065462112427
standard_NN,5,175,3,71,0.0581977212180694,0.5894278287887573
standard_NN,5,175,3,72,0.05041506762305895,0.5904260277748108
standard_NN,5,175,3,73,0.04809853124121825,0.5921300649642944
standard_NN,5,175,3,74,0.05340031161904335,0.5944936275482178
standard_NN,5,175,3,75,0.047184004137913384,0.5951340198516846
standard_NN,5,175,3,76,0.04315647544960181,0.5948361158370972
standard_NN,5,175,3,77,0.04565791475276152,0.5952673554420471
standard_NN,5,175,3,78,0.0409255176782608,0.5954614281654358
standard_NN,5,175,3,79,0.038627288614710174,0.5973415374755859
standard_NN,5,175,3,80,0.03824750271936258,0.5984464287757874
standard_NN,5,175,3,81,0.03575421373049418,0.5992435812950134
standard_NN,5,175,3,82,0.03574784720937411,0.6045494675636292
standard_NN,5,175,3,83,0.03374191497762998,0.603488028049469
standard_NN,5,175,3,84,0.03591779371102651,0.6035704016685486
standard_NN,5,175,3,85,0.03439164472122987,0.6081886887550354
standard_NN,5,175,3,86,0.029709456488490105,0.6072421669960022
standard_NN,5,175,3,87,0.031095309183001518,0.6090899109840393
standard_NN,5,175,3,88,0.02775629237294197,0.6114484071731567
standard_NN,5,175,3,89,0.027761278053124745,0.6093685626983643
standard_NN,5,175,3,90,0.027933336173494656,0.6120132803916931
standard_NN,5,175,3,91,0.025143778882920742,0.6144617795944214
standard_NN,5,175,3,92,0.02429998107254505,0.6155925393104553
standard_NN,5,175,3,93,0.023231005916992824,0.618009090423584
standard_NN,5,175,3,94,0.02240854563812415,0.6168273091316223
standard_NN,5,175,3,95,0.02174639826019605,0.6164556741714478
standard_NN,5,175,3,96,0.020433510343233745,0.6187336444854736
standard_NN,5,175,3,97,0.020060972310602665,0.6178991794586182
standard_NN,5,175,3,98,0.019287397774557274,0.6195076704025269
standard_NN,5,175,3,99,0.01791480587174495,0.6199464797973633
standard_NN,5,175,3,100,0.01796013054748376,0.6196374297142029
standard_NN,5,175,3,101,0.017095390396813553,0.6230664253234863
standard_NN,5,175,3,102,0.016067993827164173,0.6231943368911743
standard_NN,5,175,3,103,0.016009211540222168,0.6235064268112183
standard_NN,5,175,3,104,0.01528077789892753,0.6244009137153625
standard_NN,5,175,3,105,0.01498852577060461,0.6244285106658936
standard_NN,5,175,3,106,0.014579860493540764,0.625386118888855
standard_NN,5,175,3,107,0.01368848824252685,0.6249483227729797
standard_NN,5,175,3,108,0.013632982969284058,0.6264982223510742
standard_NN,5,175,3,109,0.0131110738342007,0.6270257830619812
standard_NN,5,175,3,110,0.013759825689097246,0.6259621381759644
standard_NN,5,175,3,111,0.01217560718456904,0.6262912154197693
standard_NN,5,175,3,112,0.011889538417259852,0.6259199976921082
standard_NN,5,175,3,113,0.012114988484730324,0.6244576573371887
physics_guided_NN,5,175,3,1,0.9837520519892374,1.4969526529312134
physics_guided_NN,5,175,3,2,0.9753470619519552,1.468384027481079
physics_guided_NN,5,175,3,3,0.9376884897549947,1.4367973804473877
physics_guided_NN,5,175,3,4,0.8942209084828695,1.3997334241867065
physics_guided_NN,5,175,3,5,0.8569661378860474,1.3559705018997192
physics_guided_NN,5,175,3,6,0.8074942628542582,1.304017424583435
physics_guided_NN,5,175,3,7,0.7581959366798401,1.2441754341125488
physics_guided_NN,5,175,3,8,0.6883489787578583,1.1750853061676025
physics_guided_NN,5,175,3,9,0.6732911666234335,1.101175308227539
physics_guided_NN,5,175,3,10,0.6107415556907654,1.0285776853561401
physics_guided_NN,5,175,3,11,0.4698202759027481,0.9645527601242065
physics_guided_NN,5,175,3,12,0.40794114768505096,0.9186484217643738
physics_guided_NN,5,175,3,13,0.37769657870133716,0.8889510631561279
physics_guided_NN,5,175,3,14,0.34318631887435913,0.8690923452377319
physics_guided_NN,5,175,3,15,0.3220394204060237,0.849054753780365
physics_guided_NN,5,175,3,16,0.36295152455568314,0.8325340747833252
physics_guided_NN,5,175,3,17,0.29757319142421085,0.8137512803077698
physics_guided_NN,5,175,3,18,0.28627896805604297,0.7960770130157471
physics_guided_NN,5,175,3,19,0.27402319262425107,0.7814189791679382
physics_guided_NN,5,175,3,20,0.26993609964847565,0.7684808969497681
physics_guided_NN,5,175,3,21,0.2484742080171903,0.7534118294715881
physics_guided_NN,5,175,3,22,0.23871814956267676,0.7378893494606018
physics_guided_NN,5,175,3,23,0.23362637559572855,0.7220954895019531
physics_guided_NN,5,175,3,24,0.22517403463522592,0.7074355483055115
physics_guided_NN,5,175,3,25,0.21641595909992853,0.6915527582168579
physics_guided_NN,5,175,3,26,0.2466467097401619,0.6754839420318604
physics_guided_NN,5,175,3,27,0.23474355787038803,0.6587384343147278
physics_guided_NN,5,175,3,28,0.22647110000252724,0.6427484154701233
physics_guided_NN,5,175,3,29,0.1796339899301529,0.627653956413269
physics_guided_NN,5,175,3,30,0.20135130236546198,0.6129931211471558
physics_guided_NN,5,175,3,31,0.16017193719744682,0.5949209332466125
physics_guided_NN,5,175,3,32,0.1537404643992583,0.5829482078552246
physics_guided_NN,5,175,3,33,0.14800854896505675,0.5737627744674683
physics_guided_NN,5,175,3,34,0.1398020920654138,0.5619832277297974
physics_guided_NN,5,175,3,35,0.13620647912224135,0.5544483065605164
physics_guided_NN,5,175,3,36,0.13255223135153452,0.5467824935913086
physics_guided_NN,5,175,3,37,0.14940528074900308,0.5372264981269836
physics_guided_NN,5,175,3,38,0.12058175727725029,0.5233964323997498
physics_guided_NN,5,175,3,39,0.11636510739723842,0.5181890726089478
physics_guided_NN,5,175,3,40,0.10941841639578342,0.5123366713523865
physics_guided_NN,5,175,3,41,0.10982857023676236,0.5040578842163086
physics_guided_NN,5,175,3,42,0.10695813844601314,0.4983024001121521
physics_guided_NN,5,175,3,43,0.12257107223073642,0.49651962518692017
physics_guided_NN,5,175,3,44,0.09813284998138745,0.4850747585296631
physics_guided_NN,5,175,3,45,0.09883379439512889,0.47283583879470825
physics_guided_NN,5,175,3,46,0.09379706035057704,0.4731898307800293
physics_guided_NN,5,175,3,47,0.08979331081112225,0.47425585985183716
physics_guided_NN,5,175,3,48,0.08646528981626034,0.4664739668369293
physics_guided_NN,5,175,3,49,0.08229909216364224,0.46086978912353516
physics_guided_NN,5,175,3,50,0.08050389649967353,0.45676389336586
physics_guided_NN,5,175,3,51,0.08053730924924214,0.4494721293449402
physics_guided_NN,5,175,3,52,0.09022078476846218,0.4491593837738037
physics_guided_NN,5,175,3,53,0.0742514468729496,0.4419334828853607
physics_guided_NN,5,175,3,54,0.07034594317277272,0.44095897674560547
physics_guided_NN,5,175,3,55,0.06729254188636939,0.43735271692276
physics_guided_NN,5,175,3,56,0.07927495054900646,0.4364812970161438
physics_guided_NN,5,175,3,57,0.06417083057264487,0.423955500125885
physics_guided_NN,5,175,3,58,0.06138445374866327,0.4211410880088806
physics_guided_NN,5,175,3,59,0.06931402782599132,0.4242904782295227
physics_guided_NN,5,175,3,60,0.05633190584679445,0.41296517848968506
physics_guided_NN,5,175,3,61,0.05186481742809216,0.41115185618400574
physics_guided_NN,5,175,3,62,0.05203302577137947,0.40979093313217163
physics_guided_NN,5,175,3,63,0.047529078709582485,0.41089728474617004
physics_guided_NN,5,175,3,64,0.056357101847728096,0.40918946266174316
physics_guided_NN,5,175,3,65,0.04558869575460752,0.39779946208000183
physics_guided_NN,5,175,3,66,0.04432955943048,0.39681896567344666
physics_guided_NN,5,175,3,67,0.03991890729715427,0.4009423851966858
physics_guided_NN,5,175,3,68,0.040028855204582214,0.3966858386993408
physics_guided_NN,5,175,3,69,0.03662061132490635,0.3944758474826813
physics_guided_NN,5,175,3,70,0.036710215732455254,0.39161863923072815
physics_guided_NN,5,175,3,71,0.038286795218785606,0.39244556427001953
physics_guided_NN,5,175,3,72,0.03241163988908132,0.3865514099597931
physics_guided_NN,5,175,3,73,0.031135935957233112,0.3827551007270813
physics_guided_NN,5,175,3,74,0.03376233049978813,0.38671818375587463
physics_guided_NN,5,175,3,75,0.0278002576281627,0.38294345140457153
physics_guided_NN,5,175,3,76,0.025617879815399647,0.3816632032394409
physics_guided_NN,5,175,3,77,0.027122534190615017,0.3793293237686157
physics_guided_NN,5,175,3,78,0.024463016850252945,0.37750786542892456
physics_guided_NN,5,175,3,79,0.022821163137753803,0.3787473142147064
physics_guided_NN,5,175,3,80,0.021255675392846268,0.3794865310192108
physics_guided_NN,5,175,3,81,0.01959415866682927,0.3795279264450073
physics_guided_NN,5,175,3,82,0.018669764666507643,0.37702369689941406
physics_guided_NN,5,175,3,83,0.017480076601107914,0.3772212266921997
physics_guided_NN,5,175,3,84,0.018537730909883976,0.37646955251693726
physics_guided_NN,5,175,3,85,0.017149672222634155,0.3755321502685547
physics_guided_NN,5,175,3,86,0.015624514470497767,0.3745463788509369
physics_guided_NN,5,175,3,87,0.01595057842011253,0.3747078776359558
physics_guided_NN,5,175,3,88,0.014575754292309284,0.37766432762145996
physics_guided_NN,5,175,3,89,0.013775143461922804,0.3750740587711334
physics_guided_NN,5,175,3,90,0.013710549722115198,0.3751058280467987
physics_guided_NN,5,175,3,91,0.012394891120493412,0.37573421001434326
physics_guided_NN,5,175,3,92,0.01128306488196055,0.3726215660572052
physics_guided_NN,5,175,3,93,0.01236776215955615,0.37287744879722595
physics_guided_NN,5,175,3,94,0.01039271242916584,0.3770953118801117
physics_guided_NN,5,175,3,95,0.010374310426414013,0.3743402659893036
physics_guided_NN,5,175,3,96,0.010404039329538742,0.3722981810569763
physics_guided_NN,5,175,3,97,0.009573550739636024,0.37292009592056274
physics_guided_NN,5,175,3,98,0.009256816624353329,0.3701697587966919
physics_guided_NN,5,175,3,99,0.00877606775611639,0.3683663308620453
physics_guided_NN,5,175,3,100,0.008429354522377253,0.37157514691352844
physics_guided_NN,5,175,3,101,0.00833160150796175,0.3713572919368744
physics_guided_NN,5,175,3,102,0.007540476197997729,0.370500385761261
physics_guided_NN,5,175,3,103,0.007906770644088587,0.3702239692211151
physics_guided_NN,5,175,3,104,0.007245088927447796,0.37235310673713684
physics_guided_NN,5,175,3,105,0.0069528629537671804,0.36908629536628723
physics_guided_NN,5,175,3,106,0.007054800478120645,0.3685830533504486
physics_guided_NN,5,175,3,107,0.006968925396601359,0.3717867136001587
physics_guided_NN,5,175,3,108,0.006658124892661969,0.3677486181259155
physics_guided_NN,5,175,3,109,0.006084970819453399,0.36903131008148193
physics_guided_NN,5,175,3,110,0.006165928672999144,0.3685448169708252
physics_guided_NN,5,175,3,111,0.005587049915144841,0.36789363622665405
physics_guided_NN,5,175,3,112,0.005687337446336945,0.36732617020606995
physics_guided_NN,5,175,3,113,0.005325345788151026,0.3682563602924347
physics_guided_NN,5,175,3,114,0.0050402670943488674,0.3677399456501007
physics_guided_NN,5,175,3,115,0.005044877373923858,0.3667053282260895
physics_guided_NN,5,175,3,116,0.00499076908454299,0.3669731318950653
physics_guided_NN,5,175,3,117,0.005063270529111226,0.36704522371292114
physics_guided_NN,5,175,3,118,0.0045315044311185675,0.36814895272254944
physics_guided_NN,5,175,3,119,0.004773689201101661,0.36792585253715515
physics_guided_NN,5,175,3,120,0.004376120477293928,0.36670538783073425
physics_guided_NN,5,175,3,121,0.00426887022331357,0.3658719062805176
physics_guided_NN,5,175,3,122,0.004278720046083133,0.3673422336578369
physics_guided_NN,5,175,3,123,0.004087465427195032,0.36665743589401245
physics_guided_NN,5,175,3,124,0.003943721220518152,0.3666563034057617
physics_guided_NN,5,175,3,125,0.003686345492800077,0.36524686217308044
physics_guided_NN,5,175,3,126,0.003916756870845954,0.36538368463516235
physics_guided_NN,5,175,3,127,0.0036139568158735833,0.36458030343055725
physics_guided_NN,5,175,3,128,0.003792377576852838,0.36665523052215576
physics_guided_NN,5,175,3,129,0.0034846911827723184,0.364692747592926
physics_guided_NN,5,175,3,130,0.0032825253438204527,0.3647582530975342
physics_guided_NN,5,175,3,131,0.0032148745376616716,0.36526042222976685
physics_guided_NN,5,175,3,132,0.0033546663665523133,0.36463475227355957
physics_guided_NN,5,175,3,133,0.003069612585629026,0.3657709062099457
physics_guided_NN,5,175,3,134,0.0029558446258306503,0.36487525701522827
physics_guided_NN,5,175,3,135,0.0029781380823502937,0.36452367901802063
physics_guided_NN,5,175,3,136,0.0030476280177632966,0.3642667233943939
physics_guided_NN,5,175,3,137,0.0029634321496511498,0.3650360703468323
physics_guided_NN,5,175,3,138,0.0028489650382349887,0.36524656414985657
physics_guided_NN,5,175,3,139,0.002759226248599589,0.36556288599967957
physics_guided_NN,5,175,3,140,0.0026164697483181953,0.3643087148666382
physics_guided_NN,5,175,3,141,0.0026306672176967063,0.36498522758483887
physics_guided_NN,5,175,3,142,0.002523456661341091,0.3644782304763794
physics_guided_NN,5,175,3,143,0.0025484533592437706,0.3655993342399597
physics_guided_NN,5,175,3,144,0.002523413432451586,0.3652306795120239
physics_guided_NN,5,175,3,145,0.0024334311795731387,0.36400774121284485
physics_guided_NN,5,175,3,146,0.0024131029301012554,0.3646291196346283
physics_guided_NN,5,175,3,147,0.002298475281956295,0.3637280762195587
physics_guided_NN,5,175,3,148,0.0022749619092792273,0.36439457535743713
physics_guided_NN,5,175,3,149,0.0022696442514037094,0.3646945059299469
physics_guided_NN,5,175,3,150,0.0021980153008674583,0.36311161518096924
physics_guided_NN,5,175,3,151,0.0022827552165836096,0.3632112443447113
physics_guided_NN,5,175,3,152,0.0022097142646089196,0.3642224669456482
physics_guided_NN,5,175,3,153,0.002123581750007967,0.36407092213630676
physics_guided_NN,5,175,3,154,0.0020202837185934186,0.3639147877693176
physics_guided_NN,5,175,3,155,0.00200191349722445,0.3629764914512634
physics_guided_NN,5,175,3,156,0.002035672116714219,0.3636060357093811
physics_guided_NN,5,175,3,157,0.0019837702081228295,0.36385998129844666
physics_guided_NN,5,175,3,158,0.0019227115747829278,0.363574743270874
physics_guided_NN,5,175,3,159,0.0018445884343236685,0.36352023482322693
physics_guided_NN,5,175,3,160,0.0018631703375528257,0.3637566864490509
physics_guided_NN,5,175,3,161,0.0019409469872092207,0.36307722330093384
physics_guided_NN,5,175,3,162,0.001803594835412999,0.36428001523017883
physics_guided_NN,5,175,3,163,0.0018373160467793543,0.36348578333854675
physics_guided_NN,5,175,3,164,0.001681291692269345,0.3645837903022766
physics_guided_NN,5,175,3,165,0.0016745196965833504,0.36324310302734375
physics_guided_NN,5,175,3,166,0.0017219297587871552,0.36291295289993286
physics_guided_NN,5,175,3,167,0.0016751775595669944,0.3632105886936188
physics_guided_NN,5,175,3,168,0.0016277789836749434,0.36285626888275146
physics_guided_NN,5,175,3,169,0.001570924068801105,0.3637590706348419
physics_guided_NN,5,175,3,170,0.001534465467557311,0.3631316125392914
physics_guided_NN,5,175,3,171,0.0015386015099162857,0.36295396089553833
physics_guided_NN,5,175,3,172,0.001571324304677546,0.36332786083221436
physics_guided_NN,5,175,3,173,0.0014718655729666352,0.36221539974212646
physics_guided_NN,5,175,3,174,0.001459168503060937,0.36345982551574707
physics_guided_NN,5,175,3,175,0.0014602218676979344,0.36230331659317017
physics_guided_NN,5,175,3,176,0.0014608157410596807,0.3625529110431671
physics_guided_NN,5,175,3,177,0.0014093987022837002,0.36281833052635193
physics_guided_NN,5,175,3,178,0.001344621608344217,0.3623683452606201
physics_guided_NN,5,175,3,179,0.001353822920160989,0.3630427122116089
physics_guided_NN,5,175,3,180,0.0013714554176355402,0.36244112253189087
physics_guided_NN,5,175,3,181,0.0012795253423973918,0.36242735385894775
physics_guided_NN,5,175,3,182,0.0013229455216787755,0.3627157211303711
physics_guided_NN,5,175,3,183,0.0012210409816664953,0.362090528011322
physics_guided_NN,5,175,3,184,0.0012524876510724425,0.3625253438949585
physics_guided_NN,5,175,3,185,0.001242107634122173,0.3623792827129364
physics_guided_NN,5,175,3,186,0.0012620529159903526,0.3622172474861145
physics_guided_NN,5,175,3,187,0.0011861294818421204,0.3625565469264984
physics_guided_NN,5,175,3,188,0.0011935301202659805,0.36140960454940796
physics_guided_NN,5,175,3,189,0.0011627146353324254,0.3631734251976013
physics_guided_NN,5,175,3,190,0.001141316955909133,0.3626466393470764
physics_guided_NN,5,175,3,191,0.0011134397548933823,0.36238399147987366
physics_guided_NN,5,175,3,192,0.001103520121735831,0.3621462285518646
physics_guided_NN,5,175,3,193,0.001081942153784136,0.36204496026039124
physics_guided_NN,5,175,3,194,0.0010906306173031528,0.36196136474609375
physics_guided_NN,5,175,3,195,0.0010520805371925235,0.36220788955688477
physics_guided_NN,5,175,3,196,0.001036685813839237,0.361965149641037
physics_guided_NN,5,175,3,197,0.001033062949621429,0.3623552918434143
physics_guided_NN,5,175,3,198,0.0009916703954028587,0.3616063892841339
physics_guided_NN,5,175,3,199,0.0010109718811387818,0.36263570189476013
physics_guided_NN,5,175,3,200,0.0010228607764778037,0.3620228171348572
physics_guided_NN,5,175,3,201,0.0009982251600983243,0.3625911474227905
physics_guided_NN,5,175,3,202,0.0009574447176419199,0.3614579141139984
physics_guided_NN,5,175,3,203,0.0009667338066113492,0.3618200719356537
physics_guided_NN,5,175,3,204,0.0009366192001228532,0.3617263734340668
physics_guided_NN,5,175,3,205,0.0009240263413327435,0.3618985414505005
physics_guided_NN,5,175,3,206,0.0009059781247439483,0.3613155782222748
physics_guided_NN,5,175,3,207,0.0009362313236730794,0.3616546094417572
physics_guided_NN,5,175,3,208,0.0009036084520630538,0.362126886844635
physics_guided_NN,5,175,3,209,0.0008855168707668781,0.36169835925102234
physics_guided_NN,5,175,3,210,0.0008582248895739516,0.3620924949645996
physics_guided_NN,5,175,3,211,0.0008944292979625365,0.36165761947631836
physics_guided_NN,5,175,3,212,0.0008471354570550224,0.3623444139957428
physics_guided_NN,5,175,3,213,0.0008611649779292444,0.36169877648353577
physics_guided_NN,5,175,3,214,0.0008170302414024869,0.36221927404403687
physics_guided_NN,5,175,3,215,0.0008088116689274708,0.3614751100540161
physics_guided_NN,5,175,3,216,0.0008287325811882814,0.3620121479034424
physics_guided_NN,5,175,3,217,0.0008038930827751756,0.3616851568222046
physics_guided_NN,5,175,3,218,0.000788322378260394,0.36220845580101013
physics_guided_NN,5,175,3,219,0.0007774643405961493,0.3617212176322937
physics_guided_NN,5,175,3,220,0.0007844982901588082,0.36167213320732117
physics_guided_NN,5,175,3,221,0.0007692168389136592,0.3618747591972351
physics_guided_NN,5,175,3,222,0.0007959476788528264,0.3616996109485626
physics_guided_NN,5,175,3,223,0.0007551868911832571,0.3618616461753845
physics_guided_NN,5,175,3,224,0.0007672973248797158,0.3615860939025879
physics_guided_NN,5,175,3,225,0.0007433806895278394,0.3625047206878662
physics_guided_NN,5,175,3,226,0.0007420308150661489,0.3615645468235016
physics_guided_NN,5,175,3,227,0.0007289899901176492,0.361772358417511
physics_guided_NN,5,175,3,228,0.0007412549263487259,0.3616866171360016
physics_guided_NN,5,175,3,229,0.0007097587804310024,0.3619922995567322
physics_guided_NN,5,175,3,230,0.0007161746422449747,0.3614231050014496
physics_guided_NN,5,175,3,231,0.0007110545799757043,0.36174824833869934
physics_guided_NN,5,175,3,232,0.0006986919712896148,0.36210694909095764
physics_guided_NN,5,175,3,233,0.0006999226946694156,0.3619437515735626
physics_guided_NN,5,175,3,234,0.0006740822185141345,0.3614669442176819
physics_guided_NN,5,175,3,235,0.0006874113072020313,0.3615001142024994
physics_guided_NN,5,175,3,236,0.000673326236816744,0.3619234561920166
physics_guided_NN,5,175,3,237,0.0006612156090947489,0.36150917410850525
physics_guided_NN,5,175,3,238,0.0006699100874053935,0.3613207936286926
physics_guided_NN,5,175,3,239,0.0006468294692846636,0.3618524372577667
physics_guided_NN,5,175,3,240,0.0006307483029862245,0.3619685471057892
physics_guided_NN,5,175,3,241,0.0006521145502726237,0.3619019687175751
physics_guided_NN,5,175,3,242,0.0006343796461199721,0.36157989501953125
physics_guided_NN,5,175,3,243,0.0006232406788816055,0.36153456568717957
physics_guided_NN,5,175,3,244,0.0006166405510157347,0.3620295822620392
physics_guided_NN,5,175,3,245,0.0006207941720883051,0.3616618812084198
physics_guided_NN,5,175,3,246,0.0006097651591214041,0.36164045333862305
physics_guided_NN,5,175,3,247,0.0006208226162319382,0.36133208870887756
physics_guided_NN,5,175,3,248,0.000605798753288885,0.36164161562919617
physics_guided_NN,5,175,3,249,0.0005907369583534697,0.3615018129348755
physics_guided_NN,5,175,3,250,0.0005886640477304658,0.3613971173763275
physics_guided_NN,5,175,3,251,0.000574915437027812,0.36155399680137634
physics_guided_NN,5,175,3,252,0.0005863222953242561,0.36150628328323364
physics_guided_NN,5,175,3,253,0.0005873120874942591,0.36142948269844055
physics_guided_NN,5,175,3,254,0.0005881128987918297,0.3616413176059723
physics_guided_NN,5,175,3,255,0.0006071043026167899,0.3618321716785431
physics_guided_NN,5,175,3,256,0.0005673044749225179,0.3613733649253845
standard_NN,10,350,1,1,1.0985022187232971,1.0103248357772827
standard_NN,10,350,1,2,0.9349322815736135,0.9664170145988464
standard_NN,10,350,1,3,0.8755549589792887,0.9064313769340515
standard_NN,10,350,1,4,0.7765645931164423,0.8199640512466431
standard_NN,10,350,1,5,0.6951480855544409,0.7100802659988403
standard_NN,10,350,1,6,0.5484329139192899,0.5959692001342773
standard_NN,10,350,1,7,0.4668495828906695,0.5189148187637329
standard_NN,10,350,1,8,0.3808477322260539,0.4945393204689026
standard_NN,10,350,1,9,0.34234504277507466,0.47540462017059326
standard_NN,10,350,1,10,0.3191404740015666,0.45214706659317017
standard_NN,10,350,1,11,0.426451509197553,0.43877559900283813
standard_NN,10,350,1,12,0.28993820523222286,0.41729095578193665
standard_NN,10,350,1,13,0.3864553098877271,0.40264666080474854
standard_NN,10,350,1,14,0.27083147938052815,0.3866933584213257
standard_NN,10,350,1,15,0.3106849752366543,0.3842724561691284
standard_NN,10,350,1,16,0.24574205403526625,0.36621037125587463
standard_NN,10,350,1,17,0.33656175310413045,0.3647024631500244
standard_NN,10,350,1,18,0.22720746199289957,0.35127362608909607
standard_NN,10,350,1,19,0.23051418364048004,0.34809446334838867
standard_NN,10,350,1,20,0.26886106841266155,0.34111231565475464
standard_NN,10,350,1,21,0.29524040594697,0.33506661653518677
standard_NN,10,350,1,22,0.2866703364998102,0.3282769024372101
standard_NN,10,350,1,23,0.197128277271986,0.3246946632862091
standard_NN,10,350,1,24,0.1928236254801353,0.32348987460136414
standard_NN,10,350,1,25,0.23896329229076704,0.3214298486709595
standard_NN,10,350,1,26,0.1821518149226904,0.31296926736831665
standard_NN,10,350,1,27,0.17884279290835062,0.3072729706764221
standard_NN,10,350,1,28,0.2641815810153882,0.3114309012889862
standard_NN,10,350,1,29,0.17738662535945574,0.30188506841659546
standard_NN,10,350,1,30,0.16641902985672155,0.30592578649520874
standard_NN,10,350,1,31,0.1632749161993464,0.2998557984828949
standard_NN,10,350,1,32,0.16104929087062678,0.29731637239456177
standard_NN,10,350,1,33,0.15650319370130697,0.29821479320526123
standard_NN,10,350,1,34,0.1553056500852108,0.2929689288139343
standard_NN,10,350,1,35,0.15461711771786213,0.29293984174728394
standard_NN,10,350,1,36,0.1496636817852656,0.2877054214477539
standard_NN,10,350,1,37,0.1498543843626976,0.29010599851608276
standard_NN,10,350,1,38,0.14063867616156736,0.2832499146461487
standard_NN,10,350,1,39,0.1413492684563001,0.2832890450954437
standard_NN,10,350,1,40,0.1402928171058496,0.27786722779273987
standard_NN,10,350,1,41,0.14290985092520714,0.2842521369457245
standard_NN,10,350,1,42,0.13202087146540484,0.27442023158073425
standard_NN,10,350,1,43,0.1789724895109733,0.2810627520084381
standard_NN,10,350,1,44,0.12446929514408112,0.26879915595054626
standard_NN,10,350,1,45,0.1258583621432384,0.2765008807182312
standard_NN,10,350,1,46,0.11990083878238995,0.27393659949302673
standard_NN,10,350,1,47,0.14108748733997345,0.27510449290275574
standard_NN,10,350,1,48,0.10803089601298173,0.2666432559490204
standard_NN,10,350,1,49,0.10368964013954003,0.27033644914627075
standard_NN,10,350,1,50,0.13386899853746095,0.2718229591846466
standard_NN,10,350,1,51,0.09702849636475246,0.2664420008659363
standard_NN,10,350,1,52,0.09462366718798876,0.27076002955436707
standard_NN,10,350,1,53,0.09169911220669746,0.2704300582408905
standard_NN,10,350,1,54,0.09335814975202084,0.27400919795036316
standard_NN,10,350,1,55,0.08509985233346622,0.26907628774642944
standard_NN,10,350,1,56,0.08902589604258537,0.2683403193950653
standard_NN,10,350,1,57,0.08100204914808273,0.2697244882583618
standard_NN,10,350,1,58,0.07783197394261758,0.27178245782852173
standard_NN,10,350,1,59,0.0752260833978653,0.26844415068626404
standard_NN,10,350,1,60,0.07221136738856633,0.26603424549102783
standard_NN,10,350,1,61,0.08976267992208402,0.27156493067741394
standard_NN,10,350,1,62,0.06511788132290046,0.2686762809753418
standard_NN,10,350,1,63,0.06303447453926007,0.26817846298217773
standard_NN,10,350,1,64,0.05892910280575355,0.26514944434165955
standard_NN,10,350,1,65,0.05968512439479431,0.2691730558872223
standard_NN,10,350,1,66,0.06390395294874907,0.2716284990310669
standard_NN,10,350,1,67,0.058309257651368775,0.27777615189552307
standard_NN,10,350,1,68,0.054147725303967796,0.2685058116912842
standard_NN,10,350,1,69,0.0527652877693375,0.2802945077419281
standard_NN,10,350,1,70,0.048283002649744354,0.2728099822998047
standard_NN,10,350,1,71,0.04970398762573799,0.272795170545578
standard_NN,10,350,1,72,0.05078374594449997,0.27052542567253113
standard_NN,10,350,1,73,0.045468052849173546,0.2740947902202606
standard_NN,10,350,1,74,0.046336859154204525,0.28069987893104553
standard_NN,10,350,1,75,0.04585859086364508,0.27331510186195374
standard_NN,10,350,1,76,0.039695181573430695,0.27999815344810486
standard_NN,10,350,1,77,0.042503519294162594,0.27272137999534607
standard_NN,10,350,1,78,0.036856425615648426,0.275694876909256
standard_NN,10,350,1,79,0.03764431613186995,0.2740803062915802
standard_NN,10,350,1,80,0.04400747176259756,0.27429917454719543
standard_NN,10,350,1,81,0.03333656924466292,0.2751657962799072
standard_NN,10,350,1,82,0.03456953555966417,0.27422645688056946
standard_NN,10,350,1,83,0.03207629142949978,0.2785877287387848
standard_NN,10,350,1,84,0.030364279945691425,0.27449536323547363
standard_NN,10,350,1,85,0.029797134920954704,0.27359893918037415
standard_NN,10,350,1,86,0.028134438830117386,0.2763245105743408
standard_NN,10,350,1,87,0.029293466980258625,0.27668339014053345
standard_NN,10,350,1,88,0.02724129070217411,0.27493205666542053
standard_NN,10,350,1,89,0.02577057092761,0.27585285902023315
standard_NN,10,350,1,90,0.026892489443222683,0.2746286690235138
standard_NN,10,350,1,91,0.028377222052464884,0.2763299345970154
standard_NN,10,350,1,92,0.025156973240276177,0.2774154841899872
standard_NN,10,350,1,93,0.025576071658482153,0.27410250902175903
standard_NN,10,350,1,94,0.025854551543792088,0.27536287903785706
standard_NN,10,350,1,95,0.02536163820574681,0.2781433165073395
standard_NN,10,350,1,96,0.02361802492911617,0.2752504050731659
standard_NN,10,350,1,97,0.022937977376083534,0.27644574642181396
standard_NN,10,350,1,98,0.023096478854616482,0.2775455117225647
standard_NN,10,350,1,99,0.023240659696360428,0.2755889892578125
standard_NN,10,350,1,100,0.0218459974663953,0.275105744600296
standard_NN,10,350,1,101,0.022311171982437372,0.27716442942619324
standard_NN,10,350,1,102,0.02194256413107117,0.2753203809261322
standard_NN,10,350,1,103,0.01995508885011077,0.2758896052837372
standard_NN,10,350,1,104,0.020700260686377685,0.2793909013271332
standard_NN,10,350,1,105,0.02107951541741689,0.27593857049942017
standard_NN,10,350,1,106,0.021137194552769262,0.2751271724700928
standard_NN,10,350,1,107,0.02028789184987545,0.27943989634513855
standard_NN,10,350,1,108,0.019226177595555782,0.27527204155921936
standard_NN,10,350,1,109,0.02247907438625892,0.2756718397140503
standard_NN,10,350,1,110,0.01995726116001606,0.28079092502593994
standard_NN,10,350,1,111,0.020720116794109344,0.27695196866989136
standard_NN,10,350,1,112,0.018284108101700742,0.2776116132736206
standard_NN,10,350,1,113,0.019096139818429947,0.28035035729408264
standard_NN,10,350,1,114,0.019086080292860668,0.27576613426208496
physics_guided_NN,10,350,1,1,1.0961382488409679,1.015703797340393
physics_guided_NN,10,350,1,2,0.9423964420954386,0.9692909121513367
physics_guided_NN,10,350,1,3,0.8843232790629069,0.9044246077537537
physics_guided_NN,10,350,1,4,0.7798255383968353,0.8136366009712219
physics_guided_NN,10,350,1,5,0.6932104726632436,0.6952330470085144
physics_guided_NN,10,350,1,6,0.5399927248557409,0.5629347562789917
physics_guided_NN,10,350,1,7,0.41754502058029175,0.4639310836791992
physics_guided_NN,10,350,1,8,0.31975989788770676,0.4226345419883728
physics_guided_NN,10,350,1,9,0.272870651135842,0.383242130279541
physics_guided_NN,10,350,1,10,0.23577074768642584,0.35378268361091614
physics_guided_NN,10,350,1,11,0.32389158569276333,0.33956384658813477
physics_guided_NN,10,350,1,12,0.20295133627951145,0.319536417722702
physics_guided_NN,10,350,1,13,0.2839459100117286,0.3074844777584076
physics_guided_NN,10,350,1,14,0.18436639569699764,0.28846216201782227
physics_guided_NN,10,350,1,15,0.21078441416223845,0.2810959815979004
physics_guided_NN,10,350,1,16,0.15939761946598688,0.2655359208583832
physics_guided_NN,10,350,1,17,0.22821475379168987,0.2596607208251953
physics_guided_NN,10,350,1,18,0.1414072783663869,0.2470598667860031
physics_guided_NN,10,350,1,19,0.1382119618356228,0.2375505119562149
physics_guided_NN,10,350,1,20,0.1524299889182051,0.231018528342247
physics_guided_NN,10,350,1,21,0.17408465376744667,0.22063052654266357
physics_guided_NN,10,350,1,22,0.16032679937779903,0.21090586483478546
physics_guided_NN,10,350,1,23,0.10165835916996002,0.20231246948242188
physics_guided_NN,10,350,1,24,0.09223789131889741,0.19772396981716156
physics_guided_NN,10,350,1,25,0.10707794936994712,0.19326472282409668
physics_guided_NN,10,350,1,26,0.07455899845808744,0.1833011955022812
physics_guided_NN,10,350,1,27,0.07562323876967032,0.17900463938713074
physics_guided_NN,10,350,1,28,0.10224146985759337,0.17732968926429749
physics_guided_NN,10,350,1,29,0.06387641870727141,0.17091615498065948
physics_guided_NN,10,350,1,30,0.058700469167282186,0.16837535798549652
physics_guided_NN,10,350,1,31,0.05358704668469727,0.1645212024450302
physics_guided_NN,10,350,1,32,0.049531491938978434,0.16544601321220398
physics_guided_NN,10,350,1,33,0.04582565619299809,0.15923872590065002
physics_guided_NN,10,350,1,34,0.04231982817873359,0.15708988904953003
physics_guided_NN,10,350,1,35,0.04286696404839555,0.15559281408786774
physics_guided_NN,10,350,1,36,0.03636430483311415,0.1538654863834381
physics_guided_NN,10,350,1,37,0.031009035107369225,0.15282735228538513
physics_guided_NN,10,350,1,38,0.03277030928681294,0.15081250667572021
physics_guided_NN,10,350,1,39,0.02691756949449579,0.1496441513299942
physics_guided_NN,10,350,1,40,0.02521000166113178,0.14781902730464935
physics_guided_NN,10,350,1,41,0.02360376234476765,0.1469523310661316
physics_guided_NN,10,350,1,42,0.020069326545732718,0.14596517384052277
physics_guided_NN,10,350,1,43,0.023789402097463608,0.14470013976097107
physics_guided_NN,10,350,1,44,0.018622756004333496,0.1451500654220581
physics_guided_NN,10,350,1,45,0.018714226316660643,0.14489632844924927
physics_guided_NN,10,350,1,46,0.015703655313700438,0.14519166946411133
physics_guided_NN,10,350,1,47,0.014902612194418907,0.14511148631572723
physics_guided_NN,10,350,1,48,0.012900600132221976,0.14425483345985413
physics_guided_NN,10,350,1,49,0.012464532628655434,0.14304125308990479
physics_guided_NN,10,350,1,50,0.012213623151183128,0.14201432466506958
physics_guided_NN,10,350,1,51,0.011072139255702496,0.1419980227947235
physics_guided_NN,10,350,1,52,0.010631451228012642,0.14178869128227234
physics_guided_NN,10,350,1,53,0.009526814722145597,0.14142923057079315
physics_guided_NN,10,350,1,54,0.009564306043709317,0.14060604572296143
physics_guided_NN,10,350,1,55,0.008761950302869081,0.14062128961086273
physics_guided_NN,10,350,1,56,0.008638278037930528,0.13908171653747559
physics_guided_NN,10,350,1,57,0.008023724658414721,0.13957896828651428
physics_guided_NN,10,350,1,58,0.0080210300317655,0.13910917937755585
physics_guided_NN,10,350,1,59,0.007345538663988312,0.13819032907485962
physics_guided_NN,10,350,1,60,0.006888876281057795,0.1375158727169037
physics_guided_NN,10,350,1,61,0.007536821843435367,0.1367335468530655
physics_guided_NN,10,350,1,62,0.006507503101602197,0.1361815184354782
physics_guided_NN,10,350,1,63,0.005940548338306447,0.13603052496910095
physics_guided_NN,10,350,1,64,0.006023274385370314,0.13567297160625458
physics_guided_NN,10,350,1,65,0.00579255858125786,0.13528551161289215
physics_guided_NN,10,350,1,66,0.006057287372338275,0.13531658053398132
physics_guided_NN,10,350,1,67,0.005992416253623863,0.13536383211612701
physics_guided_NN,10,350,1,68,0.005671257890450458,0.13475675880908966
physics_guided_NN,10,350,1,69,0.0052807490186144905,0.1347838193178177
physics_guided_NN,10,350,1,70,0.00524734053760767,0.1341513842344284
physics_guided_NN,10,350,1,71,0.004754934886780878,0.13451342284679413
physics_guided_NN,10,350,1,72,0.004633285570889711,0.13450659811496735
physics_guided_NN,10,350,1,73,0.00474303460214287,0.13413478434085846
physics_guided_NN,10,350,1,74,0.004724803225447734,0.13365255296230316
physics_guided_NN,10,350,1,75,0.004573761873568098,0.1335262954235077
physics_guided_NN,10,350,1,76,0.00429479133648177,0.13231776654720306
physics_guided_NN,10,350,1,77,0.004210250684991479,0.13255243003368378
physics_guided_NN,10,350,1,78,0.0041940696925545735,0.13295038044452667
physics_guided_NN,10,350,1,79,0.004138458209733169,0.13284306228160858
physics_guided_NN,10,350,1,80,0.003914388284708063,0.13274912536144257
physics_guided_NN,10,350,1,81,0.0037607719035198293,0.13204367458820343
physics_guided_NN,10,350,1,82,0.003851748692492644,0.13181032240390778
physics_guided_NN,10,350,1,83,0.00407309989289691,0.1314055174589157
physics_guided_NN,10,350,1,84,0.003942549345083535,0.1319633573293686
physics_guided_NN,10,350,1,85,0.0036086858405421176,0.13142234086990356
physics_guided_NN,10,350,1,86,0.0033946722202623882,0.13148295879364014
physics_guided_NN,10,350,1,87,0.0036336347305526337,0.13105008006095886
physics_guided_NN,10,350,1,88,0.0034232940524816513,0.1311214417219162
physics_guided_NN,10,350,1,89,0.00339180250496914,0.13067740201950073
physics_guided_NN,10,350,1,90,0.0032939297379925847,0.13057035207748413
physics_guided_NN,10,350,1,91,0.0031427493086084723,0.13035893440246582
physics_guided_NN,10,350,1,92,0.003111879496524731,0.12995928525924683
physics_guided_NN,10,350,1,93,0.0031257033115252852,0.13007256388664246
physics_guided_NN,10,350,1,94,0.003156975299740831,0.1297289878129959
physics_guided_NN,10,350,1,95,0.0031624960829503834,0.12960034608840942
physics_guided_NN,10,350,1,96,0.0030473543253416815,0.1299884170293808
physics_guided_NN,10,350,1,97,0.0028340233645091453,0.12940633296966553
physics_guided_NN,10,350,1,98,0.00304524841097494,0.12919509410858154
physics_guided_NN,10,350,1,99,0.002769334513383607,0.12900091707706451
physics_guided_NN,10,350,1,100,0.0025911594081359604,0.128678560256958
physics_guided_NN,10,350,1,101,0.0028069359250366688,0.12864714860916138
physics_guided_NN,10,350,1,102,0.0025429399490046003,0.12813101708889008
physics_guided_NN,10,350,1,103,0.0024907292487720647,0.12809257209300995
physics_guided_NN,10,350,1,104,0.0024810618294092515,0.1279194951057434
physics_guided_NN,10,350,1,105,0.0026968242794585726,0.1275966614484787
physics_guided_NN,10,350,1,106,0.002429619043444594,0.1275402456521988
physics_guided_NN,10,350,1,107,0.0025902840231234827,0.12750087678432465
physics_guided_NN,10,350,1,108,0.0023766091908328235,0.1275233030319214
physics_guided_NN,10,350,1,109,0.0025618926350337765,0.12745074927806854
physics_guided_NN,10,350,1,110,0.0023049446754157543,0.12739834189414978
physics_guided_NN,10,350,1,111,0.0022711957960079112,0.12709255516529083
physics_guided_NN,10,350,1,112,0.002277833739450822,0.12696819007396698
physics_guided_NN,10,350,1,113,0.0021646827808581293,0.12689006328582764
physics_guided_NN,10,350,1,114,0.002315858049162974,0.12664483487606049
physics_guided_NN,10,350,1,115,0.002176341115652273,0.12682411074638367
physics_guided_NN,10,350,1,116,0.0020693429784538844,0.12635768949985504
physics_guided_NN,10,350,1,117,0.0021748009603470564,0.12576095759868622
physics_guided_NN,10,350,1,118,0.002040361267669747,0.12658095359802246
physics_guided_NN,10,350,1,119,0.0020629401745585105,0.12560570240020752
physics_guided_NN,10,350,1,120,0.0020920404543479285,0.125887930393219
physics_guided_NN,10,350,1,121,0.002019854146055877,0.1263071894645691
physics_guided_NN,10,350,1,122,0.0020253347077717385,0.12535659968852997
physics_guided_NN,10,350,1,123,0.0020101065553414323,0.1254773586988449
physics_guided_NN,10,350,1,124,0.001983929832931608,0.12544585764408112
physics_guided_NN,10,350,1,125,0.0018945616902783513,0.12509925663471222
physics_guided_NN,10,350,1,126,0.0017547653211901586,0.12494144588708878
physics_guided_NN,10,350,1,127,0.001832732620338599,0.12515632808208466
physics_guided_NN,10,350,1,128,0.001731256702138732,0.12472277879714966
physics_guided_NN,10,350,1,129,0.0017054965331529577,0.12504051625728607
physics_guided_NN,10,350,1,130,0.0017653841835757096,0.12553252279758453
physics_guided_NN,10,350,1,131,0.0018170697730965912,0.12511731684207916
physics_guided_NN,10,350,1,132,0.0017521027863646548,0.12470251321792603
physics_guided_NN,10,350,1,133,0.0017081897240132093,0.12552869319915771
physics_guided_NN,10,350,1,134,0.0018361238180659711,0.1251797378063202
physics_guided_NN,10,350,1,135,0.0016869631557104487,0.12485655397176743
physics_guided_NN,10,350,1,136,0.0016321598862608273,0.12447531521320343
physics_guided_NN,10,350,1,137,0.001675385981798172,0.12470973283052444
physics_guided_NN,10,350,1,138,0.001598264304144929,0.12451282888650894
physics_guided_NN,10,350,1,139,0.001652987169412275,0.12430117279291153
physics_guided_NN,10,350,1,140,0.0015826521169704695,0.12500686943531036
physics_guided_NN,10,350,1,141,0.0015793423517607152,0.12471053004264832
physics_guided_NN,10,350,1,142,0.0015432880609296262,0.12445446848869324
physics_guided_NN,10,350,1,143,0.0015263282305871446,0.12462484836578369
physics_guided_NN,10,350,1,144,0.001453208892295758,0.12477455288171768
physics_guided_NN,10,350,1,145,0.001435756644544502,0.12419479340314865
physics_guided_NN,10,350,1,146,0.0013926524746542175,0.12431290745735168
physics_guided_NN,10,350,1,147,0.0013879870142166812,0.12426608800888062
physics_guided_NN,10,350,1,148,0.00145785411586985,0.12433809041976929
physics_guided_NN,10,350,1,149,0.0014006215884971123,0.12386903166770935
physics_guided_NN,10,350,1,150,0.0013708986225537956,0.1245875135064125
physics_guided_NN,10,350,1,151,0.0013513271890891094,0.12412406504154205
physics_guided_NN,10,350,1,152,0.0014125824673101306,0.1244978979229927
physics_guided_NN,10,350,1,153,0.0013171573518775403,0.12450984865427017
physics_guided_NN,10,350,1,154,0.0012773397320415825,0.12363791465759277
physics_guided_NN,10,350,1,155,0.001335969369392842,0.12391365319490433
physics_guided_NN,10,350,1,156,0.0012754331110045314,0.12330465018749237
physics_guided_NN,10,350,1,157,0.001205965915384392,0.12384772300720215
physics_guided_NN,10,350,1,158,0.0012008861910241346,0.12318486720323563
physics_guided_NN,10,350,1,159,0.0012016606342513114,0.12324975430965424
physics_guided_NN,10,350,1,160,0.0011687509734959651,0.12335284799337387
physics_guided_NN,10,350,1,161,0.001186142685279871,0.12317553907632828
physics_guided_NN,10,350,1,162,0.0011045502324122936,0.12328281253576279
physics_guided_NN,10,350,1,163,0.001093714633801331,0.12321732938289642
physics_guided_NN,10,350,1,164,0.0011479898530524224,0.12351668626070023
physics_guided_NN,10,350,1,165,0.001151626017720749,0.12307135760784149
physics_guided_NN,10,350,1,166,0.0011079241715682049,0.12300926446914673
physics_guided_NN,10,350,1,167,0.0010964736090196918,0.12317147850990295
physics_guided_NN,10,350,1,168,0.0011099234397988766,0.12298963963985443
physics_guided_NN,10,350,1,169,0.0010626659883807104,0.12271618843078613
physics_guided_NN,10,350,1,170,0.0010298056101116042,0.12274462729692459
physics_guided_NN,10,350,1,171,0.001074042064525808,0.12276125699281693
physics_guided_NN,10,350,1,172,0.0010670630532937746,0.12289664894342422
physics_guided_NN,10,350,1,173,0.0011129948446371902,0.12299846857786179
physics_guided_NN,10,350,1,174,0.001097538605487595,0.1224571019411087
physics_guided_NN,10,350,1,175,0.0010554143324649583,0.12240119278430939
physics_guided_NN,10,350,1,176,0.0010373014859699954,0.12242267280817032
physics_guided_NN,10,350,1,177,0.0010515940181600552,0.12316616624593735
physics_guided_NN,10,350,1,178,0.000993038605277737,0.12299326062202454
physics_guided_NN,10,350,1,179,0.0009863518935162574,0.12246038019657135
physics_guided_NN,10,350,1,180,0.0009608516605415692,0.12224762886762619
physics_guided_NN,10,350,1,181,0.00099546445805269,0.12208501249551773
physics_guided_NN,10,350,1,182,0.0009460792255898317,0.12212399393320084
physics_guided_NN,10,350,1,183,0.0009244652464985847,0.12200626730918884
physics_guided_NN,10,350,1,184,0.0009439319061736265,0.12227694690227509
physics_guided_NN,10,350,1,185,0.0008904181692438821,0.12227614969015121
physics_guided_NN,10,350,1,186,0.0009248086134903133,0.12217606604099274
physics_guided_NN,10,350,1,187,0.0010592773226865877,0.12219662964344025
physics_guided_NN,10,350,1,188,0.001082498609321192,0.12239554524421692
physics_guided_NN,10,350,1,189,0.0010042273303649079,0.12254821509122849
physics_guided_NN,10,350,1,190,0.0010485202753140281,0.12218408286571503
physics_guided_NN,10,350,1,191,0.001038575826290374,0.12239691615104675
physics_guided_NN,10,350,1,192,0.0009199842849435905,0.12218267470598221
physics_guided_NN,10,350,1,193,0.0009273125712449352,0.12224513292312622
physics_guided_NN,10,350,1,194,0.0009359867932895819,0.12230619043111801
physics_guided_NN,10,350,1,195,0.0009186627576127648,0.12153954803943634
physics_guided_NN,10,350,1,196,0.0009249142021872103,0.12174022197723389
physics_guided_NN,10,350,1,197,0.000907876945954437,0.12181095033884048
physics_guided_NN,10,350,1,198,0.0009074984700419009,0.12212388962507248
physics_guided_NN,10,350,1,199,0.0009552463113019863,0.12175005674362183
physics_guided_NN,10,350,1,200,0.0009247610481300702,0.12205498665571213
physics_guided_NN,10,350,1,201,0.000865310828279083,0.12158616632223129
physics_guided_NN,10,350,1,202,0.0009139610143999258,0.12148001044988632
physics_guided_NN,10,350,1,203,0.0008421031234320253,0.12132836878299713
physics_guided_NN,10,350,1,204,0.0008389687670084337,0.12145495414733887
physics_guided_NN,10,350,1,205,0.0007996779071011891,0.1214853897690773
physics_guided_NN,10,350,1,206,0.0008124734449665993,0.12136776000261307
physics_guided_NN,10,350,1,207,0.0007952938613016158,0.12097325176000595
physics_guided_NN,10,350,1,208,0.0008154945583858838,0.12141278386116028
physics_guided_NN,10,350,1,209,0.0008667311049066484,0.1217484250664711
physics_guided_NN,10,350,1,210,0.0008820845687296242,0.12212374061346054
physics_guided_NN,10,350,1,211,0.0008531411391838143,0.12124450504779816
physics_guided_NN,10,350,1,212,0.0008477813874681791,0.12154200673103333
physics_guided_NN,10,350,1,213,0.0007522720649528006,0.12096582353115082
physics_guided_NN,10,350,1,214,0.0007463750662282109,0.12103909254074097
physics_guided_NN,10,350,1,215,0.0007062590108641112,0.12087853997945786
physics_guided_NN,10,350,1,216,0.0007074524182826281,0.1211913526058197
physics_guided_NN,10,350,1,217,0.0007682197028771043,0.12118186056613922
physics_guided_NN,10,350,1,218,0.0007282813118460277,0.12122830003499985
physics_guided_NN,10,350,1,219,0.0007511254031366358,0.12135263532400131
physics_guided_NN,10,350,1,220,0.0007356890322019657,0.12155657261610031
physics_guided_NN,10,350,1,221,0.0007248653176551064,0.12144020199775696
physics_guided_NN,10,350,1,222,0.0007261554128490388,0.1214899867773056
physics_guided_NN,10,350,1,223,0.0006936721232098838,0.12115354090929031
physics_guided_NN,10,350,1,224,0.0007134984043659642,0.12113223969936371
physics_guided_NN,10,350,1,225,0.0006976394603649775,0.12112593650817871
physics_guided_NN,10,350,1,226,0.000649954512482509,0.1212327629327774
physics_guided_NN,10,350,1,227,0.0006456149567384273,0.12135306745767593
physics_guided_NN,10,350,1,228,0.0006481989306242516,0.1213347464799881
physics_guided_NN,10,350,1,229,0.0006473615358117968,0.1213669702410698
physics_guided_NN,10,350,1,230,0.0006396907168285301,0.12122524529695511
physics_guided_NN,10,350,1,231,0.0006055353636232516,0.12157029658555984
physics_guided_NN,10,350,1,232,0.0006060762292084595,0.12111874669790268
physics_guided_NN,10,350,1,233,0.0006104075097634146,0.12133192270994186
physics_guided_NN,10,350,1,234,0.0006045061648668101,0.12111253291368484
physics_guided_NN,10,350,1,235,0.0006095111602917314,0.12111043184995651
physics_guided_NN,10,350,1,236,0.0005839868487479786,0.12086987495422363
physics_guided_NN,10,350,1,237,0.0005832470681828757,0.1209445372223854
physics_guided_NN,10,350,1,238,0.0006265372115497788,0.12136093527078629
physics_guided_NN,10,350,1,239,0.000593811200815253,0.12137191742658615
physics_guided_NN,10,350,1,240,0.000585659397377943,0.12114270031452179
physics_guided_NN,10,350,1,241,0.000562198207868884,0.12079733610153198
physics_guided_NN,10,350,1,242,0.0005520666212153932,0.12071375548839569
physics_guided_NN,10,350,1,243,0.000583431237222006,0.12083200365304947
physics_guided_NN,10,350,1,244,0.0005763960167920837,0.12089971452951431
physics_guided_NN,10,350,1,245,0.0005776472486710796,0.12096165865659714
physics_guided_NN,10,350,1,246,0.000548515425180085,0.12100865691900253
physics_guided_NN,10,350,1,247,0.000565816915089575,0.12059487402439117
physics_guided_NN,10,350,1,248,0.0005457341855314249,0.12074007093906403
physics_guided_NN,10,350,1,249,0.0005186004321634149,0.12073791772127151
physics_guided_NN,10,350,1,250,0.0005476573860505596,0.12068138271570206
physics_guided_NN,10,350,1,251,0.0005537726635035748,0.1208595260977745
physics_guided_NN,10,350,1,252,0.0005479100024482856,0.12083026766777039
physics_guided_NN,10,350,1,253,0.0005395633731192598,0.12056933343410492
physics_guided_NN,10,350,1,254,0.0005375267549728354,0.12086807191371918
physics_guided_NN,10,350,1,255,0.0005317956626337642,0.12096302956342697
physics_guided_NN,10,350,1,256,0.000519207770897386,0.1208321824669838
physics_guided_NN,10,350,1,257,0.0005390948208514601,0.12124587595462799
physics_guided_NN,10,350,1,258,0.000554329240306591,0.12081535905599594
physics_guided_NN,10,350,1,259,0.0005289875213444853,0.1207193061709404
physics_guided_NN,10,350,1,260,0.0005367058571816111,0.12008443474769592
physics_guided_NN,10,350,1,261,0.0005097702426913505,0.12023548781871796
physics_guided_NN,10,350,1,262,0.0005145931791048497,0.12035804241895676
physics_guided_NN,10,350,1,263,0.0005092773499200121,0.12048863619565964
physics_guided_NN,10,350,1,264,0.0005252872506389394,0.12075237184762955
physics_guided_NN,10,350,1,265,0.0005526375704600165,0.11981470882892609
physics_guided_NN,10,350,1,266,0.0005350679566618055,0.12010378390550613
physics_guided_NN,10,350,1,267,0.0005230366950854659,0.12037850171327591
physics_guided_NN,10,350,1,268,0.000511962168578369,0.12002783268690109
physics_guided_NN,10,350,1,269,0.0005330699981035044,0.12022261321544647
physics_guided_NN,10,350,1,270,0.0005060465870580325,0.11966686695814133
physics_guided_NN,10,350,1,271,0.0004943947424180806,0.12064552307128906
physics_guided_NN,10,350,1,272,0.0004941316583426669,0.12038742750883102
physics_guided_NN,10,350,1,273,0.00047872887807898223,0.12019776552915573
physics_guided_NN,10,350,1,274,0.00045391015980082255,0.12021367996931076
physics_guided_NN,10,350,1,275,0.00044082599439813447,0.12016347795724869
physics_guided_NN,10,350,1,276,0.0004443320455417658,0.12006369233131409
physics_guided_NN,10,350,1,277,0.00045038524937505525,0.1202932670712471
physics_guided_NN,10,350,1,278,0.00043751195577594143,0.11991503834724426
physics_guided_NN,10,350,1,279,0.0004376749663303296,0.12023449689149857
physics_guided_NN,10,350,1,280,0.0004295127631242697,0.12011890858411789
physics_guided_NN,10,350,1,281,0.0004384818118220816,0.12015661597251892
physics_guided_NN,10,350,1,282,0.00043523896601982415,0.1202208399772644
physics_guided_NN,10,350,1,283,0.00047021673526614904,0.1199285089969635
physics_guided_NN,10,350,1,284,0.0004678002296714112,0.12033823132514954
physics_guided_NN,10,350,1,285,0.0004547660015911485,0.11964567005634308
physics_guided_NN,10,350,1,286,0.0004419028797807793,0.12011571228504181
physics_guided_NN,10,350,1,287,0.0004457675337713833,0.11996892839670181
physics_guided_NN,10,350,1,288,0.00043802146683447063,0.12035784125328064
physics_guided_NN,10,350,1,289,0.0004409215519748007,0.11986085027456284
physics_guided_NN,10,350,1,290,0.00041886899756112445,0.12007000297307968
physics_guided_NN,10,350,1,291,0.00042331907510136563,0.11971060931682587
physics_guided_NN,10,350,1,292,0.00042178666141505045,0.11980589479207993
physics_guided_NN,10,350,1,293,0.00040698214919151116,0.11942704021930695
physics_guided_NN,10,350,1,294,0.0004277666351602723,0.11938091367483139
physics_guided_NN,10,350,1,295,0.0004110011213924736,0.1199222281575203
physics_guided_NN,10,350,1,296,0.0003985542377146582,0.12014925479888916
physics_guided_NN,10,350,1,297,0.00041346738968665403,0.11997021734714508
physics_guided_NN,10,350,1,298,0.0004215006580731521,0.11995851993560791
physics_guided_NN,10,350,1,299,0.0004595130303641781,0.11996661871671677
physics_guided_NN,10,350,1,300,0.0004714586151142915,0.11992038041353226
physics_guided_NN,10,350,1,301,0.0004156528254194806,0.11931315064430237
physics_guided_NN,10,350,1,302,0.0004224429333892961,0.11952753365039825
physics_guided_NN,10,350,1,303,0.0003730370566093673,0.11930061876773834
physics_guided_NN,10,350,1,304,0.000359280359892485,0.11932333558797836
physics_guided_NN,10,350,1,305,0.00039487295240784687,0.11937209963798523
physics_guided_NN,10,350,1,306,0.0003556735512878125,0.1192331537604332
physics_guided_NN,10,350,1,307,0.00035656822728924453,0.11979321390390396
physics_guided_NN,10,350,1,308,0.0003563426483500128,0.1191757544875145
physics_guided_NN,10,350,1,309,0.0003766915857947121,0.11988521367311478
physics_guided_NN,10,350,1,310,0.00037380674136026454,0.11903664469718933
physics_guided_NN,10,350,1,311,0.00038538212538696826,0.1194324940443039
physics_guided_NN,10,350,1,312,0.0003403732116566971,0.11945603042840958
physics_guided_NN,10,350,1,313,0.0003299938786464433,0.11926019936800003
physics_guided_NN,10,350,1,314,0.0003401508996224341,0.11929108202457428
physics_guided_NN,10,350,1,315,0.00036498809640761465,0.11923333257436752
physics_guided_NN,10,350,1,316,0.00033327971565692377,0.11922860890626907
physics_guided_NN,10,350,1,317,0.00032234220998361707,0.11947774142026901
physics_guided_NN,10,350,1,318,0.0003435554002256443,0.1192231997847557
physics_guided_NN,10,350,1,319,0.0003663581689276422,0.11950066685676575
physics_guided_NN,10,350,1,320,0.0003352942585479468,0.11936292797327042
physics_guided_NN,10,350,1,321,0.0003215583710698411,0.11940489709377289
physics_guided_NN,10,350,1,322,0.00033368304624066997,0.11901149898767471
physics_guided_NN,10,350,1,323,0.0003287504077889025,0.11923505365848541
physics_guided_NN,10,350,1,324,0.0003204079936646546,0.11931616067886353
physics_guided_NN,10,350,1,325,0.000298786365116636,0.1188889816403389
physics_guided_NN,10,350,1,326,0.0003217234188923612,0.11889982223510742
physics_guided_NN,10,350,1,327,0.0003188714278318609,0.11868388950824738
physics_guided_NN,10,350,1,328,0.00029930535432261723,0.1187710091471672
physics_guided_NN,10,350,1,329,0.0003153282183726939,0.11928457021713257
physics_guided_NN,10,350,1,330,0.0003015453427603158,0.11901020258665085
physics_guided_NN,10,350,1,331,0.00031177782026740414,0.1190386712551117
physics_guided_NN,10,350,1,332,0.0003158098164324959,0.11888378858566284
physics_guided_NN,10,350,1,333,0.00029533857499094057,0.11916819959878922
physics_guided_NN,10,350,1,334,0.0003194474847987294,0.11904080212116241
physics_guided_NN,10,350,1,335,0.0003193411442528789,0.11901158094406128
physics_guided_NN,10,350,1,336,0.0003144960452724869,0.11892575770616531
physics_guided_NN,10,350,1,337,0.00030847894474087906,0.11911875009536743
physics_guided_NN,10,350,1,338,0.00031948945252224803,0.11944310367107391
physics_guided_NN,10,350,1,339,0.00031863676849752665,0.11894527077674866
physics_guided_NN,10,350,1,340,0.0002989552594954148,0.11862056702375412
physics_guided_NN,10,350,1,341,0.0002901020925492048,0.11895925551652908
physics_guided_NN,10,350,1,342,0.0002825452611432411,0.11855460703372955
physics_guided_NN,10,350,1,343,0.00031164204119704664,0.11887125670909882
physics_guided_NN,10,350,1,344,0.00030968565260991454,0.1185988113284111
physics_guided_NN,10,350,1,345,0.000302408426553787,0.11896218359470367
physics_guided_NN,10,350,1,346,0.0002856464683039424,0.11904548108577728
physics_guided_NN,10,350,1,347,0.0002802820138943692,0.1187405213713646
physics_guided_NN,10,350,1,348,0.0002752323101352279,0.11893969774246216
physics_guided_NN,10,350,1,349,0.000287179679920276,0.11851296573877335
physics_guided_NN,10,350,1,350,0.00028046968994506943,0.11867716163396835
physics_guided_NN,10,350,1,351,0.0002684495411813259,0.11902987957000732
physics_guided_NN,10,350,1,352,0.000263221610415106,0.11884920299053192
physics_guided_NN,10,350,1,353,0.00026366090363201994,0.11869550496339798
physics_guided_NN,10,350,1,354,0.00025099911727011204,0.11849545687437057
physics_guided_NN,10,350,1,355,0.0002534178420319222,0.1186433956027031
physics_guided_NN,10,350,1,356,0.0002566563610647184,0.11878149211406708
physics_guided_NN,10,350,1,357,0.0002442182012600824,0.1187315285205841
physics_guided_NN,10,350,1,358,0.00026518787247672054,0.11860258132219315
physics_guided_NN,10,350,1,359,0.0002501611694848786,0.11866707354784012
physics_guided_NN,10,350,1,360,0.0002485178896070768,0.1185016855597496
physics_guided_NN,10,350,1,361,0.00024102814738095427,0.11872542649507523
physics_guided_NN,10,350,1,362,0.00026286759627206874,0.11861114948987961
physics_guided_NN,10,350,1,363,0.00023718867305433378,0.11857214570045471
physics_guided_NN,10,350,1,364,0.00022632922870495045,0.11858990043401718
physics_guided_NN,10,350,1,365,0.00022995422720365846,0.11874475330114365
physics_guided_NN,10,350,1,366,0.00023543602098167563,0.11886100471019745
physics_guided_NN,10,350,1,367,0.00023004061707373089,0.1184195801615715
physics_guided_NN,10,350,1,368,0.00023413700061306977,0.11860360950231552
physics_guided_NN,10,350,1,369,0.00024323624772174904,0.11867793649435043
physics_guided_NN,10,350,1,370,0.0002467313800783207,0.11879855394363403
physics_guided_NN,10,350,1,371,0.00024231635325122625,0.11896321922540665
physics_guided_NN,10,350,1,372,0.00023815647242978835,0.11839775741100311
physics_guided_NN,10,350,1,373,0.00023471460250827172,0.1187986359000206
physics_guided_NN,10,350,1,374,0.0002411846823330658,0.11862783133983612
physics_guided_NN,10,350,1,375,0.0002451290759684828,0.11845662444829941
physics_guided_NN,10,350,1,376,0.00025488226431965205,0.11851086467504501
physics_guided_NN,10,350,1,377,0.0002604262772365473,0.11911020427942276
physics_guided_NN,10,350,1,378,0.0002784094322123565,0.11905580013990402
physics_guided_NN,10,350,1,379,0.00032966000435408205,0.11891986429691315
physics_guided_NN,10,350,1,380,0.0002773080486804247,0.11960279941558838
physics_guided_NN,10,350,1,381,0.0002751253656848955,0.11872372776269913
physics_guided_NN,10,350,1,382,0.00027100548080246273,0.11773248761892319
physics_guided_NN,10,350,1,383,0.0002593459527512702,0.11853000521659851
physics_guided_NN,10,350,1,384,0.0002480129381486525,0.11798006296157837
physics_guided_NN,10,350,1,385,0.00023154310474637896,0.118434377014637
physics_guided_NN,10,350,1,386,0.00021457810847399136,0.1184147298336029
physics_guided_NN,10,350,1,387,0.00022765844429765517,0.11800796538591385
physics_guided_NN,10,350,1,388,0.00020699538193487874,0.11824159324169159
physics_guided_NN,10,350,1,389,0.000212173336573566,0.11814762651920319
physics_guided_NN,10,350,1,390,0.00020407772535691038,0.1179908737540245
physics_guided_NN,10,350,1,391,0.00020076642249478027,0.11838512867689133
physics_guided_NN,10,350,1,392,0.00021974432699304694,0.11826509237289429
physics_guided_NN,10,350,1,393,0.00023796096502337605,0.11818383634090424
physics_guided_NN,10,350,1,394,0.00022939620491039628,0.11803071945905685
physics_guided_NN,10,350,1,395,0.00020892438624287024,0.1182442456483841
physics_guided_NN,10,350,1,396,0.00022134582832222804,0.11783957481384277
physics_guided_NN,10,350,1,397,0.00020467698535261056,0.11800796538591385
physics_guided_NN,10,350,1,398,0.0002150754832352201,0.11811567097902298
physics_guided_NN,10,350,1,399,0.00020013964482738325,0.11819163709878922
physics_guided_NN,10,350,1,400,0.00019182833542193597,0.11831453442573547
physics_guided_NN,10,350,1,401,0.00019187408664341396,0.11811203509569168
physics_guided_NN,10,350,1,402,0.00020136471721343696,0.11809472739696503
physics_guided_NN,10,350,1,403,0.00021137330865409845,0.11807991564273834
physics_guided_NN,10,350,1,404,0.00020702765808285525,0.11821334809064865
physics_guided_NN,10,350,1,405,0.00020454806508496404,0.11792109906673431
physics_guided_NN,10,350,1,406,0.00019240651211778945,0.11778748780488968
physics_guided_NN,10,350,1,407,0.00019941426580771804,0.11802417039871216
physics_guided_NN,10,350,1,408,0.00019546659556605542,0.11817899346351624
physics_guided_NN,10,350,1,409,0.0001990216454335799,0.11808738857507706
physics_guided_NN,10,350,1,410,0.00018415949792445949,0.11800538748502731
physics_guided_NN,10,350,1,411,0.00017694357666186988,0.11783891916275024
physics_guided_NN,10,350,1,412,0.00018215236680892607,0.11751793324947357
physics_guided_NN,10,350,1,413,0.00017960990711192912,0.11801119148731232
physics_guided_NN,10,350,1,414,0.0001827469968702644,0.11800947040319443
physics_guided_NN,10,350,1,415,0.00017255014245165512,0.1177879199385643
physics_guided_NN,10,350,1,416,0.00017973134526982903,0.11774639040231705
physics_guided_NN,10,350,1,417,0.00017527234983087206,0.11806914955377579
physics_guided_NN,10,350,1,418,0.00018362456952066472,0.1179380863904953
physics_guided_NN,10,350,1,419,0.0001869439147412777,0.11742246896028519
physics_guided_NN,10,350,1,420,0.00019044865378721929,0.11752767115831375
physics_guided_NN,10,350,1,421,0.00018492351955501363,0.11786647886037827
physics_guided_NN,10,350,1,422,0.0001844533981056884,0.11789388209581375
physics_guided_NN,10,350,1,423,0.000190425632657328,0.11740691214799881
physics_guided_NN,10,350,1,424,0.00018115197841931754,0.11792206764221191
physics_guided_NN,10,350,1,425,0.00019399179776276773,0.11769722402095795
physics_guided_NN,10,350,1,426,0.00019571554973178232,0.11791136115789413
physics_guided_NN,10,350,1,427,0.0001959962391993031,0.11776093393564224
physics_guided_NN,10,350,1,428,0.00020325016036319235,0.11773901432752609
physics_guided_NN,10,350,1,429,0.00017924663310016817,0.11781388521194458
physics_guided_NN,10,350,1,430,0.0001772341832596188,0.11791267991065979
physics_guided_NN,10,350,1,431,0.00018031756432416537,0.11766281723976135
physics_guided_NN,10,350,1,432,0.00018147592830549306,0.11776776611804962
physics_guided_NN,10,350,1,433,0.0001720482274928751,0.11771275848150253
physics_guided_NN,10,350,1,434,0.00017318852042080835,0.1177210584282875
physics_guided_NN,10,350,1,435,0.00017822683488096422,0.1174267828464508
physics_guided_NN,10,350,1,436,0.00017000756633933634,0.11723221838474274
physics_guided_NN,10,350,1,437,0.00017144132774168005,0.11742532253265381
physics_guided_NN,10,350,1,438,0.00019373066121867547,0.11764352768659592
physics_guided_NN,10,350,1,439,0.00019342266993286708,0.11741479486227036
physics_guided_NN,10,350,1,440,0.00020935428862382346,0.11791627109050751
physics_guided_NN,10,350,1,441,0.00021598364643674964,0.11788441240787506
physics_guided_NN,10,350,1,442,0.00022621748212259263,0.11759388446807861
physics_guided_NN,10,350,1,443,0.0002292004986278092,0.11786060780286789
physics_guided_NN,10,350,1,444,0.0002673220175590056,0.11752087622880936
physics_guided_NN,10,350,1,445,0.00024681087234057486,0.11741380393505096
physics_guided_NN,10,350,1,446,0.00028053642987894517,0.11780364066362381
physics_guided_NN,10,350,1,447,0.00023866075207479298,0.11785519868135452
physics_guided_NN,10,350,1,448,0.00022829258523415774,0.11726954579353333
physics_guided_NN,10,350,1,449,0.0002591522012759621,0.11666951328516006
physics_guided_NN,10,350,1,450,0.000386982816659535,0.11780758947134018
physics_guided_NN,10,350,1,451,0.0003408385964576155,0.11813445389270782
physics_guided_NN,10,350,1,452,0.00029449248298381764,0.11770083010196686
physics_guided_NN,10,350,1,453,0.0002879263144374515,0.11770423501729965
physics_guided_NN,10,350,1,454,0.0003086736105615273,0.11675405502319336
physics_guided_NN,10,350,1,455,0.00030780128872720525,0.11706225574016571
physics_guided_NN,10,350,1,456,0.0002980430023550677,0.11865819990634918
physics_guided_NN,10,350,1,457,0.00031902084689742577,0.1175873652100563
physics_guided_NN,10,350,1,458,0.0003919327015561673,0.11876034736633301
physics_guided_NN,10,350,1,459,0.00032840354106156155,0.11676569283008575
physics_guided_NN,10,350,1,460,0.00023975746686725566,0.11682813614606857
physics_guided_NN,10,350,1,461,0.00024711998412385583,0.11811132729053497
physics_guided_NN,10,350,1,462,0.0001748119054051737,0.1183505430817604
physics_guided_NN,10,350,1,463,0.00018700228004793948,0.11778442561626434
physics_guided_NN,10,350,1,464,0.00017617305032520866,0.11779695749282837
physics_guided_NN,10,350,1,465,0.00016202627739403397,0.11749348789453506
physics_guided_NN,10,350,1,466,0.00015196469030342996,0.11725344508886337
physics_guided_NN,10,350,1,467,0.0001369671396484288,0.11748847365379333
physics_guided_NN,10,350,1,468,0.00014738486546169346,0.11764618754386902
physics_guided_NN,10,350,1,469,0.00013956519857553454,0.11777369678020477
physics_guided_NN,10,350,1,470,0.00013014422802370973,0.11754078418016434
physics_guided_NN,10,350,1,471,0.0001329005026491359,0.11720476299524307
physics_guided_NN,10,350,1,472,0.00013674396662584817,0.11738518625497818
physics_guided_NN,10,350,1,473,0.00015136270546160327,0.11753799021244049
physics_guided_NN,10,350,1,474,0.00015581935561688928,0.11778232455253601
physics_guided_NN,10,350,1,475,0.0001774442619838131,0.11762992292642593
physics_guided_NN,10,350,1,476,0.00017571006173966452,0.11770692467689514
physics_guided_NN,10,350,1,477,0.00016190244787139818,0.11749845743179321
physics_guided_NN,10,350,1,478,0.00016456868373400843,0.11747748404741287
physics_guided_NN,10,350,1,479,0.00016339632566086948,0.11799634993076324
physics_guided_NN,10,350,1,480,0.00015607631454865137,0.11756306886672974
physics_guided_NN,10,350,1,481,0.00015803864759315425,0.11711040884256363
physics_guided_NN,10,350,1,482,0.00015857482139836065,0.11766473948955536
physics_guided_NN,10,350,1,483,0.0001461707336905723,0.11779633164405823
physics_guided_NN,10,350,1,484,0.00015581414239325872,0.11718809604644775
physics_guided_NN,10,350,1,485,0.00013878513709641993,0.11773670464754105
physics_guided_NN,10,350,1,486,0.00014211970119504258,0.11745321750640869
physics_guided_NN,10,350,1,487,0.00013917916173037762,0.11746837198734283
physics_guided_NN,10,350,1,488,0.00014918483793735504,0.11717546731233597
physics_guided_NN,10,350,1,489,0.0001337821753016518,0.1170094832777977
physics_guided_NN,10,350,1,490,0.00014166764716113298,0.11735320091247559
physics_guided_NN,10,350,1,491,0.00014364930999969752,0.11748415976762772
physics_guided_NN,10,350,1,492,0.00014769640498949835,0.1174190565943718
physics_guided_NN,10,350,1,493,0.00014661941168014891,0.11750880628824234
physics_guided_NN,10,350,1,494,0.00015499018991249613,0.11757480353116989
physics_guided_NN,10,350,1,495,0.0001676134331016025,0.11718058586120605
physics_guided_NN,10,350,1,496,0.0001463032470686206,0.11703389137983322
physics_guided_NN,10,350,1,497,0.00016373221296817064,0.11726392805576324
physics_guided_NN,10,350,1,498,0.00014668130461359397,0.1175510361790657
physics_guided_NN,10,350,1,499,0.00016713995258517875,0.11723301559686661
standard_NN,10,350,2,1,0.9592572748661041,0.898199737071991
standard_NN,10,350,2,2,0.9043684005737305,0.8440282344818115
standard_NN,10,350,2,3,0.8689990291992823,0.770891547203064
standard_NN,10,350,2,4,0.735897089044253,0.6729114651679993
standard_NN,10,350,2,5,0.6285112500190735,0.5591427683830261
standard_NN,10,350,2,6,0.5178183242678642,0.4589096009731293
standard_NN,10,350,2,7,0.42376506328582764,0.4126010835170746
standard_NN,10,350,2,8,0.3997414285937945,0.39632296562194824
standard_NN,10,350,2,9,0.36428141345580417,0.3695497512817383
standard_NN,10,350,2,10,0.339251105984052,0.34812846779823303
standard_NN,10,350,2,11,0.3264359434445699,0.3342805504798889
standard_NN,10,350,2,12,0.30199357122182846,0.3232783377170563
standard_NN,10,350,2,13,0.30029450605312985,0.309573233127594
standard_NN,10,350,2,14,0.31027190511425334,0.30156320333480835
standard_NN,10,350,2,15,0.27540285140275955,0.2867569327354431
standard_NN,10,350,2,16,0.28492507462700206,0.28040367364883423
standard_NN,10,350,2,17,0.24131790176033974,0.27025535702705383
standard_NN,10,350,2,18,0.2243132765094439,0.264302134513855
standard_NN,10,350,2,19,0.2245332971215248,0.25509926676750183
standard_NN,10,350,2,20,0.2065238387634357,0.2520769238471985
standard_NN,10,350,2,21,0.2034932387371858,0.2433639019727707
standard_NN,10,350,2,22,0.23894854014118513,0.2384767234325409
standard_NN,10,350,2,23,0.19963623583316803,0.23624446988105774
standard_NN,10,350,2,24,0.18611733553310236,0.23185063898563385
standard_NN,10,350,2,25,0.20503054186701775,0.22779183089733124
standard_NN,10,350,2,26,0.1892623696476221,0.22685788571834564
standard_NN,10,350,2,27,0.16693204641342163,0.22029881179332733
standard_NN,10,350,2,28,0.16460951479772726,0.2184951901435852
standard_NN,10,350,2,29,0.15693934199710688,0.21509891748428345
standard_NN,10,350,2,30,0.1543476258714994,0.21422679722309113
standard_NN,10,350,2,31,0.14770974405109882,0.21134494245052338
standard_NN,10,350,2,32,0.14569742791354656,0.20959894359111786
standard_NN,10,350,2,33,0.13724592048674822,0.20648324489593506
standard_NN,10,350,2,34,0.14932430535554886,0.20618708431720734
standard_NN,10,350,2,35,0.1307973867903153,0.20379942655563354
standard_NN,10,350,2,36,0.14375324298938116,0.20388513803482056
standard_NN,10,350,2,37,0.13265889137983322,0.20321837067604065
standard_NN,10,350,2,38,0.12475210924943288,0.20475277304649353
standard_NN,10,350,2,39,0.11101546790450811,0.20309844613075256
standard_NN,10,350,2,40,0.13038267598797879,0.20328418910503387
standard_NN,10,350,2,41,0.1037512980401516,0.20396119356155396
standard_NN,10,350,2,42,0.09847476333379745,0.2026354819536209
standard_NN,10,350,2,43,0.09601273636023204,0.20228052139282227
standard_NN,10,350,2,44,0.09718786304195721,0.2028059959411621
standard_NN,10,350,2,45,0.09431994147598743,0.20548924803733826
standard_NN,10,350,2,46,0.10655882395803928,0.2046404927968979
standard_NN,10,350,2,47,0.08432617224752903,0.2096993327140808
standard_NN,10,350,2,48,0.07977199926972389,0.20664095878601074
standard_NN,10,350,2,49,0.0780043030778567,0.20722606778144836
standard_NN,10,350,2,50,0.07299542768547933,0.20882566273212433
standard_NN,10,350,2,51,0.07058323981861274,0.21231278777122498
standard_NN,10,350,2,52,0.08179803239181638,0.2140095829963684
standard_NN,10,350,2,53,0.06722602186103661,0.21881118416786194
standard_NN,10,350,2,54,0.07194077937553327,0.21522678434848785
standard_NN,10,350,2,55,0.06234629265964031,0.22298112511634827
standard_NN,10,350,2,56,0.055950474459677935,0.22161617875099182
standard_NN,10,350,2,57,0.055690341939528785,0.22032354772090912
standard_NN,10,350,2,58,0.056411471838752426,0.2291565239429474
standard_NN,10,350,2,59,0.05335532252987226,0.23091314733028412
standard_NN,10,350,2,60,0.049732303246855736,0.23144058883190155
standard_NN,10,350,2,61,0.04786040789137284,0.2339075803756714
standard_NN,10,350,2,62,0.044388795737177134,0.23397447168827057
standard_NN,10,350,2,63,0.04389362332100669,0.2320951670408249
standard_NN,10,350,2,64,0.04095795347044865,0.23787906765937805
standard_NN,10,350,2,65,0.0528920196617643,0.24164506793022156
standard_NN,10,350,2,66,0.04132870491594076,0.2507135272026062
standard_NN,10,350,2,67,0.04112673178315163,0.24543717503547668
standard_NN,10,350,2,68,0.04065922430406014,0.24530889093875885
standard_NN,10,350,2,69,0.036537067499011755,0.252521276473999
standard_NN,10,350,2,70,0.035821592745681606,0.25332826375961304
standard_NN,10,350,2,71,0.04273396326849858,0.25360146164894104
standard_NN,10,350,2,72,0.034551296227922045,0.26459819078445435
standard_NN,10,350,2,73,0.03668186441063881,0.25685572624206543
standard_NN,10,350,2,74,0.038867877485851444,0.254375159740448
standard_NN,10,350,2,75,0.035538913371662297,0.2616339921951294
standard_NN,10,350,2,76,0.031651181634515524,0.25807005167007446
standard_NN,10,350,2,77,0.033672975997130074,0.25332435965538025
standard_NN,10,350,2,78,0.03334390635912617,0.2655002772808075
standard_NN,10,350,2,79,0.03353155963122845,0.26208874583244324
standard_NN,10,350,2,80,0.030263022830088932,0.25790032744407654
standard_NN,10,350,2,81,0.031211205137272675,0.2649310529232025
standard_NN,10,350,2,82,0.02808275648082296,0.2619539201259613
standard_NN,10,350,2,83,0.029225524204472702,0.2633343040943146
standard_NN,10,350,2,84,0.025069374203061063,0.26723864674568176
standard_NN,10,350,2,85,0.024038490761692326,0.2662901282310486
standard_NN,10,350,2,86,0.02711246566226085,0.26636219024658203
standard_NN,10,350,2,87,0.02498920572300752,0.2667701244354248
standard_NN,10,350,2,88,0.023240855429321527,0.26895904541015625
standard_NN,10,350,2,89,0.0246126065030694,0.2741653323173523
standard_NN,10,350,2,90,0.021628437796607614,0.271843820810318
standard_NN,10,350,2,91,0.0277273403480649,0.2723846435546875
standard_NN,10,350,2,92,0.02559235692024231,0.2881530523300171
standard_NN,10,350,2,93,0.024535199006398518,0.27476993203163147
physics_guided_NN,10,350,2,1,0.9699455002943674,0.918140709400177
physics_guided_NN,10,350,2,2,0.9194558064142863,0.8662377595901489
physics_guided_NN,10,350,2,3,0.8806652079025904,0.7889494895935059
physics_guided_NN,10,350,2,4,0.7486332654953003,0.675611138343811
physics_guided_NN,10,350,2,5,0.6176642974217733,0.5361071825027466
physics_guided_NN,10,350,2,6,0.4729917546113332,0.4137265682220459
physics_guided_NN,10,350,2,7,0.3587806162734826,0.3576904237270355
physics_guided_NN,10,350,2,8,0.32518283029397327,0.31974732875823975
physics_guided_NN,10,350,2,9,0.2815596784154574,0.2807375490665436
physics_guided_NN,10,350,2,10,0.24784760735929012,0.2570590674877167
physics_guided_NN,10,350,2,11,0.22721964803834757,0.2362741082906723
physics_guided_NN,10,350,2,12,0.2021177231023709,0.21961510181427002
physics_guided_NN,10,350,2,13,0.19671681709587574,0.2043478637933731
physics_guided_NN,10,350,2,14,0.20015419895450273,0.19293160736560822
physics_guided_NN,10,350,2,15,0.16920393953720728,0.18277175724506378
physics_guided_NN,10,350,2,16,0.1693780403584242,0.17448017001152039
physics_guided_NN,10,350,2,17,0.13482712395489216,0.16687840223312378
physics_guided_NN,10,350,2,18,0.1243933942168951,0.1592549830675125
physics_guided_NN,10,350,2,19,0.11668925856550534,0.15139229595661163
physics_guided_NN,10,350,2,20,0.10956346181531747,0.14558716118335724
physics_guided_NN,10,350,2,21,0.10113114739457767,0.14032334089279175
physics_guided_NN,10,350,2,22,0.1115629809598128,0.13487151265144348
physics_guided_NN,10,350,2,23,0.09193029875556628,0.13207073509693146
physics_guided_NN,10,350,2,24,0.08235812683900197,0.1261468380689621
physics_guided_NN,10,350,2,25,0.08557520185907681,0.12346985936164856
physics_guided_NN,10,350,2,26,0.07453252685566743,0.12102688103914261
physics_guided_NN,10,350,2,27,0.06447220655779044,0.11827513575553894
physics_guided_NN,10,350,2,28,0.05902226688340306,0.11487863212823868
physics_guided_NN,10,350,2,29,0.0556717182820042,0.11243993043899536
physics_guided_NN,10,350,2,30,0.05127500145075222,0.10888101905584335
physics_guided_NN,10,350,2,31,0.05021693495412668,0.10552872717380524
physics_guided_NN,10,350,2,32,0.04438183161740502,0.10465976595878601
physics_guided_NN,10,350,2,33,0.04299170896410942,0.10517227649688721
physics_guided_NN,10,350,2,34,0.0407705072623988,0.10136234015226364
physics_guided_NN,10,350,2,35,0.037534797408928476,0.10031566023826599
physics_guided_NN,10,350,2,36,0.0368044792364041,0.09792487323284149
physics_guided_NN,10,350,2,37,0.032636349089443684,0.09622587263584137
physics_guided_NN,10,350,2,38,0.0338175226158152,0.09476666897535324
physics_guided_NN,10,350,2,39,0.029461647771919768,0.0931425541639328
physics_guided_NN,10,350,2,40,0.033773257746361196,0.09180113673210144
physics_guided_NN,10,350,2,41,0.026273714688917,0.08999427407979965
physics_guided_NN,10,350,2,42,0.02461686237559964,0.08835767209529877
physics_guided_NN,10,350,2,43,0.026325461842740577,0.08680349588394165
physics_guided_NN,10,350,2,44,0.023197956616058946,0.08481604605913162
physics_guided_NN,10,350,2,45,0.026651858429734904,0.08535511046648026
physics_guided_NN,10,350,2,46,0.021924096392467618,0.0825994685292244
physics_guided_NN,10,350,2,47,0.020864621891329687,0.08421757817268372
physics_guided_NN,10,350,2,48,0.020118645780409377,0.08304501324892044
physics_guided_NN,10,350,2,49,0.01854710467159748,0.08008526265621185
physics_guided_NN,10,350,2,50,0.018246971148376662,0.07795505225658417
physics_guided_NN,10,350,2,51,0.016734925447963178,0.07747513055801392
physics_guided_NN,10,350,2,52,0.017775589988256495,0.07781060039997101
physics_guided_NN,10,350,2,53,0.01877958032612999,0.07536151260137558
physics_guided_NN,10,350,2,54,0.01730070907312135,0.07364063709974289
physics_guided_NN,10,350,2,55,0.018451377206171553,0.07683528959751129
physics_guided_NN,10,350,2,56,0.014973681226062277,0.07706119120121002
physics_guided_NN,10,350,2,57,0.015011315001174808,0.07312116771936417
physics_guided_NN,10,350,2,58,0.015352115229082605,0.07316278666257858
physics_guided_NN,10,350,2,59,0.013400729629211128,0.0715329572558403
physics_guided_NN,10,350,2,60,0.012892116055202981,0.07129844278097153
physics_guided_NN,10,350,2,61,0.01228753780014813,0.0718875527381897
physics_guided_NN,10,350,2,62,0.012022616846176485,0.06994549930095673
physics_guided_NN,10,350,2,63,0.012849574248927334,0.06960397958755493
physics_guided_NN,10,350,2,64,0.011553211836144328,0.0709318071603775
physics_guided_NN,10,350,2,65,0.01613474319068094,0.07023946940898895
physics_guided_NN,10,350,2,66,0.010555327598315975,0.06899751722812653
physics_guided_NN,10,350,2,67,0.0102359673473984,0.06827370822429657
physics_guided_NN,10,350,2,68,0.010500812088139355,0.06719188392162323
physics_guided_NN,10,350,2,69,0.009381238603964448,0.06863264739513397
physics_guided_NN,10,350,2,70,0.009358958768037459,0.06739398092031479
physics_guided_NN,10,350,2,71,0.013687101542018354,0.06662001460790634
physics_guided_NN,10,350,2,72,0.01108025359765937,0.06937959790229797
physics_guided_NN,10,350,2,73,0.010201502164515356,0.0646202340722084
physics_guided_NN,10,350,2,74,0.0102717262149478,0.06447578221559525
physics_guided_NN,10,350,2,75,0.010038047951335708,0.06680122017860413
physics_guided_NN,10,350,2,76,0.009627512151685854,0.06567447632551193
physics_guided_NN,10,350,2,77,0.009219381104533872,0.06621276587247849
physics_guided_NN,10,350,2,78,0.009576282386357585,0.06717469543218613
physics_guided_NN,10,350,2,79,0.010205381860335669,0.06451810896396637
physics_guided_NN,10,350,2,80,0.00959151804757615,0.06469958275556564
physics_guided_NN,10,350,2,81,0.008342062782806655,0.06581638008356094
physics_guided_NN,10,350,2,82,0.007848297401020924,0.06679414212703705
physics_guided_NN,10,350,2,83,0.006627886362063388,0.06403923034667969
physics_guided_NN,10,350,2,84,0.00621728366240859,0.06238744407892227
physics_guided_NN,10,350,2,85,0.0059999408743654685,0.06353894621133804
physics_guided_NN,10,350,2,86,0.005556674480127792,0.06278587877750397
physics_guided_NN,10,350,2,87,0.006003296740042667,0.06262760609388351
physics_guided_NN,10,350,2,88,0.005296410022613903,0.0630280002951622
physics_guided_NN,10,350,2,89,0.0048869103387308615,0.06250641494989395
physics_guided_NN,10,350,2,90,0.004803468764293939,0.06197751685976982
physics_guided_NN,10,350,2,91,0.006315181652704875,0.06156618893146515
physics_guided_NN,10,350,2,92,0.006006565294228494,0.0625312328338623
physics_guided_NN,10,350,2,93,0.004809289491580178,0.06071824952960014
physics_guided_NN,10,350,2,94,0.004533581862536569,0.06190832704305649
physics_guided_NN,10,350,2,95,0.004374646038437883,0.061140842735767365
physics_guided_NN,10,350,2,96,0.0038833440048620105,0.061563726514577866
physics_guided_NN,10,350,2,97,0.004025310433159272,0.06031157821416855
physics_guided_NN,10,350,2,98,0.004610349191352725,0.06006626412272453
physics_guided_NN,10,350,2,99,0.003945432583956669,0.062162134796381
physics_guided_NN,10,350,2,100,0.00446563462416331,0.061819158494472504
physics_guided_NN,10,350,2,101,0.004215999467608829,0.05961981788277626
physics_guided_NN,10,350,2,102,0.0038186558910335102,0.06110115721821785
physics_guided_NN,10,350,2,103,0.004065719103285422,0.0618760846555233
physics_guided_NN,10,350,2,104,0.003932879810842375,0.06042620912194252
physics_guided_NN,10,350,2,105,0.0033507750291998186,0.06088778376579285
physics_guided_NN,10,350,2,106,0.002939091568502287,0.05993717536330223
physics_guided_NN,10,350,2,107,0.002844613821556171,0.06030300632119179
physics_guided_NN,10,350,2,108,0.003118256339803338,0.06022626534104347
physics_guided_NN,10,350,2,109,0.003883912092229972,0.059929490089416504
physics_guided_NN,10,350,2,110,0.002681758468194554,0.06087995693087578
physics_guided_NN,10,350,2,111,0.002595653000753373,0.05862985551357269
physics_guided_NN,10,350,2,112,0.0025095858921607337,0.05975012108683586
physics_guided_NN,10,350,2,113,0.002428750682156533,0.059655237942934036
physics_guided_NN,10,350,2,114,0.0024754637076208987,0.059184446930885315
physics_guided_NN,10,350,2,115,0.00216720406509315,0.05979304388165474
physics_guided_NN,10,350,2,116,0.0022014526378673813,0.05906343460083008
physics_guided_NN,10,350,2,117,0.002103273912022511,0.05905170366168022
physics_guided_NN,10,350,2,118,0.0021189014272143445,0.059207167476415634
physics_guided_NN,10,350,2,119,0.0020298313659926257,0.05954243987798691
physics_guided_NN,10,350,2,120,0.001978131399179498,0.058483365923166275
physics_guided_NN,10,350,2,121,0.0020154941206177077,0.05904700979590416
physics_guided_NN,10,350,2,122,0.002261523293176045,0.05909609794616699
physics_guided_NN,10,350,2,123,0.0021020713223454854,0.05884914845228195
physics_guided_NN,10,350,2,124,0.0019335521307463448,0.05920948088169098
physics_guided_NN,10,350,2,125,0.0021220731238524118,0.0592171847820282
physics_guided_NN,10,350,2,126,0.0017556119807219754,0.05887596309185028
physics_guided_NN,10,350,2,127,0.0016647183025876682,0.05782395973801613
physics_guided_NN,10,350,2,128,0.0017532766602622967,0.058789558708667755
physics_guided_NN,10,350,2,129,0.0017561201239004731,0.058559853583574295
physics_guided_NN,10,350,2,130,0.001786298011817659,0.058463066816329956
physics_guided_NN,10,350,2,131,0.0016633614723104984,0.058775607496500015
physics_guided_NN,10,350,2,132,0.0016415054948690038,0.05807262659072876
physics_guided_NN,10,350,2,133,0.0016262329493959744,0.058404695242643356
physics_guided_NN,10,350,2,134,0.0015752436593174934,0.058477967977523804
physics_guided_NN,10,350,2,135,0.0018198130225452285,0.05801926553249359
physics_guided_NN,10,350,2,136,0.0016186228798081477,0.058551620692014694
physics_guided_NN,10,350,2,137,0.0016925562813412398,0.05797114968299866
physics_guided_NN,10,350,2,138,0.0015444462672652055,0.058220356702804565
physics_guided_NN,10,350,2,139,0.001499630753338958,0.05856100842356682
physics_guided_NN,10,350,2,140,0.001394552974185596,0.058005161583423615
physics_guided_NN,10,350,2,141,0.0013881067376739036,0.058049749583005905
physics_guided_NN,10,350,2,142,0.0013605949158469837,0.05823913589119911
physics_guided_NN,10,350,2,143,0.0016666076165468742,0.05821358785033226
physics_guided_NN,10,350,2,144,0.0014070472680032253,0.05800351873040199
physics_guided_NN,10,350,2,145,0.0013516166751893859,0.05839287117123604
physics_guided_NN,10,350,2,146,0.0014184183479907613,0.05782967805862427
physics_guided_NN,10,350,2,147,0.0014374410190309088,0.058327093720436096
physics_guided_NN,10,350,2,148,0.0014943151812379558,0.058219555765390396
physics_guided_NN,10,350,2,149,0.0015496033302042633,0.058259446173906326
physics_guided_NN,10,350,2,150,0.0013291083838945876,0.0578242726624012
physics_guided_NN,10,350,2,151,0.0012782528550208856,0.05825361609458923
physics_guided_NN,10,350,2,152,0.0015025634493213147,0.05780642479658127
physics_guided_NN,10,350,2,153,0.0012804959939482312,0.058042336255311966
physics_guided_NN,10,350,2,154,0.0013800512921685975,0.05779524892568588
physics_guided_NN,10,350,2,155,0.0012640169976900022,0.05814112722873688
physics_guided_NN,10,350,2,156,0.001211863913340494,0.057517021894454956
physics_guided_NN,10,350,2,157,0.0013502983298773568,0.05786566808819771
physics_guided_NN,10,350,2,158,0.0013144863187335432,0.05768445506691933
physics_guided_NN,10,350,2,159,0.001299318401531006,0.05760746821761131
physics_guided_NN,10,350,2,160,0.0011034406973825146,0.05746099352836609
physics_guided_NN,10,350,2,161,0.0011594717604263376,0.05764937400817871
physics_guided_NN,10,350,2,162,0.0011280216955735038,0.057722534984350204
physics_guided_NN,10,350,2,163,0.0011350855638738722,0.057611119002103806
physics_guided_NN,10,350,2,164,0.0011711095479161788,0.05760057270526886
physics_guided_NN,10,350,2,165,0.0011439047617993008,0.05746566504240036
physics_guided_NN,10,350,2,166,0.001139347751935323,0.057632941752672195
physics_guided_NN,10,350,2,167,0.0010654143795060615,0.057631708681583405
physics_guided_NN,10,350,2,168,0.0012777468461232881,0.05778048187494278
physics_guided_NN,10,350,2,169,0.0010976881312672049,0.05757560208439827
physics_guided_NN,10,350,2,170,0.0010241381241939962,0.05765688046813011
physics_guided_NN,10,350,2,171,0.0010585197305772454,0.057475097477436066
physics_guided_NN,10,350,2,172,0.0010173001307218026,0.057545557618141174
physics_guided_NN,10,350,2,173,0.0010111162749429543,0.05742543563246727
physics_guided_NN,10,350,2,174,0.00101304761483334,0.057617370039224625
physics_guided_NN,10,350,2,175,0.0009958653439146776,0.05769891291856766
physics_guided_NN,10,350,2,176,0.0009910233493428677,0.057195767760276794
physics_guided_NN,10,350,2,177,0.001024375776372229,0.05725337564945221
physics_guided_NN,10,350,2,178,0.0010040814619666587,0.057372741401195526
physics_guided_NN,10,350,2,179,0.0009755379190513244,0.05736589804291725
physics_guided_NN,10,350,2,180,0.0010446252902814497,0.057693541049957275
physics_guided_NN,10,350,2,181,0.0009781648210870724,0.05706929415464401
physics_guided_NN,10,350,2,182,0.0009235230293901017,0.057061780244112015
physics_guided_NN,10,350,2,183,0.000991175523571049,0.05719057843089104
physics_guided_NN,10,350,2,184,0.0009531919155657912,0.057190313935279846
physics_guided_NN,10,350,2,185,0.0009088950464501977,0.05722931772470474
physics_guided_NN,10,350,2,186,0.000936090616354098,0.057146795094013214
physics_guided_NN,10,350,2,187,0.0009270794689655304,0.057243943214416504
physics_guided_NN,10,350,2,188,0.0009052765187031279,0.0573565736413002
physics_guided_NN,10,350,2,189,0.0009361831083272895,0.05700944736599922
physics_guided_NN,10,350,2,190,0.0010481773448797564,0.057150907814502716
physics_guided_NN,10,350,2,191,0.000990449101664126,0.05723799765110016
physics_guided_NN,10,350,2,192,0.000916458802142491,0.05743912234902382
physics_guided_NN,10,350,2,193,0.0009614621618917832,0.05714453011751175
physics_guided_NN,10,350,2,194,0.0009770678298082203,0.05703931301832199
physics_guided_NN,10,350,2,195,0.0008382415884019186,0.057027995586395264
physics_guided_NN,10,350,2,196,0.0009452024920998762,0.05736339092254639
physics_guided_NN,10,350,2,197,0.000968707783613354,0.05717526003718376
physics_guided_NN,10,350,2,198,0.0008953274130666008,0.05688886344432831
physics_guided_NN,10,350,2,199,0.0008323619016058122,0.05704706534743309
physics_guided_NN,10,350,2,200,0.0008260192553279921,0.05715375393629074
physics_guided_NN,10,350,2,201,0.0008216200221795589,0.0567745715379715
physics_guided_NN,10,350,2,202,0.0008937818250463655,0.057302966713905334
physics_guided_NN,10,350,2,203,0.0008800240563383946,0.05704066902399063
physics_guided_NN,10,350,2,204,0.0008260308968601748,0.057406459003686905
physics_guided_NN,10,350,2,205,0.0008081408983950192,0.05678984895348549
physics_guided_NN,10,350,2,206,0.0008473352742536614,0.05730639025568962
physics_guided_NN,10,350,2,207,0.0008188255887944251,0.057075418531894684
physics_guided_NN,10,350,2,208,0.0008195601937283451,0.05684052035212517
physics_guided_NN,10,350,2,209,0.0008293709349042425,0.0568835511803627
physics_guided_NN,10,350,2,210,0.000844172759874103,0.05698028579354286
physics_guided_NN,10,350,2,211,0.0008367802171657482,0.05677283927798271
physics_guided_NN,10,350,2,212,0.0007467409935391819,0.057042766362428665
physics_guided_NN,10,350,2,213,0.0007518951849003012,0.05688152834773064
physics_guided_NN,10,350,2,214,0.0007295129616977647,0.056893859058618546
physics_guided_NN,10,350,2,215,0.0007856198644731194,0.05698321387171745
physics_guided_NN,10,350,2,216,0.0007403117342619225,0.05674804002046585
physics_guided_NN,10,350,2,217,0.0007464277878170833,0.05690862983465195
physics_guided_NN,10,350,2,218,0.0007534456769159684,0.05679499730467796
physics_guided_NN,10,350,2,219,0.0008134288703634714,0.05710822716355324
physics_guided_NN,10,350,2,220,0.0007860759845546758,0.05668500438332558
physics_guided_NN,10,350,2,221,0.0007484652887796983,0.05756791681051254
physics_guided_NN,10,350,2,222,0.0007692913592715437,0.05669047683477402
physics_guided_NN,10,350,2,223,0.0007467138105615353,0.0571993887424469
physics_guided_NN,10,350,2,224,0.0007307601238911351,0.05684895068407059
physics_guided_NN,10,350,2,225,0.0007395581487799063,0.056685324758291245
physics_guided_NN,10,350,2,226,0.0007288911292562261,0.056651968508958817
physics_guided_NN,10,350,2,227,0.000722882721068648,0.05689272657036781
physics_guided_NN,10,350,2,228,0.0007054572585426891,0.056830670684576035
physics_guided_NN,10,350,2,229,0.0006742426679314425,0.056873489171266556
physics_guided_NN,10,350,2,230,0.0006670677442646896,0.056837961077690125
physics_guided_NN,10,350,2,231,0.0006782481505069882,0.05697207152843475
physics_guided_NN,10,350,2,232,0.0006684518933373814,0.05685281381011009
physics_guided_NN,10,350,2,233,0.0007355229269402722,0.05681699141860008
physics_guided_NN,10,350,2,234,0.0006885647162562236,0.05682927742600441
physics_guided_NN,10,350,2,235,0.0007481101638404652,0.05688111484050751
physics_guided_NN,10,350,2,236,0.0007177401615384346,0.05666319280862808
physics_guided_NN,10,350,2,237,0.0006781081368292993,0.05666796490550041
physics_guided_NN,10,350,2,238,0.0006833369795155401,0.05693258345127106
physics_guided_NN,10,350,2,239,0.0007176322105806321,0.0566420778632164
physics_guided_NN,10,350,2,240,0.0006584820948773995,0.0571378730237484
physics_guided_NN,10,350,2,241,0.0007799951660369212,0.056744471192359924
physics_guided_NN,10,350,2,242,0.0007591932711269086,0.056981608271598816
physics_guided_NN,10,350,2,243,0.0006538115170163413,0.05694733187556267
physics_guided_NN,10,350,2,244,0.0007086657569743693,0.057140860706567764
physics_guided_NN,10,350,2,245,0.0006375638428532208,0.056927163153886795
physics_guided_NN,10,350,2,246,0.0006209394099035611,0.0569702610373497
physics_guided_NN,10,350,2,247,0.0006716538288552935,0.05686904117465019
physics_guided_NN,10,350,2,248,0.000652768673414054,0.056750230491161346
physics_guided_NN,10,350,2,249,0.000650949422076034,0.056610312312841415
physics_guided_NN,10,350,2,250,0.0005792118414926032,0.056676946580410004
physics_guided_NN,10,350,2,251,0.0006229853412757317,0.0567348338663578
physics_guided_NN,10,350,2,252,0.0006170938528763751,0.056804511696100235
physics_guided_NN,10,350,2,253,0.0007476166986937945,0.05669556185603142
physics_guided_NN,10,350,2,254,0.0006090907603114223,0.05692451819777489
physics_guided_NN,10,350,2,255,0.0006236064558227857,0.05708533525466919
physics_guided_NN,10,350,2,256,0.0007887052342994139,0.05672690272331238
physics_guided_NN,10,350,2,257,0.0005970132527484869,0.05703035369515419
physics_guided_NN,10,350,2,258,0.0006113763423248505,0.05662808194756508
physics_guided_NN,10,350,2,259,0.0007016406840799997,0.05680228769779205
physics_guided_NN,10,350,2,260,0.0005932307540206239,0.056734029203653336
physics_guided_NN,10,350,2,261,0.0005897624893502021,0.05666283890604973
physics_guided_NN,10,350,2,262,0.0005726860205565268,0.056710731238126755
physics_guided_NN,10,350,2,263,0.00055854288317884,0.05637533217668533
physics_guided_NN,10,350,2,264,0.0005812491047739362,0.05678637698292732
physics_guided_NN,10,350,2,265,0.0005346379063363808,0.05642972141504288
physics_guided_NN,10,350,2,266,0.0006217624904820696,0.05674000829458237
physics_guided_NN,10,350,2,267,0.0005449320936653143,0.056521933525800705
physics_guided_NN,10,350,2,268,0.0005397337129882848,0.05661524459719658
physics_guided_NN,10,350,2,269,0.0005253411121278381,0.05702263116836548
physics_guided_NN,10,350,2,270,0.0005284566868795082,0.05664442107081413
physics_guided_NN,10,350,2,271,0.0005796177041095992,0.05692502111196518
physics_guided_NN,10,350,2,272,0.0005354290478862822,0.05637378618121147
physics_guided_NN,10,350,2,273,0.0005902889873444414,0.056862443685531616
physics_guided_NN,10,350,2,274,0.000562847257242538,0.05655289068818092
physics_guided_NN,10,350,2,275,0.0005654839042108506,0.056671351194381714
physics_guided_NN,10,350,2,276,0.0005569594698802879,0.056569769978523254
physics_guided_NN,10,350,2,277,0.0005655308996210806,0.05656273290514946
physics_guided_NN,10,350,2,278,0.0004892412980552763,0.05650954693555832
physics_guided_NN,10,350,2,279,0.0005155906449848165,0.05667341500520706
physics_guided_NN,10,350,2,280,0.0005840992913969482,0.05644064396619797
physics_guided_NN,10,350,2,281,0.0005226138261302064,0.05662153288722038
physics_guided_NN,10,350,2,282,0.0005064656870672479,0.05643650144338608
physics_guided_NN,10,350,2,283,0.0005042944976594299,0.056549072265625
physics_guided_NN,10,350,2,284,0.0005258297169348225,0.05650653317570686
physics_guided_NN,10,350,2,285,0.000534270996771132,0.05649596080183983
physics_guided_NN,10,350,2,286,0.0005154564423719421,0.05684017017483711
physics_guided_NN,10,350,2,287,0.000555344833022294,0.055924393236637115
physics_guided_NN,10,350,2,288,0.0005358590133255348,0.05724053457379341
physics_guided_NN,10,350,2,289,0.00052360758127179,0.05604105815291405
physics_guided_NN,10,350,2,290,0.000527574103519631,0.056515615433454514
physics_guided_NN,10,350,2,291,0.00048720794681382057,0.05639012157917023
physics_guided_NN,10,350,2,292,0.0004710671103869875,0.05644754320383072
physics_guided_NN,10,350,2,293,0.0004718576237792149,0.05657748505473137
physics_guided_NN,10,350,2,294,0.0005109132107463665,0.056456439197063446
physics_guided_NN,10,350,2,295,0.0005422681618559485,0.05647657439112663
physics_guided_NN,10,350,2,296,0.0005191460926046906,0.056450873613357544
physics_guided_NN,10,350,2,297,0.0004448087396061358,0.05656867474317551
physics_guided_NN,10,350,2,298,0.00045589948422275484,0.05639760196208954
physics_guided_NN,10,350,2,299,0.0004490318096941337,0.056511081755161285
physics_guided_NN,10,350,2,300,0.0004484084274736233,0.05630794167518616
physics_guided_NN,10,350,2,301,0.00045301237696548924,0.056478336453437805
physics_guided_NN,10,350,2,302,0.0004514661171318342,0.056381598114967346
physics_guided_NN,10,350,2,303,0.0004722255762317218,0.056541528552770615
physics_guided_NN,10,350,2,304,0.00046082229528110474,0.05636966973543167
physics_guided_NN,10,350,2,305,0.00048223380629982177,0.0563431978225708
physics_guided_NN,10,350,2,306,0.00046059695159783587,0.05648753419518471
physics_guided_NN,10,350,2,307,0.0004782152415524858,0.056435324251651764
physics_guided_NN,10,350,2,308,0.00043859746316835907,0.05622285604476929
physics_guided_NN,10,350,2,309,0.0005088427545463977,0.056900620460510254
physics_guided_NN,10,350,2,310,0.0005216673792650303,0.05634358897805214
physics_guided_NN,10,350,2,311,0.000522933631145861,0.056930411607027054
physics_guided_NN,10,350,2,312,0.0005175947832564513,0.05610930547118187
physics_guided_NN,10,350,2,313,0.000657552940538153,0.05648410692811012
physics_guided_NN,10,350,2,314,0.0004965321422787383,0.05671188235282898
physics_guided_NN,10,350,2,315,0.0004873938305536285,0.05627163127064705
physics_guided_NN,10,350,2,316,0.000470684436246908,0.05680336803197861
physics_guided_NN,10,350,2,317,0.0004429799858674717,0.056134190410375595
physics_guided_NN,10,350,2,318,0.0004091478112968616,0.05645188316702843
physics_guided_NN,10,350,2,319,0.00043837788931947824,0.056298043578863144
physics_guided_NN,10,350,2,320,0.0004693087806420711,0.0563848577439785
physics_guided_NN,10,350,2,321,0.0004077300424493539,0.056543461978435516
physics_guided_NN,10,350,2,322,0.0003896708318886037,0.056373048573732376
physics_guided_NN,10,350,2,323,0.00042257371387677267,0.056279946118593216
physics_guided_NN,10,350,2,324,0.0004394240240799263,0.05631273612380028
physics_guided_NN,10,350,2,325,0.000453854794614017,0.05638245493173599
physics_guided_NN,10,350,2,326,0.0004473497635141636,0.05649007856845856
physics_guided_NN,10,350,2,327,0.0003838512808821785,0.056172262877225876
physics_guided_NN,10,350,2,328,0.00036901193864954013,0.056556906551122665
physics_guided_NN,10,350,2,329,0.00041066236978319165,0.05626756325364113
physics_guided_NN,10,350,2,330,0.0003997597693038794,0.05609855055809021
physics_guided_NN,10,350,2,331,0.00038053785101510584,0.05634104460477829
physics_guided_NN,10,350,2,332,0.00036995365129162866,0.05631357431411743
physics_guided_NN,10,350,2,333,0.0003992111887782812,0.056334901601076126
physics_guided_NN,10,350,2,334,0.00036403229508626583,0.05652009695768356
physics_guided_NN,10,350,2,335,0.00037164985891043517,0.05621473863720894
physics_guided_NN,10,350,2,336,0.00040342111363618943,0.056472912430763245
physics_guided_NN,10,350,2,337,0.00041399656765861437,0.05635182186961174
standard_NN,10,350,3,1,1.0154389937718709,1.5425851345062256
standard_NN,10,350,3,2,0.9765790005524954,1.489580512046814
standard_NN,10,350,3,3,0.8956897556781769,1.4110053777694702
standard_NN,10,350,3,4,0.8008161385854086,1.3002123832702637
standard_NN,10,350,3,5,0.720341811577479,1.1678388118743896
standard_NN,10,350,3,6,0.5721015632152557,1.0332398414611816
standard_NN,10,350,3,7,0.47660688559214276,0.9203744530677795
standard_NN,10,350,3,8,0.38812535504500073,0.8274146318435669
standard_NN,10,350,3,9,0.3382982537150383,0.7710839509963989
standard_NN,10,350,3,10,0.2871934038897355,0.7515155076980591
standard_NN,10,350,3,11,0.2654413965841134,0.7348311543464661
standard_NN,10,350,3,12,0.25451404973864555,0.7152962684631348
standard_NN,10,350,3,13,0.2380117898186048,0.689223051071167
standard_NN,10,350,3,14,0.22151481360197067,0.6674960851669312
standard_NN,10,350,3,15,0.21336785331368446,0.6501188278198242
standard_NN,10,350,3,16,0.20019537955522537,0.634047269821167
standard_NN,10,350,3,17,0.19177791538337866,0.6225370764732361
standard_NN,10,350,3,18,0.20896354938546816,0.6069573760032654
standard_NN,10,350,3,19,0.17954748310148716,0.5930929183959961
standard_NN,10,350,3,20,0.17261868032316366,0.5782129764556885
standard_NN,10,350,3,21,0.16348316023747125,0.5752787590026855
standard_NN,10,350,3,22,0.15921136053899923,0.5695107579231262
standard_NN,10,350,3,23,0.15996148499349752,0.5625340342521667
standard_NN,10,350,3,24,0.15805735376973948,0.5562596321105957
standard_NN,10,350,3,25,0.14594090729951859,0.5494069457054138
standard_NN,10,350,3,26,0.15977453937133154,0.5439738631248474
standard_NN,10,350,3,27,0.14579165416459242,0.5311632752418518
standard_NN,10,350,3,28,0.15521577062706152,0.5362802743911743
standard_NN,10,350,3,29,0.16026116659243902,0.5243956446647644
standard_NN,10,350,3,30,0.12893902696669102,0.5239672660827637
standard_NN,10,350,3,31,0.13272986685236296,0.5159661769866943
standard_NN,10,350,3,32,0.1230750388155381,0.5160074234008789
standard_NN,10,350,3,33,0.11955079187949498,0.5101335048675537
standard_NN,10,350,3,34,0.11816740781068802,0.5062845349311829
standard_NN,10,350,3,35,0.11440716963261366,0.5014278292655945
standard_NN,10,350,3,36,0.12314635701477528,0.5029668211936951
standard_NN,10,350,3,37,0.10986607397596042,0.5009443759918213
standard_NN,10,350,3,38,0.10564140665034454,0.5028910636901855
standard_NN,10,350,3,39,0.10549642300854127,0.49636924266815186
standard_NN,10,350,3,40,0.1014616588751475,0.4923967123031616
standard_NN,10,350,3,41,0.09850823103139798,0.4922091066837311
standard_NN,10,350,3,42,0.0981523934751749,0.4875659644603729
standard_NN,10,350,3,43,0.09253050247207284,0.4862160384654999
standard_NN,10,350,3,44,0.09592863048116367,0.48073822259902954
standard_NN,10,350,3,45,0.09460498703022797,0.482832133769989
standard_NN,10,350,3,46,0.08987034857273102,0.47438138723373413
standard_NN,10,350,3,47,0.08669295503447454,0.48224374651908875
standard_NN,10,350,3,48,0.10402102333803971,0.47519704699516296
standard_NN,10,350,3,49,0.08387480489909649,0.47057458758354187
standard_NN,10,350,3,50,0.09806463650117318,0.4666559100151062
standard_NN,10,350,3,51,0.07600030303001404,0.4653596580028534
standard_NN,10,350,3,52,0.07562177597234647,0.4671197235584259
standard_NN,10,350,3,53,0.0750159074862798,0.4701101779937744
standard_NN,10,350,3,54,0.09394274031122525,0.46632084250450134
standard_NN,10,350,3,55,0.07305123253415029,0.4609223008155823
standard_NN,10,350,3,56,0.07164944273730119,0.4667104482650757
standard_NN,10,350,3,57,0.08108285814523697,0.46670106053352356
standard_NN,10,350,3,58,0.06777711647252242,0.46312054991722107
standard_NN,10,350,3,59,0.06386963495363791,0.4626680910587311
standard_NN,10,350,3,60,0.06917480969180663,0.4620284140110016
standard_NN,10,350,3,61,0.060845793380091585,0.4616020619869232
standard_NN,10,350,3,62,0.058383963691691555,0.45827946066856384
standard_NN,10,350,3,63,0.05703425034880638,0.4591763913631439
standard_NN,10,350,3,64,0.058252581395208836,0.4578017592430115
standard_NN,10,350,3,65,0.056597575545310974,0.4625948369503021
standard_NN,10,350,3,66,0.05541947732369105,0.45948275923728943
standard_NN,10,350,3,67,0.05028536325941483,0.46014127135276794
standard_NN,10,350,3,68,0.05861552463223537,0.4605345129966736
standard_NN,10,350,3,69,0.05231887008994818,0.4612049162387848
standard_NN,10,350,3,70,0.04961707380910715,0.4569352865219116
standard_NN,10,350,3,71,0.05177056152994434,0.4586308002471924
standard_NN,10,350,3,72,0.04950717091560364,0.4559013247489929
standard_NN,10,350,3,73,0.04358529997989535,0.4612979590892792
standard_NN,10,350,3,74,0.04670978399614493,0.45971059799194336
standard_NN,10,350,3,75,0.04767484993984302,0.4594830870628357
standard_NN,10,350,3,76,0.04132256656885147,0.4602185785770416
standard_NN,10,350,3,77,0.038864550879225135,0.46012842655181885
standard_NN,10,350,3,78,0.045333171573777996,0.45811527967453003
standard_NN,10,350,3,79,0.045096336863934994,0.46581435203552246
standard_NN,10,350,3,80,0.04000848795597752,0.4655689597129822
standard_NN,10,350,3,81,0.03920787665992975,0.47093749046325684
standard_NN,10,350,3,82,0.03854745471229156,0.4659874737262726
standard_NN,10,350,3,83,0.03684758534654975,0.4698309004306793
standard_NN,10,350,3,84,0.03521966778983673,0.4682682752609253
standard_NN,10,350,3,85,0.03177540423348546,0.46472927927970886
standard_NN,10,350,3,86,0.033323667322595917,0.4708883464336395
standard_NN,10,350,3,87,0.03406172447527448,0.4695623815059662
standard_NN,10,350,3,88,0.03162708164503177,0.47311273217201233
standard_NN,10,350,3,89,0.03218295145779848,0.4620117247104645
standard_NN,10,350,3,90,0.02742746938019991,0.4691671133041382
standard_NN,10,350,3,91,0.027486614882946014,0.4685879051685333
standard_NN,10,350,3,92,0.02714616929491361,0.47323140501976013
standard_NN,10,350,3,93,0.02520017985564967,0.4733376204967499
standard_NN,10,350,3,94,0.025525775582840044,0.4764302968978882
standard_NN,10,350,3,95,0.025389910054703552,0.4726075232028961
standard_NN,10,350,3,96,0.0252225985750556,0.4701477885246277
standard_NN,10,350,3,97,0.025958728821327288,0.47879859805107117
standard_NN,10,350,3,98,0.024476830226679642,0.47576284408569336
standard_NN,10,350,3,99,0.023912529771526653,0.47641611099243164
standard_NN,10,350,3,100,0.023458656544486683,0.47282135486602783
standard_NN,10,350,3,101,0.022011215177675087,0.477780282497406
standard_NN,10,350,3,102,0.02378045953810215,0.4773285984992981
standard_NN,10,350,3,103,0.020971572647492092,0.48086366057395935
standard_NN,10,350,3,104,0.020455562354375918,0.4781329333782196
standard_NN,10,350,3,105,0.02022398045907418,0.47871240973472595
standard_NN,10,350,3,106,0.0209986031986773,0.47904524207115173
standard_NN,10,350,3,107,0.019329652190208435,0.47812196612358093
standard_NN,10,350,3,108,0.02033740406235059,0.4833950102329254
standard_NN,10,350,3,109,0.022118632526447374,0.477905809879303
standard_NN,10,350,3,110,0.021331041119992733,0.48151105642318726
standard_NN,10,350,3,111,0.01906570264448722,0.47963184118270874
standard_NN,10,350,3,112,0.020451688983788092,0.48438698053359985
standard_NN,10,350,3,113,0.018755198844398063,0.48478201031684875
standard_NN,10,350,3,114,0.018799117145438988,0.4827956259250641
standard_NN,10,350,3,115,0.017961743753403425,0.4840230643749237
standard_NN,10,350,3,116,0.016837677763154108,0.47988221049308777
standard_NN,10,350,3,117,0.016545379146312673,0.48380109667778015
standard_NN,10,350,3,118,0.01928185097252329,0.48660269379615784
standard_NN,10,350,3,119,0.016252991898606222,0.48497363924980164
standard_NN,10,350,3,120,0.017125572077929974,0.48485052585601807
standard_NN,10,350,3,121,0.016095646657049656,0.4834992289543152
standard_NN,10,350,3,122,0.01507563159490625,0.4860488176345825
physics_guided_NN,10,350,3,1,1.014506886402766,1.5176081657409668
physics_guided_NN,10,350,3,2,0.9566034475962321,1.4404664039611816
physics_guided_NN,10,350,3,3,0.8428794344266256,1.3401672840118408
physics_guided_NN,10,350,3,4,0.7227217902739843,1.2059272527694702
physics_guided_NN,10,350,3,5,0.6404052178064982,1.0549148321151733
physics_guided_NN,10,350,3,6,0.46220450351635617,0.9349901080131531
physics_guided_NN,10,350,3,7,0.3827335387468338,0.8721928000450134
physics_guided_NN,10,350,3,8,0.3211487742761771,0.8304529786109924
physics_guided_NN,10,350,3,9,0.29458936924735707,0.7901363968849182
physics_guided_NN,10,350,3,10,0.26776433487733203,0.7583914995193481
physics_guided_NN,10,350,3,11,0.2500825673341751,0.7288634777069092
physics_guided_NN,10,350,3,12,0.23449784951905409,0.7002029418945312
physics_guided_NN,10,350,3,13,0.2183773269255956,0.6737315654754639
physics_guided_NN,10,350,3,14,0.20208558750649294,0.6441422700881958
physics_guided_NN,10,350,3,15,0.20207512378692627,0.6176221966743469
physics_guided_NN,10,350,3,16,0.17740189967056116,0.5862711668014526
physics_guided_NN,10,350,3,17,0.1623308757940928,0.5657476186752319
physics_guided_NN,10,350,3,18,0.1794919210175673,0.537665843963623
physics_guided_NN,10,350,3,19,0.14669529721140862,0.5165975689888
physics_guided_NN,10,350,3,20,0.1357619104286035,0.4934670031070709
physics_guided_NN,10,350,3,21,0.12488540634512901,0.47736701369285583
physics_guided_NN,10,350,3,22,0.11561977273474137,0.4639469385147095
physics_guided_NN,10,350,3,23,0.11057963253309329,0.4484911859035492
physics_guided_NN,10,350,3,24,0.10827862067768972,0.4358091950416565
physics_guided_NN,10,350,3,25,0.10267987598975499,0.42404064536094666
physics_guided_NN,10,350,3,26,0.10510245275994141,0.4138944149017334
physics_guided_NN,10,350,3,27,0.09255232165257136,0.4007164239883423
physics_guided_NN,10,350,3,28,0.09467102478568752,0.39703163504600525
physics_guided_NN,10,350,3,29,0.0969207373758157,0.37609753012657166
physics_guided_NN,10,350,3,30,0.07778722265114386,0.372056782245636
physics_guided_NN,10,350,3,31,0.07596762478351593,0.3631533086299896
physics_guided_NN,10,350,3,32,0.06531633607422312,0.3617163896560669
physics_guided_NN,10,350,3,33,0.06495919016500314,0.34625518321990967
physics_guided_NN,10,350,3,34,0.06390969641506672,0.3404811918735504
physics_guided_NN,10,350,3,35,0.05596513021737337,0.3359110355377197
physics_guided_NN,10,350,3,36,0.05698039258519808,0.3297639787197113
physics_guided_NN,10,350,3,37,0.05283156301205357,0.32113248109817505
physics_guided_NN,10,350,3,38,0.047181281726807356,0.3197888433933258
physics_guided_NN,10,350,3,39,0.042950106086209416,0.31449055671691895
physics_guided_NN,10,350,3,40,0.04166010767221451,0.30539244413375854
physics_guided_NN,10,350,3,41,0.04056277723672489,0.3005315363407135
physics_guided_NN,10,350,3,42,0.03567632722357909,0.30036818981170654
physics_guided_NN,10,350,3,43,0.034377203633387886,0.289497971534729
physics_guided_NN,10,350,3,44,0.032859945204108953,0.28952619433403015
physics_guided_NN,10,350,3,45,0.028339256532490253,0.2817952632904053
physics_guided_NN,10,350,3,46,0.027411253424361348,0.2782055735588074
physics_guided_NN,10,350,3,47,0.026873278586814802,0.275927871465683
physics_guided_NN,10,350,3,48,0.028532715514302254,0.2712744474411011
physics_guided_NN,10,350,3,49,0.02677964714045326,0.2669313848018646
physics_guided_NN,10,350,3,50,0.026687039993703365,0.2674461007118225
physics_guided_NN,10,350,3,51,0.020259912746647995,0.2644641697406769
physics_guided_NN,10,350,3,52,0.02080637977148096,0.2611778974533081
physics_guided_NN,10,350,3,53,0.017910975497215986,0.2602493166923523
physics_guided_NN,10,350,3,54,0.021119002408037584,0.25698256492614746
physics_guided_NN,10,350,3,55,0.016818198064963024,0.2531396150588989
physics_guided_NN,10,350,3,56,0.016994190867990255,0.25532832741737366
physics_guided_NN,10,350,3,57,0.01647716403628389,0.2530917227268219
physics_guided_NN,10,350,3,58,0.013457028505702814,0.24793928861618042
physics_guided_NN,10,350,3,59,0.012974528751025597,0.2463247925043106
physics_guided_NN,10,350,3,60,0.011500833090394735,0.24388597905635834
physics_guided_NN,10,350,3,61,0.011137868743389845,0.24447086453437805
physics_guided_NN,10,350,3,62,0.010014137485995889,0.2433343082666397
physics_guided_NN,10,350,3,63,0.010378233545149365,0.24066241085529327
physics_guided_NN,10,350,3,64,0.009267421827341119,0.2421378642320633
physics_guided_NN,10,350,3,65,0.008570109067174295,0.23981645703315735
physics_guided_NN,10,350,3,66,0.008025499371190866,0.238716259598732
physics_guided_NN,10,350,3,67,0.008383377144734064,0.2392873764038086
physics_guided_NN,10,350,3,68,0.00805210011700789,0.23906737565994263
physics_guided_NN,10,350,3,69,0.00940018023053805,0.24241778254508972
physics_guided_NN,10,350,3,70,0.008410518523305655,0.2359357625246048
physics_guided_NN,10,350,3,71,0.007890929079925021,0.23499064147472382
physics_guided_NN,10,350,3,72,0.007771024790902932,0.23855186998844147
physics_guided_NN,10,350,3,73,0.006411183004577954,0.23420849442481995
physics_guided_NN,10,350,3,74,0.006576239985103409,0.23493966460227966
physics_guided_NN,10,350,3,75,0.006669752765446901,0.23635917901992798
physics_guided_NN,10,350,3,76,0.006349402557437618,0.23456960916519165
physics_guided_NN,10,350,3,77,0.006125093554146588,0.23352748155593872
physics_guided_NN,10,350,3,78,0.005598401029904683,0.23332056403160095
physics_guided_NN,10,350,3,79,0.00609008758328855,0.23155422508716583
physics_guided_NN,10,350,3,80,0.0054802057178070145,0.23269054293632507
physics_guided_NN,10,350,3,81,0.0051466036432733136,0.23357899487018585
physics_guided_NN,10,350,3,82,0.0047902174992486835,0.23221275210380554
physics_guided_NN,10,350,3,83,0.005432649282738566,0.23110425472259521
physics_guided_NN,10,350,3,84,0.005494488597226639,0.234098419547081
physics_guided_NN,10,350,3,85,0.005421497703840335,0.2347572147846222
physics_guided_NN,10,350,3,86,0.005727918818593025,0.23227734863758087
physics_guided_NN,10,350,3,87,0.004744333525498708,0.23173092305660248
physics_guided_NN,10,350,3,88,0.004314584502329429,0.2327086329460144
physics_guided_NN,10,350,3,89,0.004450187203474343,0.23246408998966217
physics_guided_NN,10,350,3,90,0.004000290180556476,0.23151279985904694
physics_guided_NN,10,350,3,91,0.003999716408240299,0.23263761401176453
physics_guided_NN,10,350,3,92,0.004079703590832651,0.23072949051856995
physics_guided_NN,10,350,3,93,0.003842993678214649,0.23138441145420074
physics_guided_NN,10,350,3,94,0.004049572201135258,0.23045317828655243
physics_guided_NN,10,350,3,95,0.004192755790427327,0.23134543001651764
physics_guided_NN,10,350,3,96,0.004346347219931583,0.23171381652355194
physics_guided_NN,10,350,3,97,0.004087644629180431,0.23043221235275269
physics_guided_NN,10,350,3,98,0.0040891499957069755,0.2313365638256073
physics_guided_NN,10,350,3,99,0.0039829600136727095,0.23272410035133362
physics_guided_NN,10,350,3,100,0.00379623177771767,0.2314695566892624
physics_guided_NN,10,350,3,101,0.0033707354062547288,0.23050399124622345
physics_guided_NN,10,350,3,102,0.003398283889206747,0.23098711669445038
physics_guided_NN,10,350,3,103,0.003340354460912446,0.2305797040462494
physics_guided_NN,10,350,3,104,0.003185952276301881,0.22979819774627686
physics_guided_NN,10,350,3,105,0.003525651836146911,0.2304399162530899
physics_guided_NN,10,350,3,106,0.0030628601477170983,0.23089949786663055
physics_guided_NN,10,350,3,107,0.003304542818417152,0.23032620549201965
physics_guided_NN,10,350,3,108,0.0029670416455095014,0.230477973818779
physics_guided_NN,10,350,3,109,0.002999480173457414,0.22990386188030243
physics_guided_NN,10,350,3,110,0.0029446495270046094,0.2303195595741272
physics_guided_NN,10,350,3,111,0.002935473380299906,0.23098953068256378
physics_guided_NN,10,350,3,112,0.0028884181131919227,0.23081958293914795
physics_guided_NN,10,350,3,113,0.002754399126085142,0.2309211641550064
physics_guided_NN,10,350,3,114,0.002722612194096049,0.23052330315113068
physics_guided_NN,10,350,3,115,0.002833088452462107,0.2310464084148407
physics_guided_NN,10,350,3,116,0.0027751541153217354,0.2306065559387207
physics_guided_NN,10,350,3,117,0.002677782361085216,0.23027582466602325
physics_guided_NN,10,350,3,118,0.0028302186401560903,0.23033557832241058
physics_guided_NN,10,350,3,119,0.0028626330313272774,0.23040543496608734
physics_guided_NN,10,350,3,120,0.0029727540289362273,0.23014697432518005
physics_guided_NN,10,350,3,121,0.0026814117057559392,0.23212644457817078
physics_guided_NN,10,350,3,122,0.0026947802398353815,0.23082394897937775
physics_guided_NN,10,350,3,123,0.002611434417000661,0.22923994064331055
physics_guided_NN,10,350,3,124,0.0026447211275808513,0.23004913330078125
physics_guided_NN,10,350,3,125,0.0025569802771011987,0.2316516935825348
physics_guided_NN,10,350,3,126,0.002437796851154417,0.22966425120830536
physics_guided_NN,10,350,3,127,0.002314168009130905,0.22928600013256073
physics_guided_NN,10,350,3,128,0.0023308381205424666,0.22974558174610138
physics_guided_NN,10,350,3,129,0.002250744573151072,0.23028995096683502
physics_guided_NN,10,350,3,130,0.002238602590902398,0.23041951656341553
physics_guided_NN,10,350,3,131,0.0023726469565493367,0.22981224954128265
physics_guided_NN,10,350,3,132,0.0024301045147391656,0.22989757359027863
physics_guided_NN,10,350,3,133,0.002128212305251509,0.2291036993265152
physics_guided_NN,10,350,3,134,0.002141519139210383,0.23009811341762543
physics_guided_NN,10,350,3,135,0.0022732271269584694,0.22951708734035492
physics_guided_NN,10,350,3,136,0.0021361518496026597,0.22917824983596802
physics_guided_NN,10,350,3,137,0.002090505169083675,0.22993364930152893
physics_guided_NN,10,350,3,138,0.0019702884213378033,0.2298216074705124
physics_guided_NN,10,350,3,139,0.0020061530910121896,0.23028618097305298
physics_guided_NN,10,350,3,140,0.002076192661964645,0.22903241217136383
physics_guided_NN,10,350,3,141,0.001992488590379556,0.2289227396249771
physics_guided_NN,10,350,3,142,0.0020786121798058352,0.22917596995830536
physics_guided_NN,10,350,3,143,0.0021783621632494032,0.22843462228775024
physics_guided_NN,10,350,3,144,0.0019706087574983635,0.22750887274742126
physics_guided_NN,10,350,3,145,0.002107847268537929,0.22848008573055267
physics_guided_NN,10,350,3,146,0.001970722631085664,0.22892388701438904
physics_guided_NN,10,350,3,147,0.0018258703057654202,0.2287215143442154
physics_guided_NN,10,350,3,148,0.0019864380010403693,0.2275434285402298
physics_guided_NN,10,350,3,149,0.0019591593105966845,0.22825084626674652
physics_guided_NN,10,350,3,150,0.0019656760268844664,0.2286539226770401
physics_guided_NN,10,350,3,151,0.0018338893035737176,0.22856363654136658
physics_guided_NN,10,350,3,152,0.0017455355652297537,0.2281177043914795
physics_guided_NN,10,350,3,153,0.0018387955885070066,0.2283620536327362
physics_guided_NN,10,350,3,154,0.001758842864849915,0.22760109603405
physics_guided_NN,10,350,3,155,0.0017677972015614312,0.22751541435718536
physics_guided_NN,10,350,3,156,0.0017253264668397605,0.22868837416172028
physics_guided_NN,10,350,3,157,0.0016647916054353118,0.22876541316509247
physics_guided_NN,10,350,3,158,0.0017081398400478065,0.2282225787639618
physics_guided_NN,10,350,3,159,0.0016536851762793958,0.22860698401927948
physics_guided_NN,10,350,3,160,0.001548797357827425,0.22773060202598572
physics_guided_NN,10,350,3,161,0.0015485248101564746,0.22825931012630463
physics_guided_NN,10,350,3,162,0.0016175401591074963,0.2274802178144455
physics_guided_NN,10,350,3,163,0.0016093223239295185,0.2270427942276001
physics_guided_NN,10,350,3,164,0.00161570308652396,0.22663943469524384
physics_guided_NN,10,350,3,165,0.0016647828742861748,0.22837863862514496
physics_guided_NN,10,350,3,166,0.001575369950539122,0.22860096395015717
physics_guided_NN,10,350,3,167,0.0016023866677035887,0.22866329550743103
physics_guided_NN,10,350,3,168,0.0015618411707691848,0.22707241773605347
physics_guided_NN,10,350,3,169,0.0014658306414882343,0.2272680699825287
physics_guided_NN,10,350,3,170,0.0015064123241851728,0.2279486507177353
physics_guided_NN,10,350,3,171,0.0014642019329282145,0.2284570336341858
physics_guided_NN,10,350,3,172,0.0014315027898798387,0.2279343605041504
physics_guided_NN,10,350,3,173,0.0014677476525927584,0.2273949384689331
physics_guided_NN,10,350,3,174,0.0015161770473544796,0.22767168283462524
physics_guided_NN,10,350,3,175,0.0015060424436038982,0.22729012370109558
physics_guided_NN,10,350,3,176,0.0014614446360307436,0.22609688341617584
physics_guided_NN,10,350,3,177,0.0014237852301448584,0.22691136598587036
physics_guided_NN,10,350,3,178,0.0015183172169296693,0.22876951098442078
physics_guided_NN,10,350,3,179,0.0012556492098762344,0.22787144780158997
physics_guided_NN,10,350,3,180,0.001393820159137249,0.22579586505889893
physics_guided_NN,10,350,3,181,0.0013702825041643034,0.22509519755840302
physics_guided_NN,10,350,3,182,0.001408468165512507,0.22600264847278595
physics_guided_NN,10,350,3,183,0.0013318914376820128,0.22667990624904633
physics_guided_NN,10,350,3,184,0.001358840304116408,0.2282436490058899
physics_guided_NN,10,350,3,185,0.0014312613445023696,0.22724218666553497
physics_guided_NN,10,350,3,186,0.0013843028573319316,0.22781983017921448
physics_guided_NN,10,350,3,187,0.0012518484339428444,0.22587093710899353
physics_guided_NN,10,350,3,188,0.0012904086421864729,0.2265341579914093
physics_guided_NN,10,350,3,189,0.0012229818482107173,0.22588418424129486
physics_guided_NN,10,350,3,190,0.0012324133810276787,0.2262679785490036
physics_guided_NN,10,350,3,191,0.001224027791370948,0.22578032314777374
physics_guided_NN,10,350,3,192,0.0012456592133579154,0.2260814607143402
physics_guided_NN,10,350,3,193,0.0011204061447642744,0.22507894039154053
physics_guided_NN,10,350,3,194,0.0011213700054213405,0.22738537192344666
physics_guided_NN,10,350,3,195,0.0011204976181033999,0.22744973003864288
physics_guided_NN,10,350,3,196,0.0010999915442274262,0.22648224234580994
physics_guided_NN,10,350,3,197,0.001088342066699018,0.2261984944343567
physics_guided_NN,10,350,3,198,0.0010826416158427794,0.22556021809577942
physics_guided_NN,10,350,3,199,0.0010990472607469808,0.2264946699142456
physics_guided_NN,10,350,3,200,0.0010585677713000525,0.22509968280792236
physics_guided_NN,10,350,3,201,0.0010542436308848362,0.22527329623699188
physics_guided_NN,10,350,3,202,0.0010107942022538434,0.22487547993659973
physics_guided_NN,10,350,3,203,0.0011154827564799537,0.22501829266548157
physics_guided_NN,10,350,3,204,0.0010063595254905522,0.22590839862823486
physics_guided_NN,10,350,3,205,0.0010362274188082665,0.22564426064491272
physics_guided_NN,10,350,3,206,0.001133489179968213,0.22578759491443634
physics_guided_NN,10,350,3,207,0.001087702965984742,0.22604748606681824
physics_guided_NN,10,350,3,208,0.0010464385074252884,0.22504977881908417
physics_guided_NN,10,350,3,209,0.0009520079183857888,0.22614289820194244
physics_guided_NN,10,350,3,210,0.0009686582974003007,0.2260093092918396
physics_guided_NN,10,350,3,211,0.0010096683593777318,0.2258789837360382
physics_guided_NN,10,350,3,212,0.0009544475566751013,0.225654736161232
physics_guided_NN,10,350,3,213,0.0009234070700282851,0.22558574378490448
physics_guided_NN,10,350,3,214,0.000951766511813427,0.22458519041538239
physics_guided_NN,10,350,3,215,0.0008998589182738215,0.22439591586589813
physics_guided_NN,10,350,3,216,0.000977023921829338,0.22391974925994873
physics_guided_NN,10,350,3,217,0.0009871550234189879,0.22504466772079468
physics_guided_NN,10,350,3,218,0.0009674185130279511,0.22278594970703125
physics_guided_NN,10,350,3,219,0.0008935001193700979,0.22595657408237457
physics_guided_NN,10,350,3,220,0.0009571279030448446,0.2256181687116623
physics_guided_NN,10,350,3,221,0.001006681772802646,0.22605665028095245
physics_guided_NN,10,350,3,222,0.000976990219593669,0.22486886382102966
physics_guided_NN,10,350,3,223,0.0008904746597787986,0.22547557950019836
physics_guided_NN,10,350,3,224,0.0009050803200807422,0.22466237843036652
physics_guided_NN,10,350,3,225,0.0008959998279654732,0.22512215375900269
physics_guided_NN,10,350,3,226,0.0009374046348966658,0.22663116455078125
physics_guided_NN,10,350,3,227,0.0010410320052566628,0.22515791654586792
physics_guided_NN,10,350,3,228,0.000938853210148712,0.22506123781204224
physics_guided_NN,10,350,3,229,0.0008983793280397853,0.22467342019081116
physics_guided_NN,10,350,3,230,0.0008853372128214687,0.22506727278232574
physics_guided_NN,10,350,3,231,0.0008057628874666989,0.22419942915439606
physics_guided_NN,10,350,3,232,0.0007861557241994888,0.22406738996505737
physics_guided_NN,10,350,3,233,0.0007863039888131121,0.22462782263755798
physics_guided_NN,10,350,3,234,0.0008206930942833424,0.22393962740898132
physics_guided_NN,10,350,3,235,0.0008812092516260842,0.22342656552791595
physics_guided_NN,10,350,3,236,0.0009496553102508187,0.22504696249961853
physics_guided_NN,10,350,3,237,0.0009119624834662924,0.22433267533779144
physics_guided_NN,10,350,3,238,0.0008085224544629455,0.2253720909357071
physics_guided_NN,10,350,3,239,0.000783830318444719,0.2242451161146164
physics_guided_NN,10,350,3,240,0.0007580452365800738,0.22491370141506195
physics_guided_NN,10,350,3,241,0.0007755966604842494,0.22407381236553192
physics_guided_NN,10,350,3,242,0.0007865773707938691,0.2241470068693161
physics_guided_NN,10,350,3,243,0.0007480234877827266,0.22315482795238495
physics_guided_NN,10,350,3,244,0.000771429001664122,0.2245469093322754
physics_guided_NN,10,350,3,245,0.0008078898439028611,0.22379298508167267
physics_guided_NN,10,350,3,246,0.0007777098702111592,0.22379258275032043
physics_guided_NN,10,350,3,247,0.0008131244394462556,0.223695307970047
physics_guided_NN,10,350,3,248,0.0008323089762901267,0.22309179604053497
physics_guided_NN,10,350,3,249,0.0007244696607813239,0.22423848509788513
physics_guided_NN,10,350,3,250,0.0007659083833762755,0.22406530380249023
physics_guided_NN,10,350,3,251,0.0007168046043564876,0.2239006757736206
physics_guided_NN,10,350,3,252,0.0006558303236185262,0.22457526624202728
physics_guided_NN,10,350,3,253,0.0006829168705735356,0.2228604257106781
physics_guided_NN,10,350,3,254,0.0006995247191904733,0.22401271760463715
physics_guided_NN,10,350,3,255,0.0006704558036290109,0.2236257940530777
physics_guided_NN,10,350,3,256,0.0006478321738541126,0.2237652838230133
physics_guided_NN,10,350,3,257,0.0007027445681160316,0.22377847135066986
physics_guided_NN,10,350,3,258,0.0007029261614661664,0.22371332347393036
physics_guided_NN,10,350,3,259,0.0006862262477322171,0.22375009953975677
physics_guided_NN,10,350,3,260,0.0007037162916579595,0.22347722947597504
physics_guided_NN,10,350,3,261,0.0006236055730065951,0.22336895763874054
physics_guided_NN,10,350,3,262,0.0006554563490984341,0.22318394482135773
physics_guided_NN,10,350,3,263,0.0006220672221388668,0.22300314903259277
physics_guided_NN,10,350,3,264,0.0006588492930556337,0.22271300852298737
physics_guided_NN,10,350,3,265,0.0006190100781774769,0.22361277043819427
physics_guided_NN,10,350,3,266,0.0006123673374531791,0.22274580597877502
physics_guided_NN,10,350,3,267,0.0006552267683825145,0.22294452786445618
physics_guided_NN,10,350,3,268,0.000685832288581878,0.22197376191616058
physics_guided_NN,10,350,3,269,0.0006830451893620193,0.22375096380710602
physics_guided_NN,10,350,3,270,0.0006665693460187564,0.2243223786354065
physics_guided_NN,10,350,3,271,0.0006772722796692202,0.2228367179632187
physics_guided_NN,10,350,3,272,0.0006419845837323616,0.22398267686367035
physics_guided_NN,10,350,3,273,0.0005913875793339685,0.22343404591083527
physics_guided_NN,10,350,3,274,0.0005369604914449155,0.22434358298778534
physics_guided_NN,10,350,3,275,0.0006000852299621329,0.22292068600654602
physics_guided_NN,10,350,3,276,0.0005864244691717128,0.22360046207904816
physics_guided_NN,10,350,3,277,0.000606276880716905,0.22345347702503204
physics_guided_NN,10,350,3,278,0.0006149971256187806,0.2229049950838089
physics_guided_NN,10,350,3,279,0.0005914764672828218,0.2242080569267273
physics_guided_NN,10,350,3,280,0.0005806350479057679,0.22298364341259003
physics_guided_NN,10,350,3,281,0.0005996318650431931,0.22359329462051392
physics_guided_NN,10,350,3,282,0.0005624710029223934,0.22325024008750916
physics_guided_NN,10,350,3,283,0.0005566472342858712,0.22278518974781036
physics_guided_NN,10,350,3,284,0.0005319304327713326,0.2228425145149231
physics_guided_NN,10,350,3,285,0.0005706938197060177,0.2223714143037796
physics_guided_NN,10,350,3,286,0.0005717732225699971,0.22237512469291687
physics_guided_NN,10,350,3,287,0.0005368527878696719,0.22302661836147308
physics_guided_NN,10,350,3,288,0.0005462598395145809,0.22287839651107788
physics_guided_NN,10,350,3,289,0.0005670109239872545,0.2227703481912613
physics_guided_NN,10,350,3,290,0.0005491202706859136,0.22312429547309875
physics_guided_NN,10,350,3,291,0.0005249489186098799,0.22370979189872742
physics_guided_NN,10,350,3,292,0.0005584561004070565,0.22436514496803284
physics_guided_NN,10,350,3,293,0.0005863977421540767,0.22331643104553223
physics_guided_NN,10,350,3,294,0.0005809243157273158,0.2241727113723755
physics_guided_NN,10,350,3,295,0.0005554631449437389,0.2234390377998352
physics_guided_NN,10,350,3,296,0.0005773920759869119,0.2229076623916626
physics_guided_NN,10,350,3,297,0.0006175049250790229,0.22210563719272614
physics_guided_NN,10,350,3,298,0.0005687510759647315,0.22262753546237946
physics_guided_NN,10,350,3,299,0.0005491872094959641,0.22250501811504364
physics_guided_NN,10,350,3,300,0.000524570292327553,0.222299724817276
physics_guided_NN,10,350,3,301,0.0005069325513128812,0.2230186015367508
physics_guided_NN,10,350,3,302,0.00045535858953371644,0.2222030758857727
physics_guided_NN,10,350,3,303,0.0004941574249338979,0.22210431098937988
physics_guided_NN,10,350,3,304,0.0004898996169989308,0.22255486249923706
physics_guided_NN,10,350,3,305,0.0005081462683544183,0.2220255434513092
physics_guided_NN,10,350,3,306,0.0005264295177767053,0.22221024334430695
physics_guided_NN,10,350,3,307,0.0005372715774380291,0.22264038026332855
physics_guided_NN,10,350,3,308,0.00049313928563303,0.22229062020778656
physics_guided_NN,10,350,3,309,0.0005373853540125614,0.22242698073387146
physics_guided_NN,10,350,3,310,0.0005233747215243056,0.2243373692035675
physics_guided_NN,10,350,3,311,0.0005941675626672804,0.2248256355524063
physics_guided_NN,10,350,3,312,0.0006406741983179624,0.22260235249996185
physics_guided_NN,10,350,3,313,0.000606497512004959,0.22251930832862854
physics_guided_NN,10,350,3,314,0.0006329043438502898,0.22163736820220947
physics_guided_NN,10,350,3,315,0.0005223682431581741,0.22347670793533325
physics_guided_NN,10,350,3,316,0.0005215110334878167,0.22323977947235107
physics_guided_NN,10,350,3,317,0.0005368127604015172,0.22309619188308716
physics_guided_NN,10,350,3,318,0.0004686721901331718,0.22329393029212952
physics_guided_NN,10,350,3,319,0.0004828750922267015,0.2217334806919098
physics_guided_NN,10,350,3,320,0.00046010575897525996,0.22383013367652893
physics_guided_NN,10,350,3,321,0.00046979060183123994,0.22191737592220306
physics_guided_NN,10,350,3,322,0.00042662892762261134,0.22284115850925446
physics_guided_NN,10,350,3,323,0.00047559335265153396,0.22301846742630005
physics_guided_NN,10,350,3,324,0.0004276596640314286,0.22265662252902985
physics_guided_NN,10,350,3,325,0.0004593182917839537,0.22194263339042664
physics_guided_NN,10,350,3,326,0.0004505613275493185,0.22161991894245148
physics_guided_NN,10,350,3,327,0.00046039863082114607,0.22247974574565887
physics_guided_NN,10,350,3,328,0.0004484619712457061,0.22343476116657257
physics_guided_NN,10,350,3,329,0.0004931744382095834,0.22258247435092926
physics_guided_NN,10,350,3,330,0.00047847859968896955,0.2228567898273468
physics_guided_NN,10,350,3,331,0.0004748784170563643,0.22239473462104797
physics_guided_NN,10,350,3,332,0.00043915939265086007,0.2224389612674713
physics_guided_NN,10,350,3,333,0.0004071185733967771,0.22117629647254944
physics_guided_NN,10,350,3,334,0.0004049360189431657,0.22202527523040771
physics_guided_NN,10,350,3,335,0.00041049761542429525,0.22164589166641235
physics_guided_NN,10,350,3,336,0.0004248589151150857,0.22235094010829926
physics_guided_NN,10,350,3,337,0.00040141008988333243,0.22144679725170135
physics_guided_NN,10,350,3,338,0.0004193372248361508,0.22179874777793884
physics_guided_NN,10,350,3,339,0.0004494872409850359,0.2212568074464798
physics_guided_NN,10,350,3,340,0.0004461810118906821,0.22247181832790375
physics_guided_NN,10,350,3,341,0.0004558698759259035,0.22211620211601257
physics_guided_NN,10,350,3,342,0.0004789688925181205,0.22251743078231812
physics_guided_NN,10,350,3,343,0.0004304460938631867,0.2213093787431717
physics_guided_NN,10,350,3,344,0.00037781429030777264,0.2214312106370926
physics_guided_NN,10,350,3,345,0.0004159431725080746,0.2215951830148697
physics_guided_NN,10,350,3,346,0.0004078439766696344,0.22208218276500702
physics_guided_NN,10,350,3,347,0.0003807421987100194,0.22224774956703186
physics_guided_NN,10,350,3,348,0.00039466589320606243,0.22211231291294098
physics_guided_NN,10,350,3,349,0.0003842392082636555,0.221596822142601
physics_guided_NN,10,350,3,350,0.0003843273346622785,0.22128839790821075
physics_guided_NN,10,350,3,351,0.0004190561060871308,0.22251863777637482
physics_guided_NN,10,350,3,352,0.0004444607572319607,0.2208237648010254
physics_guided_NN,10,350,3,353,0.0004344260087236762,0.22153042256832123
physics_guided_NN,10,350,3,354,0.0003986916708527133,0.2215164601802826
physics_guided_NN,10,350,3,355,0.0004055475049729769,0.22112205624580383
physics_guided_NN,10,350,3,356,0.00039482868063108373,0.22170390188694
physics_guided_NN,10,350,3,357,0.0004007670941064134,0.22259172797203064
physics_guided_NN,10,350,3,358,0.00043062692081245285,0.2200571894645691
physics_guided_NN,10,350,3,359,0.0004112392198294401,0.22180083394050598
physics_guided_NN,10,350,3,360,0.0003754834906430915,0.2218780517578125
physics_guided_NN,10,350,3,361,0.00039108483664070565,0.22127752006053925
physics_guided_NN,10,350,3,362,0.00036882119699536514,0.22134150564670563
physics_guided_NN,10,350,3,363,0.0003847252276803677,0.22178572416305542
physics_guided_NN,10,350,3,364,0.00037098284034679335,0.22100630402565002
physics_guided_NN,10,350,3,365,0.00033258298208238557,0.22156426310539246
physics_guided_NN,10,350,3,366,0.0003466984877983729,0.22071269154548645
physics_guided_NN,10,350,3,367,0.00032726914893525344,0.2212427854537964
physics_guided_NN,10,350,3,368,0.00034280226585300017,0.22071081399917603
physics_guided_NN,10,350,3,369,0.0003377306929905899,0.22075428068637848
physics_guided_NN,10,350,3,370,0.0003436745804113646,0.22155149281024933
physics_guided_NN,10,350,3,371,0.00033263447645974037,0.22083371877670288
physics_guided_NN,10,350,3,372,0.00033485208162649843,0.22041025757789612
physics_guided_NN,10,350,3,373,0.00031658013176638633,0.22137939929962158
physics_guided_NN,10,350,3,374,0.00032126011259000126,0.22115448117256165
physics_guided_NN,10,350,3,375,0.0003258829262146416,0.22121667861938477
physics_guided_NN,10,350,3,376,0.00032428294313528266,0.2211315631866455
physics_guided_NN,10,350,3,377,0.0003378493444567236,0.22132273018360138
physics_guided_NN,10,350,3,378,0.00033691284867624444,0.2206384241580963
physics_guided_NN,10,350,3,379,0.00032768644935761887,0.22101058065891266
physics_guided_NN,10,350,3,380,0.00032818095011559006,0.22198684513568878
physics_guided_NN,10,350,3,381,0.0003185898143177231,0.22061359882354736
physics_guided_NN,10,350,3,382,0.00033274580831251416,0.22083772718906403
physics_guided_NN,10,350,3,383,0.00033612025921077776,0.22088894248008728
physics_guided_NN,10,350,3,384,0.0003746820390612508,0.22091667354106903
physics_guided_NN,10,350,3,385,0.00036042017018189654,0.22178974747657776
physics_guided_NN,10,350,3,386,0.00032848551927600056,0.22081097960472107
physics_guided_NN,10,350,3,387,0.0003249644335786191,0.22059111297130585
physics_guided_NN,10,350,3,388,0.0003203230759633395,0.2205047458410263
physics_guided_NN,10,350,3,389,0.0003323786756178985,0.2208644598722458
physics_guided_NN,10,350,3,390,0.0003340611874591559,0.220885768532753
physics_guided_NN,10,350,3,391,0.00032821358036017045,0.22139911353588104
physics_guided_NN,10,350,3,392,0.000317038187252668,0.2203170508146286
physics_guided_NN,10,350,3,393,0.0003482966421870515,0.2212056815624237
physics_guided_NN,10,350,3,394,0.000322564830033419,0.22150714695453644
physics_guided_NN,10,350,3,395,0.00032882295636227354,0.22081151604652405
physics_guided_NN,10,350,3,396,0.0002952020295197144,0.22085265815258026
physics_guided_NN,10,350,3,397,0.00030447285098489374,0.2202109843492508
physics_guided_NN,10,350,3,398,0.00031149771287649247,0.2209683358669281
physics_guided_NN,10,350,3,399,0.0002787557289896843,0.22065384685993195
physics_guided_NN,10,350,3,400,0.00029919163353042677,0.22146674990653992
physics_guided_NN,10,350,3,401,0.00030808794205465045,0.2206123173236847
physics_guided_NN,10,350,3,402,0.0003011365018513364,0.22079510986804962
physics_guided_NN,10,350,3,403,0.00029268783206741017,0.2204749584197998
physics_guided_NN,10,350,3,404,0.0002660512982401997,0.2204614132642746
physics_guided_NN,10,350,3,405,0.0002854475872785163,0.22105801105499268
physics_guided_NN,10,350,3,406,0.0002880141085673434,0.22059237957000732
physics_guided_NN,10,350,3,407,0.0003032702419053142,0.22048050165176392
physics_guided_NN,10,350,3,408,0.000303509586956352,0.2201165407896042
standard_NN,25,875,1,1,0.9544177161795753,0.9482903480529785
standard_NN,25,875,1,2,0.8237935049193246,0.7266328930854797
standard_NN,25,875,1,3,0.5187439141528947,0.48452749848365784
standard_NN,25,875,1,4,0.364362681550639,0.4243389368057251
standard_NN,25,875,1,5,0.31262280685561045,0.38338690996170044
standard_NN,25,875,1,6,0.2817495640899454,0.34988701343536377
standard_NN,25,875,1,7,0.256239681903805,0.32667046785354614
standard_NN,25,875,1,8,0.24702364312750952,0.3104300796985626
standard_NN,25,875,1,9,0.2261185688631875,0.29620733857154846
standard_NN,25,875,1,10,0.22356618594910418,0.2893768548965454
standard_NN,25,875,1,11,0.20627331174910069,0.27451059222221375
standard_NN,25,875,1,12,0.19451633175568922,0.26558032631874084
standard_NN,25,875,1,13,0.1849320935351508,0.2607877254486084
standard_NN,25,875,1,14,0.198423352890781,0.25495263934135437
standard_NN,25,875,1,15,0.18356192404670374,0.24748486280441284
standard_NN,25,875,1,16,0.1755339258483478,0.24231432378292084
standard_NN,25,875,1,17,0.1633816920220852,0.2358180582523346
standard_NN,25,875,1,18,0.16169886929648264,0.23335714638233185
standard_NN,25,875,1,19,0.15548959573996918,0.23269905149936676
standard_NN,25,875,1,20,0.1538949135158743,0.2269493192434311
standard_NN,25,875,1,21,0.1482027689261096,0.2219870686531067
standard_NN,25,875,1,22,0.14357662400496857,0.2176371067762375
standard_NN,25,875,1,23,0.14192884149295942,0.2166653424501419
standard_NN,25,875,1,24,0.14967901645494358,0.21883438527584076
standard_NN,25,875,1,25,0.14089768300099031,0.2154013067483902
standard_NN,25,875,1,26,0.13318982334541424,0.2204059213399887
standard_NN,25,875,1,27,0.1293859469837376,0.2092519849538803
standard_NN,25,875,1,28,0.13425360300711223,0.21028336882591248
standard_NN,25,875,1,29,0.12307849872325148,0.20491424202919006
standard_NN,25,875,1,30,0.12765995532806432,0.20622676610946655
standard_NN,25,875,1,31,0.12366929490651403,0.21629060804843903
standard_NN,25,875,1,32,0.1186544658350093,0.20419424772262573
standard_NN,25,875,1,33,0.11376429003264223,0.21048423647880554
standard_NN,25,875,1,34,0.11063661719007152,0.19919276237487793
standard_NN,25,875,1,35,0.1064602215109127,0.2036154717206955
standard_NN,25,875,1,36,0.10998444259166718,0.19870638847351074
standard_NN,25,875,1,37,0.10844921453722886,0.21630559861660004
standard_NN,25,875,1,38,0.1085212840033429,0.2082470804452896
standard_NN,25,875,1,39,0.10334089611257825,0.20199979841709137
standard_NN,25,875,1,40,0.1011210505717567,0.20910295844078064
standard_NN,25,875,1,41,0.10088716400787234,0.1968017816543579
standard_NN,25,875,1,42,0.09091041077460561,0.19453519582748413
standard_NN,25,875,1,43,0.09588063534881387,0.20052263140678406
standard_NN,25,875,1,44,0.09447624960115977,0.19623133540153503
standard_NN,25,875,1,45,0.09083507309800812,0.1941933035850525
standard_NN,25,875,1,46,0.08264373136418206,0.19814899563789368
standard_NN,25,875,1,47,0.0820250508508512,0.191797137260437
standard_NN,25,875,1,48,0.08002194575965405,0.1944902241230011
standard_NN,25,875,1,49,0.07535016350448132,0.19124829769134521
standard_NN,25,875,1,50,0.0729552326457841,0.19368694722652435
standard_NN,25,875,1,51,0.07128768520695823,0.19854412972927094
standard_NN,25,875,1,52,0.07135621604642697,0.19258201122283936
standard_NN,25,875,1,53,0.06661386575017657,0.193146750330925
standard_NN,25,875,1,54,0.06681682595184871,0.19425368309020996
standard_NN,25,875,1,55,0.06652853411755391,0.19494587182998657
standard_NN,25,875,1,56,0.06786912253924779,0.1988295167684555
standard_NN,25,875,1,57,0.06328319359038558,0.19521883130073547
standard_NN,25,875,1,58,0.059440430120698044,0.19679668545722961
standard_NN,25,875,1,59,0.05721785008375134,0.19119782745838165
standard_NN,25,875,1,60,0.05533454354320254,0.19289599359035492
standard_NN,25,875,1,61,0.05566519093034523,0.1976640820503235
standard_NN,25,875,1,62,0.05486098490655422,0.1952223777770996
standard_NN,25,875,1,63,0.05102028697729111,0.192682683467865
standard_NN,25,875,1,64,0.05024067272565195,0.19442817568778992
standard_NN,25,875,1,65,0.04899737638022218,0.19648423790931702
standard_NN,25,875,1,66,0.048633930805538385,0.19752654433250427
standard_NN,25,875,1,67,0.04552879557013512,0.1981378197669983
standard_NN,25,875,1,68,0.047786422073841095,0.19980426132678986
standard_NN,25,875,1,69,0.044375172816216946,0.19887912273406982
standard_NN,25,875,1,70,0.044396978936025074,0.20012740790843964
standard_NN,25,875,1,71,0.042516552310969145,0.19437000155448914
standard_NN,25,875,1,72,0.04045318718999624,0.19597958028316498
standard_NN,25,875,1,73,0.04059477576187679,0.193757563829422
standard_NN,25,875,1,74,0.03885286494291255,0.19661830365657806
standard_NN,25,875,1,75,0.036910025269857476,0.1988682597875595
standard_NN,25,875,1,76,0.03900261249925409,0.19602851569652557
standard_NN,25,875,1,77,0.03790935228711793,0.19575753808021545
standard_NN,25,875,1,78,0.03551718492859176,0.1935177743434906
standard_NN,25,875,1,79,0.03597917254748089,0.19411566853523254
standard_NN,25,875,1,80,0.03515835891344717,0.19440533220767975
standard_NN,25,875,1,81,0.033443751478833814,0.19477495551109314
standard_NN,25,875,1,82,0.031967698862510066,0.1991642415523529
standard_NN,25,875,1,83,0.03539687408400433,0.19903406500816345
standard_NN,25,875,1,84,0.032997703844947476,0.20229585468769073
standard_NN,25,875,1,85,0.031312135846487114,0.19774669408798218
standard_NN,25,875,1,86,0.029979823556329523,0.19625987112522125
standard_NN,25,875,1,87,0.027880026892359768,0.1963997185230255
standard_NN,25,875,1,88,0.02743515684934599,0.1994960606098175
standard_NN,25,875,1,89,0.02787041012197733,0.19631901383399963
standard_NN,25,875,1,90,0.026391742285341024,0.19650685787200928
standard_NN,25,875,1,91,0.026160290464758873,0.197113499045372
standard_NN,25,875,1,92,0.026265913487545083,0.1971922665834427
standard_NN,25,875,1,93,0.025233672266559943,0.19752994179725647
standard_NN,25,875,1,94,0.02433553703927568,0.19725258648395538
standard_NN,25,875,1,95,0.023304332746192813,0.20359231531620026
standard_NN,25,875,1,96,0.024144920254392282,0.20002403855323792
standard_NN,25,875,1,97,0.024128770655287162,0.19797424972057343
standard_NN,25,875,1,98,0.022883281045194184,0.19842971861362457
standard_NN,25,875,1,99,0.02288858812036259,0.1988481730222702
standard_NN,25,875,1,100,0.021489053066553816,0.1997799277305603
standard_NN,25,875,1,101,0.021098225377500057,0.20074093341827393
standard_NN,25,875,1,102,0.02119472416649972,0.2004329413175583
standard_NN,25,875,1,103,0.022705052979290485,0.1990201622247696
standard_NN,25,875,1,104,0.021410901698150804,0.2008158564567566
standard_NN,25,875,1,105,0.02057745833215969,0.2017463594675064
standard_NN,25,875,1,106,0.019621111851717745,0.2042876034975052
standard_NN,25,875,1,107,0.020031457567321404,0.2005956470966339
standard_NN,25,875,1,108,0.019258833822927306,0.201595276594162
standard_NN,25,875,1,109,0.018312433435182487,0.19912296533584595
physics_guided_NN,25,875,1,1,0.9620239798511777,0.950031578540802
physics_guided_NN,25,875,1,2,0.8223465127604348,0.7174015045166016
physics_guided_NN,25,875,1,3,0.49405244418552946,0.4236355721950531
physics_guided_NN,25,875,1,4,0.28989347762295176,0.33509325981140137
physics_guided_NN,25,875,1,5,0.22036337852478027,0.28583213686943054
physics_guided_NN,25,875,1,6,0.1854008585214615,0.25757157802581787
physics_guided_NN,25,875,1,7,0.1634954477527312,0.23174631595611572
physics_guided_NN,25,875,1,8,0.1482053574706827,0.21093101799488068
physics_guided_NN,25,875,1,9,0.12749828065612487,0.19515539705753326
physics_guided_NN,25,875,1,10,0.12060946452298335,0.18199558556079865
physics_guided_NN,25,875,1,11,0.10476385056972504,0.16478005051612854
physics_guided_NN,25,875,1,12,0.09174371284565755,0.15242540836334229
physics_guided_NN,25,875,1,13,0.0836266865953803,0.1422063112258911
physics_guided_NN,25,875,1,14,0.08322376824383225,0.13741017878055573
physics_guided_NN,25,875,1,15,0.08074321837297507,0.13095234334468842
physics_guided_NN,25,875,1,16,0.0723281092941761,0.12279392033815384
physics_guided_NN,25,875,1,17,0.06041089252435735,0.11729063838720322
physics_guided_NN,25,875,1,18,0.053738503849932125,0.11243737488985062
physics_guided_NN,25,875,1,19,0.049534548606191366,0.10952717065811157
physics_guided_NN,25,875,1,20,0.04635831953159401,0.10428939014673233
physics_guided_NN,25,875,1,21,0.04113194852003029,0.10130351036787033
physics_guided_NN,25,875,1,22,0.041774859984538386,0.09902074187994003
physics_guided_NN,25,875,1,23,0.038533595723233054,0.09606405347585678
physics_guided_NN,25,875,1,24,0.03676102034348462,0.09657125174999237
physics_guided_NN,25,875,1,25,0.03667608874716929,0.09386203438043594
physics_guided_NN,25,875,1,26,0.032213032112589905,0.08841460943222046
physics_guided_NN,25,875,1,27,0.027713676315865347,0.08362047374248505
physics_guided_NN,25,875,1,28,0.025704373505764773,0.08283267915248871
physics_guided_NN,25,875,1,29,0.0238945931528828,0.07908894121646881
physics_guided_NN,25,875,1,30,0.023910718770431622,0.07829299569129944
physics_guided_NN,25,875,1,31,0.022599510715476105,0.08287214487791061
physics_guided_NN,25,875,1,32,0.024641842880685414,0.0769759938120842
physics_guided_NN,25,875,1,33,0.019542888438861285,0.07383661717176437
physics_guided_NN,25,875,1,34,0.017870656015085324,0.07333683967590332
physics_guided_NN,25,875,1,35,0.017240544481735145,0.07164780795574188
physics_guided_NN,25,875,1,36,0.017087116704455445,0.07094737887382507
physics_guided_NN,25,875,1,37,0.016245289772216762,0.0715470239520073
physics_guided_NN,25,875,1,38,0.01769348619771855,0.07119903713464737
physics_guided_NN,25,875,1,39,0.015349289701719369,0.06816354393959045
physics_guided_NN,25,875,1,40,0.014406115747988224,0.06582804024219513
physics_guided_NN,25,875,1,41,0.013287676431770836,0.06598574668169022
physics_guided_NN,25,875,1,42,0.013245862975184406,0.06503567844629288
physics_guided_NN,25,875,1,43,0.011756753349410636,0.064360611140728
physics_guided_NN,25,875,1,44,0.013681744757507528,0.06561724096536636
physics_guided_NN,25,875,1,45,0.011302787245118193,0.06389019638299942
physics_guided_NN,25,875,1,46,0.012593731151095458,0.06498967111110687
physics_guided_NN,25,875,1,47,0.012309842676456486,0.0617004930973053
physics_guided_NN,25,875,1,48,0.01040478443194713,0.061294879764318466
physics_guided_NN,25,875,1,49,0.009644534239279372,0.06026409938931465
physics_guided_NN,25,875,1,50,0.009752762703491109,0.05956290662288666
physics_guided_NN,25,875,1,51,0.008874538421098675,0.05797742307186127
physics_guided_NN,25,875,1,52,0.008705269728255059,0.05866760388016701
physics_guided_NN,25,875,1,53,0.008796683878504805,0.058188069611787796
physics_guided_NN,25,875,1,54,0.00841091844319765,0.056927938014268875
physics_guided_NN,25,875,1,55,0.008275020734540053,0.05756748467683792
physics_guided_NN,25,875,1,56,0.008167432937105852,0.05629612132906914
physics_guided_NN,25,875,1,57,0.0073904933607471844,0.05618192255496979
physics_guided_NN,25,875,1,58,0.007476260087319783,0.05644993111491203
physics_guided_NN,25,875,1,59,0.007221067789942026,0.05513154715299606
physics_guided_NN,25,875,1,60,0.007196131561483655,0.05402761697769165
physics_guided_NN,25,875,1,61,0.007029995139289115,0.053061243146657944
physics_guided_NN,25,875,1,62,0.006649328129632133,0.05383946746587753
physics_guided_NN,25,875,1,63,0.006540666683577001,0.05264076590538025
physics_guided_NN,25,875,1,64,0.00636411682769124,0.05235632508993149
physics_guided_NN,25,875,1,65,0.0061508365906775,0.05230817198753357
physics_guided_NN,25,875,1,66,0.006109442844587777,0.05172837898135185
physics_guided_NN,25,875,1,67,0.0055744522251188755,0.05177874118089676
physics_guided_NN,25,875,1,68,0.005717610374891332,0.051108114421367645
physics_guided_NN,25,875,1,69,0.0053217592649161816,0.05074628069996834
physics_guided_NN,25,875,1,70,0.005461415508762002,0.05018698424100876
physics_guided_NN,25,875,1,71,0.005140759449984346,0.049350593239068985
physics_guided_NN,25,875,1,72,0.005173424483343426,0.04894221946597099
physics_guided_NN,25,875,1,73,0.004812189893397901,0.048185549676418304
physics_guided_NN,25,875,1,74,0.0049081400336165515,0.0484088733792305
physics_guided_NN,25,875,1,75,0.005297485755623451,0.04744613915681839
physics_guided_NN,25,875,1,76,0.004772009710515184,0.04746807739138603
physics_guided_NN,25,875,1,77,0.004396698953184698,0.04683981090784073
physics_guided_NN,25,875,1,78,0.004621880237079624,0.047065619379282
physics_guided_NN,25,875,1,79,0.0041472459062268695,0.0462743379175663
physics_guided_NN,25,875,1,80,0.004059701725574476,0.04607337713241577
physics_guided_NN,25,875,1,81,0.003994572192563542,0.04549235850572586
physics_guided_NN,25,875,1,82,0.0037328506337611805,0.04577093571424484
physics_guided_NN,25,875,1,83,0.003711134652673666,0.04515959694981575
physics_guided_NN,25,875,1,84,0.003754158554199551,0.04615132138133049
physics_guided_NN,25,875,1,85,0.0038198987437811282,0.04459525644779205
physics_guided_NN,25,875,1,86,0.0036069863209767,0.043523158878088
physics_guided_NN,25,875,1,87,0.0035325951425225605,0.04372354596853256
physics_guided_NN,25,875,1,88,0.0032386283855885267,0.04446201026439667
physics_guided_NN,25,875,1,89,0.0033368440095468293,0.04397158324718475
physics_guided_NN,25,875,1,90,0.003189604588052524,0.04301042482256889
physics_guided_NN,25,875,1,91,0.0031479186644511564,0.04343276470899582
physics_guided_NN,25,875,1,92,0.0032582374821816173,0.04383707419037819
physics_guided_NN,25,875,1,93,0.0035638938757723997,0.043216120451688766
physics_guided_NN,25,875,1,94,0.003280778739800943,0.04279012605547905
physics_guided_NN,25,875,1,95,0.002920517880868699,0.04279307276010513
physics_guided_NN,25,875,1,96,0.002923084788822702,0.04338211566209793
physics_guided_NN,25,875,1,97,0.002947431614822043,0.04301955923438072
physics_guided_NN,25,875,1,98,0.0027645685892951277,0.042334575206041336
physics_guided_NN,25,875,1,99,0.0026914882972570403,0.04266921430826187
physics_guided_NN,25,875,1,100,0.0026173809892497957,0.04235149547457695
physics_guided_NN,25,875,1,101,0.0025241719226219823,0.04234260320663452
physics_guided_NN,25,875,1,102,0.0026495908885928138,0.04156196862459183
physics_guided_NN,25,875,1,103,0.0025113736046478152,0.04165290668606758
physics_guided_NN,25,875,1,104,0.00250585369732497,0.04165760055184364
physics_guided_NN,25,875,1,105,0.0024318400537595153,0.04105893895030022
physics_guided_NN,25,875,1,106,0.002384890719050808,0.04174800217151642
physics_guided_NN,25,875,1,107,0.00221483366164778,0.0410228967666626
physics_guided_NN,25,875,1,108,0.002244818623044661,0.04090898483991623
physics_guided_NN,25,875,1,109,0.0022762550922509816,0.04105425626039505
physics_guided_NN,25,875,1,110,0.0021611571345212205,0.04143715649843216
physics_guided_NN,25,875,1,111,0.002178216427897236,0.041527681052684784
physics_guided_NN,25,875,1,112,0.002113478341405945,0.04150647670030594
physics_guided_NN,25,875,1,113,0.002109195795908038,0.04107368364930153
physics_guided_NN,25,875,1,114,0.0020509109100592987,0.04068901762366295
physics_guided_NN,25,875,1,115,0.001974953305242317,0.040514569729566574
physics_guided_NN,25,875,1,116,0.0018930123021293963,0.04016583412885666
physics_guided_NN,25,875,1,117,0.0019345182975355004,0.04052015021443367
physics_guided_NN,25,875,1,118,0.001935049018356949,0.040302399545907974
physics_guided_NN,25,875,1,119,0.0019215240359439381,0.04040827229619026
physics_guided_NN,25,875,1,120,0.001837348091482584,0.040125805884599686
physics_guided_NN,25,875,1,121,0.0018989218598497765,0.040010176599025726
physics_guided_NN,25,875,1,122,0.001852937541635973,0.03984686732292175
physics_guided_NN,25,875,1,123,0.0018206513403648777,0.040637653321027756
physics_guided_NN,25,875,1,124,0.0020096772599832286,0.04032766819000244
physics_guided_NN,25,875,1,125,0.001980522015531148,0.040352776646614075
physics_guided_NN,25,875,1,126,0.0017739848449959286,0.04045148193836212
physics_guided_NN,25,875,1,127,0.0018167874493104006,0.04096275195479393
physics_guided_NN,25,875,1,128,0.001779989813387926,0.03997710719704628
physics_guided_NN,25,875,1,129,0.0016127304656298033,0.04004654660820961
physics_guided_NN,25,875,1,130,0.0015866581067842031,0.03955366089940071
physics_guided_NN,25,875,1,131,0.0016535815333814494,0.03950074687600136
physics_guided_NN,25,875,1,132,0.0016228760442962603,0.03940620645880699
physics_guided_NN,25,875,1,133,0.0016049744569629962,0.039937011897563934
physics_guided_NN,25,875,1,134,0.0017171585100835987,0.03922916203737259
physics_guided_NN,25,875,1,135,0.0016389706870540977,0.039450448006391525
physics_guided_NN,25,875,1,136,0.0014301076839079282,0.03922376409173012
physics_guided_NN,25,875,1,137,0.0014472422605779553,0.03948221355676651
physics_guided_NN,25,875,1,138,0.001414152860109295,0.038775812834501266
physics_guided_NN,25,875,1,139,0.001388159256228911,0.03884981572628021
physics_guided_NN,25,875,1,140,0.0013947511532543494,0.03928505256772041
physics_guided_NN,25,875,1,141,0.0013257270786977773,0.039041899144649506
physics_guided_NN,25,875,1,142,0.0014114577331513698,0.038896672427654266
physics_guided_NN,25,875,1,143,0.0013928793611869747,0.03936493396759033
physics_guided_NN,25,875,1,144,0.0013742635159620217,0.038766101002693176
physics_guided_NN,25,875,1,145,0.0012330749845464847,0.03872042894363403
physics_guided_NN,25,875,1,146,0.0012273891646015858,0.03853132575750351
physics_guided_NN,25,875,1,147,0.0011707518590680724,0.038416098803281784
physics_guided_NN,25,875,1,148,0.0012160746929501848,0.038338661193847656
physics_guided_NN,25,875,1,149,0.0013529318634287588,0.03920534998178482
physics_guided_NN,25,875,1,150,0.001428252672277657,0.037672631442546844
physics_guided_NN,25,875,1,151,0.001314694556640461,0.03835604339838028
physics_guided_NN,25,875,1,152,0.001211940310895443,0.038714174181222916
physics_guided_NN,25,875,1,153,0.0011611207155510783,0.038093093782663345
physics_guided_NN,25,875,1,154,0.0012029000873943524,0.03866255655884743
physics_guided_NN,25,875,1,155,0.0012255549913139216,0.03821900859475136
physics_guided_NN,25,875,1,156,0.0013095702743157744,0.038047101348638535
physics_guided_NN,25,875,1,157,0.0012337882113310375,0.038040969520807266
physics_guided_NN,25,875,1,158,0.0013210731974270726,0.03896741569042206
physics_guided_NN,25,875,1,159,0.0015225809350210642,0.03903856873512268
physics_guided_NN,25,875,1,160,0.0012292556971910276,0.03719818964600563
physics_guided_NN,25,875,1,161,0.001453019936369466,0.038825273513793945
physics_guided_NN,25,875,1,162,0.001445870759198442,0.038702838122844696
physics_guided_NN,25,875,1,163,0.0018136596440204553,0.03816632926464081
physics_guided_NN,25,875,1,164,0.0013624521837170636,0.03813891112804413
physics_guided_NN,25,875,1,165,0.0012537240358402155,0.038145631551742554
physics_guided_NN,25,875,1,166,0.0013528436455609544,0.039303362369537354
physics_guided_NN,25,875,1,167,0.0016349116880779288,0.03840194270014763
physics_guided_NN,25,875,1,168,0.0013840579652293985,0.0385562963783741
physics_guided_NN,25,875,1,169,0.0012495631443536176,0.03857452794909477
physics_guided_NN,25,875,1,170,0.001414030632336757,0.03889935836195946
physics_guided_NN,25,875,1,171,0.0013803208421450108,0.03798035532236099
physics_guided_NN,25,875,1,172,0.0010546053194307856,0.03756648674607277
physics_guided_NN,25,875,1,173,0.0011335182103461453,0.03799444064497948
physics_guided_NN,25,875,1,174,0.0010295270351759558,0.03750474378466606
physics_guided_NN,25,875,1,175,0.001070622674888,0.038990434259176254
physics_guided_NN,25,875,1,176,0.001287631836021319,0.0375860296189785
physics_guided_NN,25,875,1,177,0.0011763781367335469,0.03859425336122513
physics_guided_NN,25,875,1,178,0.001092346863255703,0.03744323551654816
physics_guided_NN,25,875,1,179,0.001053406690646495,0.03801203891634941
physics_guided_NN,25,875,1,180,0.0010038004256784916,0.03741487115621567
physics_guided_NN,25,875,1,181,0.000876986313544746,0.037564266473054886
physics_guided_NN,25,875,1,182,0.0008144301661689367,0.037416331470012665
physics_guided_NN,25,875,1,183,0.0008333208762841034,0.0374176949262619
physics_guided_NN,25,875,1,184,0.0008372532195478145,0.03748290240764618
physics_guided_NN,25,875,1,185,0.0008633078416875963,0.037322036921978
physics_guided_NN,25,875,1,186,0.00079259233150099,0.03748956322669983
physics_guided_NN,25,875,1,187,0.0008088776708713599,0.03762811794877052
physics_guided_NN,25,875,1,188,0.0007934233456450913,0.03723033890128136
physics_guided_NN,25,875,1,189,0.0007951613266154059,0.03739684447646141
physics_guided_NN,25,875,1,190,0.0009480961556879006,0.037222106009721756
physics_guided_NN,25,875,1,191,0.0010018113035974757,0.037050604820251465
physics_guided_NN,25,875,1,192,0.0008467595284205995,0.03709344193339348
physics_guided_NN,25,875,1,193,0.0008337625019651439,0.03700888529419899
physics_guided_NN,25,875,1,194,0.0007751644755314503,0.037416305392980576
physics_guided_NN,25,875,1,195,0.0009581898713284838,0.037260327488183975
physics_guided_NN,25,875,1,196,0.0011255568783131561,0.03701470419764519
physics_guided_NN,25,875,1,197,0.001420622246639271,0.037571437656879425
physics_guided_NN,25,875,1,198,0.0015683974862830447,0.037294548004865646
physics_guided_NN,25,875,1,199,0.0015274438275290386,0.03693793714046478
physics_guided_NN,25,875,1,200,0.0034829246079815285,0.04146230220794678
physics_guided_NN,25,875,1,201,0.0048796287820940575,0.03734844923019409
physics_guided_NN,25,875,1,202,0.013261849293485284,0.055183473974466324
physics_guided_NN,25,875,1,203,0.00876984088349023,0.04614870622754097
physics_guided_NN,25,875,1,204,0.005927219138746815,0.03866491839289665
physics_guided_NN,25,875,1,205,0.008778294947530543,0.04413725063204765
physics_guided_NN,25,875,1,206,0.008197217946872115,0.03936280310153961
physics_guided_NN,25,875,1,207,0.003361092896998993,0.03831227496266365
physics_guided_NN,25,875,1,208,0.00249683070329151,0.03854397311806679
physics_guided_NN,25,875,1,209,0.001868451849856813,0.03804074972867966
physics_guided_NN,25,875,1,210,0.0017751533804195268,0.03919629752635956
physics_guided_NN,25,875,1,211,0.0015260658235222632,0.036912597715854645
physics_guided_NN,25,875,1,212,0.0010223045579290815,0.037558551877737045
physics_guided_NN,25,875,1,213,0.0008525556310944792,0.037213459610939026
physics_guided_NN,25,875,1,214,0.0007746871228196792,0.03679247945547104
physics_guided_NN,25,875,1,215,0.0007157993552807186,0.03688181936740875
physics_guided_NN,25,875,1,216,0.0007117789126433698,0.036773379892110825
physics_guided_NN,25,875,1,217,0.0006849299139243417,0.036970701068639755
physics_guided_NN,25,875,1,218,0.0006662574347241648,0.03664804622530937
physics_guided_NN,25,875,1,219,0.000647793264111637,0.0364811010658741
physics_guided_NN,25,875,1,220,0.0006407054877074968,0.036635201424360275
physics_guided_NN,25,875,1,221,0.0006663917987940035,0.03612314164638519
physics_guided_NN,25,875,1,222,0.0006276294464311961,0.036440689116716385
physics_guided_NN,25,875,1,223,0.0006189397931198723,0.03644478693604469
physics_guided_NN,25,875,1,224,0.00061151576145286,0.03684944659471512
physics_guided_NN,25,875,1,225,0.00064791930656481,0.03671816736459732
physics_guided_NN,25,875,1,226,0.0006127189657750673,0.03602036088705063
physics_guided_NN,25,875,1,227,0.0005746399380898635,0.036110881716012955
physics_guided_NN,25,875,1,228,0.0005835736665176228,0.035838186740875244
physics_guided_NN,25,875,1,229,0.0006240423785389534,0.03576551377773285
physics_guided_NN,25,875,1,230,0.0006950729376902538,0.03659641742706299
physics_guided_NN,25,875,1,231,0.0006440837938238733,0.036442410200834274
physics_guided_NN,25,875,1,232,0.0006253401848620602,0.03701331838965416
physics_guided_NN,25,875,1,233,0.0007512873978287514,0.03642956167459488
physics_guided_NN,25,875,1,234,0.0006193707875874159,0.03606700897216797
physics_guided_NN,25,875,1,235,0.0006234655510135261,0.036264002323150635
physics_guided_NN,25,875,1,236,0.0006144960913973461,0.03642392158508301
physics_guided_NN,25,875,1,237,0.0005495081256542887,0.03606730327010155
physics_guided_NN,25,875,1,238,0.0005417968765998792,0.03602824732661247
physics_guided_NN,25,875,1,239,0.0005817892129666039,0.03613387048244476
physics_guided_NN,25,875,1,240,0.0005340935313142836,0.036066003143787384
physics_guided_NN,25,875,1,241,0.0005789366758628083,0.0365731418132782
physics_guided_NN,25,875,1,242,0.0005248324949726728,0.035776469856500626
physics_guided_NN,25,875,1,243,0.0005623517873963075,0.03576121851801872
physics_guided_NN,25,875,1,244,0.0006003623774241922,0.036172837018966675
physics_guided_NN,25,875,1,245,0.000510895938662413,0.036272067576646805
physics_guided_NN,25,875,1,246,0.0005079790322010272,0.03615366667509079
physics_guided_NN,25,875,1,247,0.0004861864394375256,0.036242853850126266
physics_guided_NN,25,875,1,248,0.0005146025734055522,0.03610243648290634
physics_guided_NN,25,875,1,249,0.0004916189832978749,0.0359136126935482
physics_guided_NN,25,875,1,250,0.00045320418472069183,0.035849109292030334
physics_guided_NN,25,875,1,251,0.00046967830816616436,0.0355803407728672
physics_guided_NN,25,875,1,252,0.0004637832607841119,0.03578685224056244
physics_guided_NN,25,875,1,253,0.00047205185650714805,0.03567880392074585
physics_guided_NN,25,875,1,254,0.000528608521563001,0.03615984320640564
physics_guided_NN,25,875,1,255,0.0005074327221206788,0.03593657165765762
physics_guided_NN,25,875,1,256,0.0005279130127746612,0.03565433248877525
physics_guided_NN,25,875,1,257,0.0005011253358264055,0.036666031926870346
physics_guided_NN,25,875,1,258,0.0005479893713657345,0.03606852889060974
physics_guided_NN,25,875,1,259,0.0005022601981181651,0.035681407898664474
physics_guided_NN,25,875,1,260,0.0005145966757221945,0.03550272434949875
physics_guided_NN,25,875,1,261,0.0005173427551718694,0.035726357251405716
physics_guided_NN,25,875,1,262,0.0004999439510616607,0.035695645958185196
physics_guided_NN,25,875,1,263,0.0004824748612008989,0.035940345376729965
physics_guided_NN,25,875,1,264,0.0005703689301818875,0.03551367297768593
physics_guided_NN,25,875,1,265,0.0005346743543798636,0.03594670444726944
physics_guided_NN,25,875,1,266,0.0005354300623626582,0.036325838416814804
physics_guided_NN,25,875,1,267,0.0005346568629777591,0.036053139716386795
physics_guided_NN,25,875,1,268,0.0005680905222626669,0.03556561842560768
physics_guided_NN,25,875,1,269,0.0004816285363631323,0.03672521561384201
physics_guided_NN,25,875,1,270,0.0005675418360624462,0.03602604195475578
physics_guided_NN,25,875,1,271,0.0005745039317324492,0.0349816232919693
physics_guided_NN,25,875,1,272,0.0007889300697050723,0.03755444288253784
physics_guided_NN,25,875,1,273,0.0013993732905614056,0.0354696549475193
physics_guided_NN,25,875,1,274,0.0010343891647478034,0.03592710196971893
physics_guided_NN,25,875,1,275,0.0007395073147823236,0.03595886752009392
physics_guided_NN,25,875,1,276,0.0005405256503893595,0.0353388749063015
physics_guided_NN,25,875,1,277,0.0006971272066169019,0.03551756218075752
physics_guided_NN,25,875,1,278,0.0008994215874866183,0.036351773887872696
physics_guided_NN,25,875,1,279,0.0011458363026447063,0.03541582077741623
physics_guided_NN,25,875,1,280,0.0014652975452398615,0.036914627999067307
physics_guided_NN,25,875,1,281,0.001499782461905852,0.03741556033492088
physics_guided_NN,25,875,1,282,0.0009445413972051549,0.037551399320364
physics_guided_NN,25,875,1,283,0.000848844156800104,0.035680294036865234
physics_guided_NN,25,875,1,284,0.0007783589348296768,0.03575868532061577
physics_guided_NN,25,875,1,285,0.0009380698486763452,0.03647492453455925
physics_guided_NN,25,875,1,286,0.000778124582471459,0.03634010627865791
physics_guided_NN,25,875,1,287,0.0009231802666493293,0.035227466374635696
physics_guided_NN,25,875,1,288,0.0007376999918571008,0.035488732159137726
physics_guided_NN,25,875,1,289,0.0006788162240159831,0.035777121782302856
physics_guided_NN,25,875,1,290,0.0007418828484203134,0.03533487394452095
physics_guided_NN,25,875,1,291,0.0005915613624633157,0.03570067510008812
physics_guided_NN,25,875,1,292,0.0006241033157233947,0.0357968769967556
physics_guided_NN,25,875,1,293,0.0007463032151073483,0.035018425434827805
physics_guided_NN,25,875,1,294,0.0007522304825085614,0.03528011590242386
physics_guided_NN,25,875,1,295,0.0007561374534686495,0.03611389920115471
physics_guided_NN,25,875,1,296,0.0007508435789662014,0.0360073447227478
physics_guided_NN,25,875,1,297,0.0005783677853677156,0.03616497665643692
physics_guided_NN,25,875,1,298,0.0004489466394131471,0.03605761379003525
physics_guided_NN,25,875,1,299,0.0005317134512422074,0.035817209631204605
physics_guided_NN,25,875,1,300,0.0005341056863211893,0.035631678998470306
physics_guided_NN,25,875,1,301,0.0004720737363511164,0.0359497033059597
physics_guided_NN,25,875,1,302,0.00048274051888646293,0.03533128276467323
physics_guided_NN,25,875,1,303,0.0005544357596331143,0.03485248237848282
physics_guided_NN,25,875,1,304,0.0004347879148554057,0.034958258271217346
physics_guided_NN,25,875,1,305,0.000489689118694514,0.03495302051305771
physics_guided_NN,25,875,1,306,0.000579464145370626,0.03536555916070938
physics_guided_NN,25,875,1,307,0.00045054453948978335,0.035418763756752014
physics_guided_NN,25,875,1,308,0.00048495714768900404,0.03542015701532364
physics_guided_NN,25,875,1,309,0.0005364492161399019,0.035468488931655884
physics_guided_NN,25,875,1,310,0.0006056614178565464,0.03537501394748688
physics_guided_NN,25,875,1,311,0.0005029034010866391,0.03575003892183304
physics_guided_NN,25,875,1,312,0.0004929666153787236,0.03607799857854843
physics_guided_NN,25,875,1,313,0.0004992544522143102,0.035327017307281494
physics_guided_NN,25,875,1,314,0.00039736701208832007,0.03541377931833267
physics_guided_NN,25,875,1,315,0.0004380070313345641,0.03610707446932793
physics_guided_NN,25,875,1,316,0.0003879248418213267,0.035721514374017715
physics_guided_NN,25,875,1,317,0.00033907084018989863,0.035034410655498505
physics_guided_NN,25,875,1,318,0.0003575621937800731,0.03553718701004982
physics_guided_NN,25,875,1,319,0.00035073319200559387,0.035369399935007095
physics_guided_NN,25,875,1,320,0.0003725234398318987,0.03539980202913284
physics_guided_NN,25,875,1,321,0.00035667997560397325,0.03539173677563667
physics_guided_NN,25,875,1,322,0.00033126301838949857,0.035494014620780945
physics_guided_NN,25,875,1,323,0.0003341222722415945,0.03547925129532814
physics_guided_NN,25,875,1,324,0.00031720597533941533,0.035421427339315414
physics_guided_NN,25,875,1,325,0.0003459284021768586,0.0352029949426651
physics_guided_NN,25,875,1,326,0.0004171079573487597,0.03528521955013275
physics_guided_NN,25,875,1,327,0.0005228315983133923,0.03483949974179268
physics_guided_NN,25,875,1,328,0.0006158614206859576,0.035243116319179535
physics_guided_NN,25,875,1,329,0.0006839710071549884,0.0368213951587677
physics_guided_NN,25,875,1,330,0.0008049817759976057,0.036324091255664825
physics_guided_NN,25,875,1,331,0.001998598758031481,0.03647653013467789
physics_guided_NN,25,875,1,332,0.0037714959305178907,0.03671963885426521
physics_guided_NN,25,875,1,333,0.004614032443246937,0.03663216158747673
physics_guided_NN,25,875,1,334,0.0043333151178168395,0.04196421802043915
physics_guided_NN,25,875,1,335,0.004250760456281049,0.04333912581205368
physics_guided_NN,25,875,1,336,0.0056750976114666885,0.03486362472176552
physics_guided_NN,25,875,1,337,0.0048400081245095605,0.040278613567352295
physics_guided_NN,25,875,1,338,0.003900635787951095,0.044624075293540955
physics_guided_NN,25,875,1,339,0.005367140585024442,0.03950318321585655
physics_guided_NN,25,875,1,340,0.0023798929510771166,0.03662867099046707
physics_guided_NN,25,875,1,341,0.0011322349143613661,0.03603963926434517
physics_guided_NN,25,875,1,342,0.0008224806681807552,0.03580811992287636
physics_guided_NN,25,875,1,343,0.0008496891490982047,0.03546430915594101
physics_guided_NN,25,875,1,344,0.0006847185577498749,0.03579293191432953
physics_guided_NN,25,875,1,345,0.0005078813036171985,0.03442176431417465
physics_guided_NN,25,875,1,346,0.000464863605364891,0.03499440476298332
physics_guided_NN,25,875,1,347,0.00042630687156426054,0.034816544502973557
physics_guided_NN,25,875,1,348,0.00039110216312110424,0.034906402230262756
physics_guided_NN,25,875,1,349,0.0003619342834489154,0.03489834815263748
physics_guided_NN,25,875,1,350,0.0003384372986537138,0.035052340477705
physics_guided_NN,25,875,1,351,0.00032086709273114266,0.03500424697995186
physics_guided_NN,25,875,1,352,0.0003200720010292051,0.03467685729265213
physics_guided_NN,25,875,1,353,0.00033422362841000516,0.03497789055109024
physics_guided_NN,25,875,1,354,0.000353768773493357,0.035394858568906784
physics_guided_NN,25,875,1,355,0.0003473500775206568,0.03451414033770561
physics_guided_NN,25,875,1,356,0.0003608526333534558,0.03468429297208786
physics_guided_NN,25,875,1,357,0.00032147515282434015,0.034881625324487686
physics_guided_NN,25,875,1,358,0.0002972825022879988,0.03468380123376846
physics_guided_NN,25,875,1,359,0.0002841057846256133,0.03469317778944969
physics_guided_NN,25,875,1,360,0.0002801177532611681,0.034765977412462234
physics_guided_NN,25,875,1,361,0.00026799119327084294,0.034863077104091644
physics_guided_NN,25,875,1,362,0.0002622296347648704,0.03475046902894974
physics_guided_NN,25,875,1,363,0.00026812254301538426,0.035006824880838394
physics_guided_NN,25,875,1,364,0.00029215488029876724,0.03546780347824097
physics_guided_NN,25,875,1,365,0.00032349719341644753,0.034925319254398346
physics_guided_NN,25,875,1,366,0.00030575503166931285,0.03508496284484863
physics_guided_NN,25,875,1,367,0.0002798383211484179,0.03485247492790222
physics_guided_NN,25,875,1,368,0.0002684139004226641,0.03510059416294098
physics_guided_NN,25,875,1,369,0.00027573783050424287,0.03456653654575348
physics_guided_NN,25,875,1,370,0.0002739662689106938,0.0348677821457386
physics_guided_NN,25,875,1,371,0.0002605809433069745,0.03503551706671715
physics_guided_NN,25,875,1,372,0.0002667896177237188,0.03485368937253952
physics_guided_NN,25,875,1,373,0.00026667455676943064,0.03461450710892677
physics_guided_NN,25,875,1,374,0.000258887123241688,0.03484562784433365
physics_guided_NN,25,875,1,375,0.00025628507553067593,0.03459838777780533
physics_guided_NN,25,875,1,376,0.00026154896685121846,0.03526075929403305
physics_guided_NN,25,875,1,377,0.00028895100175369795,0.03485763072967529
physics_guided_NN,25,875,1,378,0.0002885836802306585,0.03481552004814148
physics_guided_NN,25,875,1,379,0.0002569155320608323,0.03484366461634636
physics_guided_NN,25,875,1,380,0.00025095948305014256,0.03457994759082794
physics_guided_NN,25,875,1,381,0.0002478326007673916,0.03458243981003761
physics_guided_NN,25,875,1,382,0.00024940402571311485,0.03473269194364548
physics_guided_NN,25,875,1,383,0.0002619360384414904,0.034788306802511215
physics_guided_NN,25,875,1,384,0.0002535570196674338,0.034183990210294724
physics_guided_NN,25,875,1,385,0.0002496124278487904,0.03450285643339157
physics_guided_NN,25,875,1,386,0.00026422204973641783,0.0348411463201046
physics_guided_NN,25,875,1,387,0.00025329018639500385,0.03454447537660599
physics_guided_NN,25,875,1,388,0.0002867491847220143,0.03510771319270134
physics_guided_NN,25,875,1,389,0.0003319266252219677,0.035059940069913864
physics_guided_NN,25,875,1,390,0.00038006902676508095,0.035068921744823456
physics_guided_NN,25,875,1,391,0.0004760423409087317,0.03520718216896057
physics_guided_NN,25,875,1,392,0.0004192161535943991,0.03511475771665573
physics_guided_NN,25,875,1,393,0.0004251348779819507,0.03597591817378998
physics_guided_NN,25,875,1,394,0.000669195009062865,0.036224864423274994
physics_guided_NN,25,875,1,395,0.0008690500606982303,0.03682013228535652
physics_guided_NN,25,875,1,396,0.0018686483901027323,0.03575906902551651
physics_guided_NN,25,875,1,397,0.0016069486404636077,0.03673259913921356
physics_guided_NN,25,875,1,398,0.0014801788908828581,0.03564821183681488
physics_guided_NN,25,875,1,399,0.0007609491045254149,0.036442313343286514
physics_guided_NN,25,875,1,400,0.0010514635879579665,0.03604695200920105
physics_guided_NN,25,875,1,401,0.0006251557414153856,0.03664597123861313
physics_guided_NN,25,875,1,402,0.0006270199165945607,0.03552776202559471
physics_guided_NN,25,875,1,403,0.0006850136976156916,0.035104185342788696
physics_guided_NN,25,875,1,404,0.0006555115542141721,0.03796461224555969
physics_guided_NN,25,875,1,405,0.0009239424606286255,0.03663412854075432
physics_guided_NN,25,875,1,406,0.0007062245713314041,0.035550691187381744
physics_guided_NN,25,875,1,407,0.0006646454878916432,0.03618288412690163
physics_guided_NN,25,875,1,408,0.0012682176124404318,0.036840226501226425
physics_guided_NN,25,875,1,409,0.0016047500955340052,0.035105232149362564
physics_guided_NN,25,875,1,410,0.001033110822650737,0.03619058057665825
physics_guided_NN,25,875,1,411,0.0026387921700786266,0.036580152809619904
physics_guided_NN,25,875,1,412,0.0017693238332867622,0.039030157029628754
physics_guided_NN,25,875,1,413,0.002319186584957476,0.03570961579680443
physics_guided_NN,25,875,1,414,0.0016028313132535135,0.03485817462205887
physics_guided_NN,25,875,1,415,0.0018536305662044989,0.03544458746910095
physics_guided_NN,25,875,1,416,0.0008946940464998729,0.035039469599723816
physics_guided_NN,25,875,1,417,0.0006291888275882229,0.036594800651073456
physics_guided_NN,25,875,1,418,0.0004909759466370035,0.03443588688969612
physics_guided_NN,25,875,1,419,0.00034472927862745043,0.03510251268744469
physics_guided_NN,25,875,1,420,0.00031053048795521524,0.03525455296039581
physics_guided_NN,25,875,1,421,0.00033585258331316126,0.036283064633607864
physics_guided_NN,25,875,1,422,0.000389592006935605,0.03528511896729469
physics_guided_NN,25,875,1,423,0.0003133809150313027,0.03547552973031998
physics_guided_NN,25,875,1,424,0.0002592560714609655,0.03506546467542648
physics_guided_NN,25,875,1,425,0.00027381467641264735,0.03557808697223663
physics_guided_NN,25,875,1,426,0.00026054328502920853,0.03563534840941429
physics_guided_NN,25,875,1,427,0.0002388773438204745,0.03551235795021057
physics_guided_NN,25,875,1,428,0.00022267081658355892,0.03536691516637802
physics_guided_NN,25,875,1,429,0.0002319092132633419,0.035015955567359924
physics_guided_NN,25,875,1,430,0.0002240778215179619,0.03541314974427223
physics_guided_NN,25,875,1,431,0.00021232863114814142,0.03547030687332153
physics_guided_NN,25,875,1,432,0.00021486320786477466,0.03557903319597244
physics_guided_NN,25,875,1,433,0.00022051453457346985,0.03514862060546875
physics_guided_NN,25,875,1,434,0.00019913490853338902,0.03532249480485916
standard_NN,25,875,2,1,0.9453412847859519,0.8220592737197876
standard_NN,25,875,2,2,0.7666980837072644,0.5976438522338867
standard_NN,25,875,2,3,0.5207416383283479,0.405422568321228
standard_NN,25,875,2,4,0.38617357718093054,0.3424523174762726
standard_NN,25,875,2,5,0.3352525383234024,0.30273520946502686
standard_NN,25,875,2,6,0.2914310001901218,0.2724849581718445
standard_NN,25,875,2,7,0.2509485823767526,0.2464016079902649
standard_NN,25,875,2,8,0.2263038493692875,0.23053187131881714
standard_NN,25,875,2,9,0.20919412055185863,0.214389368891716
standard_NN,25,875,2,10,0.1954249252698251,0.20601239800453186
standard_NN,25,875,2,11,0.1868005623774869,0.1979602575302124
standard_NN,25,875,2,12,0.18488031466092383,0.1860232949256897
standard_NN,25,875,2,13,0.16731700886573111,0.18073418736457825
standard_NN,25,875,2,14,0.15732372126408986,0.1776217520236969
standard_NN,25,875,2,15,0.15159312968275376,0.17236392199993134
standard_NN,25,875,2,16,0.14333229964332922,0.16711270809173584
standard_NN,25,875,2,17,0.13571564799972943,0.1649409532546997
standard_NN,25,875,2,18,0.13171449143971717,0.16233597695827484
standard_NN,25,875,2,19,0.13212041091173887,0.1598111242055893
standard_NN,25,875,2,20,0.12338523167584624,0.1648101806640625
standard_NN,25,875,2,21,0.11773917371673244,0.15792249143123627
standard_NN,25,875,2,22,0.11906507750973105,0.15950435400009155
standard_NN,25,875,2,23,0.11437233830136913,0.15675805509090424
standard_NN,25,875,2,24,0.11076151579618454,0.15872900187969208
standard_NN,25,875,2,25,0.10589025701795306,0.15545018017292023
standard_NN,25,875,2,26,0.10324803234211036,0.1622200459241867
standard_NN,25,875,2,27,0.10362909255283219,0.1595645695924759
standard_NN,25,875,2,28,0.10566466887082372,0.1579229086637497
standard_NN,25,875,2,29,0.1073546398963247,0.15598763525485992
standard_NN,25,875,2,30,0.09650449774094991,0.1579570323228836
standard_NN,25,875,2,31,0.09523388743400574,0.1585008203983307
standard_NN,25,875,2,32,0.08842234113918883,0.15835508704185486
standard_NN,25,875,2,33,0.09120539855211973,0.16230398416519165
standard_NN,25,875,2,34,0.08633237558283977,0.15979713201522827
standard_NN,25,875,2,35,0.08813063693898064,0.16337507963180542
standard_NN,25,875,2,36,0.07975960888766817,0.15916037559509277
standard_NN,25,875,2,37,0.07777472651962723,0.1622222363948822
standard_NN,25,875,2,38,0.07786632023219552,0.16233466565608978
standard_NN,25,875,2,39,0.07245970909882869,0.16262345016002655
standard_NN,25,875,2,40,0.07254925636308533,0.1658911406993866
standard_NN,25,875,2,41,0.07514885759779386,0.16872578859329224
standard_NN,25,875,2,42,0.0689981064892241,0.1631845384836197
standard_NN,25,875,2,43,0.06665792655465859,0.17463767528533936
standard_NN,25,875,2,44,0.06805880194795984,0.16698792576789856
standard_NN,25,875,2,45,0.064683359382408,0.17251388728618622
standard_NN,25,875,2,46,0.0617535820763026,0.16428494453430176
standard_NN,25,875,2,47,0.061374094403748004,0.16836032271385193
standard_NN,25,875,2,48,0.06169491647077458,0.1668548285961151
standard_NN,25,875,2,49,0.05949287808367184,0.17049193382263184
standard_NN,25,875,2,50,0.05626826600304672,0.1707584410905838
standard_NN,25,875,2,51,0.06399655754544906,0.16795223951339722
standard_NN,25,875,2,52,0.06321256434811014,0.16573727130889893
standard_NN,25,875,2,53,0.05732335955170648,0.16654255986213684
standard_NN,25,875,2,54,0.051895497898970334,0.16736795008182526
standard_NN,25,875,2,55,0.05151516851037741,0.16845035552978516
standard_NN,25,875,2,56,0.04906700551509857,0.16604536771774292
standard_NN,25,875,2,57,0.047867611316697936,0.16865015029907227
standard_NN,25,875,2,58,0.04590051215408104,0.17000870406627655
standard_NN,25,875,2,59,0.04485312909153955,0.1708272099494934
standard_NN,25,875,2,60,0.04375251715204546,0.16891390085220337
standard_NN,25,875,2,61,0.042816398931401115,0.17056286334991455
standard_NN,25,875,2,62,0.04110411847276347,0.17450228333473206
standard_NN,25,875,2,63,0.040865379319127114,0.17537643015384674
standard_NN,25,875,2,64,0.04118486274299877,0.17057082056999207
standard_NN,25,875,2,65,0.0398501522306885,0.169385626912117
standard_NN,25,875,2,66,0.03915083674447877,0.1748974323272705
standard_NN,25,875,2,67,0.03686986311471888,0.1740778088569641
standard_NN,25,875,2,68,0.04003452097198793,0.18562833964824677
standard_NN,25,875,2,69,0.04001562363867249,0.17122648656368256
standard_NN,25,875,2,70,0.03701126881475959,0.1747996062040329
standard_NN,25,875,2,71,0.037618073767849376,0.1762607842683792
standard_NN,25,875,2,72,0.032489664653050046,0.16942285001277924
standard_NN,25,875,2,73,0.032754482102713416,0.17543549835681915
standard_NN,25,875,2,74,0.03290312411263585,0.17889553308486938
standard_NN,25,875,2,75,0.029803461095850383,0.17385642230510712
physics_guided_NN,25,875,2,1,0.9605127062116351,0.8451879024505615
physics_guided_NN,25,875,2,2,0.7730292571442468,0.5707305669784546
physics_guided_NN,25,875,2,3,0.4513078161648342,0.3244306445121765
physics_guided_NN,25,875,2,4,0.2817055939563683,0.24451160430908203
physics_guided_NN,25,875,2,5,0.21834347237433707,0.20007489621639252
physics_guided_NN,25,875,2,6,0.17573107167014054,0.17497308552265167
physics_guided_NN,25,875,2,7,0.1468491360012974,0.15442989766597748
physics_guided_NN,25,875,2,8,0.12535943875887565,0.13786490261554718
physics_guided_NN,25,875,2,9,0.11055893717067582,0.1234060600399971
physics_guided_NN,25,875,2,10,0.09973691257515124,0.11660151183605194
physics_guided_NN,25,875,2,11,0.09160167670675687,0.11170987784862518
physics_guided_NN,25,875,2,12,0.08697016430752617,0.099068284034729
physics_guided_NN,25,875,2,13,0.07143821194767952,0.0905563235282898
physics_guided_NN,25,875,2,14,0.06268816241728407,0.08615489304065704
physics_guided_NN,25,875,2,15,0.05713631824723312,0.08035119622945786
physics_guided_NN,25,875,2,16,0.051309859313602955,0.07836328446865082
physics_guided_NN,25,875,2,17,0.046876569311799746,0.07441015541553497
physics_guided_NN,25,875,2,18,0.042182231321930885,0.07134810090065002
physics_guided_NN,25,875,2,19,0.04067685318711613,0.06806065887212753
physics_guided_NN,25,875,2,20,0.03581990734008806,0.06988003104925156
physics_guided_NN,25,875,2,21,0.0338837042716997,0.06394129246473312
physics_guided_NN,25,875,2,22,0.03183733791645084,0.06255776435136795
physics_guided_NN,25,875,2,23,0.029019091544406756,0.059525493532419205
physics_guided_NN,25,875,2,24,0.028132009087130427,0.05946659296751022
physics_guided_NN,25,875,2,25,0.026270698489887372,0.05999012663960457
physics_guided_NN,25,875,2,26,0.024849758483469486,0.05945983901619911
physics_guided_NN,25,875,2,27,0.023741933616942594,0.057378966361284256
physics_guided_NN,25,875,2,28,0.021531275140919855,0.05423924699425697
physics_guided_NN,25,875,2,29,0.021142378017040237,0.05481494218111038
physics_guided_NN,25,875,2,30,0.02138653440800096,0.054472435265779495
physics_guided_NN,25,875,2,31,0.01993550975540919,0.05448783189058304
physics_guided_NN,25,875,2,32,0.01708058495673218,0.05221916735172272
physics_guided_NN,25,875,2,33,0.01616924279369414,0.05639037489891052
physics_guided_NN,25,875,2,34,0.01721246324346534,0.053167857229709625
physics_guided_NN,25,875,2,35,0.019642005308664272,0.053697776049375534
physics_guided_NN,25,875,2,36,0.01706014816383166,0.053972046822309494
physics_guided_NN,25,875,2,37,0.015076810460803764,0.049874190241098404
physics_guided_NN,25,875,2,38,0.012937663522149836,0.04954272136092186
physics_guided_NN,25,875,2,39,0.012217831748005534,0.05119828134775162
physics_guided_NN,25,875,2,40,0.012155989118452584,0.05024665594100952
physics_guided_NN,25,875,2,41,0.013993559504992195,0.050094105303287506
physics_guided_NN,25,875,2,42,0.011591280012258462,0.04883255437016487
physics_guided_NN,25,875,2,43,0.01221396037310894,0.05161884427070618
physics_guided_NN,25,875,2,44,0.010562480859724539,0.046967726200819016
physics_guided_NN,25,875,2,45,0.009702386201492377,0.04671308770775795
physics_guided_NN,25,875,2,46,0.009586677221315247,0.04634889215230942
physics_guided_NN,25,875,2,47,0.008893289403723819,0.04695377126336098
physics_guided_NN,25,875,2,48,0.008674902059803051,0.04505518078804016
physics_guided_NN,25,875,2,49,0.010586206651558834,0.04712734743952751
physics_guided_NN,25,875,2,50,0.00974901592625039,0.04612528532743454
physics_guided_NN,25,875,2,51,0.008776906794602317,0.045500997453927994
physics_guided_NN,25,875,2,52,0.00826196139678359,0.0454048253595829
physics_guided_NN,25,875,2,53,0.007813006107296263,0.04443776234984398
physics_guided_NN,25,875,2,54,0.007671161188877055,0.043850041925907135
physics_guided_NN,25,875,2,55,0.008736906074253576,0.04471341893076897
physics_guided_NN,25,875,2,56,0.006841891495111797,0.04307561740279198
physics_guided_NN,25,875,2,57,0.007768752868287265,0.04420292750000954
physics_guided_NN,25,875,2,58,0.007057878255311932,0.043153006583452225
physics_guided_NN,25,875,2,59,0.005895575475213783,0.04262528195977211
physics_guided_NN,25,875,2,60,0.005740356066131166,0.04214134067296982
physics_guided_NN,25,875,2,61,0.0055335738496588805,0.0420154444873333
physics_guided_NN,25,875,2,62,0.005188431041980428,0.04213446378707886
physics_guided_NN,25,875,2,63,0.0056082437679703745,0.042093295603990555
physics_guided_NN,25,875,2,64,0.005793299525976181,0.04147859290242195
physics_guided_NN,25,875,2,65,0.005551634298171848,0.041966937482357025
physics_guided_NN,25,875,2,66,0.005820404023065099,0.04351517930626869
physics_guided_NN,25,875,2,67,0.005219407812026995,0.04147548973560333
physics_guided_NN,25,875,2,68,0.00520080080189343,0.040664393454790115
physics_guided_NN,25,875,2,69,0.004535416839644313,0.04087469354271889
physics_guided_NN,25,875,2,70,0.004730811791627535,0.03951776400208473
physics_guided_NN,25,875,2,71,0.004380426660645753,0.04034506529569626
physics_guided_NN,25,875,2,72,0.004049283219501376,0.03943486139178276
physics_guided_NN,25,875,2,73,0.004017261796564396,0.0396781824529171
physics_guided_NN,25,875,2,74,0.0038108289424729136,0.04024023562669754
physics_guided_NN,25,875,2,75,0.003519456858547138,0.03881613910198212
physics_guided_NN,25,875,2,76,0.0035353649873286486,0.03875269740819931
physics_guided_NN,25,875,2,77,0.0036737548819343957,0.03931702300906181
physics_guided_NN,25,875,2,78,0.003572117878190641,0.039075639098882675
physics_guided_NN,25,875,2,79,0.0034423882025294006,0.03915422409772873
physics_guided_NN,25,875,2,80,0.00319969146845064,0.03890696167945862
physics_guided_NN,25,875,2,81,0.0033437746710010935,0.038704607635736465
physics_guided_NN,25,875,2,82,0.0033796077727207114,0.03831011801958084
physics_guided_NN,25,875,2,83,0.0030742777328539106,0.03888734057545662
physics_guided_NN,25,875,2,84,0.0030182280211842488,0.03878457471728325
physics_guided_NN,25,875,2,85,0.002804681035091302,0.038217730820178986
physics_guided_NN,25,875,2,86,0.002954978554043919,0.03865634649991989
physics_guided_NN,25,875,2,87,0.0028946159540542533,0.03860551491379738
physics_guided_NN,25,875,2,88,0.0026871199453515665,0.038887932896614075
physics_guided_NN,25,875,2,89,0.0026476963123838815,0.037913162261247635
physics_guided_NN,25,875,2,90,0.002733850951439568,0.0384015217423439
physics_guided_NN,25,875,2,91,0.0025628029252402484,0.038442615419626236
physics_guided_NN,25,875,2,92,0.0025151282232919975,0.03770405799150467
physics_guided_NN,25,875,2,93,0.0025765481903882964,0.03797175735235214
physics_guided_NN,25,875,2,94,0.0025923667791565613,0.037610407918691635
physics_guided_NN,25,875,2,95,0.0025022810358288033,0.0372127927839756
physics_guided_NN,25,875,2,96,0.0022893643389189883,0.03780217841267586
physics_guided_NN,25,875,2,97,0.0024044279458134304,0.03743596002459526
physics_guided_NN,25,875,2,98,0.002309102427846353,0.03698365390300751
physics_guided_NN,25,875,2,99,0.00230204762192443,0.037048231810331345
physics_guided_NN,25,875,2,100,0.002184933134620743,0.03741909936070442
physics_guided_NN,25,875,2,101,0.002206056586666299,0.03733353689312935
physics_guided_NN,25,875,2,102,0.002212767946600382,0.03700926899909973
physics_guided_NN,25,875,2,103,0.002131834376736411,0.03729059174656868
physics_guided_NN,25,875,2,104,0.002066303260757455,0.037206802517175674
physics_guided_NN,25,875,2,105,0.002123931414514248,0.036574095487594604
physics_guided_NN,25,875,2,106,0.002208130109855639,0.03696148842573166
physics_guided_NN,25,875,2,107,0.0021182161789121373,0.03724883869290352
physics_guided_NN,25,875,2,108,0.002032883240774806,0.03700357675552368
physics_guided_NN,25,875,2,109,0.002155337474375431,0.03654446825385094
physics_guided_NN,25,875,2,110,0.0020673923759854267,0.03690309450030327
physics_guided_NN,25,875,2,111,0.002045218458598746,0.036630600690841675
physics_guided_NN,25,875,2,112,0.002007521123492292,0.0368766151368618
physics_guided_NN,25,875,2,113,0.0019333713072618203,0.036639075726270676
physics_guided_NN,25,875,2,114,0.0018459926816701358,0.03646862879395485
physics_guided_NN,25,875,2,115,0.0018072185755175138,0.03653959557414055
physics_guided_NN,25,875,2,116,0.001746830700929942,0.03593146428465843
physics_guided_NN,25,875,2,117,0.001915466198365071,0.03649292141199112
physics_guided_NN,25,875,2,118,0.0017789726012519427,0.03680161386728287
physics_guided_NN,25,875,2,119,0.0017398800908787443,0.03721502795815468
physics_guided_NN,25,875,2,120,0.001709114868260388,0.03658841550350189
physics_guided_NN,25,875,2,121,0.001684913898186226,0.03653297573328018
physics_guided_NN,25,875,2,122,0.0018219302375135677,0.036535829305648804
physics_guided_NN,25,875,2,123,0.0017799767540834313,0.03640924021601677
physics_guided_NN,25,875,2,124,0.0016029635527437286,0.036498550325632095
physics_guided_NN,25,875,2,125,0.001583144093664097,0.03628316521644592
physics_guided_NN,25,875,2,126,0.0016411444646239812,0.03638490289449692
physics_guided_NN,25,875,2,127,0.0015879226100098873,0.03623327240347862
physics_guided_NN,25,875,2,128,0.0017028764788327472,0.03626926243305206
physics_guided_NN,25,875,2,129,0.001579530570389969,0.036594294011592865
physics_guided_NN,25,875,2,130,0.0015223179777551974,0.035935088992118835
physics_guided_NN,25,875,2,131,0.0015008826947970583,0.03621271252632141
physics_guided_NN,25,875,2,132,0.0014999369782994368,0.036118023097515106
physics_guided_NN,25,875,2,133,0.0015405870300518082,0.03576778247952461
physics_guided_NN,25,875,2,134,0.001604008600614699,0.03603379428386688
physics_guided_NN,25,875,2,135,0.0015077674387222423,0.03550628572702408
physics_guided_NN,25,875,2,136,0.0014994540459675981,0.03653190657496452
physics_guided_NN,25,875,2,137,0.0014579048272155757,0.035850897431373596
physics_guided_NN,25,875,2,138,0.0013635301604933505,0.03610590100288391
physics_guided_NN,25,875,2,139,0.0013405195578733192,0.03603271394968033
physics_guided_NN,25,875,2,140,0.001352671837334388,0.035875532776117325
physics_guided_NN,25,875,2,141,0.0013724172479539578,0.03588910773396492
physics_guided_NN,25,875,2,142,0.0014229632880804794,0.03589467704296112
physics_guided_NN,25,875,2,143,0.0013578080688603222,0.03554147109389305
physics_guided_NN,25,875,2,144,0.0013443644482841982,0.03623010590672493
physics_guided_NN,25,875,2,145,0.0015034973870829812,0.035304054617881775
physics_guided_NN,25,875,2,146,0.001343021377189351,0.03579194098711014
physics_guided_NN,25,875,2,147,0.0012817020428233913,0.0355650931596756
physics_guided_NN,25,875,2,148,0.0013475211786239275,0.035624515265226364
physics_guided_NN,25,875,2,149,0.001376743386832199,0.03583589941263199
physics_guided_NN,25,875,2,150,0.001457980534593974,0.035855766385793686
physics_guided_NN,25,875,2,151,0.0014867089006916753,0.03601980581879616
physics_guided_NN,25,875,2,152,0.0013319567743954913,0.03531317040324211
physics_guided_NN,25,875,2,153,0.0012830552378935473,0.03552747890353203
physics_guided_NN,25,875,2,154,0.0013221351213620178,0.03531697764992714
physics_guided_NN,25,875,2,155,0.0012953931124814386,0.03582277521491051
physics_guided_NN,25,875,2,156,0.0013065372477285564,0.03554399311542511
physics_guided_NN,25,875,2,157,0.00129823709721677,0.03654289245605469
physics_guided_NN,25,875,2,158,0.0013210626659981375,0.03548072278499603
physics_guided_NN,25,875,2,159,0.001335037431480097,0.035792022943496704
physics_guided_NN,25,875,2,160,0.0012597506387724674,0.035414524376392365
physics_guided_NN,25,875,2,161,0.0012388315933224345,0.035396426916122437
physics_guided_NN,25,875,2,162,0.0013431364080003863,0.03479602187871933
physics_guided_NN,25,875,2,163,0.0012563618698290416,0.03614117577672005
physics_guided_NN,25,875,2,164,0.0011981957733431564,0.03471403196454048
physics_guided_NN,25,875,2,165,0.0011475785785088582,0.03567591309547424
physics_guided_NN,25,875,2,166,0.00124797472381033,0.03505530580878258
physics_guided_NN,25,875,2,167,0.0012717825842888228,0.03558279573917389
physics_guided_NN,25,875,2,168,0.0013176319896176989,0.035293448716402054
physics_guided_NN,25,875,2,169,0.0013421141442709736,0.03554132953286171
physics_guided_NN,25,875,2,170,0.0015614837175235152,0.03436501324176788
physics_guided_NN,25,875,2,171,0.0015778928438001977,0.03651678189635277
physics_guided_NN,25,875,2,172,0.0018101571477018297,0.03620440885424614
physics_guided_NN,25,875,2,173,0.0014836636712841158,0.0359472781419754
physics_guided_NN,25,875,2,174,0.0013931766235535698,0.03479795902967453
physics_guided_NN,25,875,2,175,0.0013096026751944529,0.03504406660795212
physics_guided_NN,25,875,2,176,0.001252474625029468,0.03530781716108322
physics_guided_NN,25,875,2,177,0.0012097007004610663,0.03538607060909271
physics_guided_NN,25,875,2,178,0.0012509692314779386,0.035046473145484924
physics_guided_NN,25,875,2,179,0.001123970971093513,0.03501572832465172
physics_guided_NN,25,875,2,180,0.001099894758746294,0.035356055945158005
physics_guided_NN,25,875,2,181,0.0011113030528317072,0.034989841282367706
physics_guided_NN,25,875,2,182,0.001033607279948358,0.03473193943500519
physics_guided_NN,25,875,2,183,0.0010929196848467524,0.03577353060245514
physics_guided_NN,25,875,2,184,0.0009925026180488722,0.03506651520729065
physics_guided_NN,25,875,2,185,0.0010724136123566755,0.0350801907479763
physics_guided_NN,25,875,2,186,0.0011188329330512456,0.03530354052782059
physics_guided_NN,25,875,2,187,0.0010575084597803652,0.035454533994197845
physics_guided_NN,25,875,2,188,0.0010651258718488471,0.03526916354894638
physics_guided_NN,25,875,2,189,0.0010732767903911217,0.035603784024715424
physics_guided_NN,25,875,2,190,0.0011125073942821473,0.035591695457696915
physics_guided_NN,25,875,2,191,0.0009783773317134806,0.035587601363658905
physics_guided_NN,25,875,2,192,0.0010202121421960847,0.03601044416427612
physics_guided_NN,25,875,2,193,0.0013495289728910262,0.03516430780291557
physics_guided_NN,25,875,2,194,0.0010807511072406279,0.035382967442274094
physics_guided_NN,25,875,2,195,0.0010714752487339346,0.035660527646541595
physics_guided_NN,25,875,2,196,0.0012845263117924333,0.03510430455207825
physics_guided_NN,25,875,2,197,0.0011989582853857428,0.0350550040602684
physics_guided_NN,25,875,2,198,0.001086247623399166,0.035111598670482635
physics_guided_NN,25,875,2,199,0.0010257011495663651,0.035069193691015244
physics_guided_NN,25,875,2,200,0.0010267755735964914,0.0345267616212368
physics_guided_NN,25,875,2,201,0.0009773135700795268,0.03521911799907684
physics_guided_NN,25,875,2,202,0.0010838475323648059,0.035037484019994736
physics_guided_NN,25,875,2,203,0.001054800583265855,0.03537369146943092
physics_guided_NN,25,875,2,204,0.000999366631731391,0.03567571938037872
physics_guided_NN,25,875,2,205,0.0011719253899562837,0.035093363374471664
physics_guided_NN,25,875,2,206,0.001506270861552496,0.036903295665979385
physics_guided_NN,25,875,2,207,0.0021105028156723294,0.03320365026593208
physics_guided_NN,25,875,2,208,0.0024896823784469496,0.03724201023578644
physics_guided_NN,25,875,2,209,0.0020220948042281505,0.03546639159321785
physics_guided_NN,25,875,2,210,0.002661807063434805,0.03520207852125168
physics_guided_NN,25,875,2,211,0.0019447267238449837,0.035585686564445496
physics_guided_NN,25,875,2,212,0.0018243042203331633,0.03643060475587845
physics_guided_NN,25,875,2,213,0.002489861209012036,0.03740372508764267
physics_guided_NN,25,875,2,214,0.002682282086295475,0.03760861977934837
physics_guided_NN,25,875,2,215,0.003384257566982082,0.03670068830251694
physics_guided_NN,25,875,2,216,0.0020845082472078502,0.03748566284775734
physics_guided_NN,25,875,2,217,0.0021968111977912486,0.03695841133594513
physics_guided_NN,25,875,2,218,0.0016394171689171344,0.03566116467118263
physics_guided_NN,25,875,2,219,0.0011503712448757142,0.03647538274526596
physics_guided_NN,25,875,2,220,0.0009902684417154109,0.03528250753879547
physics_guided_NN,25,875,2,221,0.0008423235080304689,0.03570964187383652
physics_guided_NN,25,875,2,222,0.0007644270060284596,0.03573719784617424
physics_guided_NN,25,875,2,223,0.0008427549182670191,0.03531109169125557
physics_guided_NN,25,875,2,224,0.0008264607063860499,0.035658448934555054
physics_guided_NN,25,875,2,225,0.0007159732132484871,0.035531770437955856
physics_guided_NN,25,875,2,226,0.0007019218818251309,0.03553411364555359
physics_guided_NN,25,875,2,227,0.0006994397699600086,0.03558633103966713
physics_guided_NN,25,875,2,228,0.0007495792753096404,0.03580309823155403
physics_guided_NN,25,875,2,229,0.0007930941958745409,0.03575349599123001
physics_guided_NN,25,875,2,230,0.0007345704798353836,0.03581239655613899
physics_guided_NN,25,875,2,231,0.0006890752618866307,0.03539736568927765
physics_guided_NN,25,875,2,232,0.0007385983252398935,0.03598944470286369
physics_guided_NN,25,875,2,233,0.0006996651624961357,0.035345666110515594
physics_guided_NN,25,875,2,234,0.000656634579562316,0.035548463463783264
physics_guided_NN,25,875,2,235,0.0007099591457517818,0.035703182220458984
physics_guided_NN,25,875,2,236,0.0007018930440868384,0.03572563827037811
physics_guided_NN,25,875,2,237,0.0006982196230507855,0.03539600968360901
physics_guided_NN,25,875,2,238,0.0007002785174076312,0.03595845028758049
physics_guided_NN,25,875,2,239,0.0007098568062896707,0.03548898547887802
physics_guided_NN,25,875,2,240,0.0006632435480631622,0.0357239656150341
physics_guided_NN,25,875,2,241,0.0006402498485320913,0.0354042574763298
physics_guided_NN,25,875,2,242,0.0006381670578515955,0.03553013131022453
physics_guided_NN,25,875,2,243,0.0006721509520762733,0.03555499389767647
physics_guided_NN,25,875,2,244,0.0007597081442197252,0.035334426909685135
physics_guided_NN,25,875,2,245,0.0008651925662499187,0.03679563105106354
physics_guided_NN,25,875,2,246,0.0008140468562487513,0.03492403402924538
physics_guided_NN,25,875,2,247,0.0008197648213743898,0.03604226931929588
physics_guided_NN,25,875,2,248,0.0009623084416879075,0.035690292716026306
physics_guided_NN,25,875,2,249,0.0011352721984232111,0.03591751307249069
physics_guided_NN,25,875,2,250,0.0013958718502960568,0.03696022555232048
physics_guided_NN,25,875,2,251,0.0014121659540770842,0.036127422004938126
physics_guided_NN,25,875,2,252,0.0014485821385668324,0.03488198667764664
physics_guided_NN,25,875,2,253,0.0018731355833421861,0.037200845777988434
physics_guided_NN,25,875,2,254,0.0015310242306441069,0.03474197909235954
physics_guided_NN,25,875,2,255,0.0010631453769747168,0.0363781712949276
physics_guided_NN,25,875,2,256,0.0008615330090313884,0.03452026844024658
physics_guided_NN,25,875,2,257,0.0007412378223047458,0.03608526289463043
standard_NN,25,875,3,1,0.9713659158774784,0.8691887259483337
standard_NN,25,875,3,2,0.840116981949125,0.6765177845954895
standard_NN,25,875,3,3,0.5940385929175785,0.4476171135902405
standard_NN,25,875,3,4,0.4106134623289108,0.3373563587665558
standard_NN,25,875,3,5,0.32275691841329845,0.3083130419254303
standard_NN,25,875,3,6,0.29506830126047134,0.2839476466178894
standard_NN,25,875,3,7,0.27662529423832893,0.27013149857521057
standard_NN,25,875,3,8,0.2616008626563208,0.2525275647640228
standard_NN,25,875,3,9,0.24223370770258562,0.24103863537311554
standard_NN,25,875,3,10,0.2309354397335223,0.22773995995521545
standard_NN,25,875,3,11,0.21568012716514723,0.22402837872505188
standard_NN,25,875,3,12,0.2103560779775892,0.21320681273937225
standard_NN,25,875,3,13,0.20945945728038037,0.21281513571739197
standard_NN,25,875,3,14,0.20009123321090425,0.20861612260341644
standard_NN,25,875,3,15,0.18488209362008742,0.20025593042373657
standard_NN,25,875,3,16,0.18294108685638225,0.20200394093990326
standard_NN,25,875,3,17,0.17260025814175606,0.19821995496749878
standard_NN,25,875,3,18,0.16531325823494367,0.1942320019006729
standard_NN,25,875,3,19,0.16771910126720155,0.19665014743804932
standard_NN,25,875,3,20,0.15410848334431648,0.19337500631809235
standard_NN,25,875,3,21,0.14762887904154404,0.19188611209392548
standard_NN,25,875,3,22,0.17797714711299964,0.18832352757453918
standard_NN,25,875,3,23,0.13772192717130696,0.191728875041008
standard_NN,25,875,3,24,0.13403892091342381,0.1971443146467209
standard_NN,25,875,3,25,0.1547604180606348,0.191586434841156
standard_NN,25,875,3,26,0.12412889142121587,0.19452820718288422
standard_NN,25,875,3,27,0.11797132436186075,0.20078504085540771
standard_NN,25,875,3,28,0.11861614044755697,0.1939081847667694
standard_NN,25,875,3,29,0.115248725350414,0.19780248403549194
standard_NN,25,875,3,30,0.11118680232071451,0.19698484241962433
standard_NN,25,875,3,31,0.10208184671189104,0.19589561223983765
standard_NN,25,875,3,32,0.09953016714592065,0.1968160718679428
standard_NN,25,875,3,33,0.09506232770425933,0.19937066733837128
standard_NN,25,875,3,34,0.09033877655331578,0.2015380710363388
standard_NN,25,875,3,35,0.08707145282200404,0.19990292191505432
standard_NN,25,875,3,36,0.08869226569575923,0.2054392397403717
standard_NN,25,875,3,37,0.08839881539876972,0.20434638857841492
standard_NN,25,875,3,38,0.08391195775142737,0.20481471717357635
standard_NN,25,875,3,39,0.08610192167439631,0.205605611205101
standard_NN,25,875,3,40,0.07581169397703238,0.20820152759552002
standard_NN,25,875,3,41,0.0814912940508553,0.21658197045326233
standard_NN,25,875,3,42,0.07401508239230939,0.2088317573070526
standard_NN,25,875,3,43,0.07012578625498074,0.2205990105867386
standard_NN,25,875,3,44,0.0666238505925451,0.21069397032260895
standard_NN,25,875,3,45,0.06906281770872218,0.21995605528354645
standard_NN,25,875,3,46,0.06754339120483824,0.21171921491622925
standard_NN,25,875,3,47,0.05830623967839139,0.216781884431839
standard_NN,25,875,3,48,0.05829317069479397,0.2199264019727707
standard_NN,25,875,3,49,0.05531713120373232,0.22023265063762665
standard_NN,25,875,3,50,0.061275615489908626,0.21702906489372253
standard_NN,25,875,3,51,0.05752792242648346,0.22549113631248474
standard_NN,25,875,3,52,0.053204050354127376,0.22731302678585052
standard_NN,25,875,3,53,0.04917910109673228,0.22695571184158325
standard_NN,25,875,3,54,0.05292782120938812,0.2230319082736969
standard_NN,25,875,3,55,0.049474689178168774,0.2314624786376953
standard_NN,25,875,3,56,0.047737995096083195,0.2290729433298111
standard_NN,25,875,3,57,0.04433845090014594,0.2274133414030075
standard_NN,25,875,3,58,0.04505080876073667,0.23838378489017487
standard_NN,25,875,3,59,0.04606323675917728,0.23128078877925873
standard_NN,25,875,3,60,0.05041551766251879,0.2253267765045166
standard_NN,25,875,3,61,0.041378232317843607,0.23827818036079407
standard_NN,25,875,3,62,0.04407850632976208,0.2288614958524704
standard_NN,25,875,3,63,0.04052586534193584,0.2427665740251541
standard_NN,25,875,3,64,0.044129650840269666,0.2375268042087555
standard_NN,25,875,3,65,0.03692771700610008,0.239958718419075
standard_NN,25,875,3,66,0.038383598905056715,0.24576041102409363
standard_NN,25,875,3,67,0.036255385992782455,0.2461940050125122
standard_NN,25,875,3,68,0.037700610368379524,0.2559116780757904
standard_NN,25,875,3,69,0.035663414879568985,0.23646186292171478
standard_NN,25,875,3,70,0.037253878478493006,0.2498391717672348
standard_NN,25,875,3,71,0.035629088790821176,0.23894056677818298
standard_NN,25,875,3,72,0.035557232198438475,0.2457961142063141
physics_guided_NN,25,875,3,1,0.9464628568717411,0.8167819976806641
physics_guided_NN,25,875,3,2,0.7528259051697594,0.5703108310699463
physics_guided_NN,25,875,3,3,0.45866345667413305,0.36378881335258484
physics_guided_NN,25,875,3,4,0.33468796046716826,0.30614349246025085
physics_guided_NN,25,875,3,5,0.29169039694326265,0.27188411355018616
physics_guided_NN,25,875,3,6,0.2609828170388937,0.24191653728485107
physics_guided_NN,25,875,3,7,0.23502852488309145,0.22137781977653503
physics_guided_NN,25,875,3,8,0.21697684696742467,0.1986398994922638
physics_guided_NN,25,875,3,9,0.19732506400240318,0.18296784162521362
physics_guided_NN,25,875,3,10,0.18050241869475162,0.16769304871559143
physics_guided_NN,25,875,3,11,0.16421396671129124,0.15635159611701965
physics_guided_NN,25,875,3,12,0.15423422705914294,0.1458219587802887
physics_guided_NN,25,875,3,13,0.149916974495032,0.1415029913187027
physics_guided_NN,25,875,3,14,0.1393951051203268,0.13143348693847656
physics_guided_NN,25,875,3,15,0.12177907728723117,0.12234342098236084
physics_guided_NN,25,875,3,16,0.11531628335693053,0.11503364890813828
physics_guided_NN,25,875,3,17,0.10427905832018171,0.11111859977245331
physics_guided_NN,25,875,3,18,0.09575290459075145,0.10542412102222443
physics_guided_NN,25,875,3,19,0.09718231158331037,0.10882198065519333
physics_guided_NN,25,875,3,20,0.09151851419093353,0.10462542623281479
physics_guided_NN,25,875,3,21,0.07824571477249265,0.09667962044477463
physics_guided_NN,25,875,3,22,0.09593085172985281,0.09169051796197891
physics_guided_NN,25,875,3,23,0.07547279693452376,0.09813641011714935
physics_guided_NN,25,875,3,24,0.06521780180212643,0.08727739006280899
physics_guided_NN,25,875,3,25,0.0803956818833415,0.08361542224884033
physics_guided_NN,25,875,3,26,0.0631114648588534,0.08519631624221802
physics_guided_NN,25,875,3,27,0.05428319650569132,0.08296486735343933
physics_guided_NN,25,875,3,28,0.058450842242954035,0.08082084357738495
physics_guided_NN,25,875,3,29,0.052976267744920084,0.08443144708871841
physics_guided_NN,25,875,3,30,0.053926558034228425,0.07813767343759537
physics_guided_NN,25,875,3,31,0.05035115545615554,0.08059588819742203
physics_guided_NN,25,875,3,32,0.045585774550480504,0.07850630581378937
physics_guided_NN,25,875,3,33,0.04257246086906109,0.0766148716211319
physics_guided_NN,25,875,3,34,0.040742643077724745,0.07329506427049637
physics_guided_NN,25,875,3,35,0.041017411409744194,0.0754050761461258
physics_guided_NN,25,875,3,36,0.03722649988984423,0.0711246207356453
physics_guided_NN,25,875,3,37,0.03748589072243443,0.06881207972764969
physics_guided_NN,25,875,3,38,0.032938412124557157,0.06948953121900558
physics_guided_NN,25,875,3,39,0.03201347586166646,0.0681641548871994
physics_guided_NN,25,875,3,40,0.033728681987018456,0.06630661338567734
physics_guided_NN,25,875,3,41,0.030008074960538318,0.06860427558422089
physics_guided_NN,25,875,3,42,0.031135719402560165,0.06449901312589645
physics_guided_NN,25,875,3,43,0.026996391426239694,0.06734734773635864
physics_guided_NN,25,875,3,44,0.025696430687925646,0.06613980233669281
physics_guided_NN,25,875,3,45,0.025755974497380003,0.06452929973602295
physics_guided_NN,25,875,3,46,0.027091987763664553,0.06394264101982117
physics_guided_NN,25,875,3,47,0.02732163993641734,0.06874577701091766
physics_guided_NN,25,875,3,48,0.024556047782035812,0.06451224535703659
physics_guided_NN,25,875,3,49,0.021865363964544877,0.06484218686819077
physics_guided_NN,25,875,3,50,0.024908621961783086,0.06387437880039215
physics_guided_NN,25,875,3,51,0.019635706857245947,0.0652817040681839
physics_guided_NN,25,875,3,52,0.020354556385427713,0.06392927467823029
physics_guided_NN,25,875,3,53,0.018871887320918695,0.06477721780538559
physics_guided_NN,25,875,3,54,0.02240397927484342,0.0685640275478363
physics_guided_NN,25,875,3,55,0.018259558926469514,0.060832954943180084
physics_guided_NN,25,875,3,56,0.018317727122588882,0.06105640158057213
physics_guided_NN,25,875,3,57,0.016785487698923265,0.06070246547460556
physics_guided_NN,25,875,3,58,0.017987066663668623,0.060062918812036514
physics_guided_NN,25,875,3,59,0.018887280619570186,0.0613105408847332
physics_guided_NN,25,875,3,60,0.01865934527346066,0.06696858257055283
physics_guided_NN,25,875,3,61,0.014465738636707621,0.062156107276678085
physics_guided_NN,25,875,3,62,0.015019055256353957,0.06419407576322556
physics_guided_NN,25,875,3,63,0.013960876502096653,0.05836707353591919
physics_guided_NN,25,875,3,64,0.015451628515230758,0.05926636978983879
physics_guided_NN,25,875,3,65,0.011884846458477634,0.062388982623815536
physics_guided_NN,25,875,3,66,0.010798946804633098,0.059240762144327164
physics_guided_NN,25,875,3,67,0.011909785464272968,0.057817503809928894
physics_guided_NN,25,875,3,68,0.013010715999241387,0.06061005964875221
physics_guided_NN,25,875,3,69,0.009926320818652,0.06116236001253128
physics_guided_NN,25,875,3,70,0.011410227477816599,0.05825147032737732
physics_guided_NN,25,875,3,71,0.01185216591693461,0.058929797261953354
physics_guided_NN,25,875,3,72,0.009759137889237277,0.060506727546453476
physics_guided_NN,25,875,3,73,0.009814217403930212,0.0564127042889595
physics_guided_NN,25,875,3,74,0.00846979402870472,0.059601135551929474
physics_guided_NN,25,875,3,75,0.00826727129918124,0.06170203164219856
physics_guided_NN,25,875,3,76,0.008880817680619657,0.05553261563181877
physics_guided_NN,25,875,3,77,0.007292449424442436,0.0637010708451271
physics_guided_NN,25,875,3,78,0.009528839195679342,0.0606771782040596
physics_guided_NN,25,875,3,79,0.00845825846772641,0.0575866773724556
physics_guided_NN,25,875,3,80,0.007496294299406665,0.056680407375097275
physics_guided_NN,25,875,3,81,0.0071231476696474215,0.054766181856393814
physics_guided_NN,25,875,3,82,0.006540660447041903,0.05851704999804497
physics_guided_NN,25,875,3,83,0.00604365232201027,0.05558984726667404
physics_guided_NN,25,875,3,84,0.005601730746483164,0.05723944678902626
physics_guided_NN,25,875,3,85,0.00567020452581346,0.056763067841529846
physics_guided_NN,25,875,3,86,0.005163195343422038,0.0547221414744854
physics_guided_NN,25,875,3,87,0.005486904127922442,0.057550061494112015
physics_guided_NN,25,875,3,88,0.004290906146966985,0.0570550262928009
physics_guided_NN,25,875,3,89,0.0047018825675227815,0.054674237966537476
physics_guided_NN,25,875,3,90,0.004499404691159725,0.05647839978337288
physics_guided_NN,25,875,3,91,0.004489386129924762,0.05754726007580757
physics_guided_NN,25,875,3,92,0.004254882922396064,0.05473795533180237
physics_guided_NN,25,875,3,93,0.004039524913033736,0.05841482803225517
physics_guided_NN,25,875,3,94,0.004305820995276528,0.05588467791676521
physics_guided_NN,25,875,3,95,0.004981692015592541,0.05619867146015167
physics_guided_NN,25,875,3,96,0.004150773706247232,0.05556747317314148
physics_guided_NN,25,875,3,97,0.0038282223478225724,0.054107241332530975
physics_guided_NN,25,875,3,98,0.0033250205534776406,0.056655339896678925
physics_guided_NN,25,875,3,99,0.003726667383619185,0.054243165999650955
physics_guided_NN,25,875,3,100,0.003578626658833985,0.05580044165253639
physics_guided_NN,25,875,3,101,0.0035453508774350795,0.05558333173394203
physics_guided_NN,25,875,3,102,0.0033200350257435013,0.05370120331645012
physics_guided_NN,25,875,3,103,0.003166310988100512,0.053781621158123016
physics_guided_NN,25,875,3,104,0.0029717422356562956,0.05358774960041046
physics_guided_NN,25,875,3,105,0.0030860382414955112,0.057924073189496994
physics_guided_NN,25,875,3,106,0.003171650942281953,0.05432914197444916
physics_guided_NN,25,875,3,107,0.0028782202446434113,0.0543498769402504
physics_guided_NN,25,875,3,108,0.0027859924510786577,0.05501332879066467
physics_guided_NN,25,875,3,109,0.003281635357000466,0.05666792765259743
physics_guided_NN,25,875,3,110,0.0032151569944939445,0.05054229125380516
physics_guided_NN,25,875,3,111,0.002694821808420654,0.052917610853910446
physics_guided_NN,25,875,3,112,0.0026388540032452773,0.05280629172921181
physics_guided_NN,25,875,3,113,0.00284299864766321,0.05185294896364212
physics_guided_NN,25,875,3,114,0.00259975840370836,0.050886258482933044
physics_guided_NN,25,875,3,115,0.0024119353370874058,0.05419046804308891
physics_guided_NN,25,875,3,116,0.00256277370499447,0.05077792704105377
physics_guided_NN,25,875,3,117,0.002530656472247626,0.05088302493095398
physics_guided_NN,25,875,3,118,0.0025205898148539874,0.05143781006336212
physics_guided_NN,25,875,3,119,0.002359001897275448,0.05391230434179306
physics_guided_NN,25,875,3,120,0.0028337501571513712,0.052863217890262604
physics_guided_NN,25,875,3,121,0.0024865503988361786,0.052528876811265945
physics_guided_NN,25,875,3,122,0.0021149551778632614,0.05084095895290375
physics_guided_NN,25,875,3,123,0.002147802126793457,0.05050559714436531
physics_guided_NN,25,875,3,124,0.002125693069371794,0.05113426223397255
physics_guided_NN,25,875,3,125,0.002066058381127992,0.05026639625430107
physics_guided_NN,25,875,3,126,0.002049715382911797,0.05077195167541504
physics_guided_NN,25,875,3,127,0.0019207313099676476,0.05028490722179413
physics_guided_NN,25,875,3,128,0.0018373126762786082,0.05014684051275253
physics_guided_NN,25,875,3,129,0.0021174458919891287,0.052141983062028885
physics_guided_NN,25,875,3,130,0.002189629461749324,0.048579905182123184
physics_guided_NN,25,875,3,131,0.0019398767950146326,0.05060775950551033
physics_guided_NN,25,875,3,132,0.0019183715339750051,0.05008810758590698
physics_guided_NN,25,875,3,133,0.0018414529871993832,0.050297003239393234
physics_guided_NN,25,875,3,134,0.0019008122160032923,0.04868125542998314
physics_guided_NN,25,875,3,135,0.001901622154816453,0.05054927617311478
physics_guided_NN,25,875,3,136,0.0019238960230723023,0.05011835694313049
physics_guided_NN,25,875,3,137,0.001897032672007169,0.05046313256025314
physics_guided_NN,25,875,3,138,0.001917268947831222,0.050402116030454636
physics_guided_NN,25,875,3,139,0.0017761099568035985,0.05029907822608948
physics_guided_NN,25,875,3,140,0.0017553247827371316,0.048994388431310654
physics_guided_NN,25,875,3,141,0.0017980011429504625,0.04906342923641205
physics_guided_NN,25,875,3,142,0.0018298312123598798,0.049030181020498276
physics_guided_NN,25,875,3,143,0.0018200229761922465,0.049878377467393875
physics_guided_NN,25,875,3,144,0.0017619540033462857,0.04964015632867813
physics_guided_NN,25,875,3,145,0.0016191654223283486,0.04942183941602707
physics_guided_NN,25,875,3,146,0.0015902689649789994,0.049329742789268494
physics_guided_NN,25,875,3,147,0.0015513267758901098,0.05061418563127518
physics_guided_NN,25,875,3,148,0.0016869358452303068,0.0493742898106575
physics_guided_NN,25,875,3,149,0.0017161749336602433,0.05008096247911453
physics_guided_NN,25,875,3,150,0.0016978238044040544,0.048202309757471085
physics_guided_NN,25,875,3,151,0.0016546108859724232,0.04738331958651543
physics_guided_NN,25,875,3,152,0.0014976654035438383,0.048513565212488174
physics_guided_NN,25,875,3,153,0.0014615939747143006,0.04869004711508751
physics_guided_NN,25,875,3,154,0.0014643985445478133,0.048074930906295776
physics_guided_NN,25,875,3,155,0.0014593944360967726,0.04892832040786743
physics_guided_NN,25,875,3,156,0.0014844712152677988,0.049202512949705124
physics_guided_NN,25,875,3,157,0.0016676335778486515,0.04881935566663742
physics_guided_NN,25,875,3,158,0.0015440701307462795,0.04806692525744438
physics_guided_NN,25,875,3,159,0.001343693268219275,0.04838389903306961
physics_guided_NN,25,875,3,160,0.001384700818951907,0.04846900701522827
physics_guided_NN,25,875,3,161,0.0013791247661824205,0.048696067184209824
physics_guided_NN,25,875,3,162,0.0013045884552411735,0.04756363481283188
physics_guided_NN,25,875,3,163,0.0013396137635157044,0.04756374657154083
physics_guided_NN,25,875,3,164,0.0013396194138165032,0.04775674268603325
physics_guided_NN,25,875,3,165,0.0013113774226180144,0.049097415059804916
physics_guided_NN,25,875,3,166,0.001386745458668364,0.04691068455576897
physics_guided_NN,25,875,3,167,0.001388231587562976,0.04830247908830643
physics_guided_NN,25,875,3,168,0.0013930072434180016,0.047687698155641556
physics_guided_NN,25,875,3,169,0.001321998391566532,0.04858788102865219
physics_guided_NN,25,875,3,170,0.001397147516919566,0.04779955372214317
physics_guided_NN,25,875,3,171,0.0014055075839028827,0.04759315773844719
physics_guided_NN,25,875,3,172,0.0016070050935793137,0.048470791429281235
physics_guided_NN,25,875,3,173,0.0013777445045499398,0.04897986352443695
physics_guided_NN,25,875,3,174,0.001358614714782951,0.048570163547992706
physics_guided_NN,25,875,3,175,0.0012943351882443363,0.04695311188697815
physics_guided_NN,25,875,3,176,0.001320781947080312,0.04833192005753517
physics_guided_NN,25,875,3,177,0.0013013049527736647,0.04861323907971382
physics_guided_NN,25,875,3,178,0.001202875386557675,0.0486653670668602
physics_guided_NN,25,875,3,179,0.0012981305688819183,0.04786265268921852
physics_guided_NN,25,875,3,180,0.001162106399923297,0.047396495938301086
physics_guided_NN,25,875,3,181,0.0011533609192286218,0.04724406078457832
physics_guided_NN,25,875,3,182,0.0010663106887867408,0.04792852699756622
physics_guided_NN,25,875,3,183,0.0011740354987393533,0.04757309705018997
physics_guided_NN,25,875,3,184,0.0011567136139741965,0.04739648848772049
physics_guided_NN,25,875,3,185,0.0011917726078536361,0.046669214963912964
physics_guided_NN,25,875,3,186,0.0014538768238188432,0.04746866226196289
physics_guided_NN,25,875,3,187,0.001224426893583898,0.04637668654322624
physics_guided_NN,25,875,3,188,0.0010629775642883033,0.047421645373106
physics_guided_NN,25,875,3,189,0.0011089953893263424,0.04694336652755737
physics_guided_NN,25,875,3,190,0.0012074093725199678,0.04799868166446686
physics_guided_NN,25,875,3,191,0.0011647087272389659,0.04738007113337517
physics_guided_NN,25,875,3,192,0.0011616580762035613,0.04753617197275162
physics_guided_NN,25,875,3,193,0.0010661003803501704,0.046657707542181015
physics_guided_NN,25,875,3,194,0.0010079930486556674,0.047654278576374054
physics_guided_NN,25,875,3,195,0.0010756114664088403,0.046810783445835114
physics_guided_NN,25,875,3,196,0.0011023746046703309,0.046401459723711014
physics_guided_NN,25,875,3,197,0.0010010519929762398,0.04693564027547836
physics_guided_NN,25,875,3,198,0.0009602788694402469,0.04698069393634796
physics_guided_NN,25,875,3,199,0.0009979398704932205,0.0469973161816597
physics_guided_NN,25,875,3,200,0.00098221014819241,0.0462024062871933
physics_guided_NN,25,875,3,201,0.0009370724874315783,0.04698888584971428
physics_guided_NN,25,875,3,202,0.0009220181756453323,0.04729008302092552
physics_guided_NN,25,875,3,203,0.0009914308341519376,0.046317797154188156
physics_guided_NN,25,875,3,204,0.0010674183306816434,0.04781021922826767
physics_guided_NN,25,875,3,205,0.000952787377173081,0.047356314957141876
physics_guided_NN,25,875,3,206,0.000918605930304953,0.04782436788082123
physics_guided_NN,25,875,3,207,0.000902713879310925,0.04609055072069168
physics_guided_NN,25,875,3,208,0.0010395007931427763,0.04589663818478584
physics_guided_NN,25,875,3,209,0.0010910997100706612,0.046216484159231186
physics_guided_NN,25,875,3,210,0.0011064739997631737,0.047096315771341324
physics_guided_NN,25,875,3,211,0.0010336372776821787,0.04675808176398277
physics_guided_NN,25,875,3,212,0.0010000247857533395,0.047001585364341736
physics_guided_NN,25,875,3,213,0.0008496112173556217,0.04719673842191696
physics_guided_NN,25,875,3,214,0.0009576648423847343,0.04786330834031105
physics_guided_NN,25,875,3,215,0.0009076151306674417,0.04741979017853737
physics_guided_NN,25,875,3,216,0.0008691365697554179,0.047248389571905136
physics_guided_NN,25,875,3,217,0.000898433882477028,0.04634948819875717
physics_guided_NN,25,875,3,218,0.0010941465027696853,0.04776141420006752
physics_guided_NN,25,875,3,219,0.0010224267233362688,0.04735803231596947
physics_guided_NN,25,875,3,220,0.0009474567611635264,0.047100815922021866
physics_guided_NN,25,875,3,221,0.0008929085992609284,0.04679875820875168
physics_guided_NN,25,875,3,222,0.0009811621649922536,0.04641483724117279
physics_guided_NN,25,875,3,223,0.0008722845959709957,0.04703369736671448
physics_guided_NN,25,875,3,224,0.0009472931061671781,0.0461852140724659
physics_guided_NN,25,875,3,225,0.0009577043487557343,0.045854080468416214
physics_guided_NN,25,875,3,226,0.0008156477373891643,0.04668978974223137
physics_guided_NN,25,875,3,227,0.0008063359169422515,0.047332219779491425
physics_guided_NN,25,875,3,228,0.0008871115694221641,0.045903220772743225
physics_guided_NN,25,875,3,229,0.0008326805130179439,0.04746250808238983
physics_guided_NN,25,875,3,230,0.000848391916536327,0.04649599269032478
physics_guided_NN,25,875,3,231,0.0007479661643239004,0.04686298221349716
physics_guided_NN,25,875,3,232,0.0007795930141583085,0.047350913286209106
physics_guided_NN,25,875,3,233,0.0007830010394432715,0.047331493347883224
physics_guided_NN,25,875,3,234,0.0007566220634284296,0.04754042625427246
physics_guided_NN,25,875,3,235,0.000742089090636,0.04645679146051407
physics_guided_NN,25,875,3,236,0.0008638729299751244,0.04587295651435852
physics_guided_NN,25,875,3,237,0.0010006900535829897,0.04893466830253601
physics_guided_NN,25,875,3,238,0.0009533362130501441,0.046457838267087936
physics_guided_NN,25,875,3,239,0.0008111681298552347,0.04720965400338173
physics_guided_NN,25,875,3,240,0.0007957704157368946,0.046513915061950684
physics_guided_NN,25,875,3,241,0.0007697520777583122,0.04682495445013046
physics_guided_NN,25,875,3,242,0.0007600344792341015,0.04687947407364845
physics_guided_NN,25,875,3,243,0.000767603240092285,0.04645111411809921
physics_guided_NN,25,875,3,244,0.000758416680452813,0.04702692851424217
physics_guided_NN,25,875,3,245,0.0007781308876084429,0.04800019785761833
physics_guided_NN,25,875,3,246,0.001017264522878187,0.046423766762018204
physics_guided_NN,25,875,3,247,0.0008975188954666789,0.04805588722229004
physics_guided_NN,25,875,3,248,0.0009025227024851899,0.04928530007600784
physics_guided_NN,25,875,3,249,0.001152846887375095,0.04805339500308037
physics_guided_NN,25,875,3,250,0.0012107683703236813,0.04447473958134651
physics_guided_NN,25,875,3,251,0.0010920990857162646,0.050698939710855484
physics_guided_NN,25,875,3,252,0.0012767590482586197,0.04659435525536537
physics_guided_NN,25,875,3,253,0.001422706654661202,0.04727302864193916
physics_guided_NN,25,875,3,254,0.002298737784648048,0.04796847328543663
physics_guided_NN,25,875,3,255,0.0018021441522120898,0.04922449588775635
physics_guided_NN,25,875,3,256,0.0015466768444249673,0.05104624852538109
physics_guided_NN,25,875,3,257,0.0015215040392441942,0.04869195818901062
physics_guided_NN,25,875,3,258,0.001282861314913524,0.04958153888583183
physics_guided_NN,25,875,3,259,0.0032303937436414082,0.055233925580978394
physics_guided_NN,25,875,3,260,0.004203583280156765,0.0435507595539093
physics_guided_NN,25,875,3,261,0.004093362018465996,0.0508708655834198
physics_guided_NN,25,875,3,262,0.0020833086704702248,0.04837179183959961
physics_guided_NN,25,875,3,263,0.001231366631275575,0.049719616770744324
physics_guided_NN,25,875,3,264,0.000920485594958466,0.050399910658597946
physics_guided_NN,25,875,3,265,0.0012919880724179425,0.05061300843954086
physics_guided_NN,25,875,3,266,0.0013503985371374125,0.04965626075863838
physics_guided_NN,25,875,3,267,0.0009440197318326682,0.04725762829184532
physics_guided_NN,25,875,3,268,0.0009390002108245556,0.04739014059305191
physics_guided_NN,25,875,3,269,0.000873202462181715,0.048347264528274536
physics_guided_NN,25,875,3,270,0.0008017973325747464,0.04892381280660629
physics_guided_NN,25,875,3,271,0.0008234629931394011,0.04901468753814697
physics_guided_NN,25,875,3,272,0.0007288831132297803,0.04822365939617157
physics_guided_NN,25,875,3,273,0.000764110079866701,0.04895106330513954
physics_guided_NN,25,875,3,274,0.0006689463875123433,0.04827027767896652
physics_guided_NN,25,875,3,275,0.0006596591535656314,0.048960525542497635
physics_guided_NN,25,875,3,276,0.0006105233000458352,0.04945928230881691
physics_guided_NN,25,875,3,277,0.0006676697438316685,0.049693863838911057
physics_guided_NN,25,875,3,278,0.0007513174787163734,0.04793427512049675
physics_guided_NN,25,875,3,279,0.0007145023659437097,0.04814247414469719
physics_guided_NN,25,875,3,280,0.0006836839456809685,0.04716929793357849
physics_guided_NN,25,875,3,281,0.0006779477677939992,0.04774655029177666
physics_guided_NN,25,875,3,282,0.0006100857572164387,0.04724477231502533
physics_guided_NN,25,875,3,283,0.0006475434867232772,0.047621145844459534
physics_guided_NN,25,875,3,284,0.0006573772635809812,0.04841945320367813
physics_guided_NN,25,875,3,285,0.0006303190790017002,0.047998394817113876
physics_guided_NN,25,875,3,286,0.0008190511268497046,0.04953938350081444
physics_guided_NN,25,875,3,287,0.0012042287229892931,0.05426985025405884
physics_guided_NN,25,875,3,288,0.0014964091138348781,0.048899371176958084
physics_guided_NN,25,875,3,289,0.002033011821497764,0.047771941870450974
physics_guided_NN,25,875,3,290,0.0013941722073858337,0.05315253883600235
physics_guided_NN,25,875,3,291,0.00385423338905509,0.04894580319523811
physics_guided_NN,25,875,3,292,0.005610607140364924,0.06559044867753983
physics_guided_NN,25,875,3,293,0.014270611207133957,0.06395662575960159
physics_guided_NN,25,875,3,294,0.008396821562200785,0.048305582255125046
physics_guided_NN,25,875,3,295,0.003921218241365361,0.04717671871185303
physics_guided_NN,25,875,3,296,0.002469801215089059,0.04381087049841881
physics_guided_NN,25,875,3,297,0.0017611993659686828,0.046744100749492645
physics_guided_NN,25,875,3,298,0.0017903785046655685,0.04804610460996628
physics_guided_NN,25,875,3,299,0.0013722131968409354,0.043833035975694656
physics_guided_NN,25,875,3,300,0.0013591569648789509,0.047121137380599976
physics_guided_NN,25,875,3,301,0.0009535355535003223,0.047003891319036484
physics_guided_NN,25,875,3,302,0.0008310744680264699,0.047017909586429596
physics_guided_NN,25,875,3,303,0.0007315449911402538,0.04610692709684372
physics_guided_NN,25,875,3,304,0.000686553498131356,0.047562126070261
physics_guided_NN,25,875,3,305,0.0006179368979896285,0.047557584941387177
physics_guided_NN,25,875,3,306,0.0006487733397599575,0.04672791063785553
physics_guided_NN,25,875,3,307,0.0006262503052961879,0.04717168211936951
physics_guided_NN,25,875,3,308,0.0006150207149663142,0.04799606651067734
physics_guided_NN,25,875,3,309,0.0005633747662484114,0.04694414883852005
physics_guided_NN,25,875,3,310,0.0005853624960374353,0.04706660285592079
standard_NN,50,1750,1,1,0.8841959152902875,0.6635527610778809
standard_NN,50,1750,1,2,0.4492203792823212,0.36779943108558655
standard_NN,50,1750,1,3,0.3041704407493983,0.301097571849823
standard_NN,50,1750,1,4,0.2587071755634887,0.2675786018371582
standard_NN,50,1750,1,5,0.23778597012694394,0.25285154581069946
standard_NN,50,1750,1,6,0.22320652473717928,0.2368234246969223
standard_NN,50,1750,1,7,0.20880718954971858,0.22265346348285675
standard_NN,50,1750,1,8,0.19758757948875427,0.21900877356529236
standard_NN,50,1750,1,9,0.19044056148933514,0.20690110325813293
standard_NN,50,1750,1,10,0.18003428195204055,0.19907598197460175
standard_NN,50,1750,1,11,0.17136334468211448,0.19092044234275818
standard_NN,50,1750,1,12,0.17396524788013526,0.18645140528678894
standard_NN,50,1750,1,13,0.16609655959265573,0.18415164947509766
standard_NN,50,1750,1,14,0.1657715075250183,0.18218646943569183
standard_NN,50,1750,1,15,0.15780472708866,0.1784900277853012
standard_NN,50,1750,1,16,0.15345951901482685,0.175316721200943
standard_NN,50,1750,1,17,0.15444373519026808,0.17895372211933136
standard_NN,50,1750,1,18,0.15205652027257852,0.1777266263961792
standard_NN,50,1750,1,19,0.15156202676839062,0.175890251994133
standard_NN,50,1750,1,20,0.14568626168849214,0.17256638407707214
standard_NN,50,1750,1,21,0.147312754066661,0.19449099898338318
standard_NN,50,1750,1,22,0.1485540433121579,0.16945341229438782
standard_NN,50,1750,1,23,0.13823659511815226,0.1719004511833191
standard_NN,50,1750,1,24,0.13615751738793083,0.17118297517299652
standard_NN,50,1750,1,25,0.13421865509423828,0.1719936728477478
standard_NN,50,1750,1,26,0.13537083493013466,0.17259058356285095
standard_NN,50,1750,1,27,0.1300758964249066,0.17398123443126678
standard_NN,50,1750,1,28,0.12921108352020383,0.17112310230731964
standard_NN,50,1750,1,29,0.12993375597787754,0.16763736307621002
standard_NN,50,1750,1,30,0.12134083563328854,0.16923239827156067
standard_NN,50,1750,1,31,0.12659428378434054,0.17175239324569702
standard_NN,50,1750,1,32,0.11719724023714662,0.1722802221775055
standard_NN,50,1750,1,33,0.11532051282535706,0.1715346723794937
standard_NN,50,1750,1,34,0.1226725232388292,0.1750248670578003
standard_NN,50,1750,1,35,0.12447505271328348,0.1750543862581253
standard_NN,50,1750,1,36,0.11430777635957513,0.17869628965854645
standard_NN,50,1750,1,37,0.12273729738912412,0.17427992820739746
standard_NN,50,1750,1,38,0.11407266523955124,0.17982825636863708
standard_NN,50,1750,1,39,0.10796377302280494,0.17818254232406616
standard_NN,50,1750,1,40,0.10217750112393073,0.17445918917655945
standard_NN,50,1750,1,41,0.10507862233290714,0.18675051629543304
standard_NN,50,1750,1,42,0.1534182827121445,0.1722632348537445
standard_NN,50,1750,1,43,0.10801244453926172,0.1920989751815796
standard_NN,50,1750,1,44,0.09653825389354356,0.18282274901866913
standard_NN,50,1750,1,45,0.09844867179968528,0.17301645874977112
standard_NN,50,1750,1,46,0.09272392300356712,0.18194623291492462
standard_NN,50,1750,1,47,0.08285775484650262,0.18056561052799225
standard_NN,50,1750,1,48,0.09317913175826627,0.18117186427116394
standard_NN,50,1750,1,49,0.09178113059273788,0.1799839586019516
standard_NN,50,1750,1,50,0.08179765404202044,0.17547936737537384
standard_NN,50,1750,1,51,0.08625021616795234,0.18845906853675842
standard_NN,50,1750,1,52,0.09502011790339436,0.1749914437532425
standard_NN,50,1750,1,53,0.07454538614755231,0.17926952242851257
standard_NN,50,1750,1,54,0.07589367690629192,0.18330293893814087
standard_NN,50,1750,1,55,0.0685485505964607,0.17551392316818237
standard_NN,50,1750,1,56,0.07769137308267611,0.18252907693386078
standard_NN,50,1750,1,57,0.06832016771659255,0.18599112331867218
standard_NN,50,1750,1,58,0.06467769181888018,0.18067842721939087
standard_NN,50,1750,1,59,0.06768631489415254,0.1828031837940216
standard_NN,50,1750,1,60,0.06190993144576039,0.17941875755786896
standard_NN,50,1750,1,61,0.059978912850575786,0.1830018311738968
standard_NN,50,1750,1,62,0.05523943827886667,0.17587964236736298
standard_NN,50,1750,1,63,0.05575124134442636,0.18158160150051117
standard_NN,50,1750,1,64,0.05579297750123909,0.19287356734275818
standard_NN,50,1750,1,65,0.05413612922919648,0.18237851560115814
standard_NN,50,1750,1,66,0.049639523561511724,0.1896219402551651
standard_NN,50,1750,1,67,0.05313833204231092,0.18566690385341644
standard_NN,50,1750,1,68,0.05089011216270072,0.1882738322019577
standard_NN,50,1750,1,69,0.0482770027260163,0.18038873374462128
standard_NN,50,1750,1,70,0.044844732786129625,0.19204552471637726
standard_NN,50,1750,1,71,0.04482787092482405,0.17985360324382782
standard_NN,50,1750,1,72,0.045415736468774934,0.18583333492279053
standard_NN,50,1750,1,73,0.04708701159272875,0.19382229447364807
standard_NN,50,1750,1,74,0.047972031336809905,0.18440194427967072
standard_NN,50,1750,1,75,0.041556139277028184,0.19251205027103424
standard_NN,50,1750,1,76,0.04201088855708284,0.1872750222682953
standard_NN,50,1750,1,77,0.04033283041124897,0.1844361275434494
standard_NN,50,1750,1,78,0.04068682206395481,0.1908675879240036
standard_NN,50,1750,1,79,0.038618051746327965,0.1904539316892624
physics_guided_NN,50,1750,1,1,0.894637039729527,0.6623939871788025
physics_guided_NN,50,1750,1,2,0.41144025405602797,0.28998762369155884
physics_guided_NN,50,1750,1,3,0.2268600586269583,0.22480472922325134
physics_guided_NN,50,1750,1,4,0.18569115469498293,0.19040298461914062
physics_guided_NN,50,1750,1,5,0.1674675030434238,0.17549672722816467
physics_guided_NN,50,1750,1,6,0.1432890446989664,0.14644427597522736
physics_guided_NN,50,1750,1,7,0.12482282762149614,0.13232703506946564
physics_guided_NN,50,1750,1,8,0.111330694336045,0.12588684260845184
physics_guided_NN,50,1750,1,9,0.1000484665190535,0.1078309491276741
physics_guided_NN,50,1750,1,10,0.09183483188306647,0.0981450304389
physics_guided_NN,50,1750,1,11,0.07991834453839276,0.09281070530414581
physics_guided_NN,50,1750,1,12,0.07610895739136529,0.0840543806552887
physics_guided_NN,50,1750,1,13,0.06875345177416291,0.07810942083597183
physics_guided_NN,50,1750,1,14,0.06143642080548618,0.07277227938175201
physics_guided_NN,50,1750,1,15,0.05628110707870552,0.06984065473079681
physics_guided_NN,50,1750,1,16,0.05503858529430415,0.0710781067609787
physics_guided_NN,50,1750,1,17,0.05015998972313745,0.06235232204198837
physics_guided_NN,50,1750,1,18,0.04402625406094428,0.0584578774869442
physics_guided_NN,50,1750,1,19,0.04517961690934109,0.07060220092535019
physics_guided_NN,50,1750,1,20,0.04386528247102563,0.05671878904104233
physics_guided_NN,50,1750,1,21,0.036262636264187416,0.05389799550175667
physics_guided_NN,50,1750,1,22,0.036398467616111575,0.05208791792392731
physics_guided_NN,50,1750,1,23,0.035645440952586274,0.05584600567817688
physics_guided_NN,50,1750,1,24,0.03221057880104387,0.04782774671912193
physics_guided_NN,50,1750,1,25,0.03061496388233666,0.04796357452869415
physics_guided_NN,50,1750,1,26,0.03202730558613049,0.04750542715191841
physics_guided_NN,50,1750,1,27,0.02847238221771217,0.046180106699466705
physics_guided_NN,50,1750,1,28,0.02506855341406273,0.05698937922716141
physics_guided_NN,50,1750,1,29,0.030456010102560476,0.046508513391017914
physics_guided_NN,50,1750,1,30,0.021291538424390768,0.0429912693798542
physics_guided_NN,50,1750,1,31,0.02568022915095623,0.04447963833808899
physics_guided_NN,50,1750,1,32,0.02207708323840052,0.04820970073342323
physics_guided_NN,50,1750,1,33,0.025196321541443467,0.0513930544257164
physics_guided_NN,50,1750,1,34,0.024606476388206438,0.03944055363535881
physics_guided_NN,50,1750,1,35,0.016932986834685186,0.04183878377079964
physics_guided_NN,50,1750,1,36,0.016596763461296047,0.04071684181690216
physics_guided_NN,50,1750,1,37,0.01474730666294428,0.03700361028313637
physics_guided_NN,50,1750,1,38,0.0155088111974432,0.043799616396427155
physics_guided_NN,50,1750,1,39,0.01389158342499286,0.03334931284189224
physics_guided_NN,50,1750,1,40,0.015512968837616168,0.03493000939488411
physics_guided_NN,50,1750,1,41,0.013856043748091906,0.03925677761435509
physics_guided_NN,50,1750,1,42,0.018979507365397046,0.04640500992536545
physics_guided_NN,50,1750,1,43,0.024617436474987438,0.039309062063694
physics_guided_NN,50,1750,1,44,0.012670135532971472,0.032415952533483505
physics_guided_NN,50,1750,1,45,0.012212132610979356,0.02983536757528782
physics_guided_NN,50,1750,1,46,0.01025898109323212,0.0322265625
physics_guided_NN,50,1750,1,47,0.010352982906624675,0.028556955978274345
physics_guided_NN,50,1750,1,48,0.011148511681572668,0.029079003259539604
physics_guided_NN,50,1750,1,49,0.010265883299455578,0.02844863571226597
physics_guided_NN,50,1750,1,50,0.009087893188864524,0.03174033761024475
physics_guided_NN,50,1750,1,51,0.009500143484079413,0.02984168753027916
physics_guided_NN,50,1750,1,52,0.009941959845101727,0.03072071634232998
physics_guided_NN,50,1750,1,53,0.009188619957837676,0.02624947763979435
physics_guided_NN,50,1750,1,54,0.00880498964605587,0.029279951006174088
physics_guided_NN,50,1750,1,55,0.007718583988857323,0.025957228615880013
physics_guided_NN,50,1750,1,56,0.009722357158482606,0.025675294920802116
physics_guided_NN,50,1750,1,57,0.007581654062960297,0.02458944171667099
physics_guided_NN,50,1750,1,58,0.006853573880757072,0.027149545028805733
physics_guided_NN,50,1750,1,59,0.007242289737665227,0.028582286089658737
physics_guided_NN,50,1750,1,60,0.005903340435387301,0.023965351283550262
physics_guided_NN,50,1750,1,61,0.006581406973834548,0.024919016286730766
physics_guided_NN,50,1750,1,62,0.005750506742125643,0.023470964282751083
physics_guided_NN,50,1750,1,63,0.005610523051083354,0.025400817394256592
physics_guided_NN,50,1750,1,64,0.005703979296543237,0.023065738379955292
physics_guided_NN,50,1750,1,65,0.004894508414768747,0.023162594065070152
physics_guided_NN,50,1750,1,66,0.005721930439384388,0.02319653145968914
physics_guided_NN,50,1750,1,67,0.004798187608165401,0.022511297836899757
physics_guided_NN,50,1750,1,68,0.004462424245762772,0.02305695414543152
physics_guided_NN,50,1750,1,69,0.005408212758733758,0.02205006405711174
physics_guided_NN,50,1750,1,70,0.004284097409773884,0.02260931394994259
physics_guided_NN,50,1750,1,71,0.003892140895394342,0.0207220409065485
physics_guided_NN,50,1750,1,72,0.004125241934421605,0.02396036684513092
physics_guided_NN,50,1750,1,73,0.00415584583035005,0.022915173321962357
physics_guided_NN,50,1750,1,74,0.003906376356358773,0.021903803572058678
physics_guided_NN,50,1750,1,75,0.003754114033654332,0.021973207592964172
physics_guided_NN,50,1750,1,76,0.0035393944958091845,0.021365109831094742
physics_guided_NN,50,1750,1,77,0.0033943465719598214,0.020994609221816063
physics_guided_NN,50,1750,1,78,0.0033007899931232843,0.021342314779758453
physics_guided_NN,50,1750,1,79,0.0036591649529457626,0.02001841925084591
physics_guided_NN,50,1750,1,80,0.003701842647777604,0.02094195783138275
physics_guided_NN,50,1750,1,81,0.003087979633294578,0.02056138962507248
physics_guided_NN,50,1750,1,82,0.002959974729622315,0.02166277915239334
physics_guided_NN,50,1750,1,83,0.0031159876962192357,0.02092798985540867
physics_guided_NN,50,1750,1,84,0.003009312553331256,0.020306935533881187
physics_guided_NN,50,1750,1,85,0.0027626556069922765,0.020082620903849602
physics_guided_NN,50,1750,1,86,0.00274915192858316,0.02143503539264202
physics_guided_NN,50,1750,1,87,0.003260282026271203,0.021345889195799828
physics_guided_NN,50,1750,1,88,0.002796248998492956,0.021106461063027382
physics_guided_NN,50,1750,1,89,0.0026903573972439127,0.01965220458805561
physics_guided_NN,50,1750,1,90,0.0026810398017654996,0.023951051756739616
physics_guided_NN,50,1750,1,91,0.00413556579068037,0.021236209198832512
physics_guided_NN,50,1750,1,92,0.003977782487969047,0.02033858560025692
physics_guided_NN,50,1750,1,93,0.00308523144589604,0.019345080479979515
physics_guided_NN,50,1750,1,94,0.0030188998373757514,0.01955907605588436
physics_guided_NN,50,1750,1,95,0.0027566356085506932,0.01931908167898655
physics_guided_NN,50,1750,1,96,0.0027376509034573765,0.019252058118581772
physics_guided_NN,50,1750,1,97,0.002179842712523948,0.018989477306604385
physics_guided_NN,50,1750,1,98,0.002278215513797477,0.018386907875537872
physics_guided_NN,50,1750,1,99,0.002137873267721651,0.018424401059746742
physics_guided_NN,50,1750,1,100,0.0020921578439551274,0.019140955060720444
physics_guided_NN,50,1750,1,101,0.002030707122425416,0.0183794554322958
physics_guided_NN,50,1750,1,102,0.002273759600939229,0.01957639865577221
physics_guided_NN,50,1750,1,103,0.0020369642505621804,0.018078496679663658
physics_guided_NN,50,1750,1,104,0.0019612429896369576,0.018587449565529823
physics_guided_NN,50,1750,1,105,0.002047198807953724,0.019035832956433296
physics_guided_NN,50,1750,1,106,0.002035122738951551,0.01795961894094944
physics_guided_NN,50,1750,1,107,0.002571083588658699,0.019317150115966797
physics_guided_NN,50,1750,1,108,0.002507120059038113,0.02075355127453804
physics_guided_NN,50,1750,1,109,0.002066300026074584,0.018345827236771584
physics_guided_NN,50,1750,1,110,0.0019042576397103922,0.018258703872561455
physics_guided_NN,50,1750,1,111,0.0023142089443613906,0.0199032761156559
physics_guided_NN,50,1750,1,112,0.002072298389975913,0.018186654895544052
physics_guided_NN,50,1750,1,113,0.0017965872414476638,0.01797143556177616
physics_guided_NN,50,1750,1,114,0.0022124795900059064,0.018091605976223946
physics_guided_NN,50,1750,1,115,0.002567027645584728,0.018918680027127266
physics_guided_NN,50,1750,1,116,0.002492473747614505,0.018401483073830605
physics_guided_NN,50,1750,1,117,0.002867026300269312,0.019372161477804184
physics_guided_NN,50,1750,1,118,0.002388876087414766,0.018064400181174278
physics_guided_NN,50,1750,1,119,0.0018872543753656959,0.017047420144081116
physics_guided_NN,50,1750,1,120,0.0018428540601494855,0.016677342355251312
physics_guided_NN,50,1750,1,121,0.0016788798051753215,0.01658550649881363
physics_guided_NN,50,1750,1,122,0.001519535298159878,0.01768575981259346
physics_guided_NN,50,1750,1,123,0.0015039627261493088,0.016929255798459053
physics_guided_NN,50,1750,1,124,0.0016173002888016136,0.01699664071202278
physics_guided_NN,50,1750,1,125,0.0014877122115909255,0.0175356213003397
physics_guided_NN,50,1750,1,126,0.0014763125488700876,0.017048878595232964
physics_guided_NN,50,1750,1,127,0.0015546722674376465,0.01677802950143814
physics_guided_NN,50,1750,1,128,0.0014137530794999162,0.01675230637192726
physics_guided_NN,50,1750,1,129,0.0014255707272760837,0.017682984471321106
physics_guided_NN,50,1750,1,130,0.0016132979134064434,0.016070492565631866
physics_guided_NN,50,1750,1,131,0.0020611436443037485,0.016755525022745132
physics_guided_NN,50,1750,1,132,0.0029003528179600835,0.019088463857769966
physics_guided_NN,50,1750,1,133,0.003104603643545748,0.021312382072210312
physics_guided_NN,50,1750,1,134,0.0026707662826603545,0.020823867991566658
physics_guided_NN,50,1750,1,135,0.002873828642935093,0.017847126349806786
physics_guided_NN,50,1750,1,136,0.002060631963623954,0.017321253195405006
physics_guided_NN,50,1750,1,137,0.0024327769497176632,0.018454130738973618
physics_guided_NN,50,1750,1,138,0.0018398733040417678,0.01602160930633545
physics_guided_NN,50,1750,1,139,0.0014824138800447275,0.016557853668928146
physics_guided_NN,50,1750,1,140,0.0017940107146776946,0.01651882939040661
physics_guided_NN,50,1750,1,141,0.0017260197616581405,0.016626011580228806
physics_guided_NN,50,1750,1,142,0.001618280541151762,0.018548302352428436
physics_guided_NN,50,1750,1,143,0.002370416234563371,0.015227893367409706
physics_guided_NN,50,1750,1,144,0.0018313034296235336,0.016832226887345314
physics_guided_NN,50,1750,1,145,0.0017977587870388692,0.017332885414361954
physics_guided_NN,50,1750,1,146,0.001447326410146031,0.017091797664761543
physics_guided_NN,50,1750,1,147,0.0015143147050236752,0.016642415896058083
physics_guided_NN,50,1750,1,148,0.0014470427496624844,0.017359042540192604
physics_guided_NN,50,1750,1,149,0.0014739146780422224,0.015978824347257614
physics_guided_NN,50,1750,1,150,0.0020154434813386096,0.01762738637626171
physics_guided_NN,50,1750,1,151,0.002786602097330615,0.01778617687523365
physics_guided_NN,50,1750,1,152,0.0018913312129110896,0.01595206744968891
physics_guided_NN,50,1750,1,153,0.0020851929439231753,0.019754040986299515
physics_guided_NN,50,1750,1,154,0.003094526302967487,0.019986649975180626
physics_guided_NN,50,1750,1,155,0.002984985216504096,0.01720397360622883
physics_guided_NN,50,1750,1,156,0.002275872794728327,0.017914408817887306
physics_guided_NN,50,1750,1,157,0.00334204947908542,0.014825291931629181
physics_guided_NN,50,1750,1,158,0.0032541402366145383,0.018205400556325912
physics_guided_NN,50,1750,1,159,0.0042550183508345595,0.020055370405316353
physics_guided_NN,50,1750,1,160,0.004369495777479772,0.017500752583146095
physics_guided_NN,50,1750,1,161,0.0025602188855243313,0.015443920157849789
physics_guided_NN,50,1750,1,162,0.0015709726721979678,0.017513269558548927
physics_guided_NN,50,1750,1,163,0.0013164468130396148,0.01578649692237377
physics_guided_NN,50,1750,1,164,0.0011118144861289433,0.015108057297766209
physics_guided_NN,50,1750,1,165,0.00115802044456359,0.014671213924884796
physics_guided_NN,50,1750,1,166,0.001150708319203529,0.015710817649960518
physics_guided_NN,50,1750,1,167,0.001147558112279512,0.015032192692160606
physics_guided_NN,50,1750,1,168,0.0010424541729402595,0.015457037836313248
physics_guided_NN,50,1750,1,169,0.0010785433613429113,0.01576155796647072
physics_guided_NN,50,1750,1,170,0.0009490879975991058,0.015433010645210743
physics_guided_NN,50,1750,1,171,0.0009287643437606416,0.016304224729537964
physics_guided_NN,50,1750,1,172,0.0009297456053900532,0.015219542197883129
physics_guided_NN,50,1750,1,173,0.0009269576434495061,0.015431198291480541
physics_guided_NN,50,1750,1,174,0.0009776060344717865,0.015327192842960358
physics_guided_NN,50,1750,1,175,0.0010294442618032917,0.01582242175936699
physics_guided_NN,50,1750,1,176,0.0011822206038881891,0.016027670353651047
physics_guided_NN,50,1750,1,177,0.0014230726498811106,0.015322265215218067
physics_guided_NN,50,1750,1,178,0.0011112927583911056,0.015597227029502392
physics_guided_NN,50,1750,1,179,0.0013654537760885432,0.015712853521108627
physics_guided_NN,50,1750,1,180,0.0012494184733701072,0.01765015907585621
physics_guided_NN,50,1750,1,181,0.001872944477197182,0.015280412510037422
physics_guided_NN,50,1750,1,182,0.0019490781290057515,0.016451304778456688
physics_guided_NN,50,1750,1,183,0.0014635462783709435,0.01671675592660904
physics_guided_NN,50,1750,1,184,0.0015723665804086653,0.016920680180191994
physics_guided_NN,50,1750,1,185,0.0019058603148940684,0.014971540309488773
physics_guided_NN,50,1750,1,186,0.002516237775645485,0.017588624730706215
physics_guided_NN,50,1750,1,187,0.0013322013276462843,0.015247520059347153
physics_guided_NN,50,1750,1,188,0.0010929935015155934,0.01444140076637268
physics_guided_NN,50,1750,1,189,0.0016140609098199224,0.016497600823640823
physics_guided_NN,50,1750,1,190,0.0019500689855444112,0.018008893355727196
physics_guided_NN,50,1750,1,191,0.002280256785784981,0.018689004704356194
physics_guided_NN,50,1750,1,192,0.003668716245946208,0.02536880411207676
physics_guided_NN,50,1750,1,193,0.004283156196054604,0.020223474130034447
physics_guided_NN,50,1750,1,194,0.005138915578884605,0.02055288851261139
physics_guided_NN,50,1750,1,195,0.004635867400793359,0.01807333715260029
physics_guided_NN,50,1750,1,196,0.004014043494992491,0.019907347857952118
physics_guided_NN,50,1750,1,197,0.004059157926738928,0.024206383153796196
physics_guided_NN,50,1750,1,198,0.0020246562177947324,0.016236938536167145
physics_guided_NN,50,1750,1,199,0.0012529994149060389,0.017910180613398552
physics_guided_NN,50,1750,1,200,0.0012004976493439504,0.016227904707193375
physics_guided_NN,50,1750,1,201,0.0010747292045769946,0.018160393461585045
physics_guided_NN,50,1750,1,202,0.001188882181720276,0.01587982289493084
physics_guided_NN,50,1750,1,203,0.0010306317905945303,0.016985422000288963
physics_guided_NN,50,1750,1,204,0.0012484490538814238,0.017518632113933563
physics_guided_NN,50,1750,1,205,0.0014513884151321171,0.014971769414842129
physics_guided_NN,50,1750,1,206,0.0017938698292709887,0.015531321056187153
physics_guided_NN,50,1750,1,207,0.0012383256897529854,0.015842923894524574
physics_guided_NN,50,1750,1,208,0.0008972627931923073,0.014509039930999279
physics_guided_NN,50,1750,1,209,0.0008643134663413678,0.015900565311312675
physics_guided_NN,50,1750,1,210,0.0010480159357289917,0.016998644918203354
physics_guided_NN,50,1750,1,211,0.0013924038233069172,0.01568654365837574
physics_guided_NN,50,1750,1,212,0.0012600990552787802,0.016809919849038124
physics_guided_NN,50,1750,1,213,0.0010295808897353709,0.014936740510165691
physics_guided_NN,50,1750,1,214,0.0008368851486011408,0.015396207571029663
physics_guided_NN,50,1750,1,215,0.0008102454833403629,0.014630504883825779
physics_guided_NN,50,1750,1,216,0.0013351634999188328,0.015723781660199165
physics_guided_NN,50,1750,1,217,0.004679166125632557,0.021923968568444252
physics_guided_NN,50,1750,1,218,0.006714857719738835,0.03087015450000763
physics_guided_NN,50,1750,1,219,0.009879631855125939,0.01954522728919983
physics_guided_NN,50,1750,1,220,0.005384222899530349,0.020991310477256775
physics_guided_NN,50,1750,1,221,0.00458087885635905,0.0169096477329731
physics_guided_NN,50,1750,1,222,0.0018439152502521341,0.016643214970827103
physics_guided_NN,50,1750,1,223,0.0012392994477912517,0.015650764107704163
physics_guided_NN,50,1750,1,224,0.0010367680307743804,0.015763849020004272
physics_guided_NN,50,1750,1,225,0.0011492354304729296,0.015078099444508553
physics_guided_NN,50,1750,1,226,0.0008546123509794208,0.01546416711062193
physics_guided_NN,50,1750,1,227,0.0007866596767728749,0.014800035394728184
physics_guided_NN,50,1750,1,228,0.0007532134290418721,0.014495779760181904
physics_guided_NN,50,1750,1,229,0.0007423602676551257,0.015458477661013603
physics_guided_NN,50,1750,1,230,0.0006658586893796123,0.014969434589147568
physics_guided_NN,50,1750,1,231,0.0007047546844530318,0.014753414317965508
physics_guided_NN,50,1750,1,232,0.0007951791651846309,0.015424742363393307
physics_guided_NN,50,1750,1,233,0.000800866364443209,0.014774591661989689
physics_guided_NN,50,1750,1,234,0.0007930212450446561,0.014483105391263962
physics_guided_NN,50,1750,1,235,0.0007210400799522176,0.01546391099691391
physics_guided_NN,50,1750,1,236,0.000768136530366194,0.015267735347151756
physics_guided_NN,50,1750,1,237,0.0007246042046712578,0.014419741928577423
physics_guided_NN,50,1750,1,238,0.000814737424661871,0.015469682402908802
physics_guided_NN,50,1750,1,239,0.0008572194128646515,0.014176555909216404
physics_guided_NN,50,1750,1,240,0.0007453901946844001,0.01576823554933071
physics_guided_NN,50,1750,1,241,0.0007108782769397034,0.015327926725149155
physics_guided_NN,50,1750,1,242,0.0007260731862126184,0.01427160669118166
physics_guided_NN,50,1750,1,243,0.0007502449505929169,0.015546507202088833
physics_guided_NN,50,1750,1,244,0.0008711620331658716,0.01549812313169241
physics_guided_NN,50,1750,1,245,0.000950239115419598,0.014678074978291988
physics_guided_NN,50,1750,1,246,0.0028553304582601413,0.020379051566123962
physics_guided_NN,50,1750,1,247,0.003841747993387149,0.015238489955663681
physics_guided_NN,50,1750,1,248,0.0021448915919920963,0.01641285978257656
physics_guided_NN,50,1750,1,249,0.002060150255731839,0.015065202489495277
physics_guided_NN,50,1750,1,250,0.0014771808502181166,0.015515194274485111
physics_guided_NN,50,1750,1,251,0.0012199072516523302,0.01453262660652399
physics_guided_NN,50,1750,1,252,0.00158808877832988,0.016103345900774002
physics_guided_NN,50,1750,1,253,0.0015649594882104015,0.015476212836802006
physics_guided_NN,50,1750,1,254,0.004913069153969575,0.02064553275704384
physics_guided_NN,50,1750,1,255,0.00561967195660275,0.031323764473199844
physics_guided_NN,50,1750,1,256,0.006372317727904634,0.0141090527176857
physics_guided_NN,50,1750,1,257,0.0035082482250540386,0.014285380020737648
physics_guided_NN,50,1750,1,258,0.0032091567284494105,0.024112777784466743
physics_guided_NN,50,1750,1,259,0.008255740719115627,0.016516869887709618
physics_guided_NN,50,1750,1,260,0.004735115158837289,0.016219256445765495
physics_guided_NN,50,1750,1,261,0.0018526898160676605,0.01570574752986431
physics_guided_NN,50,1750,1,262,0.001678149865516129,0.015523584559559822
physics_guided_NN,50,1750,1,263,0.0013049547248686264,0.018372006714344025
physics_guided_NN,50,1750,1,264,0.002370326253834979,0.016745813190937042
physics_guided_NN,50,1750,1,265,0.0016386739059401276,0.01547207310795784
physics_guided_NN,50,1750,1,266,0.001229311519377266,0.01648659072816372
physics_guided_NN,50,1750,1,267,0.0009296979083696247,0.01572995074093342
physics_guided_NN,50,1750,1,268,0.0006728965547933642,0.014759681187570095
physics_guided_NN,50,1750,1,269,0.0006204226213282839,0.015057866461575031
physics_guided_NN,50,1750,1,270,0.0006518020194822124,0.014737880788743496
physics_guided_NN,50,1750,1,271,0.0006689892449815359,0.014658610336482525
physics_guided_NN,50,1750,1,272,0.0007761319762461685,0.014987058937549591
physics_guided_NN,50,1750,1,273,0.0007227562340891122,0.013920451514422894
physics_guided_NN,50,1750,1,274,0.0008696064157577764,0.01549743302166462
physics_guided_NN,50,1750,1,275,0.0006831929630217408,0.014531029388308525
physics_guided_NN,50,1750,1,276,0.0006896352497278713,0.015085389837622643
physics_guided_NN,50,1750,1,277,0.0006741413578440968,0.014285854995250702
physics_guided_NN,50,1750,1,278,0.0007829438670471843,0.015335849486291409
physics_guided_NN,50,1750,1,279,0.0008048257825846251,0.015222813934087753
physics_guided_NN,50,1750,1,280,0.0007017774810914748,0.015063919126987457
physics_guided_NN,50,1750,1,281,0.0006676287510864702,0.013618681579828262
physics_guided_NN,50,1750,1,282,0.0006238257265067659,0.01634511724114418
physics_guided_NN,50,1750,1,283,0.0007234389746112616,0.015094036236405373
physics_guided_NN,50,1750,1,284,0.0006278147370072215,0.01397298276424408
physics_guided_NN,50,1750,1,285,0.0006466071328239715,0.014886237680912018
physics_guided_NN,50,1750,1,286,0.0006501034601699628,0.014153829775750637
physics_guided_NN,50,1750,1,287,0.0007335066111409105,0.015277153812348843
physics_guided_NN,50,1750,1,288,0.0009731687626169462,0.01425529271364212
physics_guided_NN,50,1750,1,289,0.0013093354178376362,0.014553036540746689
physics_guided_NN,50,1750,1,290,0.0012563363582428014,0.01455380953848362
physics_guided_NN,50,1750,1,291,0.0008679039321058164,0.015003782697021961
physics_guided_NN,50,1750,1,292,0.0008246720088728969,0.01388799212872982
physics_guided_NN,50,1750,1,293,0.0007487832616399308,0.013476981781423092
physics_guided_NN,50,1750,1,294,0.00058133223605442,0.014217069372534752
physics_guided_NN,50,1750,1,295,0.0005620848034076127,0.014410463161766529
physics_guided_NN,50,1750,1,296,0.0005776632543919342,0.013754702173173428
physics_guided_NN,50,1750,1,297,0.0005816517846791872,0.014324020594358444
physics_guided_NN,50,1750,1,298,0.0005114988338651269,0.014067200943827629
physics_guided_NN,50,1750,1,299,0.0005430698355277335,0.014623592607676983
physics_guided_NN,50,1750,1,300,0.0005116726627290648,0.014132319949567318
physics_guided_NN,50,1750,1,301,0.0004968360299244523,0.01411413587629795
physics_guided_NN,50,1750,1,302,0.0005091031406274331,0.014467098750174046
physics_guided_NN,50,1750,1,303,0.0004657930995953003,0.014093775302171707
physics_guided_NN,50,1750,1,304,0.000469534637626826,0.013526118360459805
physics_guided_NN,50,1750,1,305,0.0005480747173091263,0.013628351502120495
physics_guided_NN,50,1750,1,306,0.0005912505231598127,0.013936180621385574
physics_guided_NN,50,1750,1,307,0.0006176952977382046,0.013616514392197132
physics_guided_NN,50,1750,1,308,0.0008996862203015812,0.015250729396939278
physics_guided_NN,50,1750,1,309,0.0015056888421115997,0.017966613173484802
physics_guided_NN,50,1750,1,310,0.002074948453810066,0.014003838412463665
physics_guided_NN,50,1750,1,311,0.007739795742963906,0.03667562082409859
physics_guided_NN,50,1750,1,312,0.009138979267195932,0.022528592497110367
physics_guided_NN,50,1750,1,313,0.005390032252762467,0.02086319401860237
physics_guided_NN,50,1750,1,314,0.004738733573633779,0.018961656838655472
physics_guided_NN,50,1750,1,315,0.003839850935037248,0.015728667378425598
physics_guided_NN,50,1750,1,316,0.0023520177679269443,0.018865158781409264
physics_guided_NN,50,1750,1,317,0.002199251437559724,0.01812758669257164
physics_guided_NN,50,1750,1,318,0.0011834147070268436,0.01604732871055603
physics_guided_NN,50,1750,1,319,0.0014752400747966021,0.016214068979024887
physics_guided_NN,50,1750,1,320,0.001226076581847987,0.020735325291752815
physics_guided_NN,50,1750,1,321,0.0017829785772067095,0.015626464039087296
physics_guided_NN,50,1750,1,322,0.0008840692348063125,0.014610577374696732
physics_guided_NN,50,1750,1,323,0.0007694345674410995,0.014709582552313805
physics_guided_NN,50,1750,1,324,0.0007391065747859622,0.015216341242194176
physics_guided_NN,50,1750,1,325,0.0007146043405685175,0.014827490784227848
physics_guided_NN,50,1750,1,326,0.0006488917538912833,0.015213155187666416
physics_guided_NN,50,1750,1,327,0.0006318713931250386,0.014213268645107746
physics_guided_NN,50,1750,1,328,0.0005344035588288014,0.014649483375251293
physics_guided_NN,50,1750,1,329,0.0005284615581331309,0.01396300457417965
physics_guided_NN,50,1750,1,330,0.0008286217312810809,0.015491536818444729
physics_guided_NN,50,1750,1,331,0.002110316399401719,0.013276188634335995
physics_guided_NN,50,1750,1,332,0.001249776573136582,0.017178254202008247
physics_guided_NN,50,1750,1,333,0.0009570834933713611,0.014361351728439331
physics_guided_NN,50,1750,1,334,0.0007175619253497903,0.015287432819604874
physics_guided_NN,50,1750,1,335,0.0006100886925456247,0.01384213287383318
physics_guided_NN,50,1750,1,336,0.0007425023047419797,0.01512199081480503
physics_guided_NN,50,1750,1,337,0.0005828690716173567,0.014469200745224953
physics_guided_NN,50,1750,1,338,0.0004955271807765323,0.015471471473574638
physics_guided_NN,50,1750,1,339,0.00046303086777957754,0.01448375266045332
physics_guided_NN,50,1750,1,340,0.0004777648615085387,0.014805668964982033
physics_guided_NN,50,1750,1,341,0.00045538947441465486,0.016126634553074837
physics_guided_NN,50,1750,1,342,0.0005763790468336083,0.015011598356068134
physics_guided_NN,50,1750,1,343,0.0007893076149879821,0.014490414410829544
physics_guided_NN,50,1750,1,344,0.0007275070269575476,0.013230867683887482
physics_guided_NN,50,1750,1,345,0.0008231240078332901,0.012966714799404144
physics_guided_NN,50,1750,1,346,0.0011965974663326051,0.017909394577145576
physics_guided_NN,50,1750,1,347,0.0011156661130371504,0.014193451032042503
physics_guided_NN,50,1750,1,348,0.003025102762746558,0.013573083095252514
physics_guided_NN,50,1750,1,349,0.0027818969507019836,0.016132956370711327
physics_guided_NN,50,1750,1,350,0.0026692821078800727,0.013784779235720634
physics_guided_NN,50,1750,1,351,0.00216308947295017,0.014888168312609196
physics_guided_NN,50,1750,1,352,0.0029127705368279877,0.015738273039460182
physics_guided_NN,50,1750,1,353,0.0025464765453112443,0.016794802621006966
physics_guided_NN,50,1750,1,354,0.0020619157273488653,0.017488058656454086
physics_guided_NN,50,1750,1,355,0.0012187077362406334,0.01538105122745037
physics_guided_NN,50,1750,1,356,0.000982252110718816,0.014788609929382801
physics_guided_NN,50,1750,1,357,0.001130100887426774,0.01464090310037136
physics_guided_NN,50,1750,1,358,0.0011723486183784968,0.016451193019747734
physics_guided_NN,50,1750,1,359,0.002450120947157432,0.01654912903904915
physics_guided_NN,50,1750,1,360,0.003912008756222869,0.018637770786881447
physics_guided_NN,50,1750,1,361,0.005062530451271284,0.015570052899420261
physics_guided_NN,50,1750,1,362,0.001970766428192811,0.014522713609039783
physics_guided_NN,50,1750,1,363,0.0009562171056001846,0.014084093272686005
physics_guided_NN,50,1750,1,364,0.0006073224036039651,0.014235107228159904
physics_guided_NN,50,1750,1,365,0.0006144914488166771,0.015936650335788727
physics_guided_NN,50,1750,1,366,0.0008468351526451963,0.013944518752396107
physics_guided_NN,50,1750,1,367,0.00097023557672011,0.01341311540454626
physics_guided_NN,50,1750,1,368,0.0009347128174600325,0.013623129576444626
physics_guided_NN,50,1750,1,369,0.0008580884428478644,0.01740885339677334
physics_guided_NN,50,1750,1,370,0.0012823404446992623,0.014174230396747589
physics_guided_NN,50,1750,1,371,0.0008093458683496075,0.01519097201526165
physics_guided_NN,50,1750,1,372,0.0010818029809992627,0.014485988765954971
physics_guided_NN,50,1750,1,373,0.0006674249806175274,0.015168121084570885
physics_guided_NN,50,1750,1,374,0.0004848324710370174,0.013959412463009357
physics_guided_NN,50,1750,1,375,0.0005247914767616228,0.013674560934305191
physics_guided_NN,50,1750,1,376,0.00044880559965219745,0.014431503601372242
physics_guided_NN,50,1750,1,377,0.0004208682055052902,0.013797014020383358
physics_guided_NN,50,1750,1,378,0.0004159655311793488,0.014107169583439827
physics_guided_NN,50,1750,1,379,0.00036656704885120107,0.01420100312680006
physics_guided_NN,50,1750,1,380,0.00039005876065597737,0.014202363789081573
physics_guided_NN,50,1750,1,381,0.00042631749965948984,0.014620693400502205
physics_guided_NN,50,1750,1,382,0.0003692746571947022,0.014667713083326817
physics_guided_NN,50,1750,1,383,0.0003770423510494376,0.01404547318816185
physics_guided_NN,50,1750,1,384,0.00038947896973695606,0.01404507551342249
physics_guided_NN,50,1750,1,385,0.0004110522614999874,0.01330662239342928
physics_guided_NN,50,1750,1,386,0.0008739163687485936,0.014108854345977306
physics_guided_NN,50,1750,1,387,0.0006804523509345017,0.01569332927465439
physics_guided_NN,50,1750,1,388,0.001073778528994548,0.015982741490006447
physics_guided_NN,50,1750,1,389,0.0008789412490192003,0.014520063996315002
physics_guided_NN,50,1750,1,390,0.0004752590305413053,0.013996957801282406
physics_guided_NN,50,1750,1,391,0.0004196233167022001,0.01403002068400383
physics_guided_NN,50,1750,1,392,0.00042898539790517783,0.014273595064878464
physics_guided_NN,50,1750,1,393,0.0004915619429084472,0.014597420580685139
physics_guided_NN,50,1750,1,394,0.0009974661256170034,0.014444142580032349
physics_guided_NN,50,1750,1,395,0.0012766912446490356,0.011792216449975967
physics_guided_NN,50,1750,1,396,0.001343131747229823,0.016763577237725258
physics_guided_NN,50,1750,1,397,0.001249304072449117,0.015178748406469822
physics_guided_NN,50,1750,1,398,0.001143888228398282,0.019703052937984467
physics_guided_NN,50,1750,1,399,0.0031013853419738424,0.013018276542425156
physics_guided_NN,50,1750,1,400,0.0031040237216594896,0.018549012020230293
physics_guided_NN,50,1750,1,401,0.002920404201306935,0.016970375552773476
physics_guided_NN,50,1750,1,402,0.0022807238721205586,0.014354288578033447
physics_guided_NN,50,1750,1,403,0.006046207185136154,0.01899014040827751
physics_guided_NN,50,1750,1,404,0.007342057034423176,0.024997439235448837
physics_guided_NN,50,1750,1,405,0.017944995064421425,0.043544016778469086
physics_guided_NN,50,1750,1,406,0.016390022813409035,0.02031061425805092
physics_guided_NN,50,1750,1,407,0.004478184181997287,0.01753951609134674
physics_guided_NN,50,1750,1,408,0.0023401515853558002,0.012355347163975239
physics_guided_NN,50,1750,1,409,0.002249844104101482,0.014836368151009083
physics_guided_NN,50,1750,1,410,0.0016314572671295277,0.011305700987577438
physics_guided_NN,50,1750,1,411,0.001194368104084528,0.013894262723624706
physics_guided_NN,50,1750,1,412,0.0010089728831579642,0.012136045843362808
physics_guided_NN,50,1750,1,413,0.001143633721637473,0.012798946350812912
physics_guided_NN,50,1750,1,414,0.000849657367715346,0.014360603876411915
physics_guided_NN,50,1750,1,415,0.0009053234711505606,0.013828717172145844
physics_guided_NN,50,1750,1,416,0.0006958413858748307,0.013053765520453453
physics_guided_NN,50,1750,1,417,0.0006395113814505748,0.013205217197537422
physics_guided_NN,50,1750,1,418,0.0005784128640828255,0.012586386874318123
physics_guided_NN,50,1750,1,419,0.0005757753647880495,0.013090155087411404
physics_guided_NN,50,1750,1,420,0.0005423191032605246,0.012754807248711586
physics_guided_NN,50,1750,1,421,0.0005447628833020904,0.013372013345360756
physics_guided_NN,50,1750,1,422,0.0005407546725889136,0.01317049004137516
physics_guided_NN,50,1750,1,423,0.000520527376335979,0.012937930412590504
physics_guided_NN,50,1750,1,424,0.0005152140719084335,0.013178159482777119
physics_guided_NN,50,1750,1,425,0.00048554226668784395,0.013375315815210342
physics_guided_NN,50,1750,1,426,0.0004501802426862663,0.013037441298365593
physics_guided_NN,50,1750,1,427,0.00044699252820074823,0.012756099924445152
physics_guided_NN,50,1750,1,428,0.00044940518845188696,0.013284444808959961
physics_guided_NN,50,1750,1,429,0.0004897603466815781,0.013184363022446632
physics_guided_NN,50,1750,1,430,0.0004252487893349358,0.013373167254030704
physics_guided_NN,50,1750,1,431,0.0003946924604991052,0.012852746061980724
physics_guided_NN,50,1750,1,432,0.00038075501704172766,0.013115178793668747
physics_guided_NN,50,1750,1,433,0.00038613175742544366,0.013188018463551998
physics_guided_NN,50,1750,1,434,0.0003947538072160179,0.013213000260293484
physics_guided_NN,50,1750,1,435,0.00039205291042370457,0.012552756816148758
physics_guided_NN,50,1750,1,436,0.00038737750271268723,0.01316491886973381
physics_guided_NN,50,1750,1,437,0.000390016491499929,0.012658920139074326
physics_guided_NN,50,1750,1,438,0.00040273530352611227,0.013065456412732601
physics_guided_NN,50,1750,1,439,0.0003806427178330653,0.012885152362287045
physics_guided_NN,50,1750,1,440,0.00034970837441505864,0.012665730901062489
physics_guided_NN,50,1750,1,441,0.0003955239278314236,0.01325385645031929
physics_guided_NN,50,1750,1,442,0.0004245902876261555,0.012342416681349277
physics_guided_NN,50,1750,1,443,0.00045071641008170057,0.013088570907711983
physics_guided_NN,50,1750,1,444,0.00044814564638987316,0.011867986992001534
physics_guided_NN,50,1750,1,445,0.0005254241171184861,0.012819599360227585
physics_guided_NN,50,1750,1,446,0.0005380126739120376,0.012309523299336433
physics_guided_NN,50,1750,1,447,0.00046722390990388315,0.013027793727815151
physics_guided_NN,50,1750,1,448,0.00046610354599709226,0.012272853404283524
physics_guided_NN,50,1750,1,449,0.0008119345376534122,0.013089162297546864
physics_guided_NN,50,1750,1,450,0.0014809321084093036,0.01297989021986723
physics_guided_NN,50,1750,1,451,0.0022254670849568875,0.015080973505973816
physics_guided_NN,50,1750,1,452,0.0008343153375400496,0.012701860629022121
physics_guided_NN,50,1750,1,453,0.001323254165721924,0.014267670921981335
physics_guided_NN,50,1750,1,454,0.0013384298654273152,0.013280496001243591
physics_guided_NN,50,1750,1,455,0.0015187285888324758,0.01438079122453928
physics_guided_NN,50,1750,1,456,0.0023259570765990895,0.01862446777522564
physics_guided_NN,50,1750,1,457,0.005662302840002147,0.029775837436318398
physics_guided_NN,50,1750,1,458,0.005964315454808197,0.016404462978243828
physics_guided_NN,50,1750,1,459,0.0015917725540930405,0.013830232433974743
physics_guided_NN,50,1750,1,460,0.001319482437143701,0.012762577272951603
standard_NN,50,1750,2,1,0.8451489912612098,0.6468636989593506
standard_NN,50,1750,2,2,0.43160029873251915,0.3962339162826538
standard_NN,50,1750,2,3,0.3057816962578467,0.33083483576774597
standard_NN,50,1750,2,4,0.2562437704099076,0.2893213629722595
standard_NN,50,1750,2,5,0.21344240342399903,0.25703519582748413
standard_NN,50,1750,2,6,0.19783547041671617,0.2439260184764862
standard_NN,50,1750,2,7,0.18153792114130088,0.22551557421684265
standard_NN,50,1750,2,8,0.1664931211354477,0.21156512200832367
standard_NN,50,1750,2,9,0.1601560560188123,0.20733115077018738
standard_NN,50,1750,2,10,0.15605675502281105,0.19734200835227966
standard_NN,50,1750,2,11,0.15141439690653766,0.18992236256599426
standard_NN,50,1750,2,12,0.1384508884511888,0.1964884251356125
standard_NN,50,1750,2,13,0.13777523820421525,0.19046202301979065
standard_NN,50,1750,2,14,0.1373436812178365,0.18483932316303253
standard_NN,50,1750,2,15,0.12711595025445735,0.1781722903251648
standard_NN,50,1750,2,16,0.12242670450359583,0.17492006719112396
standard_NN,50,1750,2,17,0.11926441892449345,0.1727738082408905
standard_NN,50,1750,2,18,0.11638623150065541,0.17678214609622955
standard_NN,50,1750,2,19,0.12790422500776394,0.17448383569717407
standard_NN,50,1750,2,20,0.11894036403724126,0.17429140210151672
standard_NN,50,1750,2,21,0.11424733738281898,0.17069736123085022
standard_NN,50,1750,2,22,0.10749983960496527,0.16988644003868103
standard_NN,50,1750,2,23,0.10276445094496012,0.17098486423492432
standard_NN,50,1750,2,24,0.1053216126082199,0.16753147542476654
standard_NN,50,1750,2,25,0.09842533691387091,0.17210756242275238
standard_NN,50,1750,2,26,0.10252080691446151,0.1779421865940094
standard_NN,50,1750,2,27,0.11055118730291724,0.17333386838436127
standard_NN,50,1750,2,28,0.10171054070815444,0.17370198667049408
standard_NN,50,1750,2,29,0.0932978078989046,0.1648930460214615
standard_NN,50,1750,2,30,0.08698208942743284,0.16950154304504395
standard_NN,50,1750,2,31,0.0828023855574429,0.1813480705022812
standard_NN,50,1750,2,32,0.09309424513152667,0.17407308518886566
standard_NN,50,1750,2,33,0.0815238282084465,0.16738077998161316
standard_NN,50,1750,2,34,0.08087328149537955,0.16964338719844818
standard_NN,50,1750,2,35,0.07612133012818438,0.16801483929157257
standard_NN,50,1750,2,36,0.07434099546766706,0.17024947702884674
standard_NN,50,1750,2,37,0.07547232588487011,0.17057330906391144
standard_NN,50,1750,2,38,0.07247882945063923,0.16980375349521637
standard_NN,50,1750,2,39,0.06802511364886803,0.1690811663866043
standard_NN,50,1750,2,40,0.06811055354773998,0.17955631017684937
standard_NN,50,1750,2,41,0.06859743046308202,0.1756962686777115
standard_NN,50,1750,2,42,0.07058734120801091,0.1756061613559723
standard_NN,50,1750,2,43,0.06439439689607493,0.17640122771263123
standard_NN,50,1750,2,44,0.07148971069338066,0.1760588139295578
standard_NN,50,1750,2,45,0.06339424303067583,0.17104579508304596
standard_NN,50,1750,2,46,0.06346664990165404,0.181798055768013
standard_NN,50,1750,2,47,0.06082872151663261,0.16996076703071594
standard_NN,50,1750,2,48,0.05614953810748245,0.1793515831232071
standard_NN,50,1750,2,49,0.055218170097629936,0.17966412007808685
standard_NN,50,1750,2,50,0.05382372814762805,0.17643116414546967
standard_NN,50,1750,2,51,0.050252525634797554,0.17767485976219177
standard_NN,50,1750,2,52,0.05186051210122449,0.18354012072086334
standard_NN,50,1750,2,53,0.053313401993364096,0.17481672763824463
standard_NN,50,1750,2,54,0.04806497001222202,0.1793840378522873
standard_NN,50,1750,2,55,0.049335477873682976,0.18305344879627228
standard_NN,50,1750,2,56,0.048921739316678474,0.18149881064891815
standard_NN,50,1750,2,57,0.045954131321715455,0.17641372978687286
standard_NN,50,1750,2,58,0.04558659837182079,0.17607608437538147
standard_NN,50,1750,2,59,0.042494789930060506,0.18329598009586334
standard_NN,50,1750,2,60,0.04412247925730688,0.178888738155365
standard_NN,50,1750,2,61,0.043617661676502655,0.17712515592575073
standard_NN,50,1750,2,62,0.044489106662305336,0.19431863725185394
standard_NN,50,1750,2,63,0.042774197811793,0.19153320789337158
standard_NN,50,1750,2,64,0.039859599234270196,0.181749626994133
standard_NN,50,1750,2,65,0.04129392337719245,0.1828213930130005
standard_NN,50,1750,2,66,0.036898603363494785,0.1896325647830963
standard_NN,50,1750,2,67,0.037634249443986585,0.1822543889284134
standard_NN,50,1750,2,68,0.03629390461303826,0.19744959473609924
standard_NN,50,1750,2,69,0.038237363332882524,0.19623979926109314
standard_NN,50,1750,2,70,0.03464970639574209,0.18390867114067078
standard_NN,50,1750,2,71,0.040487030687342794,0.20381560921669006
standard_NN,50,1750,2,72,0.04080514070977058,0.19395026564598083
standard_NN,50,1750,2,73,0.03574682023775365,0.1938106268644333
standard_NN,50,1750,2,74,0.03794070433026978,0.2009814977645874
standard_NN,50,1750,2,75,0.03335778734513691,0.1930590718984604
standard_NN,50,1750,2,76,0.033984264957585504,0.2010476142168045
standard_NN,50,1750,2,77,0.032819877877565365,0.1933467984199524
standard_NN,50,1750,2,78,0.029565243557694236,0.19257430732250214
standard_NN,50,1750,2,79,0.031838548402967196,0.19451755285263062
physics_guided_NN,50,1750,2,1,0.8554504386016301,0.6245113015174866
physics_guided_NN,50,1750,2,2,0.3604311559881483,0.30493414402008057
physics_guided_NN,50,1750,2,3,0.19975874067417212,0.22161369025707245
physics_guided_NN,50,1750,2,4,0.1483433390967548,0.1793876588344574
physics_guided_NN,50,1750,2,5,0.11604994658513793,0.14823399484157562
physics_guided_NN,50,1750,2,6,0.09738138950030718,0.13095277547836304
physics_guided_NN,50,1750,2,7,0.08294004075495261,0.1189381405711174
physics_guided_NN,50,1750,2,8,0.07069384173623153,0.10599514096975327
physics_guided_NN,50,1750,2,9,0.05937661909099136,0.08966675400733948
physics_guided_NN,50,1750,2,10,0.05158629544478442,0.08195795118808746
physics_guided_NN,50,1750,2,11,0.04884426817963166,0.07619543373584747
physics_guided_NN,50,1750,2,12,0.039135744462588,0.08054038137197495
physics_guided_NN,50,1750,2,13,0.04083778414808746,0.07034634798765182
physics_guided_NN,50,1750,2,14,0.039816410413810184,0.0665147602558136
physics_guided_NN,50,1750,2,15,0.03269237416264202,0.06611868739128113
physics_guided_NN,50,1750,2,16,0.028759348488944982,0.05803171172738075
physics_guided_NN,50,1750,2,17,0.027522127110777155,0.060084085911512375
physics_guided_NN,50,1750,2,18,0.024291598811812167,0.05413271486759186
physics_guided_NN,50,1750,2,19,0.02240816330803292,0.05423230677843094
physics_guided_NN,50,1750,2,20,0.022070726263336837,0.05325726792216301
physics_guided_NN,50,1750,2,21,0.020714304659382572,0.051777154207229614
physics_guided_NN,50,1750,2,22,0.020987389725632966,0.052465930581092834
physics_guided_NN,50,1750,2,23,0.016643464465492537,0.048334840685129166
physics_guided_NN,50,1750,2,24,0.016123287263326347,0.050008464604616165
physics_guided_NN,50,1750,2,25,0.01576621294121391,0.04575391486287117
physics_guided_NN,50,1750,2,26,0.0149231466764052,0.045619748532772064
physics_guided_NN,50,1750,2,27,0.013007567297401173,0.044630467891693115
physics_guided_NN,50,1750,2,28,0.012350174723126526,0.04125170037150383
physics_guided_NN,50,1750,2,29,0.011586548660748772,0.04219697788357735
physics_guided_NN,50,1750,2,30,0.01119725191633084,0.040688008069992065
physics_guided_NN,50,1750,2,31,0.010635778898306723,0.04097532480955124
physics_guided_NN,50,1750,2,32,0.010862413760540741,0.04025663062930107
physics_guided_NN,50,1750,2,33,0.00882539025042206,0.03845764324069023
physics_guided_NN,50,1750,2,34,0.01022518299786108,0.04351767897605896
physics_guided_NN,50,1750,2,35,0.009377940823989255,0.03757546842098236
physics_guided_NN,50,1750,2,36,0.008524875992277105,0.037283916026353836
physics_guided_NN,50,1750,2,37,0.007754811035868313,0.03552327677607536
physics_guided_NN,50,1750,2,38,0.007169119165545064,0.034605514258146286
physics_guided_NN,50,1750,2,39,0.006858674751129001,0.03624964877963066
physics_guided_NN,50,1750,2,40,0.006898527615703642,0.034713007509708405
physics_guided_NN,50,1750,2,41,0.0061700378552944,0.03499297797679901
physics_guided_NN,50,1750,2,42,0.006340649619232863,0.03411785140633583
physics_guided_NN,50,1750,2,43,0.006100755800226969,0.032952699810266495
physics_guided_NN,50,1750,2,44,0.005924959625450096,0.032482296228408813
physics_guided_NN,50,1750,2,45,0.005731708403410656,0.032665833830833435
physics_guided_NN,50,1750,2,46,0.004997271803274218,0.03168775886297226
physics_guided_NN,50,1750,2,47,0.0046683372056577355,0.0321960411965847
physics_guided_NN,50,1750,2,48,0.004807140175086845,0.030597224831581116
physics_guided_NN,50,1750,2,49,0.0044479427243849,0.031922727823257446
physics_guided_NN,50,1750,2,50,0.005491128848266921,0.030574768781661987
physics_guided_NN,50,1750,2,51,0.004469205434101501,0.033259257674217224
physics_guided_NN,50,1750,2,52,0.004683769919211045,0.030834248289465904
physics_guided_NN,50,1750,2,53,0.004036896072128522,0.029234863817691803
physics_guided_NN,50,1750,2,54,0.00394179328161824,0.029876824468374252
physics_guided_NN,50,1750,2,55,0.00528838494210504,0.032038211822509766
physics_guided_NN,50,1750,2,56,0.004455087681500507,0.028868621215224266
physics_guided_NN,50,1750,2,57,0.003935344608700169,0.029033102095127106
physics_guided_NN,50,1750,2,58,0.0035705407291451202,0.028859764337539673
physics_guided_NN,50,1750,2,59,0.003318264793571351,0.028129398822784424
physics_guided_NN,50,1750,2,60,0.003491382592723572,0.028097910806536674
physics_guided_NN,50,1750,2,61,0.003329351594272469,0.027222588658332825
physics_guided_NN,50,1750,2,62,0.0032565867981507574,0.028677038848400116
physics_guided_NN,50,1750,2,63,0.003399563566615273,0.028063209727406502
physics_guided_NN,50,1750,2,64,0.0033735511117681328,0.027007631957530975
physics_guided_NN,50,1750,2,65,0.0029369893724963602,0.027553915977478027
physics_guided_NN,50,1750,2,66,0.0028138770513968276,0.02650742046535015
physics_guided_NN,50,1750,2,67,0.0027065156692905085,0.026460988447070122
physics_guided_NN,50,1750,2,68,0.0027981967993712586,0.02671954780817032
physics_guided_NN,50,1750,2,69,0.0026730716053862125,0.025935621932148933
physics_guided_NN,50,1750,2,70,0.002924929672319974,0.026005957275629044
physics_guided_NN,50,1750,2,71,0.0026963504081192824,0.02649230696260929
physics_guided_NN,50,1750,2,72,0.002654138840236036,0.02567107230424881
physics_guided_NN,50,1750,2,73,0.003023954586491787,0.02426646277308464
physics_guided_NN,50,1750,2,74,0.002712413331859612,0.02564048208296299
physics_guided_NN,50,1750,2,75,0.0026019740492172006,0.025434114038944244
physics_guided_NN,50,1750,2,76,0.002468714868882671,0.025250067934393883
physics_guided_NN,50,1750,2,77,0.0025151367049797307,0.025242017582058907
physics_guided_NN,50,1750,2,78,0.002605989479759176,0.0253844503313303
physics_guided_NN,50,1750,2,79,0.00259233674400353,0.025660701096057892
physics_guided_NN,50,1750,2,80,0.002146865725600427,0.024379514157772064
physics_guided_NN,50,1750,2,81,0.0021366150550810353,0.024256577715277672
physics_guided_NN,50,1750,2,82,0.0021957703824487646,0.02360180951654911
physics_guided_NN,50,1750,2,83,0.002254249806615657,0.02410765364766121
physics_guided_NN,50,1750,2,84,0.0022808791608050732,0.025448577478528023
physics_guided_NN,50,1750,2,85,0.0023149476494706634,0.024029560387134552
physics_guided_NN,50,1750,2,86,0.0020779848169435616,0.024250878021121025
physics_guided_NN,50,1750,2,87,0.0020371298160171136,0.023608926683664322
physics_guided_NN,50,1750,2,88,0.002029177312838978,0.023553498089313507
physics_guided_NN,50,1750,2,89,0.0021109702065587044,0.02466542460024357
physics_guided_NN,50,1750,2,90,0.002299687295037854,0.02359439991414547
physics_guided_NN,50,1750,2,91,0.002048099128712368,0.02294880338013172
physics_guided_NN,50,1750,2,92,0.002184391404236002,0.023677317425608635
physics_guided_NN,50,1750,2,93,0.001972097417040329,0.022983603179454803
physics_guided_NN,50,1750,2,94,0.001835130967914925,0.023887526243925095
physics_guided_NN,50,1750,2,95,0.0017490237306836726,0.022260166704654694
physics_guided_NN,50,1750,2,96,0.001783897474524565,0.02326037362217903
physics_guided_NN,50,1750,2,97,0.001754155577925433,0.022936617955565453
physics_guided_NN,50,1750,2,98,0.0018191244182941904,0.02280014008283615
physics_guided_NN,50,1750,2,99,0.0017832666531571054,0.023597748950123787
physics_guided_NN,50,1750,2,100,0.001860077551100403,0.023241912946105003
physics_guided_NN,50,1750,2,101,0.002197864170219483,0.023833932355046272
physics_guided_NN,50,1750,2,102,0.0020331480274243014,0.022713253274559975
physics_guided_NN,50,1750,2,103,0.001789928413927555,0.02298220619559288
physics_guided_NN,50,1750,2,104,0.0017639292325059483,0.023318147286772728
physics_guided_NN,50,1750,2,105,0.0019446067786442914,0.022697295993566513
physics_guided_NN,50,1750,2,106,0.0017718992187708085,0.021794583648443222
physics_guided_NN,50,1750,2,107,0.002090108795008356,0.02267683669924736
physics_guided_NN,50,1750,2,108,0.002107189259342184,0.023379741236567497
physics_guided_NN,50,1750,2,109,0.0018812229827744886,0.023249588906764984
physics_guided_NN,50,1750,2,110,0.0019353346953201772,0.02299623005092144
physics_guided_NN,50,1750,2,111,0.001964619680490744,0.02296391688287258
physics_guided_NN,50,1750,2,112,0.0020019776981955928,0.02238445170223713
physics_guided_NN,50,1750,2,113,0.00171043977440734,0.022441470995545387
physics_guided_NN,50,1750,2,114,0.0017472556168546102,0.02264133282005787
physics_guided_NN,50,1750,2,115,0.0015964005287969485,0.022574318572878838
physics_guided_NN,50,1750,2,116,0.001540310082158872,0.021910324692726135
physics_guided_NN,50,1750,2,117,0.0015063279009025013,0.022226868197321892
physics_guided_NN,50,1750,2,118,0.0016545910163716013,0.02282574214041233
physics_guided_NN,50,1750,2,119,0.002828780096024275,0.02349863387644291
physics_guided_NN,50,1750,2,120,0.0022649107268080115,0.023444343358278275
physics_guided_NN,50,1750,2,121,0.001541750640691524,0.02290586195886135
physics_guided_NN,50,1750,2,122,0.0013588323844097821,0.0228570569306612
physics_guided_NN,50,1750,2,123,0.0015922507196332195,0.02195993810892105
physics_guided_NN,50,1750,2,124,0.0019769647042267025,0.022405002266168594
physics_guided_NN,50,1750,2,125,0.002222732495283708,0.022520162165164948
physics_guided_NN,50,1750,2,126,0.001960424812360933,0.022675305604934692
physics_guided_NN,50,1750,2,127,0.001541102847633218,0.02248152531683445
physics_guided_NN,50,1750,2,128,0.0014421752379608474,0.02249371074140072
physics_guided_NN,50,1750,2,129,0.001495543252011495,0.021577123552560806
physics_guided_NN,50,1750,2,130,0.0016022300967181633,0.022654494270682335
physics_guided_NN,50,1750,2,131,0.0023214495283484992,0.022979985922574997
physics_guided_NN,50,1750,2,132,0.0020832379606352852,0.022086070850491524
physics_guided_NN,50,1750,2,133,0.002426583446711967,0.024376602843403816
physics_guided_NN,50,1750,2,134,0.001630818724931617,0.02375238947570324
physics_guided_NN,50,1750,2,135,0.0015989221137715504,0.022408217191696167
physics_guided_NN,50,1750,2,136,0.0014773345569015614,0.02168039232492447
physics_guided_NN,50,1750,2,137,0.0012050783968464071,0.022114301100373268
physics_guided_NN,50,1750,2,138,0.0014118726810141066,0.022464673966169357
physics_guided_NN,50,1750,2,139,0.0015497789052980287,0.022124120965600014
physics_guided_NN,50,1750,2,140,0.001384358224251108,0.021192075684666634
physics_guided_NN,50,1750,2,141,0.0015151137725167377,0.021841172128915787
physics_guided_NN,50,1750,2,142,0.0013012861911972453,0.021825365722179413
physics_guided_NN,50,1750,2,143,0.0011972874708590098,0.021112466230988503
physics_guided_NN,50,1750,2,144,0.0013270856496611877,0.022495487704873085
physics_guided_NN,50,1750,2,145,0.001341262210709309,0.021933896467089653
physics_guided_NN,50,1750,2,146,0.0013251628843136132,0.021123941987752914
physics_guided_NN,50,1750,2,147,0.0011677731963573024,0.022658590227365494
physics_guided_NN,50,1750,2,148,0.0013371037182098786,0.022097531706094742
physics_guided_NN,50,1750,2,149,0.0013116183721909433,0.021272724494338036
physics_guided_NN,50,1750,2,150,0.001608174187172803,0.02309270203113556
physics_guided_NN,50,1750,2,151,0.002367965168169966,0.020926259458065033
physics_guided_NN,50,1750,2,152,0.0021175441797822714,0.021481851115822792
physics_guided_NN,50,1750,2,153,0.0020889336239114137,0.02173840068280697
physics_guided_NN,50,1750,2,154,0.0017040181711698616,0.0227217860519886
physics_guided_NN,50,1750,2,155,0.0015723314572824165,0.02192126214504242
physics_guided_NN,50,1750,2,156,0.0013374019243721186,0.02096227928996086
physics_guided_NN,50,1750,2,157,0.0013858225325488352,0.020604774355888367
physics_guided_NN,50,1750,2,158,0.002980209720720138,0.02604755014181137
physics_guided_NN,50,1750,2,159,0.003898503418895416,0.02373357117176056
physics_guided_NN,50,1750,2,160,0.0023723529655918746,0.021160755306482315
physics_guided_NN,50,1750,2,161,0.003262507194969138,0.022646887227892876
physics_guided_NN,50,1750,2,162,0.0021897042679484002,0.022603940218687057
physics_guided_NN,50,1750,2,163,0.0022515459505874397,0.022027065977454185
physics_guided_NN,50,1750,2,164,0.001414698687897596,0.021599499508738518
physics_guided_NN,50,1750,2,165,0.0014013107897231489,0.02120795100927353
physics_guided_NN,50,1750,2,166,0.001172207964763012,0.02159716747701168
physics_guided_NN,50,1750,2,167,0.0009943539438869006,0.021634241566061974
physics_guided_NN,50,1750,2,168,0.0011198217045083375,0.021495698019862175
physics_guided_NN,50,1750,2,169,0.00114233790788733,0.021076995879411697
physics_guided_NN,50,1750,2,170,0.0010561236080580524,0.021383151412010193
physics_guided_NN,50,1750,2,171,0.0010135095892889825,0.02127344347536564
physics_guided_NN,50,1750,2,172,0.0008292685223360812,0.02121775783598423
physics_guided_NN,50,1750,2,173,0.0007982401293702424,0.02116500400006771
physics_guided_NN,50,1750,2,174,0.000814163766335696,0.02079969272017479
physics_guided_NN,50,1750,2,175,0.0007857952659833245,0.02088838443160057
physics_guided_NN,50,1750,2,176,0.0008268765523098409,0.021322432905435562
physics_guided_NN,50,1750,2,177,0.0008174032482202165,0.02132265642285347
physics_guided_NN,50,1750,2,178,0.0007875277556844854,0.021298937499523163
physics_guided_NN,50,1750,2,179,0.0008270160823095856,0.02104809321463108
physics_guided_NN,50,1750,2,180,0.0007733234004782778,0.02172224596142769
physics_guided_NN,50,1750,2,181,0.0008463895418182281,0.02095295675098896
physics_guided_NN,50,1750,2,182,0.0008034179949650674,0.021039485931396484
physics_guided_NN,50,1750,2,183,0.0009256229106020848,0.022178146988153458
physics_guided_NN,50,1750,2,184,0.0008884399607528134,0.02128816582262516
physics_guided_NN,50,1750,2,185,0.000909988080301056,0.02151203528046608
physics_guided_NN,50,1750,2,186,0.000857271148041556,0.02081145904958248
physics_guided_NN,50,1750,2,187,0.0008140810085543697,0.021596213802695274
physics_guided_NN,50,1750,2,188,0.0007837581755926035,0.020899653434753418
physics_guided_NN,50,1750,2,189,0.0008702208703782942,0.020961396396160126
physics_guided_NN,50,1750,2,190,0.0013279561327570783,0.02251593768596649
physics_guided_NN,50,1750,2,191,0.0019447341474005952,0.022886604070663452
physics_guided_NN,50,1750,2,192,0.0021297416055209135,0.022269638255238533
physics_guided_NN,50,1750,2,193,0.004044277433422394,0.026283206418156624
physics_guided_NN,50,1750,2,194,0.010284027799830906,0.025113718584179878
physics_guided_NN,50,1750,2,195,0.008077917450074372,0.028938496485352516
physics_guided_NN,50,1750,2,196,0.006195864773222378,0.02510749362409115
physics_guided_NN,50,1750,2,197,0.0028174263009402368,0.02320479229092598
physics_guided_NN,50,1750,2,198,0.0020721395204808296,0.023796232417225838
physics_guided_NN,50,1750,2,199,0.0019015773162079444,0.021837960928678513
physics_guided_NN,50,1750,2,200,0.0011320183288522198,0.021921003237366676
physics_guided_NN,50,1750,2,201,0.00095242888242605,0.02119237184524536
physics_guided_NN,50,1750,2,202,0.0010610802190577878,0.021009188145399094
physics_guided_NN,50,1750,2,203,0.0009073307675342741,0.021432045847177505
physics_guided_NN,50,1750,2,204,0.0009286464067242507,0.021837273612618446
physics_guided_NN,50,1750,2,205,0.0009031858051977386,0.021658077836036682
physics_guided_NN,50,1750,2,206,0.0009539732969382644,0.02147289179265499
physics_guided_NN,50,1750,2,207,0.0007265820427814365,0.021121149882674217
standard_NN,50,1750,3,1,0.8879844929490771,0.6729893684387207
standard_NN,50,1750,3,2,0.4997939531292234,0.35428163409233093
standard_NN,50,1750,3,3,0.30567725827651365,0.28912433981895447
standard_NN,50,1750,3,4,0.2557503152638674,0.2486509531736374
standard_NN,50,1750,3,5,0.23040881952536957,0.2300359457731247
standard_NN,50,1750,3,6,0.21004014103008167,0.2127656787633896
standard_NN,50,1750,3,7,0.29501071971442017,0.20120975375175476
standard_NN,50,1750,3,8,0.19124173479420797,0.19577568769454956
standard_NN,50,1750,3,9,0.18263470448021377,0.18950650095939636
standard_NN,50,1750,3,10,0.17264883393155678,0.18567821383476257
standard_NN,50,1750,3,11,0.16567409271374345,0.1786021739244461
standard_NN,50,1750,3,12,0.16184592539710657,0.1789351850748062
standard_NN,50,1750,3,13,0.16318886487611703,0.17478598654270172
standard_NN,50,1750,3,14,0.15575459945414746,0.17163518071174622
standard_NN,50,1750,3,15,0.15490229820300425,0.16821573674678802
standard_NN,50,1750,3,16,0.14772689914596931,0.16576959192752838
standard_NN,50,1750,3,17,0.14500842642571246,0.17225578427314758
standard_NN,50,1750,3,18,0.1427705763573093,0.16908694803714752
standard_NN,50,1750,3,19,0.1328993390447327,0.16093534231185913
standard_NN,50,1750,3,20,0.13681298920086452,0.16216707229614258
standard_NN,50,1750,3,21,0.12966267704697593,0.16079458594322205
standard_NN,50,1750,3,22,0.12888463147516763,0.1627013236284256
standard_NN,50,1750,3,23,0.13077035579564317,0.165330171585083
standard_NN,50,1750,3,24,0.1385463826092226,0.16206656396389008
standard_NN,50,1750,3,25,0.12374427961185575,0.15939882397651672
standard_NN,50,1750,3,26,0.12034158455207944,0.16312085092067719
standard_NN,50,1750,3,27,0.12124448911552983,0.16267041862010956
standard_NN,50,1750,3,28,0.11999471937971455,0.17030079662799835
standard_NN,50,1750,3,29,0.11526718130335212,0.16077183187007904
standard_NN,50,1750,3,30,0.11389091537733163,0.16733494400978088
standard_NN,50,1750,3,31,0.11304083260308419,0.16418536007404327
standard_NN,50,1750,3,32,0.11634158196726016,0.17440444231033325
standard_NN,50,1750,3,33,0.11397173102678997,0.1653231680393219
standard_NN,50,1750,3,34,0.10793805252095419,0.1656617969274521
standard_NN,50,1750,3,35,0.10778947999434811,0.16777239739894867
standard_NN,50,1750,3,36,0.10233476219166603,0.17017364501953125
standard_NN,50,1750,3,37,0.10170782710026417,0.1626146286725998
standard_NN,50,1750,3,38,0.10468940998959754,0.17373061180114746
standard_NN,50,1750,3,39,0.10043027907210801,0.1704903393983841
standard_NN,50,1750,3,40,0.09603439600739096,0.16819290816783905
standard_NN,50,1750,3,41,0.09048968563521546,0.1669081747531891
standard_NN,50,1750,3,42,0.09155595884658396,0.17887938022613525
standard_NN,50,1750,3,43,0.09964367241731711,0.18027634918689728
standard_NN,50,1750,3,44,0.09429109711865229,0.16972944140434265
standard_NN,50,1750,3,45,0.09512810468939799,0.16952039301395416
standard_NN,50,1750,3,46,0.09027704503387213,0.17173393070697784
standard_NN,50,1750,3,47,0.08326374034264258,0.16920296847820282
standard_NN,50,1750,3,48,0.08217577343540532,0.16980652511119843
standard_NN,50,1750,3,49,0.0791046750465674,0.18301203846931458
standard_NN,50,1750,3,50,0.08313818881288171,0.17333544790744781
standard_NN,50,1750,3,51,0.08029226699311819,0.1922990083694458
standard_NN,50,1750,3,52,0.08229218257058944,0.17325156927108765
standard_NN,50,1750,3,53,0.08898849599063396,0.16457653045654297
standard_NN,50,1750,3,54,0.07645664736628532,0.17839811742305756
standard_NN,50,1750,3,55,0.07079612646651055,0.16715481877326965
standard_NN,50,1750,3,56,0.06702681833745114,0.1746867448091507
standard_NN,50,1750,3,57,0.06503707167160298,0.17102833092212677
standard_NN,50,1750,3,58,0.06667348809008088,0.203704372048378
standard_NN,50,1750,3,59,0.07348622717628521,0.18866601586341858
standard_NN,50,1750,3,60,0.06849485855283481,0.1751779019832611
standard_NN,50,1750,3,61,0.061655984027311206,0.1760123372077942
standard_NN,50,1750,3,62,0.059903981197359304,0.17765609920024872
standard_NN,50,1750,3,63,0.06204371254092881,0.17932195961475372
standard_NN,50,1750,3,64,0.05902020214125514,0.16659462451934814
standard_NN,50,1750,3,65,0.057611078290002685,0.1767541617155075
standard_NN,50,1750,3,66,0.051984522658001096,0.161653533577919
standard_NN,50,1750,3,67,0.05441643903031945,0.1666068434715271
standard_NN,50,1750,3,68,0.05116634478326887,0.1747579723596573
standard_NN,50,1750,3,69,0.0493893302710993,0.161925807595253
standard_NN,50,1750,3,70,0.052967535864029615,0.18809252977371216
standard_NN,50,1750,3,71,0.05358440741630537,0.17802701890468597
standard_NN,50,1750,3,72,0.0491999637535108,0.17802844941616058
standard_NN,50,1750,3,73,0.04668382871230798,0.16403807699680328
standard_NN,50,1750,3,74,0.045278158238423724,0.1716282218694687
standard_NN,50,1750,3,75,0.044267814074243815,0.16838960349559784
physics_guided_NN,50,1750,3,1,0.8360739084226745,0.5816835761070251
physics_guided_NN,50,1750,3,2,0.40595020234052626,0.31914258003234863
physics_guided_NN,50,1750,3,3,0.2664170251893146,0.25009316205978394
physics_guided_NN,50,1750,3,4,0.21301761336092437,0.19974125921726227
physics_guided_NN,50,1750,3,5,0.17921375037570084,0.17014771699905396
physics_guided_NN,50,1750,3,6,0.15060513805864112,0.1465667188167572
physics_guided_NN,50,1750,3,7,0.22122772596776485,0.12756411731243134
physics_guided_NN,50,1750,3,8,0.12167227394612772,0.11426601558923721
physics_guided_NN,50,1750,3,9,0.10509064088442496,0.10174605250358582
physics_guided_NN,50,1750,3,10,0.09488098695874214,0.09574248641729355
physics_guided_NN,50,1750,3,11,0.08623076220309096,0.08023419976234436
physics_guided_NN,50,1750,3,12,0.07633947107076113,0.07729227840900421
physics_guided_NN,50,1750,3,13,0.07271996306787644,0.0703674852848053
physics_guided_NN,50,1750,3,14,0.06786738319455513,0.06894505023956299
physics_guided_NN,50,1750,3,15,0.06105998091931854,0.0602727048099041
physics_guided_NN,50,1750,3,16,0.05568604893051088,0.055919818580150604
physics_guided_NN,50,1750,3,17,0.05710554976082806,0.05215921252965927
physics_guided_NN,50,1750,3,18,0.05368339403399399,0.0591752864420414
physics_guided_NN,50,1750,3,19,0.04435597982124558,0.045703839510679245
physics_guided_NN,50,1750,3,20,0.04301004815247974,0.04378945752978325
physics_guided_NN,50,1750,3,21,0.03772075104227822,0.04039349406957626
physics_guided_NN,50,1750,3,22,0.041784408768372874,0.04417896643280983
physics_guided_NN,50,1750,3,23,0.03750368538645229,0.04215767979621887
physics_guided_NN,50,1750,3,24,0.04141664905806205,0.03638892620801926
physics_guided_NN,50,1750,3,25,0.03037179179955274,0.03826795518398285
physics_guided_NN,50,1750,3,26,0.031690103450923095,0.04183033108711243
physics_guided_NN,50,1750,3,27,0.03890384964844478,0.036378681659698486
physics_guided_NN,50,1750,3,28,0.02795047881746931,0.031502243131399155
physics_guided_NN,50,1750,3,29,0.024114649584849497,0.034302134066820145
physics_guided_NN,50,1750,3,30,0.022841570832367455,0.031144531443715096
physics_guided_NN,50,1750,3,31,0.021344022692314217,0.029696879908442497
physics_guided_NN,50,1750,3,32,0.022633605046264296,0.030287642031908035
physics_guided_NN,50,1750,3,33,0.021940591088163534,0.036277227103710175
physics_guided_NN,50,1750,3,34,0.021935978264082223,0.03848659247159958
physics_guided_NN,50,1750,3,35,0.021573313561800336,0.03190746530890465
physics_guided_NN,50,1750,3,36,0.01936184719670564,0.025398163124918938
physics_guided_NN,50,1750,3,37,0.016728484628921642,0.024407343938946724
physics_guided_NN,50,1750,3,38,0.018325501986380135,0.028565047308802605
physics_guided_NN,50,1750,3,39,0.015939921024255455,0.028761863708496094
physics_guided_NN,50,1750,3,40,0.019562757474237254,0.02624746970832348
physics_guided_NN,50,1750,3,41,0.015050217592423516,0.022581061348319054
physics_guided_NN,50,1750,3,42,0.01409635248793555,0.024787088856101036
physics_guided_NN,50,1750,3,43,0.019549709112782563,0.02451157197356224
physics_guided_NN,50,1750,3,44,0.012709345435723662,0.02353675849735737
physics_guided_NN,50,1750,3,45,0.0188792995759286,0.02710009180009365
physics_guided_NN,50,1750,3,46,0.01241788505077628,0.022804459556937218
physics_guided_NN,50,1750,3,47,0.011158844663961125,0.020662058144807816
physics_guided_NN,50,1750,3,48,0.012637251214722969,0.019843216985464096
physics_guided_NN,50,1750,3,49,0.01043854615584548,0.019507041200995445
physics_guided_NN,50,1750,3,50,0.011207918120947267,0.01979762129485607
physics_guided_NN,50,1750,3,51,0.01143719838000834,0.019664021208882332
physics_guided_NN,50,1750,3,52,0.008776509701939566,0.01684916950762272
physics_guided_NN,50,1750,3,53,0.009132410283200443,0.01877296157181263
physics_guided_NN,50,1750,3,54,0.008822579876453216,0.01593164913356304
physics_guided_NN,50,1750,3,55,0.00757693564186671,0.01613861694931984
physics_guided_NN,50,1750,3,56,0.011469253272350346,0.021901661530137062
physics_guided_NN,50,1750,3,57,0.009116676694247872,0.019506104290485382
physics_guided_NN,50,1750,3,58,0.0068672244254100534,0.015510184690356255
physics_guided_NN,50,1750,3,59,0.0072353885459181455,0.022492695599794388
physics_guided_NN,50,1750,3,60,0.007292310940101743,0.014437145553529263
physics_guided_NN,50,1750,3,61,0.006306090849518243,0.015545637346804142
physics_guided_NN,50,1750,3,62,0.005928806494921446,0.015565688721835613
physics_guided_NN,50,1750,3,63,0.006781973244090166,0.015361961908638477
physics_guided_NN,50,1750,3,64,0.006009135407761538,0.013576608151197433
physics_guided_NN,50,1750,3,65,0.006058652619166034,0.012778130359947681
physics_guided_NN,50,1750,3,66,0.005607307955090489,0.016870325431227684
physics_guided_NN,50,1750,3,67,0.004997126862040854,0.013173974119126797
physics_guided_NN,50,1750,3,68,0.00657783485283809,0.01902635209262371
physics_guided_NN,50,1750,3,69,0.005882448961658936,0.013724683783948421
physics_guided_NN,50,1750,3,70,0.005194328051792192,0.01917003095149994
physics_guided_NN,50,1750,3,71,0.005441881949082017,0.013071627356112003
physics_guided_NN,50,1750,3,72,0.004818462242837995,0.010798617266118526
physics_guided_NN,50,1750,3,73,0.006171548385672005,0.01667996682226658
physics_guided_NN,50,1750,3,74,0.005006707227689081,0.011243270710110664
physics_guided_NN,50,1750,3,75,0.0053875971768450525,0.016628455370664597
physics_guided_NN,50,1750,3,76,0.005373652284366212,0.013921543955802917
physics_guided_NN,50,1750,3,77,0.006245274196511933,0.013553788885474205
physics_guided_NN,50,1750,3,78,0.0045245947299658185,0.013944831676781178
physics_guided_NN,50,1750,3,79,0.0049374103795603985,0.012353340163826942
physics_guided_NN,50,1750,3,80,0.004075324216890814,0.010325768031179905
physics_guided_NN,50,1750,3,81,0.004567813111602196,0.014450730755925179
physics_guided_NN,50,1750,3,82,0.0036981079985188054,0.012164336629211903
physics_guided_NN,50,1750,3,83,0.0036709723811197493,0.015236826613545418
physics_guided_NN,50,1750,3,84,0.0033571805979590863,0.010446826927363873
physics_guided_NN,50,1750,3,85,0.003201849862567282,0.015124297700822353
physics_guided_NN,50,1750,3,86,0.00503268011795756,0.015211761929094791
physics_guided_NN,50,1750,3,87,0.0034740261741847333,0.01167059876024723
physics_guided_NN,50,1750,3,88,0.0029815103334840387,0.010879549197852612
physics_guided_NN,50,1750,3,89,0.0030122251357949737,0.011300081387162209
physics_guided_NN,50,1750,3,90,0.00299439494431551,0.010239014402031898
physics_guided_NN,50,1750,3,91,0.002426523611315393,0.011553342454135418
physics_guided_NN,50,1750,3,92,0.0026490488422236274,0.011899197474122047
physics_guided_NN,50,1750,3,93,0.0030396508019683616,0.009801985695958138
physics_guided_NN,50,1750,3,94,0.002686178502959332,0.012598377652466297
physics_guided_NN,50,1750,3,95,0.0029054334819582956,0.010627202689647675
physics_guided_NN,50,1750,3,96,0.0027017308997788598,0.010837540961802006
physics_guided_NN,50,1750,3,97,0.002601079867287938,0.009127853438258171
physics_guided_NN,50,1750,3,98,0.0024441795831080526,0.010748399421572685
physics_guided_NN,50,1750,3,99,0.0026525623148440252,0.009501378983259201
physics_guided_NN,50,1750,3,100,0.0025525252567604184,0.009587720967829227
physics_guided_NN,50,1750,3,101,0.002328342620915334,0.010677841491997242
physics_guided_NN,50,1750,3,102,0.0025518711398555233,0.009677652269601822
physics_guided_NN,50,1750,3,103,0.002098833562091126,0.009527700021862984
physics_guided_NN,50,1750,3,104,0.0021490386258977067,0.009327121078968048
physics_guided_NN,50,1750,3,105,0.002533516424591653,0.009912499226629734
physics_guided_NN,50,1750,3,106,0.002268145318209593,0.009390648454427719
physics_guided_NN,50,1750,3,107,0.0023292154447907315,0.009948432445526123
physics_guided_NN,50,1750,3,108,0.00200474847224541,0.00884157419204712
physics_guided_NN,50,1750,3,109,0.0019405305294120418,0.009145433083176613
physics_guided_NN,50,1750,3,110,0.0019131921955184744,0.008471540175378323
physics_guided_NN,50,1750,3,111,0.0017413319313033884,0.009253224357962608
physics_guided_NN,50,1750,3,112,0.001876790970397581,0.008779723197221756
physics_guided_NN,50,1750,3,113,0.0018984942289534956,0.008748813532292843
physics_guided_NN,50,1750,3,114,0.0022880932540699306,0.009205237030982971
physics_guided_NN,50,1750,3,115,0.001807737270220449,0.008620284497737885
physics_guided_NN,50,1750,3,116,0.002023988305674201,0.008922135457396507
physics_guided_NN,50,1750,3,117,0.002110488317807072,0.008987732231616974
physics_guided_NN,50,1750,3,118,0.002080997751493539,0.008490171283483505
physics_guided_NN,50,1750,3,119,0.0021633315191138536,0.008343754336237907
physics_guided_NN,50,1750,3,120,0.002175980372287865,0.008372689597308636
physics_guided_NN,50,1750,3,121,0.002288088861470377,0.010606945492327213
physics_guided_NN,50,1750,3,122,0.001985208580403456,0.009219910018146038
physics_guided_NN,50,1750,3,123,0.0019830135445642683,0.00795429665595293
physics_guided_NN,50,1750,3,124,0.002060422576115733,0.008064290508627892
physics_guided_NN,50,1750,3,125,0.0019470664535349766,0.008105029352009296
physics_guided_NN,50,1750,3,126,0.0015877681705335686,0.008692125789821148
physics_guided_NN,50,1750,3,127,0.0016896628658287227,0.008193984627723694
physics_guided_NN,50,1750,3,128,0.001673447830918511,0.00820500310510397
physics_guided_NN,50,1750,3,129,0.001661097034229897,0.007838672958314419
physics_guided_NN,50,1750,3,130,0.0020566949741415946,0.009407689794898033
physics_guided_NN,50,1750,3,131,0.002104892399594454,0.008261759765446186
physics_guided_NN,50,1750,3,132,0.0015870331117184833,0.007992970757186413
physics_guided_NN,50,1750,3,133,0.0015231256423118924,0.009041128680109978
physics_guided_NN,50,1750,3,134,0.0014593008818337694,0.007779539097100496
physics_guided_NN,50,1750,3,135,0.0014438659834143306,0.008278491906821728
physics_guided_NN,50,1750,3,136,0.0018303024969230006,0.008676301687955856
physics_guided_NN,50,1750,3,137,0.0016506101570225187,0.007065613754093647
physics_guided_NN,50,1750,3,138,0.0016500069551901625,0.007836316712200642
physics_guided_NN,50,1750,3,139,0.001991988592115896,0.008198167197406292
physics_guided_NN,50,1750,3,140,0.0017509254352522216,0.008618252351880074
physics_guided_NN,50,1750,3,141,0.0013767014398971306,0.008348231203854084
physics_guided_NN,50,1750,3,142,0.001405637607344293,0.007093662861734629
physics_guided_NN,50,1750,3,143,0.001504524066279243,0.007732026744633913
physics_guided_NN,50,1750,3,144,0.0014195788535289466,0.008224998600780964
physics_guided_NN,50,1750,3,145,0.0014632955322407984,0.006896602921187878
physics_guided_NN,50,1750,3,146,0.0012816540506069682,0.008253409527242184
physics_guided_NN,50,1750,3,147,0.0013195737368992663,0.006618521176278591
physics_guided_NN,50,1750,3,148,0.0017808274174707808,0.006843401584774256
physics_guided_NN,50,1750,3,149,0.0015676362423359283,0.007894409820437431
physics_guided_NN,50,1750,3,150,0.001640990052172648,0.0074257999658584595
physics_guided_NN,50,1750,3,151,0.0013250372160525461,0.007314666640013456
physics_guided_NN,50,1750,3,152,0.0015366768410396098,0.006913510151207447
physics_guided_NN,50,1750,3,153,0.0011745490680498602,0.0071962745860219
physics_guided_NN,50,1750,3,154,0.0011944541433227382,0.008826134726405144
physics_guided_NN,50,1750,3,155,0.0013295450917212293,0.007310061249881983
physics_guided_NN,50,1750,3,156,0.0013812376980370442,0.008083472959697247
physics_guided_NN,50,1750,3,157,0.001806361459395183,0.006877637002617121
physics_guided_NN,50,1750,3,158,0.0019170353750398914,0.009768150746822357
physics_guided_NN,50,1750,3,159,0.0026858536168999437,0.0071421354077756405
physics_guided_NN,50,1750,3,160,0.006737148476531729,0.013994465582072735
physics_guided_NN,50,1750,3,161,0.006679874770010689,0.01641928404569626
physics_guided_NN,50,1750,3,162,0.006363820816789355,0.008170757442712784
physics_guided_NN,50,1750,3,163,0.0028530875195948674,0.007947258651256561
physics_guided_NN,50,1750,3,164,0.0021508382508597735,0.007910516113042831
physics_guided_NN,50,1750,3,165,0.0015280646039173007,0.007949145510792732
physics_guided_NN,50,1750,3,166,0.0013587819370773754,0.008656270802021027
physics_guided_NN,50,1750,3,167,0.0012048945728955524,0.008405731059610844
physics_guided_NN,50,1750,3,168,0.0011310621297785214,0.007641092874109745
physics_guided_NN,50,1750,3,169,0.0010876611049752682,0.007483855355530977
physics_guided_NN,50,1750,3,170,0.0011075084434456325,0.00807884894311428
physics_guided_NN,50,1750,3,171,0.0011943628924200311,0.008167448453605175
physics_guided_NN,50,1750,3,172,0.0010458639361396699,0.007758944295346737
physics_guided_NN,50,1750,3,173,0.001046628640324343,0.0076767331920564175
physics_guided_NN,50,1750,3,174,0.001162112564738241,0.007449826691299677
physics_guided_NN,50,1750,3,175,0.0011979525058580162,0.00841692928224802
physics_guided_NN,50,1750,3,176,0.001255905837751925,0.008181956596672535
physics_guided_NN,50,1750,3,177,0.0014286465863863537,0.014878589659929276
physics_guided_NN,50,1750,3,178,0.0027603260179083528,0.008016868494451046
physics_guided_NN,50,1750,3,179,0.0025648084348566563,0.006806930527091026
physics_guided_NN,50,1750,3,180,0.0025989854350752595,0.011449630372226238
physics_guided_NN,50,1750,3,181,0.006074706545665062,0.00923505611717701
physics_guided_NN,50,1750,3,182,0.002849964998728995,0.00820449460297823
physics_guided_NN,50,1750,3,183,0.002752068789309955,0.009494226425886154
physics_guided_NN,50,1750,3,184,0.0025342440307472964,0.007833296433091164
physics_guided_NN,50,1750,3,185,0.0018992392890920331,0.010086669586598873
physics_guided_NN,50,1750,3,186,0.0022064706884391072,0.010156006552278996
physics_guided_NN,50,1750,3,187,0.00256535571367879,0.014708947390317917
physics_guided_NN,50,1750,3,188,0.0030104345849914743,0.00904591754078865
physics_guided_NN,50,1750,3,189,0.0027206455665041824,0.008785299956798553
physics_guided_NN,50,1750,3,190,0.001845114752151338,0.007712186314165592
physics_guided_NN,50,1750,3,191,0.0012944090225833601,0.007670408580452204
physics_guided_NN,50,1750,3,192,0.002520689757407776,0.009134822525084019
physics_guided_NN,50,1750,3,193,0.0013304605464717107,0.0074121952056884766
physics_guided_NN,50,1750,3,194,0.0017675039208760218,0.009019654244184494
physics_guided_NN,50,1750,3,195,0.0012548430261501511,0.0074922977946698666
physics_guided_NN,50,1750,3,196,0.0013691353565913492,0.007268362212926149
physics_guided_NN,50,1750,3,197,0.0013338123067764432,0.008763518184423447
standard_NN,75,2625,1,1,0.7569830971104758,0.41245681047439575
standard_NN,75,2625,1,2,0.32605082843275296,0.28910988569259644
standard_NN,75,2625,1,3,0.2637395440112977,0.24843457341194153
standard_NN,75,2625,1,4,0.23294499352396952,0.22609297931194305
standard_NN,75,2625,1,5,0.21078678185031527,0.2070179283618927
standard_NN,75,2625,1,6,0.1964044500796479,0.19489268958568573
standard_NN,75,2625,1,7,0.18634775408454948,0.18501240015029907
standard_NN,75,2625,1,8,0.17860307859345562,0.1887437254190445
standard_NN,75,2625,1,9,0.184239209244316,0.1725783348083496
standard_NN,75,2625,1,10,0.17260742892644235,0.1671992689371109
standard_NN,75,2625,1,11,0.1686632139608264,0.16352316737174988
standard_NN,75,2625,1,12,0.16243055791571914,0.16452524065971375
standard_NN,75,2625,1,13,0.15659980153820166,0.17615072429180145
standard_NN,75,2625,1,14,0.1669122591348631,0.16115409135818481
standard_NN,75,2625,1,15,0.15948926582877038,0.1576411873102188
standard_NN,75,2625,1,16,0.1598109580532071,0.15937767922878265
standard_NN,75,2625,1,17,0.15426207556655364,0.16164077818393707
standard_NN,75,2625,1,18,0.15248862064964624,0.15514039993286133
standard_NN,75,2625,1,19,0.14956829046353787,0.15353824198246002
standard_NN,75,2625,1,20,0.14802436754550963,0.1525750756263733
standard_NN,75,2625,1,21,0.15019756282812782,0.1540878713130951
standard_NN,75,2625,1,22,0.14869831356086902,0.15502828359603882
standard_NN,75,2625,1,23,0.1485461101068982,0.15406259894371033
standard_NN,75,2625,1,24,0.14017967691844596,0.1517714262008667
standard_NN,75,2625,1,25,0.25406955200291814,0.1621033102273941
standard_NN,75,2625,1,26,0.21002039628192073,0.16868960857391357
standard_NN,75,2625,1,27,0.1479164499878174,0.16222362220287323
standard_NN,75,2625,1,28,0.13908312487460317,0.15408918261528015
standard_NN,75,2625,1,29,0.13447590891294003,0.15317457914352417
standard_NN,75,2625,1,30,0.13458588180392758,0.15184146165847778
standard_NN,75,2625,1,31,0.13054715578965398,0.15205077826976776
standard_NN,75,2625,1,32,0.1347526423439073,0.1523263305425644
standard_NN,75,2625,1,33,0.13233676171373754,0.15683086216449738
standard_NN,75,2625,1,34,0.12940983327903918,0.1576353907585144
standard_NN,75,2625,1,35,0.13067190812545873,0.16337500512599945
standard_NN,75,2625,1,36,0.12914307415485382,0.15236546099185944
standard_NN,75,2625,1,37,0.12227185238623947,0.15195395052433014
standard_NN,75,2625,1,38,0.12229740593050208,0.15059080719947815
standard_NN,75,2625,1,39,0.12083733418867701,0.16307710111141205
standard_NN,75,2625,1,40,0.1374378536323396,0.15470507740974426
standard_NN,75,2625,1,41,0.1190348508590389,0.15142159163951874
standard_NN,75,2625,1,42,0.11340177035128277,0.15715885162353516
standard_NN,75,2625,1,43,0.11840207571540737,0.15246915817260742
standard_NN,75,2625,1,44,0.1141558578442311,0.15434624254703522
standard_NN,75,2625,1,45,0.11165726256080061,0.1501157432794571
standard_NN,75,2625,1,46,0.10813697179158528,0.15378570556640625
standard_NN,75,2625,1,47,0.10682090210251599,0.1575499325990677
standard_NN,75,2625,1,48,0.1111731640052139,0.15281008183956146
standard_NN,75,2625,1,49,0.10538082273255679,0.1508188247680664
standard_NN,75,2625,1,50,0.10172573080524758,0.14799366891384125
standard_NN,75,2625,1,51,0.10093096284461874,0.1514035016298294
standard_NN,75,2625,1,52,0.10971142888246548,0.15856893360614777
standard_NN,75,2625,1,53,0.13037072135401623,0.1614837497472763
standard_NN,75,2625,1,54,0.11148300631681368,0.1520552635192871
standard_NN,75,2625,1,55,0.09843589838904639,0.14954592287540436
standard_NN,75,2625,1,56,0.09967640512401149,0.16304819285869598
standard_NN,75,2625,1,57,0.12033142776982415,0.16226747632026672
standard_NN,75,2625,1,58,0.14174900884141348,0.1591828614473343
standard_NN,75,2625,1,59,0.10054038517964295,0.14966049790382385
standard_NN,75,2625,1,60,0.09045870852978191,0.16022159159183502
standard_NN,75,2625,1,61,0.09024521919976299,0.15237268805503845
standard_NN,75,2625,1,62,0.08752668866266806,0.14938171207904816
standard_NN,75,2625,1,63,0.08303838493191593,0.1506371647119522
standard_NN,75,2625,1,64,0.08150671630920399,0.14579132199287415
standard_NN,75,2625,1,65,0.08227266099614401,0.15162420272827148
standard_NN,75,2625,1,66,0.08193384736244168,0.14758704602718353
standard_NN,75,2625,1,67,0.07964050043180275,0.14316794276237488
standard_NN,75,2625,1,68,0.07718303001352719,0.15027658641338348
standard_NN,75,2625,1,69,0.08164803710366998,0.14463810622692108
standard_NN,75,2625,1,70,0.07329076152520775,0.1454973816871643
standard_NN,75,2625,1,71,0.07160917144557018,0.14677287638187408
standard_NN,75,2625,1,72,0.07191584210488058,0.14453205466270447
standard_NN,75,2625,1,73,0.07413490965873712,0.14603981375694275
standard_NN,75,2625,1,74,0.07592629384903592,0.15126748383045197
standard_NN,75,2625,1,75,0.06641994882929361,0.14767339825630188
standard_NN,75,2625,1,76,0.06568390738573812,0.14309263229370117
standard_NN,75,2625,1,77,0.06439951721334919,0.14429865777492523
standard_NN,75,2625,1,78,0.0680422098763908,0.15461838245391846
standard_NN,75,2625,1,79,0.06594405835494399,0.1456693410873413
standard_NN,75,2625,1,80,0.058937273264053236,0.15471898019313812
standard_NN,75,2625,1,81,0.06286196918171343,0.14531344175338745
standard_NN,75,2625,1,82,0.0561458821147902,0.14987315237522125
standard_NN,75,2625,1,83,0.060623684033219306,0.15398499369621277
standard_NN,75,2625,1,84,0.06129146677752336,0.1611255705356598
standard_NN,75,2625,1,85,0.06114329622747997,0.15074120461940765
standard_NN,75,2625,1,86,0.05265982608710017,0.14841106534004211
standard_NN,75,2625,1,87,0.05070465124611344,0.15192152559757233
standard_NN,75,2625,1,88,0.05599646439908871,0.15531937777996063
standard_NN,75,2625,1,89,0.05100608570778388,0.14265909790992737
standard_NN,75,2625,1,90,0.053561422474948425,0.15138231217861176
standard_NN,75,2625,1,91,0.047504106675097274,0.15384221076965332
standard_NN,75,2625,1,92,0.04947824788368529,0.15157847106456757
standard_NN,75,2625,1,93,0.050676823261060884,0.16192637383937836
standard_NN,75,2625,1,94,0.04980514624982052,0.15037359297275543
standard_NN,75,2625,1,95,0.04414954153721088,0.1572992354631424
standard_NN,75,2625,1,96,0.0468492695973033,0.15633805096149445
standard_NN,75,2625,1,97,0.04204685423922326,0.1519673466682434
standard_NN,75,2625,1,98,0.041594911516377966,0.15721376240253448
standard_NN,75,2625,1,99,0.03907080522427956,0.16052304208278656
standard_NN,75,2625,1,100,0.04248222870574821,0.15508949756622314
standard_NN,75,2625,1,101,0.043752076991257216,0.16111737489700317
standard_NN,75,2625,1,102,0.04133938323883783,0.15409471094608307
standard_NN,75,2625,1,103,0.048130545895435806,0.15416672825813293
standard_NN,75,2625,1,104,0.03943795350746119,0.1548246145248413
standard_NN,75,2625,1,105,0.037598844595430864,0.15938568115234375
standard_NN,75,2625,1,106,0.04215384344570339,0.16502858698368073
standard_NN,75,2625,1,107,0.039939009806229955,0.15821944177150726
standard_NN,75,2625,1,108,0.03544664794545887,0.16480761766433716
standard_NN,75,2625,1,109,0.03554743270034946,0.16524158418178558
standard_NN,75,2625,1,110,0.034789082497203104,0.17248505353927612
standard_NN,75,2625,1,111,0.03491050909672465,0.15879249572753906
standard_NN,75,2625,1,112,0.03497315702649454,0.16836881637573242
standard_NN,75,2625,1,113,0.0335534279279056,0.1713317185640335
standard_NN,75,2625,1,114,0.03350891639101541,0.16599267721176147
standard_NN,75,2625,1,115,0.03321542839763597,0.17364872992038727
standard_NN,75,2625,1,116,0.033821953968505285,0.1749349981546402
standard_NN,75,2625,1,117,0.03408602984356029,0.15563200414180756
standard_NN,75,2625,1,118,0.0397049463797538,0.16599442064762115
standard_NN,75,2625,1,119,0.03432501126856854,0.16958487033843994
standard_NN,75,2625,1,120,0.03125161271808403,0.1668875366449356
standard_NN,75,2625,1,121,0.02900478083063804,0.16580846905708313
standard_NN,75,2625,1,122,0.03254297730468568,0.17107339203357697
standard_NN,75,2625,1,123,0.031557368369595634,0.17014464735984802
standard_NN,75,2625,1,124,0.028314888189751877,0.17912685871124268
standard_NN,75,2625,1,125,0.03419779512720803,0.16887935996055603
standard_NN,75,2625,1,126,0.0495472772579108,0.1757560819387436
standard_NN,75,2625,1,127,0.03858647681772709,0.1924971044063568
standard_NN,75,2625,1,128,0.034310871945871485,0.16654634475708008
standard_NN,75,2625,1,129,0.026303808626142285,0.1843986064195633
standard_NN,75,2625,1,130,0.030350469291165826,0.17977242171764374
standard_NN,75,2625,1,131,0.025829864011722662,0.1717737317085266
standard_NN,75,2625,1,132,0.02399157533710379,0.17927603423595428
standard_NN,75,2625,1,133,0.025637219407750916,0.17541852593421936
standard_NN,75,2625,1,134,0.03298312791490129,0.1728922724723816
standard_NN,75,2625,1,135,0.07023497879327763,0.17363254725933075
standard_NN,75,2625,1,136,0.038559444342917276,0.17978784441947937
standard_NN,75,2625,1,137,0.03456863252046917,0.18882378935813904
standard_NN,75,2625,1,138,0.030243994329274364,0.19011074304580688
standard_NN,75,2625,1,139,0.029862818047626034,0.17466183006763458
physics_guided_NN,75,2625,1,1,0.7525695360132626,0.3596116602420807
physics_guided_NN,75,2625,1,2,0.2581303593746963,0.21900343894958496
physics_guided_NN,75,2625,1,3,0.1862783039077407,0.16863396763801575
physics_guided_NN,75,2625,1,4,0.1564151727971399,0.14745958149433136
physics_guided_NN,75,2625,1,5,0.1283148925064043,0.12131471186876297
physics_guided_NN,75,2625,1,6,0.11080867457868797,0.1052827313542366
physics_guided_NN,75,2625,1,7,0.095640294564267,0.09133297204971313
physics_guided_NN,75,2625,1,8,0.08412892940188092,0.0856340304017067
physics_guided_NN,75,2625,1,9,0.07655486369982273,0.0862775444984436
physics_guided_NN,75,2625,1,10,0.082235143264933,0.07099062949419022
physics_guided_NN,75,2625,1,11,0.08268629298323676,0.0707840546965599
physics_guided_NN,75,2625,1,12,0.059109386056661606,0.06550627946853638
physics_guided_NN,75,2625,1,13,0.05051267932243978,0.06357821822166443
physics_guided_NN,75,2625,1,14,0.05127399728544766,0.0669427216053009
physics_guided_NN,75,2625,1,15,0.054349668529106394,0.05948537960648537
physics_guided_NN,75,2625,1,16,0.04483758333870875,0.06081469729542732
physics_guided_NN,75,2625,1,17,0.03831949531810269,0.05512719973921776
physics_guided_NN,75,2625,1,18,0.03725247891963504,0.048818718641996384
physics_guided_NN,75,2625,1,19,0.035090840477052895,0.053125347942113876
physics_guided_NN,75,2625,1,20,0.029461266872073923,0.04508179426193237
physics_guided_NN,75,2625,1,21,0.027304956401210456,0.044310636818408966
physics_guided_NN,75,2625,1,22,0.024893881270794997,0.05495857447385788
physics_guided_NN,75,2625,1,23,0.025008697822202174,0.04354819282889366
physics_guided_NN,75,2625,1,24,0.025097425816403257,0.04458234831690788
physics_guided_NN,75,2625,1,25,0.0377006961720153,0.06858474016189575
physics_guided_NN,75,2625,1,26,0.11998066479074103,0.07067026197910309
physics_guided_NN,75,2625,1,27,0.029270423044051443,0.04049820452928543
physics_guided_NN,75,2625,1,28,0.021683941744933172,0.042861152440309525
physics_guided_NN,75,2625,1,29,0.020205449759184074,0.03828508034348488
physics_guided_NN,75,2625,1,30,0.018110256012906098,0.03573164343833923
physics_guided_NN,75,2625,1,31,0.01601190776896796,0.03535812348127365
physics_guided_NN,75,2625,1,32,0.01977116436076661,0.03580404818058014
physics_guided_NN,75,2625,1,33,0.014738684303925506,0.03294673562049866
physics_guided_NN,75,2625,1,34,0.014159388421657718,0.03152760490775108
physics_guided_NN,75,2625,1,35,0.012669790507061407,0.030903607606887817
physics_guided_NN,75,2625,1,36,0.01216531286038281,0.029481707140803337
physics_guided_NN,75,2625,1,37,0.01136684917201776,0.027300899848341942
physics_guided_NN,75,2625,1,38,0.011913500826007553,0.027371561154723167
physics_guided_NN,75,2625,1,39,0.011326341989583202,0.03056894987821579
physics_guided_NN,75,2625,1,40,0.011814386522885235,0.025579512119293213
physics_guided_NN,75,2625,1,41,0.010521204443648458,0.024548614397644997
physics_guided_NN,75,2625,1,42,0.009184603812173009,0.023863716050982475
physics_guided_NN,75,2625,1,43,0.008298903160418073,0.024369290098547935
physics_guided_NN,75,2625,1,44,0.00836117089992123,0.026232387870550156
physics_guided_NN,75,2625,1,45,0.008941327787137457,0.02433534897863865
physics_guided_NN,75,2625,1,46,0.008775942848019656,0.024135474115610123
physics_guided_NN,75,2625,1,47,0.008567825231390694,0.023724574595689774
physics_guided_NN,75,2625,1,48,0.007007821812294424,0.02232627011835575
physics_guided_NN,75,2625,1,49,0.0068127545278652436,0.020488016307353973
physics_guided_NN,75,2625,1,50,0.006322188460866788,0.02144951932132244
physics_guided_NN,75,2625,1,51,0.0069116022731621,0.02065318264067173
physics_guided_NN,75,2625,1,52,0.008123709299113779,0.03039519675076008
physics_guided_NN,75,2625,1,53,0.017864275016195495,0.025647113099694252
physics_guided_NN,75,2625,1,54,0.007848916863579126,0.022107133641839027
physics_guided_NN,75,2625,1,55,0.005742443633997547,0.018993284553289413
physics_guided_NN,75,2625,1,56,0.005933539046617668,0.0206479262560606
physics_guided_NN,75,2625,1,57,0.005711042901523234,0.02143542654812336
physics_guided_NN,75,2625,1,58,0.0059031926215365755,0.01999291405081749
physics_guided_NN,75,2625,1,59,0.004526306231994005,0.018842065706849098
physics_guided_NN,75,2625,1,60,0.00436545227282858,0.02158360183238983
physics_guided_NN,75,2625,1,61,0.0047198076998548845,0.017515072599053383
physics_guided_NN,75,2625,1,62,0.0047295103542551046,0.02039412409067154
physics_guided_NN,75,2625,1,63,0.004493915836238081,0.0217429306358099
physics_guided_NN,75,2625,1,64,0.00444844674452075,0.0163064356893301
physics_guided_NN,75,2625,1,65,0.004221315986970218,0.018612345680594444
physics_guided_NN,75,2625,1,66,0.003887983910750509,0.017014607787132263
physics_guided_NN,75,2625,1,67,0.003593628287836466,0.01640142872929573
physics_guided_NN,75,2625,1,68,0.003591678443453496,0.01681671105325222
physics_guided_NN,75,2625,1,69,0.003653475103506242,0.01755915954709053
physics_guided_NN,75,2625,1,70,0.0035513200647463755,0.01607671007514
physics_guided_NN,75,2625,1,71,0.003428825244468282,0.016377441585063934
physics_guided_NN,75,2625,1,72,0.00303402476908689,0.014750678092241287
physics_guided_NN,75,2625,1,73,0.003122056357651239,0.014967291615903378
physics_guided_NN,75,2625,1,74,0.0030760279180304636,0.015429305844008923
physics_guided_NN,75,2625,1,75,0.00285777972662583,0.015362811274826527
physics_guided_NN,75,2625,1,76,0.0028435164962762167,0.014515253715217113
physics_guided_NN,75,2625,1,77,0.002715638098639569,0.015594699420034885
physics_guided_NN,75,2625,1,78,0.003266061076872228,0.017293807119131088
physics_guided_NN,75,2625,1,79,0.0034552450386053394,0.014256437309086323
physics_guided_NN,75,2625,1,80,0.003556387242583913,0.014302361756563187
physics_guided_NN,75,2625,1,81,0.003485290233844093,0.013418066315352917
physics_guided_NN,75,2625,1,82,0.0025454367361297564,0.0146828293800354
physics_guided_NN,75,2625,1,83,0.0025768212480692283,0.01487449835985899
physics_guided_NN,75,2625,1,84,0.00340677357980028,0.016086289659142494
physics_guided_NN,75,2625,1,85,0.0023896180514601014,0.014152106828987598
physics_guided_NN,75,2625,1,86,0.002605415751791692,0.014018404297530651
physics_guided_NN,75,2625,1,87,0.0021763818208239086,0.015221074223518372
physics_guided_NN,75,2625,1,88,0.002751465620739119,0.01656007580459118
physics_guided_NN,75,2625,1,89,0.005518550320716929,0.020148074254393578
physics_guided_NN,75,2625,1,90,0.003113764182974895,0.01466233842074871
physics_guided_NN,75,2625,1,91,0.0023493931678655955,0.01377076655626297
physics_guided_NN,75,2625,1,92,0.002713998293204765,0.013804432936012745
physics_guided_NN,75,2625,1,93,0.002159400991374804,0.014814335852861404
physics_guided_NN,75,2625,1,94,0.002222513684370954,0.012536348775029182
physics_guided_NN,75,2625,1,95,0.002075000445724332,0.013731064274907112
physics_guided_NN,75,2625,1,96,0.0020979624116859797,0.016927674412727356
physics_guided_NN,75,2625,1,97,0.0023018700878656958,0.013823648914694786
physics_guided_NN,75,2625,1,98,0.0024375071010408213,0.013431195169687271
physics_guided_NN,75,2625,1,99,0.002167068607550824,0.013422675430774689
physics_guided_NN,75,2625,1,100,0.0021016042710037992,0.013889580965042114
physics_guided_NN,75,2625,1,101,0.001984691730155776,0.015363750979304314
physics_guided_NN,75,2625,1,102,0.001852792891094439,0.013799234293401241
physics_guided_NN,75,2625,1,103,0.002043618451959143,0.012893008068203926
physics_guided_NN,75,2625,1,104,0.0018928535920124325,0.013011708855628967
physics_guided_NN,75,2625,1,105,0.001996207311527715,0.01674804277718067
physics_guided_NN,75,2625,1,106,0.006596166416004833,0.014334935694932938
physics_guided_NN,75,2625,1,107,0.003948987097135701,0.015801524743437767
physics_guided_NN,75,2625,1,108,0.002969558925888989,0.015901122242212296
physics_guided_NN,75,2625,1,109,0.001997913606742042,0.013640884310007095
physics_guided_NN,75,2625,1,110,0.0019032324323364133,0.013679352588951588
physics_guided_NN,75,2625,1,111,0.002023966879711398,0.013297293335199356
physics_guided_NN,75,2625,1,112,0.0017748186004436796,0.013193919323384762
physics_guided_NN,75,2625,1,113,0.0023201409258901897,0.014819067902863026
physics_guided_NN,75,2625,1,114,0.0019324942792688187,0.013049415312707424
physics_guided_NN,75,2625,1,115,0.0017852348003846903,0.012219556607306004
physics_guided_NN,75,2625,1,116,0.001985421516500147,0.014580866321921349
physics_guided_NN,75,2625,1,117,0.0021125143946500472,0.01304885745048523
physics_guided_NN,75,2625,1,118,0.001944439757304887,0.012726785615086555
physics_guided_NN,75,2625,1,119,0.0030919978300863434,0.01269785687327385
physics_guided_NN,75,2625,1,120,0.0023034791769792457,0.015093376860022545
physics_guided_NN,75,2625,1,121,0.002127070794813335,0.01613234356045723
physics_guided_NN,75,2625,1,122,0.0024196097607879588,0.012730293907225132
physics_guided_NN,75,2625,1,123,0.005233150022658741,0.020070558413863182
physics_guided_NN,75,2625,1,124,0.007500220629264645,0.019320746883749962
physics_guided_NN,75,2625,1,125,0.004116666805376077,0.02123894914984703
physics_guided_NN,75,2625,1,126,0.007925805711801374,0.015342069789767265
physics_guided_NN,75,2625,1,127,0.004577344847521523,0.014224993996322155
physics_guided_NN,75,2625,1,128,0.002553106141498401,0.014536680653691292
physics_guided_NN,75,2625,1,129,0.0021175722580491787,0.011406254954636097
physics_guided_NN,75,2625,1,130,0.002151574928402191,0.013361935503780842
physics_guided_NN,75,2625,1,131,0.00248670895511861,0.014494950883090496
physics_guided_NN,75,2625,1,132,0.002977268645606403,0.011330786161124706
physics_guided_NN,75,2625,1,133,0.0028885848351776424,0.012254917994141579
physics_guided_NN,75,2625,1,134,0.0020806286705746537,0.01108747348189354
physics_guided_NN,75,2625,1,135,0.0029599712912126313,0.014649340882897377
physics_guided_NN,75,2625,1,136,0.0021259274542985837,0.010661515407264233
physics_guided_NN,75,2625,1,137,0.0020347447827502732,0.011800402775406837
physics_guided_NN,75,2625,1,138,0.0021195356079953768,0.011343146674335003
physics_guided_NN,75,2625,1,139,0.0015290761532794153,0.012273211032152176
physics_guided_NN,75,2625,1,140,0.0013862943681791269,0.011682889424264431
physics_guided_NN,75,2625,1,141,0.001542939655510487,0.010824084281921387
physics_guided_NN,75,2625,1,142,0.0013254973451001292,0.010970843024551868
physics_guided_NN,75,2625,1,143,0.002373656347723833,0.012043194845318794
physics_guided_NN,75,2625,1,144,0.002214207573117511,0.011366777122020721
physics_guided_NN,75,2625,1,145,0.001673269387711549,0.010589838959276676
physics_guided_NN,75,2625,1,146,0.0022530873095439304,0.015165841206908226
physics_guided_NN,75,2625,1,147,0.001894682345058148,0.011437428183853626
physics_guided_NN,75,2625,1,148,0.0021243632529928747,0.011309794150292873
physics_guided_NN,75,2625,1,149,0.0014121765021367797,0.012149741873145103
physics_guided_NN,75,2625,1,150,0.0018417107182488377,0.0112396739423275
physics_guided_NN,75,2625,1,151,0.0028699274712596975,0.015747856348752975
physics_guided_NN,75,2625,1,152,0.0030665498176988748,0.012255959212779999
physics_guided_NN,75,2625,1,153,0.002520903239547763,0.01491641066968441
physics_guided_NN,75,2625,1,154,0.004041940184487473,0.01667608879506588
physics_guided_NN,75,2625,1,155,0.0027687136302813,0.013849212788045406
physics_guided_NN,75,2625,1,156,0.0023866449552033806,0.011463385075330734
physics_guided_NN,75,2625,1,157,0.0024877569410905595,0.011401322670280933
physics_guided_NN,75,2625,1,158,0.0038761091737320556,0.015757188200950623
physics_guided_NN,75,2625,1,159,0.004380912251127441,0.01217001210898161
physics_guided_NN,75,2625,1,160,0.0025938997062742906,0.010192609392106533
physics_guided_NN,75,2625,1,161,0.00147824467906806,0.010577616281807423
physics_guided_NN,75,2625,1,162,0.0011830448784166947,0.010981629602611065
physics_guided_NN,75,2625,1,163,0.0014481255618323172,0.010600563138723373
physics_guided_NN,75,2625,1,164,0.0014614918376797245,0.010595379397273064
physics_guided_NN,75,2625,1,165,0.00129349959786937,0.01034170389175415
physics_guided_NN,75,2625,1,166,0.0015452559611211264,0.010556941851973534
physics_guided_NN,75,2625,1,167,0.0013707476221801092,0.011132841929793358
physics_guided_NN,75,2625,1,168,0.001316622786578678,0.01037003193050623
physics_guided_NN,75,2625,1,169,0.0011301517390945395,0.011182820424437523
physics_guided_NN,75,2625,1,170,0.0011768993748167607,0.011835074052214622
physics_guided_NN,75,2625,1,171,0.0009662652467211176,0.010554289445281029
physics_guided_NN,75,2625,1,172,0.0010006940553596775,0.011835274286568165
physics_guided_NN,75,2625,1,173,0.0014607667606989188,0.01208472903817892
physics_guided_NN,75,2625,1,174,0.0014151013802759173,0.010882271453738213
physics_guided_NN,75,2625,1,175,0.0013695344151485535,0.011334715411067009
physics_guided_NN,75,2625,1,176,0.0011585757993522012,0.010057901963591576
physics_guided_NN,75,2625,1,177,0.0012342359314927655,0.009552889503538609
physics_guided_NN,75,2625,1,178,0.0014135318605916663,0.011590216308832169
physics_guided_NN,75,2625,1,179,0.0015268390298366458,0.015110278502106667
physics_guided_NN,75,2625,1,180,0.0031089414508512292,0.008699024096131325
physics_guided_NN,75,2625,1,181,0.003391589850209476,0.012579505331814289
physics_guided_NN,75,2625,1,182,0.003605199072765009,0.020350124686956406
physics_guided_NN,75,2625,1,183,0.029707329289522022,0.02266816794872284
physics_guided_NN,75,2625,1,184,0.012139294557051645,0.020394161343574524
physics_guided_NN,75,2625,1,185,0.0075061234750873635,0.01715165004134178
physics_guided_NN,75,2625,1,186,0.002900941640421349,0.00939235556870699
physics_guided_NN,75,2625,1,187,0.0016642016687131087,0.009967545047402382
physics_guided_NN,75,2625,1,188,0.0015860203261365228,0.009708991274237633
physics_guided_NN,75,2625,1,189,0.002408565357091859,0.010151057504117489
physics_guided_NN,75,2625,1,190,0.001463542466462102,0.009911640547215939
physics_guided_NN,75,2625,1,191,0.0013011398037806863,0.00882980227470398
physics_guided_NN,75,2625,1,192,0.003016922211307766,0.012886270880699158
physics_guided_NN,75,2625,1,193,0.02401813784603118,0.01818419061601162
physics_guided_NN,75,2625,1,194,0.003789210227772682,0.012457272969186306
physics_guided_NN,75,2625,1,195,0.0021583518066022192,0.00902576744556427
physics_guided_NN,75,2625,1,196,0.001969756059181583,0.011356627568602562
physics_guided_NN,75,2625,1,197,0.0023608189394941463,0.01379775907844305
physics_guided_NN,75,2625,1,198,0.0031128429344833074,0.014788252301514149
physics_guided_NN,75,2625,1,199,0.001982928035604779,0.009318511933088303
physics_guided_NN,75,2625,1,200,0.001527376749436371,0.010272619314491749
physics_guided_NN,75,2625,1,201,0.001977268618897402,0.008691519498825073
physics_guided_NN,75,2625,1,202,0.0017293546892081697,0.009317015297710896
physics_guided_NN,75,2625,1,203,0.0010058773041237146,0.009638120420277119
physics_guided_NN,75,2625,1,204,0.0008886878120912505,0.009912179782986641
physics_guided_NN,75,2625,1,205,0.0011080131508130026,0.009237298741936684
physics_guided_NN,75,2625,1,206,0.0009028443850443832,0.01023765280842781
physics_guided_NN,75,2625,1,207,0.0008988389285410189,0.009707404300570488
physics_guided_NN,75,2625,1,208,0.0008057176497199439,0.009909202344715595
physics_guided_NN,75,2625,1,209,0.0008419288261350067,0.009599455632269382
physics_guided_NN,75,2625,1,210,0.000791738649630653,0.009126543067395687
physics_guided_NN,75,2625,1,211,0.0007835744746400797,0.009865947999060154
physics_guided_NN,75,2625,1,212,0.0009198126173855382,0.00936336163431406
physics_guided_NN,75,2625,1,213,0.003961008669908291,0.014770464040338993
physics_guided_NN,75,2625,1,214,0.0016667589897267697,0.008528229780495167
physics_guided_NN,75,2625,1,215,0.0010603162615249555,0.009058495052158833
physics_guided_NN,75,2625,1,216,0.000921170979295095,0.009611680172383785
physics_guided_NN,75,2625,1,217,0.0008827181882224977,0.009383120574057102
physics_guided_NN,75,2625,1,218,0.0008871288016615879,0.009197765961289406
physics_guided_NN,75,2625,1,219,0.0008582755853283396,0.009520034305751324
physics_guided_NN,75,2625,1,220,0.0007621823382838297,0.009109479375183582
physics_guided_NN,75,2625,1,221,0.0009527629396567742,0.008851494640111923
physics_guided_NN,75,2625,1,222,0.0010222369674011134,0.009361403994262218
physics_guided_NN,75,2625,1,223,0.0008393562422411161,0.009737526997923851
physics_guided_NN,75,2625,1,224,0.0008132884617052263,0.010853054001927376
physics_guided_NN,75,2625,1,225,0.000990552552615381,0.009091004729270935
physics_guided_NN,75,2625,1,226,0.0009629111068317711,0.009581745602190495
physics_guided_NN,75,2625,1,227,0.001335799500035743,0.009874100796878338
physics_guided_NN,75,2625,1,228,0.001031762529497168,0.009700840339064598
physics_guided_NN,75,2625,1,229,0.0011388950520735566,0.010457074269652367
physics_guided_NN,75,2625,1,230,0.0010254239331559454,0.011182498186826706
physics_guided_NN,75,2625,1,231,0.0015478897094865153,0.009294534102082253
physics_guided_NN,75,2625,1,232,0.0015717361834720663,0.013104841113090515
physics_guided_NN,75,2625,1,233,0.0018890682608582125,0.010654964484274387
physics_guided_NN,75,2625,1,234,0.001157026577684086,0.013717995956540108
physics_guided_NN,75,2625,1,235,0.0014336136165573926,0.00981047097593546
physics_guided_NN,75,2625,1,236,0.0011366186105684999,0.010106302797794342
physics_guided_NN,75,2625,1,237,0.0009642513184752758,0.008948290720582008
physics_guided_NN,75,2625,1,238,0.0008592622200792123,0.010710556991398335
physics_guided_NN,75,2625,1,239,0.0015225327183326868,0.010556312277913094
physics_guided_NN,75,2625,1,240,0.0009135685204888606,0.009786633774638176
physics_guided_NN,75,2625,1,241,0.001590047024711523,0.014383206143975258
physics_guided_NN,75,2625,1,242,0.0035161362916585944,0.011994365602731705
physics_guided_NN,75,2625,1,243,0.002042234653864788,0.0104433074593544
physics_guided_NN,75,2625,1,244,0.0014259677347061889,0.008733670227229595
physics_guided_NN,75,2625,1,245,0.0026737598513829567,0.014101930893957615
physics_guided_NN,75,2625,1,246,0.0028458157529322697,0.016311414539813995
physics_guided_NN,75,2625,1,247,0.002891669453847932,0.009790094569325447
physics_guided_NN,75,2625,1,248,0.004888959529732044,0.019119450822472572
physics_guided_NN,75,2625,1,249,0.007426708939463077,0.011435180902481079
physics_guided_NN,75,2625,1,250,0.004681405827536115,0.023089751601219177
physics_guided_NN,75,2625,1,251,0.00850736773212529,0.017571013420820236
physics_guided_NN,75,2625,1,252,0.0033647350085500094,0.013681632466614246
physics_guided_NN,75,2625,1,253,0.0017775825933010008,0.012064659036695957
physics_guided_NN,75,2625,1,254,0.0010889683877134562,0.01140518393367529
physics_guided_NN,75,2625,1,255,0.0012025568666147245,0.011954955756664276
physics_guided_NN,75,2625,1,256,0.0008774865390954627,0.010765188373625278
physics_guided_NN,75,2625,1,257,0.0007089643806379865,0.01078201923519373
physics_guided_NN,75,2625,1,258,0.0007372729347220489,0.012121595442295074
physics_guided_NN,75,2625,1,259,0.0006756679998337253,0.010563097894191742
physics_guided_NN,75,2625,1,260,0.0007091876472085936,0.011515667662024498
physics_guided_NN,75,2625,1,261,0.0007987861428686994,0.011101932264864445
physics_guided_NN,75,2625,1,262,0.000767857724678747,0.011078862473368645
physics_guided_NN,75,2625,1,263,0.000933620767595823,0.011451656930148602
physics_guided_NN,75,2625,1,264,0.0014766002307494222,0.013705684803426266
standard_NN,75,2625,2,1,0.7138572211066881,0.3655656576156616
standard_NN,75,2625,2,2,0.3658196514561063,0.2629239857196808
standard_NN,75,2625,2,3,0.2784179456177212,0.22336745262145996
standard_NN,75,2625,2,4,0.24028949563701948,0.1966710090637207
standard_NN,75,2625,2,5,0.21418737739025215,0.17639999091625214
standard_NN,75,2625,2,6,0.20017141134788594,0.16550962626934052
standard_NN,75,2625,2,7,0.18838722671249084,0.15621641278266907
standard_NN,75,2625,2,8,0.18430562577919946,0.15048646926879883
standard_NN,75,2625,2,9,0.34816025672036977,0.1514202207326889
standard_NN,75,2625,2,10,0.22077422542497516,0.1394999623298645
standard_NN,75,2625,2,11,0.17048062257734792,0.1322750449180603
standard_NN,75,2625,2,12,0.16366512249805965,0.13070856034755707
standard_NN,75,2625,2,13,0.16246754520883164,0.12977133691310883
standard_NN,75,2625,2,14,0.16026657225475424,0.12894316017627716
standard_NN,75,2625,2,15,0.1560050800839062,0.12726472318172455
standard_NN,75,2625,2,16,0.15372782708436716,0.12644049525260925
standard_NN,75,2625,2,17,0.15311297137356764,0.12316785007715225
standard_NN,75,2625,2,18,0.15035538622621625,0.12161348760128021
standard_NN,75,2625,2,19,0.14735830318282492,0.12084856629371643
standard_NN,75,2625,2,20,0.1465520323697655,0.12092110514640808
standard_NN,75,2625,2,21,0.14389873806032397,0.12403520941734314
standard_NN,75,2625,2,22,0.14264341494778082,0.12119217962026596
standard_NN,75,2625,2,23,0.14913684511113734,0.1252497285604477
standard_NN,75,2625,2,24,0.16175505454607664,0.1350250542163849
standard_NN,75,2625,2,25,0.14866192041275403,0.12208236008882523
standard_NN,75,2625,2,26,0.13955684205783264,0.1228218600153923
standard_NN,75,2625,2,27,0.1583164362458601,0.12222352623939514
standard_NN,75,2625,2,28,0.18439201340966282,0.12433729320764542
standard_NN,75,2625,2,29,0.14175345242810658,0.11895282566547394
standard_NN,75,2625,2,30,0.13693380351400092,0.119597889482975
standard_NN,75,2625,2,31,0.1413573048609708,0.12716683745384216
standard_NN,75,2625,2,32,0.13601235867965789,0.11619209498167038
standard_NN,75,2625,2,33,0.13123257907794877,0.11875927448272705
standard_NN,75,2625,2,34,0.12855183311538504,0.11956360191106796
standard_NN,75,2625,2,35,0.12616394874307194,0.11531572788953781
standard_NN,75,2625,2,36,0.12750131487181143,0.1125742644071579
standard_NN,75,2625,2,37,0.12497414504399612,0.11520729959011078
standard_NN,75,2625,2,38,0.12568247749004513,0.11878975480794907
standard_NN,75,2625,2,39,0.12471233008407234,0.11832975596189499
standard_NN,75,2625,2,40,0.12400964235088655,0.13006556034088135
standard_NN,75,2625,2,41,0.11957673837120335,0.11637240648269653
standard_NN,75,2625,2,42,0.11566159952365394,0.11666510999202728
standard_NN,75,2625,2,43,0.11311047448821011,0.11578425019979477
standard_NN,75,2625,2,44,0.11247689230367541,0.13450846076011658
standard_NN,75,2625,2,45,0.11935551792737983,0.14055123925209045
standard_NN,75,2625,2,46,0.12568696823325895,0.1220329999923706
standard_NN,75,2625,2,47,0.11185757014235216,0.12135981023311615
standard_NN,75,2625,2,48,0.11119317999553113,0.11845872551202774
standard_NN,75,2625,2,49,0.10834672084699075,0.12652046978473663
standard_NN,75,2625,2,50,0.10820234804192469,0.12086305022239685
standard_NN,75,2625,2,51,0.10413869429889712,0.1197470873594284
standard_NN,75,2625,2,52,0.09754524278659596,0.14109013974666595
standard_NN,75,2625,2,53,0.0990729603093184,0.11756229400634766
standard_NN,75,2625,2,54,0.0978857606338958,0.11499525606632233
standard_NN,75,2625,2,55,0.09669052516325055,0.12093129009008408
standard_NN,75,2625,2,56,0.10558953034203677,0.12438817322254181
standard_NN,75,2625,2,57,0.09908430406912452,0.12140024453401566
standard_NN,75,2625,2,58,0.09249584380553902,0.12392198294401169
standard_NN,75,2625,2,59,0.09516351034038789,0.11914873868227005
standard_NN,75,2625,2,60,0.09172141041961454,0.124059297144413
standard_NN,75,2625,2,61,0.0992095260659144,0.1348249316215515
standard_NN,75,2625,2,62,0.11608133141306184,0.12548361718654633
standard_NN,75,2625,2,63,0.15893261955075322,0.1251733899116516
standard_NN,75,2625,2,64,0.11134287897896554,0.11507758498191833
standard_NN,75,2625,2,65,0.09466753942182377,0.11866386979818344
standard_NN,75,2625,2,66,0.08682271930211712,0.13076338171958923
standard_NN,75,2625,2,67,0.08510009989896346,0.12256292253732681
standard_NN,75,2625,2,68,0.0839376883093445,0.1332497000694275
standard_NN,75,2625,2,69,0.08402739970950365,0.12179262936115265
standard_NN,75,2625,2,70,0.07745236173893015,0.12294603139162064
standard_NN,75,2625,2,71,0.09242624629821096,0.12467114627361298
standard_NN,75,2625,2,72,0.08601306026546462,0.14230820536613464
standard_NN,75,2625,2,73,0.07942587025241837,0.1274798959493637
standard_NN,75,2625,2,74,0.07550041532764833,0.12134996056556702
standard_NN,75,2625,2,75,0.07308895685613,0.12761525809764862
standard_NN,75,2625,2,76,0.07077495210493605,0.12634168565273285
standard_NN,75,2625,2,77,0.07537640043440097,0.12494172155857086
standard_NN,75,2625,2,78,0.07258645074796818,0.12434174120426178
standard_NN,75,2625,2,79,0.06758852136027556,0.1295337677001953
standard_NN,75,2625,2,80,0.07616663402656004,0.13328498601913452
standard_NN,75,2625,2,81,0.06676299743620413,0.12006925791501999
standard_NN,75,2625,2,82,0.06791544137966066,0.12635110318660736
standard_NN,75,2625,2,83,0.06932276893972553,0.13223892450332642
standard_NN,75,2625,2,84,0.06231925866034414,0.12925198674201965
standard_NN,75,2625,2,85,0.06167318953278785,0.13088589906692505
standard_NN,75,2625,2,86,0.06131557130443287,0.13303418457508087
physics_guided_NN,75,2625,2,1,0.7060851078657877,0.2962958514690399
physics_guided_NN,75,2625,2,2,0.25420448725067435,0.1658567637205124
physics_guided_NN,75,2625,2,3,0.16872051811688357,0.12080041319131851
physics_guided_NN,75,2625,2,4,0.12922708528293742,0.09353188425302505
physics_guided_NN,75,2625,2,5,0.10571563088645537,0.0786680206656456
physics_guided_NN,75,2625,2,6,0.08855642693205959,0.07113588601350784
physics_guided_NN,75,2625,2,7,0.07484917931946083,0.0595008060336113
physics_guided_NN,75,2625,2,8,0.06489941234966475,0.05578824505209923
physics_guided_NN,75,2625,2,9,0.06739314215346462,0.08151339739561081
physics_guided_NN,75,2625,2,10,0.0918510324942569,0.05332063138484955
physics_guided_NN,75,2625,2,11,0.046275972768420444,0.045591436326503754
physics_guided_NN,75,2625,2,12,0.039683697753519355,0.03766870126128197
physics_guided_NN,75,2625,2,13,0.03832802555656859,0.03551192209124565
physics_guided_NN,75,2625,2,14,0.03547497350899946,0.03452850878238678
physics_guided_NN,75,2625,2,15,0.031239433617364348,0.032884176820516586
physics_guided_NN,75,2625,2,16,0.029219525306308197,0.03151348605751991
physics_guided_NN,75,2625,2,17,0.02817612551596193,0.030489159747958183
physics_guided_NN,75,2625,2,18,0.024759222842043356,0.02780604548752308
physics_guided_NN,75,2625,2,19,0.025195400590919667,0.03157595917582512
physics_guided_NN,75,2625,2,20,0.0226628820639148,0.028138700872659683
physics_guided_NN,75,2625,2,21,0.020687813791612695,0.026329850777983665
physics_guided_NN,75,2625,2,22,0.01768584011144759,0.024723803624510765
physics_guided_NN,75,2625,2,23,0.020447682339831123,0.02754153124988079
physics_guided_NN,75,2625,2,24,0.019670648672174485,0.025630677118897438
physics_guided_NN,75,2625,2,25,0.015544340154433268,0.022003553807735443
physics_guided_NN,75,2625,2,26,0.015394055046185497,0.02194356359541416
physics_guided_NN,75,2625,2,27,0.013441885139660112,0.021752793341875076
physics_guided_NN,75,2625,2,28,0.013211539990845182,0.022863473743200302
physics_guided_NN,75,2625,2,29,0.01183850952102581,0.02045161835849285
physics_guided_NN,75,2625,2,30,0.012822415859859791,0.018876487389206886
physics_guided_NN,75,2625,2,31,0.010408190985409809,0.021643448621034622
physics_guided_NN,75,2625,2,32,0.01135780340215812,0.018352221697568893
physics_guided_NN,75,2625,2,33,0.009954943959157737,0.024179190397262573
physics_guided_NN,75,2625,2,34,0.011614637976024477,0.020049219951033592
physics_guided_NN,75,2625,2,35,0.008541455786187379,0.016458721831440926
physics_guided_NN,75,2625,2,36,0.009584792246598573,0.018582116812467575
physics_guided_NN,75,2625,2,37,0.008307069185234252,0.019068198278546333
physics_guided_NN,75,2625,2,38,0.007747951922716484,0.01646573469042778
physics_guided_NN,75,2625,2,39,0.006219011172929424,0.01683954894542694
physics_guided_NN,75,2625,2,40,0.0068957913186057426,0.015661656856536865
physics_guided_NN,75,2625,2,41,0.00578473826282702,0.016174757853150368
physics_guided_NN,75,2625,2,42,0.006211743094137914,0.01583191752433777
physics_guided_NN,75,2625,2,43,0.005593088352941864,0.01443192083388567
physics_guided_NN,75,2625,2,44,0.004998295777200144,0.018846575170755386
physics_guided_NN,75,2625,2,45,0.005221161425911954,0.013674158602952957
physics_guided_NN,75,2625,2,46,0.004489384012621096,0.01303825993090868
physics_guided_NN,75,2625,2,47,0.004740173329732248,0.017353994771838188
physics_guided_NN,75,2625,2,48,0.004743270919702593,0.014366443268954754
physics_guided_NN,75,2625,2,49,0.004962686216458678,0.013669670559465885
physics_guided_NN,75,2625,2,50,0.005058574307310794,0.014088922180235386
physics_guided_NN,75,2625,2,51,0.004108717593009628,0.01421405654400587
physics_guided_NN,75,2625,2,52,0.0036877353545389183,0.01614363305270672
physics_guided_NN,75,2625,2,53,0.003842459258434939,0.014754658564925194
physics_guided_NN,75,2625,2,54,0.004167672803825033,0.013215201906859875
physics_guided_NN,75,2625,2,55,0.003761427522043786,0.013415413908660412
physics_guided_NN,75,2625,2,56,0.003707648506471222,0.014458355493843555
physics_guided_NN,75,2625,2,57,0.0033244744911263254,0.015122114680707455
physics_guided_NN,75,2625,2,58,0.003541083870610843,0.01355689950287342
physics_guided_NN,75,2625,2,59,0.003631435424765749,0.013013755902647972
physics_guided_NN,75,2625,2,60,0.002831994034793405,0.0125019745901227
physics_guided_NN,75,2625,2,61,0.00306988150779424,0.014644095674157143
physics_guided_NN,75,2625,2,62,0.00664069473056034,0.031156860291957855
physics_guided_NN,75,2625,2,63,0.020556679860289608,0.019134458154439926
physics_guided_NN,75,2625,2,64,0.007084737420969066,0.01387311052531004
physics_guided_NN,75,2625,2,65,0.005206529713524062,0.013475337065756321
physics_guided_NN,75,2625,2,66,0.0037250740223542032,0.013304298743605614
physics_guided_NN,75,2625,2,67,0.0030779045565785573,0.012913094833493233
physics_guided_NN,75,2625,2,68,0.0025734956531474986,0.012198176234960556
physics_guided_NN,75,2625,2,69,0.0029588715544724394,0.011846893467009068
physics_guided_NN,75,2625,2,70,0.002670698886504397,0.011763956397771835
physics_guided_NN,75,2625,2,71,0.003014234333975418,0.014029160141944885
physics_guided_NN,75,2625,2,72,0.004720124572659621,0.01179436407983303
physics_guided_NN,75,2625,2,73,0.0027538726405639735,0.011090496554970741
physics_guided_NN,75,2625,2,74,0.0023366177944505275,0.012284066528081894
physics_guided_NN,75,2625,2,75,0.0023100248619725575,0.012035124935209751
physics_guided_NN,75,2625,2,76,0.002128039531054951,0.011994270607829094
physics_guided_NN,75,2625,2,77,0.002733383638163408,0.012349419295787811
physics_guided_NN,75,2625,2,78,0.002286570922782024,0.011684482917189598
physics_guided_NN,75,2625,2,79,0.002288925751816437,0.012096774764358997
physics_guided_NN,75,2625,2,80,0.002206730180616779,0.011374716646969318
physics_guided_NN,75,2625,2,81,0.002167529908287439,0.011569920927286148
physics_guided_NN,75,2625,2,82,0.0019405769666523806,0.01179678738117218
physics_guided_NN,75,2625,2,83,0.0021460607739364995,0.010605279356241226
physics_guided_NN,75,2625,2,84,0.0019498276018393448,0.01203582901507616
physics_guided_NN,75,2625,2,85,0.0018515255665295712,0.011132678017020226
physics_guided_NN,75,2625,2,86,0.0019403453251080854,0.0111227510496974
physics_guided_NN,75,2625,2,87,0.0017238762659308989,0.01032615453004837
physics_guided_NN,75,2625,2,88,0.0017334382975518349,0.01038000825792551
physics_guided_NN,75,2625,2,89,0.0016612972443302472,0.010689661838114262
physics_guided_NN,75,2625,2,90,0.0017868561051381264,0.010637917555868626
physics_guided_NN,75,2625,2,91,0.001786505573406993,0.011409458704292774
physics_guided_NN,75,2625,2,92,0.0017688564472510258,0.010893872939050198
physics_guided_NN,75,2625,2,93,0.0018984224727665562,0.010933424346148968
physics_guided_NN,75,2625,2,94,0.0018604764391923147,0.011815492063760757
physics_guided_NN,75,2625,2,95,0.0015978227207337373,0.010909926146268845
physics_guided_NN,75,2625,2,96,0.0016386121084603171,0.011122358962893486
physics_guided_NN,75,2625,2,97,0.0017186355842221971,0.011127612553536892
physics_guided_NN,75,2625,2,98,0.001573215242907671,0.010511393658816814
physics_guided_NN,75,2625,2,99,0.0016893052850805578,0.010403250344097614
physics_guided_NN,75,2625,2,100,0.001764588596415706,0.011256707832217216
physics_guided_NN,75,2625,2,101,0.0016234329391625665,0.010746723040938377
physics_guided_NN,75,2625,2,102,0.0015632668787258722,0.0104347113519907
physics_guided_NN,75,2625,2,103,0.0016406915480426203,0.010434475727379322
physics_guided_NN,75,2625,2,104,0.0016465363005409017,0.010988106019794941
physics_guided_NN,75,2625,2,105,0.0014795827335633692,0.011557793244719505
physics_guided_NN,75,2625,2,106,0.0014293355800743615,0.010326354764401913
physics_guided_NN,75,2625,2,107,0.0013680758146663373,0.01056559570133686
physics_guided_NN,75,2625,2,108,0.001393134332916123,0.010281633585691452
physics_guided_NN,75,2625,2,109,0.0017117361331613558,0.010988505557179451
physics_guided_NN,75,2625,2,110,0.0016963576469736705,0.010411263443529606
physics_guided_NN,75,2625,2,111,0.0014881576990730884,0.010105166584253311
physics_guided_NN,75,2625,2,112,0.0016426061294970125,0.010604322887957096
physics_guided_NN,75,2625,2,113,0.0016000949254659992,0.010139834135770798
physics_guided_NN,75,2625,2,114,0.0015669141374971894,0.010660850442945957
physics_guided_NN,75,2625,2,115,0.001501776740215497,0.009483263827860355
physics_guided_NN,75,2625,2,116,0.0014407462579020787,0.009362304583191872
physics_guided_NN,75,2625,2,117,0.002143046025940705,0.017607050016522408
physics_guided_NN,75,2625,2,118,0.013356148265302181,0.030262617394328117
physics_guided_NN,75,2625,2,119,0.009019396575500391,0.013871420174837112
physics_guided_NN,75,2625,2,120,0.0032759613095549867,0.011102377437055111
physics_guided_NN,75,2625,2,121,0.0021407544159696306,0.011454795487225056
physics_guided_NN,75,2625,2,122,0.0018021585262128308,0.011662570759654045
physics_guided_NN,75,2625,2,123,0.001497295533356789,0.011409986764192581
physics_guided_NN,75,2625,2,124,0.0017397049190809152,0.011844532564282417
physics_guided_NN,75,2625,2,125,0.0016014585423926335,0.010927598923444748
physics_guided_NN,75,2625,2,126,0.0013100532690129643,0.0101360147818923
physics_guided_NN,75,2625,2,127,0.001269190609274942,0.010363539680838585
physics_guided_NN,75,2625,2,128,0.0012803616679905514,0.010639243759214878
physics_guided_NN,75,2625,2,129,0.0013698093361675827,0.011436213739216328
physics_guided_NN,75,2625,2,130,0.0013223694030395044,0.010876107029616833
physics_guided_NN,75,2625,2,131,0.0012019888388403203,0.01142933964729309
physics_guided_NN,75,2625,2,132,0.001459535966638387,0.010632658377289772
physics_guided_NN,75,2625,2,133,0.001192924196012817,0.010686598718166351
physics_guided_NN,75,2625,2,134,0.0011906707299030607,0.010958428494632244
physics_guided_NN,75,2625,2,135,0.00121414871786588,0.010441760532557964
physics_guided_NN,75,2625,2,136,0.0010405895923863032,0.010419663041830063
physics_guided_NN,75,2625,2,137,0.0012223409503349103,0.01037149503827095
physics_guided_NN,75,2625,2,138,0.0011881472725820328,0.010698983445763588
physics_guided_NN,75,2625,2,139,0.0011890342570733906,0.01091191079467535
physics_guided_NN,75,2625,2,140,0.0011822979985958053,0.010156436823308468
physics_guided_NN,75,2625,2,141,0.0012570626529937034,0.009974031709134579
physics_guided_NN,75,2625,2,142,0.0012558119529525616,0.009834542870521545
physics_guided_NN,75,2625,2,143,0.0012181422088837106,0.010194371454417706
physics_guided_NN,75,2625,2,144,0.001010050269542262,0.010134031064808369
physics_guided_NN,75,2625,2,145,0.001152860907105995,0.009936831891536713
physics_guided_NN,75,2625,2,146,0.0014461796894292569,0.010260255075991154
physics_guided_NN,75,2625,2,147,0.0014454106560498033,0.010850803926587105
physics_guided_NN,75,2625,2,148,0.0027056183455334533,0.013224266469478607
physics_guided_NN,75,2625,2,149,0.006291297372497086,0.014010889455676079
physics_guided_NN,75,2625,2,150,0.002706657403732173,0.013159792870283127
physics_guided_NN,75,2625,2,151,0.0020023740951382067,0.01060289517045021
physics_guided_NN,75,2625,2,152,0.0016774708249916632,0.012494418770074844
physics_guided_NN,75,2625,2,153,0.0012763495622147318,0.012931612320244312
physics_guided_NN,75,2625,2,154,0.0014170600701445004,0.01057398784905672
physics_guided_NN,75,2625,2,155,0.0033999422729331335,0.011191217228770256
physics_guided_NN,75,2625,2,156,0.00176038704687796,0.010700128972530365
physics_guided_NN,75,2625,2,157,0.001423981545182566,0.010584503412246704
physics_guided_NN,75,2625,2,158,0.0010170148889301345,0.009920020587742329
physics_guided_NN,75,2625,2,159,0.0010228937396840635,0.009907043538987637
physics_guided_NN,75,2625,2,160,0.0009386200943568145,0.009450242854654789
physics_guided_NN,75,2625,2,161,0.0009638728765172086,0.01014921348541975
physics_guided_NN,75,2625,2,162,0.0008814113053155043,0.009905274957418442
physics_guided_NN,75,2625,2,163,0.0009569697999506302,0.010010412894189358
physics_guided_NN,75,2625,2,164,0.0014303459725592152,0.010323579423129559
physics_guided_NN,75,2625,2,165,0.0011215268286399631,0.010218767449259758
physics_guided_NN,75,2625,2,166,0.0014147036660385008,0.010031860321760178
standard_NN,75,2625,3,1,0.7952038013331947,0.46388015151023865
standard_NN,75,2625,3,2,0.33629714466986205,0.28708451986312866
standard_NN,75,2625,3,3,0.2493391822846163,0.23428919911384583
standard_NN,75,2625,3,4,0.21262371275640493,0.21168366074562073
standard_NN,75,2625,3,5,0.19130298167112328,0.19278503954410553
standard_NN,75,2625,3,6,0.1778758062670628,0.1820094734430313
standard_NN,75,2625,3,7,0.16737009698547245,0.1740090698003769
standard_NN,75,2625,3,8,0.16693416597055538,0.19917434453964233
standard_NN,75,2625,3,9,0.1745243354013101,0.16558527946472168
standard_NN,75,2625,3,10,0.15455231323306048,0.16539686918258667
standard_NN,75,2625,3,11,0.14834542583585494,0.1622786968946457
standard_NN,75,2625,3,12,0.4292973064861837,0.16169433295726776
standard_NN,75,2625,3,13,0.2728945231952128,0.15989889204502106
standard_NN,75,2625,3,14,0.1787012911268643,0.1544341892004013
standard_NN,75,2625,3,15,0.14935865789829267,0.1511816680431366
standard_NN,75,2625,3,16,0.14941420987071025,0.15021653473377228
standard_NN,75,2625,3,17,0.14070545254729777,0.1509139984846115
standard_NN,75,2625,3,18,0.14051349589689857,0.1517278552055359
standard_NN,75,2625,3,19,0.14445787685967626,0.15104547142982483
standard_NN,75,2625,3,20,0.14101957181646002,0.15072129666805267
standard_NN,75,2625,3,21,0.13419060776054503,0.14959433674812317
standard_NN,75,2625,3,22,0.13279692398472911,0.1520317643880844
standard_NN,75,2625,3,23,0.13076489872764796,0.15025456249713898
standard_NN,75,2625,3,24,0.12979385235701643,0.15371809899806976
standard_NN,75,2625,3,25,0.132089038035788,0.15162722766399384
standard_NN,75,2625,3,26,0.1271209125088284,0.1500476747751236
standard_NN,75,2625,3,27,0.12718100572514923,0.15161387622356415
standard_NN,75,2625,3,28,0.12548584932838344,0.1520203948020935
standard_NN,75,2625,3,29,0.1382673978362055,0.15645110607147217
standard_NN,75,2625,3,30,0.13050781922287397,0.15580111742019653
standard_NN,75,2625,3,31,0.12459709294628174,0.15440769493579865
standard_NN,75,2625,3,32,0.1203174874452608,0.15433472394943237
standard_NN,75,2625,3,33,0.12406716442533902,0.15722736716270447
standard_NN,75,2625,3,34,0.12542637499670187,0.15534259378910065
standard_NN,75,2625,3,35,0.1177945824539555,0.15534834563732147
standard_NN,75,2625,3,36,0.11741046390185754,0.15507659316062927
standard_NN,75,2625,3,37,0.11931869267885174,0.158087357878685
standard_NN,75,2625,3,38,0.1148671003230404,0.1550600379705429
standard_NN,75,2625,3,39,0.11481589561749604,0.1616077423095703
standard_NN,75,2625,3,40,0.24585179878132685,0.17155252397060394
standard_NN,75,2625,3,41,0.15980212581676564,0.16960583627223969
standard_NN,75,2625,3,42,0.11722639318378199,0.16255150735378265
standard_NN,75,2625,3,43,0.11125109185065542,0.1590333729982376
standard_NN,75,2625,3,44,0.11254004748272044,0.15739750862121582
standard_NN,75,2625,3,45,0.1247428460046649,0.16750003397464752
standard_NN,75,2625,3,46,0.12412995893862985,0.16029520332813263
standard_NN,75,2625,3,47,0.10983232153895577,0.1623256355524063
standard_NN,75,2625,3,48,0.10844497022862058,0.1591859608888626
standard_NN,75,2625,3,49,0.1077334283424231,0.15729928016662598
standard_NN,75,2625,3,50,0.10434601388295137,0.15858127176761627
standard_NN,75,2625,3,51,0.10603229501949889,0.15979011356830597
standard_NN,75,2625,3,52,0.10240799499331929,0.16132013499736786
standard_NN,75,2625,3,53,0.09892399416726437,0.15813428163528442
standard_NN,75,2625,3,54,0.10423966013782081,0.16315138339996338
standard_NN,75,2625,3,55,0.1580336932092905,0.1715460568666458
standard_NN,75,2625,3,56,0.22492045944645292,0.20044848322868347
standard_NN,75,2625,3,57,0.13693630716824418,0.16574934124946594
standard_NN,75,2625,3,58,0.11389343899541668,0.16099336743354797
standard_NN,75,2625,3,59,0.1085880538975332,0.15894074738025665
standard_NN,75,2625,3,60,0.10159562718832776,0.16091522574424744
standard_NN,75,2625,3,61,0.09997675082247172,0.16019028425216675
standard_NN,75,2625,3,62,0.09755449617278784,0.16074103116989136
standard_NN,75,2625,3,63,0.09608686499303162,0.16263136267662048
standard_NN,75,2625,3,64,0.09212546829145313,0.15920881927013397
standard_NN,75,2625,3,65,0.09623734919088227,0.1618431806564331
standard_NN,75,2625,3,66,0.096040258416906,0.17030511796474457
standard_NN,75,2625,3,67,0.09576618058166614,0.16348722577095032
standard_NN,75,2625,3,68,0.09102737183483052,0.16354544460773468
standard_NN,75,2625,3,69,0.09018561809456774,0.16680771112442017
standard_NN,75,2625,3,70,0.09073687175848699,0.16473011672496796
standard_NN,75,2625,3,71,0.08679569573169352,0.167136549949646
physics_guided_NN,75,2625,3,1,0.7116718792267853,0.37132343649864197
physics_guided_NN,75,2625,3,2,0.282129891283278,0.2415635585784912
physics_guided_NN,75,2625,3,3,0.19723710890061089,0.1794014424085617
physics_guided_NN,75,2625,3,4,0.14860958080472692,0.14072123169898987
physics_guided_NN,75,2625,3,5,0.11849665442215544,0.1108379065990448
physics_guided_NN,75,2625,3,6,0.0977010101612125,0.09330947697162628
physics_guided_NN,75,2625,3,7,0.0781038892455399,0.07469644397497177
physics_guided_NN,75,2625,3,8,0.06660508657140392,0.0734487920999527
physics_guided_NN,75,2625,3,9,0.06128472128572563,0.06723610311746597
physics_guided_NN,75,2625,3,10,0.055373520978416,0.05234464257955551
physics_guided_NN,75,2625,3,11,0.04392065788574871,0.049304790794849396
physics_guided_NN,75,2625,3,12,0.1020633853262379,0.09851742535829544
physics_guided_NN,75,2625,3,13,0.15122034008215582,0.06084807589650154
physics_guided_NN,75,2625,3,14,0.07418493768532894,0.04299019277095795
physics_guided_NN,75,2625,3,15,0.041683552376482455,0.038565490394830704
physics_guided_NN,75,2625,3,16,0.03629869885653967,0.03664041683077812
physics_guided_NN,75,2625,3,17,0.031942885205526614,0.036880623549222946
physics_guided_NN,75,2625,3,18,0.03204483147488818,0.03675946965813637
physics_guided_NN,75,2625,3,19,0.0294231569250336,0.03435388207435608
physics_guided_NN,75,2625,3,20,0.029282722278453764,0.03268294408917427
physics_guided_NN,75,2625,3,21,0.02608482884464874,0.0325312465429306
physics_guided_NN,75,2625,3,22,0.03247270072876875,0.04037218913435936
physics_guided_NN,75,2625,3,23,0.038570308073845115,0.031958386301994324
physics_guided_NN,75,2625,3,24,0.023128105421727968,0.03161030262708664
physics_guided_NN,75,2625,3,25,0.02097518686094277,0.02844313345849514
physics_guided_NN,75,2625,3,26,0.019842340225642102,0.03029800020158291
physics_guided_NN,75,2625,3,27,0.020824242859990114,0.03066861629486084
physics_guided_NN,75,2625,3,28,0.018863276812702508,0.027810579165816307
physics_guided_NN,75,2625,3,29,0.020368017522352084,0.028272515162825584
physics_guided_NN,75,2625,3,30,0.020551110656621557,0.02435615472495556
physics_guided_NN,75,2625,3,31,0.01922706531782058,0.026450265198946
physics_guided_NN,75,2625,3,32,0.016907085362444854,0.02547798864543438
physics_guided_NN,75,2625,3,33,0.015356723025130728,0.024332940578460693
physics_guided_NN,75,2625,3,34,0.015015704662627763,0.023867808282375336
physics_guided_NN,75,2625,3,35,0.015052301678917416,0.022952033206820488
physics_guided_NN,75,2625,3,36,0.013978694598855717,0.02251715213060379
physics_guided_NN,75,2625,3,37,0.015424662962600234,0.021374359726905823
physics_guided_NN,75,2625,3,38,0.014406914639818882,0.022122729569673538
physics_guided_NN,75,2625,3,39,0.014104467367620341,0.020223040133714676
physics_guided_NN,75,2625,3,40,0.016962096211500466,0.03594715893268585
physics_guided_NN,75,2625,3,41,0.04882979355308981,0.03492060676217079
physics_guided_NN,75,2625,3,42,0.018515493636230184,0.024965334683656693
physics_guided_NN,75,2625,3,43,0.013765876685890058,0.021952372044324875
physics_guided_NN,75,2625,3,44,0.012370218217949428,0.020829081535339355
physics_guided_NN,75,2625,3,45,0.012199715159589513,0.019305674359202385
physics_guided_NN,75,2625,3,46,0.012118282888661184,0.02245902456343174
physics_guided_NN,75,2625,3,47,0.012034470148916756,0.01670130528509617
physics_guided_NN,75,2625,3,48,0.011066895978902244,0.016280388459563255
physics_guided_NN,75,2625,3,49,0.009570960886776447,0.017588738352060318
physics_guided_NN,75,2625,3,50,0.00988628087188339,0.016010001301765442
physics_guided_NN,75,2625,3,51,0.010291849578996854,0.015369925647974014
physics_guided_NN,75,2625,3,52,0.008934595716363262,0.014241143129765987
physics_guided_NN,75,2625,3,53,0.008587545350781597,0.019407015293836594
physics_guided_NN,75,2625,3,54,0.010447733192926361,0.015119935385882854
physics_guided_NN,75,2625,3,55,0.010856661224915158,0.018867123872041702
physics_guided_NN,75,2625,3,56,0.014077042792147646,0.01378865446895361
physics_guided_NN,75,2625,3,57,0.008059775200395268,0.012618159875273705
physics_guided_NN,75,2625,3,58,0.009248659314055527,0.015775276347994804
physics_guided_NN,75,2625,3,59,0.0073754622135311365,0.01212526485323906
physics_guided_NN,75,2625,3,60,0.006769167565618686,0.01144503615796566
physics_guided_NN,75,2625,3,61,0.006742650598642372,0.012522165663540363
physics_guided_NN,75,2625,3,62,0.005958746172144033,0.01266360655426979
physics_guided_NN,75,2625,3,63,0.007107608743743705,0.012367584742605686
physics_guided_NN,75,2625,3,64,0.00621888217227977,0.012276068329811096
physics_guided_NN,75,2625,3,65,0.005892456478683189,0.01355802547186613
physics_guided_NN,75,2625,3,66,0.008571799656021454,0.011775788851082325
physics_guided_NN,75,2625,3,67,0.005669169934533004,0.011775399558246136
physics_guided_NN,75,2625,3,68,0.004938437409388523,0.009780795313417912
physics_guided_NN,75,2625,3,69,0.0050911788989434995,0.012106501497328281
physics_guided_NN,75,2625,3,70,0.006114509613585791,0.011197992600500584
physics_guided_NN,75,2625,3,71,0.006956420844376442,0.011299296282231808
physics_guided_NN,75,2625,3,72,0.004769796782749749,0.013438353314995766
physics_guided_NN,75,2625,3,73,0.0047632855352103005,0.018265308812260628
physics_guided_NN,75,2625,3,74,0.0060948812225390045,0.013734557665884495
physics_guided_NN,75,2625,3,75,0.004460669438620763,0.009091787971556187
physics_guided_NN,75,2625,3,76,0.004355246152651186,0.012289028614759445
physics_guided_NN,75,2625,3,77,0.005125599761543397,0.010239827446639538
physics_guided_NN,75,2625,3,78,0.004027210871711196,0.00996183417737484
physics_guided_NN,75,2625,3,79,0.004408060928523939,0.009204362519085407
physics_guided_NN,75,2625,3,80,0.004001540732653146,0.012699155136942863
physics_guided_NN,75,2625,3,81,0.004308734533316013,0.009966227225959301
physics_guided_NN,75,2625,3,82,0.0032917989204482487,0.00862827803939581
physics_guided_NN,75,2625,3,83,0.0042555308831478695,0.007962966337800026
physics_guided_NN,75,2625,3,84,0.003414659752577011,0.008038916625082493
physics_guided_NN,75,2625,3,85,0.004340444586151058,0.011831987649202347
physics_guided_NN,75,2625,3,86,0.005455004699234408,0.009033353999257088
physics_guided_NN,75,2625,3,87,0.0031147390892285677,0.008681131526827812
physics_guided_NN,75,2625,3,88,0.004043647997258674,0.01088707521557808
physics_guided_NN,75,2625,3,89,0.0045629873347934335,0.010439910925924778
physics_guided_NN,75,2625,3,90,0.011233435741381808,0.07284068316221237
physics_guided_NN,75,2625,3,91,0.2202518159701001,0.06699036806821823
physics_guided_NN,75,2625,3,92,0.03637760033182401,0.032628510147333145
physics_guided_NN,75,2625,3,93,0.019760547609794663,0.027417005971074104
physics_guided_NN,75,2625,3,94,0.0151121655445812,0.02156221494078636
physics_guided_NN,75,2625,3,95,0.011471122215014128,0.019746633246541023
physics_guided_NN,75,2625,3,96,0.011639942365166332,0.018640518188476562
physics_guided_NN,75,2625,3,97,0.009714011286546122,0.016971513628959656
physics_guided_NN,75,2625,3,98,0.007299329520070127,0.016057979315519333
physics_guided_NN,75,2625,3,99,0.006707722066147696,0.015505684539675713
physics_guided_NN,75,2625,3,100,0.006223129227735279,0.014778248965740204
physics_guided_NN,75,2625,3,101,0.00562292599629256,0.014287109486758709
physics_guided_NN,75,2625,3,102,0.0056418560977493015,0.013956515118479729
physics_guided_NN,75,2625,3,103,0.005363078697839575,0.013235306367278099
physics_guided_NN,75,2625,3,104,0.005107595080820222,0.01276211254298687
physics_guided_NN,75,2625,3,105,0.004243192576160211,0.01255482155829668
physics_guided_NN,75,2625,3,106,0.004500972262273232,0.012203743681311607
physics_guided_NN,75,2625,3,107,0.003982799952609639,0.011770326644182205
physics_guided_NN,75,2625,3,108,0.0039299656512282255,0.01139090210199356
physics_guided_NN,75,2625,3,109,0.003624849060239891,0.011977006681263447
physics_guided_NN,75,2625,3,110,0.0036014277415926613,0.011048011481761932
physics_guided_NN,75,2625,3,111,0.0034845571111266813,0.011064717546105385
physics_guided_NN,75,2625,3,112,0.003932189922558055,0.011557061225175858
physics_guided_NN,75,2625,3,113,0.00441963341394772,0.010297236032783985
physics_guided_NN,75,2625,3,114,0.003291266251056056,0.010987915098667145
physics_guided_NN,75,2625,3,115,0.0031778691308794633,0.01055590808391571
physics_guided_NN,75,2625,3,116,0.0032368981531665972,0.010648291558027267
physics_guided_NN,75,2625,3,117,0.003102261385980195,0.010296376422047615
physics_guided_NN,75,2625,3,118,0.002889375177411629,0.010610820725560188
physics_guided_NN,75,2625,3,119,0.005037977091325004,0.014460279606282711
physics_guided_NN,75,2625,3,120,0.022662690948761468,0.01747608184814453
physics_guided_NN,75,2625,3,121,0.006029360531274939,0.010827477090060711
physics_guided_NN,75,2625,3,122,0.004740166192364302,0.010244710370898247
physics_guided_NN,75,2625,3,123,0.0030634646786243786,0.009628125466406345
physics_guided_NN,75,2625,3,124,0.002880315133509049,0.009855915792286396
physics_guided_NN,75,2625,3,125,0.0026005986423808195,0.010180648416280746
physics_guided_NN,75,2625,3,126,0.0026345507552226386,0.009044239297509193
physics_guided_NN,75,2625,3,127,0.0024998073890206535,0.00982088316231966
physics_guided_NN,75,2625,3,128,0.0026134288151903697,0.009136798791587353
physics_guided_NN,75,2625,3,129,0.0028994124168959736,0.00974597129970789
physics_guided_NN,75,2625,3,130,0.0025794604333073253,0.009669345803558826
physics_guided_NN,75,2625,3,131,0.0025280639478989456,0.009200023487210274
physics_guided_NN,75,2625,3,132,0.0022486339574762887,0.010335838422179222
physics_guided_NN,75,2625,3,133,0.0023407486400433947,0.008838077075779438
standard_NN,100,3500,1,1,0.6754497746174986,0.3321290612220764
standard_NN,100,3500,1,2,0.28238179778510875,0.23348413407802582
standard_NN,100,3500,1,3,0.22429864447225223,0.20184114575386047
standard_NN,100,3500,1,4,0.19649244607849556,0.17857994139194489
standard_NN,100,3500,1,5,0.18187188269062476,0.1680382788181305
standard_NN,100,3500,1,6,0.17036984749138356,0.15845909714698792
standard_NN,100,3500,1,7,0.17245032739910213,0.15751555562019348
standard_NN,100,3500,1,8,0.16959952153265476,0.16555355489253998
standard_NN,100,3500,1,9,0.16013720858503472,0.14584209024906158
standard_NN,100,3500,1,10,0.15702365318482572,0.14847217500209808
standard_NN,100,3500,1,11,0.15318990190598097,0.1458176225423813
standard_NN,100,3500,1,12,0.14957799163054336,0.14000892639160156
standard_NN,100,3500,1,13,0.15136452740566297,0.14891131222248077
standard_NN,100,3500,1,14,0.15105649632486431,0.13844501972198486
standard_NN,100,3500,1,15,0.14837779907340354,0.14412719011306763
standard_NN,100,3500,1,16,0.14663247279822827,0.14218932390213013
standard_NN,100,3500,1,17,0.14306278144094078,0.1362055242061615
standard_NN,100,3500,1,18,0.1455677835101431,0.1397688239812851
standard_NN,100,3500,1,19,0.14326189150187102,0.15370285511016846
standard_NN,100,3500,1,20,0.14638615382665937,0.13957016170024872
standard_NN,100,3500,1,21,0.14508568421006202,0.14263981580734253
standard_NN,100,3500,1,22,0.1368917462500659,0.13688412308692932
standard_NN,100,3500,1,23,0.13802933032539758,0.1349799782037735
standard_NN,100,3500,1,24,0.13541780381717466,0.13395902514457703
standard_NN,100,3500,1,25,0.13055194128643383,0.13548187911510468
standard_NN,100,3500,1,26,0.13061132556335492,0.1366548389196396
standard_NN,100,3500,1,27,0.13327067511325533,0.15084467828273773
standard_NN,100,3500,1,28,0.13464555422013455,0.13479889929294586
standard_NN,100,3500,1,29,0.1311151624572548,0.13564461469650269
standard_NN,100,3500,1,30,0.12939767832444474,0.13413934409618378
standard_NN,100,3500,1,31,0.12553297085687518,0.13769912719726562
standard_NN,100,3500,1,32,0.1235218890688636,0.1281033754348755
standard_NN,100,3500,1,33,0.12337552739137952,0.1349114030599594
standard_NN,100,3500,1,34,0.11675265536389567,0.13175451755523682
standard_NN,100,3500,1,35,0.12141090377487919,0.13707508146762848
standard_NN,100,3500,1,36,0.12270520034838807,0.13656790554523468
standard_NN,100,3500,1,37,0.11979101406918331,0.1327628344297409
standard_NN,100,3500,1,38,0.11928820020773194,0.13262367248535156
standard_NN,100,3500,1,39,0.11553102746944535,0.1440330147743225
standard_NN,100,3500,1,40,0.1184222703630274,0.13172076642513275
standard_NN,100,3500,1,41,0.11109515938230537,0.13165859878063202
standard_NN,100,3500,1,42,0.11237347647547721,0.14005565643310547
standard_NN,100,3500,1,43,0.10768425024368546,0.13284814357757568
standard_NN,100,3500,1,44,0.10538869544186376,0.12775418162345886
standard_NN,100,3500,1,45,0.10499959352680228,0.13659529387950897
standard_NN,100,3500,1,46,0.10327791754495014,0.13890722393989563
standard_NN,100,3500,1,47,0.102946236374026,0.13140995800495148
standard_NN,100,3500,1,48,0.10419680775905198,0.13236825168132782
standard_NN,100,3500,1,49,0.09846714586019516,0.12623204290866852
standard_NN,100,3500,1,50,0.09773904095319184,0.1321566104888916
standard_NN,100,3500,1,51,0.1003537041219798,0.13448698818683624
standard_NN,100,3500,1,52,0.09563195779919624,0.13428060710430145
standard_NN,100,3500,1,53,0.09617700817232783,0.1298857182264328
standard_NN,100,3500,1,54,0.09555293502794071,0.12926176190376282
standard_NN,100,3500,1,55,0.08997261608866128,0.14369581639766693
standard_NN,100,3500,1,56,0.09063666500151157,0.13209311664104462
standard_NN,100,3500,1,57,0.08863856174390425,0.12977421283721924
standard_NN,100,3500,1,58,0.08653744174675508,0.13545845448970795
standard_NN,100,3500,1,59,0.08632942146875641,0.1347784399986267
standard_NN,100,3500,1,60,0.08483956384218552,0.13270652294158936
standard_NN,100,3500,1,61,0.08239871883256869,0.1431329995393753
standard_NN,100,3500,1,62,0.08959580427882347,0.16251416504383087
standard_NN,100,3500,1,63,0.083038880540566,0.14020003378391266
standard_NN,100,3500,1,64,0.07954837270081043,0.13946691155433655
standard_NN,100,3500,1,65,0.08218046519905328,0.13571049273014069
standard_NN,100,3500,1,66,0.07772428976710546,0.1324830800294876
standard_NN,100,3500,1,67,0.07568638326430863,0.14459899067878723
standard_NN,100,3500,1,68,0.07410860214043748,0.13942547142505646
standard_NN,100,3500,1,69,0.06896244775165211,0.13479430973529816
standard_NN,100,3500,1,70,0.0670477107675238,0.13914604485034943
standard_NN,100,3500,1,71,0.06826358772814274,0.13809433579444885
standard_NN,100,3500,1,72,0.07159276299855925,0.13764126598834991
standard_NN,100,3500,1,73,0.06797184115275741,0.13546821475028992
standard_NN,100,3500,1,74,0.06238028799099001,0.14393511414527893
standard_NN,100,3500,1,75,0.06138686635954813,0.14769095182418823
standard_NN,100,3500,1,76,0.06062431717291474,0.1373378336429596
standard_NN,100,3500,1,77,0.06700665911828929,0.1476607322692871
standard_NN,100,3500,1,78,0.06616216635500843,0.15176580846309662
standard_NN,100,3500,1,79,0.06065566219728102,0.1332535594701767
standard_NN,100,3500,1,80,0.06054735117676583,0.1412043571472168
standard_NN,100,3500,1,81,0.058812896077605814,0.13554106652736664
standard_NN,100,3500,1,82,0.06025388907979835,0.1472795456647873
standard_NN,100,3500,1,83,0.058627976578744974,0.152131587266922
standard_NN,100,3500,1,84,0.055994350094856184,0.14701850712299347
standard_NN,100,3500,1,85,0.05062436371703039,0.14590702950954437
standard_NN,100,3500,1,86,0.049967319264330644,0.14706964790821075
standard_NN,100,3500,1,87,0.04927443185482513,0.14450229704380035
standard_NN,100,3500,1,88,0.047142876566133717,0.18976609408855438
standard_NN,100,3500,1,89,0.05724290573800152,0.16279034316539764
standard_NN,100,3500,1,90,0.048021956736391244,0.1476638913154602
standard_NN,100,3500,1,91,0.04714737994257699,0.1450900435447693
standard_NN,100,3500,1,92,0.04668319862843914,0.15271425247192383
standard_NN,100,3500,1,93,0.043735221477056094,0.14166878163814545
standard_NN,100,3500,1,94,0.04145026847042821,0.14679725468158722
standard_NN,100,3500,1,95,0.04489092705771327,0.1578395962715149
standard_NN,100,3500,1,96,0.04310646511783654,0.1445745825767517
standard_NN,100,3500,1,97,0.04107412201437083,0.14395567774772644
standard_NN,100,3500,1,98,0.04260054420341145,0.13914266228675842
standard_NN,100,3500,1,99,0.03692673517560417,0.1481139063835144
physics_guided_NN,100,3500,1,1,0.6543301396749236,0.2631871998310089
physics_guided_NN,100,3500,1,2,0.20460750734941527,0.1594262719154358
physics_guided_NN,100,3500,1,3,0.14108550731431355,0.12235263735055923
physics_guided_NN,100,3500,1,4,0.10507281127978454,0.09524162113666534
physics_guided_NN,100,3500,1,5,0.08644476607441902,0.080287404358387
physics_guided_NN,100,3500,1,6,0.07147759286348115,0.08958122134208679
physics_guided_NN,100,3500,1,7,0.06942004676569592,0.06485208868980408
physics_guided_NN,100,3500,1,8,0.06060153512622823,0.05938878655433655
physics_guided_NN,100,3500,1,9,0.04684056227349422,0.04828872159123421
physics_guided_NN,100,3500,1,10,0.04566732192920013,0.0488881878554821
physics_guided_NN,100,3500,1,11,0.03993639416823333,0.0408860482275486
physics_guided_NN,100,3500,1,12,0.03407182099974968,0.03885339945554733
physics_guided_NN,100,3500,1,13,0.03421068753285164,0.03705195337533951
physics_guided_NN,100,3500,1,14,0.02931033933365887,0.040395744144916534
physics_guided_NN,100,3500,1,15,0.0277618956328793,0.04892078414559364
physics_guided_NN,100,3500,1,16,0.026926079400899736,0.034877799451351166
physics_guided_NN,100,3500,1,17,0.020924896594475616,0.027909763157367706
physics_guided_NN,100,3500,1,18,0.019514673698524183,0.025908198207616806
physics_guided_NN,100,3500,1,19,0.02596321160989729,0.03373798727989197
physics_guided_NN,100,3500,1,20,0.016261563056402587,0.024089137092232704
physics_guided_NN,100,3500,1,21,0.016819486174393782,0.03249847888946533
physics_guided_NN,100,3500,1,22,0.015677380121567032,0.03172938525676727
physics_guided_NN,100,3500,1,23,0.015344823299991813,0.025044018402695656
physics_guided_NN,100,3500,1,24,0.01214758946390992,0.02282966859638691
physics_guided_NN,100,3500,1,25,0.011950143020261417,0.023933706805109978
physics_guided_NN,100,3500,1,26,0.009526812378317118,0.02896915003657341
physics_guided_NN,100,3500,1,27,0.01232887854037637,0.027305200695991516
physics_guided_NN,100,3500,1,28,0.012787157868627797,0.01914038509130478
physics_guided_NN,100,3500,1,29,0.010070398504930463,0.024910712614655495
physics_guided_NN,100,3500,1,30,0.008432926783676851,0.019983675330877304
physics_guided_NN,100,3500,1,31,0.007395839181051336,0.016914043575525284
physics_guided_NN,100,3500,1,32,0.006727414527399974,0.017329709604382515
physics_guided_NN,100,3500,1,33,0.00853238935497674,0.014930758625268936
physics_guided_NN,100,3500,1,34,0.007313323672860861,0.018850529566407204
physics_guided_NN,100,3500,1,35,0.006760020719163797,0.02754928171634674
physics_guided_NN,100,3500,1,36,0.008814445929601789,0.017888562753796577
physics_guided_NN,100,3500,1,37,0.006722999080507593,0.021277111023664474
physics_guided_NN,100,3500,1,38,0.00609410342506387,0.015947267413139343
physics_guided_NN,100,3500,1,39,0.005969865872016685,0.017139319330453873
physics_guided_NN,100,3500,1,40,0.007151425545188514,0.01625256985425949
physics_guided_NN,100,3500,1,41,0.004780574966306714,0.013594958931207657
physics_guided_NN,100,3500,1,42,0.00496456306216053,0.015089867636561394
physics_guided_NN,100,3500,1,43,0.004941539191217585,0.015008251182734966
physics_guided_NN,100,3500,1,44,0.005388168516484174,0.012997152283787727
physics_guided_NN,100,3500,1,45,0.004315435913899405,0.017285598441958427
physics_guided_NN,100,3500,1,46,0.0035985734504224223,0.01288505457341671
physics_guided_NN,100,3500,1,47,0.004189599286341532,0.012568941339850426
physics_guided_NN,100,3500,1,48,0.003818674413063987,0.01426603738218546
physics_guided_NN,100,3500,1,49,0.0033349145627157256,0.013969986699521542
physics_guided_NN,100,3500,1,50,0.0031876886199990457,0.011986708268523216
physics_guided_NN,100,3500,1,51,0.004524934325705875,0.01438963320106268
physics_guided_NN,100,3500,1,52,0.0036963620117272844,0.013108164072036743
physics_guided_NN,100,3500,1,53,0.005302183418958025,0.01354067213833332
physics_guided_NN,100,3500,1,54,0.0036699214929037474,0.012316582724452019
physics_guided_NN,100,3500,1,55,0.003872566996142268,0.011591831222176552
physics_guided_NN,100,3500,1,56,0.00355937214652923,0.011785699054598808
physics_guided_NN,100,3500,1,57,0.0029189490057020023,0.010840208269655704
physics_guided_NN,100,3500,1,58,0.0029341466597874056,0.012317300774157047
physics_guided_NN,100,3500,1,59,0.0026312276477586816,0.011834840290248394
physics_guided_NN,100,3500,1,60,0.003095888094553216,0.012039604596793652
physics_guided_NN,100,3500,1,61,0.003495828883553093,0.011752159334719181
physics_guided_NN,100,3500,1,62,0.003490813410925594,0.012859070673584938
physics_guided_NN,100,3500,1,63,0.003071762774859301,0.010854123160243034
physics_guided_NN,100,3500,1,64,0.003375991674097763,0.013953437097370625
physics_guided_NN,100,3500,1,65,0.003821044067047875,0.010400957427918911
physics_guided_NN,100,3500,1,66,0.0025888414026915348,0.010755262337625027
physics_guided_NN,100,3500,1,67,0.002475654996338893,0.01131064910441637
physics_guided_NN,100,3500,1,68,0.0027056317014450375,0.0125507153570652
physics_guided_NN,100,3500,1,69,0.0026694536780599845,0.010767568834125996
physics_guided_NN,100,3500,1,70,0.00282041093503887,0.011062291450798512
physics_guided_NN,100,3500,1,71,0.0022490807734853167,0.011281239800155163
physics_guided_NN,100,3500,1,72,0.0020465582609176637,0.011323908343911171
physics_guided_NN,100,3500,1,73,0.0018233853244138034,0.012420309707522392
physics_guided_NN,100,3500,1,74,0.0022451107898219065,0.011679085902869701
physics_guided_NN,100,3500,1,75,0.002930344880389219,0.012807067483663559
physics_guided_NN,100,3500,1,76,0.0022922439003278585,0.01203165389597416
physics_guided_NN,100,3500,1,77,0.0019772842007858508,0.013139129616320133
physics_guided_NN,100,3500,1,78,0.001974277850240469,0.009313469752669334
physics_guided_NN,100,3500,1,79,0.0020934240289286455,0.010151788592338562
physics_guided_NN,100,3500,1,80,0.001973647154359655,0.010635506361722946
physics_guided_NN,100,3500,1,81,0.0026255500968545677,0.011739028617739677
physics_guided_NN,100,3500,1,82,0.008635504099286415,0.011880850419402122
physics_guided_NN,100,3500,1,83,0.005448834371583705,0.011433040723204613
physics_guided_NN,100,3500,1,84,0.002906335486014458,0.012073006480932236
physics_guided_NN,100,3500,1,85,0.002670760844326155,0.012152894400060177
physics_guided_NN,100,3500,1,86,0.0023996947999958963,0.01588471047580242
physics_guided_NN,100,3500,1,87,0.0035678266526453875,0.01013362966477871
physics_guided_NN,100,3500,1,88,0.00225778733888133,0.009771410375833511
physics_guided_NN,100,3500,1,89,0.002029186085035855,0.010263548232614994
physics_guided_NN,100,3500,1,90,0.0021206585404632446,0.01125346589833498
physics_guided_NN,100,3500,1,91,0.0024822224915789608,0.00964393001049757
physics_guided_NN,100,3500,1,92,0.002769314602483064,0.011751880869269371
physics_guided_NN,100,3500,1,93,0.001686525927983563,0.011192084290087223
physics_guided_NN,100,3500,1,94,0.001873718307946216,0.009668268263339996
physics_guided_NN,100,3500,1,95,0.0048228636648590595,0.012709357775747776
physics_guided_NN,100,3500,1,96,0.005503517286640338,0.010602740570902824
physics_guided_NN,100,3500,1,97,0.004728226107545197,0.009824137203395367
physics_guided_NN,100,3500,1,98,0.0024972857738083058,0.009375421330332756
physics_guided_NN,100,3500,1,99,0.0022748913160863925,0.009856536984443665
physics_guided_NN,100,3500,1,100,0.0019193822131703861,0.01083720475435257
physics_guided_NN,100,3500,1,101,0.0021464030104900965,0.012674643658101559
physics_guided_NN,100,3500,1,102,0.0018537287547422403,0.009610447101294994
physics_guided_NN,100,3500,1,103,0.001833948117299852,0.01165713369846344
physics_guided_NN,100,3500,1,104,0.0022730227528055284,0.010516442358493805
physics_guided_NN,100,3500,1,105,0.0018587403232231737,0.00961207039654255
physics_guided_NN,100,3500,1,106,0.001367523992137814,0.010329359211027622
physics_guided_NN,100,3500,1,107,0.0018341078274798665,0.010414885357022285
physics_guided_NN,100,3500,1,108,0.0020800623153759677,0.008877179585397243
physics_guided_NN,100,3500,1,109,0.0017635636814785274,0.008859949186444283
physics_guided_NN,100,3500,1,110,0.0017109120190566913,0.012185982428491116
physics_guided_NN,100,3500,1,111,0.0016310858159241351,0.01076552364975214
physics_guided_NN,100,3500,1,112,0.001575194464848292,0.010406991466879845
physics_guided_NN,100,3500,1,113,0.0018390671191313727,0.013531721197068691
physics_guided_NN,100,3500,1,114,0.002080949531360106,0.010818082839250565
physics_guided_NN,100,3500,1,115,0.0019783782254142518,0.008797655813395977
physics_guided_NN,100,3500,1,116,0.0020219720720144156,0.009120487608015537
physics_guided_NN,100,3500,1,117,0.0017443265511908315,0.010031472891569138
physics_guided_NN,100,3500,1,118,0.002140427367042073,0.010496240109205246
physics_guided_NN,100,3500,1,119,0.0013809482074892995,0.010942148976027966
physics_guided_NN,100,3500,1,120,0.0012242114494173703,0.010808438062667847
physics_guided_NN,100,3500,1,121,0.0020506415378556335,0.010490666143596172
physics_guided_NN,100,3500,1,122,0.002559239109343087,0.010071530938148499
physics_guided_NN,100,3500,1,123,0.0025755132104016165,0.010299905203282833
physics_guided_NN,100,3500,1,124,0.002897207683417946,0.009875054471194744
physics_guided_NN,100,3500,1,125,0.002763478037774224,0.00883910059928894
physics_guided_NN,100,3500,1,126,0.0022591724467929454,0.01003709901124239
physics_guided_NN,100,3500,1,127,0.0029973930700428106,0.012139618396759033
physics_guided_NN,100,3500,1,128,0.002953618819910017,0.01024196669459343
physics_guided_NN,100,3500,1,129,0.0032279020228253848,0.011250182054936886
physics_guided_NN,100,3500,1,130,0.002559070195473561,0.01115160621702671
physics_guided_NN,100,3500,1,131,0.0014206755419515751,0.00863307062536478
physics_guided_NN,100,3500,1,132,0.00144646755493754,0.011955495923757553
physics_guided_NN,100,3500,1,133,0.0018247284455521202,0.00850108452141285
physics_guided_NN,100,3500,1,134,0.0010339564088181676,0.009040099568665028
physics_guided_NN,100,3500,1,135,0.0011458067990712483,0.009152542799711227
physics_guided_NN,100,3500,1,136,0.001254865456245501,0.008708955720067024
physics_guided_NN,100,3500,1,137,0.001982585243901915,0.010116525925695896
physics_guided_NN,100,3500,1,138,0.0027968820845919915,0.008915537968277931
physics_guided_NN,100,3500,1,139,0.0014199016901495103,0.00878105964511633
physics_guided_NN,100,3500,1,140,0.002540713985217735,0.010730323381721973
physics_guided_NN,100,3500,1,141,0.001569784147432074,0.011530112475156784
physics_guided_NN,100,3500,1,142,0.0014773233582011677,0.007994498126208782
physics_guided_NN,100,3500,1,143,0.001106046138077297,0.008564259856939316
physics_guided_NN,100,3500,1,144,0.0010332345158200371,0.008455570787191391
physics_guided_NN,100,3500,1,145,0.0009729779230176725,0.008340238593518734
physics_guided_NN,100,3500,1,146,0.0008530580264050514,0.008183848112821579
physics_guided_NN,100,3500,1,147,0.0011335001575802875,0.007876845076680183
physics_guided_NN,100,3500,1,148,0.0011074322111777623,0.008210286498069763
physics_guided_NN,100,3500,1,149,0.0011034745400221172,0.009479392319917679
physics_guided_NN,100,3500,1,150,0.0009314796466655521,0.009421877562999725
physics_guided_NN,100,3500,1,151,0.001083619498372586,0.010377706028521061
physics_guided_NN,100,3500,1,152,0.0014919490103652193,0.008420448750257492
physics_guided_NN,100,3500,1,153,0.0031284567148594017,0.012257692404091358
physics_guided_NN,100,3500,1,154,0.0044798074755817655,0.009138358756899834
physics_guided_NN,100,3500,1,155,0.0037391361219554463,0.013392388820648193
physics_guided_NN,100,3500,1,156,0.0038808220976286312,0.008857316337525845
physics_guided_NN,100,3500,1,157,0.0023674006647938354,0.013889853842556477
physics_guided_NN,100,3500,1,158,0.0016491424683904782,0.008901183493435383
physics_guided_NN,100,3500,1,159,0.0015363622520288282,0.009276174940168858
physics_guided_NN,100,3500,1,160,0.001557333655761216,0.010298747569322586
physics_guided_NN,100,3500,1,161,0.0010120145029346036,0.008534739725291729
physics_guided_NN,100,3500,1,162,0.0011038169825703583,0.007828660309314728
physics_guided_NN,100,3500,1,163,0.0009577345182399519,0.009134797379374504
physics_guided_NN,100,3500,1,164,0.0015211951834234324,0.011902225203812122
physics_guided_NN,100,3500,1,165,0.002065904152748937,0.007293537724763155
physics_guided_NN,100,3500,1,166,0.0018953733177940277,0.009436185471713543
physics_guided_NN,100,3500,1,167,0.0013195215232289313,0.008631574921309948
physics_guided_NN,100,3500,1,168,0.001081804564455524,0.009548364207148552
physics_guided_NN,100,3500,1,169,0.0008649655453733761,0.009185980074107647
physics_guided_NN,100,3500,1,170,0.0008267891939877617,0.008250473067164421
physics_guided_NN,100,3500,1,171,0.0007267497707454657,0.008492992259562016
physics_guided_NN,100,3500,1,172,0.000907219314831309,0.008217351511120796
physics_guided_NN,100,3500,1,173,0.0010759676542048428,0.007900428958237171
physics_guided_NN,100,3500,1,174,0.0015309803944546728,0.010334676131606102
physics_guided_NN,100,3500,1,175,0.006112090474925935,0.01059104036539793
physics_guided_NN,100,3500,1,176,0.012286582375368612,0.00957853440195322
physics_guided_NN,100,3500,1,177,0.002227484687781808,0.009356808848679066
physics_guided_NN,100,3500,1,178,0.0013889326888602226,0.008779201656579971
physics_guided_NN,100,3500,1,179,0.0014195267105771398,0.010283908806741238
physics_guided_NN,100,3500,1,180,0.0009747304001145742,0.00859912857413292
physics_guided_NN,100,3500,1,181,0.0007884487192231146,0.010183410719037056
physics_guided_NN,100,3500,1,182,0.0008709440436425873,0.009422406554222107
physics_guided_NN,100,3500,1,183,0.0008616595777725293,0.00792760867625475
physics_guided_NN,100,3500,1,184,0.0007167922745628113,0.008245095610618591
physics_guided_NN,100,3500,1,185,0.0006487738536882468,0.008271492086350918
physics_guided_NN,100,3500,1,186,0.0006404796451203186,0.007687689270824194
physics_guided_NN,100,3500,1,187,0.0010779879103541713,0.008426791056990623
physics_guided_NN,100,3500,1,188,0.0010216535389190539,0.00792645663022995
physics_guided_NN,100,3500,1,189,0.001293466587296941,0.011684929952025414
physics_guided_NN,100,3500,1,190,0.002404123122952032,0.008191999979317188
physics_guided_NN,100,3500,1,191,0.0024914647748863154,0.008762393146753311
physics_guided_NN,100,3500,1,192,0.0013968545022759247,0.00974147580564022
physics_guided_NN,100,3500,1,193,0.0009913556576727634,0.008192445151507854
physics_guided_NN,100,3500,1,194,0.0007668014335319061,0.00865131989121437
physics_guided_NN,100,3500,1,195,0.0007809164402053946,0.006971578113734722
physics_guided_NN,100,3500,1,196,0.0011221278358293188,0.009082897566258907
physics_guided_NN,100,3500,1,197,0.0017062086580236528,0.008019941858947277
physics_guided_NN,100,3500,1,198,0.0010517520411998371,0.008178274147212505
physics_guided_NN,100,3500,1,199,0.0008319162176286971,0.007719270419329405
physics_guided_NN,100,3500,1,200,0.0007857731318588114,0.008217237889766693
physics_guided_NN,100,3500,1,201,0.000730196735557084,0.007413832936435938
physics_guided_NN,100,3500,1,202,0.0009131946024188602,0.008127503097057343
physics_guided_NN,100,3500,1,203,0.0006724055054788055,0.007101297378540039
physics_guided_NN,100,3500,1,204,0.0007218146193984219,0.008923874236643314
physics_guided_NN,100,3500,1,205,0.0007136982622217725,0.008398219011723995
physics_guided_NN,100,3500,1,206,0.0006641250778391788,0.008170940913259983
physics_guided_NN,100,3500,1,207,0.0017381928744725883,0.009592286311089993
physics_guided_NN,100,3500,1,208,0.0015161482294471088,0.010736307129263878
physics_guided_NN,100,3500,1,209,0.0013835812675427985,0.008702159859240055
physics_guided_NN,100,3500,1,210,0.0025697359735865825,0.008552738465368748
physics_guided_NN,100,3500,1,211,0.0008798621737779202,0.008501049131155014
physics_guided_NN,100,3500,1,212,0.0010315830604998733,0.00899005401879549
physics_guided_NN,100,3500,1,213,0.0016906176376241175,0.014758544974029064
physics_guided_NN,100,3500,1,214,0.0019720536942424423,0.008718892000615597
physics_guided_NN,100,3500,1,215,0.0007298808693039147,0.008720931597054005
physics_guided_NN,100,3500,1,216,0.0007139613216912205,0.007870369590818882
physics_guided_NN,100,3500,1,217,0.0005950500754724172,0.007181158289313316
physics_guided_NN,100,3500,1,218,0.0007645229957151142,0.007590391207486391
physics_guided_NN,100,3500,1,219,0.0008130223823668943,0.007814801298081875
physics_guided_NN,100,3500,1,220,0.001619906898122281,0.007912951521575451
physics_guided_NN,100,3500,1,221,0.0009427566224158826,0.010349827818572521
physics_guided_NN,100,3500,1,222,0.0013858241716992448,0.017858348786830902
physics_guided_NN,100,3500,1,223,0.004729826187460937,0.008651642128825188
physics_guided_NN,100,3500,1,224,0.0020132218127731573,0.01061984058469534
physics_guided_NN,100,3500,1,225,0.0028416092962619257,0.00658599054440856
physics_guided_NN,100,3500,1,226,0.0014760114797602662,0.01186422724276781
physics_guided_NN,100,3500,1,227,0.0016654569481033832,0.007948795333504677
physics_guided_NN,100,3500,1,228,0.003036352367648347,0.01358269713819027
physics_guided_NN,100,3500,1,229,0.0024925076312766496,0.008189857006072998
physics_guided_NN,100,3500,1,230,0.000802350039223463,0.008922478184103966
physics_guided_NN,100,3500,1,231,0.0010434910506856713,0.006970871705561876
physics_guided_NN,100,3500,1,232,0.0011063240135130896,0.007127516902983189
physics_guided_NN,100,3500,1,233,0.0006949028717248108,0.007177633699029684
physics_guided_NN,100,3500,1,234,0.0007042456418275833,0.0069386595860123634
physics_guided_NN,100,3500,1,235,0.0005927250805226239,0.0066016558557748795
physics_guided_NN,100,3500,1,236,0.0006938292975643311,0.008562975563108921
physics_guided_NN,100,3500,1,237,0.0007159660522699018,0.006638606544584036
physics_guided_NN,100,3500,1,238,0.0005493285020665181,0.006626692600548267
physics_guided_NN,100,3500,1,239,0.0008181992613985627,0.007074587047100067
physics_guided_NN,100,3500,1,240,0.0009982456685975194,0.0077242921106517315
physics_guided_NN,100,3500,1,241,0.000591621455069716,0.00712281558662653
physics_guided_NN,100,3500,1,242,0.0005308696920771829,0.006605345755815506
physics_guided_NN,100,3500,1,243,0.0005769019523127512,0.008517932146787643
physics_guided_NN,100,3500,1,244,0.0009581065032927489,0.006327018607407808
physics_guided_NN,100,3500,1,245,0.0013619734500852328,0.006524247583001852
physics_guided_NN,100,3500,1,246,0.013432256489547647,0.02545611746609211
physics_guided_NN,100,3500,1,247,0.009054605345326391,0.010424274019896984
physics_guided_NN,100,3500,1,248,0.0021441907516087997,0.008479784242808819
physics_guided_NN,100,3500,1,249,0.0013070004425985232,0.007969834841787815
physics_guided_NN,100,3500,1,250,0.0011941859212873335,0.008378148078918457
physics_guided_NN,100,3500,1,251,0.0009371134426063774,0.007826562970876694
physics_guided_NN,100,3500,1,252,0.0013581152613782747,0.009879650548100471
physics_guided_NN,100,3500,1,253,0.0007274460745975375,0.009114506654441357
physics_guided_NN,100,3500,1,254,0.0005886963102966547,0.008013995364308357
physics_guided_NN,100,3500,1,255,0.0006031345523131842,0.007653533946722746
physics_guided_NN,100,3500,1,256,0.0007234187108803202,0.008512657135725021
physics_guided_NN,100,3500,1,257,0.0006102777165572413,0.008893989026546478
physics_guided_NN,100,3500,1,258,0.0006613908393774181,0.007677060551941395
physics_guided_NN,100,3500,1,259,0.0006103780448690734,0.0068495748564600945
physics_guided_NN,100,3500,1,260,0.000771476928176443,0.008073273114860058
physics_guided_NN,100,3500,1,261,0.0006998203258262947,0.006992888171225786
physics_guided_NN,100,3500,1,262,0.0007114019742320208,0.007859309203922749
physics_guided_NN,100,3500,1,263,0.0006725896131353114,0.007833141833543777
physics_guided_NN,100,3500,1,264,0.0015747917731377212,0.007458469830453396
physics_guided_NN,100,3500,1,265,0.001815611215583472,0.008529359474778175
physics_guided_NN,100,3500,1,266,0.0017972511175850575,0.00962348747998476
physics_guided_NN,100,3500,1,267,0.006895951254145158,0.011598742567002773
physics_guided_NN,100,3500,1,268,0.009370500655760143,0.008419032208621502
physics_guided_NN,100,3500,1,269,0.002760443861321123,0.008911773562431335
physics_guided_NN,100,3500,1,270,0.001952680700395087,0.008817705325782299
physics_guided_NN,100,3500,1,271,0.0012662363548191604,0.008219841867685318
physics_guided_NN,100,3500,1,272,0.001761090136873959,0.0097128851339221
physics_guided_NN,100,3500,1,273,0.0015860989277081733,0.008632956072688103
physics_guided_NN,100,3500,1,274,0.0006298756536456164,0.008604109287261963
physics_guided_NN,100,3500,1,275,0.0006226462714204734,0.00838463008403778
physics_guided_NN,100,3500,1,276,0.0005208223060683601,0.007872173562645912
physics_guided_NN,100,3500,1,277,0.0004904436868276785,0.007675291504710913
physics_guided_NN,100,3500,1,278,0.0005184919311432168,0.007589015644043684
physics_guided_NN,100,3500,1,279,0.0005701027937572111,0.006695889867842197
physics_guided_NN,100,3500,1,280,0.0007332799125420438,0.006844443269073963
physics_guided_NN,100,3500,1,281,0.0005657296664801172,0.007519151549786329
physics_guided_NN,100,3500,1,282,0.000497700912158259,0.007777624297887087
physics_guided_NN,100,3500,1,283,0.0005735461118588732,0.007567181251943111
physics_guided_NN,100,3500,1,284,0.0006211062808605757,0.006918509490787983
physics_guided_NN,100,3500,1,285,0.0004787135977742516,0.007184615358710289
physics_guided_NN,100,3500,1,286,0.0007831782957179133,0.007931080646812916
physics_guided_NN,100,3500,1,287,0.0012604957261249763,0.009584685787558556
physics_guided_NN,100,3500,1,288,0.001050562633000399,0.006887872703373432
physics_guided_NN,100,3500,1,289,0.0012086949073074555,0.008087079040706158
physics_guided_NN,100,3500,1,290,0.001209009865785695,0.007332053501158953
physics_guided_NN,100,3500,1,291,0.0013668190899559043,0.00674474285915494
physics_guided_NN,100,3500,1,292,0.0007610004511661827,0.00718440068885684
physics_guided_NN,100,3500,1,293,0.0007111060515109619,0.006532356608659029
physics_guided_NN,100,3500,1,294,0.0010048187358982184,0.007210725452750921
standard_NN,100,3500,2,1,0.6390720294280485,0.34551534056663513
standard_NN,100,3500,2,2,0.2951851911165497,0.2517915964126587
standard_NN,100,3500,2,3,0.2306670788336884,0.2077779918909073
standard_NN,100,3500,2,4,0.20058376050808213,0.1799725890159607
standard_NN,100,3500,2,5,0.19032239880074153,0.17600193619728088
standard_NN,100,3500,2,6,0.17453192228620704,0.158834770321846
standard_NN,100,3500,2,7,0.16665098670531403,0.1509946584701538
standard_NN,100,3500,2,8,0.1605742012573914,0.15179245173931122
standard_NN,100,3500,2,9,0.159472626989538,0.14446651935577393
standard_NN,100,3500,2,10,0.15640081363645467,0.14612942934036255
standard_NN,100,3500,2,11,0.151527205448259,0.13835270702838898
standard_NN,100,3500,2,12,0.14574150504036384,0.1469537913799286
standard_NN,100,3500,2,13,0.15110648271035065,0.14236193895339966
standard_NN,100,3500,2,14,0.15413315065882421,0.1443551629781723
standard_NN,100,3500,2,15,0.1410416804592718,0.14076359570026398
standard_NN,100,3500,2,16,0.14040041059594263,0.13291534781455994
standard_NN,100,3500,2,17,0.13644982337613,0.1330404281616211
standard_NN,100,3500,2,18,0.13636753816496242,0.14441831409931183
standard_NN,100,3500,2,19,0.13119093001904814,0.13351118564605713
standard_NN,100,3500,2,20,0.13067815700037913,0.13586947321891785
standard_NN,100,3500,2,21,0.13283959132703868,0.131646066904068
standard_NN,100,3500,2,22,0.12953531315380876,0.14589716494083405
standard_NN,100,3500,2,23,0.1274792652238499,0.13575150072574615
standard_NN,100,3500,2,24,0.12761265730315988,0.13588669896125793
standard_NN,100,3500,2,25,0.12335342568430034,0.1323641687631607
standard_NN,100,3500,2,26,0.1200571103190834,0.13325244188308716
standard_NN,100,3500,2,27,0.11536724956875498,0.13635316491127014
standard_NN,100,3500,2,28,0.11457040563903072,0.13565494120121002
standard_NN,100,3500,2,29,0.11261175146157092,0.141270250082016
standard_NN,100,3500,2,30,0.12057326618920673,0.1366911679506302
standard_NN,100,3500,2,31,0.11323832669718699,0.13554894924163818
standard_NN,100,3500,2,32,0.10740188172256404,0.1386863738298416
standard_NN,100,3500,2,33,0.10626753439957445,0.148469477891922
standard_NN,100,3500,2,34,0.10899377106265588,0.1364252269268036
standard_NN,100,3500,2,35,0.10889253198084506,0.1405048817396164
standard_NN,100,3500,2,36,0.09863176474517042,0.1378818303346634
standard_NN,100,3500,2,37,0.09843065057965843,0.1377796083688736
standard_NN,100,3500,2,38,0.09537439237941395,0.13851840794086456
standard_NN,100,3500,2,39,0.09254032366655089,0.1402280181646347
standard_NN,100,3500,2,40,0.10943671878088604,0.169496551156044
standard_NN,100,3500,2,41,0.10316948492757298,0.1395251601934433
standard_NN,100,3500,2,42,0.08882612898437814,0.1397111415863037
standard_NN,100,3500,2,43,0.0942827489904382,0.1489441692829132
standard_NN,100,3500,2,44,0.08925729338079691,0.1327107548713684
standard_NN,100,3500,2,45,0.09255742869255218,0.13979797065258026
standard_NN,100,3500,2,46,0.09055091151120988,0.14600642025470734
standard_NN,100,3500,2,47,0.080848199298436,0.14147861301898956
standard_NN,100,3500,2,48,0.08031087770042095,0.16074959933757782
standard_NN,100,3500,2,49,0.08644647124138745,0.17705971002578735
standard_NN,100,3500,2,50,0.08125895180485465,0.14033302664756775
standard_NN,100,3500,2,51,0.07625723047689958,0.1359633356332779
standard_NN,100,3500,2,52,0.07893205682154406,0.1351010948419571
standard_NN,100,3500,2,53,0.07839888733896343,0.13946405053138733
standard_NN,100,3500,2,54,0.07013264318758791,0.1613413393497467
standard_NN,100,3500,2,55,0.07216744207861749,0.1530277132987976
standard_NN,100,3500,2,56,0.07504488951103254,0.1608412265777588
standard_NN,100,3500,2,57,0.07061964439397508,0.14518161118030548
standard_NN,100,3500,2,58,0.06916499652645805,0.155850350856781
standard_NN,100,3500,2,59,0.07167137268592011,0.14857162535190582
standard_NN,100,3500,2,60,0.07399360723793506,0.13698521256446838
standard_NN,100,3500,2,61,0.06618673408573324,0.16449211537837982
standard_NN,100,3500,2,62,0.06666352648965337,0.1464383602142334
standard_NN,100,3500,2,63,0.07075296848673712,0.14497095346450806
standard_NN,100,3500,2,64,0.06352318770844828,0.1307833343744278
standard_NN,100,3500,2,65,0.06211399502036247,0.15708008408546448
standard_NN,100,3500,2,66,0.06391743541779843,0.17411364614963531
standard_NN,100,3500,2,67,0.06436446814543821,0.1652694195508957
standard_NN,100,3500,2,68,0.06481109473176978,0.15278132259845734
standard_NN,100,3500,2,69,0.058584855767813596,0.13992853462696075
standard_NN,100,3500,2,70,0.056244223268533296,0.14973154664039612
standard_NN,100,3500,2,71,0.05615050159394741,0.1744704395532608
standard_NN,100,3500,2,72,0.06993173727427017,0.16824594140052795
standard_NN,100,3500,2,73,0.057080310413783246,0.14715401828289032
standard_NN,100,3500,2,74,0.053764542937278746,0.15774166584014893
standard_NN,100,3500,2,75,0.05643913104114207,0.18352052569389343
standard_NN,100,3500,2,76,0.06190755397758701,0.17188872396945953
standard_NN,100,3500,2,77,0.05294717104936188,0.15039321780204773
standard_NN,100,3500,2,78,0.050613054091280155,0.15156617760658264
standard_NN,100,3500,2,79,0.0543738053264943,0.15517349541187286
standard_NN,100,3500,2,80,0.05456060138954358,0.1781759262084961
standard_NN,100,3500,2,81,0.05049799912693825,0.15855984389781952
standard_NN,100,3500,2,82,0.0462621522559361,0.1495397686958313
standard_NN,100,3500,2,83,0.04904936648566614,0.14908596873283386
standard_NN,100,3500,2,84,0.04981879689307375,0.16386044025421143
standard_NN,100,3500,2,85,0.04536355740644715,0.16054731607437134
standard_NN,100,3500,2,86,0.04535173685713248,0.1584872305393219
standard_NN,100,3500,2,87,0.045372857043350284,0.14457447826862335
standard_NN,100,3500,2,88,0.0419623535295779,0.15602731704711914
standard_NN,100,3500,2,89,0.04228560800918124,0.14799320697784424
standard_NN,100,3500,2,90,0.04831689207560637,0.1469804048538208
standard_NN,100,3500,2,91,0.04741894294592467,0.16801796853542328
standard_NN,100,3500,2,92,0.04117723585699092,0.17608508467674255
standard_NN,100,3500,2,93,0.046167992275546896,0.1569950431585312
standard_NN,100,3500,2,94,0.04196072117510167,0.1847134828567505
standard_NN,100,3500,2,95,0.04141669166697697,0.18852734565734863
standard_NN,100,3500,2,96,0.04356837247244336,0.2104746401309967
standard_NN,100,3500,2,97,0.04212918640537695,0.1621992588043213
standard_NN,100,3500,2,98,0.041938422129235486,0.15861113369464874
standard_NN,100,3500,2,99,0.041532787968489256,0.18583887815475464
standard_NN,100,3500,2,100,0.03918018543415449,0.15833599865436554
standard_NN,100,3500,2,101,0.03886535075408491,0.17799818515777588
standard_NN,100,3500,2,102,0.04062555567784743,0.1686774492263794
standard_NN,100,3500,2,103,0.03675443665547804,0.17079606652259827
standard_NN,100,3500,2,104,0.040084980021823535,0.19977444410324097
standard_NN,100,3500,2,105,0.03688858137889342,0.16209161281585693
standard_NN,100,3500,2,106,0.036722977688028055,0.16719534993171692
standard_NN,100,3500,2,107,0.0375219927338714,0.17589472234249115
standard_NN,100,3500,2,108,0.03710565119981766,0.18204078078269958
standard_NN,100,3500,2,109,0.036931092021140186,0.17524471879005432
standard_NN,100,3500,2,110,0.03879110110415654,0.18250806629657745
standard_NN,100,3500,2,111,0.03898134179074656,0.16737057268619537
standard_NN,100,3500,2,112,0.034140945310619744,0.18803320825099945
standard_NN,100,3500,2,113,0.036919306320222944,0.17414507269859314
standard_NN,100,3500,2,114,0.03502430326559327,0.18409478664398193
physics_guided_NN,100,3500,2,1,0.6116175769404931,0.25690537691116333
physics_guided_NN,100,3500,2,2,0.20064533214000138,0.15806561708450317
physics_guided_NN,100,3500,2,3,0.13763931491835552,0.11079712957143784
physics_guided_NN,100,3500,2,4,0.10360862829468467,0.08569233864545822
physics_guided_NN,100,3500,2,5,0.08519805708730763,0.07065746933221817
physics_guided_NN,100,3500,2,6,0.06880928682671351,0.06013358011841774
physics_guided_NN,100,3500,2,7,0.05695241871713237,0.05153875797986984
physics_guided_NN,100,3500,2,8,0.04760972987013784,0.04956217110157013
physics_guided_NN,100,3500,2,9,0.04202529421414841,0.04222980514168739
physics_guided_NN,100,3500,2,10,0.03783833481879397,0.04716308042407036
physics_guided_NN,100,3500,2,11,0.03389110471206633,0.03615206852555275
physics_guided_NN,100,3500,2,12,0.03299025882204825,0.03087284415960312
physics_guided_NN,100,3500,2,13,0.027864321727644314,0.029342830181121826
physics_guided_NN,100,3500,2,14,0.025897744357247243,0.037562232464551926
physics_guided_NN,100,3500,2,15,0.02565778353759511,0.029719136655330658
physics_guided_NN,100,3500,2,16,0.021776157431304455,0.023886024951934814
physics_guided_NN,100,3500,2,17,0.017650240371850402,0.0272161066532135
physics_guided_NN,100,3500,2,18,0.019407685477794572,0.020830877125263214
physics_guided_NN,100,3500,2,19,0.01568595742044801,0.019974445924162865
physics_guided_NN,100,3500,2,20,0.013289353598586538,0.026358475908637047
physics_guided_NN,100,3500,2,21,0.013422595624896613,0.021524548530578613
physics_guided_NN,100,3500,2,22,0.011537028692493385,0.022743767127394676
physics_guided_NN,100,3500,2,23,0.010485738139091568,0.017093149945139885
physics_guided_NN,100,3500,2,24,0.013007960146801039,0.017248673364520073
physics_guided_NN,100,3500,2,25,0.010719884496012872,0.015573203563690186
physics_guided_NN,100,3500,2,26,0.008551237385042688,0.015181330032646656
physics_guided_NN,100,3500,2,27,0.007712530657987703,0.015090816654264927
physics_guided_NN,100,3500,2,28,0.007474435855295848,0.013284232467412949
physics_guided_NN,100,3500,2,29,0.007914827865633097,0.021316876634955406
physics_guided_NN,100,3500,2,30,0.0072276011532680555,0.013746918179094791
physics_guided_NN,100,3500,2,31,0.006296150240285152,0.01534674596041441
physics_guided_NN,100,3500,2,32,0.0063457334943285044,0.015326278284192085
physics_guided_NN,100,3500,2,33,0.005410536592402919,0.013877726159989834
physics_guided_NN,100,3500,2,34,0.005063995829021389,0.01262708194553852
physics_guided_NN,100,3500,2,35,0.009264246696098283,0.017345154657959938
physics_guided_NN,100,3500,2,36,0.005054945380172946,0.013106253929436207
physics_guided_NN,100,3500,2,37,0.004252290461127731,0.013738127425312996
physics_guided_NN,100,3500,2,38,0.004368921369314193,0.011606250889599323
physics_guided_NN,100,3500,2,39,0.003908399054357274,0.012204117141664028
physics_guided_NN,100,3500,2,40,0.003645446921952746,0.011999019421637058
physics_guided_NN,100,3500,2,41,0.0034194007208994165,0.012612670660018921
physics_guided_NN,100,3500,2,42,0.0034330802398141137,0.012317623011767864
physics_guided_NN,100,3500,2,43,0.003276559597262266,0.013446441851556301
physics_guided_NN,100,3500,2,44,0.0030494174073365603,0.011214452795684338
physics_guided_NN,100,3500,2,45,0.0029950885461982003,0.01141397189348936
physics_guided_NN,100,3500,2,46,0.0028876452473923565,0.01361334603279829
physics_guided_NN,100,3500,2,47,0.003303234384987842,0.010833210311830044
physics_guided_NN,100,3500,2,48,0.002987022405828942,0.010781879536807537
physics_guided_NN,100,3500,2,49,0.0028844402594999834,0.010469471104443073
physics_guided_NN,100,3500,2,50,0.0024379145830277014,0.010065861977636814
physics_guided_NN,100,3500,2,51,0.0026778882200067695,0.011063061654567719
physics_guided_NN,100,3500,2,52,0.0028755091723393312,0.01004792284220457
physics_guided_NN,100,3500,2,53,0.0024489446278576823,0.012743119150400162
physics_guided_NN,100,3500,2,54,0.0025770860724151135,0.011521720327436924
physics_guided_NN,100,3500,2,55,0.002244957625357942,0.010391672141849995
physics_guided_NN,100,3500,2,56,0.0022236406803131104,0.010562858544290066
physics_guided_NN,100,3500,2,57,0.002671625704335218,0.011525954119861126
physics_guided_NN,100,3500,2,58,0.0021498420159332455,0.010748235508799553
physics_guided_NN,100,3500,2,59,0.0020267136193896557,0.010620146989822388
physics_guided_NN,100,3500,2,60,0.00196347433692691,0.010387755930423737
physics_guided_NN,100,3500,2,61,0.002104168996976858,0.010525360703468323
physics_guided_NN,100,3500,2,62,0.0022274851164018564,0.01018751971423626
physics_guided_NN,100,3500,2,63,0.0032455379048108375,0.010426139459013939
physics_guided_NN,100,3500,2,64,0.0044152867419391196,0.013240093365311623
physics_guided_NN,100,3500,2,65,0.002427245632068,0.010822590440511703
physics_guided_NN,100,3500,2,66,0.0020567726365036585,0.0097419498488307
physics_guided_NN,100,3500,2,67,0.0019822491142390806,0.010154662653803825
physics_guided_NN,100,3500,2,68,0.0016272213627499612,0.010152549482882023
physics_guided_NN,100,3500,2,69,0.0016950072974643924,0.011293932795524597
physics_guided_NN,100,3500,2,70,0.0018826847663149238,0.010928918607532978
physics_guided_NN,100,3500,2,71,0.0016415166488679294,0.01012813113629818
physics_guided_NN,100,3500,2,72,0.0034068231079304083,0.015942472964525223
physics_guided_NN,100,3500,2,73,0.003417749953752553,0.011034291237592697
physics_guided_NN,100,3500,2,74,0.0018678951489908451,0.00963535625487566
physics_guided_NN,100,3500,2,75,0.0016378596287474714,0.01153685711324215
physics_guided_NN,100,3500,2,76,0.0016376408145085655,0.010545514523983002
physics_guided_NN,100,3500,2,77,0.002258832779162648,0.009639388881623745
physics_guided_NN,100,3500,2,78,0.0021268548687327317,0.010848579928278923
physics_guided_NN,100,3500,2,79,0.00184118642937392,0.01000721100717783
physics_guided_NN,100,3500,2,80,0.0019453608240424232,0.010880944319069386
physics_guided_NN,100,3500,2,81,0.0015100753522181713,0.010990973562002182
physics_guided_NN,100,3500,2,82,0.0016605826264077966,0.010619371198117733
physics_guided_NN,100,3500,2,83,0.001953547985546968,0.009835511445999146
physics_guided_NN,100,3500,2,84,0.0016639360290190035,0.009886891581118107
physics_guided_NN,100,3500,2,85,0.0018477209356867455,0.009803110733628273
physics_guided_NN,100,3500,2,86,0.0018568341577933592,0.009953637607395649
physics_guided_NN,100,3500,2,87,0.00151754729449749,0.009948655031621456
physics_guided_NN,100,3500,2,88,0.0015163922015662221,0.009142370894551277
physics_guided_NN,100,3500,2,89,0.0016442932574798098,0.01027059368789196
physics_guided_NN,100,3500,2,90,0.0017659880083308302,0.01089063286781311
physics_guided_NN,100,3500,2,91,0.00198051688705825,0.011150714941322803
physics_guided_NN,100,3500,2,92,0.001479495654348284,0.009258990176022053
physics_guided_NN,100,3500,2,93,0.0015043358826501802,0.010105597786605358
physics_guided_NN,100,3500,2,94,0.0014579693098891189,0.010140620172023773
physics_guided_NN,100,3500,2,95,0.0016047744948247617,0.011051799170672894
physics_guided_NN,100,3500,2,96,0.0018198607791088182,0.009776286780834198
physics_guided_NN,100,3500,2,97,0.002038007763489573,0.010491491295397282
physics_guided_NN,100,3500,2,98,0.0033983995121988383,0.01264283712953329
physics_guided_NN,100,3500,2,99,0.0017320748693733052,0.010953156277537346
physics_guided_NN,100,3500,2,100,0.0016873549373651092,0.011005350388586521
physics_guided_NN,100,3500,2,101,0.001921887537041171,0.010685632936656475
physics_guided_NN,100,3500,2,102,0.0022645802596922625,0.01119785476475954
physics_guided_NN,100,3500,2,103,0.0025829626236703587,0.010724686086177826
physics_guided_NN,100,3500,2,104,0.002378622749397023,0.010630586184561253
physics_guided_NN,100,3500,2,105,0.0024004140106791798,0.009865980595350266
physics_guided_NN,100,3500,2,106,0.005388557989234951,0.01800965704023838
physics_guided_NN,100,3500,2,107,0.004859375189566477,0.011590981855988503
physics_guided_NN,100,3500,2,108,0.0018586386635433883,0.01085131149739027
physics_guided_NN,100,3500,2,109,0.0015379658968992193,0.012520863674581051
physics_guided_NN,100,3500,2,110,0.0013910533220041544,0.00969027727842331
physics_guided_NN,100,3500,2,111,0.0015095334542407231,0.011478738859295845
physics_guided_NN,100,3500,2,112,0.0011831218720710075,0.010613870806992054
physics_guided_NN,100,3500,2,113,0.0012598648117008535,0.010875597596168518
physics_guided_NN,100,3500,2,114,0.0012225812496829101,0.011127505451440811
physics_guided_NN,100,3500,2,115,0.0011421210931571708,0.009810932911932468
physics_guided_NN,100,3500,2,116,0.000979987561533397,0.010652612894773483
physics_guided_NN,100,3500,2,117,0.0012496838287916034,0.01123150996863842
physics_guided_NN,100,3500,2,118,0.0012816505517217922,0.011243405751883984
physics_guided_NN,100,3500,2,119,0.001185096552680162,0.012824884615838528
physics_guided_NN,100,3500,2,120,0.0013629713863007385,0.010908134281635284
physics_guided_NN,100,3500,2,121,0.0020017306135163048,0.013619022443890572
physics_guided_NN,100,3500,2,122,0.0014625051857861267,0.010017413645982742
physics_guided_NN,100,3500,2,123,0.0011906400095375086,0.011697595939040184
physics_guided_NN,100,3500,2,124,0.0011555182631127537,0.011434352025389671
physics_guided_NN,100,3500,2,125,0.0009198033801195297,0.010506540536880493
physics_guided_NN,100,3500,2,126,0.0009283374751579355,0.009739249013364315
physics_guided_NN,100,3500,2,127,0.0013912206256381152,0.010084833949804306
physics_guided_NN,100,3500,2,128,0.0017606807227077133,0.011248724535107613
physics_guided_NN,100,3500,2,129,0.0033485582521693273,0.01367194764316082
physics_guided_NN,100,3500,2,130,0.0024964378924447706,0.01229833997786045
physics_guided_NN,100,3500,2,131,0.00158478508872742,0.012037080712616444
physics_guided_NN,100,3500,2,132,0.001119213495191864,0.01067355927079916
physics_guided_NN,100,3500,2,133,0.0009720561888322912,0.011115909554064274
physics_guided_NN,100,3500,2,134,0.0020215989905409517,0.01198989525437355
physics_guided_NN,100,3500,2,135,0.0021828421925998887,0.010921214707195759
physics_guided_NN,100,3500,2,136,0.0016271807740188458,0.010881449095904827
physics_guided_NN,100,3500,2,137,0.0012476494863883339,0.01107036229223013
physics_guided_NN,100,3500,2,138,0.0015488661936780607,0.010712707415223122
standard_NN,100,3500,3,1,0.7124400797215376,0.3390875458717346
standard_NN,100,3500,3,2,0.2946431998502124,0.24334922432899475
standard_NN,100,3500,3,3,0.22776708176190202,0.20328444242477417
standard_NN,100,3500,3,4,0.19985661957074297,0.18056143820285797
standard_NN,100,3500,3,5,0.19491947239095514,0.17000214755535126
standard_NN,100,3500,3,6,0.17634747451679272,0.1616237312555313
standard_NN,100,3500,3,7,0.1675301664254882,0.1583486944437027
standard_NN,100,3500,3,8,0.16480012556368653,0.15114328265190125
standard_NN,100,3500,3,9,0.15984513444656676,0.14800028502941132
standard_NN,100,3500,3,10,0.154788643324917,0.1455841213464737
standard_NN,100,3500,3,11,0.15600912801244043,0.1503783017396927
standard_NN,100,3500,3,12,0.1525985918600451,0.14144408702850342
standard_NN,100,3500,3,13,0.15375256802548062,0.1410752385854721
standard_NN,100,3500,3,14,0.15312518824569205,0.1437118947505951
standard_NN,100,3500,3,15,0.14693524099209093,0.14196449518203735
standard_NN,100,3500,3,16,0.14356776054271242,0.14037838578224182
standard_NN,100,3500,3,17,0.14101604348556562,0.14434444904327393
standard_NN,100,3500,3,18,0.1464032552459023,0.141302689909935
standard_NN,100,3500,3,19,0.1365325914357196,0.14066572487354279
standard_NN,100,3500,3,20,0.1351757701486349,0.14642849564552307
standard_NN,100,3500,3,21,0.14442649576812983,0.14345452189445496
standard_NN,100,3500,3,22,0.13421185421334073,0.1433207243680954
standard_NN,100,3500,3,23,0.13401409076018767,0.14119619131088257
standard_NN,100,3500,3,24,0.12907223188402978,0.14084942638874054
standard_NN,100,3500,3,25,0.12858208367093044,0.15518739819526672
standard_NN,100,3500,3,26,0.12663205821405757,0.14905956387519836
standard_NN,100,3500,3,27,0.12395559251308441,0.14417172968387604
standard_NN,100,3500,3,28,0.12180606299503283,0.1457606852054596
standard_NN,100,3500,3,29,0.12100595117292622,0.15372423827648163
standard_NN,100,3500,3,30,0.12158005688000809,0.14958029985427856
standard_NN,100,3500,3,31,0.1146695507012985,0.15969417989253998
standard_NN,100,3500,3,32,0.11514986606145447,0.1476716548204422
standard_NN,100,3500,3,33,0.11359760663048787,0.15075434744358063
standard_NN,100,3500,3,34,0.11124295505949042,0.1513061821460724
standard_NN,100,3500,3,35,0.10554552278058095,0.1571369767189026
standard_NN,100,3500,3,36,0.10926147005097432,0.15060661733150482
standard_NN,100,3500,3,37,0.1085435200990601,0.14958883821964264
standard_NN,100,3500,3,38,0.1050176410173828,0.15245920419692993
standard_NN,100,3500,3,39,0.10297269379212097,0.1550784856081009
standard_NN,100,3500,3,40,0.09689985124224966,0.1524163782596588
standard_NN,100,3500,3,41,0.10096735437823967,0.16264843940734863
standard_NN,100,3500,3,42,0.10296898814426227,0.15952074527740479
standard_NN,100,3500,3,43,0.09325722281567075,0.15553437173366547
standard_NN,100,3500,3,44,0.10778305032713846,0.15490388870239258
standard_NN,100,3500,3,45,0.09270827311345121,0.1674952656030655
standard_NN,100,3500,3,46,0.09135967286472971,0.17622999846935272
standard_NN,100,3500,3,47,0.09178687008944425,0.16400815546512604
standard_NN,100,3500,3,48,0.08967151049185883,0.17527052760124207
standard_NN,100,3500,3,49,0.08786371275782585,0.1664096564054489
standard_NN,100,3500,3,50,0.08722595889121294,0.16290415823459625
standard_NN,100,3500,3,51,0.0844267761842771,0.16909277439117432
standard_NN,100,3500,3,52,0.08127867557447065,0.17873086035251617
standard_NN,100,3500,3,53,0.08184094586494293,0.1685912162065506
standard_NN,100,3500,3,54,0.07672601977193898,0.1762365847826004
standard_NN,100,3500,3,55,0.07739230997183107,0.17851921916007996
standard_NN,100,3500,3,56,0.07834235938604582,0.17720137536525726
standard_NN,100,3500,3,57,0.07916387451643293,0.17679424583911896
standard_NN,100,3500,3,58,0.07498294743285938,0.1713225096464157
standard_NN,100,3500,3,59,0.07177042950960723,0.1682058721780777
standard_NN,100,3500,3,60,0.0699891914867542,0.17026273906230927
standard_NN,100,3500,3,61,0.0684677420522679,0.18127842247486115
standard_NN,100,3500,3,62,0.06603994751349092,0.1811421811580658
standard_NN,100,3500,3,63,0.06710142720152032,0.17220808565616608
standard_NN,100,3500,3,64,0.06662364839152857,0.17677687108516693
standard_NN,100,3500,3,65,0.06692402635447003,0.1675059199333191
standard_NN,100,3500,3,66,0.0721630283208056,0.18464478850364685
physics_guided_NN,100,3500,3,1,0.6416713640093803,0.3040921688079834
physics_guided_NN,100,3500,3,2,0.25249494977972725,0.19832399487495422
physics_guided_NN,100,3500,3,3,0.16915099475194106,0.13464270532131195
physics_guided_NN,100,3500,3,4,0.124302683330395,0.10007264465093613
physics_guided_NN,100,3500,3,5,0.1017048822038553,0.08128379285335541
physics_guided_NN,100,3500,3,6,0.07915111031721939,0.06323669105768204
physics_guided_NN,100,3500,3,7,0.06825655441392552,0.05464386194944382
physics_guided_NN,100,3500,3,8,0.05486057994209907,0.04546952247619629
physics_guided_NN,100,3500,3,9,0.04862468279898167,0.04482181742787361
physics_guided_NN,100,3500,3,10,0.038982855122197756,0.04936036467552185
physics_guided_NN,100,3500,3,11,0.03796380863694305,0.04067341983318329
physics_guided_NN,100,3500,3,12,0.03232135048813441,0.03243696689605713
physics_guided_NN,100,3500,3,13,0.027767338095740838,0.03712568059563637
physics_guided_NN,100,3500,3,14,0.02509895691817457,0.029540903866291046
physics_guided_NN,100,3500,3,15,0.025442098250443284,0.023251516744494438
physics_guided_NN,100,3500,3,16,0.02197706113484773,0.022753333672881126
physics_guided_NN,100,3500,3,17,0.0209623172625222,0.019583620131015778
physics_guided_NN,100,3500,3,18,0.015353752884336493,0.020873649045825005
physics_guided_NN,100,3500,3,19,0.01679086970927363,0.020392930135130882
physics_guided_NN,100,3500,3,20,0.012501273325390437,0.015298604033887386
physics_guided_NN,100,3500,3,21,0.01723928680982102,0.015392468310892582
physics_guided_NN,100,3500,3,22,0.012567662684754892,0.014403294771909714
physics_guided_NN,100,3500,3,23,0.010829007888043468,0.013090500608086586
physics_guided_NN,100,3500,3,24,0.012029337493533437,0.018841933459043503
physics_guided_NN,100,3500,3,25,0.011726249959743158,0.012746765278279781
physics_guided_NN,100,3500,3,26,0.009785465184937824,0.013280166313052177
physics_guided_NN,100,3500,3,27,0.009043998290276663,0.014912255108356476
physics_guided_NN,100,3500,3,28,0.007436650733209469,0.013525307178497314
physics_guided_NN,100,3500,3,29,0.008473621837964112,0.011596978642046452
physics_guided_NN,100,3500,3,30,0.0070851496801796286,0.010307679884135723
physics_guided_NN,100,3500,3,31,0.0063435629624026746,0.010830504819750786
physics_guided_NN,100,3500,3,32,0.007193600955757905,0.011149588972330093
physics_guided_NN,100,3500,3,33,0.006356257524087348,0.009617175906896591
physics_guided_NN,100,3500,3,34,0.005878856420432302,0.011089908890426159
physics_guided_NN,100,3500,3,35,0.005954259746199982,0.010133221745491028
physics_guided_NN,100,3500,3,36,0.0054682733893225135,0.00859839003533125
physics_guided_NN,100,3500,3,37,0.0052225610876286575,0.008819272741675377
physics_guided_NN,100,3500,3,38,0.004503331665711647,0.007831777445971966
physics_guided_NN,100,3500,3,39,0.004370959217406132,0.009888334199786186
physics_guided_NN,100,3500,3,40,0.004119136942211877,0.009515813551843166
physics_guided_NN,100,3500,3,41,0.004184992986053905,0.009141061455011368
physics_guided_NN,100,3500,3,42,0.003998854335143485,0.008800379000604153
physics_guided_NN,100,3500,3,43,0.003849932187321511,0.007935288362205029
physics_guided_NN,100,3500,3,44,0.003902951799417761,0.008132480084896088
physics_guided_NN,100,3500,3,45,0.0032743862766603177,0.009201595559716225
physics_guided_NN,100,3500,3,46,0.004063010452823206,0.007241823710501194
physics_guided_NN,100,3500,3,47,0.0031098762781105256,0.007792515214532614
physics_guided_NN,100,3500,3,48,0.0033426225439391354,0.008713730610907078
physics_guided_NN,100,3500,3,49,0.003926907251165672,0.008542087860405445
physics_guided_NN,100,3500,3,50,0.0027220121859996157,0.007105155847966671
physics_guided_NN,100,3500,3,51,0.0037327870514921166,0.007739456836134195
physics_guided_NN,100,3500,3,52,0.00441847057081759,0.007483343128114939
physics_guided_NN,100,3500,3,53,0.003430564640174535,0.007196490652859211
physics_guided_NN,100,3500,3,54,0.0030232649084857917,0.006586587056517601
physics_guided_NN,100,3500,3,55,0.0028020234884355557,0.009047608822584152
physics_guided_NN,100,3500,3,56,0.0031821158206598323,0.006596870720386505
physics_guided_NN,100,3500,3,57,0.00253532822878862,0.007577534299343824
physics_guided_NN,100,3500,3,58,0.0024763828958384694,0.006691116839647293
physics_guided_NN,100,3500,3,59,0.002254883072931658,0.006039344239979982
physics_guided_NN,100,3500,3,60,0.002001877123786306,0.007225997280329466
physics_guided_NN,100,3500,3,61,0.0022626783455383373,0.006575896870344877
physics_guided_NN,100,3500,3,62,0.0025482192677869038,0.006900590378791094
physics_guided_NN,100,3500,3,63,0.0021715499778193507,0.006715040188282728
physics_guided_NN,100,3500,3,64,0.0024121014792895454,0.007593113463371992
physics_guided_NN,100,3500,3,65,0.0021083808874457397,0.006442680489271879
physics_guided_NN,100,3500,3,66,0.002602235835299573,0.006588593125343323
physics_guided_NN,100,3500,3,67,0.002381495150356469,0.0063787102699279785
physics_guided_NN,100,3500,3,68,0.002124900844964114,0.006155099719762802
physics_guided_NN,100,3500,3,69,0.0017922897357493639,0.0060400525107979774
physics_guided_NN,100,3500,3,70,0.002444632626561956,0.005849947687238455
physics_guided_NN,100,3500,3,71,0.001874012532855638,0.006175549700856209
physics_guided_NN,100,3500,3,72,0.002049775765573775,0.005623293109238148
physics_guided_NN,100,3500,3,73,0.001866752297659828,0.006371349561959505
physics_guided_NN,100,3500,3,74,0.0018505869517949495,0.006450688000768423
physics_guided_NN,100,3500,3,75,0.002100320451427251,0.005978286731988192
physics_guided_NN,100,3500,3,76,0.0028191652614623307,0.00512580294162035
physics_guided_NN,100,3500,3,77,0.0029084798964587127,0.006548778619617224
physics_guided_NN,100,3500,3,78,0.0021624317360957237,0.005696957930922508
physics_guided_NN,100,3500,3,79,0.0016847314196638762,0.00577321695163846
physics_guided_NN,100,3500,3,80,0.0017880337900185788,0.007196307647973299
physics_guided_NN,100,3500,3,81,0.0028558128502812574,0.006050941534340382
physics_guided_NN,100,3500,3,82,0.003639781556557864,0.005656325723975897
physics_guided_NN,100,3500,3,83,0.0028882972822016615,0.008311612531542778
physics_guided_NN,100,3500,3,84,0.0020004089508967645,0.006320800632238388
physics_guided_NN,100,3500,3,85,0.0019621277365579524,0.005750732030719519
physics_guided_NN,100,3500,3,86,0.00299240197266706,0.00733934435993433
physics_guided_NN,100,3500,3,87,0.004120609707156705,0.010899550281465054
physics_guided_NN,100,3500,3,88,0.00447193895127963,0.007263822015374899
physics_guided_NN,100,3500,3,89,0.004178251550448211,0.00937973614782095
physics_guided_NN,100,3500,3,90,0.002488100418651646,0.00692673260346055
physics_guided_NN,100,3500,3,91,0.0017288446595722978,0.007120048627257347
physics_guided_NN,100,3500,3,92,0.0019531177600253034,0.005229150876402855
physics_guided_NN,100,3500,3,93,0.0018681610733355311,0.005572773050516844
physics_guided_NN,100,3500,3,94,0.001908053518061272,0.005705319810658693
physics_guided_NN,100,3500,3,95,0.0023204216310246423,0.0057253469713032246
physics_guided_NN,100,3500,3,96,0.0020210929945195942,0.005945997312664986
physics_guided_NN,100,3500,3,97,0.002391846417661079,0.006260916590690613
physics_guided_NN,100,3500,3,98,0.0016394040325063872,0.009910096414387226
physics_guided_NN,100,3500,3,99,0.004082014415921135,0.010288413614034653
physics_guided_NN,100,3500,3,100,0.003836364913943478,0.007646635174751282
physics_guided_NN,100,3500,3,101,0.0018001763414676217,0.0071580056101083755
physics_guided_NN,100,3500,3,102,0.0016283710137940943,0.006849318742752075
physics_guided_NN,100,3500,3,103,0.001599848883184181,0.007965994998812675
physics_guided_NN,100,3500,3,104,0.0018366092392666773,0.0058594257570803165
physics_guided_NN,100,3500,3,105,0.0037777967835691843,0.00787342619150877
physics_guided_NN,100,3500,3,106,0.0035538520515811713,0.012006630189716816
physics_guided_NN,100,3500,3,107,0.013637196128679948,0.01905180886387825
physics_guided_NN,100,3500,3,108,0.007721445624801246,0.009560409002006054
physics_guided_NN,100,3500,3,109,0.0026649980953979222,0.007956117391586304
physics_guided_NN,100,3500,3,110,0.0016104949659413912,0.0072792284190654755
physics_guided_NN,100,3500,3,111,0.0015251537827266888,0.006549625191837549
physics_guided_NN,100,3500,3,112,0.001347954128868878,0.007431182079017162
physics_guided_NN,100,3500,3,113,0.0012984851883216337,0.006809434853494167
physics_guided_NN,100,3500,3,114,0.0012773045645603403,0.007076344918459654
physics_guided_NN,100,3500,3,115,0.001280424396761439,0.007331552915275097
physics_guided_NN,100,3500,3,116,0.001151773673270575,0.006847947835922241
physics_guided_NN,100,3500,3,117,0.0011183185460553928,0.006415135692805052
physics_guided_NN,100,3500,3,118,0.0010992702964523976,0.006346067413687706
physics_guided_NN,100,3500,3,119,0.0011166664157909426,0.006073895841836929
physics_guided_NN,100,3500,3,120,0.001407693920720538,0.006778951268643141
physics_guided_NN,100,3500,3,121,0.0013666286000939595,0.006710768211632967
physics_guided_NN,100,3500,3,122,0.0019634533652358433,0.0060896421782672405
physics_guided_NN,100,3500,3,123,0.001750219947743145,0.00592796690762043
physics_guided_NN,100,3500,3,124,0.0016222643697719006,0.005676616914570332
physics_guided_NN,100,3500,3,125,0.0011633802835025232,0.005468944553285837
physics_guided_NN,100,3500,3,126,0.0014020768417553468,0.005880643613636494
